ISO-10303-21;
HEADER;
/* Generated by software containing ST-Developer
 * from STEP Tools, Inc. (www.steptools.com) 
 */

FILE_DESCRIPTION(
/* description */ (''),
/* implementation_level */ '2;1');

FILE_NAME(
/* name */ 'Camera_Lid.step',
/* time_stamp */ '2026-09-29T23:14:54+02:00',
/* author */ (''),
/* organization */ (''),
/* preprocessor_version */ 'ST-DEVELOPER v20.2',
/* originating_system */ 'Autodesk Translation Framework v15.15.0.0',
/* authorisation */ '');

FILE_SCHEMA (('AUTOMOTIVE_DESIGN { 1 0 10303 214 3 1 1 }'));
ENDSEC;

DATA;
#10=MECHANICAL_DESIGN_GEOMETRIC_PRESENTATION_REPRESENTATION('',(#13),#2308);
#11=SHAPE_REPRESENTATION_RELATIONSHIP('SRR','None',#2315,#12);
#12=ADVANCED_BREP_SHAPE_REPRESENTATION('',(#14),#2307);
#13=STYLED_ITEM('',(#2324),#14);
#14=MANIFOLD_SOLID_BREP('Camera Lid',#772);
#15=B_SPLINE_SURFACE_WITH_KNOTS('',3,3,((#1578,#1579,#1580,#1581,#1582,
#1583,#1584,#1585,#1586,#1587,#1588,#1589,#1590,#1591,#1592,#1593,#1594,
#1595,#1596,#1597,#1598,#1599,#1600,#1601,#1602,#1603,#1604,#1605,#1606,
#1607,#1608,#1609,#1610,#1611),(#1612,#1613,#1614,#1615,#1616,#1617,#1618,
#1619,#1620,#1621,#1622,#1623,#1624,#1625,#1626,#1627,#1628,#1629,#1630,
#1631,#1632,#1633,#1634,#1635,#1636,#1637,#1638,#1639,#1640,#1641,#1642,
#1643,#1644,#1645),(#1646,#1647,#1648,#1649,#1650,#1651,#1652,#1653,#1654,
#1655,#1656,#1657,#1658,#1659,#1660,#1661,#1662,#1663,#1664,#1665,#1666,
#1667,#1668,#1669,#1670,#1671,#1672,#1673,#1674,#1675,#1676,#1677,#1678,
#1679),(#1680,#1681,#1682,#1683,#1684,#1685,#1686,#1687,#1688,#1689,#1690,
#1691,#1692,#1693,#1694,#1695,#1696,#1697,#1698,#1699,#1700,#1701,#1702,
#1703,#1704,#1705,#1706,#1707,#1708,#1709,#1710,#1711,#1712,#1713)),
 .UNSPECIFIED.,.F.,.T.,.F.,(4,4),(4,2,2,2,2,2,2,2,2,2,2,2,2,2,2,2,4),(0.,
1.),(0.,0.0499043596408025,0.099808719281605,0.149810102537206,0.199811485792807,
0.249856468525086,0.299901451257365,0.349810168611838,0.399718885966311,
0.449627603320784,0.499536320675257,0.549581303407536,0.599626286139816,
0.649627669395416,0.699629052651017,0.74953341229182,0.799437771932622),
 .UNSPECIFIED.);
#16=B_SPLINE_SURFACE_WITH_KNOTS('',3,3,((#1863,#1864,#1865,#1866,#1867,
#1868,#1869,#1870,#1871,#1872,#1873,#1874,#1875,#1876,#1877,#1878,#1879,
#1880,#1881,#1882,#1883,#1884,#1885,#1886,#1887,#1888,#1889,#1890,#1891,
#1892,#1893,#1894,#1895,#1896),(#1897,#1898,#1899,#1900,#1901,#1902,#1903,
#1904,#1905,#1906,#1907,#1908,#1909,#1910,#1911,#1912,#1913,#1914,#1915,
#1916,#1917,#1918,#1919,#1920,#1921,#1922,#1923,#1924,#1925,#1926,#1927,
#1928,#1929,#1930),(#1931,#1932,#1933,#1934,#1935,#1936,#1937,#1938,#1939,
#1940,#1941,#1942,#1943,#1944,#1945,#1946,#1947,#1948,#1949,#1950,#1951,
#1952,#1953,#1954,#1955,#1956,#1957,#1958,#1959,#1960,#1961,#1962,#1963,
#1964),(#1965,#1966,#1967,#1968,#1969,#1970,#1971,#1972,#1973,#1974,#1975,
#1976,#1977,#1978,#1979,#1980,#1981,#1982,#1983,#1984,#1985,#1986,#1987,
#1988,#1989,#1990,#1991,#1992,#1993,#1994,#1995,#1996,#1997,#1998)),
 .UNSPECIFIED.,.F.,.T.,.F.,(4,4),(4,2,2,2,2,2,2,2,2,2,2,2,2,2,2,2,4),(0.,
1.),(0.,0.0499246449871903,0.0998492899743806,0.149830388711824,0.199811487449267,
0.249821494341075,0.299831501232884,0.349775198899322,0.39971889656576,
0.449627613920233,0.499536331274705,0.549581314006985,0.599626296739264,
0.649627679994865,0.699629063250466,0.749533422891268,0.79943778253207),
 .UNSPECIFIED.);
#17=B_SPLINE_SURFACE_WITH_KNOTS('',3,3,((#2000,#2001,#2002,#2003,#2004,
#2005,#2006,#2007,#2008,#2009,#2010,#2011,#2012,#2013,#2014,#2015,#2016,
#2017,#2018,#2019,#2020,#2021,#2022,#2023,#2024,#2025,#2026,#2027,#2028,
#2029,#2030,#2031,#2032,#2033),(#2034,#2035,#2036,#2037,#2038,#2039,#2040,
#2041,#2042,#2043,#2044,#2045,#2046,#2047,#2048,#2049,#2050,#2051,#2052,
#2053,#2054,#2055,#2056,#2057,#2058,#2059,#2060,#2061,#2062,#2063,#2064,
#2065,#2066,#2067),(#2068,#2069,#2070,#2071,#2072,#2073,#2074,#2075,#2076,
#2077,#2078,#2079,#2080,#2081,#2082,#2083,#2084,#2085,#2086,#2087,#2088,
#2089,#2090,#2091,#2092,#2093,#2094,#2095,#2096,#2097,#2098,#2099,#2100,
#2101),(#2102,#2103,#2104,#2105,#2106,#2107,#2108,#2109,#2110,#2111,#2112,
#2113,#2114,#2115,#2116,#2117,#2118,#2119,#2120,#2121,#2122,#2123,#2124,
#2125,#2126,#2127,#2128,#2129,#2130,#2131,#2132,#2133,#2134,#2135)),
 .UNSPECIFIED.,.F.,.T.,.F.,(4,4),(4,2,2,2,2,2,2,2,2,2,2,2,2,2,2,2,4),(0.,
1.),(0.,0.0499029662472648,0.0998059324945295,0.150002056033051,0.200198179571572,
0.250328348706436,0.300458517841301,0.350354851153708,0.400251184466115,
0.450147517778522,0.50004385109093,0.550174020225794,0.600304189360659,
0.65050031289918,0.700696436437701,0.750599402684966,0.80050236893223),
 .UNSPECIFIED.);
#18=B_SPLINE_SURFACE_WITH_KNOTS('',3,3,((#2137,#2138,#2139,#2140,#2141,
#2142,#2143,#2144,#2145,#2146,#2147,#2148,#2149,#2150,#2151,#2152,#2153,
#2154,#2155,#2156,#2157,#2158,#2159,#2160,#2161,#2162,#2163,#2164,#2165,
#2166,#2167,#2168,#2169),(#2170,#2171,#2172,#2173,#2174,#2175,#2176,#2177,
#2178,#2179,#2180,#2181,#2182,#2183,#2184,#2185,#2186,#2187,#2188,#2189,
#2190,#2191,#2192,#2193,#2194,#2195,#2196,#2197,#2198,#2199,#2200,#2201,
#2202),(#2203,#2204,#2205,#2206,#2207,#2208,#2209,#2210,#2211,#2212,#2213,
#2214,#2215,#2216,#2217,#2218,#2219,#2220,#2221,#2222,#2223,#2224,#2225,
#2226,#2227,#2228,#2229,#2230,#2231,#2232,#2233,#2234,#2235),(#2236,#2237,
#2238,#2239,#2240,#2241,#2242,#2243,#2244,#2245,#2246,#2247,#2248,#2249,
#2250,#2251,#2252,#2253,#2254,#2255,#2256,#2257,#2258,#2259,#2260,#2261,
#2262,#2263,#2264,#2265,#2266,#2267,#2268)),.UNSPECIFIED.,.F.,.T.,.F.,(4,
4),(4,2,2,2,2,2,2,2,2,2,2,2,2,2,2,1,4),(0.,1.),(0.,0.049976508037304,0.099953016074608,
0.150075616700415,0.200198217326221,0.25027708398482,0.300355950643419,
0.350303592784557,0.400251234925695,0.450147568238102,0.50004390155051,
0.550174070685374,0.600304239820239,0.650500363358759,0.70069648689728,
0.750599453144545,0.80050241939181),.UNSPECIFIED.);
#19=B_SPLINE_CURVE_WITH_KNOTS('',3,(#1227,#1228,#1229,#1230,#1231,#1232,
#1233,#1234,#1235,#1236,#1237,#1238,#1239,#1240,#1241,#1242,#1243,#1244,
#1245,#1246,#1247,#1248,#1249,#1250,#1251,#1252),.UNSPECIFIED.,.F.,.F.,
(4,2,2,2,2,2,2,2,2,2,2,2,4),(0.,0.0499246449871903,0.0998492899743806,0.149830388711824,
0.199811487449267,0.249821494341075,0.299831501232884,0.349775198899322,
0.39971889656576,0.449627613920233,0.499536331274705,0.549581314006985,
0.588341596809581),.UNSPECIFIED.);
#20=B_SPLINE_CURVE_WITH_KNOTS('',3,(#1253,#1254,#1255,#1256,#1257,#1258,
#1259,#1260,#1261,#1262,#1263,#1264),.UNSPECIFIED.,.F.,.F.,(4,2,2,2,2,4),
(0.588341596809581,0.599626296739264,0.649627679994865,0.699629063250466,
0.749533422891268,0.79943778253207),.UNSPECIFIED.);
#21=B_SPLINE_CURVE_WITH_KNOTS('',3,(#1267,#1268,#1269,#1270,#1271,#1272,
#1273,#1274,#1275,#1276,#1277,#1278,#1279,#1280,#1281,#1282,#1283,#1284,
#1285),.UNSPECIFIED.,.F.,.F.,(4,2,2,2,3,2,2,2,4),(0.634700583106376,0.649677984735493,
0.699685154871018,0.74958909040737,0.799493025943722,0.849396961480074,
0.899300897016425,0.94930806715195,0.964285468781067),.UNSPECIFIED.);
#22=B_SPLINE_CURVE_WITH_KNOTS('',3,(#1290,#1291,#1292,#1293,#1294,#1295,
#1296,#1297,#1298,#1299,#1300,#1301),.UNSPECIFIED.,.F.,.F.,(4,2,2,2,2,4),
(0.341792775561641,0.376959728332323,0.471444866130975,0.565930003929627,
0.660106561536123,0.754283119142618),.UNSPECIFIED.);
#23=B_SPLINE_CURVE_WITH_KNOTS('',3,(#1304,#1305,#1306,#1307,#1308,#1309,
#1310,#1311,#1312,#1313,#1314,#1315),.UNSPECIFIED.,.F.,.F.,(4,2,2,2,2,4),
(0.754283119142618,0.848459676749114,0.94263623435561,1.03712137215426,
1.13160650995291,1.16677386179864),.UNSPECIFIED.);
#24=B_SPLINE_CURVE_WITH_KNOTS('',3,(#1321,#1322,#1323,#1324,#1325,#1326,
#1327,#1328,#1329,#1330,#1331,#1332,#1333,#1334,#1335,#1336,#1337,#1338,
#1339,#1340,#1341,#1342,#1343,#1344,#1345,#1346,#1347,#1348),
 .UNSPECIFIED.,.F.,.F.,(4,2,2,2,2,2,2,2,2,2,2,2,2,4),(0.,0.0499029662472648,
0.0998059324945295,0.150002056033051,0.200198179571572,0.250328348706436,
0.300458517841301,0.350354851153708,0.400251184466115,0.450147517778522,
0.50004385109093,0.550174020225794,0.600304189360659,0.61702174879677),
 .UNSPECIFIED.);
#25=B_SPLINE_CURVE_WITH_KNOTS('',3,(#1349,#1350,#1351,#1352,#1353,#1354,
#1355,#1356,#1357,#1358),.UNSPECIFIED.,.F.,.F.,(4,2,2,2,4),(0.61702174879677,
0.65050031289918,0.700696436437701,0.750599402684966,0.80050236893223),
 .UNSPECIFIED.);
#26=B_SPLINE_CURVE_WITH_KNOTS('',3,(#1364,#1365,#1366,#1367,#1368,#1369,
#1370,#1371,#1372,#1373,#1374,#1375,#1376,#1377,#1378,#1379),
 .UNSPECIFIED.,.F.,.F.,(4,2,2,2,2,2,2,4),(0.755353590750329,0.849495505832226,
0.943637420914122,1.03819621355717,1.13275500620022,1.22756391229169,1.32237281838317,
1.41410775293188),.UNSPECIFIED.);
#27=B_SPLINE_CURVE_WITH_KNOTS('',3,(#1382,#1383,#1384,#1385,#1386,#1387,
#1388,#1389,#1390,#1391,#1392,#1393,#1394,#1395,#1396,#1397),
 .UNSPECIFIED.,.F.,.F.,(4,2,2,2,2,2,2,4),(0.0965994285687746,0.188334363117493,
0.283143269208966,0.377952175300439,0.472510967943488,0.567069760586536,
0.661211675668433,0.755353590750329),.UNSPECIFIED.);
#28=B_SPLINE_CURVE_WITH_KNOTS('',3,(#1405,#1406,#1407,#1408,#1409,#1410,
#1411,#1412,#1413,#1414,#1415,#1416,#1417,#1418,#1419,#1420,#1421,#1422,
#1423,#1424,#1425,#1426,#1427,#1428,#1429,#1430),.UNSPECIFIED.,.F.,.F.,
(4,2,2,2,2,2,2,2,2,2,2,2,4),(0.,0.0499043596408025,0.099808719281605,0.149810102537206,
0.199811485792807,0.249856468525086,0.299901451257365,0.349810168611838,
0.399718885966311,0.449627603320784,0.499536320675257,0.549581303407536,
0.588341586210133),.UNSPECIFIED.);
#29=B_SPLINE_CURVE_WITH_KNOTS('',3,(#1431,#1432,#1433,#1434,#1435,#1436,
#1437,#1438,#1439,#1440,#1441,#1442),.UNSPECIFIED.,.F.,.F.,(4,2,2,2,2,4),
(0.588341586210133,0.599626286139816,0.649627669395416,0.699629052651017,
0.74953341229182,0.799437771932622),.UNSPECIFIED.);
#30=B_SPLINE_CURVE_WITH_KNOTS('',3,(#1445,#1446,#1447,#1448,#1449,#1450,
#1451,#1452,#1453,#1454,#1455,#1456,#1457,#1458,#1459,#1460,#1461,#1462,
#1463),.UNSPECIFIED.,.F.,.F.,(4,2,2,2,3,2,2,2,4),(0.634700572977035,0.649677974606152,
0.699685144741677,0.749589080278029,0.799493015814381,0.849396951350733,
0.899300886887085,0.94930805702261,0.964285458651726),.UNSPECIFIED.);
#31=B_SPLINE_CURVE_WITH_KNOTS('',3,(#1468,#1469,#1470,#1471,#1472,#1473,
#1474,#1475,#1476,#1477,#1478,#1479),.UNSPECIFIED.,.F.,.F.,(4,2,2,2,2,4),
(0.341792376330307,0.376959728176136,0.471444865974788,0.565930003773441,
0.660106561379936,0.754283118986432),.UNSPECIFIED.);
#32=B_SPLINE_CURVE_WITH_KNOTS('',3,(#1482,#1483,#1484,#1485,#1486,#1487,
#1488,#1489,#1490,#1491,#1492,#1493),.UNSPECIFIED.,.F.,.F.,(4,2,2,2,2,4),
(0.754283118986432,0.848459676592927,0.942636234199423,1.03712137199808,
1.13160650979673,1.16677386164259),.UNSPECIFIED.);
#33=B_SPLINE_CURVE_WITH_KNOTS('',3,(#1499,#1500,#1501,#1502,#1503,#1504,
#1505,#1506,#1507,#1508,#1509,#1510,#1511,#1512,#1513,#1514,#1515,#1516,
#1517,#1518,#1519,#1520,#1521,#1522,#1523,#1524,#1525,#1526),
 .UNSPECIFIED.,.F.,.F.,(4,2,2,2,2,2,2,2,2,2,2,2,2,4),(0.,0.049976508037304,
0.099953016074608,0.150075616700415,0.200198217326221,0.25027708398482,
0.300355950643419,0.350303592784557,0.400251234925695,0.450147568238102,
0.50004390155051,0.550174070685374,0.600304239820239,0.61702180197637),
 .UNSPECIFIED.);
#34=B_SPLINE_CURVE_WITH_KNOTS('',3,(#1527,#1528,#1529,#1530,#1531,#1532,
#1533,#1534,#1535),.UNSPECIFIED.,.F.,.F.,(4,2,2,1,4),(0.61702180197637,
0.650500363358759,0.70069648689728,0.750599453144545,0.80050241939181),
 .UNSPECIFIED.);
#35=B_SPLINE_CURVE_WITH_KNOTS('',3,(#1545,#1546,#1547,#1548,#1549,#1550,
#1551,#1552,#1553,#1554,#1555,#1556,#1557,#1558,#1559,#1560),
 .UNSPECIFIED.,.F.,.F.,(4,2,2,2,2,2,2,4),(0.755353590750328,0.849578836959912,
0.943804083169495,1.03827955052307,1.13275501787665,1.22756392396812,1.3223728300596,
1.41410776460832),.UNSPECIFIED.);
#36=B_SPLINE_CURVE_WITH_KNOTS('',3,(#1562,#1563,#1564,#1565,#1566,#1567,
#1568,#1569,#1570,#1571,#1572,#1573,#1574,#1575,#1576,#1577),
 .UNSPECIFIED.,.F.,.F.,(4,2,2,2,2,2,2,4),(0.0965994285687741,0.188334363117492,
0.283143269208966,0.377952175300439,0.472510967943487,0.567069760586535,
0.661211675668432,0.755353590750328),.UNSPECIFIED.);
#37=B_SPLINE_CURVE_WITH_KNOTS('',3,(#1716,#1717,#1718,#1719,#1720,#1721,
#1722,#1723,#1724,#1725,#1726,#1727,#1728,#1729,#1730,#1731,#1732,#1733,
#1734,#1735,#1736,#1737,#1738,#1739,#1740,#1741,#1742,#1743,#1744,#1745,
#1746,#1747,#1748,#1749),.UNSPECIFIED.,.T.,.F.,(4,2,2,2,2,2,2,2,2,2,2,2,
2,2,2,2,4),(-0.799437771932622,-0.74953341229182,-0.699629052651017,-0.649627669395416,
-0.599626286139816,-0.549581303407536,-0.499536320675257,-0.449627603320784,
-0.399718885966311,-0.349810168611838,-0.299901451257365,-0.249856468525086,
-0.199811485792807,-0.149810102537206,-0.099808719281605,-0.0499043596408025,
0.),.UNSPECIFIED.);
#38=B_SPLINE_CURVE_WITH_KNOTS('',3,(#1760,#1761,#1762,#1763,#1764,#1765,
#1766,#1767,#1768,#1769,#1770,#1771,#1772,#1773,#1774,#1775,#1776,#1777,
#1778,#1779,#1780,#1781,#1782,#1783,#1784,#1785,#1786,#1787,#1788,#1789,
#1790,#1791,#1792,#1793),.UNSPECIFIED.,.T.,.F.,(4,2,2,2,2,2,2,2,2,2,2,2,
2,2,2,2,4),(-0.79943778253207,-0.749533422891268,-0.699629063250466,-0.649627679994865,
-0.599626296739264,-0.549581314006985,-0.499536331274705,-0.449627613920233,
-0.39971889656576,-0.349775198899322,-0.299831501232884,-0.249821494341075,
-0.199811487449267,-0.149830388711824,-0.0998492899743806,-0.0499246449871903,
0.),.UNSPECIFIED.);
#39=B_SPLINE_CURVE_WITH_KNOTS('',3,(#1795,#1796,#1797,#1798,#1799,#1800,
#1801,#1802,#1803,#1804,#1805,#1806,#1807,#1808,#1809,#1810,#1811,#1812,
#1813,#1814,#1815,#1816,#1817,#1818,#1819,#1820,#1821,#1822,#1823,#1824,
#1825,#1826,#1827),.UNSPECIFIED.,.T.,.F.,(4,1,2,2,2,2,2,2,2,2,2,2,2,2,2,
2,4),(-0.80050241939181,-0.750599453144545,-0.70069648689728,-0.650500363358759,
-0.600304239820239,-0.550174070685374,-0.50004390155051,-0.450147568238102,
-0.400251234925695,-0.350303592784557,-0.300355950643419,-0.25027708398482,
-0.200198217326221,-0.150075616700415,-0.099953016074608,-0.049976508037304,
0.),.UNSPECIFIED.);
#40=B_SPLINE_CURVE_WITH_KNOTS('',3,(#1829,#1830,#1831,#1832,#1833,#1834,
#1835,#1836,#1837,#1838,#1839,#1840,#1841,#1842,#1843,#1844,#1845,#1846,
#1847,#1848,#1849,#1850,#1851,#1852,#1853,#1854,#1855,#1856,#1857,#1858,
#1859,#1860,#1861,#1862),.UNSPECIFIED.,.T.,.F.,(4,2,2,2,2,2,2,2,2,2,2,2,
2,2,2,2,4),(-0.80050236893223,-0.750599402684966,-0.700696436437701,-0.65050031289918,
-0.600304189360659,-0.550174020225794,-0.50004385109093,-0.450147517778522,
-0.400251184466115,-0.350354851153708,-0.300458517841301,-0.250328348706436,
-0.200198179571572,-0.150002056033051,-0.0998059324945295,-0.0499029662472648,
0.),.UNSPECIFIED.);
#41=CYLINDRICAL_SURFACE('',#822,1.325);
#42=CYLINDRICAL_SURFACE('',#824,2.5000000372529);
#43=CYLINDRICAL_SURFACE('',#826,1.325);
#44=CYLINDRICAL_SURFACE('',#827,2.5);
#45=CYLINDRICAL_SURFACE('',#829,1.325);
#46=CYLINDRICAL_SURFACE('',#831,2.5000000372529);
#47=CYLINDRICAL_SURFACE('',#833,1.325);
#48=CYLINDRICAL_SURFACE('',#834,2.5);
#49=CYLINDRICAL_SURFACE('',#836,77.0000011473894);
#50=CYLINDRICAL_SURFACE('',#841,74.6542039412101);
#51=FACE_BOUND('',#113,.T.);
#52=FACE_BOUND('',#117,.T.);
#53=FACE_BOUND('',#121,.T.);
#54=FACE_BOUND('',#125,.T.);
#55=FACE_BOUND('',#128,.T.);
#56=FACE_BOUND('',#133,.T.);
#57=FACE_BOUND('',#139,.T.);
#58=FACE_BOUND('',#140,.T.);
#59=FACE_BOUND('',#141,.T.);
#60=FACE_BOUND('',#142,.T.);
#61=FACE_BOUND('',#148,.T.);
#62=FACE_BOUND('',#149,.T.);
#63=PLANE('',#788);
#64=PLANE('',#797);
#65=PLANE('',#806);
#66=PLANE('',#815);
#67=PLANE('',#839);
#68=PLANE('',#843);
#69=PLANE('',#844);
#70=PLANE('',#845);
#71=PLANE('',#846);
#72=PLANE('',#847);
#73=PLANE('',#848);
#74=PLANE('',#849);
#75=PLANE('',#850);
#76=FACE_OUTER_BOUND('',#111,.T.);
#77=FACE_OUTER_BOUND('',#112,.T.);
#78=FACE_OUTER_BOUND('',#114,.T.);
#79=FACE_OUTER_BOUND('',#115,.T.);
#80=FACE_OUTER_BOUND('',#116,.T.);
#81=FACE_OUTER_BOUND('',#118,.T.);
#82=FACE_OUTER_BOUND('',#119,.T.);
#83=FACE_OUTER_BOUND('',#120,.T.);
#84=FACE_OUTER_BOUND('',#122,.T.);
#85=FACE_OUTER_BOUND('',#123,.T.);
#86=FACE_OUTER_BOUND('',#124,.T.);
#87=FACE_OUTER_BOUND('',#126,.T.);
#88=FACE_OUTER_BOUND('',#127,.T.);
#89=FACE_OUTER_BOUND('',#129,.T.);
#90=FACE_OUTER_BOUND('',#130,.T.);
#91=FACE_OUTER_BOUND('',#131,.T.);
#92=FACE_OUTER_BOUND('',#132,.T.);
#93=FACE_OUTER_BOUND('',#134,.T.);
#94=FACE_OUTER_BOUND('',#135,.T.);
#95=FACE_OUTER_BOUND('',#136,.T.);
#96=FACE_OUTER_BOUND('',#137,.T.);
#97=FACE_OUTER_BOUND('',#138,.T.);
#98=FACE_OUTER_BOUND('',#143,.T.);
#99=FACE_OUTER_BOUND('',#144,.T.);
#100=FACE_OUTER_BOUND('',#145,.T.);
#101=FACE_OUTER_BOUND('',#146,.T.);
#102=FACE_OUTER_BOUND('',#147,.T.);
#103=FACE_OUTER_BOUND('',#150,.T.);
#104=FACE_OUTER_BOUND('',#151,.T.);
#105=FACE_OUTER_BOUND('',#152,.T.);
#106=FACE_OUTER_BOUND('',#153,.T.);
#107=FACE_OUTER_BOUND('',#154,.T.);
#108=FACE_OUTER_BOUND('',#155,.T.);
#109=FACE_OUTER_BOUND('',#156,.T.);
#110=FACE_OUTER_BOUND('',#157,.T.);
#111=EDGE_LOOP('',(#499,#500,#501,#502));
#112=EDGE_LOOP('',(#503,#504,#505));
#113=EDGE_LOOP('',(#506,#507,#508));
#114=EDGE_LOOP('',(#509,#510,#511,#512));
#115=EDGE_LOOP('',(#513,#514,#515,#516));
#116=EDGE_LOOP('',(#517,#518,#519));
#117=EDGE_LOOP('',(#520,#521,#522));
#118=EDGE_LOOP('',(#523,#524,#525,#526));
#119=EDGE_LOOP('',(#527,#528,#529,#530));
#120=EDGE_LOOP('',(#531,#532,#533));
#121=EDGE_LOOP('',(#534,#535,#536));
#122=EDGE_LOOP('',(#537,#538,#539,#540));
#123=EDGE_LOOP('',(#541,#542,#543,#544));
#124=EDGE_LOOP('',(#545,#546,#547));
#125=EDGE_LOOP('',(#548,#549,#550));
#126=EDGE_LOOP('',(#551,#552,#553,#554));
#127=EDGE_LOOP('',(#555,#556,#557,#558,#559,#560,#561,#562,#563));
#128=EDGE_LOOP('',(#564,#565));
#129=EDGE_LOOP('',(#566,#567,#568,#569,#570,#571,#572,#573,#574,#575));
#130=EDGE_LOOP('',(#576,#577,#578,#579,#580,#581,#582,#583,#584));
#131=EDGE_LOOP('',(#585,#586,#587,#588,#589,#590,#591,#592,#593,#594,#595,
#596));
#132=EDGE_LOOP('',(#597,#598,#599,#600,#601,#602,#603,#604,#605));
#133=EDGE_LOOP('',(#606,#607));
#134=EDGE_LOOP('',(#608,#609,#610,#611,#612,#613,#614,#615,#616,#617));
#135=EDGE_LOOP('',(#618,#619,#620,#621,#622,#623,#624,#625,#626));
#136=EDGE_LOOP('',(#627,#628,#629,#630,#631,#632,#633,#634,#635,#636,#637,
#638));
#137=EDGE_LOOP('',(#639,#640,#641,#642,#643));
#138=EDGE_LOOP('',(#644,#645,#646,#647));
#139=EDGE_LOOP('',(#648));
#140=EDGE_LOOP('',(#649));
#141=EDGE_LOOP('',(#650));
#142=EDGE_LOOP('',(#651));
#143=EDGE_LOOP('',(#652,#653,#654,#655,#656));
#144=EDGE_LOOP('',(#657,#658,#659,#660,#661));
#145=EDGE_LOOP('',(#662,#663,#664,#665,#666));
#146=EDGE_LOOP('',(#667,#668,#669,#670,#671));
#147=EDGE_LOOP('',(#672,#673,#674,#675,#676,#677,#678,#679,#680,#681));
#148=EDGE_LOOP('',(#682,#683,#684,#685,#686));
#149=EDGE_LOOP('',(#687,#688,#689,#690,#691));
#150=EDGE_LOOP('',(#692,#693,#694,#695,#696,#697,#698,#699,#700,#701,#702,
#703));
#151=EDGE_LOOP('',(#704,#705));
#152=EDGE_LOOP('',(#706,#707));
#153=EDGE_LOOP('',(#708,#709,#710,#711));
#154=EDGE_LOOP('',(#712,#713,#714,#715,#716));
#155=EDGE_LOOP('',(#717,#718,#719,#720));
#156=EDGE_LOOP('',(#721,#722,#723,#724));
#157=EDGE_LOOP('',(#725,#726,#727,#728));
#158=CIRCLE('',#786,1.32500027939806);
#159=CIRCLE('',#787,1.32500027939806);
#160=CIRCLE('',#789,2.50000056441907);
#161=CIRCLE('',#790,2.50000056441907);
#162=CIRCLE('',#791,2.50000056441907);
#163=CIRCLE('',#792,1.32500027939806);
#164=CIRCLE('',#793,1.32500027939806);
#165=CIRCLE('',#794,2.50000056441907);
#166=CIRCLE('',#795,1.32500027939806);
#167=CIRCLE('',#796,1.32500027939806);
#168=CIRCLE('',#798,2.50000052716616);
#169=CIRCLE('',#799,2.50000052716616);
#170=CIRCLE('',#800,2.50000052716616);
#171=CIRCLE('',#801,1.32500027939806);
#172=CIRCLE('',#802,1.32500027939806);
#173=CIRCLE('',#803,2.50000052716616);
#174=CIRCLE('',#804,1.32500027939806);
#175=CIRCLE('',#805,1.32500027939806);
#176=CIRCLE('',#807,2.50000056441907);
#177=CIRCLE('',#808,2.50000056441907);
#178=CIRCLE('',#809,2.50000056441907);
#179=CIRCLE('',#810,1.32500027939806);
#180=CIRCLE('',#811,1.32500027939806);
#181=CIRCLE('',#812,2.50000056441907);
#182=CIRCLE('',#813,1.32500027939806);
#183=CIRCLE('',#814,1.32500027939806);
#184=CIRCLE('',#816,2.50000052716616);
#185=CIRCLE('',#817,2.50000052716616);
#186=CIRCLE('',#818,2.50000052716616);
#187=CIRCLE('',#819,1.32500027939806);
#188=CIRCLE('',#820,1.32500027939806);
#189=CIRCLE('',#821,2.50000052716616);
#190=CIRCLE('',#823,1.32500027939806);
#191=CIRCLE('',#825,2.50000056441907);
#192=CIRCLE('',#828,2.5);
#193=CIRCLE('',#830,1.32500027939806);
#194=CIRCLE('',#832,2.50000056441907);
#195=CIRCLE('',#835,2.5);
#196=CIRCLE('',#837,77.0000011473894);
#197=CIRCLE('',#838,77.0000011473894);
#198=CIRCLE('',#840,74.6542039412101);
#199=CIRCLE('',#842,74.6542039412101);
#200=LINE('',#1051,#251);
#201=LINE('',#1055,#252);
#202=LINE('',#1078,#253);
#203=LINE('',#1081,#254);
#204=LINE('',#1098,#255);
#205=LINE('',#1102,#256);
#206=LINE('',#1125,#257);
#207=LINE('',#1128,#258);
#208=LINE('',#1145,#259);
#209=LINE('',#1149,#260);
#210=LINE('',#1172,#261);
#211=LINE('',#1175,#262);
#212=LINE('',#1192,#263);
#213=LINE('',#1196,#264);
#214=LINE('',#1219,#265);
#215=LINE('',#1222,#266);
#216=LINE('',#1225,#267);
#217=LINE('',#1316,#268);
#218=LINE('',#1319,#269);
#219=LINE('',#1362,#270);
#220=LINE('',#1380,#271);
#221=LINE('',#1399,#272);
#222=LINE('',#1403,#273);
#223=LINE('',#1494,#274);
#224=LINE('',#1497,#275);
#225=LINE('',#1539,#276);
#226=LINE('',#1543,#277);
#227=LINE('',#1561,#278);
#228=LINE('',#1715,#279);
#229=LINE('',#1755,#280);
#230=LINE('',#1758,#281);
#231=LINE('',#1999,#282);
#232=LINE('',#2136,#283);
#233=LINE('',#2269,#284);
#234=LINE('',#2273,#285);
#235=LINE('',#2276,#286);
#236=LINE('',#2277,#287);
#237=LINE('',#2279,#288);
#238=LINE('',#2280,#289);
#239=LINE('',#2282,#290);
#240=LINE('',#2285,#291);
#241=LINE('',#2286,#292);
#242=LINE('',#2287,#293);
#243=LINE('',#2288,#294);
#244=LINE('',#2289,#295);
#245=LINE('',#2292,#296);
#246=LINE('',#2293,#297);
#247=LINE('',#2294,#298);
#248=LINE('',#2295,#299);
#249=LINE('',#2299,#300);
#250=LINE('',#2301,#301);
#251=VECTOR('',#853,10.);
#252=VECTOR('',#856,10.);
#253=VECTOR('',#871,10.);
#254=VECTOR('',#874,10.);
#255=VECTOR('',#875,10.);
#256=VECTOR('',#878,10.);
#257=VECTOR('',#893,10.);
#258=VECTOR('',#896,10.);
#259=VECTOR('',#897,10.);
#260=VECTOR('',#900,10.);
#261=VECTOR('',#915,10.);
#262=VECTOR('',#918,10.);
#263=VECTOR('',#919,10.);
#264=VECTOR('',#922,10.);
#265=VECTOR('',#937,10.);
#266=VECTOR('',#940,10.);
#267=VECTOR('',#943,1.125);
#268=VECTOR('',#950,2.5000000372529);
#269=VECTOR('',#953,1.125);
#270=VECTOR('',#956,10.);
#271=VECTOR('',#957,2.5);
#272=VECTOR('',#958,10.);
#273=VECTOR('',#963,1.125);
#274=VECTOR('',#970,2.5000000372529);
#275=VECTOR('',#973,1.125);
#276=VECTOR('',#976,10.);
#277=VECTOR('',#979,10.);
#278=VECTOR('',#980,2.5);
#279=VECTOR('',#981,10.);
#280=VECTOR('',#986,10.);
#281=VECTOR('',#989,10.);
#282=VECTOR('',#990,10.);
#283=VECTOR('',#991,10.);
#284=VECTOR('',#992,10.);
#285=VECTOR('',#995,10.);
#286=VECTOR('',#998,10.);
#287=VECTOR('',#999,10.);
#288=VECTOR('',#1002,10.);
#289=VECTOR('',#1003,10.);
#290=VECTOR('',#1004,10.);
#291=VECTOR('',#1007,10.);
#292=VECTOR('',#1008,10.);
#293=VECTOR('',#1009,10.);
#294=VECTOR('',#1010,10.);
#295=VECTOR('',#1011,10.);
#296=VECTOR('',#1014,10.);
#297=VECTOR('',#1015,10.);
#298=VECTOR('',#1016,10.);
#299=VECTOR('',#1017,10.);
#300=VECTOR('',#1024,10.);
#301=VECTOR('',#1027,10.);
#302=VERTEX_POINT('',#1049);
#303=VERTEX_POINT('',#1050);
#304=VERTEX_POINT('',#1052);
#305=VERTEX_POINT('',#1054);
#306=VERTEX_POINT('',#1058);
#307=VERTEX_POINT('',#1059);
#308=VERTEX_POINT('',#1061);
#309=VERTEX_POINT('',#1064);
#310=VERTEX_POINT('',#1077);
#311=VERTEX_POINT('',#1079);
#312=VERTEX_POINT('',#1096);
#313=VERTEX_POINT('',#1097);
#314=VERTEX_POINT('',#1099);
#315=VERTEX_POINT('',#1101);
#316=VERTEX_POINT('',#1105);
#317=VERTEX_POINT('',#1106);
#318=VERTEX_POINT('',#1108);
#319=VERTEX_POINT('',#1111);
#320=VERTEX_POINT('',#1124);
#321=VERTEX_POINT('',#1126);
#322=VERTEX_POINT('',#1143);
#323=VERTEX_POINT('',#1144);
#324=VERTEX_POINT('',#1146);
#325=VERTEX_POINT('',#1148);
#326=VERTEX_POINT('',#1152);
#327=VERTEX_POINT('',#1153);
#328=VERTEX_POINT('',#1155);
#329=VERTEX_POINT('',#1158);
#330=VERTEX_POINT('',#1171);
#331=VERTEX_POINT('',#1173);
#332=VERTEX_POINT('',#1190);
#333=VERTEX_POINT('',#1191);
#334=VERTEX_POINT('',#1193);
#335=VERTEX_POINT('',#1195);
#336=VERTEX_POINT('',#1199);
#337=VERTEX_POINT('',#1200);
#338=VERTEX_POINT('',#1202);
#339=VERTEX_POINT('',#1205);
#340=VERTEX_POINT('',#1218);
#341=VERTEX_POINT('',#1220);
#342=VERTEX_POINT('',#1224);
#343=VERTEX_POINT('',#1226);
#344=VERTEX_POINT('',#1265);
#345=VERTEX_POINT('',#1266);
#346=VERTEX_POINT('',#1288);
#347=VERTEX_POINT('',#1289);
#348=VERTEX_POINT('',#1302);
#349=VERTEX_POINT('',#1318);
#350=VERTEX_POINT('',#1320);
#351=VERTEX_POINT('',#1360);
#352=VERTEX_POINT('',#1361);
#353=VERTEX_POINT('',#1363);
#354=VERTEX_POINT('',#1381);
#355=VERTEX_POINT('',#1398);
#356=VERTEX_POINT('',#1402);
#357=VERTEX_POINT('',#1404);
#358=VERTEX_POINT('',#1443);
#359=VERTEX_POINT('',#1444);
#360=VERTEX_POINT('',#1466);
#361=VERTEX_POINT('',#1467);
#362=VERTEX_POINT('',#1480);
#363=VERTEX_POINT('',#1496);
#364=VERTEX_POINT('',#1498);
#365=VERTEX_POINT('',#1537);
#366=VERTEX_POINT('',#1538);
#367=VERTEX_POINT('',#1540);
#368=VERTEX_POINT('',#1542);
#369=VERTEX_POINT('',#1544);
#370=VERTEX_POINT('',#1714);
#371=VERTEX_POINT('',#1751);
#372=VERTEX_POINT('',#1752);
#373=VERTEX_POINT('',#1754);
#374=VERTEX_POINT('',#1756);
#375=VERTEX_POINT('',#1759);
#376=VERTEX_POINT('',#1794);
#377=VERTEX_POINT('',#1828);
#378=VERTEX_POINT('',#2271);
#379=VERTEX_POINT('',#2272);
#380=VERTEX_POINT('',#2274);
#381=VERTEX_POINT('',#2281);
#382=VERTEX_POINT('',#2283);
#383=VERTEX_POINT('',#2291);
#384=EDGE_CURVE('',#302,#303,#200,.T.);
#385=EDGE_CURVE('',#302,#304,#158,.T.);
#386=EDGE_CURVE('',#305,#304,#201,.T.);
#387=EDGE_CURVE('',#305,#303,#159,.F.);
#388=EDGE_CURVE('',#306,#307,#160,.T.);
#389=EDGE_CURVE('',#308,#306,#161,.T.);
#390=EDGE_CURVE('',#307,#308,#162,.T.);
#391=EDGE_CURVE('',#304,#309,#163,.T.);
#392=EDGE_CURVE('',#309,#302,#164,.T.);
#393=EDGE_CURVE('',#310,#306,#202,.T.);
#394=EDGE_CURVE('',#310,#311,#165,.T.);
#395=EDGE_CURVE('',#308,#311,#203,.T.);
#396=EDGE_CURVE('',#312,#313,#204,.T.);
#397=EDGE_CURVE('',#312,#314,#166,.T.);
#398=EDGE_CURVE('',#315,#314,#205,.T.);
#399=EDGE_CURVE('',#315,#313,#167,.F.);
#400=EDGE_CURVE('',#316,#317,#168,.T.);
#401=EDGE_CURVE('',#318,#316,#169,.T.);
#402=EDGE_CURVE('',#317,#318,#170,.T.);
#403=EDGE_CURVE('',#314,#319,#171,.T.);
#404=EDGE_CURVE('',#319,#312,#172,.T.);
#405=EDGE_CURVE('',#320,#316,#206,.T.);
#406=EDGE_CURVE('',#320,#321,#173,.T.);
#407=EDGE_CURVE('',#318,#321,#207,.T.);
#408=EDGE_CURVE('',#322,#323,#208,.T.);
#409=EDGE_CURVE('',#322,#324,#174,.T.);
#410=EDGE_CURVE('',#325,#324,#209,.T.);
#411=EDGE_CURVE('',#325,#323,#175,.F.);
#412=EDGE_CURVE('',#326,#327,#176,.T.);
#413=EDGE_CURVE('',#328,#326,#177,.T.);
#414=EDGE_CURVE('',#327,#328,#178,.T.);
#415=EDGE_CURVE('',#324,#329,#179,.T.);
#416=EDGE_CURVE('',#329,#322,#180,.T.);
#417=EDGE_CURVE('',#330,#326,#210,.T.);
#418=EDGE_CURVE('',#330,#331,#181,.T.);
#419=EDGE_CURVE('',#328,#331,#211,.T.);
#420=EDGE_CURVE('',#332,#333,#212,.T.);
#421=EDGE_CURVE('',#332,#334,#182,.T.);
#422=EDGE_CURVE('',#335,#334,#213,.T.);
#423=EDGE_CURVE('',#335,#333,#183,.F.);
#424=EDGE_CURVE('',#336,#337,#184,.T.);
#425=EDGE_CURVE('',#338,#336,#185,.T.);
#426=EDGE_CURVE('',#337,#338,#186,.T.);
#427=EDGE_CURVE('',#334,#339,#187,.T.);
#428=EDGE_CURVE('',#339,#332,#188,.T.);
#429=EDGE_CURVE('',#340,#336,#214,.T.);
#430=EDGE_CURVE('',#340,#341,#189,.T.);
#431=EDGE_CURVE('',#338,#341,#215,.T.);
#432=EDGE_CURVE('',#309,#342,#216,.T.);
#433=EDGE_CURVE('',#343,#342,#19,.T.);
#434=EDGE_CURVE('',#342,#343,#20,.T.);
#435=EDGE_CURVE('',#344,#345,#21,.T.);
#436=EDGE_CURVE('',#345,#344,#190,.T.);
#437=EDGE_CURVE('',#346,#347,#22,.T.);
#438=EDGE_CURVE('',#348,#346,#191,.T.);
#439=EDGE_CURVE('',#347,#348,#23,.T.);
#440=EDGE_CURVE('',#347,#307,#217,.T.);
#441=EDGE_CURVE('',#319,#349,#218,.T.);
#442=EDGE_CURVE('',#350,#349,#24,.T.);
#443=EDGE_CURVE('',#349,#350,#25,.T.);
#444=EDGE_CURVE('',#351,#352,#219,.T.);
#445=EDGE_CURVE('',#353,#352,#26,.T.);
#446=EDGE_CURVE('',#353,#317,#220,.T.);
#447=EDGE_CURVE('',#354,#353,#27,.T.);
#448=EDGE_CURVE('',#354,#355,#221,.T.);
#449=EDGE_CURVE('',#355,#351,#192,.T.);
#450=EDGE_CURVE('',#329,#356,#222,.T.);
#451=EDGE_CURVE('',#357,#356,#28,.T.);
#452=EDGE_CURVE('',#356,#357,#29,.T.);
#453=EDGE_CURVE('',#358,#359,#30,.T.);
#454=EDGE_CURVE('',#359,#358,#193,.T.);
#455=EDGE_CURVE('',#360,#361,#31,.T.);
#456=EDGE_CURVE('',#362,#360,#194,.T.);
#457=EDGE_CURVE('',#361,#362,#32,.T.);
#458=EDGE_CURVE('',#361,#327,#223,.T.);
#459=EDGE_CURVE('',#339,#363,#224,.T.);
#460=EDGE_CURVE('',#364,#363,#33,.T.);
#461=EDGE_CURVE('',#363,#364,#34,.T.);
#462=EDGE_CURVE('',#365,#366,#225,.T.);
#463=EDGE_CURVE('',#366,#367,#195,.T.);
#464=EDGE_CURVE('',#367,#368,#226,.T.);
#465=EDGE_CURVE('',#369,#368,#35,.T.);
#466=EDGE_CURVE('',#369,#337,#227,.T.);
#467=EDGE_CURVE('',#365,#369,#36,.T.);
#468=EDGE_CURVE('',#370,#357,#228,.T.);
#469=EDGE_CURVE('',#370,#370,#37,.T.);
#470=EDGE_CURVE('',#371,#372,#196,.T.);
#471=EDGE_CURVE('',#373,#372,#229,.T.);
#472=EDGE_CURVE('',#373,#374,#197,.T.);
#473=EDGE_CURVE('',#374,#371,#230,.T.);
#474=EDGE_CURVE('',#375,#375,#38,.T.);
#475=EDGE_CURVE('',#376,#376,#39,.T.);
#476=EDGE_CURVE('',#377,#377,#40,.T.);
#477=EDGE_CURVE('',#375,#343,#231,.T.);
#478=EDGE_CURVE('',#377,#350,#232,.T.);
#479=EDGE_CURVE('',#376,#364,#233,.T.);
#480=EDGE_CURVE('',#378,#379,#234,.T.);
#481=EDGE_CURVE('',#380,#378,#198,.T.);
#482=EDGE_CURVE('',#372,#380,#235,.T.);
#483=EDGE_CURVE('',#379,#371,#236,.T.);
#484=EDGE_CURVE('',#378,#365,#237,.T.);
#485=EDGE_CURVE('',#368,#354,#238,.T.);
#486=EDGE_CURVE('',#352,#381,#239,.T.);
#487=EDGE_CURVE('',#381,#382,#199,.T.);
#488=EDGE_CURVE('',#382,#380,#240,.T.);
#489=EDGE_CURVE('',#345,#346,#241,.T.);
#490=EDGE_CURVE('',#348,#344,#242,.T.);
#491=EDGE_CURVE('',#359,#360,#243,.T.);
#492=EDGE_CURVE('',#362,#358,#244,.T.);
#493=EDGE_CURVE('',#383,#379,#245,.T.);
#494=EDGE_CURVE('',#381,#383,#246,.T.);
#495=EDGE_CURVE('',#355,#351,#247,.T.);
#496=EDGE_CURVE('',#366,#367,#248,.T.);
#497=EDGE_CURVE('',#383,#374,#249,.T.);
#498=EDGE_CURVE('',#382,#373,#250,.T.);
#499=ORIENTED_EDGE('',*,*,#384,.F.);
#500=ORIENTED_EDGE('',*,*,#385,.T.);
#501=ORIENTED_EDGE('',*,*,#386,.F.);
#502=ORIENTED_EDGE('',*,*,#387,.T.);
#503=ORIENTED_EDGE('',*,*,#388,.F.);
#504=ORIENTED_EDGE('',*,*,#389,.F.);
#505=ORIENTED_EDGE('',*,*,#390,.F.);
#506=ORIENTED_EDGE('',*,*,#391,.F.);
#507=ORIENTED_EDGE('',*,*,#385,.F.);
#508=ORIENTED_EDGE('',*,*,#392,.F.);
#509=ORIENTED_EDGE('',*,*,#393,.F.);
#510=ORIENTED_EDGE('',*,*,#394,.T.);
#511=ORIENTED_EDGE('',*,*,#395,.F.);
#512=ORIENTED_EDGE('',*,*,#389,.T.);
#513=ORIENTED_EDGE('',*,*,#396,.F.);
#514=ORIENTED_EDGE('',*,*,#397,.T.);
#515=ORIENTED_EDGE('',*,*,#398,.F.);
#516=ORIENTED_EDGE('',*,*,#399,.T.);
#517=ORIENTED_EDGE('',*,*,#400,.F.);
#518=ORIENTED_EDGE('',*,*,#401,.F.);
#519=ORIENTED_EDGE('',*,*,#402,.F.);
#520=ORIENTED_EDGE('',*,*,#403,.F.);
#521=ORIENTED_EDGE('',*,*,#397,.F.);
#522=ORIENTED_EDGE('',*,*,#404,.F.);
#523=ORIENTED_EDGE('',*,*,#405,.F.);
#524=ORIENTED_EDGE('',*,*,#406,.T.);
#525=ORIENTED_EDGE('',*,*,#407,.F.);
#526=ORIENTED_EDGE('',*,*,#401,.T.);
#527=ORIENTED_EDGE('',*,*,#408,.F.);
#528=ORIENTED_EDGE('',*,*,#409,.T.);
#529=ORIENTED_EDGE('',*,*,#410,.F.);
#530=ORIENTED_EDGE('',*,*,#411,.T.);
#531=ORIENTED_EDGE('',*,*,#412,.F.);
#532=ORIENTED_EDGE('',*,*,#413,.F.);
#533=ORIENTED_EDGE('',*,*,#414,.F.);
#534=ORIENTED_EDGE('',*,*,#415,.F.);
#535=ORIENTED_EDGE('',*,*,#409,.F.);
#536=ORIENTED_EDGE('',*,*,#416,.F.);
#537=ORIENTED_EDGE('',*,*,#417,.F.);
#538=ORIENTED_EDGE('',*,*,#418,.T.);
#539=ORIENTED_EDGE('',*,*,#419,.F.);
#540=ORIENTED_EDGE('',*,*,#413,.T.);
#541=ORIENTED_EDGE('',*,*,#420,.F.);
#542=ORIENTED_EDGE('',*,*,#421,.T.);
#543=ORIENTED_EDGE('',*,*,#422,.F.);
#544=ORIENTED_EDGE('',*,*,#423,.T.);
#545=ORIENTED_EDGE('',*,*,#424,.F.);
#546=ORIENTED_EDGE('',*,*,#425,.F.);
#547=ORIENTED_EDGE('',*,*,#426,.F.);
#548=ORIENTED_EDGE('',*,*,#427,.F.);
#549=ORIENTED_EDGE('',*,*,#421,.F.);
#550=ORIENTED_EDGE('',*,*,#428,.F.);
#551=ORIENTED_EDGE('',*,*,#429,.F.);
#552=ORIENTED_EDGE('',*,*,#430,.T.);
#553=ORIENTED_EDGE('',*,*,#431,.F.);
#554=ORIENTED_EDGE('',*,*,#425,.T.);
#555=ORIENTED_EDGE('',*,*,#386,.T.);
#556=ORIENTED_EDGE('',*,*,#391,.T.);
#557=ORIENTED_EDGE('',*,*,#432,.T.);
#558=ORIENTED_EDGE('',*,*,#433,.F.);
#559=ORIENTED_EDGE('',*,*,#434,.F.);
#560=ORIENTED_EDGE('',*,*,#432,.F.);
#561=ORIENTED_EDGE('',*,*,#392,.T.);
#562=ORIENTED_EDGE('',*,*,#384,.T.);
#563=ORIENTED_EDGE('',*,*,#387,.F.);
#564=ORIENTED_EDGE('',*,*,#435,.F.);
#565=ORIENTED_EDGE('',*,*,#436,.F.);
#566=ORIENTED_EDGE('',*,*,#437,.F.);
#567=ORIENTED_EDGE('',*,*,#438,.F.);
#568=ORIENTED_EDGE('',*,*,#439,.F.);
#569=ORIENTED_EDGE('',*,*,#440,.T.);
#570=ORIENTED_EDGE('',*,*,#390,.T.);
#571=ORIENTED_EDGE('',*,*,#395,.T.);
#572=ORIENTED_EDGE('',*,*,#394,.F.);
#573=ORIENTED_EDGE('',*,*,#393,.T.);
#574=ORIENTED_EDGE('',*,*,#388,.T.);
#575=ORIENTED_EDGE('',*,*,#440,.F.);
#576=ORIENTED_EDGE('',*,*,#398,.T.);
#577=ORIENTED_EDGE('',*,*,#403,.T.);
#578=ORIENTED_EDGE('',*,*,#441,.T.);
#579=ORIENTED_EDGE('',*,*,#442,.F.);
#580=ORIENTED_EDGE('',*,*,#443,.F.);
#581=ORIENTED_EDGE('',*,*,#441,.F.);
#582=ORIENTED_EDGE('',*,*,#404,.T.);
#583=ORIENTED_EDGE('',*,*,#396,.T.);
#584=ORIENTED_EDGE('',*,*,#399,.F.);
#585=ORIENTED_EDGE('',*,*,#444,.T.);
#586=ORIENTED_EDGE('',*,*,#445,.F.);
#587=ORIENTED_EDGE('',*,*,#446,.T.);
#588=ORIENTED_EDGE('',*,*,#402,.T.);
#589=ORIENTED_EDGE('',*,*,#407,.T.);
#590=ORIENTED_EDGE('',*,*,#406,.F.);
#591=ORIENTED_EDGE('',*,*,#405,.T.);
#592=ORIENTED_EDGE('',*,*,#400,.T.);
#593=ORIENTED_EDGE('',*,*,#446,.F.);
#594=ORIENTED_EDGE('',*,*,#447,.F.);
#595=ORIENTED_EDGE('',*,*,#448,.T.);
#596=ORIENTED_EDGE('',*,*,#449,.T.);
#597=ORIENTED_EDGE('',*,*,#410,.T.);
#598=ORIENTED_EDGE('',*,*,#415,.T.);
#599=ORIENTED_EDGE('',*,*,#450,.T.);
#600=ORIENTED_EDGE('',*,*,#451,.F.);
#601=ORIENTED_EDGE('',*,*,#452,.F.);
#602=ORIENTED_EDGE('',*,*,#450,.F.);
#603=ORIENTED_EDGE('',*,*,#416,.T.);
#604=ORIENTED_EDGE('',*,*,#408,.T.);
#605=ORIENTED_EDGE('',*,*,#411,.F.);
#606=ORIENTED_EDGE('',*,*,#453,.F.);
#607=ORIENTED_EDGE('',*,*,#454,.F.);
#608=ORIENTED_EDGE('',*,*,#455,.F.);
#609=ORIENTED_EDGE('',*,*,#456,.F.);
#610=ORIENTED_EDGE('',*,*,#457,.F.);
#611=ORIENTED_EDGE('',*,*,#458,.T.);
#612=ORIENTED_EDGE('',*,*,#414,.T.);
#613=ORIENTED_EDGE('',*,*,#419,.T.);
#614=ORIENTED_EDGE('',*,*,#418,.F.);
#615=ORIENTED_EDGE('',*,*,#417,.T.);
#616=ORIENTED_EDGE('',*,*,#412,.T.);
#617=ORIENTED_EDGE('',*,*,#458,.F.);
#618=ORIENTED_EDGE('',*,*,#422,.T.);
#619=ORIENTED_EDGE('',*,*,#427,.T.);
#620=ORIENTED_EDGE('',*,*,#459,.T.);
#621=ORIENTED_EDGE('',*,*,#460,.F.);
#622=ORIENTED_EDGE('',*,*,#461,.F.);
#623=ORIENTED_EDGE('',*,*,#459,.F.);
#624=ORIENTED_EDGE('',*,*,#428,.T.);
#625=ORIENTED_EDGE('',*,*,#420,.T.);
#626=ORIENTED_EDGE('',*,*,#423,.F.);
#627=ORIENTED_EDGE('',*,*,#462,.T.);
#628=ORIENTED_EDGE('',*,*,#463,.T.);
#629=ORIENTED_EDGE('',*,*,#464,.T.);
#630=ORIENTED_EDGE('',*,*,#465,.F.);
#631=ORIENTED_EDGE('',*,*,#466,.T.);
#632=ORIENTED_EDGE('',*,*,#426,.T.);
#633=ORIENTED_EDGE('',*,*,#431,.T.);
#634=ORIENTED_EDGE('',*,*,#430,.F.);
#635=ORIENTED_EDGE('',*,*,#429,.T.);
#636=ORIENTED_EDGE('',*,*,#424,.T.);
#637=ORIENTED_EDGE('',*,*,#466,.F.);
#638=ORIENTED_EDGE('',*,*,#467,.F.);
#639=ORIENTED_EDGE('',*,*,#468,.T.);
#640=ORIENTED_EDGE('',*,*,#451,.T.);
#641=ORIENTED_EDGE('',*,*,#452,.T.);
#642=ORIENTED_EDGE('',*,*,#468,.F.);
#643=ORIENTED_EDGE('',*,*,#469,.T.);
#644=ORIENTED_EDGE('',*,*,#470,.T.);
#645=ORIENTED_EDGE('',*,*,#471,.F.);
#646=ORIENTED_EDGE('',*,*,#472,.T.);
#647=ORIENTED_EDGE('',*,*,#473,.T.);
#648=ORIENTED_EDGE('',*,*,#474,.F.);
#649=ORIENTED_EDGE('',*,*,#475,.F.);
#650=ORIENTED_EDGE('',*,*,#476,.F.);
#651=ORIENTED_EDGE('',*,*,#469,.F.);
#652=ORIENTED_EDGE('',*,*,#477,.T.);
#653=ORIENTED_EDGE('',*,*,#433,.T.);
#654=ORIENTED_EDGE('',*,*,#434,.T.);
#655=ORIENTED_EDGE('',*,*,#477,.F.);
#656=ORIENTED_EDGE('',*,*,#474,.T.);
#657=ORIENTED_EDGE('',*,*,#478,.T.);
#658=ORIENTED_EDGE('',*,*,#442,.T.);
#659=ORIENTED_EDGE('',*,*,#443,.T.);
#660=ORIENTED_EDGE('',*,*,#478,.F.);
#661=ORIENTED_EDGE('',*,*,#476,.T.);
#662=ORIENTED_EDGE('',*,*,#479,.T.);
#663=ORIENTED_EDGE('',*,*,#460,.T.);
#664=ORIENTED_EDGE('',*,*,#461,.T.);
#665=ORIENTED_EDGE('',*,*,#479,.F.);
#666=ORIENTED_EDGE('',*,*,#475,.T.);
#667=ORIENTED_EDGE('',*,*,#480,.F.);
#668=ORIENTED_EDGE('',*,*,#481,.F.);
#669=ORIENTED_EDGE('',*,*,#482,.F.);
#670=ORIENTED_EDGE('',*,*,#470,.F.);
#671=ORIENTED_EDGE('',*,*,#483,.F.);
#672=ORIENTED_EDGE('',*,*,#481,.T.);
#673=ORIENTED_EDGE('',*,*,#484,.T.);
#674=ORIENTED_EDGE('',*,*,#467,.T.);
#675=ORIENTED_EDGE('',*,*,#465,.T.);
#676=ORIENTED_EDGE('',*,*,#485,.T.);
#677=ORIENTED_EDGE('',*,*,#447,.T.);
#678=ORIENTED_EDGE('',*,*,#445,.T.);
#679=ORIENTED_EDGE('',*,*,#486,.T.);
#680=ORIENTED_EDGE('',*,*,#487,.T.);
#681=ORIENTED_EDGE('',*,*,#488,.T.);
#682=ORIENTED_EDGE('',*,*,#435,.T.);
#683=ORIENTED_EDGE('',*,*,#489,.T.);
#684=ORIENTED_EDGE('',*,*,#437,.T.);
#685=ORIENTED_EDGE('',*,*,#439,.T.);
#686=ORIENTED_EDGE('',*,*,#490,.T.);
#687=ORIENTED_EDGE('',*,*,#453,.T.);
#688=ORIENTED_EDGE('',*,*,#491,.T.);
#689=ORIENTED_EDGE('',*,*,#455,.T.);
#690=ORIENTED_EDGE('',*,*,#457,.T.);
#691=ORIENTED_EDGE('',*,*,#492,.T.);
#692=ORIENTED_EDGE('',*,*,#480,.T.);
#693=ORIENTED_EDGE('',*,*,#493,.F.);
#694=ORIENTED_EDGE('',*,*,#494,.F.);
#695=ORIENTED_EDGE('',*,*,#486,.F.);
#696=ORIENTED_EDGE('',*,*,#444,.F.);
#697=ORIENTED_EDGE('',*,*,#495,.F.);
#698=ORIENTED_EDGE('',*,*,#448,.F.);
#699=ORIENTED_EDGE('',*,*,#485,.F.);
#700=ORIENTED_EDGE('',*,*,#464,.F.);
#701=ORIENTED_EDGE('',*,*,#496,.F.);
#702=ORIENTED_EDGE('',*,*,#462,.F.);
#703=ORIENTED_EDGE('',*,*,#484,.F.);
#704=ORIENTED_EDGE('',*,*,#463,.F.);
#705=ORIENTED_EDGE('',*,*,#496,.T.);
#706=ORIENTED_EDGE('',*,*,#449,.F.);
#707=ORIENTED_EDGE('',*,*,#495,.T.);
#708=ORIENTED_EDGE('',*,*,#483,.T.);
#709=ORIENTED_EDGE('',*,*,#473,.F.);
#710=ORIENTED_EDGE('',*,*,#497,.F.);
#711=ORIENTED_EDGE('',*,*,#493,.T.);
#712=ORIENTED_EDGE('',*,*,#497,.T.);
#713=ORIENTED_EDGE('',*,*,#472,.F.);
#714=ORIENTED_EDGE('',*,*,#498,.F.);
#715=ORIENTED_EDGE('',*,*,#487,.F.);
#716=ORIENTED_EDGE('',*,*,#494,.T.);
#717=ORIENTED_EDGE('',*,*,#482,.T.);
#718=ORIENTED_EDGE('',*,*,#488,.F.);
#719=ORIENTED_EDGE('',*,*,#498,.T.);
#720=ORIENTED_EDGE('',*,*,#471,.T.);
#721=ORIENTED_EDGE('',*,*,#436,.T.);
#722=ORIENTED_EDGE('',*,*,#490,.F.);
#723=ORIENTED_EDGE('',*,*,#438,.T.);
#724=ORIENTED_EDGE('',*,*,#489,.F.);
#725=ORIENTED_EDGE('',*,*,#454,.T.);
#726=ORIENTED_EDGE('',*,*,#492,.F.);
#727=ORIENTED_EDGE('',*,*,#456,.T.);
#728=ORIENTED_EDGE('',*,*,#491,.F.);
#729=(
BOUNDED_SURFACE()
B_SPLINE_SURFACE(1,2,((#1035,#1036,#1037,#1038,#1039,#1040,#1041),(#1042,
#1043,#1044,#1045,#1046,#1047,#1048)),.UNSPECIFIED.,.F.,.F.,.F.)
B_SPLINE_SURFACE_WITH_KNOTS((2,2),(3,2,2,3),(-1.37439577707277E-14,0.150943364397534),
(-4.71243799243419,-3.66520776654052,-2.61797754064685,-1.57074731475318),
 .UNSPECIFIED.)
GEOMETRIC_REPRESENTATION_ITEM()
RATIONAL_B_SPLINE_SURFACE(((1.,0.866017234994596,1.,0.866017234994596,1.,
0.866017234994596,1.),(1.,0.866017234994596,1.,0.866017234994596,1.,0.866017234994596,
1.)))
REPRESENTATION_ITEM('')
SURFACE()
);
#730=(
BOUNDED_SURFACE()
B_SPLINE_SURFACE(1,2,((#1067,#1068,#1069,#1070,#1071),(#1072,#1073,#1074,
#1075,#1076)),.UNSPECIFIED.,.F.,.F.,.F.)
B_SPLINE_SURFACE_WITH_KNOTS((2,2),(3,2,3),(-2.14408987955497E-15,0.0799999819386117),
(-1.57079632679917,-4.27502477862163E-12,1.57079632679062),
 .UNSPECIFIED.)
GEOMETRIC_REPRESENTATION_ITEM()
RATIONAL_B_SPLINE_SURFACE(((1.,0.707106781186546,1.,0.707106781186546,1.),
(1.,0.707106781186546,1.,0.707106781186546,1.)))
REPRESENTATION_ITEM('')
SURFACE()
);
#731=(
BOUNDED_SURFACE()
B_SPLINE_SURFACE(1,2,((#1082,#1083,#1084,#1085,#1086,#1087,#1088),(#1089,
#1090,#1091,#1092,#1093,#1094,#1095)),.UNSPECIFIED.,.F.,.F.,.F.)
B_SPLINE_SURFACE_WITH_KNOTS((2,2),(3,2,2,3),(-8.90751150611347E-15,0.150943364397529),
(-4.71243799242966,-3.66520776653641,-2.61797754064317,-1.57074731474993),
 .UNSPECIFIED.)
GEOMETRIC_REPRESENTATION_ITEM()
RATIONAL_B_SPLINE_SURFACE(((1.,0.866017234994703,1.,0.866017234994703,1.,
0.866017234994703,1.),(1.,0.866017234994703,1.,0.866017234994703,1.,0.866017234994703,
1.)))
REPRESENTATION_ITEM('')
SURFACE()
);
#732=(
BOUNDED_SURFACE()
B_SPLINE_SURFACE(1,2,((#1114,#1115,#1116,#1117,#1118),(#1119,#1120,#1121,
#1122,#1123)),.UNSPECIFIED.,.F.,.F.,.F.)
B_SPLINE_SURFACE_WITH_KNOTS((2,2),(3,2,3),(-7.62576242268852E-15,0.0799999831306922),
(-1.5707963267949,4.44089209850063E-16,1.5707963267949),.UNSPECIFIED.)
GEOMETRIC_REPRESENTATION_ITEM()
RATIONAL_B_SPLINE_SURFACE(((1.,0.707106781186547,1.,0.707106781186547,1.),
(1.,0.707106781186547,1.,0.707106781186547,1.)))
REPRESENTATION_ITEM('')
SURFACE()
);
#733=(
BOUNDED_SURFACE()
B_SPLINE_SURFACE(1,2,((#1129,#1130,#1131,#1132,#1133,#1134,#1135),(#1136,
#1137,#1138,#1139,#1140,#1141,#1142)),.UNSPECIFIED.,.F.,.F.,.F.)
B_SPLINE_SURFACE_WITH_KNOTS((2,2),(3,2,2,3),(-1.55033785720877E-14,0.150943364397532),
(-4.71243799242978,-3.66520776653646,-2.61797754064313,-1.5707473147498),
 .UNSPECIFIED.)
GEOMETRIC_REPRESENTATION_ITEM()
RATIONAL_B_SPLINE_SURFACE(((1.,0.866017234994682,1.,0.866017234994682,1.,
0.866017234994682,1.),(1.,0.866017234994682,1.,0.866017234994682,1.,0.866017234994682,
1.)))
REPRESENTATION_ITEM('')
SURFACE()
);
#734=(
BOUNDED_SURFACE()
B_SPLINE_SURFACE(1,2,((#1161,#1162,#1163,#1164,#1165),(#1166,#1167,#1168,
#1169,#1170)),.UNSPECIFIED.,.F.,.F.,.F.)
B_SPLINE_SURFACE_WITH_KNOTS((2,2),(3,2,3),(-6.15347920717105E-15,0.0799999819386091),
(-1.5707963267949,8.88178419700125E-16,1.5707963267949),.UNSPECIFIED.)
GEOMETRIC_REPRESENTATION_ITEM()
RATIONAL_B_SPLINE_SURFACE(((1.,0.707106781186547,1.,0.707106781186547,1.),
(1.,0.707106781186547,1.,0.707106781186547,1.)))
REPRESENTATION_ITEM('')
SURFACE()
);
#735=(
BOUNDED_SURFACE()
B_SPLINE_SURFACE(1,2,((#1176,#1177,#1178,#1179,#1180,#1181,#1182),(#1183,
#1184,#1185,#1186,#1187,#1188,#1189)),.UNSPECIFIED.,.F.,.F.,.F.)
B_SPLINE_SURFACE_WITH_KNOTS((2,2),(3,2,2,3),(-5.47310671549653E-15,0.150943364397523),
(-4.71243799243408,-3.66520776654079,-2.61797754064749,-1.57074731475419),
 .UNSPECIFIED.)
GEOMETRIC_REPRESENTATION_ITEM()
RATIONAL_B_SPLINE_SURFACE(((1.,0.866017234994689,1.,0.866017234994689,1.,
0.866017234994689,1.),(1.,0.866017234994689,1.,0.866017234994689,1.,0.866017234994689,
1.)))
REPRESENTATION_ITEM('')
SURFACE()
);
#736=(
BOUNDED_SURFACE()
B_SPLINE_SURFACE(1,2,((#1208,#1209,#1210,#1211,#1212),(#1213,#1214,#1215,
#1216,#1217)),.UNSPECIFIED.,.F.,.F.,.F.)
B_SPLINE_SURFACE_WITH_KNOTS((2,2),(3,2,3),(-6.89470300382368E-15,0.0799999831306847),
(-1.57079632679917,-4.27324842178223E-12,1.57079632679063),
 .UNSPECIFIED.)
GEOMETRIC_REPRESENTATION_ITEM()
RATIONAL_B_SPLINE_SURFACE(((1.,0.707106781186547,1.,0.707106781186547,1.),
(1.,0.707106781186547,1.,0.707106781186547,1.)))
REPRESENTATION_ITEM('')
SURFACE()
);
#737=ADVANCED_FACE('',(#76),#729,.F.);
#738=ADVANCED_FACE('',(#77,#51),#63,.F.);
#739=ADVANCED_FACE('',(#78),#730,.T.);
#740=ADVANCED_FACE('',(#79),#731,.F.);
#741=ADVANCED_FACE('',(#80,#52),#64,.F.);
#742=ADVANCED_FACE('',(#81),#732,.T.);
#743=ADVANCED_FACE('',(#82),#733,.F.);
#744=ADVANCED_FACE('',(#83,#53),#65,.F.);
#745=ADVANCED_FACE('',(#84),#734,.T.);
#746=ADVANCED_FACE('',(#85),#735,.F.);
#747=ADVANCED_FACE('',(#86,#54),#66,.F.);
#748=ADVANCED_FACE('',(#87),#736,.T.);
#749=ADVANCED_FACE('',(#88,#55),#41,.F.);
#750=ADVANCED_FACE('',(#89),#42,.T.);
#751=ADVANCED_FACE('',(#90),#43,.F.);
#752=ADVANCED_FACE('',(#91),#44,.T.);
#753=ADVANCED_FACE('',(#92,#56),#45,.F.);
#754=ADVANCED_FACE('',(#93),#46,.T.);
#755=ADVANCED_FACE('',(#94),#47,.F.);
#756=ADVANCED_FACE('',(#95),#48,.T.);
#757=ADVANCED_FACE('',(#96),#15,.T.);
#758=ADVANCED_FACE('',(#97,#57,#58,#59,#60),#49,.T.);
#759=ADVANCED_FACE('',(#98),#16,.T.);
#760=ADVANCED_FACE('',(#99),#17,.T.);
#761=ADVANCED_FACE('',(#100),#18,.T.);
#762=ADVANCED_FACE('',(#101),#67,.T.);
#763=ADVANCED_FACE('',(#102,#61,#62),#50,.F.);
#764=ADVANCED_FACE('',(#103),#68,.F.);
#765=ADVANCED_FACE('',(#104),#69,.F.);
#766=ADVANCED_FACE('',(#105),#70,.F.);
#767=ADVANCED_FACE('',(#106),#71,.F.);
#768=ADVANCED_FACE('',(#107),#72,.F.);
#769=ADVANCED_FACE('',(#108),#73,.T.);
#770=ADVANCED_FACE('',(#109),#74,.T.);
#771=ADVANCED_FACE('',(#110),#75,.T.);
#772=CLOSED_SHELL('',(#737,#738,#739,#740,#741,#742,#743,#744,#745,#746,
#747,#748,#749,#750,#751,#752,#753,#754,#755,#756,#757,#758,#759,#760,#761,
#762,#763,#764,#765,#766,#767,#768,#769,#770,#771));
#773=DERIVED_UNIT_ELEMENT(#775,1.);
#774=DERIVED_UNIT_ELEMENT(#2310,-3.);
#775=(
MASS_UNIT()
NAMED_UNIT(*)
SI_UNIT(.KILO.,.GRAM.)
);
#776=DERIVED_UNIT((#773,#774));
#777=MEASURE_REPRESENTATION_ITEM('density measure',
POSITIVE_RATIO_MEASURE(7850.),#776);
#778=PROPERTY_DEFINITION_REPRESENTATION(#783,#780);
#779=PROPERTY_DEFINITION_REPRESENTATION(#784,#781);
#780=REPRESENTATION('material name',(#782),#2307);
#781=REPRESENTATION('density',(#777),#2307);
#782=DESCRIPTIVE_REPRESENTATION_ITEM('Stahl','Stahl');
#783=PROPERTY_DEFINITION('material property','material name',#2317);
#784=PROPERTY_DEFINITION('material property','density of part',#2317);
#785=AXIS2_PLACEMENT_3D('',#1034,#851,#852);
#786=AXIS2_PLACEMENT_3D('',#1053,#854,#855);
#787=AXIS2_PLACEMENT_3D('',#1056,#857,#858);
#788=AXIS2_PLACEMENT_3D('',#1057,#859,#860);
#789=AXIS2_PLACEMENT_3D('',#1060,#861,#862);
#790=AXIS2_PLACEMENT_3D('',#1062,#863,#864);
#791=AXIS2_PLACEMENT_3D('',#1063,#865,#866);
#792=AXIS2_PLACEMENT_3D('',#1065,#867,#868);
#793=AXIS2_PLACEMENT_3D('',#1066,#869,#870);
#794=AXIS2_PLACEMENT_3D('',#1080,#872,#873);
#795=AXIS2_PLACEMENT_3D('',#1100,#876,#877);
#796=AXIS2_PLACEMENT_3D('',#1103,#879,#880);
#797=AXIS2_PLACEMENT_3D('',#1104,#881,#882);
#798=AXIS2_PLACEMENT_3D('',#1107,#883,#884);
#799=AXIS2_PLACEMENT_3D('',#1109,#885,#886);
#800=AXIS2_PLACEMENT_3D('',#1110,#887,#888);
#801=AXIS2_PLACEMENT_3D('',#1112,#889,#890);
#802=AXIS2_PLACEMENT_3D('',#1113,#891,#892);
#803=AXIS2_PLACEMENT_3D('',#1127,#894,#895);
#804=AXIS2_PLACEMENT_3D('',#1147,#898,#899);
#805=AXIS2_PLACEMENT_3D('',#1150,#901,#902);
#806=AXIS2_PLACEMENT_3D('',#1151,#903,#904);
#807=AXIS2_PLACEMENT_3D('',#1154,#905,#906);
#808=AXIS2_PLACEMENT_3D('',#1156,#907,#908);
#809=AXIS2_PLACEMENT_3D('',#1157,#909,#910);
#810=AXIS2_PLACEMENT_3D('',#1159,#911,#912);
#811=AXIS2_PLACEMENT_3D('',#1160,#913,#914);
#812=AXIS2_PLACEMENT_3D('',#1174,#916,#917);
#813=AXIS2_PLACEMENT_3D('',#1194,#920,#921);
#814=AXIS2_PLACEMENT_3D('',#1197,#923,#924);
#815=AXIS2_PLACEMENT_3D('',#1198,#925,#926);
#816=AXIS2_PLACEMENT_3D('',#1201,#927,#928);
#817=AXIS2_PLACEMENT_3D('',#1203,#929,#930);
#818=AXIS2_PLACEMENT_3D('',#1204,#931,#932);
#819=AXIS2_PLACEMENT_3D('',#1206,#933,#934);
#820=AXIS2_PLACEMENT_3D('',#1207,#935,#936);
#821=AXIS2_PLACEMENT_3D('',#1221,#938,#939);
#822=AXIS2_PLACEMENT_3D('',#1223,#941,#942);
#823=AXIS2_PLACEMENT_3D('',#1286,#944,#945);
#824=AXIS2_PLACEMENT_3D('',#1287,#946,#947);
#825=AXIS2_PLACEMENT_3D('',#1303,#948,#949);
#826=AXIS2_PLACEMENT_3D('',#1317,#951,#952);
#827=AXIS2_PLACEMENT_3D('',#1359,#954,#955);
#828=AXIS2_PLACEMENT_3D('',#1400,#959,#960);
#829=AXIS2_PLACEMENT_3D('',#1401,#961,#962);
#830=AXIS2_PLACEMENT_3D('',#1464,#964,#965);
#831=AXIS2_PLACEMENT_3D('',#1465,#966,#967);
#832=AXIS2_PLACEMENT_3D('',#1481,#968,#969);
#833=AXIS2_PLACEMENT_3D('',#1495,#971,#972);
#834=AXIS2_PLACEMENT_3D('',#1536,#974,#975);
#835=AXIS2_PLACEMENT_3D('',#1541,#977,#978);
#836=AXIS2_PLACEMENT_3D('',#1750,#982,#983);
#837=AXIS2_PLACEMENT_3D('',#1753,#984,#985);
#838=AXIS2_PLACEMENT_3D('',#1757,#987,#988);
#839=AXIS2_PLACEMENT_3D('',#2270,#993,#994);
#840=AXIS2_PLACEMENT_3D('',#2275,#996,#997);
#841=AXIS2_PLACEMENT_3D('',#2278,#1000,#1001);
#842=AXIS2_PLACEMENT_3D('',#2284,#1005,#1006);
#843=AXIS2_PLACEMENT_3D('',#2290,#1012,#1013);
#844=AXIS2_PLACEMENT_3D('',#2296,#1018,#1019);
#845=AXIS2_PLACEMENT_3D('',#2297,#1020,#1021);
#846=AXIS2_PLACEMENT_3D('',#2298,#1022,#1023);
#847=AXIS2_PLACEMENT_3D('',#2300,#1025,#1026);
#848=AXIS2_PLACEMENT_3D('',#2302,#1028,#1029);
#849=AXIS2_PLACEMENT_3D('',#2303,#1030,#1031);
#850=AXIS2_PLACEMENT_3D('',#2304,#1032,#1033);
#851=DIRECTION('axis',(0.,0.,1.));
#852=DIRECTION('refdir',(1.,0.,0.));
#853=DIRECTION('',(-7.95722397514223E-9,-0.499718771004199,-0.866187710548962));
#854=DIRECTION('center_axis',(-3.98616881547918E-15,-0.500000000000001,
-0.866025403784438));
#855=DIRECTION('ref_axis',(1.05316216734869E-16,-0.866025403784438,0.500000000000001));
#856=DIRECTION('',(-7.95722108274045E-9,0.499718771004202,0.86618771054896));
#857=DIRECTION('center_axis',(-3.98616881547918E-15,-0.500000000000001,
-0.866025403784438));
#858=DIRECTION('ref_axis',(1.05316216734868E-16,-0.866025403784438,0.500000000000001));
#859=DIRECTION('center_axis',(3.98616881547918E-15,0.500000000000001,0.866025403784438));
#860=DIRECTION('ref_axis',(1.,-5.91645678915759E-31,-4.6028312773044E-15));
#861=DIRECTION('center_axis',(3.98616881547918E-15,0.500000000000001,0.866025403784438));
#862=DIRECTION('ref_axis',(1.14546750085496E-48,-0.866025403784438,0.500000000000001));
#863=DIRECTION('center_axis',(3.98616881547918E-15,0.500000000000001,0.866025403784438));
#864=DIRECTION('ref_axis',(5.12380187980338E-31,-0.866025403784438,0.500000000000001));
#865=DIRECTION('center_axis',(3.98616881547918E-15,0.500000000000001,0.866025403784438));
#866=DIRECTION('ref_axis',(1.14546750085496E-48,-0.866025403784438,0.500000000000001));
#867=DIRECTION('center_axis',(-3.98616881547918E-15,-0.500000000000001,
-0.866025403784438));
#868=DIRECTION('ref_axis',(1.05316216734868E-16,-0.866025403784438,0.500000000000001));
#869=DIRECTION('center_axis',(-3.98616881547918E-15,-0.500000000000001,
-0.866025403784438));
#870=DIRECTION('ref_axis',(1.05316216734868E-16,-0.866025403784438,0.500000000000001));
#871=DIRECTION('',(-4.21732648347322E-9,0.499718771004199,0.866187710548962));
#872=DIRECTION('center_axis',(-3.98616881547918E-15,-0.500000000000001,
-0.866025403784438));
#873=DIRECTION('ref_axis',(1.14546750085496E-48,-0.866025403784438,0.500000000000001));
#874=DIRECTION('',(-4.21732924057155E-9,-0.4997187710042,-0.866187710548962));
#875=DIRECTION('',(-7.95722241769515E-9,-0.499718771004206,-0.866187710548958));
#876=DIRECTION('center_axis',(-3.98616881547918E-15,-0.500000000000001,
-0.866025403784438));
#877=DIRECTION('ref_axis',(1.05376299189722E-16,-0.866025403784438,0.500000000000001));
#878=DIRECTION('',(-7.95722241769515E-9,0.499718771004206,0.866187710548958));
#879=DIRECTION('center_axis',(-3.98616881547918E-15,-0.500000000000001,
-0.866025403784438));
#880=DIRECTION('ref_axis',(1.05376299189722E-16,-0.866025403784438,0.500000000000001));
#881=DIRECTION('center_axis',(3.98616881547918E-15,0.500000000000001,0.866025403784438));
#882=DIRECTION('ref_axis',(1.,0.,-4.6028312773044E-15));
#883=DIRECTION('center_axis',(3.98616881547918E-15,0.500000000000001,0.866025403784438));
#884=DIRECTION('ref_axis',(-4.67254737336685E-49,-0.866025403784438,0.500000000000001));
#885=DIRECTION('center_axis',(3.98616881547918E-15,0.500000000000001,0.866025403784438));
#886=DIRECTION('ref_axis',(-4.67254737336685E-49,-0.866025403784438,0.500000000000001));
#887=DIRECTION('center_axis',(3.98616881547918E-15,0.500000000000001,0.866025403784438));
#888=DIRECTION('ref_axis',(-4.67254737336685E-49,-0.866025403784438,0.500000000000001));
#889=DIRECTION('center_axis',(-3.98616881547918E-15,-0.500000000000001,
-0.866025403784438));
#890=DIRECTION('ref_axis',(1.05376299189722E-16,-0.866025403784438,0.500000000000001));
#891=DIRECTION('center_axis',(-3.98616881547918E-15,-0.500000000000001,
-0.866025403784438));
#892=DIRECTION('ref_axis',(1.05376299189722E-16,-0.866025403784438,0.500000000000001));
#893=DIRECTION('',(-4.21732776891887E-9,0.499718771004207,0.866187710548957));
#894=DIRECTION('center_axis',(-3.98616881547918E-15,-0.500000000000001,
-0.866025403784438));
#895=DIRECTION('ref_axis',(-4.67254737336685E-49,-0.866025403784438,0.500000000000001));
#896=DIRECTION('',(-4.21732776891887E-9,-0.499718771004207,-0.866187710548957));
#897=DIRECTION('',(-7.95722241769518E-9,-0.499718771004196,-0.866187710548964));
#898=DIRECTION('center_axis',(-3.98616881547918E-15,-0.500000000000001,
-0.866025403784438));
#899=DIRECTION('ref_axis',(1.05376299189722E-16,-0.866025403784438,0.500000000000001));
#900=DIRECTION('',(-7.95722241769518E-9,0.499718771004196,0.866187710548964));
#901=DIRECTION('center_axis',(-3.98616881547918E-15,-0.500000000000001,
-0.866025403784438));
#902=DIRECTION('ref_axis',(1.05376299189722E-16,-0.866025403784438,0.500000000000001));
#903=DIRECTION('center_axis',(3.98616881547918E-15,0.500000000000001,0.866025403784438));
#904=DIRECTION('ref_axis',(1.,0.,-4.6028312773044E-15));
#905=DIRECTION('center_axis',(3.98616881547918E-15,0.500000000000001,0.866025403784438));
#906=DIRECTION('ref_axis',(1.14546750085496E-48,-0.866025403784438,0.500000000000001));
#907=DIRECTION('center_axis',(3.98616881547918E-15,0.500000000000001,0.866025403784438));
#908=DIRECTION('ref_axis',(1.14546750085496E-48,-0.866025403784438,0.500000000000001));
#909=DIRECTION('center_axis',(3.98616881547918E-15,0.500000000000001,0.866025403784438));
#910=DIRECTION('ref_axis',(1.14546750085496E-48,-0.866025403784438,0.500000000000001));
#911=DIRECTION('center_axis',(-3.98616881547918E-15,-0.500000000000001,
-0.866025403784438));
#912=DIRECTION('ref_axis',(1.05376299189722E-16,-0.866025403784438,0.500000000000001));
#913=DIRECTION('center_axis',(-3.98616881547918E-15,-0.500000000000001,
-0.866025403784438));
#914=DIRECTION('ref_axis',(1.05376299189722E-16,-0.866025403784438,0.500000000000001));
#915=DIRECTION('',(-4.21732819900109E-9,0.499718771004198,0.866187710548963));
#916=DIRECTION('center_axis',(-3.98616881547918E-15,-0.500000000000001,
-0.866025403784438));
#917=DIRECTION('ref_axis',(1.14546750085496E-48,-0.866025403784438,0.500000000000001));
#918=DIRECTION('',(-4.21732819900109E-9,-0.499718771004198,-0.866187710548963));
#919=DIRECTION('',(-7.95722375264976E-9,-0.499718771004203,-0.86618771054896));
#920=DIRECTION('center_axis',(-3.98616881547918E-15,-0.500000000000001,
-0.866025403784438));
#921=DIRECTION('ref_axis',(1.05316216734867E-16,-0.866025403784438,0.500000000000001));
#922=DIRECTION('',(-7.95722063775556E-9,0.499718771004203,0.86618771054896));
#923=DIRECTION('center_axis',(-3.98616881547918E-15,-0.500000000000001,
-0.866025403784438));
#924=DIRECTION('ref_axis',(1.05316216734868E-16,-0.866025403784438,0.500000000000001));
#925=DIRECTION('center_axis',(3.98616881547918E-15,0.500000000000001,0.866025403784438));
#926=DIRECTION('ref_axis',(1.,1.18329135783152E-30,-4.6028312773044E-15));
#927=DIRECTION('center_axis',(3.98616881547918E-15,0.500000000000001,0.866025403784438));
#928=DIRECTION('ref_axis',(-4.67254737336685E-49,-0.866025403784438,0.500000000000001));
#929=DIRECTION('center_axis',(3.98616881547918E-15,0.500000000000001,0.866025403784438));
#930=DIRECTION('ref_axis',(-1.41919082857118E-30,-0.866025403784438,0.500000000000001));
#931=DIRECTION('center_axis',(3.98616881547918E-15,0.500000000000001,0.866025403784438));
#932=DIRECTION('ref_axis',(-4.67254737336685E-49,-0.866025403784438,0.500000000000001));
#933=DIRECTION('center_axis',(-3.98616881547918E-15,-0.500000000000001,
-0.866025403784438));
#934=DIRECTION('ref_axis',(1.05316216734868E-16,-0.866025403784438,0.500000000000001));
#935=DIRECTION('center_axis',(-3.98616881547918E-15,-0.500000000000001,
-0.866025403784438));
#936=DIRECTION('ref_axis',(1.05316216734868E-16,-0.866025403784438,0.500000000000001));
#937=DIRECTION('',(-4.21732654354179E-9,0.499718771004206,0.866187710548958));
#938=DIRECTION('center_axis',(-3.98616881547918E-15,-0.500000000000001,
-0.866025403784438));
#939=DIRECTION('ref_axis',(-4.67254737336685E-49,-0.866025403784438,0.500000000000001));
#940=DIRECTION('',(-4.21732936190902E-9,-0.499718771004206,-0.866187710548958));
#941=DIRECTION('center_axis',(-9.25185853854297E-17,0.49943748938076,0.866349925954313));
#942=DIRECTION('ref_axis',(-1.,-1.37500018256893E-16,-2.75245841928496E-17));
#943=DIRECTION('',(-9.25185853854297E-17,0.49943748938076,0.866349925954313));
#944=DIRECTION('center_axis',(-3.98616881547918E-15,-0.500000000000001,
-0.866025403784438));
#945=DIRECTION('ref_axis',(1.05316216734868E-16,-0.866025403784438,0.500000000000001));
#946=DIRECTION('center_axis',(0.,0.49943748938076,0.866349925954313));
#947=DIRECTION('ref_axis',(1.14546774239564E-48,-0.866349925954313,0.49943748938076));
#948=DIRECTION('center_axis',(3.98616881547918E-15,0.500000000000001,0.866025403784438));
#949=DIRECTION('ref_axis',(1.14546750085496E-48,-0.866025403784438,0.500000000000001));
#950=DIRECTION('',(0.,-0.49943748938076,-0.866349925954313));
#951=DIRECTION('center_axis',(0.,0.49943748938076,0.866349925954313));
#952=DIRECTION('ref_axis',(-1.,-9.12927682509344E-17,5.26288854052152E-17));
#953=DIRECTION('',(0.,0.49943748938076,0.866349925954313));
#954=DIRECTION('center_axis',(0.,0.49943748938076,0.866349925954313));
#955=DIRECTION('ref_axis',(-4.67254835865039E-49,-0.866349925954313,0.49943748938076));
#956=DIRECTION('',(0.,0.49943748938076,0.866349925954313));
#957=DIRECTION('',(0.,-0.49943748938076,-0.866349925954313));
#958=DIRECTION('',(0.,-0.49943748938076,-0.866349925954313));
#959=DIRECTION('center_axis',(0.,-0.499437489380752,-0.866349925954317));
#960=DIRECTION('ref_axis',(-4.67254835865039E-49,-0.866349925954313,0.49943748938076));
#961=DIRECTION('center_axis',(0.,0.49943748938076,0.866349925954313));
#962=DIRECTION('ref_axis',(-1.,-9.12927682509344E-17,5.26288854052152E-17));
#963=DIRECTION('',(0.,0.49943748938076,0.866349925954313));
#964=DIRECTION('center_axis',(-3.98616881547918E-15,-0.500000000000001,
-0.866025403784438));
#965=DIRECTION('ref_axis',(1.05376299189722E-16,-0.866025403784438,0.500000000000001));
#966=DIRECTION('center_axis',(0.,0.49943748938076,0.866349925954313));
#967=DIRECTION('ref_axis',(1.14546774239564E-48,-0.866349925954313,0.49943748938076));
#968=DIRECTION('center_axis',(3.98616881547918E-15,0.500000000000001,0.866025403784438));
#969=DIRECTION('ref_axis',(1.14546750085496E-48,-0.866025403784438,0.500000000000001));
#970=DIRECTION('',(0.,-0.49943748938076,-0.866349925954313));
#971=DIRECTION('center_axis',(-9.25185853854297E-17,0.49943748938076,0.866349925954313));
#972=DIRECTION('ref_axis',(-1.,-1.37500018256893E-16,-2.75245841928496E-17));
#973=DIRECTION('',(-9.25185853854297E-17,0.49943748938076,0.866349925954313));
#974=DIRECTION('center_axis',(0.,0.49943748938076,0.866349925954313));
#975=DIRECTION('ref_axis',(-4.67254835865039E-49,-0.866349925954313,0.49943748938076));
#976=DIRECTION('',(0.,-0.49943748938076,-0.866349925954313));
#977=DIRECTION('center_axis',(0.,-0.499437489380752,-0.866349925954317));
#978=DIRECTION('ref_axis',(-4.67254835865039E-49,-0.866349925954313,0.49943748938076));
#979=DIRECTION('',(0.,0.49943748938076,0.866349925954313));
#980=DIRECTION('',(0.,-0.49943748938076,-0.866349925954313));
#981=DIRECTION('',(1.04361481181981E-15,-0.0341022840765831,-0.999418347950827));
#982=DIRECTION('center_axis',(1.,0.,0.));
#983=DIRECTION('ref_axis',(0.,1.,0.));
#984=DIRECTION('center_axis',(-1.,0.,0.));
#985=DIRECTION('ref_axis',(0.,1.,0.));
#986=DIRECTION('',(1.,0.,0.));
#987=DIRECTION('center_axis',(1.,0.,0.));
#988=DIRECTION('ref_axis',(0.,1.,0.));
#989=DIRECTION('',(1.,0.,0.));
#990=DIRECTION('',(0.,-0.0341022840765873,-0.999418347950827));
#991=DIRECTION('',(1.35631836507771E-15,0.12814596964784,-0.991755317839544));
#992=DIRECTION('',(-6.78159182538861E-16,0.128145969647841,-0.991755317839544));
#993=DIRECTION('center_axis',(1.,0.,0.));
#994=DIRECTION('ref_axis',(0.,1.,0.));
#995=DIRECTION('',(0.,0.499437489380752,0.866349925954317));
#996=DIRECTION('center_axis',(1.,0.,0.));
#997=DIRECTION('ref_axis',(0.,1.,0.));
#998=DIRECTION('',(0.,-0.49943748938076,-0.866349925954313));
#999=DIRECTION('',(0.,-0.866349925954317,0.499437489380752));
#1000=DIRECTION('center_axis',(1.,0.,0.));
#1001=DIRECTION('ref_axis',(0.,1.,0.));
#1002=DIRECTION('',(-1.,0.,0.));
#1003=DIRECTION('',(-1.,0.,0.));
#1004=DIRECTION('',(-1.,0.,0.));
#1005=DIRECTION('center_axis',(-1.,0.,0.));
#1006=DIRECTION('ref_axis',(0.,1.,0.));
#1007=DIRECTION('',(1.,0.,0.));
#1008=DIRECTION('',(1.,0.,0.));
#1009=DIRECTION('',(1.,0.,0.));
#1010=DIRECTION('',(1.,0.,0.));
#1011=DIRECTION('',(1.,0.,0.));
#1012=DIRECTION('center_axis',(0.,0.866349925954317,-0.499437489380752));
#1013=DIRECTION('ref_axis',(0.,0.499437489380752,0.866349925954317));
#1014=DIRECTION('',(1.,0.,0.));
#1015=DIRECTION('',(0.,0.499437489380752,0.866349925954317));
#1016=DIRECTION('',(-1.,0.,0.));
#1017=DIRECTION('',(-1.,0.,0.));
#1018=DIRECTION('center_axis',(0.,-0.499437489380752,-0.866349925954317));
#1019=DIRECTION('ref_axis',(-1.,0.,0.));
#1020=DIRECTION('center_axis',(0.,-0.499437489380752,-0.866349925954317));
#1021=DIRECTION('ref_axis',(-1.,0.,0.));
#1022=DIRECTION('center_axis',(0.,0.499437489380752,0.866349925954317));
#1023=DIRECTION('ref_axis',(1.,0.,0.));
#1024=DIRECTION('',(0.,-0.866349925954317,0.499437489380752));
#1025=DIRECTION('center_axis',(1.,0.,0.));
#1026=DIRECTION('ref_axis',(0.,1.,0.));
#1027=DIRECTION('',(0.,0.49943748938076,0.866349925954313));
#1028=DIRECTION('center_axis',(0.,0.866349925954313,-0.49943748938076));
#1029=DIRECTION('ref_axis',(0.,0.49943748938076,0.866349925954313));
#1030=DIRECTION('center_axis',(3.98616881547918E-15,0.500000000000001,0.866025403784438));
#1031=DIRECTION('ref_axis',(1.,0.,-4.6028312773044E-15));
#1032=DIRECTION('center_axis',(3.98616881547918E-15,0.500000000000001,0.866025403784438));
#1033=DIRECTION('ref_axis',(1.,0.,-4.6028312773044E-15));
#1034=CARTESIAN_POINT('',(0.,0.,0.));
#1035=CARTESIAN_POINT('Ctrl Pts',(5.82500015487074,40.2959214315065,59.888242374419));
#1036=CARTESIAN_POINT('Ctrl Pts',(5.82503764996932,40.9584465664382,59.5057333094214));
#1037=CARTESIAN_POINT('Ctrl Pts',(5.16251890321873,41.2897185080358,59.314473364765));
#1038=CARTESIAN_POINT('Ctrl Pts',(4.50000015646219,41.6209904496334,59.1232134201087));
#1039=CARTESIAN_POINT('Ctrl Pts',(3.83748140971457,41.2897185080403,59.3144733647624));
#1040=CARTESIAN_POINT('Ctrl Pts',(3.17496266296101,40.9584465664471,59.5057333094162));
#1041=CARTESIAN_POINT('Ctrl Pts',(3.17500015805363,40.2959214315155,59.8882423744139));
#1042=CARTESIAN_POINT('Ctrl Pts',(5.82500015487074,40.3959214315065,60.061447455176));
#1043=CARTESIAN_POINT('Ctrl Pts',(5.82503764996932,41.0584465664382,59.6789383901783));
#1044=CARTESIAN_POINT('Ctrl Pts',(5.16251890321873,41.3897185080358,59.4876784455219));
#1045=CARTESIAN_POINT('Ctrl Pts',(4.50000015646219,41.7209904496334,59.2964185008656));
#1046=CARTESIAN_POINT('Ctrl Pts',(3.83748140971457,41.3897185080403,59.4876784455194));
#1047=CARTESIAN_POINT('Ctrl Pts',(3.17496266296101,41.0584465664471,59.6789383901731));
#1048=CARTESIAN_POINT('Ctrl Pts',(3.17500015805363,40.3959214315155,60.0614474551708));
#1049=CARTESIAN_POINT('',(3.17500015805363,40.3959214315155,60.0614474551708));
#1050=CARTESIAN_POINT('',(3.17500015646219,40.2959776720494,59.8882099039265));
#1051=CARTESIAN_POINT('',(3.17500021877584,40.3459495517845,59.9748286795474));
#1052=CARTESIAN_POINT('',(5.82500015487074,40.3959214315109,60.0614474551735));
#1053=CARTESIAN_POINT('Origin',(4.50000015646219,40.3959776720443,60.0614149846863));
#1054=CARTESIAN_POINT('',(5.82500015646219,40.2959776720392,59.8882099039323));
#1055=CARTESIAN_POINT('',(5.82500009414854,40.3459495517744,59.9748286795533));
#1056=CARTESIAN_POINT('Origin',(4.50000015646219,40.2959776720443,59.8882099039294));
#1057=CARTESIAN_POINT('Origin',(-6.,34.9833176925195,63.186415680897));
#1058=CARTESIAN_POINT('',(7.00000019287164,40.3959214314866,60.0614474551875));
#1059=CARTESIAN_POINT('',(4.5000001564622,42.5609291892457,58.8114796434476));
#1060=CARTESIAN_POINT('Origin',(4.5000001564622,40.3958651909834,60.0614799256571));
#1061=CARTESIAN_POINT('',(2.00000012005276,40.3959214315143,60.0614474551715));
#1062=CARTESIAN_POINT('Origin',(4.5000001564622,40.3959776720443,60.0614149846863));
#1063=CARTESIAN_POINT('Origin',(4.5000001564622,40.3958651909834,60.0614799256571));
#1064=CARTESIAN_POINT('',(5.82500015646219,40.3958651909834,60.0614799256571));
#1065=CARTESIAN_POINT('Origin',(4.50000015646219,40.3958651909834,60.0614799256571));
#1066=CARTESIAN_POINT('Origin',(4.50000015646219,40.3958651909834,60.0614799256571));
#1067=CARTESIAN_POINT('Ctrl Pts',(2.0000001192093,40.2959776720443,59.8882099039294));
#1068=CARTESIAN_POINT('Ctrl Pts',(2.00000011920929,38.130913673782,61.1382101861389));
#1069=CARTESIAN_POINT('Ctrl Pts',(4.5000001564622,38.130913673782,61.1382101861389));
#1070=CARTESIAN_POINT('Ctrl Pts',(7.0000001937151,38.130913673782,61.1382101861389));
#1071=CARTESIAN_POINT('Ctrl Pts',(7.0000001937151,40.2959776720443,59.8882099039294));
#1072=CARTESIAN_POINT('Ctrl Pts',(2.0000001192093,40.3959776720443,60.0614149846864));
#1073=CARTESIAN_POINT('Ctrl Pts',(2.00000011920929,38.230913673782,61.3114152668959));
#1074=CARTESIAN_POINT('Ctrl Pts',(4.5000001564622,38.230913673782,61.3114152668958));
#1075=CARTESIAN_POINT('Ctrl Pts',(7.0000001937151,38.230913673782,61.3114152668958));
#1076=CARTESIAN_POINT('Ctrl Pts',(7.0000001937151,40.3959776720443,60.0614149846863));
#1077=CARTESIAN_POINT('',(7.0000001937151,40.2959776720351,59.8882099039347));
#1078=CARTESIAN_POINT('',(7.00000008531891,40.3459495517698,59.9748286795559));
#1079=CARTESIAN_POINT('',(2.00000011920929,40.2959776720536,59.8882099039241));
#1080=CARTESIAN_POINT('Origin',(4.5000001564622,40.2959776720443,59.8882099039294));
#1081=CARTESIAN_POINT('',(2.00000022760548,40.3459495517884,59.9748286795452));
#1082=CARTESIAN_POINT('Ctrl Pts',(-15.1750001580536,29.4706014402,66.1382437854638));
#1083=CARTESIAN_POINT('Ctrl Pts',(-15.1749626629585,30.1331265751314,65.7557347204663));
#1084=CARTESIAN_POINT('Ctrl Pts',(-15.8374814097104,30.4643985167264,65.5644747758114));
#1085=CARTESIAN_POINT('Ctrl Pts',(-16.5000001564622,30.7956704583215,65.3732148311565));
#1086=CARTESIAN_POINT('Ctrl Pts',(-17.162518903214,30.4643985167264,65.5644747758114));
#1087=CARTESIAN_POINT('Ctrl Pts',(-17.8250376499659,30.1331265751314,65.7557347204663));
#1088=CARTESIAN_POINT('Ctrl Pts',(-17.8250001548708,29.4706014402,66.1382437854638));
#1089=CARTESIAN_POINT('Ctrl Pts',(-15.1750001580536,29.5706014402001,66.3114488662207));
#1090=CARTESIAN_POINT('Ctrl Pts',(-15.1749626629585,30.2331265751314,65.9289398012232));
#1091=CARTESIAN_POINT('Ctrl Pts',(-15.8374814097104,30.5643985167265,65.7376798565683));
#1092=CARTESIAN_POINT('Ctrl Pts',(-16.5000001564622,30.8956704583215,65.5464199119134));
#1093=CARTESIAN_POINT('Ctrl Pts',(-17.162518903214,30.5643985167265,65.7376798565683));
#1094=CARTESIAN_POINT('Ctrl Pts',(-17.8250376499659,30.2331265751314,65.9289398012232));
#1095=CARTESIAN_POINT('Ctrl Pts',(-17.8250001548708,29.5706014402001,66.3114488662207));
#1096=CARTESIAN_POINT('',(-17.8250001548708,29.5706014402015,66.3114488662199));
#1097=CARTESIAN_POINT('',(-17.8250001564622,29.4706576807326,66.1382113149772));
#1098=CARTESIAN_POINT('',(-17.8250000941485,29.5206295604679,66.224830090598));
#1099=CARTESIAN_POINT('',(-15.1750001580536,29.5706014402015,66.3114488662198));
#1100=CARTESIAN_POINT('Origin',(-16.5000001564622,29.5706576807326,66.3114163957341));
#1101=CARTESIAN_POINT('',(-15.1750001564622,29.4706576807326,66.1382113149772));
#1102=CARTESIAN_POINT('',(-15.1750002187758,29.5206295604679,66.224830090598));
#1103=CARTESIAN_POINT('Origin',(-16.5000001564622,29.4706576807326,66.1382113149772));
#1104=CARTESIAN_POINT('Origin',(-6.,34.9833176925195,63.1864156808969));
#1105=CARTESIAN_POINT('',(-14.0000001573057,29.5706014402026,66.3114488662192));
#1106=CARTESIAN_POINT('',(-16.5000001564622,31.7356091656721,65.0614810731218));
#1107=CARTESIAN_POINT('Origin',(-16.5000001564622,29.5705451996717,66.3114813367048));
#1108=CARTESIAN_POINT('',(-19.0000001556187,29.5706014402026,66.3114488662192));
#1109=CARTESIAN_POINT('Origin',(-16.5000001564622,29.5706576807326,66.3114163957341));
#1110=CARTESIAN_POINT('Origin',(-16.5000001564622,29.5705451996717,66.3114813367048));
#1111=CARTESIAN_POINT('',(-15.1750001564622,29.5705451996717,66.3114813367048));
#1112=CARTESIAN_POINT('Origin',(-16.5000001564622,29.5705451996717,66.3114813367048));
#1113=CARTESIAN_POINT('Origin',(-16.5000001564622,29.5705451996717,66.3114813367048));
#1114=CARTESIAN_POINT('Ctrl Pts',(-19.0000001564622,29.4706576807326,66.1382113149771));
#1115=CARTESIAN_POINT('Ctrl Pts',(-19.0000001564622,27.3055937147323,67.3882115785602));
#1116=CARTESIAN_POINT('Ctrl Pts',(-16.5000001564622,27.3055937147323,67.3882115785602));
#1117=CARTESIAN_POINT('Ctrl Pts',(-14.0000001564622,27.3055937147323,67.3882115785602));
#1118=CARTESIAN_POINT('Ctrl Pts',(-14.0000001564622,29.4706576807326,66.1382113149771));
#1119=CARTESIAN_POINT('Ctrl Pts',(-19.0000001564622,29.5706576807326,66.3114163957341));
#1120=CARTESIAN_POINT('Ctrl Pts',(-19.0000001564622,27.4055937147323,67.5614166593172));
#1121=CARTESIAN_POINT('Ctrl Pts',(-16.5000001564622,27.4055937147323,67.5614166593172));
#1122=CARTESIAN_POINT('Ctrl Pts',(-14.0000001564622,27.4055937147323,67.5614166593172));
#1123=CARTESIAN_POINT('Ctrl Pts',(-14.0000001564622,29.5706576807326,66.3114163957341));
#1124=CARTESIAN_POINT('',(-14.0000001564622,29.4706576807326,66.1382113149772));
#1125=CARTESIAN_POINT('',(-14.0000002648584,29.5206295604674,66.2248300905983));
#1126=CARTESIAN_POINT('',(-19.0000001564622,29.4706576807326,66.1382113149772));
#1127=CARTESIAN_POINT('Origin',(-16.5000001564622,29.4706576807326,66.1382113149772));
#1128=CARTESIAN_POINT('',(-19.000000048066,29.5206295604674,66.2248300905983));
#1129=CARTESIAN_POINT('Ctrl Pts',(-15.1750001580536,40.2959214315116,59.8882423744162));
#1130=CARTESIAN_POINT('Ctrl Pts',(-15.1749626629584,40.958446566443,59.5057333094187));
#1131=CARTESIAN_POINT('Ctrl Pts',(-15.8374814097103,41.2897185080382,59.3144733647637));
#1132=CARTESIAN_POINT('Ctrl Pts',(-16.5000001564622,41.6209904496333,59.1232134201088));
#1133=CARTESIAN_POINT('Ctrl Pts',(-17.1625189032141,41.2897185080382,59.3144733647637));
#1134=CARTESIAN_POINT('Ctrl Pts',(-17.825037649966,40.958446566443,59.5057333094187));
#1135=CARTESIAN_POINT('Ctrl Pts',(-17.8250001548708,40.2959214315116,59.8882423744162));
#1136=CARTESIAN_POINT('Ctrl Pts',(-15.1750001580536,40.3959214315116,60.0614474551731));
#1137=CARTESIAN_POINT('Ctrl Pts',(-15.1749626629584,41.058446566443,59.6789383901756));
#1138=CARTESIAN_POINT('Ctrl Pts',(-15.8374814097103,41.3897185080382,59.4876784455207));
#1139=CARTESIAN_POINT('Ctrl Pts',(-16.5000001564622,41.7209904496333,59.2964185008657));
#1140=CARTESIAN_POINT('Ctrl Pts',(-17.1625189032141,41.3897185080382,59.4876784455207));
#1141=CARTESIAN_POINT('Ctrl Pts',(-17.825037649966,41.058446566443,59.6789383901756));
#1142=CARTESIAN_POINT('Ctrl Pts',(-17.8250001548708,40.3959214315116,60.0614474551731));
#1143=CARTESIAN_POINT('',(-17.8250001548708,40.3959214315132,60.0614474551722));
#1144=CARTESIAN_POINT('',(-17.8250001564622,40.2959776720444,59.8882099039295));
#1145=CARTESIAN_POINT('',(-17.8250000941485,40.3459495517795,59.9748286795504));
#1146=CARTESIAN_POINT('',(-15.1750001580536,40.3959214315132,60.0614474551722));
#1147=CARTESIAN_POINT('Origin',(-16.5000001564622,40.3959776720444,60.0614149846864));
#1148=CARTESIAN_POINT('',(-15.1750001564622,40.2959776720444,59.8882099039295));
#1149=CARTESIAN_POINT('',(-15.1750002187758,40.3459495517795,59.9748286795504));
#1150=CARTESIAN_POINT('Origin',(-16.5000001564622,40.2959776720444,59.8882099039295));
#1151=CARTESIAN_POINT('Origin',(-6.,34.9833176925195,63.186415680897));
#1152=CARTESIAN_POINT('',(-14.0000001200528,40.3959214315144,60.0614474551715));
#1153=CARTESIAN_POINT('',(-16.5000001564622,42.5609291892458,58.8114796434476));
#1154=CARTESIAN_POINT('Origin',(-16.5000001564622,40.3958651909834,60.0614799256572));
#1155=CARTESIAN_POINT('',(-19.0000001928716,40.3959214315144,60.0614474551715));
#1156=CARTESIAN_POINT('Origin',(-16.5000001564622,40.3959776720444,60.0614149846864));
#1157=CARTESIAN_POINT('Origin',(-16.5000001564622,40.3958651909834,60.0614799256572));
#1158=CARTESIAN_POINT('',(-15.1750001564622,40.3958651909834,60.0614799256572));
#1159=CARTESIAN_POINT('Origin',(-16.5000001564622,40.3958651909834,60.0614799256572));
#1160=CARTESIAN_POINT('Origin',(-16.5000001564622,40.3958651909834,60.0614799256572));
#1161=CARTESIAN_POINT('Ctrl Pts',(-19.0000001937151,40.2959776720444,59.8882099039295));
#1162=CARTESIAN_POINT('Ctrl Pts',(-19.0000001937151,38.130913673782,61.138210186139));
#1163=CARTESIAN_POINT('Ctrl Pts',(-16.5000001564622,38.130913673782,61.138210186139));
#1164=CARTESIAN_POINT('Ctrl Pts',(-14.0000001192093,38.130913673782,61.138210186139));
#1165=CARTESIAN_POINT('Ctrl Pts',(-14.0000001192093,40.2959776720444,59.8882099039295));
#1166=CARTESIAN_POINT('Ctrl Pts',(-19.0000001937151,40.3959776720444,60.0614149846864));
#1167=CARTESIAN_POINT('Ctrl Pts',(-19.0000001937151,38.230913673782,61.3114152668959));
#1168=CARTESIAN_POINT('Ctrl Pts',(-16.5000001564622,38.230913673782,61.3114152668959));
#1169=CARTESIAN_POINT('Ctrl Pts',(-14.0000001192093,38.230913673782,61.3114152668959));
#1170=CARTESIAN_POINT('Ctrl Pts',(-14.0000001192093,40.3959776720444,60.0614149846864));
#1171=CARTESIAN_POINT('',(-14.0000001192093,40.2959776720444,59.8882099039295));
#1172=CARTESIAN_POINT('',(-14.0000002276055,40.3459495517791,59.9748286795506));
#1173=CARTESIAN_POINT('',(-19.0000001937151,40.2959776720444,59.8882099039295));
#1174=CARTESIAN_POINT('Origin',(-16.5000001564622,40.2959776720444,59.8882099039295));
#1175=CARTESIAN_POINT('',(-19.0000000853189,40.3459495517791,59.9748286795506));
#1176=CARTESIAN_POINT('Ctrl Pts',(5.82500015487074,29.4706014401949,66.1382437854666));
#1177=CARTESIAN_POINT('Ctrl Pts',(5.82503764996924,30.1331265751263,65.7557347204691));
#1178=CARTESIAN_POINT('Ctrl Pts',(5.16251890321903,30.4643985167239,65.5644747758128));
#1179=CARTESIAN_POINT('Ctrl Pts',(4.50000015646219,30.7956704583215,65.3732148311564));
#1180=CARTESIAN_POINT('Ctrl Pts',(3.83748140971531,30.4643985167289,65.5644747758099));
#1181=CARTESIAN_POINT('Ctrl Pts',(3.17496266296178,30.1331265751362,65.7557347204634));
#1182=CARTESIAN_POINT('Ctrl Pts',(3.17500015805364,29.4706014402049,66.1382437854609));
#1183=CARTESIAN_POINT('Ctrl Pts',(5.82500015487074,29.5706014401949,66.3114488662235));
#1184=CARTESIAN_POINT('Ctrl Pts',(5.82503764996924,30.2331265751263,65.928939801226));
#1185=CARTESIAN_POINT('Ctrl Pts',(5.16251890321903,30.5643985167239,65.7376798565697));
#1186=CARTESIAN_POINT('Ctrl Pts',(4.50000015646219,30.8956704583215,65.5464199119133));
#1187=CARTESIAN_POINT('Ctrl Pts',(3.83748140971531,30.5643985167289,65.7376798565668));
#1188=CARTESIAN_POINT('Ctrl Pts',(3.17496266296178,30.2331265751363,65.9289398012203));
#1189=CARTESIAN_POINT('Ctrl Pts',(3.17500015805364,29.5706014402049,66.3114488662178));
#1190=CARTESIAN_POINT('',(3.17500015805363,29.5706014402049,66.3114488662178));
#1191=CARTESIAN_POINT('',(3.17500015646219,29.4706576807377,66.1382113149742));
#1192=CARTESIAN_POINT('',(3.17500021877584,29.5206295604729,66.224830090595));
#1193=CARTESIAN_POINT('',(5.82500015487074,29.5706014401991,66.3114488662211));
#1194=CARTESIAN_POINT('Origin',(4.50000015646219,29.5706576807326,66.311416395734));
#1195=CARTESIAN_POINT('',(5.82500015646219,29.4706576807275,66.13821131498));
#1196=CARTESIAN_POINT('',(5.82500009414854,29.5206295604628,66.2248300906009));
#1197=CARTESIAN_POINT('Origin',(4.50000015646219,29.4706576807326,66.1382113149771));
#1198=CARTESIAN_POINT('Origin',(-6.,34.9833176925195,63.1864156808969));
#1199=CARTESIAN_POINT('',(7.00000015561873,29.5706014401841,66.3114488662298));
#1200=CARTESIAN_POINT('',(4.50000015646219,31.735609165672,65.0614810731217));
#1201=CARTESIAN_POINT('Origin',(4.5000001564622,29.5705451996717,66.3114813367048));
#1202=CARTESIAN_POINT('',(2.00000015730566,29.5706014402118,66.3114488662138));
#1203=CARTESIAN_POINT('Origin',(4.5000001564622,29.5706576807326,66.311416395734));
#1204=CARTESIAN_POINT('Origin',(4.5000001564622,29.5705451996717,66.3114813367048));
#1205=CARTESIAN_POINT('',(5.82500015646219,29.5705451996717,66.3114813367048));
#1206=CARTESIAN_POINT('Origin',(4.50000015646219,29.5705451996717,66.3114813367048));
#1207=CARTESIAN_POINT('Origin',(4.50000015646219,29.5705451996717,66.3114813367048));
#1208=CARTESIAN_POINT('Ctrl Pts',(2.0000001564622,29.4706576807326,66.1382113149771));
#1209=CARTESIAN_POINT('Ctrl Pts',(2.0000001564622,27.3055937147322,67.3882115785602));
#1210=CARTESIAN_POINT('Ctrl Pts',(4.5000001564622,27.3055937147322,67.3882115785602));
#1211=CARTESIAN_POINT('Ctrl Pts',(7.00000015646219,27.3055937147322,67.3882115785602));
#1212=CARTESIAN_POINT('Ctrl Pts',(7.00000015646219,29.4706576807326,66.1382113149771));
#1213=CARTESIAN_POINT('Ctrl Pts',(2.0000001564622,29.5706576807326,66.311416395734));
#1214=CARTESIAN_POINT('Ctrl Pts',(2.00000015646219,27.4055937147322,67.5614166593171));
#1215=CARTESIAN_POINT('Ctrl Pts',(4.5000001564622,27.4055937147322,67.5614166593171));
#1216=CARTESIAN_POINT('Ctrl Pts',(7.0000001564622,27.4055937147322,67.5614166593171));
#1217=CARTESIAN_POINT('Ctrl Pts',(7.0000001564622,29.5706576807326,66.311416395734));
#1218=CARTESIAN_POINT('',(7.0000001564622,29.4706576807233,66.1382113149824));
#1219=CARTESIAN_POINT('',(7.00000004806601,29.5206295604581,66.2248300906036));
#1220=CARTESIAN_POINT('',(2.0000001564622,29.4706576807419,66.1382113149718));
#1221=CARTESIAN_POINT('Origin',(4.5000001564622,29.4706576807326,66.1382113149771));
#1222=CARTESIAN_POINT('',(2.00000026485838,29.5206295604766,66.2248300905929));
#1223=CARTESIAN_POINT('Origin',(4.50000015646219,38.2934984661418,56.4146066029244));
#1224=CARTESIAN_POINT('',(5.82500042927169,41.8448752760599,62.5748153494501));
#1225=CARTESIAN_POINT('',(5.82500015646219,38.2934984661418,56.4146066029244));
#1226=CARTESIAN_POINT('',(4.50000015646219,40.6791245254625,63.2058207828062));
#1227=CARTESIAN_POINT('Ctrl Pts',(4.50000015646219,40.6791245254625,63.2058207828062));
#1228=CARTESIAN_POINT('Ctrl Pts',(4.34461020362819,40.6791245254625,63.2058207828062));
#1229=CARTESIAN_POINT('Ctrl Pts',(4.17890682200525,40.7032208448031,63.189698097506));
#1230=CARTESIAN_POINT('Ctrl Pts',(3.87087377331448,40.8029285735215,63.1257659427981));
#1231=CARTESIAN_POINT('Ctrl Pts',(3.72839929844286,40.8786719472991,63.0783314568511));
#1232=CARTESIAN_POINT('Ctrl Pts',(3.49663235159746,41.0587733688751,62.9722758323919));
#1233=CARTESIAN_POINT('Ctrl Pts',(3.39191196584597,41.1751630705152,62.9067739072926));
#1234=CARTESIAN_POINT('Ctrl Pts',(3.2403571784502,41.4422735869175,62.7669549793693));
#1235=CARTESIAN_POINT('Ctrl Pts',(3.19369318904056,41.5935066260292,62.6925608384955));
#1236=CARTESIAN_POINT('Ctrl Pts',(3.1656444700503,41.8905496014605,62.552883373282));
#1237=CARTESIAN_POINT('Ctrl Pts',(3.18264555272668,42.0560833152025,62.4781628693783));
#1238=CARTESIAN_POINT('Ctrl Pts',(3.29327669602412,42.3740435257133,62.3373723194287));
#1239=CARTESIAN_POINT('Ctrl Pts',(3.38751388769707,42.5257227347577,62.2712826822647));
#1240=CARTESIAN_POINT('Ctrl Pts',(3.62081969297538,42.7707814363733,62.1643348046512));
#1241=CARTESIAN_POINT('Ctrl Pts',(3.77524923485019,42.880222542419,62.116520738334));
#1242=CARTESIAN_POINT('Ctrl Pts',(4.1242028268896,43.0269999431854,62.0521311868412));
#1243=CARTESIAN_POINT('Ctrl Pts',(4.31803716105634,43.0638091661133,62.0358982840246));
#1244=CARTESIAN_POINT('Ctrl Pts',(4.68183579478798,43.0638089675881,62.0358983741591));
#1245=CARTESIAN_POINT('Ctrl Pts',(4.87554340671936,43.0270512726997,62.0521085411222));
#1246=CARTESIAN_POINT('Ctrl Pts',(5.22431778839237,42.8804601318443,62.1164166634931));
#1247=CARTESIAN_POINT('Ctrl Pts',(5.37869560228828,42.7711526284186,62.1641728251497));
#1248=CARTESIAN_POINT('Ctrl Pts',(5.61215900894329,42.5262047154065,62.2710723565049));
#1249=CARTESIAN_POINT('Ctrl Pts',(5.70653061440372,42.374451214065,62.3371933875325));
#1250=CARTESIAN_POINT('Ctrl Pts',(5.80483785198053,42.0921711410542,62.4621821391163));
#1251=CARTESIAN_POINT('Ctrl Pts',(5.8247322760207,41.9650234313757,62.5193350650424));
#1252=CARTESIAN_POINT('Ctrl Pts',(5.82500042927169,41.8448752760599,62.5748153494501));
#1253=CARTESIAN_POINT('Ctrl Pts',(5.82500042927169,41.8448752760599,62.5748153494501));
#1254=CARTESIAN_POINT('Ctrl Pts',(5.825078499625,41.8098952454252,62.5909679241034));
#1255=CARTESIAN_POINT('Ctrl Pts',(5.82349298901105,41.7755085177946,62.6069787206969));
#1256=CARTESIAN_POINT('Ctrl Pts',(5.80630141397622,41.5934463058737,62.6925891663618));
#1257=CARTESIAN_POINT('Ctrl Pts',(5.75960644395637,41.442158983148,62.7670116471852));
#1258=CARTESIAN_POINT('Ctrl Pts',(5.60795198997441,41.1749725184869,62.9068769175363));
#1259=CARTESIAN_POINT('Ctrl Pts',(5.50316288793033,41.0585603348523,62.9723968339621));
#1260=CARTESIAN_POINT('Ctrl Pts',(5.27133777275177,40.8785210790051,63.0784246840003));
#1261=CARTESIAN_POINT('Ctrl Pts',(5.12890049849511,40.8028339114077,63.1258259007872));
#1262=CARTESIAN_POINT('Ctrl Pts',(4.8209673615195,40.7032015248776,63.1897111646863));
#1263=CARTESIAN_POINT('Ctrl Pts',(4.6553269713606,40.6791245254625,63.2058207828062));
#1264=CARTESIAN_POINT('Ctrl Pts',(4.50000015646219,40.6791245254625,63.2058207828062));
#1265=CARTESIAN_POINT('',(3.22408161116087,41.2351482391311,62.2327302614362));
#1266=CARTESIAN_POINT('',(5.77591870176351,41.2351482391311,62.2327302614362));
#1267=CARTESIAN_POINT('Ctrl Pts',(3.22408161116087,41.2351482391311,62.2327302614362));
#1268=CARTESIAN_POINT('Ctrl Pts',(3.23829138706518,41.1927650015092,62.2608132184084));
#1269=CARTESIAN_POINT('Ctrl Pts',(3.25561103839665,41.1508619355538,62.2885152223248));
#1270=CARTESIAN_POINT('Ctrl Pts',(3.34351120799506,40.9734141866233,62.4055787324555));
#1271=CARTESIAN_POINT('Ctrl Pts',(3.44556866688582,40.848444181374,62.4873481476374));
#1272=CARTESIAN_POINT('Ctrl Pts',(3.68096311388563,40.651045795578,62.615944366745));
#1273=CARTESIAN_POINT('Ctrl Pts',(3.82988711600947,40.5653936901912,62.6713936203689));
#1274=CARTESIAN_POINT('Ctrl Pts',(4.15623253086838,40.4517326016346,62.7448171013618));
#1275=CARTESIAN_POINT('Ctrl Pts',(4.33365370467435,40.4237404327084,62.76281841604));
#1276=CARTESIAN_POINT('Ctrl Pts',(4.50000015646219,40.4237404327084,62.76281841604));
#1277=CARTESIAN_POINT('Ctrl Pts',(4.66634660825003,40.4237404327084,62.76281841604));
#1278=CARTESIAN_POINT('Ctrl Pts',(4.84376778205599,40.4517326016346,62.7448171013618));
#1279=CARTESIAN_POINT('Ctrl Pts',(5.1701131969149,40.5653936901912,62.6713936203689));
#1280=CARTESIAN_POINT('Ctrl Pts',(5.31903719903874,40.651045795578,62.615944366745));
#1281=CARTESIAN_POINT('Ctrl Pts',(5.55443164603855,40.848444181374,62.4873481476374));
#1282=CARTESIAN_POINT('Ctrl Pts',(5.65648910492932,40.9734141866233,62.4055787324555));
#1283=CARTESIAN_POINT('Ctrl Pts',(5.74438927452772,41.1508619355538,62.2885152223248));
#1284=CARTESIAN_POINT('Ctrl Pts',(5.7617089258592,41.1927650015092,62.2608132184084));
#1285=CARTESIAN_POINT('Ctrl Pts',(5.7759187017635,41.2351482391311,62.2327302614362));
#1286=CARTESIAN_POINT('Origin',(4.50000015646219,41.5445713954962,62.0540847188152));
#1287=CARTESIAN_POINT('Origin',(4.5000001564622,40.2959776720443,59.8882099039294));
#1288=CARTESIAN_POINT('',(6.97433710209219,41.2351482391326,62.2327302614352));
#1289=CARTESIAN_POINT('',(4.5000001564622,43.5940989778091,60.6036690342158));
#1290=CARTESIAN_POINT('Ctrl Pts',(6.97433710209219,41.2351482391326,62.2327302614352));
#1291=CARTESIAN_POINT('Ctrl Pts',(6.99171896043723,41.3356882658686,62.1661128578759));
#1292=CARTESIAN_POINT('Ctrl Pts',(7.0000001937151,41.4357316090939,62.099469026618));
#1293=CARTESIAN_POINT('Ctrl Pts',(7.0000001937151,41.7948482728097,61.8590334368428));
#1294=CARTESIAN_POINT('Ctrl Pts',(6.9371472744942,42.072791312968,61.6703004730615));
#1295=CARTESIAN_POINT('Ctrl Pts',(6.68163907056126,42.5820765540447,61.3197560794981));
#1296=CARTESIAN_POINT('Ctrl Pts',(6.48898622585897,42.8134836884537,61.1580372183731));
#1297=CARTESIAN_POINT('Ctrl Pts',(6.04492970332527,43.1775170822,60.90157301931));
#1298=CARTESIAN_POINT('Ctrl Pts',(5.76414462903482,43.334678546635,60.7895730835578));
#1299=CARTESIAN_POINT('Ctrl Pts',(5.14864528360428,43.5429449306837,60.6405681636482));
#1300=CARTESIAN_POINT('Ctrl Pts',(4.81392201515051,43.5940989778091,60.6036690342158));
#1301=CARTESIAN_POINT('Ctrl Pts',(4.5000001564622,43.5940989778091,60.6036690342158));
#1302=CARTESIAN_POINT('',(2.02566321083226,41.2351482391323,62.2327302614354));
#1303=CARTESIAN_POINT('Origin',(4.5000001564622,41.5445713954962,62.0540847188152));
#1304=CARTESIAN_POINT('Ctrl Pts',(4.5000001564622,43.5940989778091,60.6036690342158));
#1305=CARTESIAN_POINT('Ctrl Pts',(4.18607829777388,43.5940989778091,60.6036690342158));
#1306=CARTESIAN_POINT('Ctrl Pts',(3.85135502932011,43.5429449306837,60.6405681636482));
#1307=CARTESIAN_POINT('Ctrl Pts',(3.23585568388958,43.334678546635,60.7895730835579));
#1308=CARTESIAN_POINT('Ctrl Pts',(2.95507060959912,43.1775170822001,60.90157301931));
#1309=CARTESIAN_POINT('Ctrl Pts',(2.51101408706542,42.8134836884537,61.1580372183731));
#1310=CARTESIAN_POINT('Ctrl Pts',(2.31836124236314,42.5820765540447,61.3197560794981));
#1311=CARTESIAN_POINT('Ctrl Pts',(2.06285303843019,42.072791312968,61.6703004730615));
#1312=CARTESIAN_POINT('Ctrl Pts',(2.00000011920929,41.7948482728097,61.8590334368428));
#1313=CARTESIAN_POINT('Ctrl Pts',(2.00000011920929,41.4357305037165,62.0994697666898));
#1314=CARTESIAN_POINT('Ctrl Pts',(2.0082814964598,41.3356874331029,62.166113409663));
#1315=CARTESIAN_POINT('Ctrl Pts',(2.02566321083226,41.2351482391322,62.2327302614354));
#1316=CARTESIAN_POINT('',(4.5000001564622,42.4618525192042,58.639616161872));
#1317=CARTESIAN_POINT('Origin',(-16.5000001564622,27.4641242303427,62.6575753132113));
#1318=CARTESIAN_POINT('',(-15.1751197212363,30.9168411414797,68.6467073720865));
#1319=CARTESIAN_POINT('',(-15.1750001564622,27.4641242303427,62.6575753132113));
#1320=CARTESIAN_POINT('',(-16.5000001564622,29.8470893622267,69.4441737116655));
#1321=CARTESIAN_POINT('Ctrl Pts',(-16.5000001564622,29.8470893622267,69.4441737116655));
#1322=CARTESIAN_POINT('Ctrl Pts',(-16.6869524822428,29.8470893622267,69.4441737116655));
#1323=CARTESIAN_POINT('Ctrl Pts',(-16.886225826611,29.8816888441168,69.4195654257146));
#1324=CARTESIAN_POINT('Ctrl Pts',(-17.242863238583,30.0186360586093,69.3208141166414));
#1325=CARTESIAN_POINT('Ctrl Pts',(-17.3994811363684,30.1202781339563,69.2468965021345));
#1326=CARTESIAN_POINT('Ctrl Pts',(-17.633080016774,30.345991796534,69.0799290349176));
#1327=CARTESIAN_POINT('Ctrl Pts',(-17.7251152281635,30.4849303744434,68.9757189768888));
#1328=CARTESIAN_POINT('Ctrl Pts',(-17.8260238071667,30.7729204575556,68.7569310066386));
#1329=CARTESIAN_POINT('Ctrl Pts',(-17.8355847032084,30.9212864497363,68.643081578549));
#1330=CARTESIAN_POINT('Ctrl Pts',(-17.7927034699294,31.1859234060679,68.4417312471071));
#1331=CARTESIAN_POINT('Ctrl Pts',(-17.7378177790514,31.3199238068649,68.3410116085862));
#1332=CARTESIAN_POINT('Ctrl Pts',(-17.5744675367549,31.5572383865558,68.1691574129652));
#1333=CARTESIAN_POINT('Ctrl Pts',(-17.4665116355589,31.6611916820092,68.0976728103002));
#1334=CARTESIAN_POINT('Ctrl Pts',(-17.2354719260205,31.8230968587635,67.9911893860678));
#1335=CARTESIAN_POINT('Ctrl Pts',(-17.0970946348538,31.8919068606916,67.9487938039347));
#1336=CARTESIAN_POINT('Ctrl Pts',(-16.8028261480938,31.9831006545184,67.8942959128351));
#1337=CARTESIAN_POINT('Ctrl Pts',(-16.6465890209779,32.00540994005,67.8816964831149));
#1338=CARTESIAN_POINT('Ctrl Pts',(-16.3534112919466,32.00540994005,67.8816964831149));
#1339=CARTESIAN_POINT('Ctrl Pts',(-16.1971741648307,31.9831006545184,67.894295912835));
#1340=CARTESIAN_POINT('Ctrl Pts',(-15.9029056780706,31.8919068606916,67.9487938039347));
#1341=CARTESIAN_POINT('Ctrl Pts',(-15.764528386904,31.8230968587635,67.9911893860678));
#1342=CARTESIAN_POINT('Ctrl Pts',(-15.5334886773656,31.6611916820092,68.0976728103001));
#1343=CARTESIAN_POINT('Ctrl Pts',(-15.4255327761696,31.5572383865558,68.1691574129651));
#1344=CARTESIAN_POINT('Ctrl Pts',(-15.262182533873,31.3199238068648,68.3410116085861));
#1345=CARTESIAN_POINT('Ctrl Pts',(-15.207296842995,31.1859234060679,68.4417312471071));
#1346=CARTESIAN_POINT('Ctrl Pts',(-15.178724940589,31.009594958606,68.5758916146961));
#1347=CARTESIAN_POINT('Ctrl Pts',(-15.1750197755981,30.9637276797253,68.6108969334386));
#1348=CARTESIAN_POINT('Ctrl Pts',(-15.1751197212363,30.9168411414797,68.6467073720865));
#1349=CARTESIAN_POINT('Ctrl Pts',(-15.1751197212363,30.9168411414797,68.6467073720865));
#1350=CARTESIAN_POINT('Ctrl Pts',(-15.1753198722495,30.8229462172716,68.7184213127722));
#1351=CARTESIAN_POINT('Ctrl Pts',(-15.1907800460331,30.7249636534037,68.7933641078296));
#1352=CARTESIAN_POINT('Ctrl Pts',(-15.2748850847609,30.4849303744434,68.9757189768888));
#1353=CARTESIAN_POINT('Ctrl Pts',(-15.3669202961504,30.345991796534,69.0799290349176));
#1354=CARTESIAN_POINT('Ctrl Pts',(-15.600519176556,30.1202781339563,69.2468965021346));
#1355=CARTESIAN_POINT('Ctrl Pts',(-15.7571370743414,30.0186360586093,69.3208141166414));
#1356=CARTESIAN_POINT('Ctrl Pts',(-16.1137744863134,29.8816888441168,69.4195654257147));
#1357=CARTESIAN_POINT('Ctrl Pts',(-16.3130478306816,29.8470893622267,69.4441737116655));
#1358=CARTESIAN_POINT('Ctrl Pts',(-16.5000001564622,29.8470893622267,69.4441737116655));
#1359=CARTESIAN_POINT('Origin',(-16.5000001564622,29.4706576807326,66.1382113149772));
#1360=CARTESIAN_POINT('',(-17.479795966127,28.4588641074393,68.9882832062844));
#1361=CARTESIAN_POINT('',(-17.4797959662312,28.4722283747323,69.0114655508294));
#1362=CARTESIAN_POINT('',(-17.4797959661271,27.4780528187637,67.2869175591584));
#1363=CARTESIAN_POINT('',(-16.5000001564622,32.8696393224171,67.0286280398906));
#1364=CARTESIAN_POINT('Ctrl Pts',(-16.5000001564622,32.8696393224171,67.0286280398906));
#1365=CARTESIAN_POINT('Ctrl Pts',(-16.8138065400685,32.8696393224171,67.0286280398906));
#1366=CARTESIAN_POINT('Ctrl Pts',(-17.148485477504,32.8132569219542,67.0563691883745));
#1367=CARTESIAN_POINT('Ctrl Pts',(-17.7640236500203,32.5836221033201,67.1682517950234));
#1368=CARTESIAN_POINT('Ctrl Pts',(-18.0448810221474,32.4103158474462,67.252292973692));
#1369=CARTESIAN_POINT('Ctrl Pts',(-18.4892903324124,32.0087451985099,67.4443485557375));
#1370=CARTESIAN_POINT('Ctrl Pts',(-18.6820334019347,31.7534066913444,67.5652801073369));
#1371=CARTESIAN_POINT('Ctrl Pts',(-18.9373803956983,31.1922318224613,67.8261792114565));
#1372=CARTESIAN_POINT('Ctrl Pts',(-19.0000001564622,30.8863533679383,67.9660407132091));
#1373=CARTESIAN_POINT('Ctrl Pts',(-19.0000001564622,30.3105859585298,68.2247639769418));
#1374=CARTESIAN_POINT('Ctrl Pts',(-18.9370835878833,30.0021398362899,68.3609397447008));
#1375=CARTESIAN_POINT('Ctrl Pts',(-18.6812378576818,29.4327538088111,68.6080132401954));
#1376=CARTESIAN_POINT('Ctrl Pts',(-18.4883088846268,29.171858914905,68.7190148797739));
#1377=CARTESIAN_POINT('Ctrl Pts',(-18.0497454142185,28.7655813295402,68.8900463591897));
#1378=CARTESIAN_POINT('Ctrl Pts',(-17.7780659231433,28.5907121255117,68.9625824212773));
#1379=CARTESIAN_POINT('Ctrl Pts',(-17.4797959662312,28.4722283747515,69.0114655508184));
#1380=CARTESIAN_POINT('',(-16.5000001564622,31.6365324956184,64.8896175915253));
#1381=CARTESIAN_POINT('',(-15.5202043466932,28.4722283747323,69.0114655508294));
#1382=CARTESIAN_POINT('Ctrl Pts',(-15.5202043466932,28.4722283747515,69.0114655508184));
#1383=CARTESIAN_POINT('Ctrl Pts',(-15.2219343897811,28.5907121255117,68.9625824212773));
#1384=CARTESIAN_POINT('Ctrl Pts',(-14.9502548987059,28.7655813295402,68.8900463591897));
#1385=CARTESIAN_POINT('Ctrl Pts',(-14.5116914282975,29.171858914905,68.7190148797739));
#1386=CARTESIAN_POINT('Ctrl Pts',(-14.3187624552426,29.4327538088111,68.6080132401954));
#1387=CARTESIAN_POINT('Ctrl Pts',(-14.0629167250411,30.0021398362899,68.3609397447008));
#1388=CARTESIAN_POINT('Ctrl Pts',(-14.0000001564622,30.3105859585298,68.2247639769418));
#1389=CARTESIAN_POINT('Ctrl Pts',(-14.0000001564622,30.8863533679383,67.9660407132091));
#1390=CARTESIAN_POINT('Ctrl Pts',(-14.0626199172261,31.1922318224613,67.8261792114565));
#1391=CARTESIAN_POINT('Ctrl Pts',(-14.3179669109897,31.7534066913444,67.5652801073369));
#1392=CARTESIAN_POINT('Ctrl Pts',(-14.510709980512,32.0087451985099,67.4443485557375));
#1393=CARTESIAN_POINT('Ctrl Pts',(-14.9551192907769,32.4103158474462,67.252292973692));
#1394=CARTESIAN_POINT('Ctrl Pts',(-15.2359766629041,32.5836221033201,67.1682517950234));
#1395=CARTESIAN_POINT('Ctrl Pts',(-15.8515148354204,32.8132569219542,67.0563691883745));
#1396=CARTESIAN_POINT('Ctrl Pts',(-16.1861937728559,32.8696393224171,67.0286280398906));
#1397=CARTESIAN_POINT('Ctrl Pts',(-16.5000001564622,32.8696393224171,67.0286280398906));
#1398=CARTESIAN_POINT('',(-15.5202043467974,28.4588641074393,68.9882832062844));
#1399=CARTESIAN_POINT('',(-15.5202043467973,27.4780528187637,67.2869175591584));
#1400=CARTESIAN_POINT('Origin',(-16.5000001564622,30.4514689694082,67.8395769621031));
#1401=CARTESIAN_POINT('Origin',(-16.5000001564622,38.2934984661418,56.4146066029244));
#1402=CARTESIAN_POINT('',(-15.1750003925808,41.8448783628737,62.5748131776174));
#1403=CARTESIAN_POINT('',(-15.1750001564622,38.2934984661418,56.4146066029244));
#1404=CARTESIAN_POINT('',(-16.5000001564622,40.6791245254625,63.2058207828062));
#1405=CARTESIAN_POINT('Ctrl Pts',(-16.5000001564622,40.6791245254625,63.2058207828062));
#1406=CARTESIAN_POINT('Ctrl Pts',(-16.6553269713606,40.6791245254625,63.2058207828062));
#1407=CARTESIAN_POINT('Ctrl Pts',(-16.8209672121973,40.7032024477282,63.1897104961114));
#1408=CARTESIAN_POINT('Ctrl Pts',(-17.1289002647981,40.8028353501245,63.1258248910891));
#1409=CARTESIAN_POINT('Ctrl Pts',(-17.2713374759753,40.8785229680698,63.0784233611819));
#1410=CARTESIAN_POINT('Ctrl Pts',(-17.5031625238598,41.0585626125261,62.9723952574442));
#1411=CARTESIAN_POINT('Ctrl Pts',(-17.6079515867699,41.1749750818296,62.9068751437672));
#1412=CARTESIAN_POINT('Ctrl Pts',(-17.759605986515,41.4421618067686,62.7670096979117));
#1413=CARTESIAN_POINT('Ctrl Pts',(-17.8063009330023,41.5934492984235,62.6925870900094));
#1414=CARTESIAN_POINT('Ctrl Pts',(-17.8343652560645,41.8906565677325,62.5528323472582));
#1415=CARTESIAN_POINT('Ctrl Pts',(-17.8173294685306,42.0563043077885,62.4780624985356));
#1416=CARTESIAN_POINT('Ctrl Pts',(-17.7065300834035,42.3744543856069,62.3371910693943));
#1417=CARTESIAN_POINT('Ctrl Pts',(-17.6121585031693,42.5262079047979,62.2710700008744));
#1418=CARTESIAN_POINT('Ctrl Pts',(-17.3786951711794,42.7711557781581,62.1641704625867));
#1419=CARTESIAN_POINT('Ctrl Pts',(-17.2243174155668,42.8804632802083,62.11641428733));
#1420=CARTESIAN_POINT('Ctrl Pts',(-16.8755431870755,43.0270543583344,62.052106187919));
#1421=CARTESIAN_POINT('Ctrl Pts',(-16.6818356135678,43.0638121180287,62.0358959889043));
#1422=CARTESIAN_POINT('Ctrl Pts',(-16.3181646993566,43.0638121180287,62.0358959889043));
#1423=CARTESIAN_POINT('Ctrl Pts',(-16.1244571258489,43.0270543583344,62.0521061879189));
#1424=CARTESIAN_POINT('Ctrl Pts',(-15.7756828973575,42.8804632802083,62.11641428733));
#1425=CARTESIAN_POINT('Ctrl Pts',(-15.621305141745,42.7711557781582,62.1641704625867));
#1426=CARTESIAN_POINT('Ctrl Pts',(-15.3878418097551,42.5262079047979,62.2710700008744));
#1427=CARTESIAN_POINT('Ctrl Pts',(-15.2934702295209,42.3744543856069,62.3371910693943));
#1428=CARTESIAN_POINT('Ctrl Pts',(-15.1951629839179,42.0921743187743,62.4621798693514));
#1429=CARTESIAN_POINT('Ctrl Pts',(-15.1752685557462,41.9650265641631,62.5193328457125));
#1430=CARTESIAN_POINT('Ctrl Pts',(-15.1750003925808,41.8448783628737,62.5748131776174));
#1431=CARTESIAN_POINT('Ctrl Pts',(-15.1750003925808,41.8448783628737,62.5748131776174));
#1432=CARTESIAN_POINT('Ctrl Pts',(-15.174922319341,41.8098983188542,62.5909657660991));
#1433=CARTESIAN_POINT('Ctrl Pts',(-15.1765078265783,41.7755115777505,62.606976576272));
#1434=CARTESIAN_POINT('Ctrl Pts',(-15.193699379922,41.5934492984235,62.6925870900095));
#1435=CARTESIAN_POINT('Ctrl Pts',(-15.2403943264094,41.4421618067687,62.7670096979117));
#1436=CARTESIAN_POINT('Ctrl Pts',(-15.3920487261545,41.1749750818296,62.9068751437672));
#1437=CARTESIAN_POINT('Ctrl Pts',(-15.4968377890645,41.0585626125261,62.9723952574442));
#1438=CARTESIAN_POINT('Ctrl Pts',(-15.7286628369491,40.8785229680698,63.0784233611819));
#1439=CARTESIAN_POINT('Ctrl Pts',(-15.8711000481263,40.8028353501245,63.1258248910891));
#1440=CARTESIAN_POINT('Ctrl Pts',(-16.1790331007271,40.7032024477282,63.1897104961115));
#1441=CARTESIAN_POINT('Ctrl Pts',(-16.3446733415638,40.6791245254625,63.2058207828062));
#1442=CARTESIAN_POINT('Ctrl Pts',(-16.5000001564622,40.6791245254625,63.2058207828062));
#1443=CARTESIAN_POINT('',(-17.7759187017635,41.2351482391311,62.2327302614362));
#1444=CARTESIAN_POINT('',(-15.2240816111609,41.2351482391311,62.2327302614362));
#1445=CARTESIAN_POINT('Ctrl Pts',(-17.7759187017635,41.2351482391311,62.2327302614362));
#1446=CARTESIAN_POINT('Ctrl Pts',(-17.7617089258592,41.1927650015092,62.2608132184084));
#1447=CARTESIAN_POINT('Ctrl Pts',(-17.7443892745277,41.1508619355538,62.2885152223248));
#1448=CARTESIAN_POINT('Ctrl Pts',(-17.6564891049293,40.9734141866233,62.4055787324555));
#1449=CARTESIAN_POINT('Ctrl Pts',(-17.5544316460386,40.848444181374,62.4873481476374));
#1450=CARTESIAN_POINT('Ctrl Pts',(-17.3190371990388,40.651045795578,62.615944366745));
#1451=CARTESIAN_POINT('Ctrl Pts',(-17.1701131969149,40.5653936901912,62.6713936203689));
#1452=CARTESIAN_POINT('Ctrl Pts',(-16.843767782056,40.4517326016346,62.7448171013618));
#1453=CARTESIAN_POINT('Ctrl Pts',(-16.66634660825,40.4237404327084,62.76281841604));
#1454=CARTESIAN_POINT('Ctrl Pts',(-16.5000001564622,40.4237404327084,62.76281841604));
#1455=CARTESIAN_POINT('Ctrl Pts',(-16.3336537046744,40.4237404327084,62.76281841604));
#1456=CARTESIAN_POINT('Ctrl Pts',(-16.1562325308684,40.4517326016346,62.7448171013618));
#1457=CARTESIAN_POINT('Ctrl Pts',(-15.8298871160095,40.5653936901912,62.6713936203689));
#1458=CARTESIAN_POINT('Ctrl Pts',(-15.6809631138856,40.651045795578,62.615944366745));
#1459=CARTESIAN_POINT('Ctrl Pts',(-15.4455686668858,40.848444181374,62.4873481476374));
#1460=CARTESIAN_POINT('Ctrl Pts',(-15.3435112079951,40.9734141866233,62.4055787324555));
#1461=CARTESIAN_POINT('Ctrl Pts',(-15.2556110383967,41.1508619355538,62.2885152223248));
#1462=CARTESIAN_POINT('Ctrl Pts',(-15.2382913870652,41.1927650015092,62.2608132184084));
#1463=CARTESIAN_POINT('Ctrl Pts',(-15.2240816111609,41.2351482391311,62.2327302614362));
#1464=CARTESIAN_POINT('Origin',(-16.5000001564622,41.5445713954963,62.0540847188153));
#1465=CARTESIAN_POINT('Origin',(-16.5000001564622,40.2959776720444,59.8882099039295));
#1466=CARTESIAN_POINT('',(-14.0256632108324,41.2351482391314,62.232730261436));
#1467=CARTESIAN_POINT('',(-16.5000001564622,43.5940989778092,60.6036690342158));
#1468=CARTESIAN_POINT('Ctrl Pts',(-14.0256632108324,41.2351482391314,62.232730261436));
#1469=CARTESIAN_POINT('Ctrl Pts',(-14.0082814964598,41.3356874331023,62.1661134096633));
#1470=CARTESIAN_POINT('Ctrl Pts',(-14.0000001192093,41.4357305037162,62.0994697666899));
#1471=CARTESIAN_POINT('Ctrl Pts',(-14.0000001192093,41.7948482728097,61.8590334368428));
#1472=CARTESIAN_POINT('Ctrl Pts',(-14.0628530384302,42.072791312968,61.6703004730615));
#1473=CARTESIAN_POINT('Ctrl Pts',(-14.3183612423631,42.5820765540447,61.3197560794981));
#1474=CARTESIAN_POINT('Ctrl Pts',(-14.5110140870654,42.8134836884537,61.158037218373));
#1475=CARTESIAN_POINT('Ctrl Pts',(-14.9550706095991,43.1775170822,60.90157301931));
#1476=CARTESIAN_POINT('Ctrl Pts',(-15.2358556838896,43.334678546635,60.7895730835578));
#1477=CARTESIAN_POINT('Ctrl Pts',(-15.8513550293201,43.5429449306837,60.6405681636482));
#1478=CARTESIAN_POINT('Ctrl Pts',(-16.1860782977739,43.5940989778092,60.6036690342158));
#1479=CARTESIAN_POINT('Ctrl Pts',(-16.5000001564622,43.5940989778092,60.6036690342158));
#1480=CARTESIAN_POINT('',(-18.9743371020919,41.2351482391311,62.2327302614362));
#1481=CARTESIAN_POINT('Origin',(-16.5000001564622,41.5445713954963,62.0540847188153));
#1482=CARTESIAN_POINT('Ctrl Pts',(-16.5000001564622,43.5940989778092,60.6036690342158));
#1483=CARTESIAN_POINT('Ctrl Pts',(-16.8139220151505,43.5940989778092,60.6036690342158));
#1484=CARTESIAN_POINT('Ctrl Pts',(-17.1486452836043,43.5429449306837,60.6405681636482));
#1485=CARTESIAN_POINT('Ctrl Pts',(-17.7641446290348,43.334678546635,60.7895730835579));
#1486=CARTESIAN_POINT('Ctrl Pts',(-18.0449297033253,43.1775170822,60.90157301931));
#1487=CARTESIAN_POINT('Ctrl Pts',(-18.488986225859,42.8134836884537,61.158037218373));
#1488=CARTESIAN_POINT('Ctrl Pts',(-18.6816390705612,42.5820765540447,61.3197560794981));
#1489=CARTESIAN_POINT('Ctrl Pts',(-18.9371472744942,42.072791312968,61.6703004730615));
#1490=CARTESIAN_POINT('Ctrl Pts',(-19.0000001937151,41.7948482728097,61.8590334368428));
#1491=CARTESIAN_POINT('Ctrl Pts',(-19.0000001937151,41.4357305037161,62.09946976669));
#1492=CARTESIAN_POINT('Ctrl Pts',(-18.9917188164645,41.3356874331021,62.1661134096635));
#1493=CARTESIAN_POINT('Ctrl Pts',(-18.9743371020919,41.2351482391311,62.2327302614362));
#1494=CARTESIAN_POINT('',(-16.5000001564622,42.4618525192042,58.6396161618721));
#1495=CARTESIAN_POINT('Origin',(4.50000015646219,27.4641242303427,62.6575753132113));
#1496=CARTESIAN_POINT('',(5.82495528454532,30.9169376046002,68.6466730380203));
#1497=CARTESIAN_POINT('',(5.82500015646219,27.4641242303427,62.6575753132113));
#1498=CARTESIAN_POINT('',(4.50000015646219,29.8470893622267,69.4441737116655));
#1499=CARTESIAN_POINT('Ctrl Pts',(4.50000015646219,29.8470893622267,69.4441737116655));
#1500=CARTESIAN_POINT('Ctrl Pts',(4.31277231983075,29.8470893622267,69.4441737116655));
#1501=CARTESIAN_POINT('Ctrl Pts',(4.11322619341724,29.8817908443982,69.4194937485652));
#1502=CARTESIAN_POINT('Ctrl Pts',(3.75621066647799,30.01910253877,69.3204775832796));
#1503=CARTESIAN_POINT('Ctrl Pts',(3.59949061214827,30.1210036401238,69.2463683903425));
#1504=CARTESIAN_POINT('Ctrl Pts',(3.36625044108173,30.3469210474868,69.079236922293));
#1505=CARTESIAN_POINT('Ctrl Pts',(3.27450655600916,30.4857115097751,68.9751314765976));
#1506=CARTESIAN_POINT('Ctrl Pts',(3.17395149728314,30.7733349781707,68.7566169264586));
#1507=CARTESIAN_POINT('Ctrl Pts',(3.16445547523974,30.9214870244973,68.6429333067106));
#1508=CARTESIAN_POINT('Ctrl Pts',(3.20728476986131,31.185796756816,68.4418329804795));
#1509=CARTESIAN_POINT('Ctrl Pts',(3.26208592153813,31.3196784166115,68.3412015485484));
#1510=CARTESIAN_POINT('Ctrl Pts',(3.42518457371256,31.5568237753831,68.1694578096444));
#1511=CARTESIAN_POINT('Ctrl Pts',(3.53297558043482,31.6607262533735,68.0979966988933));
#1512=CARTESIAN_POINT('Ctrl Pts',(3.76389655729268,31.8227697056459,67.9914010369564));
#1513=CARTESIAN_POINT('Ctrl Pts',(3.90237600004011,31.8917101264696,67.948920486503));
#1514=CARTESIAN_POINT('Ctrl Pts',(4.19689647776246,31.9830809330917,67.8943138723684));
#1515=CARTESIAN_POINT('Ctrl Pts',(4.35328679335318,32.0054393957745,67.8816878062868));
#1516=CARTESIAN_POINT('Ctrl Pts',(4.6466189119278,32.0054441078227,67.881685979065));
#1517=CARTESIAN_POINT('Ctrl Pts',(4.80285943492435,31.9831394839143,67.8942836642688));
#1518=CARTESIAN_POINT('Ctrl Pts',(5.09713230679918,31.8919516351398,67.9487792535457));
#1519=CARTESIAN_POINT('Ctrl Pts',(5.23551378446448,31.8231473820883,67.9911726392673));
#1520=CARTESIAN_POINT('Ctrl Pts',(5.46655893454224,31.661249648956,68.0976532029831));
#1521=CARTESIAN_POINT('Ctrl Pts',(5.57452003219482,31.5573035789596,68.1691350391263));
#1522=CARTESIAN_POINT('Ctrl Pts',(5.73787712562021,31.3199983753473,68.3409856729789));
#1523=CARTESIAN_POINT('Ctrl Pts',(5.79276886411582,31.1860068340575,68.4417018635637));
#1524=CARTESIAN_POINT('Ctrl Pts',(5.82134702776245,31.0096863785064,68.5758593242626));
#1525=CARTESIAN_POINT('Ctrl Pts',(5.82505361402444,30.9638214901869,68.6108636700856));
#1526=CARTESIAN_POINT('Ctrl Pts',(5.82495528454532,30.9169376046002,68.6466730380203));
#1527=CARTESIAN_POINT('Ctrl Pts',(5.82495528454532,30.9169376046002,68.6466730380203));
#1528=CARTESIAN_POINT('Ctrl Pts',(5.8247583700986,30.8230480155081,68.7183848170028));
#1529=CARTESIAN_POINT('Ctrl Pts',(5.80930222190604,30.7250718398671,68.7933250565898));
#1530=CARTESIAN_POINT('Ctrl Pts',(5.72521604917121,30.485054422978,68.9756756290221));
#1531=CARTESIAN_POINT('Ctrl Pts',(5.63313819928303,30.3461107414899,69.0798786820143));
#1532=CARTESIAN_POINT('Ctrl Pts',(5.39969386328922,30.120467225697,69.246843395844));
#1533=CARTESIAN_POINT('Ctrl Pts',(5.0857717847255,29.9169305871971,69.3946605686022));
#1534=CARTESIAN_POINT('Ctrl Pts',(4.68695248224277,29.8470893622267,69.4441737116655));
#1535=CARTESIAN_POINT('Ctrl Pts',(4.50000015646219,29.8470893622267,69.4441737116655));
#1536=CARTESIAN_POINT('Origin',(4.5000001564622,29.4706576807326,66.1382113149771));
#1537=CARTESIAN_POINT('',(5.47979596623116,28.4722283747323,69.0114655508294));
#1538=CARTESIAN_POINT('',(5.47979596612702,28.4588641074393,68.9882832062844));
#1539=CARTESIAN_POINT('',(5.47979596612713,27.4780528187637,67.2869175591583));
#1540=CARTESIAN_POINT('',(3.52020434679737,28.4588641074393,68.9882832062844));
#1541=CARTESIAN_POINT('Origin',(4.5000001564622,30.4514689694082,67.8395769621031));
#1542=CARTESIAN_POINT('',(3.52020434669323,28.4722283747323,69.0114655508294));
#1543=CARTESIAN_POINT('',(3.52020434679726,27.4780528187637,67.2869175591583));
#1544=CARTESIAN_POINT('',(4.50000015646219,32.8696393224171,67.0286280398906));
#1545=CARTESIAN_POINT('Ctrl Pts',(4.5000001564622,32.8696393224171,67.0286280398906));
#1546=CARTESIAN_POINT('Ctrl Pts',(4.18591600243025,32.8696393224171,67.0286280398906));
#1547=CARTESIAN_POINT('Ctrl Pts',(3.8509599166283,32.8131579268163,67.0564180265254));
#1548=CARTESIAN_POINT('Ctrl Pts',(3.23499881548611,32.5831490102304,67.1684816880162));
#1549=CARTESIAN_POINT('Ctrl Pts',(2.95399567942797,32.4095674597562,67.2526547686215));
#1550=CARTESIAN_POINT('Ctrl Pts',(2.50988182318132,32.0077278325333,67.4448312211253));
#1551=CARTESIAN_POINT('Ctrl Pts',(2.31744335596348,31.7525197990612,67.5656959388472));
#1552=CARTESIAN_POINT('Ctrl Pts',(2.06251044661544,31.1917268619363,67.8264104657091));
#1553=CARTESIAN_POINT('Ctrl Pts',(2.0000001564622,30.8861000196303,67.9661545562298));
#1554=CARTESIAN_POINT('Ctrl Pts',(2.0000001564622,30.3105859585298,68.2247639769418));
#1555=CARTESIAN_POINT('Ctrl Pts',(2.06291672504112,30.0021398362899,68.3609397447008));
#1556=CARTESIAN_POINT('Ctrl Pts',(2.3187624552426,29.4327538088111,68.6080132401954));
#1557=CARTESIAN_POINT('Ctrl Pts',(2.51169142829753,29.171858914905,68.7190148797739));
#1558=CARTESIAN_POINT('Ctrl Pts',(2.95025489870591,28.7655813295402,68.8900463591897));
#1559=CARTESIAN_POINT('Ctrl Pts',(3.22193438978112,28.5907121255117,68.9625824212773));
#1560=CARTESIAN_POINT('Ctrl Pts',(3.52020434669323,28.4722283747515,69.0114655508184));
#1561=CARTESIAN_POINT('',(4.50000015646219,31.6365324956184,64.8896175915252));
#1562=CARTESIAN_POINT('Ctrl Pts',(5.47979596623116,28.4722283747515,69.0114655508184));
#1563=CARTESIAN_POINT('Ctrl Pts',(5.77806592314327,28.5907121255117,68.9625824212773));
#1564=CARTESIAN_POINT('Ctrl Pts',(6.04974541421848,28.7655813295402,68.8900463591897));
#1565=CARTESIAN_POINT('Ctrl Pts',(6.48830888462686,29.171858914905,68.7190148797739));
#1566=CARTESIAN_POINT('Ctrl Pts',(6.68123785768178,29.4327538088111,68.6080132401954));
#1567=CARTESIAN_POINT('Ctrl Pts',(6.93708358788326,30.0021398362898,68.3609397447008));
#1568=CARTESIAN_POINT('Ctrl Pts',(7.0000001564622,30.3105859585298,68.2247639769418));
#1569=CARTESIAN_POINT('Ctrl Pts',(7.0000001564622,30.8863533679383,67.9660407132091));
#1570=CARTESIAN_POINT('Ctrl Pts',(6.93738039569826,31.1922318224613,67.8261792114565));
#1571=CARTESIAN_POINT('Ctrl Pts',(6.68203340193468,31.7534066913444,67.5652801073369));
#1572=CARTESIAN_POINT('Ctrl Pts',(6.48929033241243,32.0087451985099,67.4443485557375));
#1573=CARTESIAN_POINT('Ctrl Pts',(6.04488102214744,32.4103158474462,67.252292973692));
#1574=CARTESIAN_POINT('Ctrl Pts',(5.76402365002029,32.5836221033201,67.1682517950234));
#1575=CARTESIAN_POINT('Ctrl Pts',(5.148485477504,32.8132569219542,67.0563691883745));
#1576=CARTESIAN_POINT('Ctrl Pts',(4.81380654006852,32.8696393224171,67.0286280398906));
#1577=CARTESIAN_POINT('Ctrl Pts',(4.5000001564622,32.8696393224171,67.0286280398906));
#1578=CARTESIAN_POINT('Ctrl Pts',(-16.5000001564622,40.7516822173338,65.3322322682718));
#1579=CARTESIAN_POINT('Ctrl Pts',(-16.792034165275,40.7516822173338,65.3322322682718));
#1580=CARTESIAN_POINT('Ctrl Pts',(-17.1035151308218,40.8012501162228,65.3013885762726));
#1581=CARTESIAN_POINT('Ctrl Pts',(-17.6765357525594,41.0025347542724,65.1752115513617));
#1582=CARTESIAN_POINT('Ctrl Pts',(-17.9378485721295,41.1540385805452,65.0798622279424));
#1583=CARTESIAN_POINT('Ctrl Pts',(-18.3509635622121,41.5028681100639,64.8579751888896));
#1584=CARTESIAN_POINT('Ctrl Pts',(-18.5298874736972,41.7233034571641,64.7166838521684));
#1585=CARTESIAN_POINT('Ctrl Pts',(-18.7671012570114,42.2042648955509,64.4040834761692));
#1586=CARTESIAN_POINT('Ctrl Pts',(-18.825292296052,42.4644301514427,64.2328599685209));
#1587=CARTESIAN_POINT('Ctrl Pts',(-18.8252911312445,42.9506179239967,63.9087850046801));
#1588=CARTESIAN_POINT('Ctrl Pts',(-18.7670255888287,43.2088156954768,63.7344835961552));
#1589=CARTESIAN_POINT('Ctrl Pts',(-18.5298748770397,43.6824374148962,63.4107904463653));
#1590=CARTESIAN_POINT('Ctrl Pts',(-18.3510953575487,43.8976924852639,63.2616644300765));
#1591=CARTESIAN_POINT('Ctrl Pts',(-17.9383113213645,44.2368466178788,63.0249592804131));
#1592=CARTESIAN_POINT('Ctrl Pts',(-17.677205741458,44.383346048685,62.9216615998231));
#1593=CARTESIAN_POINT('Ctrl Pts',(-17.1041081956841,44.5776810913716,62.7841115309591));
#1594=CARTESIAN_POINT('Ctrl Pts',(-16.7924424540887,44.6254270956246,62.7500782586061));
#1595=CARTESIAN_POINT('Ctrl Pts',(-16.2075578588363,44.6254270956246,62.7500782586062));
#1596=CARTESIAN_POINT('Ctrl Pts',(-15.8958921172409,44.5776810913716,62.784111530959));
#1597=CARTESIAN_POINT('Ctrl Pts',(-15.3227945714666,44.3833460486849,62.9216615998232));
#1598=CARTESIAN_POINT('Ctrl Pts',(-15.0616889915606,44.2368466178791,63.0249592804129));
#1599=CARTESIAN_POINT('Ctrl Pts',(-14.6489049553755,43.8976924852633,63.2616644300769));
#1600=CARTESIAN_POINT('Ctrl Pts',(-14.4701254358848,43.6824374148959,63.4107904463655));
#1601=CARTESIAN_POINT('Ctrl Pts',(-14.2329747240959,43.2088156954766,63.7344835961553));
#1602=CARTESIAN_POINT('Ctrl Pts',(-14.1747091816801,42.9506179239968,63.90878500468));
#1603=CARTESIAN_POINT('Ctrl Pts',(-14.1747080168726,42.464430151442,64.2328599685214));
#1604=CARTESIAN_POINT('Ctrl Pts',(-14.2328990559134,42.2042648955502,64.4040834761698));
#1605=CARTESIAN_POINT('Ctrl Pts',(-14.4701128392272,41.7233034571642,64.7166838521684));
#1606=CARTESIAN_POINT('Ctrl Pts',(-14.6490367507127,41.5028681100635,64.8579751888899));
#1607=CARTESIAN_POINT('Ctrl Pts',(-15.0621517407947,41.1540385805454,65.0798622279423));
#1608=CARTESIAN_POINT('Ctrl Pts',(-15.3234645603651,41.0025347542723,65.1752115513618));
#1609=CARTESIAN_POINT('Ctrl Pts',(-15.8964851821023,40.8012501162229,65.3013885762726));
#1610=CARTESIAN_POINT('Ctrl Pts',(-16.2079661476493,40.7516822173338,65.3322322682718));
#1611=CARTESIAN_POINT('Ctrl Pts',(-16.5000001564622,40.7516822173338,65.3322322682718));
#1612=CARTESIAN_POINT('Ctrl Pts',(-16.5000001564622,40.7274963200434,64.6234284397833));
#1613=CARTESIAN_POINT('Ctrl Pts',(-16.746411634633,40.7276832874016,64.6233362855642));
#1614=CARTESIAN_POINT('Ctrl Pts',(-17.0093687835992,40.7685692935619,64.597514237453));
#1615=CARTESIAN_POINT('Ctrl Pts',(-17.4939432410592,40.9360246495271,64.4920359289104));
#1616=CARTESIAN_POINT('Ctrl Pts',(-17.7157006120463,41.0622525531175,64.4127028561985));
#1617=CARTESIAN_POINT('Ctrl Pts',(-18.0683294465086,41.3547734706087,64.2294304203852));
#1618=CARTESIAN_POINT('Ctrl Pts',(-18.2225741506897,41.5405988785831,64.1133808769328));
#1619=CARTESIAN_POINT('Ctrl Pts',(-18.431261214042,41.950210719648,63.8583968477659));
#1620=CARTESIAN_POINT('Ctrl Pts',(-18.4856054830499,42.1741491832491,63.7193934299201));
#1621=CARTESIAN_POINT('Ctrl Pts',(-18.4949989280137,42.59729523933,63.4568179745424));
#1622=CARTESIAN_POINT('Ctrl Pts',(-18.4504221760527,42.8246598080769,63.315638573649));
#1623=CARTESIAN_POINT('Ctrl Pts',(-18.2554613952586,43.2464675870456,63.0529405884241));
#1624=CARTESIAN_POINT('Ctrl Pts',(-18.1047602427325,43.4405414518017,62.9314435272229));
#1625=CARTESIAN_POINT('Ctrl Pts',(-17.75179524113,43.7483102667355,62.7380339021452));
#1626=CARTESIAN_POINT('Ctrl Pts',(-17.5262350643735,43.8823915858347,62.6532339862004));
#1627=CARTESIAN_POINT('Ctrl Pts',(-17.0279284711351,44.0608371707708,62.5401046491219));
#1628=CARTESIAN_POINT('Ctrl Pts',(-16.7555631579379,44.1049081172959,62.5120091246825));
#1629=CARTESIAN_POINT('Ctrl Pts',(-16.244437154987,44.1049081172959,62.5120091246826));
#1630=CARTESIAN_POINT('Ctrl Pts',(-15.97207184179,44.0608371707709,62.5401046491218));
#1631=CARTESIAN_POINT('Ctrl Pts',(-15.4737652485511,43.8823915858346,62.6532339862005));
#1632=CARTESIAN_POINT('Ctrl Pts',(-15.2482050717952,43.7483102667358,62.738033902145));
#1633=CARTESIAN_POINT('Ctrl Pts',(-14.8952400701917,43.4405414518012,62.9314435272232));
#1634=CARTESIAN_POINT('Ctrl Pts',(-14.7445389176659,43.2464675870453,63.0529405884244));
#1635=CARTESIAN_POINT('Ctrl Pts',(-14.549578136872,42.8246598080768,63.3156385736491));
#1636=CARTESIAN_POINT('Ctrl Pts',(-14.505001384911,42.59729523933,63.4568179745424));
#1637=CARTESIAN_POINT('Ctrl Pts',(-14.5143948298747,42.1741491832483,63.7193934299206));
#1638=CARTESIAN_POINT('Ctrl Pts',(-14.5687390988828,41.9502107196473,63.8583968477664));
#1639=CARTESIAN_POINT('Ctrl Pts',(-14.7774261622347,41.5405988785832,64.1133808769327));
#1640=CARTESIAN_POINT('Ctrl Pts',(-14.9316708664162,41.3547734706083,64.2294304203855));
#1641=CARTESIAN_POINT('Ctrl Pts',(-15.2842997008779,41.0622525531176,64.4127028561984));
#1642=CARTESIAN_POINT('Ctrl Pts',(-15.5060570718653,40.936024649527,64.4920359289105));
#1643=CARTESIAN_POINT('Ctrl Pts',(-15.990631529325,40.768569293562,64.597514237453));
#1644=CARTESIAN_POINT('Ctrl Pts',(-16.2535886782913,40.7276832874016,64.6233362855642));
#1645=CARTESIAN_POINT('Ctrl Pts',(-16.5000001564622,40.7274963200434,64.6234284397833));
#1646=CARTESIAN_POINT('Ctrl Pts',(-16.5000001564622,40.7033104227529,63.9146246112947));
#1647=CARTESIAN_POINT('Ctrl Pts',(-16.7009495020026,40.7031234553947,63.9147167655138));
#1648=CARTESIAN_POINT('Ctrl Pts',(-16.9151135594199,40.735883270389,63.893584834931));
#1649=CARTESIAN_POINT('Ctrl Pts',(-17.3114927762983,40.8693454548698,63.8090005135403));
#1650=CARTESIAN_POINT('Ctrl Pts',(-17.4934854360585,40.9703089954976,63.7455827329259));
#1651=CARTESIAN_POINT('Ctrl Pts',(-17.7857966395634,41.2066572519812,63.6009400259486));
#1652=CARTESIAN_POINT('Ctrl Pts',(-17.9152649097774,41.3576796604106,63.5101781190028));
#1653=CARTESIAN_POINT('Ctrl Pts',(-18.0954460294843,41.6962159826715,63.312696326315));
#1654=CARTESIAN_POINT('Ctrl Pts',(-18.1459877460044,41.8837302666171,63.2060536286103));
#1655=CARTESIAN_POINT('Ctrl Pts',(-18.1646574592953,42.2439792523992,63.0047993773959));
#1656=CARTESIAN_POINT('Ctrl Pts',(-18.1339328813066,42.4404601951883,62.8969075210417));
#1657=CARTESIAN_POINT('Ctrl Pts',(-17.9809435651846,42.8104242134575,62.6950409273355));
#1658=CARTESIAN_POINT('Ctrl Pts',(-17.8584936179855,42.9833589382601,62.6012909037281));
#1659=CARTESIAN_POINT('Ctrl Pts',(-17.5652112514139,43.2596921293014,62.4510958408545));
#1660=CARTESIAN_POINT('Ctrl Pts',(-17.3752880926513,43.3814177430586,62.3848419009528));
#1661=CARTESIAN_POINT('Ctrl Pts',(-16.9517229116245,43.5438982789352,62.2961130697562));
#1662=CARTESIAN_POINT('Ctrl Pts',(-16.7187149097186,43.5843310963574,62.2739651228279));
#1663=CARTESIAN_POINT('Ctrl Pts',(-16.2812854032058,43.5843310963575,62.2739651228279));
#1664=CARTESIAN_POINT('Ctrl Pts',(-16.0482774012999,43.5438982789352,62.2961130697561));
#1665=CARTESIAN_POINT('Ctrl Pts',(-15.6247122202731,43.3814177430586,62.3848419009528));
#1666=CARTESIAN_POINT('Ctrl Pts',(-15.4347890615105,43.2596921293015,62.4510958408545));
#1667=CARTESIAN_POINT('Ctrl Pts',(-15.1415066949389,42.98335893826,62.6012909037281));
#1668=CARTESIAN_POINT('Ctrl Pts',(-15.0190567477398,42.8104242134575,62.6950409273355));
#1669=CARTESIAN_POINT('Ctrl Pts',(-14.8660674316177,42.4404601951883,62.8969075210417));
#1670=CARTESIAN_POINT('Ctrl Pts',(-14.835342853629,42.2439792523992,63.0047993773959));
#1671=CARTESIAN_POINT('Ctrl Pts',(-14.8540125669199,41.8837302666171,63.2060536286103));
#1672=CARTESIAN_POINT('Ctrl Pts',(-14.90455428344,41.6962159826715,63.312696326315));
#1673=CARTESIAN_POINT('Ctrl Pts',(-15.084735403147,41.3576796604105,63.5101781190028));
#1674=CARTESIAN_POINT('Ctrl Pts',(-15.214203673361,41.2066572519813,63.6009400259486));
#1675=CARTESIAN_POINT('Ctrl Pts',(-15.5065148768659,40.9703089954975,63.7455827329259));
#1676=CARTESIAN_POINT('Ctrl Pts',(-15.6885075366261,40.8693454548698,63.8090005135403));
#1677=CARTESIAN_POINT('Ctrl Pts',(-16.0848867535045,40.735883270389,63.893584834931));
#1678=CARTESIAN_POINT('Ctrl Pts',(-16.2990508109218,40.7031234553947,63.9147167655138));
#1679=CARTESIAN_POINT('Ctrl Pts',(-16.5000001564622,40.7033104227529,63.9146246112947));
#1680=CARTESIAN_POINT('Ctrl Pts',(-16.5000001564622,40.6791245254625,63.2058207828062));
#1681=CARTESIAN_POINT('Ctrl Pts',(-16.6553269713606,40.6791245254625,63.2058207828062));
#1682=CARTESIAN_POINT('Ctrl Pts',(-16.8209672121973,40.7032024477282,63.1897104961114));
#1683=CARTESIAN_POINT('Ctrl Pts',(-17.1289002647981,40.8028353501245,63.1258248910891));
#1684=CARTESIAN_POINT('Ctrl Pts',(-17.2713374759753,40.8785229680698,63.0784233611819));
#1685=CARTESIAN_POINT('Ctrl Pts',(-17.5031625238598,41.0585626125261,62.9723952574442));
#1686=CARTESIAN_POINT('Ctrl Pts',(-17.6079515867699,41.1749750818296,62.9068751437672));
#1687=CARTESIAN_POINT('Ctrl Pts',(-17.759605986515,41.4421618067686,62.7670096979117));
#1688=CARTESIAN_POINT('Ctrl Pts',(-17.8063009330023,41.5934492984235,62.6925870900094));
#1689=CARTESIAN_POINT('Ctrl Pts',(-17.8343652560645,41.8906565677325,62.5528323472582));
#1690=CARTESIAN_POINT('Ctrl Pts',(-17.8173294685306,42.0563043077885,62.4780624985356));
#1691=CARTESIAN_POINT('Ctrl Pts',(-17.7065300834035,42.3744543856069,62.3371910693943));
#1692=CARTESIAN_POINT('Ctrl Pts',(-17.6121585031693,42.5262079047979,62.2710700008744));
#1693=CARTESIAN_POINT('Ctrl Pts',(-17.3786951711794,42.7711557781581,62.1641704625867));
#1694=CARTESIAN_POINT('Ctrl Pts',(-17.2243174155668,42.8804632802083,62.11641428733));
#1695=CARTESIAN_POINT('Ctrl Pts',(-16.8755431870755,43.0270543583344,62.052106187919));
#1696=CARTESIAN_POINT('Ctrl Pts',(-16.6818356135678,43.0638121180287,62.0358959889043));
#1697=CARTESIAN_POINT('Ctrl Pts',(-16.3181646993566,43.0638121180287,62.0358959889043));
#1698=CARTESIAN_POINT('Ctrl Pts',(-16.1244571258489,43.0270543583344,62.0521061879189));
#1699=CARTESIAN_POINT('Ctrl Pts',(-15.7756828973575,42.8804632802083,62.11641428733));
#1700=CARTESIAN_POINT('Ctrl Pts',(-15.621305141745,42.7711557781582,62.1641704625867));
#1701=CARTESIAN_POINT('Ctrl Pts',(-15.3878418097551,42.5262079047979,62.2710700008744));
#1702=CARTESIAN_POINT('Ctrl Pts',(-15.2934702295209,42.3744543856069,62.3371910693943));
#1703=CARTESIAN_POINT('Ctrl Pts',(-15.1826708443937,42.0563043077885,62.4780624985356));
#1704=CARTESIAN_POINT('Ctrl Pts',(-15.1656350568599,41.8906565677325,62.5528323472582));
#1705=CARTESIAN_POINT('Ctrl Pts',(-15.193699379922,41.5934492984235,62.6925870900095));
#1706=CARTESIAN_POINT('Ctrl Pts',(-15.2403943264094,41.4421618067687,62.7670096979117));
#1707=CARTESIAN_POINT('Ctrl Pts',(-15.3920487261545,41.1749750818296,62.9068751437672));
#1708=CARTESIAN_POINT('Ctrl Pts',(-15.4968377890645,41.0585626125261,62.9723952574442));
#1709=CARTESIAN_POINT('Ctrl Pts',(-15.7286628369491,40.8785229680698,63.0784233611819));
#1710=CARTESIAN_POINT('Ctrl Pts',(-15.8711000481263,40.8028353501245,63.1258248910891));
#1711=CARTESIAN_POINT('Ctrl Pts',(-16.1790331007271,40.7032024477282,63.1897104961115));
#1712=CARTESIAN_POINT('Ctrl Pts',(-16.3446733415638,40.6791245254625,63.2058207828062));
#1713=CARTESIAN_POINT('Ctrl Pts',(-16.5000001564622,40.6791245254625,63.2058207828062));
#1714=CARTESIAN_POINT('',(-16.5000001564622,40.7516822173338,65.3322322682718));
#1715=CARTESIAN_POINT('',(-16.5000001564622,40.7516822173338,65.3322322682718));
#1716=CARTESIAN_POINT('Ctrl Pts',(-16.5000001564622,40.7516822173338,65.3322322682718));
#1717=CARTESIAN_POINT('Ctrl Pts',(-16.2079661476493,40.7516822173338,65.3322322682718));
#1718=CARTESIAN_POINT('Ctrl Pts',(-15.8964851821023,40.8012501162229,65.3013885762726));
#1719=CARTESIAN_POINT('Ctrl Pts',(-15.3234645603651,41.0025347542723,65.1752115513618));
#1720=CARTESIAN_POINT('Ctrl Pts',(-15.0621517407947,41.1540385805454,65.0798622279423));
#1721=CARTESIAN_POINT('Ctrl Pts',(-14.6490367507127,41.5028681100635,64.8579751888899));
#1722=CARTESIAN_POINT('Ctrl Pts',(-14.4701128392272,41.7233034571642,64.7166838521684));
#1723=CARTESIAN_POINT('Ctrl Pts',(-14.2328990559134,42.2042648955502,64.4040834761698));
#1724=CARTESIAN_POINT('Ctrl Pts',(-14.1747080168726,42.464430151442,64.2328599685214));
#1725=CARTESIAN_POINT('Ctrl Pts',(-14.1747091816801,42.9506179239968,63.90878500468));
#1726=CARTESIAN_POINT('Ctrl Pts',(-14.2329747240959,43.2088156954766,63.7344835961553));
#1727=CARTESIAN_POINT('Ctrl Pts',(-14.4701254358848,43.6824374148959,63.4107904463655));
#1728=CARTESIAN_POINT('Ctrl Pts',(-14.6489049553755,43.8976924852633,63.2616644300769));
#1729=CARTESIAN_POINT('Ctrl Pts',(-15.0616889915606,44.2368466178791,63.0249592804129));
#1730=CARTESIAN_POINT('Ctrl Pts',(-15.3227945714666,44.3833460486849,62.9216615998232));
#1731=CARTESIAN_POINT('Ctrl Pts',(-15.8958921172409,44.5776810913716,62.784111530959));
#1732=CARTESIAN_POINT('Ctrl Pts',(-16.2075578588363,44.6254270956246,62.7500782586062));
#1733=CARTESIAN_POINT('Ctrl Pts',(-16.7924424540887,44.6254270956246,62.7500782586061));
#1734=CARTESIAN_POINT('Ctrl Pts',(-17.1041081956841,44.5776810913716,62.7841115309591));
#1735=CARTESIAN_POINT('Ctrl Pts',(-17.677205741458,44.383346048685,62.9216615998231));
#1736=CARTESIAN_POINT('Ctrl Pts',(-17.9383113213645,44.2368466178788,63.0249592804131));
#1737=CARTESIAN_POINT('Ctrl Pts',(-18.3510953575487,43.8976924852639,63.2616644300765));
#1738=CARTESIAN_POINT('Ctrl Pts',(-18.5298748770397,43.6824374148962,63.4107904463653));
#1739=CARTESIAN_POINT('Ctrl Pts',(-18.7670255888287,43.2088156954768,63.7344835961552));
#1740=CARTESIAN_POINT('Ctrl Pts',(-18.8252911312445,42.9506179239967,63.9087850046801));
#1741=CARTESIAN_POINT('Ctrl Pts',(-18.825292296052,42.4644301514427,64.2328599685209));
#1742=CARTESIAN_POINT('Ctrl Pts',(-18.7671012570114,42.2042648955509,64.4040834761692));
#1743=CARTESIAN_POINT('Ctrl Pts',(-18.5298874736972,41.7233034571641,64.7166838521684));
#1744=CARTESIAN_POINT('Ctrl Pts',(-18.3509635622121,41.5028681100639,64.8579751888896));
#1745=CARTESIAN_POINT('Ctrl Pts',(-17.9378485721295,41.1540385805452,65.0798622279424));
#1746=CARTESIAN_POINT('Ctrl Pts',(-17.6765357525594,41.0025347542724,65.1752115513617));
#1747=CARTESIAN_POINT('Ctrl Pts',(-17.1035151308218,40.8012501162228,65.3013885762726));
#1748=CARTESIAN_POINT('Ctrl Pts',(-16.792034165275,40.7516822173338,65.3322322682718));
#1749=CARTESIAN_POINT('Ctrl Pts',(-16.5000001564622,40.7516822173338,65.3322322682718));
#1750=CARTESIAN_POINT('Origin',(-20.,0.,0.));
#1751=CARTESIAN_POINT('',(7.8,29.4674986750606,71.1383630577291));
#1752=CARTESIAN_POINT('',(7.8,50.4993082032632,58.1276186308179));
#1753=CARTESIAN_POINT('Origin',(7.8,0.,0.));
#1754=CARTESIAN_POINT('',(-19.8,50.4993082032632,58.1276186308179));
#1755=CARTESIAN_POINT('',(-20.,50.4993082032632,58.1276186308179));
#1756=CARTESIAN_POINT('',(-19.8,29.4674986750606,71.1383630577291));
#1757=CARTESIAN_POINT('Origin',(-19.8,0.,0.));
#1758=CARTESIAN_POINT('',(-20.,29.4674986750606,71.1383630577291));
#1759=CARTESIAN_POINT('',(4.50000015646219,40.7516822173338,65.3322322682718));
#1760=CARTESIAN_POINT('Ctrl Pts',(4.50000015646219,40.7516822173338,65.3322322682718));
#1761=CARTESIAN_POINT('Ctrl Pts',(4.79203416527494,40.7516822173338,65.3322322682718));
#1762=CARTESIAN_POINT('Ctrl Pts',(5.10351544314724,40.8012481580633,65.3013897785301));
#1763=CARTESIAN_POINT('Ctrl Pts',(5.67653626493169,41.0025317493737,65.1752134068135));
#1764=CARTESIAN_POINT('Ctrl Pts',(5.93784921604648,41.1540346512441,65.0798646556934));
#1765=CARTESIAN_POINT('Ctrl Pts',(6.35096434758628,41.5028634227624,64.8579780914826));
#1766=CARTESIAN_POINT('Ctrl Pts',(6.52988832075375,41.7232982021566,64.7166871077612));
#1767=CARTESIAN_POINT('Ctrl Pts',(6.76710216250871,42.2042591785853,64.4040870233295));
#1768=CARTESIAN_POINT('Ctrl Pts',(6.82529320880043,42.4644240858665,64.2328637296362));
#1769=CARTESIAN_POINT('Ctrl Pts',(6.82529202428442,42.9506115962716,63.9087889201014));
#1770=CARTESIAN_POINT('Ctrl Pts',(6.76702644457112,43.2088091615664,63.7344876312154));
#1771=CARTESIAN_POINT('Ctrl Pts',(6.52987564550253,43.6824307436978,63.4107945452453));
#1772=CARTESIAN_POINT('Ctrl Pts',(6.35109605226586,43.8976856997616,63.2616685884021));
#1773=CARTESIAN_POINT('Ctrl Pts',(5.93831187329966,44.236839773048,63.0249634551551));
#1774=CARTESIAN_POINT('Ctrl Pts',(5.67720619821441,44.3833391439731,62.9216658024755));
#1775=CARTESIAN_POINT('Ctrl Pts',(5.10410846372352,44.5776741808494,62.7841157164736));
#1776=CARTESIAN_POINT('Ctrl Pts',(4.79244265240809,44.6254201047065,62.7500825021358));
#1777=CARTESIAN_POINT('Ctrl Pts',(4.20735278240248,44.625420280505,62.7500823578381));
#1778=CARTESIAN_POINT('Ctrl Pts',(3.89548268216876,44.5776078566506,62.7841630751977));
#1779=CARTESIAN_POINT('Ctrl Pts',(3.32207356100398,44.3830222790869,62.9218896241195));
#1780=CARTESIAN_POINT('Ctrl Pts',(3.06086094879578,44.2363389505825,63.0253158159648));
#1781=CARTESIAN_POINT('Ctrl Pts',(2.648295029343,43.8970050069238,63.2621408015687));
#1782=CARTESIAN_POINT('Ctrl Pts',(2.469739246205,43.681837324028,63.4112026515419));
#1783=CARTESIAN_POINT('Ctrl Pts',(2.2328932687839,43.2084710789146,63.7347161024811));
#1784=CARTESIAN_POINT('Ctrl Pts',(2.17470843457563,42.9504415624722,63.9089022426656));
#1785=CARTESIAN_POINT('Ctrl Pts',(2.17470716052538,42.4645227278004,64.2327979739086));
#1786=CARTESIAN_POINT('Ctrl Pts',(2.23285141034709,42.2044570758321,64.4039569192151));
#1787=CARTESIAN_POINT('Ctrl Pts',(2.46988812171691,41.7236493647587,64.7164603215459));
#1788=CARTESIAN_POINT('Ctrl Pts',(2.64868200522311,41.5032682882402,64.8577189499616));
#1789=CARTESIAN_POINT('Ctrl Pts',(3.06167066435246,41.1543347421049,65.0796753625551));
#1790=CARTESIAN_POINT('Ctrl Pts',(3.32304595889479,41.0027219516914,65.1750939263486));
#1791=CARTESIAN_POINT('Ctrl Pts',(3.89624768983595,40.8012881563994,65.3013649371492));
#1792=CARTESIAN_POINT('Ctrl Pts',(4.20784744036495,40.7516822173338,65.3322322682718));
#1793=CARTESIAN_POINT('Ctrl Pts',(4.50000015646219,40.7516822173338,65.3322322682718));
#1794=CARTESIAN_POINT('',(4.50000015646219,29.6372999651661,71.0677889586607));
#1795=CARTESIAN_POINT('Ctrl Pts',(4.50000015646219,29.6372999651661,71.0677889586607));
#1796=CARTESIAN_POINT('Ctrl Pts',(4.79271551074205,29.6372999651661,71.0677889586607));
#1797=CARTESIAN_POINT('Ctrl Pts',(5.41680562722576,29.7465701733448,71.0224420481384));
#1798=CARTESIAN_POINT('Ctrl Pts',(5.93885159807795,30.0773779967224,70.8830062109798));
#1799=CARTESIAN_POINT('Ctrl Pts',(6.35146545547762,30.4583191108192,70.7201442516657));
#1800=CARTESIAN_POINT('Ctrl Pts',(6.53020412748722,30.6992753693264,70.6161550478558));
#1801=CARTESIAN_POINT('Ctrl Pts',(6.76713228974057,31.2252685246449,70.3851662020255));
#1802=CARTESIAN_POINT('Ctrl Pts',(6.82529038928471,31.5099859182628,70.2581798854783));
#1803=CARTESIAN_POINT('Ctrl Pts',(6.82529715122284,32.0424751054517,70.0169299862806));
#1804=CARTESIAN_POINT('Ctrl Pts',(6.76726357753495,32.3255962937455,69.8866537735103));
#1805=CARTESIAN_POINT('Ctrl Pts',(6.53024637890595,32.8460414143648,69.6435456179423));
#1806=CARTESIAN_POINT('Ctrl Pts',(6.35132600205207,33.0830996350466,69.5309720827125));
#1807=CARTESIAN_POINT('Ctrl Pts',(5.93815481125098,33.4564918076838,69.352064325495));
#1808=CARTESIAN_POINT('Ctrl Pts',(5.67700924998224,33.6177873324399,69.2738239790767));
#1809=CARTESIAN_POINT('Ctrl Pts',(5.10393639225381,33.8317540274945,69.169559538641));
#1810=CARTESIAN_POINT('Ctrl Pts',(4.79234980778772,33.8843296458231,69.1437226318895));
#1811=CARTESIAN_POINT('Ctrl Pts',(4.20735260344667,33.8843270503237,69.1437228462391));
#1812=CARTESIAN_POINT('Ctrl Pts',(3.89546635420144,33.8316389315092,69.1696133698075));
#1813=CARTESIAN_POINT('Ctrl Pts',(3.32193658417148,33.6172616297827,69.2740746387747));
#1814=CARTESIAN_POINT('Ctrl Pts',(3.0606341711326,33.4556637439376,69.3524582365566));
#1815=CARTESIAN_POINT('Ctrl Pts',(2.64778414179424,33.08197624005,69.5314976999079));
#1816=CARTESIAN_POINT('Ctrl Pts',(2.46919254512222,32.8450541842349,69.6439997158571));
#1817=CARTESIAN_POINT('Ctrl Pts',(2.23262246238639,32.3250149500367,69.8869090272886));
#1818=CARTESIAN_POINT('Ctrl Pts',(2.17470664194117,32.0421577413955,70.0170594111136));
#1819=CARTESIAN_POINT('Ctrl Pts',(2.17471429768302,31.5103234542077,70.2580098233518));
#1820=CARTESIAN_POINT('Ctrl Pts',(2.2327017832696,31.2259888738689,70.3848268514256));
#1821=CARTESIAN_POINT('Ctrl Pts',(2.46899746692553,30.7005936167858,70.6155581964522));
#1822=CARTESIAN_POINT('Ctrl Pts',(2.6472426551976,30.4598285221502,70.7194762770184));
#1823=CARTESIAN_POINT('Ctrl Pts',(3.05946241862217,30.0784976184808,70.8824923669338));
#1824=CARTESIAN_POINT('Ctrl Pts',(3.32054537412919,29.9125833036106,70.9524753963321));
#1825=CARTESIAN_POINT('Ctrl Pts',(3.8943549228372,29.6918249076826,71.0451204665627));
#1826=CARTESIAN_POINT('Ctrl Pts',(4.20685342880417,29.6372999651661,71.0677889586607));
#1827=CARTESIAN_POINT('Ctrl Pts',(4.50000015646219,29.6372999651661,71.0677889586607));
#1828=CARTESIAN_POINT('',(-16.5000001564622,29.6372999651661,71.0677889586607));
#1829=CARTESIAN_POINT('Ctrl Pts',(-16.5000001564622,29.6372999651661,71.0677889586607));
#1830=CARTESIAN_POINT('Ctrl Pts',(-16.2072848021824,29.6372999651661,71.0677889586607));
#1831=CARTESIAN_POINT('Ctrl Pts',(-15.8952164454341,29.6916674607804,71.0451854352636));
#1832=CARTESIAN_POINT('Ctrl Pts',(-15.3220601992464,29.9118317662301,70.9527910426564));
#1833=CARTESIAN_POINT('Ctrl Pts',(-15.0612005266528,30.0773125594085,70.8829928153858));
#1834=CARTESIAN_POINT('Ctrl Pts',(-14.6485201906192,30.4582322400664,70.7201628863483));
#1835=CARTESIAN_POINT('Ctrl Pts',(-14.4698055509643,30.6992096559841,70.6161597510994));
#1836=CARTESIAN_POINT('Ctrl Pts',(-14.232871233148,31.2252090501297,70.3851724564124));
#1837=CARTESIAN_POINT('Ctrl Pts',(-14.1747149028789,31.5099345640875,70.2581839770855));
#1838=CARTESIAN_POINT('Ctrl Pts',(-14.1747072385253,32.0424306633155,70.0169332916694));
#1839=CARTESIAN_POINT('Ctrl Pts',(-14.2327406534953,32.3255575002618,69.8866561769294));
#1840=CARTESIAN_POINT('Ctrl Pts',(-14.4697573872482,32.8460082480322,69.6435472716274));
#1841=CARTESIAN_POINT('Ctrl Pts',(-14.6486774417651,33.083070887871,69.5309731143638));
#1842=CARTESIAN_POINT('Ctrl Pts',(-15.0618481843173,33.4564675284887,69.3520647725954));
#1843=CARTESIAN_POINT('Ctrl Pts',(-15.322993425998,33.6177665375992,69.273823952884));
#1844=CARTESIAN_POINT('Ctrl Pts',(-15.8960658237986,33.8317367773569,69.1695590699798));
#1845=CARTESIAN_POINT('Ctrl Pts',(-16.2076521596157,33.8843152848126,69.1437217337066));
#1846=CARTESIAN_POINT('Ctrl Pts',(-16.7923481533085,33.8843152848126,69.1437217337066));
#1847=CARTESIAN_POINT('Ctrl Pts',(-17.1039344891256,33.8317367773569,69.1695590699798));
#1848=CARTESIAN_POINT('Ctrl Pts',(-17.6770068869265,33.6177665375992,69.2738239528841));
#1849=CARTESIAN_POINT('Ctrl Pts',(-17.9381521286071,33.4564675284887,69.3520647725954));
#1850=CARTESIAN_POINT('Ctrl Pts',(-18.3513228711592,33.0830708878711,69.5309731143638));
#1851=CARTESIAN_POINT('Ctrl Pts',(-18.530242925676,32.8460082480326,69.6435472716273));
#1852=CARTESIAN_POINT('Ctrl Pts',(-18.7672596594292,32.3255575002614,69.8866561769297));
#1853=CARTESIAN_POINT('Ctrl Pts',(-18.8252930743991,32.0424306633155,70.0169332916695));
#1854=CARTESIAN_POINT('Ctrl Pts',(-18.8252854100455,31.5099345640873,70.2581839770856));
#1855=CARTESIAN_POINT('Ctrl Pts',(-18.7671290797763,31.2252090501294,70.3851724564126));
#1856=CARTESIAN_POINT('Ctrl Pts',(-18.5301947619601,30.6992096559841,70.6161597510995));
#1857=CARTESIAN_POINT('Ctrl Pts',(-18.3514801223051,30.4582322400662,70.7201628863484));
#1858=CARTESIAN_POINT('Ctrl Pts',(-17.9387997862716,30.0773125594086,70.8829928153858));
#1859=CARTESIAN_POINT('Ctrl Pts',(-17.6779401136779,29.9118317662301,70.9527910426565));
#1860=CARTESIAN_POINT('Ctrl Pts',(-17.1047838674903,29.6916674607804,71.0451854352636));
#1861=CARTESIAN_POINT('Ctrl Pts',(-16.7927155107419,29.6372999651661,71.0677889586607));
#1862=CARTESIAN_POINT('Ctrl Pts',(-16.5000001564622,29.6372999651661,71.0677889586607));
#1863=CARTESIAN_POINT('Ctrl Pts',(4.50000015646219,40.7516822173338,65.3322322682718));
#1864=CARTESIAN_POINT('Ctrl Pts',(4.20784744036495,40.7516822173338,65.3322322682718));
#1865=CARTESIAN_POINT('Ctrl Pts',(3.89624768983595,40.8012881563994,65.3013649371492));
#1866=CARTESIAN_POINT('Ctrl Pts',(3.32304595889479,41.0027219516914,65.1750939263486));
#1867=CARTESIAN_POINT('Ctrl Pts',(3.06167066435246,41.1543347421049,65.0796753625551));
#1868=CARTESIAN_POINT('Ctrl Pts',(2.64868200522311,41.5032682882402,64.8577189499616));
#1869=CARTESIAN_POINT('Ctrl Pts',(2.46988812171691,41.7236493647587,64.7164603215459));
#1870=CARTESIAN_POINT('Ctrl Pts',(2.23285141034709,42.2044570758321,64.4039569192151));
#1871=CARTESIAN_POINT('Ctrl Pts',(2.17470716052538,42.4645227278004,64.2327979739086));
#1872=CARTESIAN_POINT('Ctrl Pts',(2.17470843457563,42.9504415624722,63.9089022426656));
#1873=CARTESIAN_POINT('Ctrl Pts',(2.2328932687839,43.2084710789146,63.7347161024811));
#1874=CARTESIAN_POINT('Ctrl Pts',(2.469739246205,43.681837324028,63.4112026515419));
#1875=CARTESIAN_POINT('Ctrl Pts',(2.648295029343,43.8970050069238,63.2621408015687));
#1876=CARTESIAN_POINT('Ctrl Pts',(3.06086094879578,44.2363389505825,63.0253158159648));
#1877=CARTESIAN_POINT('Ctrl Pts',(3.32207356100398,44.3830222790869,62.9218896241195));
#1878=CARTESIAN_POINT('Ctrl Pts',(3.89548268216876,44.5776078566506,62.7841630751977));
#1879=CARTESIAN_POINT('Ctrl Pts',(4.20735278240248,44.625420280505,62.7500823578381));
#1880=CARTESIAN_POINT('Ctrl Pts',(4.79244265240809,44.6254201047065,62.7500825021358));
#1881=CARTESIAN_POINT('Ctrl Pts',(5.10410846372352,44.5776741808494,62.7841157164736));
#1882=CARTESIAN_POINT('Ctrl Pts',(5.67720619821441,44.3833391439731,62.9216658024755));
#1883=CARTESIAN_POINT('Ctrl Pts',(5.93831187329966,44.236839773048,63.0249634551551));
#1884=CARTESIAN_POINT('Ctrl Pts',(6.35109605226586,43.8976856997616,63.2616685884021));
#1885=CARTESIAN_POINT('Ctrl Pts',(6.52987564550253,43.6824307436978,63.4107945452453));
#1886=CARTESIAN_POINT('Ctrl Pts',(6.76702644457112,43.2088091615664,63.7344876312154));
#1887=CARTESIAN_POINT('Ctrl Pts',(6.82529202428442,42.9506115962716,63.9087889201014));
#1888=CARTESIAN_POINT('Ctrl Pts',(6.82529320880043,42.4644240858665,64.2328637296362));
#1889=CARTESIAN_POINT('Ctrl Pts',(6.76710216250871,42.2042591785853,64.4040870233295));
#1890=CARTESIAN_POINT('Ctrl Pts',(6.52988832075375,41.7232982021566,64.7166871077612));
#1891=CARTESIAN_POINT('Ctrl Pts',(6.35096434758628,41.5028634227624,64.8579780914826));
#1892=CARTESIAN_POINT('Ctrl Pts',(5.93784921604648,41.1540346512441,65.0798646556934));
#1893=CARTESIAN_POINT('Ctrl Pts',(5.67653626493169,41.0025317493737,65.1752134068135));
#1894=CARTESIAN_POINT('Ctrl Pts',(5.10351544314724,40.8012481580633,65.3013897785301));
#1895=CARTESIAN_POINT('Ctrl Pts',(4.79203416527494,40.7516822173338,65.3322322682718));
#1896=CARTESIAN_POINT('Ctrl Pts',(4.50000015646219,40.7516822173338,65.3322322682718));
#1897=CARTESIAN_POINT('Ctrl Pts',(4.50000015646219,40.7274963200434,64.6234284397833));
#1898=CARTESIAN_POINT('Ctrl Pts',(4.2534885159055,40.7276834109953,64.6233362502478));
#1899=CARTESIAN_POINT('Ctrl Pts',(3.99043106942902,40.7686004681743,64.5974945149715));
#1900=CARTESIAN_POINT('Ctrl Pts',(3.50570246930722,40.9361800051982,64.4919381429733));
#1901=CARTESIAN_POINT('Ctrl Pts',(3.2838911392154,41.0624990599191,64.412547934223));
#1902=CARTESIAN_POINT('Ctrl Pts',(2.93136559223819,41.3551096582127,64.2292203045417));
#1903=CARTESIAN_POINT('Ctrl Pts',(2.77723066363371,41.5408912300181,64.1131985904909));
#1904=CARTESIAN_POINT('Ctrl Pts',(2.56869472247781,41.9503751749366,63.8582947825487));
#1905=CARTESIAN_POINT('Ctrl Pts',(2.51439205530531,42.1742289636979,63.7193439264521));
#1906=CARTESIAN_POINT('Ctrl Pts',(2.5050038590344,42.5971409826048,63.4569136955195));
#1907=CARTESIAN_POINT('Ctrl Pts',(2.549515215491,42.8243553484615,63.3158276140441));
#1908=CARTESIAN_POINT('Ctrl Pts',(2.74421690166784,43.245929357206,63.0532764208054));
#1909=CARTESIAN_POINT('Ctrl Pts',(2.89472399576464,43.4399203330142,62.9318324900625));
#1910=CARTESIAN_POINT('Ctrl Pts',(3.24749121237099,43.7478457057089,62.7383271263048));
#1911=CARTESIAN_POINT('Ctrl Pts',(3.47313996630241,43.8820942413102,62.6534220881735));
#1912=CARTESIAN_POINT('Ctrl Pts',(3.97171411139426,44.0607689292115,62.5401479904534));
#1913=CARTESIAN_POINT('Ctrl Pts',(4.24425791196589,44.1049012830355,62.5120133112286));
#1914=CARTESIAN_POINT('Ctrl Pts',(4.755563364121,44.104901142157,62.5120133087926));
#1915=CARTESIAN_POINT('Ctrl Pts',(5.02792873561782,44.0608302518677,62.540108864388));
#1916=CARTESIAN_POINT('Ctrl Pts',(5.52623552333154,43.8823846864017,62.6532381702255));
#1917=CARTESIAN_POINT('Ctrl Pts',(5.75179579200212,43.7483034193384,62.7380380859215));
#1918=CARTESIAN_POINT('Ctrl Pts',(6.10476093811396,43.4405346679042,62.9314476799004));
#1919=CARTESIAN_POINT('Ctrl Pts',(6.25546216339943,43.2464609150691,63.0529446900422));
#1920=CARTESIAN_POINT('Ctrl Pts',(6.45042303199603,42.8246532746522,63.3156426070004));
#1921=CARTESIAN_POINT('Ctrl Pts',(6.49499982095614,42.5972889113693,63.4568218907927));
#1922=CARTESIAN_POINT('Ctrl Pts',(6.48560639585911,42.1741431178198,63.7193971905183));
#1923=CARTESIAN_POINT('Ctrl Pts',(6.43126211950982,41.9502050026113,63.858400395177));
#1924=CARTESIAN_POINT('Ctrl Pts',(6.22257499776469,41.5405936236201,64.1133841323689));
#1925=CARTESIAN_POINT('Ctrl Pts',(6.06833023187374,41.3547687832856,64.2294333230546));
#1926=CARTESIAN_POINT('Ctrl Pts',(5.71570125596893,41.0622486238299,64.4127052839014));
#1927=CARTESIAN_POINT('Ctrl Pts',(5.49394375342862,40.9360216446214,64.4920377843865));
#1928=CARTESIAN_POINT('Ctrl Pts',(5.00936909592654,40.7685673354071,64.597515439694));
#1929=CARTESIAN_POINT('Ctrl Pts',(4.74641163463161,40.7276832873984,64.6233362855755));
#1930=CARTESIAN_POINT('Ctrl Pts',(4.50000015646219,40.7274963200434,64.6234284397833));
#1931=CARTESIAN_POINT('Ctrl Pts',(4.50000015646219,40.7033104227529,63.9146246112947));
#1932=CARTESIAN_POINT('Ctrl Pts',(4.29896912808764,40.703123331801,63.9147168008302));
#1933=CARTESIAN_POINT('Ctrl Pts',(4.08472344241218,40.7359085330282,63.8935685196837));
#1934=CARTESIAN_POINT('Ctrl Pts',(3.68821726290205,40.8694705200148,63.8089217261735));
#1935=CARTESIAN_POINT('Ctrl Pts',(3.50617882357993,40.9705076294849,63.7454588851832));
#1936=CARTESIAN_POINT('Ctrl Pts',(3.21394876458238,41.2069319989026,63.6007744778118));
#1937=CARTESIAN_POINT('Ctrl Pts',(3.08456942392918,41.3579212052558,63.5100356383476));
#1938=CARTESIAN_POINT('Ctrl Pts',(2.90451386631948,41.696355487813,63.3126171160357));
#1939=CARTESIAN_POINT('Ctrl Pts',(2.85400829426063,41.8838003901317,63.206014885952));
#1940=CARTESIAN_POINT('Ctrl Pts',(2.83534904559153,42.243850181328,63.0048719204281));
#1941=CARTESIAN_POINT('Ctrl Pts',(2.86602360601959,42.4401990456556,62.8970513578153));
#1942=CARTESIAN_POINT('Ctrl Pts',(3.01879904056128,42.8099514925353,62.6952985501652));
#1943=CARTESIAN_POINT('Ctrl Pts',(3.14108492127542,42.9828074086673,62.6015909937709));
#1944=CARTESIAN_POINT('Ctrl Pts',(3.43418942940018,43.2592746812469,62.4513234943112));
#1945=CARTESIAN_POINT('Ctrl Pts',(3.62418282955177,43.3811505801957,62.38498827428));
#1946=CARTESIAN_POINT('Ctrl Pts',(4.0479713976641,43.5438388706245,62.2961462715855));
#1947=CARTESIAN_POINT('Ctrl Pts',(4.28113203149293,43.5843281635829,62.2739673306341));
#1948=CARTESIAN_POINT('Ctrl Pts',(4.71871508307507,43.5843279301376,62.2739675675023));
#1949=CARTESIAN_POINT('Ctrl Pts',(4.95172313482507,43.5438952016814,62.2961153932078));
#1950=CARTESIAN_POINT('Ctrl Pts',(5.37528846327525,43.3814145894156,62.3848442957431));
#1951=CARTESIAN_POINT('Ctrl Pts',(5.56521168358582,43.2596889821282,62.4510981943833));
#1952=CARTESIAN_POINT('Ctrl Pts',(5.85849412309518,42.9833557472638,62.6012932650066));
#1953=CARTESIAN_POINT('Ctrl Pts',(5.98094409650682,42.8104210426937,62.6950432427355));
#1954=CARTESIAN_POINT('Ctrl Pts',(6.13393340305989,42.4404570161975,62.8969097863686));
#1955=CARTESIAN_POINT('Ctrl Pts',(6.16465797577628,42.2439761500479,63.0048015640443));
#1956=CARTESIAN_POINT('Ctrl Pts',(6.14598822691754,41.8837272739204,63.2060557054797));
#1957=CARTESIAN_POINT('Ctrl Pts',(6.09544648695525,41.6962131591221,63.3126982753377));
#1958=CARTESIAN_POINT('Ctrl Pts',(5.91526531296347,41.3576770970233,63.5101798929286));
#1959=CARTESIAN_POINT('Ctrl Pts',(5.78579700364286,41.2066549743291,63.6009416023902));
#1960=CARTESIAN_POINT('Ctrl Pts',(5.49348573282931,40.9703071064192,63.7455840557922));
#1961=CARTESIAN_POINT('Ctrl Pts',(5.31149300999818,40.86934401616,63.8090015232142));
#1962=CARTESIAN_POINT('Ctrl Pts',(4.91511370874021,40.7358823475338,63.8935855035223));
#1963=CARTESIAN_POINT('Ctrl Pts',(4.70094950200393,40.7031234553979,63.9147167655025));
#1964=CARTESIAN_POINT('Ctrl Pts',(4.50000015646219,40.7033104227529,63.9146246112947));
#1965=CARTESIAN_POINT('Ctrl Pts',(4.50000015646219,40.6791245254625,63.2058207828062));
#1966=CARTESIAN_POINT('Ctrl Pts',(4.34461020362819,40.6791245254625,63.2058207828062));
#1967=CARTESIAN_POINT('Ctrl Pts',(4.17890682200525,40.7032208448031,63.189698097506));
#1968=CARTESIAN_POINT('Ctrl Pts',(3.87087377331448,40.8029285735215,63.1257659427981));
#1969=CARTESIAN_POINT('Ctrl Pts',(3.72839929844286,40.8786719472991,63.0783314568511));
#1970=CARTESIAN_POINT('Ctrl Pts',(3.49663235159746,41.0587733688751,62.9722758323919));
#1971=CARTESIAN_POINT('Ctrl Pts',(3.39191196584597,41.1751630705152,62.9067739072926));
#1972=CARTESIAN_POINT('Ctrl Pts',(3.2403571784502,41.4422735869175,62.7669549793693));
#1973=CARTESIAN_POINT('Ctrl Pts',(3.19369318904056,41.5935066260292,62.6925608384955));
#1974=CARTESIAN_POINT('Ctrl Pts',(3.1656444700503,41.8905496014605,62.552883373282));
#1975=CARTESIAN_POINT('Ctrl Pts',(3.18264555272668,42.0560833152025,62.4781628693783));
#1976=CARTESIAN_POINT('Ctrl Pts',(3.29327669602412,42.3740435257133,62.3373723194287));
#1977=CARTESIAN_POINT('Ctrl Pts',(3.38751388769707,42.5257227347577,62.2712826822647));
#1978=CARTESIAN_POINT('Ctrl Pts',(3.62081969297538,42.7707814363733,62.1643348046512));
#1979=CARTESIAN_POINT('Ctrl Pts',(3.77524923485019,42.880222542419,62.116520738334));
#1980=CARTESIAN_POINT('Ctrl Pts',(4.1242028268896,43.0269999431854,62.0521311868412));
#1981=CARTESIAN_POINT('Ctrl Pts',(4.31803716105634,43.0638091661133,62.0358982840246));
#1982=CARTESIAN_POINT('Ctrl Pts',(4.68183579478798,43.0638089675881,62.0358983741591));
#1983=CARTESIAN_POINT('Ctrl Pts',(4.87554340671936,43.0270512726997,62.0521085411222));
#1984=CARTESIAN_POINT('Ctrl Pts',(5.22431778839237,42.8804601318443,62.1164166634931));
#1985=CARTESIAN_POINT('Ctrl Pts',(5.37869560228828,42.7711526284186,62.1641728251497));
#1986=CARTESIAN_POINT('Ctrl Pts',(5.61215900894329,42.5262047154065,62.2710723565049));
#1987=CARTESIAN_POINT('Ctrl Pts',(5.70653061440372,42.374451214065,62.3371933875325));
#1988=CARTESIAN_POINT('Ctrl Pts',(5.8173299904848,42.0563011292833,62.4780647621535));
#1989=CARTESIAN_POINT('Ctrl Pts',(5.834365772448,41.8906534651456,62.5528345347355));
#1990=CARTESIAN_POINT('Ctrl Pts',(5.80630141397622,41.5934463058737,62.6925891663618));
#1991=CARTESIAN_POINT('Ctrl Pts',(5.75960644395637,41.442158983148,62.7670116471852));
#1992=CARTESIAN_POINT('Ctrl Pts',(5.60795198997441,41.1749725184869,62.9068769175363));
#1993=CARTESIAN_POINT('Ctrl Pts',(5.50316288793033,41.0585603348523,62.9723968339621));
#1994=CARTESIAN_POINT('Ctrl Pts',(5.27133777275177,40.8785210790051,63.0784246840003));
#1995=CARTESIAN_POINT('Ctrl Pts',(5.12890049849511,40.8028339114077,63.1258259007872));
#1996=CARTESIAN_POINT('Ctrl Pts',(4.8209673615195,40.7032015248776,63.1897111646863));
#1997=CARTESIAN_POINT('Ctrl Pts',(4.6553269713606,40.6791245254625,63.2058207828062));
#1998=CARTESIAN_POINT('Ctrl Pts',(4.50000015646219,40.6791245254625,63.2058207828062));
#1999=CARTESIAN_POINT('',(4.50000015646219,40.7516822173338,65.3322322682718));
#2000=CARTESIAN_POINT('Ctrl Pts',(-16.5000001564622,29.6372999651661,71.0677889586607));
#2001=CARTESIAN_POINT('Ctrl Pts',(-16.7927155107419,29.6372999651661,71.0677889586607));
#2002=CARTESIAN_POINT('Ctrl Pts',(-17.1047838674903,29.6916674607804,71.0451854352636));
#2003=CARTESIAN_POINT('Ctrl Pts',(-17.6779401136779,29.9118317662301,70.9527910426565));
#2004=CARTESIAN_POINT('Ctrl Pts',(-17.9387997862716,30.0773125594086,70.8829928153858));
#2005=CARTESIAN_POINT('Ctrl Pts',(-18.3514801223051,30.4582322400662,70.7201628863484));
#2006=CARTESIAN_POINT('Ctrl Pts',(-18.5301947619601,30.6992096559841,70.6161597510995));
#2007=CARTESIAN_POINT('Ctrl Pts',(-18.7671290797763,31.2252090501294,70.3851724564126));
#2008=CARTESIAN_POINT('Ctrl Pts',(-18.8252854100455,31.5099345640873,70.2581839770856));
#2009=CARTESIAN_POINT('Ctrl Pts',(-18.8252930743991,32.0424306633155,70.0169332916695));
#2010=CARTESIAN_POINT('Ctrl Pts',(-18.7672596594292,32.3255575002614,69.8866561769297));
#2011=CARTESIAN_POINT('Ctrl Pts',(-18.530242925676,32.8460082480326,69.6435472716273));
#2012=CARTESIAN_POINT('Ctrl Pts',(-18.3513228711592,33.0830708878711,69.5309731143638));
#2013=CARTESIAN_POINT('Ctrl Pts',(-17.9381521286071,33.4564675284887,69.3520647725954));
#2014=CARTESIAN_POINT('Ctrl Pts',(-17.6770068869265,33.6177665375992,69.2738239528841));
#2015=CARTESIAN_POINT('Ctrl Pts',(-17.1039344891256,33.8317367773569,69.1695590699798));
#2016=CARTESIAN_POINT('Ctrl Pts',(-16.7923481533085,33.8843152848126,69.1437217337066));
#2017=CARTESIAN_POINT('Ctrl Pts',(-16.2076521596157,33.8843152848126,69.1437217337066));
#2018=CARTESIAN_POINT('Ctrl Pts',(-15.8960658237986,33.8317367773569,69.1695590699798));
#2019=CARTESIAN_POINT('Ctrl Pts',(-15.322993425998,33.6177665375992,69.273823952884));
#2020=CARTESIAN_POINT('Ctrl Pts',(-15.0618481843173,33.4564675284887,69.3520647725954));
#2021=CARTESIAN_POINT('Ctrl Pts',(-14.6486774417651,33.083070887871,69.5309731143638));
#2022=CARTESIAN_POINT('Ctrl Pts',(-14.4697573872482,32.8460082480322,69.6435472716274));
#2023=CARTESIAN_POINT('Ctrl Pts',(-14.2327406534953,32.3255575002618,69.8866561769294));
#2024=CARTESIAN_POINT('Ctrl Pts',(-14.1747072385253,32.0424306633155,70.0169332916694));
#2025=CARTESIAN_POINT('Ctrl Pts',(-14.1747149028789,31.5099345640875,70.2581839770855));
#2026=CARTESIAN_POINT('Ctrl Pts',(-14.232871233148,31.2252090501297,70.3851724564124));
#2027=CARTESIAN_POINT('Ctrl Pts',(-14.4698055509643,30.6992096559841,70.6161597510994));
#2028=CARTESIAN_POINT('Ctrl Pts',(-14.6485201906192,30.4582322400664,70.7201628863483));
#2029=CARTESIAN_POINT('Ctrl Pts',(-15.0612005266528,30.0773125594085,70.8829928153858));
#2030=CARTESIAN_POINT('Ctrl Pts',(-15.3220601992464,29.9118317662301,70.9527910426564));
#2031=CARTESIAN_POINT('Ctrl Pts',(-15.8952164454341,29.6916674607804,71.0451854352636));
#2032=CARTESIAN_POINT('Ctrl Pts',(-16.2072848021824,29.6372999651661,71.0677889586607));
#2033=CARTESIAN_POINT('Ctrl Pts',(-16.5000001564622,29.6372999651661,71.0677889586607));
#2034=CARTESIAN_POINT('Ctrl Pts',(-16.5000001564622,29.7072297641863,70.526583876329));
#2035=CARTESIAN_POINT('Ctrl Pts',(-16.7574496608036,29.7073523915718,70.5266076304504));
#2036=CARTESIAN_POINT('Ctrl Pts',(-17.0319331658534,29.7549852895656,70.5033203163806));
#2037=CARTESIAN_POINT('Ctrl Pts',(-17.5329119650014,29.9474938767741,70.4087979132129));
#2038=CARTESIAN_POINT('Ctrl Pts',(-17.7590464094215,30.0916465951028,70.3376432458506));
#2039=CARTESIAN_POINT('Ctrl Pts',(-18.1119942685932,30.4208493237924,70.1734081884261));
#2040=CARTESIAN_POINT('Ctrl Pts',(-18.2618740413276,30.6278107790625,70.0693711744274));
#2041=CARTESIAN_POINT('Ctrl Pts',(-18.4533869088676,31.0744593208058,69.8424028686156));
#2042=CARTESIAN_POINT('Ctrl Pts',(-18.4954130489154,31.3137742528243,69.7198186748883));
#2043=CARTESIAN_POINT('Ctrl Pts',(-18.4810649506182,31.7569087063462,69.4918645287059));
#2044=CARTESIAN_POINT('Ctrl Pts',(-18.4241192126687,31.9904174314946,69.3714141718969));
#2045=CARTESIAN_POINT('Ctrl Pts',(-18.2116382960479,32.4163776821423,69.1521125874452));
#2046=CARTESIAN_POINT('Ctrl Pts',(-18.0563544285925,32.6091586237154,69.0531759617814));
#2047=CARTESIAN_POINT('Ctrl Pts',(-17.7039502528796,32.9119885524628,68.8984738224716));
#2048=CARTESIAN_POINT('Ctrl Pts',(-17.4836488484908,33.0425062460568,68.8321207618312));
#2049=CARTESIAN_POINT('Ctrl Pts',(-17.0036146521477,33.2155198932469,68.7445048402424));
#2050=CARTESIAN_POINT('Ctrl Pts',(-16.7437123728907,33.2580236887239,68.7230508899057));
#2051=CARTESIAN_POINT('Ctrl Pts',(-16.2562879400336,33.2580236887239,68.7230508899057));
#2052=CARTESIAN_POINT('Ctrl Pts',(-15.9963856607765,33.2155198932469,68.7445048402424));
#2053=CARTESIAN_POINT('Ctrl Pts',(-15.5163514644336,33.0425062460568,68.8321207618312));
#2054=CARTESIAN_POINT('Ctrl Pts',(-15.2960500600447,32.9119885524628,68.8984738224716));
#2055=CARTESIAN_POINT('Ctrl Pts',(-14.9436458843318,32.6091586237153,69.0531759617813));
#2056=CARTESIAN_POINT('Ctrl Pts',(-14.7883620168762,32.4163776821419,69.1521125874453));
#2057=CARTESIAN_POINT('Ctrl Pts',(-14.5758811002558,31.990417431495,69.3714141718966));
#2058=CARTESIAN_POINT('Ctrl Pts',(-14.5189353623062,31.7569087063462,69.4918645287058));
#2059=CARTESIAN_POINT('Ctrl Pts',(-14.5045872640089,31.3137742528245,69.7198186748881));
#2060=CARTESIAN_POINT('Ctrl Pts',(-14.5466134040566,31.0744593208061,69.8424028686154));
#2061=CARTESIAN_POINT('Ctrl Pts',(-14.7381262715968,30.6278107790626,70.0693711744273));
#2062=CARTESIAN_POINT('Ctrl Pts',(-14.888006044331,30.4208493237925,70.173408188426));
#2063=CARTESIAN_POINT('Ctrl Pts',(-15.2409539035029,30.0916465951028,70.3376432458506));
#2064=CARTESIAN_POINT('Ctrl Pts',(-15.4670883479229,29.9474938767742,70.4087979132129));
#2065=CARTESIAN_POINT('Ctrl Pts',(-15.968067147071,29.7549852895656,70.5033203163806));
#2066=CARTESIAN_POINT('Ctrl Pts',(-16.2425506521207,29.7073523915718,70.5266076304504));
#2067=CARTESIAN_POINT('Ctrl Pts',(-16.5000001564622,29.7072297641863,70.526583876329));
#2068=CARTESIAN_POINT('Ctrl Pts',(-16.5000001564622,29.7771595632065,69.9853787939972));
#2069=CARTESIAN_POINT('Ctrl Pts',(-16.7222183321811,29.777036935821,69.9853550398759));
#2070=CARTESIAN_POINT('Ctrl Pts',(-16.9590765282479,29.8183710153316,69.9614305445976));
#2071=CARTESIAN_POINT('Ctrl Pts',(-17.3878913872595,29.9829739480652,69.864807246085));
#2072=CARTESIAN_POINT('Ctrl Pts',(-17.5792345132185,30.1059440982621,69.7922460716697));
#2073=CARTESIAN_POINT('Ctrl Pts',(-17.8725658704859,30.3833747128079,69.62668373284));
#2074=CARTESIAN_POINT('Ctrl Pts',(-17.993435948796,30.5563292513649,69.5225075535609));
#2075=CARTESIAN_POINT('Ctrl Pts',(-18.1397659780754,30.9236701868792,69.2997005944355));
#2076=CARTESIAN_POINT('Ctrl Pts',(-18.1654570643384,31.1174467609994,69.1814468807463));
#2077=CARTESIAN_POINT('Ctrl Pts',(-18.1369315937103,31.4714453630372,68.9668000100707));
#2078=CARTESIAN_POINT('Ctrl Pts',(-18.0809582258119,31.6550638756316,68.8562536136189));
#2079=CARTESIAN_POINT('Ctrl Pts',(-17.8930721663829,31.9868689524461,68.6605920971473));
#2080=CARTESIAN_POINT('Ctrl Pts',(-17.7614800781256,32.1351039461649,68.5754699628827));
#2081=CARTESIAN_POINT('Ctrl Pts',(-17.4696738017479,32.3675758347894,68.4447803361916));
#2082=CARTESIAN_POINT('Ctrl Pts',(-17.2904526732895,32.467167152234,68.3904969949876));
#2083=CARTESIAN_POINT('Ctrl Pts',(-16.9031459850718,32.5993175386284,68.3193501425725));
#2084=CARTESIAN_POINT('Ctrl Pts',(-16.6952248013958,32.6317015361387,68.3023673269157));
#2085=CARTESIAN_POINT('Ctrl Pts',(-16.3047755115287,32.6317015361387,68.3023673269157));
#2086=CARTESIAN_POINT('Ctrl Pts',(-16.0968543278527,32.5993175386284,68.3193501425724));
#2087=CARTESIAN_POINT('Ctrl Pts',(-15.709547639635,32.467167152234,68.3904969949876));
#2088=CARTESIAN_POINT('Ctrl Pts',(-15.5303265111765,32.3675758347894,68.4447803361916));
#2089=CARTESIAN_POINT('Ctrl Pts',(-15.2385202347989,32.1351039461649,68.5754699628826));
#2090=CARTESIAN_POINT('Ctrl Pts',(-15.1069281465416,31.9868689524461,68.6605920971472));
#2091=CARTESIAN_POINT('Ctrl Pts',(-14.9190420871125,31.6550638756316,68.8562536136189));
#2092=CARTESIAN_POINT('Ctrl Pts',(-14.8630687192141,31.4714453630372,68.9668000100706));
#2093=CARTESIAN_POINT('Ctrl Pts',(-14.834543248586,31.1174467609993,69.1814468807463));
#2094=CARTESIAN_POINT('Ctrl Pts',(-14.860234334849,30.9236701868792,69.2997005944354));
#2095=CARTESIAN_POINT('Ctrl Pts',(-15.0065643641284,30.5563292513649,69.5225075535608));
#2096=CARTESIAN_POINT('Ctrl Pts',(-15.1274344424385,30.3833747128079,69.6266837328399));
#2097=CARTESIAN_POINT('Ctrl Pts',(-15.4207657997059,30.1059440982621,69.7922460716698));
#2098=CARTESIAN_POINT('Ctrl Pts',(-15.6121089256649,29.9829739480652,69.864807246085));
#2099=CARTESIAN_POINT('Ctrl Pts',(-16.0409237846765,29.8183710153316,69.9614305445976));
#2100=CARTESIAN_POINT('Ctrl Pts',(-16.2777819807433,29.7770369358209,69.9853550398759));
#2101=CARTESIAN_POINT('Ctrl Pts',(-16.5000001564622,29.7771595632065,69.9853787939972));
#2102=CARTESIAN_POINT('Ctrl Pts',(-16.5000001564622,29.8470893622267,69.4441737116655));
#2103=CARTESIAN_POINT('Ctrl Pts',(-16.6869524822428,29.8470893622267,69.4441737116655));
#2104=CARTESIAN_POINT('Ctrl Pts',(-16.886225826611,29.8816888441168,69.4195654257146));
#2105=CARTESIAN_POINT('Ctrl Pts',(-17.242863238583,30.0186360586093,69.3208141166414));
#2106=CARTESIAN_POINT('Ctrl Pts',(-17.3994811363684,30.1202781339563,69.2468965021345));
#2107=CARTESIAN_POINT('Ctrl Pts',(-17.633080016774,30.345991796534,69.0799290349176));
#2108=CARTESIAN_POINT('Ctrl Pts',(-17.7251152281635,30.4849303744434,68.9757189768888));
#2109=CARTESIAN_POINT('Ctrl Pts',(-17.8260238071667,30.7729204575556,68.7569310066386));
#2110=CARTESIAN_POINT('Ctrl Pts',(-17.8355847032084,30.9212864497363,68.643081578549));
#2111=CARTESIAN_POINT('Ctrl Pts',(-17.7927034699294,31.1859234060679,68.4417312471071));
#2112=CARTESIAN_POINT('Ctrl Pts',(-17.7378177790514,31.3199238068649,68.3410116085862));
#2113=CARTESIAN_POINT('Ctrl Pts',(-17.5744675367549,31.5572383865558,68.1691574129652));
#2114=CARTESIAN_POINT('Ctrl Pts',(-17.4665116355589,31.6611916820092,68.0976728103002));
#2115=CARTESIAN_POINT('Ctrl Pts',(-17.2354719260205,31.8230968587635,67.9911893860678));
#2116=CARTESIAN_POINT('Ctrl Pts',(-17.0970946348538,31.8919068606916,67.9487938039347));
#2117=CARTESIAN_POINT('Ctrl Pts',(-16.8028261480938,31.9831006545184,67.8942959128351));
#2118=CARTESIAN_POINT('Ctrl Pts',(-16.6465890209779,32.00540994005,67.8816964831149));
#2119=CARTESIAN_POINT('Ctrl Pts',(-16.3534112919466,32.00540994005,67.8816964831149));
#2120=CARTESIAN_POINT('Ctrl Pts',(-16.1971741648307,31.9831006545184,67.894295912835));
#2121=CARTESIAN_POINT('Ctrl Pts',(-15.9029056780706,31.8919068606916,67.9487938039347));
#2122=CARTESIAN_POINT('Ctrl Pts',(-15.764528386904,31.8230968587635,67.9911893860678));
#2123=CARTESIAN_POINT('Ctrl Pts',(-15.5334886773656,31.6611916820092,68.0976728103001));
#2124=CARTESIAN_POINT('Ctrl Pts',(-15.4255327761696,31.5572383865558,68.1691574129651));
#2125=CARTESIAN_POINT('Ctrl Pts',(-15.262182533873,31.3199238068648,68.3410116085861));
#2126=CARTESIAN_POINT('Ctrl Pts',(-15.207296842995,31.1859234060679,68.4417312471071));
#2127=CARTESIAN_POINT('Ctrl Pts',(-15.164415609716,30.9212864497363,68.643081578549));
#2128=CARTESIAN_POINT('Ctrl Pts',(-15.1739765057577,30.7729204575556,68.7569310066385));
#2129=CARTESIAN_POINT('Ctrl Pts',(-15.2748850847609,30.4849303744434,68.9757189768888));
#2130=CARTESIAN_POINT('Ctrl Pts',(-15.3669202961504,30.345991796534,69.0799290349176));
#2131=CARTESIAN_POINT('Ctrl Pts',(-15.600519176556,30.1202781339563,69.2468965021346));
#2132=CARTESIAN_POINT('Ctrl Pts',(-15.7571370743414,30.0186360586093,69.3208141166414));
#2133=CARTESIAN_POINT('Ctrl Pts',(-16.1137744863134,29.8816888441168,69.4195654257147));
#2134=CARTESIAN_POINT('Ctrl Pts',(-16.3130478306816,29.8470893622267,69.4441737116655));
#2135=CARTESIAN_POINT('Ctrl Pts',(-16.5000001564622,29.8470893622267,69.4441737116655));
#2136=CARTESIAN_POINT('',(-16.5000001564622,29.6372999651661,71.0677889586607));
#2137=CARTESIAN_POINT('Ctrl Pts',(4.50000015646219,29.6372999651661,71.0677889586607));
#2138=CARTESIAN_POINT('Ctrl Pts',(4.20685342880417,29.6372999651661,71.0677889586607));
#2139=CARTESIAN_POINT('Ctrl Pts',(3.8943549228372,29.6918249076826,71.0451204665627));
#2140=CARTESIAN_POINT('Ctrl Pts',(3.32054537412919,29.9125833036106,70.9524753963321));
#2141=CARTESIAN_POINT('Ctrl Pts',(3.05946241862217,30.0784976184808,70.8824923669338));
#2142=CARTESIAN_POINT('Ctrl Pts',(2.6472426551976,30.4598285221502,70.7194762770184));
#2143=CARTESIAN_POINT('Ctrl Pts',(2.46899746692553,30.7005936167858,70.6155581964522));
#2144=CARTESIAN_POINT('Ctrl Pts',(2.2327017832696,31.2259888738689,70.3848268514256));
#2145=CARTESIAN_POINT('Ctrl Pts',(2.17471429768302,31.5103234542077,70.2580098233518));
#2146=CARTESIAN_POINT('Ctrl Pts',(2.17470664194117,32.0421577413955,70.0170594111136));
#2147=CARTESIAN_POINT('Ctrl Pts',(2.23262246238639,32.3250149500367,69.8869090272886));
#2148=CARTESIAN_POINT('Ctrl Pts',(2.46919254512222,32.8450541842349,69.6439997158571));
#2149=CARTESIAN_POINT('Ctrl Pts',(2.64778414179424,33.08197624005,69.5314976999079));
#2150=CARTESIAN_POINT('Ctrl Pts',(3.0606341711326,33.4556637439376,69.3524582365566));
#2151=CARTESIAN_POINT('Ctrl Pts',(3.32193658417148,33.6172616297827,69.2740746387747));
#2152=CARTESIAN_POINT('Ctrl Pts',(3.89546635420144,33.8316389315092,69.1696133698075));
#2153=CARTESIAN_POINT('Ctrl Pts',(4.20735260344667,33.8843270503237,69.1437228462391));
#2154=CARTESIAN_POINT('Ctrl Pts',(4.79234980778772,33.8843296458231,69.1437226318895));
#2155=CARTESIAN_POINT('Ctrl Pts',(5.10393639225381,33.8317540274945,69.169559538641));
#2156=CARTESIAN_POINT('Ctrl Pts',(5.67700924998224,33.6177873324399,69.2738239790767));
#2157=CARTESIAN_POINT('Ctrl Pts',(5.93815481125098,33.4564918076838,69.352064325495));
#2158=CARTESIAN_POINT('Ctrl Pts',(6.35132600205207,33.0830996350466,69.5309720827125));
#2159=CARTESIAN_POINT('Ctrl Pts',(6.53024637890595,32.8460414143648,69.6435456179423));
#2160=CARTESIAN_POINT('Ctrl Pts',(6.76726357753495,32.3255962937455,69.8866537735103));
#2161=CARTESIAN_POINT('Ctrl Pts',(6.82529715122284,32.0424751054517,70.0169299862806));
#2162=CARTESIAN_POINT('Ctrl Pts',(6.82529038928471,31.5099859182628,70.2581798854783));
#2163=CARTESIAN_POINT('Ctrl Pts',(6.76713228974057,31.2252685246449,70.3851662020255));
#2164=CARTESIAN_POINT('Ctrl Pts',(6.53020412748722,30.6992753693264,70.6161550478558));
#2165=CARTESIAN_POINT('Ctrl Pts',(6.35146545547762,30.4583191108192,70.7201442516657));
#2166=CARTESIAN_POINT('Ctrl Pts',(5.93885159807795,30.0773779967224,70.8830062109798));
#2167=CARTESIAN_POINT('Ctrl Pts',(5.41680562722576,29.7465701733448,71.0224420481384));
#2168=CARTESIAN_POINT('Ctrl Pts',(4.79271551074205,29.6372999651661,71.0677889586607));
#2169=CARTESIAN_POINT('Ctrl Pts',(4.50000015646219,29.6372999651661,71.0677889586607));
#2170=CARTESIAN_POINT('Ctrl Pts',(4.50000015646219,29.7072297641863,70.526583876329));
#2171=CARTESIAN_POINT('Ctrl Pts',(4.24217120188875,29.7073525517577,70.5266077371617));
#2172=CARTESIAN_POINT('Ctrl Pts',(3.96730956974297,29.7551236908055,70.5032532893171));
#2173=CARTESIAN_POINT('Ctrl Pts',(3.46576875338328,29.9481493863002,70.4084756071381));
#2174=CARTESIAN_POINT('Ctrl Pts',(3.23945108951563,30.0926774256784,70.337134025768));
#2175=CARTESIAN_POINT('Ctrl Pts',(2.88692929753849,30.4222211484251,70.1727203977229));
#2176=CARTESIAN_POINT('Ctrl Pts',(2.73745938395687,30.6289918339073,70.0687749963274));
#2177=CARTESIAN_POINT('Ctrl Pts',(2.54648939638973,31.0751147972858,69.8420688518729));
#2178=CARTESIAN_POINT('Ctrl Pts',(2.50459712181806,31.3140975253345,69.719654327678));
#2179=CARTESIAN_POINT('Ctrl Pts',(2.51892732411672,31.7566815146335,69.4919838966239));
#2180=CARTESIAN_POINT('Ctrl Pts',(2.57576585307829,31.9899704839153,69.3716477209651));
#2181=CARTESIAN_POINT('Ctrl Pts',(2.78786478647345,32.4155997109753,69.1525160885005));
#2182=CARTESIAN_POINT('Ctrl Pts',(2.94287355354897,32.6082698415955,69.0536357203282));
#2183=CARTESIAN_POINT('Ctrl Pts',(3.29502448056392,32.91133879579,68.8988090612584));
#2184=CARTESIAN_POINT('Ctrl Pts',(3.51546359899855,33.0420991507995,68.8323326862468));
#2185=CARTESIAN_POINT('Ctrl Pts',(3.99588595863338,33.2154425695932,68.7445500440466));
#2186=CARTESIAN_POINT('Ctrl Pts',(4.25603839981207,33.2580351730577,68.7230521841344));
#2187=CARTESIAN_POINT('Ctrl Pts',(4.7437140301544,33.2580382643821,68.7230516663804));
#2188=CARTESIAN_POINT('Ctrl Pts',(5.00361653297528,33.2155369654483,68.7445053822126));
#2189=CARTESIAN_POINT('Ctrl Pts',(5.48365125306183,33.0425272437352,68.8321207247052));
#2190=CARTESIAN_POINT('Ctrl Pts',(5.70395284400799,32.9120124965891,68.8984734513536));
#2191=CARTESIAN_POINT('Ctrl Pts',(6.05635770834373,32.6091878842929,69.0531748244575));
#2192=CARTESIAN_POINT('Ctrl Pts',(6.21164144102166,32.4164098166909,69.1521111348105));
#2193=CARTESIAN_POINT('Ctrl Pts',(6.42412362509051,31.9904578701459,69.3714114513966));
#2194=CARTESIAN_POINT('Ctrl Pts',(6.48106800772481,31.7569497640905,69.4918618720747));
#2195=CARTESIAN_POINT('Ctrl Pts',(6.49541966337631,31.3138310315551,69.7198135445162));
#2196=CARTESIAN_POINT('Ctrl Pts',(6.45338675199045,31.0745076260444,69.8423987518134));
#2197=CARTESIAN_POINT('Ctrl Pts',(6.26188878460444,30.6278943450978,70.0693630555985));
#2198=CARTESIAN_POINT('Ctrl Pts',(6.11196882851582,30.4209001813282,70.1733964292156));
#2199=CARTESIAN_POINT('Ctrl Pts',(5.75911410934712,30.0917661902282,70.3376463614041));
#2200=CARTESIAN_POINT('Ctrl Pts',(5.306445427249,29.8033528630963,70.479844628803));
#2201=CARTESIAN_POINT('Ctrl Pts',(4.75742345464122,29.7072858228976,70.5266237616004));
#2202=CARTESIAN_POINT('Ctrl Pts',(4.50000015646219,29.7072297641863,70.526583876329));
#2203=CARTESIAN_POINT('Ctrl Pts',(4.50000015646219,29.7771595632065,69.9853787939972));
#2204=CARTESIAN_POINT('Ctrl Pts',(4.27745454674617,29.777036775635,69.9853549331645));
#2205=CARTESIAN_POINT('Ctrl Pts',(4.04027154651147,29.8184920612753,69.9613609258108));
#2206=CARTESIAN_POINT('Ctrl Pts',(3.61098728722389,29.9835364560805,69.8644773724736));
#2207=CARTESIAN_POINT('Ctrl Pts',(3.41950194125482,30.1068238329262,69.7917267315083));
#2208=CARTESIAN_POINT('Ctrl Pts',(3.12656379874084,30.3845284212118,69.6259928015885));
#2209=CARTESIAN_POINT('Ctrl Pts',(3.00604463897782,30.5573132926537,69.5219146767224));
#2210=CARTESIAN_POINT('Ctrl Pts',(2.86016388416301,30.9242090547538,69.2993749260113));
#2211=CARTESIAN_POINT('Ctrl Pts',(2.8345726511047,31.1177129533704,69.1812888023843));
#2212=CARTESIAN_POINT('Ctrl Pts',(2.86306408768576,31.471272983578,68.9669084949691));
#2213=CARTESIAN_POINT('Ctrl Pts',(2.91894253084622,31.6547228827329,68.856462854872));
#2214=CARTESIAN_POINT('Ctrl Pts',(3.10651233236133,31.9862782486428,68.660941437001));
#2215=CARTESIAN_POINT('Ctrl Pts',(3.23788616868009,32.134432651828,68.575858678473));
#2216=CARTESIAN_POINT('Ctrl Pts',(3.52950624786136,32.3670946537935,68.4450502122546));
#2217=CARTESIAN_POINT('Ctrl Pts',(3.70884898521304,32.4668726054527,68.3906624390308));
#2218=CARTESIAN_POINT('Ctrl Pts',(4.09647687333052,32.5992772950077,68.3193771981293));
#2219=CARTESIAN_POINT('Ctrl Pts',(4.30460099698778,32.6317312730405,68.3023584683915));
#2220=CARTESIAN_POINT('Ctrl Pts',(4.69525468956112,32.6317354892637,68.3023569445741));
#2221=CARTESIAN_POINT('Ctrl Pts',(4.90317929420288,32.5993565459605,68.3193378206971));
#2222=CARTESIAN_POINT('Ctrl Pts',(5.29049030371958,32.4672117238445,68.3904825079172));
#2223=CARTESIAN_POINT('Ctrl Pts',(5.46971575170748,32.367626693183,68.4447635134087));
#2224=CARTESIAN_POINT('Ctrl Pts',(5.76152722825058,32.1351613997096,68.575450461238));
#2225=CARTESIAN_POINT('Ctrl Pts',(5.89312497007912,31.9869351766335,68.6605695222581));
#2226=CARTESIAN_POINT('Ctrl Pts',(6.08101707806465,31.6551367989469,68.8562279950926));
#2227=CARTESIAN_POINT('Ctrl Pts',(6.13699800761385,31.4715321754186,68.9667699777696));
#2228=CARTESIAN_POINT('Ctrl Pts',(6.16553021854232,31.117536769607,69.1814141650613));
#2229=CARTESIAN_POINT('Ctrl Pts',(6.13984753393072,30.9237863828606,69.2996602569318));
#2230=CARTESIAN_POINT('Ctrl Pts',(5.99353139205399,30.5564354472066,69.5224676212794));
#2231=CARTESIAN_POINT('Ctrl Pts',(5.87263482624484,30.3835296709809,69.6266265044644));
#2232=CARTESIAN_POINT('Ctrl Pts',(5.57943135202004,30.1060790321912,69.7922032454197));
#2233=CARTESIAN_POINT('Ctrl Pts',(5.19613198470226,29.8601478974456,69.9372579879376));
#2234=CARTESIAN_POINT('Ctrl Pts',(4.7222445383436,29.7771035044951,69.9853389087259));
#2235=CARTESIAN_POINT('Ctrl Pts',(4.50000015646219,29.7771595632065,69.9853787939972));
#2236=CARTESIAN_POINT('Ctrl Pts',(4.50000015646219,29.8470893622267,69.4441737116655));
#2237=CARTESIAN_POINT('Ctrl Pts',(4.31277231983075,29.8470893622267,69.4441737116655));
#2238=CARTESIAN_POINT('Ctrl Pts',(4.11322619341724,29.8817908443982,69.4194937485652));
#2239=CARTESIAN_POINT('Ctrl Pts',(3.75621066647799,30.01910253877,69.3204775832796));
#2240=CARTESIAN_POINT('Ctrl Pts',(3.59949061214827,30.1210036401238,69.2463683903425));
#2241=CARTESIAN_POINT('Ctrl Pts',(3.36625044108173,30.3469210474868,69.079236922293));
#2242=CARTESIAN_POINT('Ctrl Pts',(3.27450655600916,30.4857115097751,68.9751314765976));
#2243=CARTESIAN_POINT('Ctrl Pts',(3.17395149728314,30.7733349781707,68.7566169264586));
#2244=CARTESIAN_POINT('Ctrl Pts',(3.16445547523974,30.9214870244973,68.6429333067106));
#2245=CARTESIAN_POINT('Ctrl Pts',(3.20728476986131,31.185796756816,68.4418329804795));
#2246=CARTESIAN_POINT('Ctrl Pts',(3.26208592153813,31.3196784166115,68.3412015485484));
#2247=CARTESIAN_POINT('Ctrl Pts',(3.42518457371256,31.5568237753831,68.1694578096444));
#2248=CARTESIAN_POINT('Ctrl Pts',(3.53297558043482,31.6607262533735,68.0979966988933));
#2249=CARTESIAN_POINT('Ctrl Pts',(3.76389655729268,31.8227697056459,67.9914010369564));
#2250=CARTESIAN_POINT('Ctrl Pts',(3.90237600004011,31.8917101264696,67.948920486503));
#2251=CARTESIAN_POINT('Ctrl Pts',(4.19689647776246,31.9830809330917,67.8943138723684));
#2252=CARTESIAN_POINT('Ctrl Pts',(4.35328679335318,32.0054393957745,67.8816878062868));
#2253=CARTESIAN_POINT('Ctrl Pts',(4.6466189119278,32.0054441078227,67.881685979065));
#2254=CARTESIAN_POINT('Ctrl Pts',(4.80285943492435,31.9831394839143,67.8942836642688));
#2255=CARTESIAN_POINT('Ctrl Pts',(5.09713230679918,31.8919516351398,67.9487792535457));
#2256=CARTESIAN_POINT('Ctrl Pts',(5.23551378446448,31.8231473820883,67.9911726392673));
#2257=CARTESIAN_POINT('Ctrl Pts',(5.46655893454224,31.661249648956,68.0976532029831));
#2258=CARTESIAN_POINT('Ctrl Pts',(5.57452003219482,31.5573035789596,68.1691350391263));
#2259=CARTESIAN_POINT('Ctrl Pts',(5.73787712562021,31.3199983753473,68.3409856729789));
#2260=CARTESIAN_POINT('Ctrl Pts',(5.79276886411582,31.1860068340575,68.4417018635637));
#2261=CARTESIAN_POINT('Ctrl Pts',(5.83565949263392,30.9213818828992,68.6430478240991));
#2262=CARTESIAN_POINT('Ctrl Pts',(5.8261019961806,30.7730254842601,68.7568928067197));
#2263=CARTESIAN_POINT('Ctrl Pts',(5.72521604917121,30.485054422978,68.9756756290221));
#2264=CARTESIAN_POINT('Ctrl Pts',(5.63313819928303,30.3461107414899,69.0798786820143));
#2265=CARTESIAN_POINT('Ctrl Pts',(5.39969386328922,30.120467225697,69.246843395844));
#2266=CARTESIAN_POINT('Ctrl Pts',(5.0857717847255,29.9169305871971,69.3946605686022));
#2267=CARTESIAN_POINT('Ctrl Pts',(4.68695248224277,29.8470893622267,69.4441737116655));
#2268=CARTESIAN_POINT('Ctrl Pts',(4.50000015646219,29.8470893622267,69.4441737116655));
#2269=CARTESIAN_POINT('',(4.50000015646219,29.6372999651661,71.0677889586607));
#2270=CARTESIAN_POINT('Origin',(7.8,39.3924511627558,63.597142774172));
#2271=CARTESIAN_POINT('',(7.8,28.4722283747102,69.0114655508354));
#2272=CARTESIAN_POINT('',(7.8,29.6407686602515,71.0384755598529));
#2273=CARTESIAN_POINT('',(7.8,29.2471014726167,70.3556002328908));
#2274=CARTESIAN_POINT('',(7.8,49.3050070461608,56.0559224906149));
#2275=CARTESIAN_POINT('Origin',(7.8,0.,0.));
#2276=CARTESIAN_POINT('',(7.8,49.7002203246823,56.7414797462542));
#2277=CARTESIAN_POINT('',(7.8,34.823642106543,68.0506282429127));
#2278=CARTESIAN_POINT('Origin',(-20.,0.,0.));
#2279=CARTESIAN_POINT('',(-20.,28.4722283747102,69.0114655508354));
#2280=CARTESIAN_POINT('',(-20.,28.4722283747102,69.0114655508354));
#2281=CARTESIAN_POINT('',(-19.8,28.4722283747101,69.0114655508354));
#2282=CARTESIAN_POINT('',(-20.,28.4722283747102,69.0114655508354));
#2283=CARTESIAN_POINT('',(-19.8,49.3050070461608,56.0559224906149));
#2284=CARTESIAN_POINT('Origin',(-19.8,0.,0.));
#2285=CARTESIAN_POINT('',(-20.,49.3050070461608,56.0559224906149));
#2286=CARTESIAN_POINT('',(-20.,41.2351482391311,62.2327302614362));
#2287=CARTESIAN_POINT('',(-20.,41.2351482391311,62.2327302614362));
#2288=CARTESIAN_POINT('',(-20.,41.2351482391311,62.2327302614362));
#2289=CARTESIAN_POINT('',(-20.,41.2351482391311,62.2327302614362));
#2290=CARTESIAN_POINT('Origin',(-20.,29.6407686602515,71.0384755598529));
#2291=CARTESIAN_POINT('',(-19.8,29.6407686602515,71.0384755598529));
#2292=CARTESIAN_POINT('',(-20.,29.6407686602515,71.0384755598529));
#2293=CARTESIAN_POINT('',(-19.8,29.2471014726167,70.3556002328908));
#2294=CARTESIAN_POINT('',(-20.,28.4588641074393,68.9882832062844));
#2295=CARTESIAN_POINT('',(-20.,28.4588641074393,68.9882832062844));
#2296=CARTESIAN_POINT('Origin',(8.,28.2855941222484,69.0881707041605));
#2297=CARTESIAN_POINT('Origin',(8.,28.2855941222484,69.0881707041605));
#2298=CARTESIAN_POINT('Origin',(-19.8,29.4674986750606,71.1383630577291));
#2299=CARTESIAN_POINT('',(-19.8,34.823642106543,68.0506282429127));
#2300=CARTESIAN_POINT('Origin',(-19.8,39.3924511627558,63.597142774172));
#2301=CARTESIAN_POINT('',(-19.8,49.7002203246823,56.7414797462542));
#2302=CARTESIAN_POINT('Origin',(-20.,49.3050070461608,56.0559224906149));
#2303=CARTESIAN_POINT('Origin',(-6.,36.1319114159714,65.1790854150258));
#2304=CARTESIAN_POINT('Origin',(-6.,36.1319114159714,65.1790854150258));
#2305=UNCERTAINTY_MEASURE_WITH_UNIT(LENGTH_MEASURE(0.01),#2309,
'DISTANCE_ACCURACY_VALUE',
'Maximum model space distance between geometric entities at asserted c
onnectivities');
#2306=UNCERTAINTY_MEASURE_WITH_UNIT(LENGTH_MEASURE(0.01),#2309,
'DISTANCE_ACCURACY_VALUE',
'Maximum model space distance between geometric entities at asserted c
onnectivities');
#2307=(
GEOMETRIC_REPRESENTATION_CONTEXT(3)
GLOBAL_UNCERTAINTY_ASSIGNED_CONTEXT((#2305))
GLOBAL_UNIT_ASSIGNED_CONTEXT((#2309,#2311,#2312))
REPRESENTATION_CONTEXT('','3D')
);
#2308=(
GEOMETRIC_REPRESENTATION_CONTEXT(3)
GLOBAL_UNCERTAINTY_ASSIGNED_CONTEXT((#2306))
GLOBAL_UNIT_ASSIGNED_CONTEXT((#2309,#2311,#2312))
REPRESENTATION_CONTEXT('','3D')
);
#2309=(
LENGTH_UNIT()
NAMED_UNIT(*)
SI_UNIT(.MILLI.,.METRE.)
);
#2310=(
LENGTH_UNIT()
NAMED_UNIT(*)
SI_UNIT($,.METRE.)
);
#2311=(
NAMED_UNIT(*)
PLANE_ANGLE_UNIT()
SI_UNIT($,.RADIAN.)
);
#2312=(
NAMED_UNIT(*)
SI_UNIT($,.STERADIAN.)
SOLID_ANGLE_UNIT()
);
#2313=SHAPE_DEFINITION_REPRESENTATION(#2314,#2315);
#2314=PRODUCT_DEFINITION_SHAPE('',$,#2317);
#2315=SHAPE_REPRESENTATION('',(#785),#2307);
#2316=PRODUCT_DEFINITION_CONTEXT('part definition',#2321,'design');
#2317=PRODUCT_DEFINITION('Camera Lid','Camera Lid',#2318,#2316);
#2318=PRODUCT_DEFINITION_FORMATION('',$,#2323);
#2319=PRODUCT_RELATED_PRODUCT_CATEGORY('Camera Lid','Camera Lid',(#2323));
#2320=APPLICATION_PROTOCOL_DEFINITION('international standard',
'automotive_design',2009,#2321);
#2321=APPLICATION_CONTEXT(
'Core Data for Automotive Mechanical Design Process');
#2322=PRODUCT_CONTEXT('part definition',#2321,'mechanical');
#2323=PRODUCT('Camera Lid','Camera Lid',$,(#2322));
#2324=PRESENTATION_STYLE_ASSIGNMENT((#2325));
#2325=SURFACE_STYLE_USAGE(.BOTH.,#2326);
#2326=SURFACE_SIDE_STYLE('',(#2327));
#2327=SURFACE_STYLE_FILL_AREA(#2328);
#2328=FILL_AREA_STYLE('Stahl - satiniert',(#2329));
#2329=FILL_AREA_STYLE_COLOUR('Stahl - satiniert',#2330);
#2330=COLOUR_RGB('Stahl - satiniert',0.627450980392157,0.627450980392157,
0.627450980392157);
ENDSEC;
END-ISO-10303-21;
