ISO-10303-21;
HEADER;
/* Generated by software containing ST-Developer
 * from STEP Tools, Inc. (www.steptools.com) 
 */

FILE_DESCRIPTION(
/* description */ (''),
/* implementation_level */ '2;1');

FILE_NAME(
/* name */ 'Front_Half_Casing_Small.step',
/* time_stamp */ '2026-09-29T23:14:56+02:00',
/* author */ (''),
/* organization */ (''),
/* preprocessor_version */ 'ST-DEVELOPER v20.2',
/* originating_system */ 'Autodesk Translation Framework v15.15.0.0',
/* authorisation */ '');

FILE_SCHEMA (('AUTOMOTIVE_DESIGN { 1 0 10303 214 3 1 1 }'));
ENDSEC;

DATA;
#10=MECHANICAL_DESIGN_GEOMETRIC_PRESENTATION_REPRESENTATION('',(#195,#196),
#17111);
#11=ITEM_DEFINED_TRANSFORMATION($,$,#10371,#11096);
#12=(
REPRESENTATION_RELATIONSHIP($,$,#17122,#17121)
REPRESENTATION_RELATIONSHIP_WITH_TRANSFORMATION(#11)
SHAPE_REPRESENTATION_RELATIONSHIP()
);
#13=CONTEXT_DEPENDENT_SHAPE_REPRESENTATION(#12,#17120);
#14=NEXT_ASSEMBLY_USAGE_OCCURRENCE('Sliding Panel Front:1',
'Sliding Panel Front:1','Sliding Panel Front:1',#17124,#17125,
'Sliding Panel Front:1');
#15=SPHERICAL_SURFACE('',#10817,1.);
#16=SPHERICAL_SURFACE('',#10821,1.);
#17=SPHERICAL_SURFACE('',#10833,1.);
#18=SPHERICAL_SURFACE('',#10837,1.);
#19=SPHERICAL_SURFACE('',#10845,1.);
#20=SPHERICAL_SURFACE('',#10849,1.);
#21=TOROIDAL_SURFACE('',#10732,3.5,2.5);
#22=TOROIDAL_SURFACE('',#10736,3.5,2.5);
#23=TOROIDAL_SURFACE('',#10747,3.5,2.5);
#24=TOROIDAL_SURFACE('',#10751,3.5,2.5);
#25=TOROIDAL_SURFACE('',#10796,3.5,2.5);
#26=TOROIDAL_SURFACE('',#10803,3.5,2.5);
#27=TOROIDAL_SURFACE('',#10874,7.5,2.5);
#28=(
BOUNDED_SURFACE()
B_SPLINE_SURFACE(2,2,((#15739,#15740,#15741),(#15742,#15743,#15744),(#15745,
#15746,#15747)),.UNSPECIFIED.,.F.,.F.,.F.)
B_SPLINE_SURFACE_WITH_KNOTS((3,3),(3,3),(0.,1.57079632679498),(1.98231317286246,
3.14159265358979),.UNSPECIFIED.)
GEOMETRIC_REPRESENTATION_ITEM()
RATIONAL_B_SPLINE_SURFACE(((1.,0.836660026534096,1.),(0.707106781186515,
0.591607978309949,0.707106781186515),(1.,0.836660026534096,1.)))
REPRESENTATION_ITEM('')
SURFACE()
);
#29=(
BOUNDED_SURFACE()
B_SPLINE_SURFACE(2,2,((#15789,#15790,#15791),(#15792,#15793,#15794),(#15795,
#15796,#15797)),.UNSPECIFIED.,.F.,.F.,.F.)
B_SPLINE_SURFACE_WITH_KNOTS((3,3),(3,3),(0.,1.5707963267949),(0.,1.15927948072741),
 .UNSPECIFIED.)
GEOMETRIC_REPRESENTATION_ITEM()
RATIONAL_B_SPLINE_SURFACE(((1.,0.836660026534074,1.),(0.707106781186549,
0.591607978309962,0.707106781186549),(1.,0.836660026534074,1.)))
REPRESENTATION_ITEM('')
SURFACE()
);
#30=(
BOUNDED_SURFACE()
B_SPLINE_SURFACE(2,2,((#16018,#16019,#16020),(#16021,#16022,#16023),(#16024,
#16025,#16026)),.UNSPECIFIED.,.F.,.F.,.F.)
B_SPLINE_SURFACE_WITH_KNOTS((3,3),(3,3),(0.,1.5707963267949),(0.,1.15927948072741),
 .UNSPECIFIED.)
GEOMETRIC_REPRESENTATION_ITEM()
RATIONAL_B_SPLINE_SURFACE(((1.,0.836660026534075,1.),(0.707106781186556,
0.591607978309968,0.707106781186556),(1.,0.836660026534075,1.)))
REPRESENTATION_ITEM('')
SURFACE()
);
#31=(
BOUNDED_SURFACE()
B_SPLINE_SURFACE(2,2,((#16102,#16103,#16104),(#16105,#16106,#16107),(#16108,
#16109,#16110)),.UNSPECIFIED.,.F.,.F.,.F.)
B_SPLINE_SURFACE_WITH_KNOTS((3,3),(3,3),(0.,1.57079632679498),(1.98231317286246,
3.14159265358979),.UNSPECIFIED.)
GEOMETRIC_REPRESENTATION_ITEM()
RATIONAL_B_SPLINE_SURFACE(((1.,0.836660026534096,1.),(0.707106781186522,
0.591607978309955,0.707106781186522),(1.,0.836660026534096,1.)))
REPRESENTATION_ITEM('')
SURFACE()
);
#32=(
BOUNDED_SURFACE()
B_SPLINE_SURFACE(2,2,((#16866,#16867,#16868,#16869,#16870,#16871,#16872),
(#16873,#16874,#16875,#16876,#16877,#16878,#16879),(#16880,#16881,#16882,
#16883,#16884,#16885,#16886),(#16887,#16888,#16889,#16890,#16891,#16892,
#16893),(#16894,#16895,#16896,#16897,#16898,#16899,#16900)),
 .UNSPECIFIED.,.F.,.F.,.F.)
B_SPLINE_SURFACE_WITH_KNOTS((3,2,3),(3,2,2,3),(-1.82347658193698,-0.521285582422525,
0.780905417091925),(-1.5707963267949,-0.46854921646009,0.633697893874716,
1.73594500420952),.UNSPECIFIED.)
GEOMETRIC_REPRESENTATION_ITEM()
RATIONAL_B_SPLINE_SURFACE(((1.,0.851936716142781,1.,0.851936716142781,1.,
0.851936716142781,1.),(0.795420339423222,0.677647791921396,0.795420339423222,
0.677647791921396,0.795420339423222,0.677647791921396,0.795420339423222),
(1.,0.851936716142781,1.,0.851936716142781,1.,0.851936716142781,1.),(0.795420339423221,
0.677647791921395,0.795420339423221,0.677647791921395,0.795420339423221,
0.677647791921395,0.795420339423221),(1.,0.851936716142781,1.,0.851936716142781,
1.,0.851936716142781,1.)))
REPRESENTATION_ITEM('')
SURFACE()
);
#33=B_SPLINE_SURFACE_WITH_KNOTS('',3,3,((#15706,#15707,#15708,#15709),(#15710,
#15711,#15712,#15713),(#15714,#15715,#15716,#15717),(#15718,#15719,#15720,
#15721),(#15722,#15723,#15724,#15725)),.UNSPECIFIED.,.F.,.F.,.F.,(4,1,4),
(4,4),(0.,0.571428571428571,1.),(-0.104273601555288,5.45351987776304E-15),
 .UNSPECIFIED.);
#34=B_SPLINE_SURFACE_WITH_KNOTS('',3,3,((#15803,#15804,#15805,#15806),(#15807,
#15808,#15809,#15810),(#15811,#15812,#15813,#15814),(#15815,#15816,#15817,
#15818),(#15819,#15820,#15821,#15822)),.UNSPECIFIED.,.F.,.F.,.F.,(4,1,4),
(4,4),(0.,0.571428571428571,1.),(0.,0.104279680152924),.UNSPECIFIED.);
#35=B_SPLINE_SURFACE_WITH_KNOTS('',3,3,((#16032,#16033,#16034,#16035),(#16036,
#16037,#16038,#16039),(#16040,#16041,#16042,#16043),(#16044,#16045,#16046,
#16047),(#16048,#16049,#16050,#16051)),.UNSPECIFIED.,.F.,.F.,.F.,(4,1,4),
(4,4),(0.,0.571428571428571,1.),(-0.104259417829383,1.04888212337182E-15),
 .UNSPECIFIED.);
#36=B_SPLINE_SURFACE_WITH_KNOTS('',3,3,((#16070,#16071,#16072,#16073),(#16074,
#16075,#16076,#16077),(#16078,#16079,#16080,#16081),(#16082,#16083,#16084,
#16085),(#16086,#16087,#16088,#16089)),.UNSPECIFIED.,.F.,.F.,.F.,(4,1,4),
(4,4),(0.,0.571428571428571,1.),(0.,0.104279683361358),.UNSPECIFIED.);
#37=B_SPLINE_CURVE_WITH_KNOTS('',3,(#15658,#15659,#15660,#15661,#15662,
#15663,#15664,#15665,#15666,#15667,#15668,#15669,#15670),.UNSPECIFIED.,
 .F.,.F.,(4,2,2,3,2,4),(2.42674634475689,2.47656695233687,2.56472698789062,
2.65288702344438,2.74104705899813,2.80982707712104),.UNSPECIFIED.);
#38=B_SPLINE_CURVE_WITH_KNOTS('',3,(#15729,#15730,#15731,#15732),
 .UNSPECIFIED.,.F.,.F.,(4,4),(-0.104273601555288,5.45351987776304E-15),
 .UNSPECIFIED.);
#39=B_SPLINE_CURVE_WITH_KNOTS('',3,(#15735,#15736,#15737,#15738),
 .UNSPECIFIED.,.F.,.F.,(4,4),(-5.45351987776304E-15,0.104273601555288),
 .UNSPECIFIED.);
#40=B_SPLINE_CURVE_WITH_KNOTS('',3,(#15761,#15762,#15763,#15764,#15765,
#15766,#15767,#15768,#15769,#15770),.UNSPECIFIED.,.F.,.F.,(4,2,2,2,4),(-0.900538374331001,
-0.824565623645793,-0.63438611225637,-0.400301979541731,-0.332654577919414),
 .UNSPECIFIED.);
#41=B_SPLINE_CURVE_WITH_KNOTS('',3,(#15776,#15777,#15778,#15779),
 .UNSPECIFIED.,.F.,.F.,(4,4),(-1.10393819721468,-0.688593559482803),
 .UNSPECIFIED.);
#42=B_SPLINE_CURVE_WITH_KNOTS('',3,(#15824,#15825,#15826,#15827),
 .UNSPECIFIED.,.F.,.F.,(4,4),(-0.104279680152924,0.),.UNSPECIFIED.);
#43=B_SPLINE_CURVE_WITH_KNOTS('',3,(#15830,#15831,#15832,#15833),
 .UNSPECIFIED.,.F.,.F.,(4,4),(0.,0.104279680152924),.UNSPECIFIED.);
#44=B_SPLINE_CURVE_WITH_KNOTS('',3,(#15841,#15842,#15843,#15844),
 .UNSPECIFIED.,.F.,.F.,(4,4),(-0.49761703458303,-0.4736428666645),
 .UNSPECIFIED.);
#45=B_SPLINE_CURVE_WITH_KNOTS('',3,(#15887,#15888,#15889,#15890,#15891,
#15892,#15893,#15894,#15895,#15896),.UNSPECIFIED.,.F.,.F.,(4,2,2,2,4),(1.33611361103019,
1.44946529387599,1.56281697672179,1.72913901374774,1.89546105077369),
 .UNSPECIFIED.);
#46=B_SPLINE_CURVE_WITH_KNOTS('',3,(#15900,#15901,#15902,#15903,#15904,
#15905,#15906,#15907,#15908,#15909,#15910,#15911,#15912,#15913,#15914,#15915),
 .UNSPECIFIED.,.F.,.F.,(4,2,2,2,2,2,2,4),(1.8331513441827,1.8565785090726,
1.92312188832794,1.98966526758328,2.05620864683863,2.12275202609397,2.19023811795256,
2.21412669381754),.UNSPECIFIED.);
#47=B_SPLINE_CURVE_WITH_KNOTS('',3,(#15932,#15933,#15934,#15935,#15936,
#15937,#15938,#15939,#15940,#15941,#15942,#15943,#15944),.UNSPECIFIED.,
 .F.,.F.,(4,2,2,3,2,4),(2.42674634475689,2.47656695233687,2.56472698789062,
2.65288702344438,2.74104705899813,2.80982707712104),.UNSPECIFIED.);
#48=B_SPLINE_CURVE_WITH_KNOTS('',3,(#15967,#15968,#15969,#15970,#15971,
#15972,#15973),.UNSPECIFIED.,.F.,.F.,(4,3,4),(2.99513622564042,3.16688627721033,
3.33863632878024),.UNSPECIFIED.);
#49=B_SPLINE_CURVE_WITH_KNOTS('',3,(#16054,#16055,#16056,#16057),
 .UNSPECIFIED.,.F.,.F.,(4,4),(-0.104259417829383,1.04888212337182E-15),
 .UNSPECIFIED.);
#50=B_SPLINE_CURVE_WITH_KNOTS('',3,(#16058,#16059,#16060,#16061),
 .UNSPECIFIED.,.F.,.F.,(4,4),(-1.04888212337182E-15,0.104259417829383),
 .UNSPECIFIED.);
#51=B_SPLINE_CURVE_WITH_KNOTS('',3,(#16092,#16093,#16094,#16095),
 .UNSPECIFIED.,.F.,.F.,(4,4),(-0.104279683361358,0.),.UNSPECIFIED.);
#52=B_SPLINE_CURVE_WITH_KNOTS('',3,(#16098,#16099,#16100,#16101),
 .UNSPECIFIED.,.F.,.F.,(4,4),(0.,0.104279683361358),.UNSPECIFIED.);
#53=B_SPLINE_CURVE_WITH_KNOTS('',3,(#16225,#16226,#16227,#16228,#16229,
#16230,#16231,#16232,#16233,#16234),.UNSPECIFIED.,.F.,.F.,(4,2,2,2,4),(0.154200879525876,
0.192191846045832,0.230182812565788,0.267861574912817,0.305540337259845),
 .UNSPECIFIED.);
#54=B_SPLINE_CURVE_WITH_KNOTS('',3,(#16237,#16238,#16239,#16240,#16241,
#16242,#16243,#16244,#16245,#16246),.UNSPECIFIED.,.F.,.F.,(4,2,2,2,4),(0.,
0.0376787623470285,0.0753575246940571,0.113348491214013,0.151339457733969),
 .UNSPECIFIED.);
#55=B_SPLINE_CURVE_WITH_KNOTS('',3,(#16254,#16255,#16256,#16257),
 .UNSPECIFIED.,.F.,.F.,(4,4),(-0.239202165917739,0.),.UNSPECIFIED.);
#56=B_SPLINE_CURVE_WITH_KNOTS('',3,(#16302,#16303,#16304,#16305,#16306,
#16307,#16308,#16309,#16310,#16311,#16312,#16313,#16314,#16315,#16316,#16317,
#16318),.UNSPECIFIED.,.F.,.F.,(4,2,2,2,2,2,3,4),(-0.361121972705344,-0.349107954881647,
-0.329080088729456,-0.290136599812644,-0.192245145551396,-0.0963664339283589,
0.,0.0355624357084621),.UNSPECIFIED.);
#57=B_SPLINE_CURVE_WITH_KNOTS('',3,(#16810,#16811,#16812,#16813,#16814,
#16815,#16816,#16817,#16818,#16819,#16820,#16821,#16822,#16823,#16824,#16825,
#16826,#16827,#16828,#16829,#16830,#16831,#16832,#16833),.UNSPECIFIED.,
 .F.,.F.,(4,2,2,2,2,2,2,2,2,2,2,4),(-13.3823583027178,-12.9100497965184,
-11.7366151881322,-10.4573254227902,-9.10533448541714,-7.80573856329977,
-6.86281058049768,-5.66502960231047,-4.40022657399439,-3.2408666410924,
-2.00598712621086,-1.22821809852987),.UNSPECIFIED.);
#58=B_SPLINE_CURVE_WITH_KNOTS('',3,(#16836,#16837,#16838,#16839,#16840,
#16841,#16842,#16843,#16844,#16845,#16846,#16847,#16848,#16849,#16850,#16851,
#16852,#16853,#16854,#16855,#16856,#16857,#16858,#16859,#16860,#16861),
 .UNSPECIFIED.,.F.,.F.,(4,2,2,2,2,2,2,2,2,2,2,2,4),(4.54179645071813,4.82567999934896,
5.10956354797979,5.67733064524144,6.24501266065932,6.52885366836826,6.8126946760772,
7.09653568378613,7.38037669149507,7.94805870691295,8.51582580417461,8.79970935280543,
9.08359290143626),.UNSPECIFIED.);
#59=B_SPLINE_CURVE_WITH_KNOTS('',3,(#16938,#16939,#16940,#16941,#16942,
#16943,#16944,#16945,#16946,#16947),.UNSPECIFIED.,.F.,.F.,(4,2,2,2,4),(3.7753913768053,
4.0932685538303,4.41114573085531,4.72676770286778,5.04238967488026),
 .UNSPECIFIED.);
#60=B_SPLINE_CURVE_WITH_KNOTS('',3,(#16948,#16949,#16950,#16951,#16952,
#16953,#16954,#16955,#16956,#16957,#16958,#16959,#16960,#16961,#16962,#16963,
#16964,#16965,#16966,#16967,#16968,#16969,#16970,#16971,#16972,#16973),
 .UNSPECIFIED.,.F.,.F.,(4,2,2,2,2,2,2,2,2,2,2,2,4),(0.,0.315621972012472,
0.631243944024944,0.949121121049951,1.26699829807496,1.57950300071399,1.89200770335302,
2.20660127039658,2.52119483744013,2.83578840448368,3.15038197152723,3.46288667416627,
3.7753913768053),.UNSPECIFIED.);
#61=B_SPLINE_CURVE_WITH_KNOTS('',3,(#16991,#16992,#16993,#16994,#16995,
#16996,#16997,#16998,#16999,#17000),.UNSPECIFIED.,.F.,.F.,(4,2,2,2,4),(0.,
0.189909272547993,0.379818545095986,0.581167879031043,0.782517212966101),
 .UNSPECIFIED.);
#62=B_SPLINE_CURVE_WITH_KNOTS('',3,(#17004,#17005,#17006,#17007,#17008,
#17009,#17010,#17011,#17012,#17013),.UNSPECIFIED.,.F.,.F.,(4,2,2,2,4),(-0.782517212966101,
-0.581167879031044,-0.379818545095986,-0.189909272547993,0.),
 .UNSPECIFIED.);
#63=B_SPLINE_CURVE_WITH_KNOTS('',3,(#17033,#17034,#17035,#17036,#17037,
#17038,#17039,#17040,#17041,#17042),.UNSPECIFIED.,.F.,.F.,(4,2,2,2,4),(-0.782517212966101,
-0.581167879031044,-0.379818545095986,-0.189909272547993,0.),
 .UNSPECIFIED.);
#64=B_SPLINE_CURVE_WITH_KNOTS('',3,(#17043,#17044,#17045,#17046,#17047,
#17048,#17049,#17050,#17051,#17052),.UNSPECIFIED.,.F.,.F.,(4,2,2,2,4),(0.,
0.189909272547993,0.379818545095986,0.581167879031043,0.782517212966101),
 .UNSPECIFIED.);
#65=ELLIPSE('',#10715,4.16666664679845,2.5);
#66=ELLIPSE('',#10716,4.16666664679845,2.5);
#67=ELLIPSE('',#10717,3.1250000083819,2.5);
#68=ELLIPSE('',#10719,1.66666665871938,1.);
#69=ELLIPSE('',#10723,4.16666664679845,2.5);
#70=ELLIPSE('',#10724,4.16666664679845,2.5);
#71=ELLIPSE('',#10767,3.1250000083819,2.5);
#72=ELLIPSE('',#10770,4.16666664679845,2.5);
#73=ELLIPSE('',#10771,3.1250000083819,2.5);
#74=ELLIPSE('',#10772,4.16666664679845,2.5);
#75=ELLIPSE('',#10774,1.66666665871938,1.);
#76=ELLIPSE('',#10775,1.25000000335276,1.);
#77=ELLIPSE('',#10779,3.16694623979173,2.5);
#78=ELLIPSE('',#10780,4.07249668308312,2.5);
#79=ELLIPSE('',#10812,1.26677849591669,1.);
#80=ELLIPSE('',#10826,1.62899867323325,1.);
#81=ELLIPSE('',#10835,1.66666665871938,1.);
#82=ELLIPSE('',#10880,8.28151365973262,8.25);
#83=FACE_BOUND('',#1027,.T.);
#84=FACE_BOUND('',#1028,.T.);
#85=FACE_BOUND('',#1029,.T.);
#86=FACE_BOUND('',#1030,.T.);
#87=FACE_BOUND('',#1031,.T.);
#88=FACE_BOUND('',#1032,.T.);
#89=FACE_BOUND('',#1033,.T.);
#90=FACE_BOUND('',#1034,.T.);
#91=FACE_BOUND('',#1035,.T.);
#92=FACE_BOUND('',#1036,.T.);
#93=FACE_BOUND('',#1037,.T.);
#94=FACE_BOUND('',#1038,.T.);
#95=FACE_BOUND('',#1039,.T.);
#96=FACE_BOUND('',#1040,.T.);
#97=FACE_BOUND('',#1041,.T.);
#98=FACE_BOUND('',#1042,.T.);
#99=FACE_BOUND('',#1043,.T.);
#100=FACE_BOUND('',#1044,.T.);
#101=FACE_BOUND('',#1045,.T.);
#102=FACE_BOUND('',#1046,.T.);
#103=FACE_BOUND('',#1047,.T.);
#104=FACE_BOUND('',#1048,.T.);
#105=FACE_BOUND('',#1049,.T.);
#106=FACE_BOUND('',#1050,.T.);
#107=FACE_BOUND('',#1051,.T.);
#108=FACE_BOUND('',#1052,.T.);
#109=FACE_BOUND('',#1053,.T.);
#110=FACE_BOUND('',#1054,.T.);
#111=FACE_BOUND('',#1055,.T.);
#112=FACE_BOUND('',#1056,.T.);
#113=FACE_BOUND('',#1057,.T.);
#114=FACE_BOUND('',#1058,.T.);
#115=FACE_BOUND('',#1059,.T.);
#116=FACE_BOUND('',#1060,.T.);
#117=FACE_BOUND('',#1061,.T.);
#118=FACE_BOUND('',#1062,.T.);
#119=FACE_BOUND('',#1063,.T.);
#120=FACE_BOUND('',#1064,.T.);
#121=FACE_BOUND('',#1065,.T.);
#122=FACE_BOUND('',#1066,.T.);
#123=FACE_BOUND('',#1261,.T.);
#124=FACE_BOUND('',#1262,.T.);
#125=FACE_BOUND('',#1263,.T.);
#126=FACE_BOUND('',#1264,.T.);
#127=FACE_BOUND('',#1265,.T.);
#128=FACE_BOUND('',#1266,.T.);
#129=FACE_BOUND('',#1267,.T.);
#130=FACE_BOUND('',#1268,.T.);
#131=FACE_BOUND('',#1269,.T.);
#132=FACE_BOUND('',#1270,.T.);
#133=FACE_BOUND('',#1271,.T.);
#134=FACE_BOUND('',#1272,.T.);
#135=FACE_BOUND('',#1273,.T.);
#136=FACE_BOUND('',#1274,.T.);
#137=FACE_BOUND('',#1275,.T.);
#138=FACE_BOUND('',#1276,.T.);
#139=FACE_BOUND('',#1277,.T.);
#140=FACE_BOUND('',#1278,.T.);
#141=FACE_BOUND('',#1279,.T.);
#142=FACE_BOUND('',#1280,.T.);
#143=FACE_BOUND('',#1281,.T.);
#144=FACE_BOUND('',#1282,.T.);
#145=FACE_BOUND('',#1283,.T.);
#146=FACE_BOUND('',#1284,.T.);
#147=FACE_BOUND('',#1285,.T.);
#148=FACE_BOUND('',#1286,.T.);
#149=FACE_BOUND('',#1287,.T.);
#150=FACE_BOUND('',#1288,.T.);
#151=FACE_BOUND('',#1289,.T.);
#152=FACE_BOUND('',#1290,.T.);
#153=FACE_BOUND('',#1291,.T.);
#154=FACE_BOUND('',#1292,.T.);
#155=FACE_BOUND('',#1293,.T.);
#156=FACE_BOUND('',#1294,.T.);
#157=FACE_BOUND('',#1295,.T.);
#158=FACE_BOUND('',#1296,.T.);
#159=FACE_BOUND('',#1297,.T.);
#160=FACE_BOUND('',#1298,.T.);
#161=FACE_BOUND('',#1299,.T.);
#162=FACE_BOUND('',#1300,.T.);
#163=FACE_BOUND('',#1301,.T.);
#164=FACE_BOUND('',#1302,.T.);
#165=FACE_BOUND('',#1303,.T.);
#166=FACE_BOUND('',#1304,.T.);
#167=FACE_BOUND('',#1305,.T.);
#168=FACE_BOUND('',#1306,.T.);
#169=FACE_BOUND('',#1307,.T.);
#170=FACE_BOUND('',#1372,.T.);
#171=FACE_BOUND('',#1374,.T.);
#172=FACE_BOUND('',#1375,.T.);
#173=FACE_BOUND('',#1376,.T.);
#174=FACE_BOUND('',#1456,.T.);
#175=FACE_BOUND('',#1464,.T.);
#176=FACE_BOUND('',#1465,.T.);
#177=FACE_BOUND('',#1486,.T.);
#178=FACE_BOUND('',#1488,.T.);
#179=FACE_BOUND('',#1496,.T.);
#180=FACE_BOUND('',#1498,.T.);
#181=FACE_BOUND('',#1505,.T.);
#182=FACE_BOUND('',#1507,.T.);
#183=FACE_BOUND('',#1569,.T.);
#184=FACE_BOUND('',#1570,.T.);
#185=FACE_BOUND('',#1583,.T.);
#186=FACE_BOUND('',#1596,.T.);
#187=FACE_BOUND('',#1600,.T.);
#188=FACE_BOUND('',#1605,.T.);
#189=FACE_BOUND('',#1606,.T.);
#190=FACE_BOUND('',#1607,.T.);
#191=SHAPE_REPRESENTATION_RELATIONSHIP('SRR','None',#17122,#193);
#192=SHAPE_REPRESENTATION_RELATIONSHIP('SRR','None',#17121,#194);
#193=ADVANCED_BREP_SHAPE_REPRESENTATION('',(#197),#17110);
#194=ADVANCED_BREP_SHAPE_REPRESENTATION('',(#198),#17109);
#195=STYLED_ITEM('',(#17136),#197);
#196=STYLED_ITEM('',(#17136),#198);
#197=MANIFOLD_SOLID_BREP('Sliding Panel Front',#10356);
#198=MANIFOLD_SOLID_BREP('Front Half Casing (Small)',#10357);
#199=CYLINDRICAL_SURFACE('',#10402,25.);
#200=CYLINDRICAL_SURFACE('',#10605,1.00000000000001);
#201=CYLINDRICAL_SURFACE('',#10609,0.999999999999996);
#202=CYLINDRICAL_SURFACE('',#10614,2.99999999999995);
#203=CYLINDRICAL_SURFACE('',#10618,3.00000000000001);
#204=CYLINDRICAL_SURFACE('',#10625,5.5);
#205=CYLINDRICAL_SURFACE('',#10628,5.5);
#206=CYLINDRICAL_SURFACE('',#10652,25.);
#207=CYLINDRICAL_SURFACE('',#10709,4.30000413209246);
#208=CYLINDRICAL_SURFACE('',#10710,4.29999757558135);
#209=CYLINDRICAL_SURFACE('',#10712,4.30000413209201);
#210=CYLINDRICAL_SURFACE('',#10714,2.5);
#211=CYLINDRICAL_SURFACE('',#10722,2.5);
#212=CYLINDRICAL_SURFACE('',#10731,2.5);
#213=CYLINDRICAL_SURFACE('',#10739,2.5);
#214=CYLINDRICAL_SURFACE('',#10741,2.5);
#215=CYLINDRICAL_SURFACE('',#10753,1.);
#216=CYLINDRICAL_SURFACE('',#10762,1.);
#217=CYLINDRICAL_SURFACE('',#10765,2.5);
#218=CYLINDRICAL_SURFACE('',#10769,2.5);
#219=CYLINDRICAL_SURFACE('',#10778,2.5);
#220=CYLINDRICAL_SURFACE('',#10787,2.5);
#221=CYLINDRICAL_SURFACE('',#10793,2.5);
#222=CYLINDRICAL_SURFACE('',#10802,2.5);
#223=CYLINDRICAL_SURFACE('',#10807,5.);
#224=CYLINDRICAL_SURFACE('',#10811,1.);
#225=CYLINDRICAL_SURFACE('',#10814,1.);
#226=CYLINDRICAL_SURFACE('',#10819,1.);
#227=CYLINDRICAL_SURFACE('',#10828,1.);
#228=CYLINDRICAL_SURFACE('',#10830,1.);
#229=CYLINDRICAL_SURFACE('',#10834,1.);
#230=CYLINDRICAL_SURFACE('',#10840,1.);
#231=CYLINDRICAL_SURFACE('',#10842,1.);
#232=CYLINDRICAL_SURFACE('',#10847,1.);
#233=CYLINDRICAL_SURFACE('',#10853,5.);
#234=CYLINDRICAL_SURFACE('',#10857,1.);
#235=CYLINDRICAL_SURFACE('',#10858,1.);
#236=CYLINDRICAL_SURFACE('',#10860,5.);
#237=CYLINDRICAL_SURFACE('',#10862,5.);
#238=CYLINDRICAL_SURFACE('',#10865,10.5);
#239=CYLINDRICAL_SURFACE('',#10870,2.5);
#240=CYLINDRICAL_SURFACE('',#10872,2.5);
#241=CYLINDRICAL_SURFACE('',#10876,2.5);
#242=CYLINDRICAL_SURFACE('',#10887,5.5);
#243=CYLINDRICAL_SURFACE('',#10890,5.5);
#244=CYLINDRICAL_SURFACE('',#10893,5.5);
#245=CYLINDRICAL_SURFACE('',#10896,5.5);
#246=CYLINDRICAL_SURFACE('',#10901,3.00000004470348);
#247=CYLINDRICAL_SURFACE('',#10905,3.00000004470348);
#248=CYLINDRICAL_SURFACE('',#10911,1.25000639818696);
#249=CYLINDRICAL_SURFACE('',#10914,3.00000004470348);
#250=CYLINDRICAL_SURFACE('',#10918,3.00000004470348);
#251=CYLINDRICAL_SURFACE('',#10925,1.25000639818696);
#252=CYLINDRICAL_SURFACE('',#10927,3.00000004470348);
#253=CYLINDRICAL_SURFACE('',#10931,3.00000004470348);
#254=CYLINDRICAL_SURFACE('',#10937,1.25000639818696);
#255=CYLINDRICAL_SURFACE('',#10952,8.25);
#256=CYLINDRICAL_SURFACE('',#10963,4.50000006705523);
#257=CYLINDRICAL_SURFACE('',#10976,25.0199923792205);
#258=CYLINDRICAL_SURFACE('',#10978,21.9999992102385);
#259=CYLINDRICAL_SURFACE('',#10979,25.);
#260=CYLINDRICAL_SURFACE('',#10980,1.89999995306134);
#261=CYLINDRICAL_SURFACE('',#10988,1.79999995529652);
#262=CYLINDRICAL_SURFACE('',#10998,22.0000003278255);
#263=CYLINDRICAL_SURFACE('',#11001,17.0000003278255);
#264=CYLINDRICAL_SURFACE('',#11006,22.0000003278255);
#265=CYLINDRICAL_SURFACE('',#11009,17.0000003278255);
#266=CYLINDRICAL_SURFACE('',#11016,22.0000026375055);
#267=CYLINDRICAL_SURFACE('',#11018,21.9999992102385);
#268=CYLINDRICAL_SURFACE('',#11026,25.);
#269=CYLINDRICAL_SURFACE('',#11028,22.0000026375055);
#270=CYLINDRICAL_SURFACE('',#11030,25.);
#271=CYLINDRICAL_SURFACE('',#11040,5.);
#272=CYLINDRICAL_SURFACE('',#11042,59.000000923872);
#273=CYLINDRICAL_SURFACE('',#11044,15.);
#274=CYLINDRICAL_SURFACE('',#11048,8.25000354088861);
#275=CYLINDRICAL_SURFACE('',#11050,20.);
#276=CYLINDRICAL_SURFACE('',#11053,5.);
#277=CYLINDRICAL_SURFACE('',#11059,8.25000354088861);
#278=CYLINDRICAL_SURFACE('',#11064,5.);
#279=CYLINDRICAL_SURFACE('',#11072,5.);
#280=CYLINDRICAL_SURFACE('',#11074,20.);
#281=CYLINDRICAL_SURFACE('',#11090,8.25);
#282=CYLINDRICAL_SURFACE('',#11093,1.);
#283=CYLINDRICAL_SURFACE('',#11095,1.);
#284=CIRCLE('',#10377,25.);
#285=CIRCLE('',#10380,25.);
#286=CIRCLE('',#10382,25.);
#287=CIRCLE('',#10390,25.);
#288=CIRCLE('',#10606,1.00000000000001);
#289=CIRCLE('',#10607,1.00000000000001);
#290=CIRCLE('',#10610,0.999999999999996);
#291=CIRCLE('',#10611,0.999999999999996);
#292=CIRCLE('',#10615,2.99999999999995);
#293=CIRCLE('',#10616,2.99999999999995);
#294=CIRCLE('',#10619,3.00000000000001);
#295=CIRCLE('',#10620,3.00000000000001);
#296=CIRCLE('',#10622,5.5);
#297=CIRCLE('',#10623,5.5);
#298=CIRCLE('',#10626,5.5);
#299=CIRCLE('',#10629,5.5);
#300=CIRCLE('',#10632,25.);
#301=CIRCLE('',#10635,25.);
#302=CIRCLE('',#10648,25.);
#303=CIRCLE('',#10649,22.0000026375055);
#304=CIRCLE('',#10653,25.);
#305=CIRCLE('',#10654,25.);
#306=CIRCLE('',#10656,22.0000026375055);
#307=CIRCLE('',#10658,21.9999992102385);
#308=CIRCLE('',#10661,4.30000413209201);
#309=CIRCLE('',#10662,4.50000006705522);
#310=CIRCLE('',#10663,4.29999757558135);
#311=CIRCLE('',#10664,4.30000413209246);
#312=CIRCLE('',#10666,21.9999992102385);
#313=CIRCLE('',#10676,4.30000413209246);
#314=CIRCLE('',#10678,4.30000413209201);
#315=CIRCLE('',#10680,4.29999757558135);
#316=CIRCLE('',#10682,4.50000006705523);
#317=CIRCLE('',#10690,2.5);
#318=CIRCLE('',#10692,5.);
#319=CIRCLE('',#10693,5.);
#320=CIRCLE('',#10695,5.5);
#321=CIRCLE('',#10696,22.0000026375055);
#322=CIRCLE('',#10697,5.5);
#323=CIRCLE('',#10698,5.5);
#324=CIRCLE('',#10699,21.9999992102385);
#325=CIRCLE('',#10700,25.);
#326=CIRCLE('',#10701,25.);
#327=CIRCLE('',#10702,25.);
#328=CIRCLE('',#10703,21.9999992102385);
#329=CIRCLE('',#10704,22.0000026375055);
#330=CIRCLE('',#10705,5.5);
#331=CIRCLE('',#10706,1.25000639818696);
#332=CIRCLE('',#10707,1.25000639818696);
#333=CIRCLE('',#10708,1.25000639818696);
#334=CIRCLE('',#10721,2.5);
#335=CIRCLE('',#10726,2.5);
#336=CIRCLE('',#10727,2.5);
#337=CIRCLE('',#10728,2.5);
#338=CIRCLE('',#10729,2.5);
#339=CIRCLE('',#10730,5.);
#340=CIRCLE('',#10733,2.5);
#341=CIRCLE('',#10734,1.);
#342=CIRCLE('',#10735,3.5);
#343=CIRCLE('',#10737,2.5);
#344=CIRCLE('',#10738,1.);
#345=CIRCLE('',#10740,2.5);
#346=CIRCLE('',#10742,2.5);
#347=CIRCLE('',#10743,2.5);
#348=CIRCLE('',#10744,5.);
#349=CIRCLE('',#10745,2.5);
#350=CIRCLE('',#10746,2.5);
#351=CIRCLE('',#10748,2.5);
#352=CIRCLE('',#10749,3.5);
#353=CIRCLE('',#10750,1.);
#354=CIRCLE('',#10752,1.);
#355=CIRCLE('',#10754,1.);
#356=CIRCLE('',#10757,20.);
#357=CIRCLE('',#10758,59.000000923872);
#358=CIRCLE('',#10759,20.);
#359=CIRCLE('',#10760,3.5);
#360=CIRCLE('',#10761,3.5);
#361=CIRCLE('',#10763,1.);
#362=CIRCLE('',#10768,5.);
#363=CIRCLE('',#10777,2.5);
#364=CIRCLE('',#10782,8.25);
#365=CIRCLE('',#10783,8.25);
#366=CIRCLE('',#10784,8.25);
#367=CIRCLE('',#10785,2.5);
#368=CIRCLE('',#10786,10.5);
#369=CIRCLE('',#10788,2.5);
#370=CIRCLE('',#10789,2.5);
#371=CIRCLE('',#10790,5.);
#372=CIRCLE('',#10791,2.5);
#373=CIRCLE('',#10792,2.5);
#374=CIRCLE('',#10794,2.5);
#375=CIRCLE('',#10795,2.5);
#376=CIRCLE('',#10797,1.);
#377=CIRCLE('',#10798,2.49999999999999);
#378=CIRCLE('',#10799,2.5);
#379=CIRCLE('',#10800,2.5);
#380=CIRCLE('',#10801,5.);
#381=CIRCLE('',#10804,1.);
#382=CIRCLE('',#10808,5.);
#383=CIRCLE('',#10810,20.);
#384=CIRCLE('',#10813,1.);
#385=CIRCLE('',#10815,0.999999999999999);
#386=CIRCLE('',#10816,0.999999850988389);
#387=CIRCLE('',#10818,1.);
#388=CIRCLE('',#10820,0.999999999999996);
#389=CIRCLE('',#10822,1.);
#390=CIRCLE('',#10824,5.);
#391=CIRCLE('',#10829,1.);
#392=CIRCLE('',#10831,0.999999999999999);
#393=CIRCLE('',#10832,1.);
#394=CIRCLE('',#10836,0.999999999999996);
#395=CIRCLE('',#10841,0.999999999999996);
#396=CIRCLE('',#10843,0.999999999999999);
#397=CIRCLE('',#10844,1.);
#398=CIRCLE('',#10846,0.999999999999998);
#399=CIRCLE('',#10848,0.999999999999996);
#400=CIRCLE('',#10850,0.999999999999998);
#401=CIRCLE('',#10852,2.5);
#402=CIRCLE('',#10855,7.5);
#403=CIRCLE('',#10863,5.);
#404=CIRCLE('',#10866,10.5);
#405=CIRCLE('',#10868,2.5);
#406=CIRCLE('',#10869,8.25);
#407=CIRCLE('',#10873,2.5);
#408=CIRCLE('',#10875,2.5);
#409=CIRCLE('',#10878,20.);
#410=CIRCLE('',#10888,5.5);
#411=CIRCLE('',#10891,5.5);
#412=CIRCLE('',#10894,5.5);
#413=CIRCLE('',#10897,5.5);
#414=CIRCLE('',#10902,3.00000004470348);
#415=CIRCLE('',#10903,3.00000004470348);
#416=CIRCLE('',#10906,3.00000004470348);
#417=CIRCLE('',#10907,3.00000004470348);
#418=CIRCLE('',#10910,1.25000639818696);
#419=CIRCLE('',#10915,3.00000004470348);
#420=CIRCLE('',#10916,3.00000004470348);
#421=CIRCLE('',#10919,3.00000004470348);
#422=CIRCLE('',#10920,3.00000004470348);
#423=CIRCLE('',#10922,22.0000026375055);
#424=CIRCLE('',#10924,1.25000639818696);
#425=CIRCLE('',#10928,3.00000004470348);
#426=CIRCLE('',#10929,3.00000004470348);
#427=CIRCLE('',#10932,3.00000004470348);
#428=CIRCLE('',#10933,3.00000004470348);
#429=CIRCLE('',#10936,1.25000639818696);
#430=CIRCLE('',#10941,8.25000354088861);
#431=CIRCLE('',#10942,8.25000354088861);
#432=CIRCLE('',#10943,8.25000354088861);
#433=CIRCLE('',#10945,8.25000354088861);
#434=CIRCLE('',#10947,8.25000354088861);
#435=CIRCLE('',#10949,8.25);
#436=CIRCLE('',#10951,8.25);
#437=CIRCLE('',#10953,8.25);
#438=CIRCLE('',#10954,8.25);
#439=CIRCLE('',#10955,8.25);
#440=CIRCLE('',#10959,1.89999995306134);
#441=CIRCLE('',#10961,1.89999995306134);
#442=CIRCLE('',#10974,25.);
#443=CIRCLE('',#10975,25.0199923792205);
#444=CIRCLE('',#10977,25.0199923792205);
#445=CIRCLE('',#10981,1.89999995306134);
#446=CIRCLE('',#10982,1.89999995306134);
#447=CIRCLE('',#10989,1.79999995529652);
#448=CIRCLE('',#10990,1.79999995529652);
#449=CIRCLE('',#10991,1.79999995529652);
#450=CIRCLE('',#10997,17.0000003278255);
#451=CIRCLE('',#10999,22.0000003278255);
#452=CIRCLE('',#11000,22.0000003278255);
#453=CIRCLE('',#11002,17.0000003278255);
#454=CIRCLE('',#11005,21.9999992102385);
#455=CIRCLE('',#11007,22.0000003278255);
#456=CIRCLE('',#11008,22.0000003278255);
#457=CIRCLE('',#11010,17.0000003278255);
#458=CIRCLE('',#11011,17.0000003278255);
#459=CIRCLE('',#11015,22.0000026375055);
#460=CIRCLE('',#11017,22.0000026375055);
#461=CIRCLE('',#11019,21.9999992102385);
#462=CIRCLE('',#11021,25.);
#463=CIRCLE('',#11022,25.);
#464=CIRCLE('',#11027,25.);
#465=CIRCLE('',#11031,25.);
#466=CIRCLE('',#11033,20.);
#467=CIRCLE('',#11035,20.);
#468=CIRCLE('',#11041,5.);
#469=CIRCLE('',#11043,59.000000923872);
#470=CIRCLE('',#11045,15.);
#471=CIRCLE('',#11046,20.);
#472=CIRCLE('',#11047,20.);
#473=CIRCLE('',#11049,8.25000354088861);
#474=CIRCLE('',#11054,5.);
#475=CIRCLE('',#11058,20.);
#476=CIRCLE('',#11060,8.25000354088861);
#477=CIRCLE('',#11066,20.);
#478=CIRCLE('',#11067,20.);
#479=CIRCLE('',#11069,20.);
#480=CIRCLE('',#11070,20.);
#481=CIRCLE('',#11086,8.25);
#482=CIRCLE('',#11088,8.25);
#483=CIRCLE('',#11089,8.25);
#484=FACE_OUTER_BOUND('',#999,.T.);
#485=FACE_OUTER_BOUND('',#1000,.T.);
#486=FACE_OUTER_BOUND('',#1001,.T.);
#487=FACE_OUTER_BOUND('',#1002,.T.);
#488=FACE_OUTER_BOUND('',#1003,.T.);
#489=FACE_OUTER_BOUND('',#1004,.T.);
#490=FACE_OUTER_BOUND('',#1005,.T.);
#491=FACE_OUTER_BOUND('',#1006,.T.);
#492=FACE_OUTER_BOUND('',#1007,.T.);
#493=FACE_OUTER_BOUND('',#1008,.T.);
#494=FACE_OUTER_BOUND('',#1009,.T.);
#495=FACE_OUTER_BOUND('',#1010,.T.);
#496=FACE_OUTER_BOUND('',#1011,.T.);
#497=FACE_OUTER_BOUND('',#1012,.T.);
#498=FACE_OUTER_BOUND('',#1013,.T.);
#499=FACE_OUTER_BOUND('',#1014,.T.);
#500=FACE_OUTER_BOUND('',#1015,.T.);
#501=FACE_OUTER_BOUND('',#1016,.T.);
#502=FACE_OUTER_BOUND('',#1017,.T.);
#503=FACE_OUTER_BOUND('',#1018,.T.);
#504=FACE_OUTER_BOUND('',#1019,.T.);
#505=FACE_OUTER_BOUND('',#1020,.T.);
#506=FACE_OUTER_BOUND('',#1021,.T.);
#507=FACE_OUTER_BOUND('',#1022,.T.);
#508=FACE_OUTER_BOUND('',#1023,.T.);
#509=FACE_OUTER_BOUND('',#1024,.T.);
#510=FACE_OUTER_BOUND('',#1025,.T.);
#511=FACE_OUTER_BOUND('',#1026,.T.);
#512=FACE_OUTER_BOUND('',#1067,.T.);
#513=FACE_OUTER_BOUND('',#1068,.T.);
#514=FACE_OUTER_BOUND('',#1069,.T.);
#515=FACE_OUTER_BOUND('',#1070,.T.);
#516=FACE_OUTER_BOUND('',#1071,.T.);
#517=FACE_OUTER_BOUND('',#1072,.T.);
#518=FACE_OUTER_BOUND('',#1073,.T.);
#519=FACE_OUTER_BOUND('',#1074,.T.);
#520=FACE_OUTER_BOUND('',#1075,.T.);
#521=FACE_OUTER_BOUND('',#1076,.T.);
#522=FACE_OUTER_BOUND('',#1077,.T.);
#523=FACE_OUTER_BOUND('',#1078,.T.);
#524=FACE_OUTER_BOUND('',#1079,.T.);
#525=FACE_OUTER_BOUND('',#1080,.T.);
#526=FACE_OUTER_BOUND('',#1081,.T.);
#527=FACE_OUTER_BOUND('',#1082,.T.);
#528=FACE_OUTER_BOUND('',#1083,.T.);
#529=FACE_OUTER_BOUND('',#1084,.T.);
#530=FACE_OUTER_BOUND('',#1085,.T.);
#531=FACE_OUTER_BOUND('',#1086,.T.);
#532=FACE_OUTER_BOUND('',#1087,.T.);
#533=FACE_OUTER_BOUND('',#1088,.T.);
#534=FACE_OUTER_BOUND('',#1089,.T.);
#535=FACE_OUTER_BOUND('',#1090,.T.);
#536=FACE_OUTER_BOUND('',#1091,.T.);
#537=FACE_OUTER_BOUND('',#1092,.T.);
#538=FACE_OUTER_BOUND('',#1093,.T.);
#539=FACE_OUTER_BOUND('',#1094,.T.);
#540=FACE_OUTER_BOUND('',#1095,.T.);
#541=FACE_OUTER_BOUND('',#1096,.T.);
#542=FACE_OUTER_BOUND('',#1097,.T.);
#543=FACE_OUTER_BOUND('',#1098,.T.);
#544=FACE_OUTER_BOUND('',#1099,.T.);
#545=FACE_OUTER_BOUND('',#1100,.T.);
#546=FACE_OUTER_BOUND('',#1101,.T.);
#547=FACE_OUTER_BOUND('',#1102,.T.);
#548=FACE_OUTER_BOUND('',#1103,.T.);
#549=FACE_OUTER_BOUND('',#1104,.T.);
#550=FACE_OUTER_BOUND('',#1105,.T.);
#551=FACE_OUTER_BOUND('',#1106,.T.);
#552=FACE_OUTER_BOUND('',#1107,.T.);
#553=FACE_OUTER_BOUND('',#1108,.T.);
#554=FACE_OUTER_BOUND('',#1109,.T.);
#555=FACE_OUTER_BOUND('',#1110,.T.);
#556=FACE_OUTER_BOUND('',#1111,.T.);
#557=FACE_OUTER_BOUND('',#1112,.T.);
#558=FACE_OUTER_BOUND('',#1113,.T.);
#559=FACE_OUTER_BOUND('',#1114,.T.);
#560=FACE_OUTER_BOUND('',#1115,.T.);
#561=FACE_OUTER_BOUND('',#1116,.T.);
#562=FACE_OUTER_BOUND('',#1117,.T.);
#563=FACE_OUTER_BOUND('',#1118,.T.);
#564=FACE_OUTER_BOUND('',#1119,.T.);
#565=FACE_OUTER_BOUND('',#1120,.T.);
#566=FACE_OUTER_BOUND('',#1121,.T.);
#567=FACE_OUTER_BOUND('',#1122,.T.);
#568=FACE_OUTER_BOUND('',#1123,.T.);
#569=FACE_OUTER_BOUND('',#1124,.T.);
#570=FACE_OUTER_BOUND('',#1125,.T.);
#571=FACE_OUTER_BOUND('',#1126,.T.);
#572=FACE_OUTER_BOUND('',#1127,.T.);
#573=FACE_OUTER_BOUND('',#1128,.T.);
#574=FACE_OUTER_BOUND('',#1129,.T.);
#575=FACE_OUTER_BOUND('',#1130,.T.);
#576=FACE_OUTER_BOUND('',#1131,.T.);
#577=FACE_OUTER_BOUND('',#1132,.T.);
#578=FACE_OUTER_BOUND('',#1133,.T.);
#579=FACE_OUTER_BOUND('',#1134,.T.);
#580=FACE_OUTER_BOUND('',#1135,.T.);
#581=FACE_OUTER_BOUND('',#1136,.T.);
#582=FACE_OUTER_BOUND('',#1137,.T.);
#583=FACE_OUTER_BOUND('',#1138,.T.);
#584=FACE_OUTER_BOUND('',#1139,.T.);
#585=FACE_OUTER_BOUND('',#1140,.T.);
#586=FACE_OUTER_BOUND('',#1141,.T.);
#587=FACE_OUTER_BOUND('',#1142,.T.);
#588=FACE_OUTER_BOUND('',#1143,.T.);
#589=FACE_OUTER_BOUND('',#1144,.T.);
#590=FACE_OUTER_BOUND('',#1145,.T.);
#591=FACE_OUTER_BOUND('',#1146,.T.);
#592=FACE_OUTER_BOUND('',#1147,.T.);
#593=FACE_OUTER_BOUND('',#1148,.T.);
#594=FACE_OUTER_BOUND('',#1149,.T.);
#595=FACE_OUTER_BOUND('',#1150,.T.);
#596=FACE_OUTER_BOUND('',#1151,.T.);
#597=FACE_OUTER_BOUND('',#1152,.T.);
#598=FACE_OUTER_BOUND('',#1153,.T.);
#599=FACE_OUTER_BOUND('',#1154,.T.);
#600=FACE_OUTER_BOUND('',#1155,.T.);
#601=FACE_OUTER_BOUND('',#1156,.T.);
#602=FACE_OUTER_BOUND('',#1157,.T.);
#603=FACE_OUTER_BOUND('',#1158,.T.);
#604=FACE_OUTER_BOUND('',#1159,.T.);
#605=FACE_OUTER_BOUND('',#1160,.T.);
#606=FACE_OUTER_BOUND('',#1161,.T.);
#607=FACE_OUTER_BOUND('',#1162,.T.);
#608=FACE_OUTER_BOUND('',#1163,.T.);
#609=FACE_OUTER_BOUND('',#1164,.T.);
#610=FACE_OUTER_BOUND('',#1165,.T.);
#611=FACE_OUTER_BOUND('',#1166,.T.);
#612=FACE_OUTER_BOUND('',#1167,.T.);
#613=FACE_OUTER_BOUND('',#1168,.T.);
#614=FACE_OUTER_BOUND('',#1169,.T.);
#615=FACE_OUTER_BOUND('',#1170,.T.);
#616=FACE_OUTER_BOUND('',#1171,.T.);
#617=FACE_OUTER_BOUND('',#1172,.T.);
#618=FACE_OUTER_BOUND('',#1173,.T.);
#619=FACE_OUTER_BOUND('',#1174,.T.);
#620=FACE_OUTER_BOUND('',#1175,.T.);
#621=FACE_OUTER_BOUND('',#1176,.T.);
#622=FACE_OUTER_BOUND('',#1177,.T.);
#623=FACE_OUTER_BOUND('',#1178,.T.);
#624=FACE_OUTER_BOUND('',#1179,.T.);
#625=FACE_OUTER_BOUND('',#1180,.T.);
#626=FACE_OUTER_BOUND('',#1181,.T.);
#627=FACE_OUTER_BOUND('',#1182,.T.);
#628=FACE_OUTER_BOUND('',#1183,.T.);
#629=FACE_OUTER_BOUND('',#1184,.T.);
#630=FACE_OUTER_BOUND('',#1185,.T.);
#631=FACE_OUTER_BOUND('',#1186,.T.);
#632=FACE_OUTER_BOUND('',#1187,.T.);
#633=FACE_OUTER_BOUND('',#1188,.T.);
#634=FACE_OUTER_BOUND('',#1189,.T.);
#635=FACE_OUTER_BOUND('',#1190,.T.);
#636=FACE_OUTER_BOUND('',#1191,.T.);
#637=FACE_OUTER_BOUND('',#1192,.T.);
#638=FACE_OUTER_BOUND('',#1193,.T.);
#639=FACE_OUTER_BOUND('',#1194,.T.);
#640=FACE_OUTER_BOUND('',#1195,.T.);
#641=FACE_OUTER_BOUND('',#1196,.T.);
#642=FACE_OUTER_BOUND('',#1197,.T.);
#643=FACE_OUTER_BOUND('',#1198,.T.);
#644=FACE_OUTER_BOUND('',#1199,.T.);
#645=FACE_OUTER_BOUND('',#1200,.T.);
#646=FACE_OUTER_BOUND('',#1201,.T.);
#647=FACE_OUTER_BOUND('',#1202,.T.);
#648=FACE_OUTER_BOUND('',#1203,.T.);
#649=FACE_OUTER_BOUND('',#1204,.T.);
#650=FACE_OUTER_BOUND('',#1205,.T.);
#651=FACE_OUTER_BOUND('',#1206,.T.);
#652=FACE_OUTER_BOUND('',#1207,.T.);
#653=FACE_OUTER_BOUND('',#1208,.T.);
#654=FACE_OUTER_BOUND('',#1209,.T.);
#655=FACE_OUTER_BOUND('',#1210,.T.);
#656=FACE_OUTER_BOUND('',#1211,.T.);
#657=FACE_OUTER_BOUND('',#1212,.T.);
#658=FACE_OUTER_BOUND('',#1213,.T.);
#659=FACE_OUTER_BOUND('',#1214,.T.);
#660=FACE_OUTER_BOUND('',#1215,.T.);
#661=FACE_OUTER_BOUND('',#1216,.T.);
#662=FACE_OUTER_BOUND('',#1217,.T.);
#663=FACE_OUTER_BOUND('',#1218,.T.);
#664=FACE_OUTER_BOUND('',#1219,.T.);
#665=FACE_OUTER_BOUND('',#1220,.T.);
#666=FACE_OUTER_BOUND('',#1221,.T.);
#667=FACE_OUTER_BOUND('',#1222,.T.);
#668=FACE_OUTER_BOUND('',#1223,.T.);
#669=FACE_OUTER_BOUND('',#1224,.T.);
#670=FACE_OUTER_BOUND('',#1225,.T.);
#671=FACE_OUTER_BOUND('',#1226,.T.);
#672=FACE_OUTER_BOUND('',#1227,.T.);
#673=FACE_OUTER_BOUND('',#1228,.T.);
#674=FACE_OUTER_BOUND('',#1229,.T.);
#675=FACE_OUTER_BOUND('',#1230,.T.);
#676=FACE_OUTER_BOUND('',#1231,.T.);
#677=FACE_OUTER_BOUND('',#1232,.T.);
#678=FACE_OUTER_BOUND('',#1233,.T.);
#679=FACE_OUTER_BOUND('',#1234,.T.);
#680=FACE_OUTER_BOUND('',#1235,.T.);
#681=FACE_OUTER_BOUND('',#1236,.T.);
#682=FACE_OUTER_BOUND('',#1237,.T.);
#683=FACE_OUTER_BOUND('',#1238,.T.);
#684=FACE_OUTER_BOUND('',#1239,.T.);
#685=FACE_OUTER_BOUND('',#1240,.T.);
#686=FACE_OUTER_BOUND('',#1241,.T.);
#687=FACE_OUTER_BOUND('',#1242,.T.);
#688=FACE_OUTER_BOUND('',#1243,.T.);
#689=FACE_OUTER_BOUND('',#1244,.T.);
#690=FACE_OUTER_BOUND('',#1245,.T.);
#691=FACE_OUTER_BOUND('',#1246,.T.);
#692=FACE_OUTER_BOUND('',#1247,.T.);
#693=FACE_OUTER_BOUND('',#1248,.T.);
#694=FACE_OUTER_BOUND('',#1249,.T.);
#695=FACE_OUTER_BOUND('',#1250,.T.);
#696=FACE_OUTER_BOUND('',#1251,.T.);
#697=FACE_OUTER_BOUND('',#1252,.T.);
#698=FACE_OUTER_BOUND('',#1253,.T.);
#699=FACE_OUTER_BOUND('',#1254,.T.);
#700=FACE_OUTER_BOUND('',#1255,.T.);
#701=FACE_OUTER_BOUND('',#1256,.T.);
#702=FACE_OUTER_BOUND('',#1257,.T.);
#703=FACE_OUTER_BOUND('',#1258,.T.);
#704=FACE_OUTER_BOUND('',#1259,.T.);
#705=FACE_OUTER_BOUND('',#1260,.T.);
#706=FACE_OUTER_BOUND('',#1308,.T.);
#707=FACE_OUTER_BOUND('',#1309,.T.);
#708=FACE_OUTER_BOUND('',#1310,.T.);
#709=FACE_OUTER_BOUND('',#1311,.T.);
#710=FACE_OUTER_BOUND('',#1312,.T.);
#711=FACE_OUTER_BOUND('',#1313,.T.);
#712=FACE_OUTER_BOUND('',#1314,.T.);
#713=FACE_OUTER_BOUND('',#1315,.T.);
#714=FACE_OUTER_BOUND('',#1316,.T.);
#715=FACE_OUTER_BOUND('',#1317,.T.);
#716=FACE_OUTER_BOUND('',#1318,.T.);
#717=FACE_OUTER_BOUND('',#1319,.T.);
#718=FACE_OUTER_BOUND('',#1320,.T.);
#719=FACE_OUTER_BOUND('',#1321,.T.);
#720=FACE_OUTER_BOUND('',#1322,.T.);
#721=FACE_OUTER_BOUND('',#1323,.T.);
#722=FACE_OUTER_BOUND('',#1324,.T.);
#723=FACE_OUTER_BOUND('',#1325,.T.);
#724=FACE_OUTER_BOUND('',#1326,.T.);
#725=FACE_OUTER_BOUND('',#1327,.T.);
#726=FACE_OUTER_BOUND('',#1328,.T.);
#727=FACE_OUTER_BOUND('',#1329,.T.);
#728=FACE_OUTER_BOUND('',#1330,.T.);
#729=FACE_OUTER_BOUND('',#1331,.T.);
#730=FACE_OUTER_BOUND('',#1332,.T.);
#731=FACE_OUTER_BOUND('',#1333,.T.);
#732=FACE_OUTER_BOUND('',#1334,.T.);
#733=FACE_OUTER_BOUND('',#1335,.T.);
#734=FACE_OUTER_BOUND('',#1336,.T.);
#735=FACE_OUTER_BOUND('',#1337,.T.);
#736=FACE_OUTER_BOUND('',#1338,.T.);
#737=FACE_OUTER_BOUND('',#1339,.T.);
#738=FACE_OUTER_BOUND('',#1340,.T.);
#739=FACE_OUTER_BOUND('',#1341,.T.);
#740=FACE_OUTER_BOUND('',#1342,.T.);
#741=FACE_OUTER_BOUND('',#1343,.T.);
#742=FACE_OUTER_BOUND('',#1344,.T.);
#743=FACE_OUTER_BOUND('',#1345,.T.);
#744=FACE_OUTER_BOUND('',#1346,.T.);
#745=FACE_OUTER_BOUND('',#1347,.T.);
#746=FACE_OUTER_BOUND('',#1348,.T.);
#747=FACE_OUTER_BOUND('',#1349,.T.);
#748=FACE_OUTER_BOUND('',#1350,.T.);
#749=FACE_OUTER_BOUND('',#1351,.T.);
#750=FACE_OUTER_BOUND('',#1352,.T.);
#751=FACE_OUTER_BOUND('',#1353,.T.);
#752=FACE_OUTER_BOUND('',#1354,.T.);
#753=FACE_OUTER_BOUND('',#1355,.T.);
#754=FACE_OUTER_BOUND('',#1356,.T.);
#755=FACE_OUTER_BOUND('',#1357,.T.);
#756=FACE_OUTER_BOUND('',#1358,.T.);
#757=FACE_OUTER_BOUND('',#1359,.T.);
#758=FACE_OUTER_BOUND('',#1360,.T.);
#759=FACE_OUTER_BOUND('',#1361,.T.);
#760=FACE_OUTER_BOUND('',#1362,.T.);
#761=FACE_OUTER_BOUND('',#1363,.T.);
#762=FACE_OUTER_BOUND('',#1364,.T.);
#763=FACE_OUTER_BOUND('',#1365,.T.);
#764=FACE_OUTER_BOUND('',#1366,.T.);
#765=FACE_OUTER_BOUND('',#1367,.T.);
#766=FACE_OUTER_BOUND('',#1368,.T.);
#767=FACE_OUTER_BOUND('',#1369,.T.);
#768=FACE_OUTER_BOUND('',#1370,.T.);
#769=FACE_OUTER_BOUND('',#1371,.T.);
#770=FACE_OUTER_BOUND('',#1373,.T.);
#771=FACE_OUTER_BOUND('',#1377,.T.);
#772=FACE_OUTER_BOUND('',#1378,.T.);
#773=FACE_OUTER_BOUND('',#1379,.T.);
#774=FACE_OUTER_BOUND('',#1380,.T.);
#775=FACE_OUTER_BOUND('',#1381,.T.);
#776=FACE_OUTER_BOUND('',#1382,.T.);
#777=FACE_OUTER_BOUND('',#1383,.T.);
#778=FACE_OUTER_BOUND('',#1384,.T.);
#779=FACE_OUTER_BOUND('',#1385,.T.);
#780=FACE_OUTER_BOUND('',#1386,.T.);
#781=FACE_OUTER_BOUND('',#1387,.T.);
#782=FACE_OUTER_BOUND('',#1388,.T.);
#783=FACE_OUTER_BOUND('',#1389,.T.);
#784=FACE_OUTER_BOUND('',#1390,.T.);
#785=FACE_OUTER_BOUND('',#1391,.T.);
#786=FACE_OUTER_BOUND('',#1392,.T.);
#787=FACE_OUTER_BOUND('',#1393,.T.);
#788=FACE_OUTER_BOUND('',#1394,.T.);
#789=FACE_OUTER_BOUND('',#1395,.T.);
#790=FACE_OUTER_BOUND('',#1396,.T.);
#791=FACE_OUTER_BOUND('',#1397,.T.);
#792=FACE_OUTER_BOUND('',#1398,.T.);
#793=FACE_OUTER_BOUND('',#1399,.T.);
#794=FACE_OUTER_BOUND('',#1400,.T.);
#795=FACE_OUTER_BOUND('',#1401,.T.);
#796=FACE_OUTER_BOUND('',#1402,.T.);
#797=FACE_OUTER_BOUND('',#1403,.T.);
#798=FACE_OUTER_BOUND('',#1404,.T.);
#799=FACE_OUTER_BOUND('',#1405,.T.);
#800=FACE_OUTER_BOUND('',#1406,.T.);
#801=FACE_OUTER_BOUND('',#1407,.T.);
#802=FACE_OUTER_BOUND('',#1408,.T.);
#803=FACE_OUTER_BOUND('',#1409,.T.);
#804=FACE_OUTER_BOUND('',#1410,.T.);
#805=FACE_OUTER_BOUND('',#1411,.T.);
#806=FACE_OUTER_BOUND('',#1412,.T.);
#807=FACE_OUTER_BOUND('',#1413,.T.);
#808=FACE_OUTER_BOUND('',#1414,.T.);
#809=FACE_OUTER_BOUND('',#1415,.T.);
#810=FACE_OUTER_BOUND('',#1416,.T.);
#811=FACE_OUTER_BOUND('',#1417,.T.);
#812=FACE_OUTER_BOUND('',#1418,.T.);
#813=FACE_OUTER_BOUND('',#1419,.T.);
#814=FACE_OUTER_BOUND('',#1420,.T.);
#815=FACE_OUTER_BOUND('',#1421,.T.);
#816=FACE_OUTER_BOUND('',#1422,.T.);
#817=FACE_OUTER_BOUND('',#1423,.T.);
#818=FACE_OUTER_BOUND('',#1424,.T.);
#819=FACE_OUTER_BOUND('',#1425,.T.);
#820=FACE_OUTER_BOUND('',#1426,.T.);
#821=FACE_OUTER_BOUND('',#1427,.T.);
#822=FACE_OUTER_BOUND('',#1428,.T.);
#823=FACE_OUTER_BOUND('',#1429,.T.);
#824=FACE_OUTER_BOUND('',#1430,.T.);
#825=FACE_OUTER_BOUND('',#1431,.T.);
#826=FACE_OUTER_BOUND('',#1432,.T.);
#827=FACE_OUTER_BOUND('',#1433,.T.);
#828=FACE_OUTER_BOUND('',#1434,.T.);
#829=FACE_OUTER_BOUND('',#1435,.T.);
#830=FACE_OUTER_BOUND('',#1436,.T.);
#831=FACE_OUTER_BOUND('',#1437,.T.);
#832=FACE_OUTER_BOUND('',#1438,.T.);
#833=FACE_OUTER_BOUND('',#1439,.T.);
#834=FACE_OUTER_BOUND('',#1440,.T.);
#835=FACE_OUTER_BOUND('',#1441,.T.);
#836=FACE_OUTER_BOUND('',#1442,.T.);
#837=FACE_OUTER_BOUND('',#1443,.T.);
#838=FACE_OUTER_BOUND('',#1444,.T.);
#839=FACE_OUTER_BOUND('',#1445,.T.);
#840=FACE_OUTER_BOUND('',#1446,.T.);
#841=FACE_OUTER_BOUND('',#1447,.T.);
#842=FACE_OUTER_BOUND('',#1448,.T.);
#843=FACE_OUTER_BOUND('',#1449,.T.);
#844=FACE_OUTER_BOUND('',#1450,.T.);
#845=FACE_OUTER_BOUND('',#1451,.T.);
#846=FACE_OUTER_BOUND('',#1452,.T.);
#847=FACE_OUTER_BOUND('',#1453,.T.);
#848=FACE_OUTER_BOUND('',#1454,.T.);
#849=FACE_OUTER_BOUND('',#1455,.T.);
#850=FACE_OUTER_BOUND('',#1457,.T.);
#851=FACE_OUTER_BOUND('',#1458,.T.);
#852=FACE_OUTER_BOUND('',#1459,.T.);
#853=FACE_OUTER_BOUND('',#1460,.T.);
#854=FACE_OUTER_BOUND('',#1461,.T.);
#855=FACE_OUTER_BOUND('',#1462,.T.);
#856=FACE_OUTER_BOUND('',#1463,.T.);
#857=FACE_OUTER_BOUND('',#1466,.T.);
#858=FACE_OUTER_BOUND('',#1467,.T.);
#859=FACE_OUTER_BOUND('',#1468,.T.);
#860=FACE_OUTER_BOUND('',#1469,.T.);
#861=FACE_OUTER_BOUND('',#1470,.T.);
#862=FACE_OUTER_BOUND('',#1471,.T.);
#863=FACE_OUTER_BOUND('',#1472,.T.);
#864=FACE_OUTER_BOUND('',#1473,.T.);
#865=FACE_OUTER_BOUND('',#1474,.T.);
#866=FACE_OUTER_BOUND('',#1475,.T.);
#867=FACE_OUTER_BOUND('',#1476,.T.);
#868=FACE_OUTER_BOUND('',#1477,.T.);
#869=FACE_OUTER_BOUND('',#1478,.T.);
#870=FACE_OUTER_BOUND('',#1479,.T.);
#871=FACE_OUTER_BOUND('',#1480,.T.);
#872=FACE_OUTER_BOUND('',#1481,.T.);
#873=FACE_OUTER_BOUND('',#1482,.T.);
#874=FACE_OUTER_BOUND('',#1483,.T.);
#875=FACE_OUTER_BOUND('',#1484,.T.);
#876=FACE_OUTER_BOUND('',#1485,.T.);
#877=FACE_OUTER_BOUND('',#1487,.T.);
#878=FACE_OUTER_BOUND('',#1489,.T.);
#879=FACE_OUTER_BOUND('',#1490,.T.);
#880=FACE_OUTER_BOUND('',#1491,.T.);
#881=FACE_OUTER_BOUND('',#1492,.T.);
#882=FACE_OUTER_BOUND('',#1493,.T.);
#883=FACE_OUTER_BOUND('',#1494,.T.);
#884=FACE_OUTER_BOUND('',#1495,.T.);
#885=FACE_OUTER_BOUND('',#1497,.T.);
#886=FACE_OUTER_BOUND('',#1499,.T.);
#887=FACE_OUTER_BOUND('',#1500,.T.);
#888=FACE_OUTER_BOUND('',#1501,.T.);
#889=FACE_OUTER_BOUND('',#1502,.T.);
#890=FACE_OUTER_BOUND('',#1503,.T.);
#891=FACE_OUTER_BOUND('',#1504,.T.);
#892=FACE_OUTER_BOUND('',#1506,.T.);
#893=FACE_OUTER_BOUND('',#1508,.T.);
#894=FACE_OUTER_BOUND('',#1509,.T.);
#895=FACE_OUTER_BOUND('',#1510,.T.);
#896=FACE_OUTER_BOUND('',#1511,.T.);
#897=FACE_OUTER_BOUND('',#1512,.T.);
#898=FACE_OUTER_BOUND('',#1513,.T.);
#899=FACE_OUTER_BOUND('',#1514,.T.);
#900=FACE_OUTER_BOUND('',#1515,.T.);
#901=FACE_OUTER_BOUND('',#1516,.T.);
#902=FACE_OUTER_BOUND('',#1517,.T.);
#903=FACE_OUTER_BOUND('',#1518,.T.);
#904=FACE_OUTER_BOUND('',#1519,.T.);
#905=FACE_OUTER_BOUND('',#1520,.T.);
#906=FACE_OUTER_BOUND('',#1521,.T.);
#907=FACE_OUTER_BOUND('',#1522,.T.);
#908=FACE_OUTER_BOUND('',#1523,.T.);
#909=FACE_OUTER_BOUND('',#1524,.T.);
#910=FACE_OUTER_BOUND('',#1525,.T.);
#911=FACE_OUTER_BOUND('',#1526,.T.);
#912=FACE_OUTER_BOUND('',#1527,.T.);
#913=FACE_OUTER_BOUND('',#1528,.T.);
#914=FACE_OUTER_BOUND('',#1529,.T.);
#915=FACE_OUTER_BOUND('',#1530,.T.);
#916=FACE_OUTER_BOUND('',#1531,.T.);
#917=FACE_OUTER_BOUND('',#1532,.T.);
#918=FACE_OUTER_BOUND('',#1533,.T.);
#919=FACE_OUTER_BOUND('',#1534,.T.);
#920=FACE_OUTER_BOUND('',#1535,.T.);
#921=FACE_OUTER_BOUND('',#1536,.T.);
#922=FACE_OUTER_BOUND('',#1537,.T.);
#923=FACE_OUTER_BOUND('',#1538,.T.);
#924=FACE_OUTER_BOUND('',#1539,.T.);
#925=FACE_OUTER_BOUND('',#1540,.T.);
#926=FACE_OUTER_BOUND('',#1541,.T.);
#927=FACE_OUTER_BOUND('',#1542,.T.);
#928=FACE_OUTER_BOUND('',#1543,.T.);
#929=FACE_OUTER_BOUND('',#1544,.T.);
#930=FACE_OUTER_BOUND('',#1545,.T.);
#931=FACE_OUTER_BOUND('',#1546,.T.);
#932=FACE_OUTER_BOUND('',#1547,.T.);
#933=FACE_OUTER_BOUND('',#1548,.T.);
#934=FACE_OUTER_BOUND('',#1549,.T.);
#935=FACE_OUTER_BOUND('',#1550,.T.);
#936=FACE_OUTER_BOUND('',#1551,.T.);
#937=FACE_OUTER_BOUND('',#1552,.T.);
#938=FACE_OUTER_BOUND('',#1553,.T.);
#939=FACE_OUTER_BOUND('',#1554,.T.);
#940=FACE_OUTER_BOUND('',#1555,.T.);
#941=FACE_OUTER_BOUND('',#1556,.T.);
#942=FACE_OUTER_BOUND('',#1557,.T.);
#943=FACE_OUTER_BOUND('',#1558,.T.);
#944=FACE_OUTER_BOUND('',#1559,.T.);
#945=FACE_OUTER_BOUND('',#1560,.T.);
#946=FACE_OUTER_BOUND('',#1561,.T.);
#947=FACE_OUTER_BOUND('',#1562,.T.);
#948=FACE_OUTER_BOUND('',#1563,.T.);
#949=FACE_OUTER_BOUND('',#1564,.T.);
#950=FACE_OUTER_BOUND('',#1565,.T.);
#951=FACE_OUTER_BOUND('',#1566,.T.);
#952=FACE_OUTER_BOUND('',#1567,.T.);
#953=FACE_OUTER_BOUND('',#1568,.T.);
#954=FACE_OUTER_BOUND('',#1571,.T.);
#955=FACE_OUTER_BOUND('',#1572,.T.);
#956=FACE_OUTER_BOUND('',#1573,.T.);
#957=FACE_OUTER_BOUND('',#1574,.T.);
#958=FACE_OUTER_BOUND('',#1575,.T.);
#959=FACE_OUTER_BOUND('',#1576,.T.);
#960=FACE_OUTER_BOUND('',#1577,.T.);
#961=FACE_OUTER_BOUND('',#1578,.T.);
#962=FACE_OUTER_BOUND('',#1579,.T.);
#963=FACE_OUTER_BOUND('',#1580,.T.);
#964=FACE_OUTER_BOUND('',#1581,.T.);
#965=FACE_OUTER_BOUND('',#1582,.T.);
#966=FACE_OUTER_BOUND('',#1584,.T.);
#967=FACE_OUTER_BOUND('',#1585,.T.);
#968=FACE_OUTER_BOUND('',#1586,.T.);
#969=FACE_OUTER_BOUND('',#1587,.T.);
#970=FACE_OUTER_BOUND('',#1588,.T.);
#971=FACE_OUTER_BOUND('',#1589,.T.);
#972=FACE_OUTER_BOUND('',#1590,.T.);
#973=FACE_OUTER_BOUND('',#1591,.T.);
#974=FACE_OUTER_BOUND('',#1592,.T.);
#975=FACE_OUTER_BOUND('',#1593,.T.);
#976=FACE_OUTER_BOUND('',#1594,.T.);
#977=FACE_OUTER_BOUND('',#1595,.T.);
#978=FACE_OUTER_BOUND('',#1597,.T.);
#979=FACE_OUTER_BOUND('',#1598,.T.);
#980=FACE_OUTER_BOUND('',#1599,.T.);
#981=FACE_OUTER_BOUND('',#1601,.T.);
#982=FACE_OUTER_BOUND('',#1602,.T.);
#983=FACE_OUTER_BOUND('',#1603,.T.);
#984=FACE_OUTER_BOUND('',#1604,.T.);
#985=FACE_OUTER_BOUND('',#1608,.T.);
#986=FACE_OUTER_BOUND('',#1609,.T.);
#987=FACE_OUTER_BOUND('',#1610,.T.);
#988=FACE_OUTER_BOUND('',#1611,.T.);
#989=FACE_OUTER_BOUND('',#1612,.T.);
#990=FACE_OUTER_BOUND('',#1613,.T.);
#991=FACE_OUTER_BOUND('',#1614,.T.);
#992=FACE_OUTER_BOUND('',#1615,.T.);
#993=FACE_OUTER_BOUND('',#1616,.T.);
#994=FACE_OUTER_BOUND('',#1617,.T.);
#995=FACE_OUTER_BOUND('',#1618,.T.);
#996=FACE_OUTER_BOUND('',#1619,.T.);
#997=FACE_OUTER_BOUND('',#1620,.T.);
#998=FACE_OUTER_BOUND('',#1621,.T.);
#999=EDGE_LOOP('',(#6493,#6494,#6495,#6496));
#1000=EDGE_LOOP('',(#6497,#6498,#6499,#6500,#6501,#6502));
#1001=EDGE_LOOP('',(#6503,#6504,#6505,#6506));
#1002=EDGE_LOOP('',(#6507,#6508,#6509,#6510,#6511,#6512));
#1003=EDGE_LOOP('',(#6513,#6514,#6515,#6516));
#1004=EDGE_LOOP('',(#6517,#6518,#6519,#6520));
#1005=EDGE_LOOP('',(#6521,#6522,#6523,#6524,#6525,#6526,#6527,#6528,#6529));
#1006=EDGE_LOOP('',(#6530,#6531,#6532,#6533));
#1007=EDGE_LOOP('',(#6534,#6535,#6536,#6537));
#1008=EDGE_LOOP('',(#6538,#6539,#6540,#6541));
#1009=EDGE_LOOP('',(#6542,#6543,#6544,#6545,#6546,#6547));
#1010=EDGE_LOOP('',(#6548,#6549,#6550,#6551));
#1011=EDGE_LOOP('',(#6552,#6553,#6554,#6555,#6556,#6557));
#1012=EDGE_LOOP('',(#6558,#6559,#6560,#6561,#6562,#6563,#6564,#6565));
#1013=EDGE_LOOP('',(#6566,#6567,#6568,#6569,#6570));
#1014=EDGE_LOOP('',(#6571,#6572,#6573,#6574));
#1015=EDGE_LOOP('',(#6575,#6576,#6577,#6578,#6579,#6580,#6581,#6582,#6583,
#6584,#6585,#6586));
#1016=EDGE_LOOP('',(#6587,#6588,#6589,#6590));
#1017=EDGE_LOOP('',(#6591,#6592,#6593,#6594));
#1018=EDGE_LOOP('',(#6595,#6596,#6597,#6598,#6599,#6600,#6601,#6602));
#1019=EDGE_LOOP('',(#6603,#6604,#6605,#6606));
#1020=EDGE_LOOP('',(#6607,#6608,#6609,#6610,#6611,#6612,#6613,#6614));
#1021=EDGE_LOOP('',(#6615,#6616,#6617,#6618));
#1022=EDGE_LOOP('',(#6619,#6620,#6621,#6622));
#1023=EDGE_LOOP('',(#6623,#6624,#6625,#6626));
#1024=EDGE_LOOP('',(#6627,#6628,#6629,#6630,#6631,#6632,#6633,#6634));
#1025=EDGE_LOOP('',(#6635,#6636,#6637,#6638,#6639,#6640,#6641,#6642));
#1026=EDGE_LOOP('',(#6643,#6644,#6645,#6646,#6647,#6648,#6649,#6650,#6651,
#6652,#6653,#6654,#6655,#6656,#6657,#6658,#6659,#6660,#6661,#6662,#6663,
#6664,#6665,#6666,#6667,#6668,#6669,#6670,#6671,#6672));
#1027=EDGE_LOOP('',(#6673,#6674,#6675,#6676));
#1028=EDGE_LOOP('',(#6677,#6678,#6679,#6680));
#1029=EDGE_LOOP('',(#6681,#6682,#6683,#6684));
#1030=EDGE_LOOP('',(#6685,#6686,#6687,#6688));
#1031=EDGE_LOOP('',(#6689,#6690,#6691,#6692));
#1032=EDGE_LOOP('',(#6693,#6694,#6695,#6696));
#1033=EDGE_LOOP('',(#6697,#6698,#6699,#6700));
#1034=EDGE_LOOP('',(#6701,#6702,#6703,#6704));
#1035=EDGE_LOOP('',(#6705,#6706,#6707,#6708));
#1036=EDGE_LOOP('',(#6709,#6710,#6711,#6712));
#1037=EDGE_LOOP('',(#6713,#6714,#6715,#6716));
#1038=EDGE_LOOP('',(#6717,#6718,#6719,#6720));
#1039=EDGE_LOOP('',(#6721,#6722,#6723,#6724));
#1040=EDGE_LOOP('',(#6725,#6726,#6727,#6728));
#1041=EDGE_LOOP('',(#6729,#6730,#6731,#6732));
#1042=EDGE_LOOP('',(#6733,#6734,#6735,#6736));
#1043=EDGE_LOOP('',(#6737,#6738,#6739,#6740));
#1044=EDGE_LOOP('',(#6741,#6742,#6743,#6744));
#1045=EDGE_LOOP('',(#6745,#6746,#6747,#6748));
#1046=EDGE_LOOP('',(#6749,#6750,#6751,#6752));
#1047=EDGE_LOOP('',(#6753,#6754,#6755,#6756));
#1048=EDGE_LOOP('',(#6757,#6758,#6759,#6760));
#1049=EDGE_LOOP('',(#6761,#6762,#6763,#6764));
#1050=EDGE_LOOP('',(#6765,#6766,#6767,#6768));
#1051=EDGE_LOOP('',(#6769,#6770,#6771,#6772));
#1052=EDGE_LOOP('',(#6773,#6774,#6775,#6776));
#1053=EDGE_LOOP('',(#6777,#6778,#6779,#6780));
#1054=EDGE_LOOP('',(#6781,#6782,#6783,#6784));
#1055=EDGE_LOOP('',(#6785,#6786,#6787,#6788));
#1056=EDGE_LOOP('',(#6789,#6790,#6791,#6792));
#1057=EDGE_LOOP('',(#6793,#6794,#6795,#6796));
#1058=EDGE_LOOP('',(#6797,#6798,#6799,#6800));
#1059=EDGE_LOOP('',(#6801,#6802,#6803,#6804));
#1060=EDGE_LOOP('',(#6805,#6806,#6807,#6808));
#1061=EDGE_LOOP('',(#6809,#6810,#6811,#6812));
#1062=EDGE_LOOP('',(#6813,#6814,#6815,#6816));
#1063=EDGE_LOOP('',(#6817,#6818,#6819,#6820));
#1064=EDGE_LOOP('',(#6821,#6822,#6823,#6824));
#1065=EDGE_LOOP('',(#6825,#6826,#6827,#6828));
#1066=EDGE_LOOP('',(#6829,#6830,#6831,#6832));
#1067=EDGE_LOOP('',(#6833,#6834,#6835,#6836));
#1068=EDGE_LOOP('',(#6837,#6838,#6839,#6840));
#1069=EDGE_LOOP('',(#6841,#6842,#6843,#6844));
#1070=EDGE_LOOP('',(#6845,#6846,#6847,#6848));
#1071=EDGE_LOOP('',(#6849,#6850,#6851,#6852));
#1072=EDGE_LOOP('',(#6853,#6854,#6855,#6856));
#1073=EDGE_LOOP('',(#6857,#6858,#6859,#6860));
#1074=EDGE_LOOP('',(#6861,#6862,#6863,#6864));
#1075=EDGE_LOOP('',(#6865,#6866,#6867,#6868));
#1076=EDGE_LOOP('',(#6869,#6870,#6871,#6872));
#1077=EDGE_LOOP('',(#6873,#6874,#6875,#6876));
#1078=EDGE_LOOP('',(#6877,#6878,#6879,#6880));
#1079=EDGE_LOOP('',(#6881,#6882,#6883,#6884));
#1080=EDGE_LOOP('',(#6885,#6886,#6887,#6888));
#1081=EDGE_LOOP('',(#6889,#6890,#6891,#6892));
#1082=EDGE_LOOP('',(#6893,#6894,#6895,#6896));
#1083=EDGE_LOOP('',(#6897,#6898,#6899,#6900));
#1084=EDGE_LOOP('',(#6901,#6902,#6903,#6904));
#1085=EDGE_LOOP('',(#6905,#6906,#6907,#6908));
#1086=EDGE_LOOP('',(#6909,#6910,#6911,#6912));
#1087=EDGE_LOOP('',(#6913,#6914,#6915,#6916));
#1088=EDGE_LOOP('',(#6917,#6918,#6919,#6920));
#1089=EDGE_LOOP('',(#6921,#6922,#6923,#6924));
#1090=EDGE_LOOP('',(#6925,#6926,#6927,#6928));
#1091=EDGE_LOOP('',(#6929,#6930,#6931,#6932));
#1092=EDGE_LOOP('',(#6933,#6934,#6935,#6936));
#1093=EDGE_LOOP('',(#6937,#6938,#6939,#6940));
#1094=EDGE_LOOP('',(#6941,#6942,#6943,#6944));
#1095=EDGE_LOOP('',(#6945,#6946,#6947,#6948));
#1096=EDGE_LOOP('',(#6949,#6950,#6951,#6952));
#1097=EDGE_LOOP('',(#6953,#6954,#6955,#6956));
#1098=EDGE_LOOP('',(#6957,#6958,#6959,#6960));
#1099=EDGE_LOOP('',(#6961,#6962,#6963,#6964));
#1100=EDGE_LOOP('',(#6965,#6966,#6967,#6968));
#1101=EDGE_LOOP('',(#6969,#6970,#6971,#6972));
#1102=EDGE_LOOP('',(#6973,#6974,#6975,#6976));
#1103=EDGE_LOOP('',(#6977,#6978,#6979,#6980));
#1104=EDGE_LOOP('',(#6981,#6982,#6983,#6984));
#1105=EDGE_LOOP('',(#6985,#6986,#6987,#6988));
#1106=EDGE_LOOP('',(#6989,#6990,#6991,#6992));
#1107=EDGE_LOOP('',(#6993,#6994,#6995,#6996));
#1108=EDGE_LOOP('',(#6997,#6998,#6999,#7000));
#1109=EDGE_LOOP('',(#7001,#7002,#7003,#7004));
#1110=EDGE_LOOP('',(#7005,#7006,#7007,#7008));
#1111=EDGE_LOOP('',(#7009,#7010,#7011,#7012));
#1112=EDGE_LOOP('',(#7013,#7014,#7015,#7016));
#1113=EDGE_LOOP('',(#7017,#7018,#7019,#7020));
#1114=EDGE_LOOP('',(#7021,#7022,#7023,#7024));
#1115=EDGE_LOOP('',(#7025,#7026,#7027,#7028));
#1116=EDGE_LOOP('',(#7029,#7030,#7031,#7032));
#1117=EDGE_LOOP('',(#7033,#7034,#7035,#7036));
#1118=EDGE_LOOP('',(#7037,#7038,#7039,#7040));
#1119=EDGE_LOOP('',(#7041,#7042,#7043,#7044));
#1120=EDGE_LOOP('',(#7045,#7046,#7047,#7048));
#1121=EDGE_LOOP('',(#7049,#7050,#7051,#7052));
#1122=EDGE_LOOP('',(#7053,#7054,#7055,#7056));
#1123=EDGE_LOOP('',(#7057,#7058,#7059,#7060));
#1124=EDGE_LOOP('',(#7061,#7062,#7063,#7064));
#1125=EDGE_LOOP('',(#7065,#7066,#7067,#7068));
#1126=EDGE_LOOP('',(#7069,#7070,#7071,#7072));
#1127=EDGE_LOOP('',(#7073,#7074,#7075,#7076));
#1128=EDGE_LOOP('',(#7077,#7078,#7079,#7080));
#1129=EDGE_LOOP('',(#7081,#7082,#7083,#7084));
#1130=EDGE_LOOP('',(#7085,#7086,#7087,#7088));
#1131=EDGE_LOOP('',(#7089,#7090,#7091,#7092));
#1132=EDGE_LOOP('',(#7093,#7094,#7095,#7096));
#1133=EDGE_LOOP('',(#7097,#7098,#7099,#7100));
#1134=EDGE_LOOP('',(#7101,#7102,#7103,#7104));
#1135=EDGE_LOOP('',(#7105,#7106,#7107,#7108));
#1136=EDGE_LOOP('',(#7109,#7110,#7111,#7112));
#1137=EDGE_LOOP('',(#7113,#7114,#7115,#7116));
#1138=EDGE_LOOP('',(#7117,#7118,#7119,#7120));
#1139=EDGE_LOOP('',(#7121,#7122,#7123,#7124));
#1140=EDGE_LOOP('',(#7125,#7126,#7127,#7128));
#1141=EDGE_LOOP('',(#7129,#7130,#7131,#7132));
#1142=EDGE_LOOP('',(#7133,#7134,#7135,#7136));
#1143=EDGE_LOOP('',(#7137,#7138,#7139,#7140));
#1144=EDGE_LOOP('',(#7141,#7142,#7143,#7144));
#1145=EDGE_LOOP('',(#7145,#7146,#7147,#7148));
#1146=EDGE_LOOP('',(#7149,#7150,#7151,#7152));
#1147=EDGE_LOOP('',(#7153,#7154,#7155,#7156,#7157));
#1148=EDGE_LOOP('',(#7158,#7159,#7160,#7161,#7162));
#1149=EDGE_LOOP('',(#7163,#7164,#7165,#7166));
#1150=EDGE_LOOP('',(#7167,#7168,#7169,#7170));
#1151=EDGE_LOOP('',(#7171,#7172,#7173,#7174));
#1152=EDGE_LOOP('',(#7175,#7176,#7177,#7178));
#1153=EDGE_LOOP('',(#7179,#7180,#7181,#7182));
#1154=EDGE_LOOP('',(#7183,#7184,#7185,#7186));
#1155=EDGE_LOOP('',(#7187,#7188,#7189,#7190));
#1156=EDGE_LOOP('',(#7191,#7192,#7193,#7194,#7195));
#1157=EDGE_LOOP('',(#7196,#7197,#7198,#7199,#7200));
#1158=EDGE_LOOP('',(#7201,#7202,#7203,#7204));
#1159=EDGE_LOOP('',(#7205,#7206,#7207,#7208));
#1160=EDGE_LOOP('',(#7209,#7210,#7211,#7212));
#1161=EDGE_LOOP('',(#7213,#7214,#7215,#7216,#7217));
#1162=EDGE_LOOP('',(#7218,#7219,#7220,#7221,#7222));
#1163=EDGE_LOOP('',(#7223,#7224,#7225,#7226));
#1164=EDGE_LOOP('',(#7227,#7228,#7229,#7230));
#1165=EDGE_LOOP('',(#7231,#7232,#7233,#7234));
#1166=EDGE_LOOP('',(#7235,#7236,#7237,#7238));
#1167=EDGE_LOOP('',(#7239,#7240,#7241,#7242,#7243));
#1168=EDGE_LOOP('',(#7244,#7245,#7246,#7247));
#1169=EDGE_LOOP('',(#7248,#7249,#7250,#7251,#7252));
#1170=EDGE_LOOP('',(#7253,#7254,#7255,#7256));
#1171=EDGE_LOOP('',(#7257,#7258,#7259,#7260));
#1172=EDGE_LOOP('',(#7261,#7262,#7263,#7264,#7265));
#1173=EDGE_LOOP('',(#7266,#7267,#7268,#7269));
#1174=EDGE_LOOP('',(#7270,#7271,#7272,#7273,#7274));
#1175=EDGE_LOOP('',(#7275,#7276,#7277,#7278));
#1176=EDGE_LOOP('',(#7279,#7280,#7281,#7282));
#1177=EDGE_LOOP('',(#7283,#7284,#7285,#7286));
#1178=EDGE_LOOP('',(#7287,#7288,#7289,#7290));
#1179=EDGE_LOOP('',(#7291,#7292,#7293,#7294));
#1180=EDGE_LOOP('',(#7295,#7296,#7297,#7298));
#1181=EDGE_LOOP('',(#7299,#7300,#7301,#7302));
#1182=EDGE_LOOP('',(#7303,#7304,#7305,#7306));
#1183=EDGE_LOOP('',(#7307,#7308,#7309,#7310));
#1184=EDGE_LOOP('',(#7311,#7312,#7313,#7314));
#1185=EDGE_LOOP('',(#7315,#7316,#7317,#7318));
#1186=EDGE_LOOP('',(#7319,#7320,#7321,#7322));
#1187=EDGE_LOOP('',(#7323,#7324,#7325,#7326));
#1188=EDGE_LOOP('',(#7327,#7328,#7329,#7330));
#1189=EDGE_LOOP('',(#7331,#7332,#7333,#7334));
#1190=EDGE_LOOP('',(#7335,#7336,#7337,#7338));
#1191=EDGE_LOOP('',(#7339,#7340,#7341,#7342));
#1192=EDGE_LOOP('',(#7343,#7344,#7345,#7346));
#1193=EDGE_LOOP('',(#7347,#7348,#7349,#7350));
#1194=EDGE_LOOP('',(#7351,#7352,#7353,#7354));
#1195=EDGE_LOOP('',(#7355,#7356,#7357,#7358));
#1196=EDGE_LOOP('',(#7359,#7360,#7361,#7362));
#1197=EDGE_LOOP('',(#7363,#7364,#7365,#7366));
#1198=EDGE_LOOP('',(#7367,#7368,#7369,#7370));
#1199=EDGE_LOOP('',(#7371,#7372,#7373,#7374));
#1200=EDGE_LOOP('',(#7375,#7376,#7377,#7378));
#1201=EDGE_LOOP('',(#7379,#7380,#7381,#7382));
#1202=EDGE_LOOP('',(#7383,#7384,#7385,#7386));
#1203=EDGE_LOOP('',(#7387,#7388,#7389,#7390));
#1204=EDGE_LOOP('',(#7391,#7392,#7393,#7394));
#1205=EDGE_LOOP('',(#7395,#7396,#7397,#7398));
#1206=EDGE_LOOP('',(#7399,#7400,#7401,#7402));
#1207=EDGE_LOOP('',(#7403,#7404,#7405,#7406));
#1208=EDGE_LOOP('',(#7407,#7408,#7409,#7410));
#1209=EDGE_LOOP('',(#7411,#7412,#7413,#7414));
#1210=EDGE_LOOP('',(#7415,#7416,#7417,#7418));
#1211=EDGE_LOOP('',(#7419,#7420,#7421,#7422));
#1212=EDGE_LOOP('',(#7423,#7424,#7425,#7426));
#1213=EDGE_LOOP('',(#7427,#7428,#7429,#7430));
#1214=EDGE_LOOP('',(#7431,#7432,#7433,#7434));
#1215=EDGE_LOOP('',(#7435,#7436,#7437,#7438));
#1216=EDGE_LOOP('',(#7439,#7440,#7441,#7442));
#1217=EDGE_LOOP('',(#7443,#7444,#7445,#7446));
#1218=EDGE_LOOP('',(#7447,#7448,#7449,#7450));
#1219=EDGE_LOOP('',(#7451,#7452,#7453,#7454));
#1220=EDGE_LOOP('',(#7455,#7456,#7457,#7458));
#1221=EDGE_LOOP('',(#7459,#7460,#7461,#7462));
#1222=EDGE_LOOP('',(#7463,#7464,#7465,#7466));
#1223=EDGE_LOOP('',(#7467,#7468,#7469,#7470));
#1224=EDGE_LOOP('',(#7471,#7472,#7473,#7474));
#1225=EDGE_LOOP('',(#7475,#7476,#7477,#7478));
#1226=EDGE_LOOP('',(#7479,#7480,#7481,#7482));
#1227=EDGE_LOOP('',(#7483,#7484,#7485,#7486));
#1228=EDGE_LOOP('',(#7487,#7488,#7489,#7490));
#1229=EDGE_LOOP('',(#7491,#7492,#7493,#7494));
#1230=EDGE_LOOP('',(#7495,#7496,#7497,#7498));
#1231=EDGE_LOOP('',(#7499,#7500,#7501,#7502));
#1232=EDGE_LOOP('',(#7503,#7504,#7505,#7506));
#1233=EDGE_LOOP('',(#7507,#7508,#7509,#7510));
#1234=EDGE_LOOP('',(#7511,#7512,#7513,#7514));
#1235=EDGE_LOOP('',(#7515,#7516,#7517,#7518));
#1236=EDGE_LOOP('',(#7519,#7520,#7521,#7522));
#1237=EDGE_LOOP('',(#7523,#7524,#7525,#7526));
#1238=EDGE_LOOP('',(#7527,#7528,#7529,#7530));
#1239=EDGE_LOOP('',(#7531,#7532,#7533,#7534));
#1240=EDGE_LOOP('',(#7535,#7536,#7537,#7538));
#1241=EDGE_LOOP('',(#7539,#7540,#7541,#7542));
#1242=EDGE_LOOP('',(#7543,#7544,#7545,#7546));
#1243=EDGE_LOOP('',(#7547,#7548,#7549,#7550));
#1244=EDGE_LOOP('',(#7551,#7552,#7553,#7554));
#1245=EDGE_LOOP('',(#7555,#7556,#7557,#7558));
#1246=EDGE_LOOP('',(#7559,#7560,#7561,#7562));
#1247=EDGE_LOOP('',(#7563,#7564,#7565,#7566));
#1248=EDGE_LOOP('',(#7567,#7568,#7569,#7570));
#1249=EDGE_LOOP('',(#7571,#7572,#7573,#7574));
#1250=EDGE_LOOP('',(#7575,#7576,#7577,#7578));
#1251=EDGE_LOOP('',(#7579,#7580,#7581,#7582));
#1252=EDGE_LOOP('',(#7583,#7584,#7585,#7586));
#1253=EDGE_LOOP('',(#7587,#7588,#7589,#7590));
#1254=EDGE_LOOP('',(#7591,#7592,#7593,#7594));
#1255=EDGE_LOOP('',(#7595,#7596,#7597,#7598));
#1256=EDGE_LOOP('',(#7599,#7600,#7601,#7602));
#1257=EDGE_LOOP('',(#7603,#7604,#7605,#7606));
#1258=EDGE_LOOP('',(#7607,#7608,#7609,#7610));
#1259=EDGE_LOOP('',(#7611,#7612,#7613,#7614));
#1260=EDGE_LOOP('',(#7615,#7616,#7617,#7618));
#1261=EDGE_LOOP('',(#7619,#7620,#7621,#7622));
#1262=EDGE_LOOP('',(#7623,#7624,#7625,#7626));
#1263=EDGE_LOOP('',(#7627,#7628,#7629,#7630));
#1264=EDGE_LOOP('',(#7631,#7632,#7633,#7634));
#1265=EDGE_LOOP('',(#7635,#7636,#7637,#7638));
#1266=EDGE_LOOP('',(#7639,#7640,#7641,#7642));
#1267=EDGE_LOOP('',(#7643,#7644,#7645,#7646));
#1268=EDGE_LOOP('',(#7647,#7648,#7649,#7650));
#1269=EDGE_LOOP('',(#7651,#7652,#7653,#7654));
#1270=EDGE_LOOP('',(#7655,#7656,#7657,#7658));
#1271=EDGE_LOOP('',(#7659,#7660,#7661,#7662));
#1272=EDGE_LOOP('',(#7663,#7664,#7665,#7666));
#1273=EDGE_LOOP('',(#7667,#7668,#7669,#7670));
#1274=EDGE_LOOP('',(#7671,#7672,#7673,#7674));
#1275=EDGE_LOOP('',(#7675,#7676,#7677,#7678));
#1276=EDGE_LOOP('',(#7679,#7680,#7681,#7682));
#1277=EDGE_LOOP('',(#7683,#7684,#7685,#7686));
#1278=EDGE_LOOP('',(#7687,#7688,#7689,#7690));
#1279=EDGE_LOOP('',(#7691,#7692,#7693,#7694));
#1280=EDGE_LOOP('',(#7695,#7696,#7697,#7698));
#1281=EDGE_LOOP('',(#7699,#7700,#7701,#7702));
#1282=EDGE_LOOP('',(#7703,#7704,#7705,#7706));
#1283=EDGE_LOOP('',(#7707,#7708,#7709,#7710));
#1284=EDGE_LOOP('',(#7711,#7712,#7713,#7714,#7715,#7716,#7717,#7718));
#1285=EDGE_LOOP('',(#7719,#7720,#7721,#7722));
#1286=EDGE_LOOP('',(#7723,#7724,#7725,#7726));
#1287=EDGE_LOOP('',(#7727,#7728,#7729,#7730));
#1288=EDGE_LOOP('',(#7731,#7732,#7733,#7734));
#1289=EDGE_LOOP('',(#7735,#7736,#7737,#7738));
#1290=EDGE_LOOP('',(#7739,#7740,#7741,#7742));
#1291=EDGE_LOOP('',(#7743,#7744,#7745,#7746));
#1292=EDGE_LOOP('',(#7747,#7748,#7749,#7750));
#1293=EDGE_LOOP('',(#7751,#7752,#7753,#7754));
#1294=EDGE_LOOP('',(#7755,#7756,#7757,#7758));
#1295=EDGE_LOOP('',(#7759,#7760,#7761,#7762));
#1296=EDGE_LOOP('',(#7763,#7764,#7765,#7766));
#1297=EDGE_LOOP('',(#7767,#7768,#7769,#7770));
#1298=EDGE_LOOP('',(#7771,#7772,#7773,#7774));
#1299=EDGE_LOOP('',(#7775,#7776,#7777,#7778));
#1300=EDGE_LOOP('',(#7779,#7780,#7781,#7782));
#1301=EDGE_LOOP('',(#7783,#7784,#7785,#7786));
#1302=EDGE_LOOP('',(#7787,#7788,#7789,#7790));
#1303=EDGE_LOOP('',(#7791,#7792,#7793,#7794));
#1304=EDGE_LOOP('',(#7795,#7796,#7797,#7798));
#1305=EDGE_LOOP('',(#7799,#7800,#7801,#7802));
#1306=EDGE_LOOP('',(#7803,#7804,#7805,#7806));
#1307=EDGE_LOOP('',(#7807,#7808,#7809,#7810));
#1308=EDGE_LOOP('',(#7811,#7812,#7813,#7814));
#1309=EDGE_LOOP('',(#7815,#7816,#7817,#7818));
#1310=EDGE_LOOP('',(#7819,#7820,#7821,#7822,#7823,#7824));
#1311=EDGE_LOOP('',(#7825,#7826,#7827,#7828));
#1312=EDGE_LOOP('',(#7829,#7830,#7831,#7832));
#1313=EDGE_LOOP('',(#7833,#7834,#7835,#7836));
#1314=EDGE_LOOP('',(#7837,#7838,#7839,#7840,#7841,#7842));
#1315=EDGE_LOOP('',(#7843,#7844,#7845,#7846));
#1316=EDGE_LOOP('',(#7847));
#1317=EDGE_LOOP('',(#7848,#7849,#7850,#7851));
#1318=EDGE_LOOP('',(#7852));
#1319=EDGE_LOOP('',(#7853,#7854,#7855,#7856));
#1320=EDGE_LOOP('',(#7857,#7858,#7859,#7860));
#1321=EDGE_LOOP('',(#7861,#7862,#7863,#7864));
#1322=EDGE_LOOP('',(#7865,#7866,#7867,#7868));
#1323=EDGE_LOOP('',(#7869,#7870,#7871,#7872,#7873,#7874,#7875));
#1324=EDGE_LOOP('',(#7876,#7877,#7878,#7879,#7880,#7881));
#1325=EDGE_LOOP('',(#7882,#7883,#7884,#7885));
#1326=EDGE_LOOP('',(#7886,#7887,#7888,#7889,#7890,#7891,#7892,#7893,#7894,
#7895,#7896,#7897,#7898));
#1327=EDGE_LOOP('',(#7899,#7900,#7901,#7902));
#1328=EDGE_LOOP('',(#7903,#7904,#7905,#7906,#7907,#7908,#7909));
#1329=EDGE_LOOP('',(#7910,#7911,#7912,#7913));
#1330=EDGE_LOOP('',(#7914,#7915,#7916,#7917));
#1331=EDGE_LOOP('',(#7918,#7919,#7920,#7921));
#1332=EDGE_LOOP('',(#7922,#7923,#7924,#7925));
#1333=EDGE_LOOP('',(#7926,#7927,#7928,#7929,#7930));
#1334=EDGE_LOOP('',(#7931,#7932,#7933,#7934));
#1335=EDGE_LOOP('',(#7935,#7936,#7937,#7938));
#1336=EDGE_LOOP('',(#7939,#7940,#7941,#7942));
#1337=EDGE_LOOP('',(#7943,#7944,#7945,#7946));
#1338=EDGE_LOOP('',(#7947,#7948,#7949,#7950));
#1339=EDGE_LOOP('',(#7951,#7952,#7953,#7954));
#1340=EDGE_LOOP('',(#7955,#7956,#7957,#7958));
#1341=EDGE_LOOP('',(#7959,#7960,#7961,#7962,#7963,#7964,#7965,#7966));
#1342=EDGE_LOOP('',(#7967,#7968,#7969,#7970,#7971));
#1343=EDGE_LOOP('',(#7972,#7973,#7974,#7975,#7976,#7977));
#1344=EDGE_LOOP('',(#7978,#7979,#7980,#7981,#7982,#7983,#7984,#7985,#7986,
#7987,#7988,#7989));
#1345=EDGE_LOOP('',(#7990,#7991,#7992,#7993,#7994,#7995,#7996,#7997,#7998,
#7999,#8000,#8001));
#1346=EDGE_LOOP('',(#8002,#8003,#8004,#8005,#8006,#8007,#8008,#8009,#8010,
#8011));
#1347=EDGE_LOOP('',(#8012,#8013,#8014,#8015,#8016,#8017,#8018,#8019,#8020,
#8021,#8022,#8023,#8024,#8025,#8026,#8027));
#1348=EDGE_LOOP('',(#8028,#8029,#8030,#8031,#8032,#8033));
#1349=EDGE_LOOP('',(#8034,#8035,#8036,#8037,#8038,#8039,#8040,#8041,#8042,
#8043));
#1350=EDGE_LOOP('',(#8044,#8045,#8046,#8047,#8048,#8049,#8050,#8051,#8052,
#8053,#8054,#8055,#8056,#8057,#8058,#8059,#8060,#8061));
#1351=EDGE_LOOP('',(#8062,#8063,#8064,#8065,#8066,#8067,#8068));
#1352=EDGE_LOOP('',(#8069,#8070,#8071,#8072,#8073,#8074));
#1353=EDGE_LOOP('',(#8075,#8076,#8077,#8078));
#1354=EDGE_LOOP('',(#8079,#8080,#8081,#8082,#8083,#8084));
#1355=EDGE_LOOP('',(#8085,#8086,#8087,#8088,#8089,#8090,#8091,#8092));
#1356=EDGE_LOOP('',(#8093,#8094,#8095,#8096,#8097,#8098));
#1357=EDGE_LOOP('',(#8099,#8100,#8101,#8102));
#1358=EDGE_LOOP('',(#8103,#8104,#8105,#8106,#8107,#8108));
#1359=EDGE_LOOP('',(#8109,#8110,#8111,#8112));
#1360=EDGE_LOOP('',(#8113,#8114,#8115,#8116,#8117));
#1361=EDGE_LOOP('',(#8118,#8119,#8120,#8121,#8122));
#1362=EDGE_LOOP('',(#8123,#8124,#8125,#8126,#8127));
#1363=EDGE_LOOP('',(#8128,#8129,#8130,#8131,#8132));
#1364=EDGE_LOOP('',(#8133,#8134,#8135,#8136));
#1365=EDGE_LOOP('',(#8137,#8138,#8139,#8140,#8141,#8142,#8143,#8144,#8145,
#8146));
#1366=EDGE_LOOP('',(#8147,#8148,#8149,#8150));
#1367=EDGE_LOOP('',(#8151,#8152,#8153,#8154));
#1368=EDGE_LOOP('',(#8155,#8156,#8157,#8158,#8159,#8160));
#1369=EDGE_LOOP('',(#8161,#8162,#8163,#8164));
#1370=EDGE_LOOP('',(#8165,#8166,#8167,#8168,#8169,#8170,#8171,#8172,#8173,
#8174));
#1371=EDGE_LOOP('',(#8175,#8176,#8177,#8178,#8179,#8180,#8181,#8182,#8183,
#8184,#8185,#8186));
#1372=EDGE_LOOP('',(#8187,#8188,#8189,#8190));
#1373=EDGE_LOOP('',(#8191,#8192,#8193,#8194,#8195,#8196,#8197,#8198,#8199,
#8200,#8201,#8202,#8203,#8204,#8205,#8206,#8207,#8208,#8209,#8210,#8211,
#8212,#8213,#8214,#8215,#8216,#8217,#8218,#8219));
#1374=EDGE_LOOP('',(#8220));
#1375=EDGE_LOOP('',(#8221));
#1376=EDGE_LOOP('',(#8222));
#1377=EDGE_LOOP('',(#8223,#8224,#8225,#8226));
#1378=EDGE_LOOP('',(#8227,#8228,#8229,#8230));
#1379=EDGE_LOOP('',(#8231,#8232,#8233,#8234));
#1380=EDGE_LOOP('',(#8235,#8236,#8237,#8238));
#1381=EDGE_LOOP('',(#8239,#8240,#8241,#8242));
#1382=EDGE_LOOP('',(#8243,#8244,#8245,#8246,#8247,#8248));
#1383=EDGE_LOOP('',(#8249,#8250,#8251,#8252,#8253));
#1384=EDGE_LOOP('',(#8254,#8255,#8256,#8257,#8258,#8259));
#1385=EDGE_LOOP('',(#8260,#8261,#8262,#8263));
#1386=EDGE_LOOP('',(#8264,#8265,#8266,#8267,#8268,#8269));
#1387=EDGE_LOOP('',(#8270,#8271,#8272,#8273));
#1388=EDGE_LOOP('',(#8274,#8275,#8276,#8277));
#1389=EDGE_LOOP('',(#8278,#8279,#8280,#8281));
#1390=EDGE_LOOP('',(#8282,#8283,#8284,#8285));
#1391=EDGE_LOOP('',(#8286,#8287,#8288,#8289));
#1392=EDGE_LOOP('',(#8290,#8291,#8292,#8293));
#1393=EDGE_LOOP('',(#8294,#8295,#8296,#8297));
#1394=EDGE_LOOP('',(#8298,#8299,#8300,#8301));
#1395=EDGE_LOOP('',(#8302,#8303,#8304,#8305));
#1396=EDGE_LOOP('',(#8306,#8307,#8308,#8309));
#1397=EDGE_LOOP('',(#8310,#8311,#8312,#8313));
#1398=EDGE_LOOP('',(#8314,#8315,#8316,#8317,#8318,#8319));
#1399=EDGE_LOOP('',(#8320,#8321,#8322,#8323));
#1400=EDGE_LOOP('',(#8324,#8325,#8326,#8327,#8328,#8329,#8330,#8331,#8332,
#8333,#8334,#8335));
#1401=EDGE_LOOP('',(#8336,#8337,#8338,#8339,#8340,#8341));
#1402=EDGE_LOOP('',(#8342,#8343,#8344,#8345,#8346,#8347,#8348));
#1403=EDGE_LOOP('',(#8349,#8350,#8351,#8352));
#1404=EDGE_LOOP('',(#8353,#8354,#8355,#8356,#8357,#8358));
#1405=EDGE_LOOP('',(#8359,#8360,#8361,#8362,#8363,#8364,#8365,#8366));
#1406=EDGE_LOOP('',(#8367,#8368,#8369,#8370,#8371,#8372));
#1407=EDGE_LOOP('',(#8373,#8374,#8375,#8376,#8377,#8378));
#1408=EDGE_LOOP('',(#8379,#8380,#8381,#8382,#8383,#8384));
#1409=EDGE_LOOP('',(#8385,#8386,#8387,#8388,#8389,#8390,#8391,#8392,#8393,
#8394,#8395,#8396,#8397,#8398,#8399,#8400,#8401));
#1410=EDGE_LOOP('',(#8402,#8403,#8404,#8405));
#1411=EDGE_LOOP('',(#8406,#8407,#8408,#8409));
#1412=EDGE_LOOP('',(#8410,#8411,#8412,#8413));
#1413=EDGE_LOOP('',(#8414,#8415,#8416,#8417));
#1414=EDGE_LOOP('',(#8418,#8419,#8420,#8421));
#1415=EDGE_LOOP('',(#8422,#8423,#8424,#8425));
#1416=EDGE_LOOP('',(#8426,#8427,#8428,#8429));
#1417=EDGE_LOOP('',(#8430,#8431,#8432,#8433));
#1418=EDGE_LOOP('',(#8434,#8435,#8436,#8437));
#1419=EDGE_LOOP('',(#8438,#8439,#8440,#8441,#8442,#8443,#8444));
#1420=EDGE_LOOP('',(#8445,#8446,#8447,#8448));
#1421=EDGE_LOOP('',(#8449,#8450,#8451,#8452,#8453));
#1422=EDGE_LOOP('',(#8454,#8455,#8456));
#1423=EDGE_LOOP('',(#8457,#8458,#8459,#8460));
#1424=EDGE_LOOP('',(#8461,#8462,#8463,#8464));
#1425=EDGE_LOOP('',(#8465,#8466,#8467));
#1426=EDGE_LOOP('',(#8468,#8469,#8470,#8471));
#1427=EDGE_LOOP('',(#8472,#8473,#8474));
#1428=EDGE_LOOP('',(#8475,#8476,#8477,#8478,#8479,#8480,#8481,#8482,#8483,
#8484,#8485));
#1429=EDGE_LOOP('',(#8486,#8487,#8488,#8489,#8490,#8491));
#1430=EDGE_LOOP('',(#8492,#8493,#8494,#8495,#8496,#8497,#8498,#8499));
#1431=EDGE_LOOP('',(#8500,#8501,#8502,#8503));
#1432=EDGE_LOOP('',(#8504,#8505,#8506,#8507));
#1433=EDGE_LOOP('',(#8508,#8509,#8510));
#1434=EDGE_LOOP('',(#8511,#8512,#8513,#8514));
#1435=EDGE_LOOP('',(#8515,#8516,#8517));
#1436=EDGE_LOOP('',(#8518,#8519,#8520,#8521,#8522,#8523));
#1437=EDGE_LOOP('',(#8524,#8525,#8526,#8527,#8528));
#1438=EDGE_LOOP('',(#8529,#8530,#8531,#8532));
#1439=EDGE_LOOP('',(#8533,#8534,#8535,#8536));
#1440=EDGE_LOOP('',(#8537,#8538,#8539));
#1441=EDGE_LOOP('',(#8540,#8541,#8542,#8543));
#1442=EDGE_LOOP('',(#8544,#8545,#8546));
#1443=EDGE_LOOP('',(#8547,#8548,#8549,#8550));
#1444=EDGE_LOOP('',(#8551,#8552,#8553,#8554,#8555,#8556,#8557));
#1445=EDGE_LOOP('',(#8558,#8559,#8560,#8561,#8562,#8563,#8564,#8565,#8566,
#8567,#8568,#8569,#8570,#8571,#8572,#8573,#8574));
#1446=EDGE_LOOP('',(#8575,#8576,#8577,#8578));
#1447=EDGE_LOOP('',(#8579,#8580,#8581,#8582,#8583));
#1448=EDGE_LOOP('',(#8584,#8585,#8586,#8587,#8588));
#1449=EDGE_LOOP('',(#8589,#8590,#8591,#8592,#8593));
#1450=EDGE_LOOP('',(#8594,#8595,#8596,#8597,#8598,#8599));
#1451=EDGE_LOOP('',(#8600,#8601,#8602,#8603));
#1452=EDGE_LOOP('',(#8604,#8605,#8606,#8607,#8608,#8609));
#1453=EDGE_LOOP('',(#8610,#8611,#8612,#8613,#8614));
#1454=EDGE_LOOP('',(#8615,#8616,#8617,#8618));
#1455=EDGE_LOOP('',(#8619,#8620,#8621,#8622,#8623,#8624));
#1456=EDGE_LOOP('',(#8625));
#1457=EDGE_LOOP('',(#8626,#8627,#8628,#8629));
#1458=EDGE_LOOP('',(#8630,#8631,#8632,#8633));
#1459=EDGE_LOOP('',(#8634,#8635,#8636,#8637));
#1460=EDGE_LOOP('',(#8638,#8639,#8640,#8641));
#1461=EDGE_LOOP('',(#8642,#8643,#8644,#8645));
#1462=EDGE_LOOP('',(#8646,#8647,#8648));
#1463=EDGE_LOOP('',(#8649,#8650,#8651,#8652,#8653,#8654));
#1464=EDGE_LOOP('',(#8655,#8656,#8657,#8658));
#1465=EDGE_LOOP('',(#8659));
#1466=EDGE_LOOP('',(#8660,#8661,#8662,#8663));
#1467=EDGE_LOOP('',(#8664,#8665,#8666,#8667));
#1468=EDGE_LOOP('',(#8668,#8669,#8670,#8671));
#1469=EDGE_LOOP('',(#8672,#8673,#8674,#8675));
#1470=EDGE_LOOP('',(#8676,#8677,#8678,#8679));
#1471=EDGE_LOOP('',(#8680,#8681,#8682,#8683));
#1472=EDGE_LOOP('',(#8684,#8685,#8686,#8687));
#1473=EDGE_LOOP('',(#8688,#8689,#8690,#8691,#8692,#8693,#8694,#8695,#8696));
#1474=EDGE_LOOP('',(#8697,#8698,#8699,#8700));
#1475=EDGE_LOOP('',(#8701,#8702,#8703,#8704));
#1476=EDGE_LOOP('',(#8705,#8706,#8707,#8708));
#1477=EDGE_LOOP('',(#8709,#8710,#8711,#8712,#8713,#8714));
#1478=EDGE_LOOP('',(#8715,#8716,#8717,#8718));
#1479=EDGE_LOOP('',(#8719,#8720,#8721,#8722,#8723,#8724));
#1480=EDGE_LOOP('',(#8725,#8726,#8727,#8728));
#1481=EDGE_LOOP('',(#8729,#8730,#8731,#8732));
#1482=EDGE_LOOP('',(#8733,#8734,#8735,#8736));
#1483=EDGE_LOOP('',(#8737,#8738,#8739,#8740));
#1484=EDGE_LOOP('',(#8741,#8742,#8743,#8744));
#1485=EDGE_LOOP('',(#8745,#8746,#8747,#8748,#8749,#8750));
#1486=EDGE_LOOP('',(#8751,#8752,#8753,#8754));
#1487=EDGE_LOOP('',(#8755,#8756,#8757,#8758));
#1488=EDGE_LOOP('',(#8759));
#1489=EDGE_LOOP('',(#8760,#8761,#8762,#8763));
#1490=EDGE_LOOP('',(#8764,#8765,#8766,#8767));
#1491=EDGE_LOOP('',(#8768,#8769,#8770,#8771));
#1492=EDGE_LOOP('',(#8772,#8773,#8774,#8775));
#1493=EDGE_LOOP('',(#8776,#8777,#8778,#8779));
#1494=EDGE_LOOP('',(#8780,#8781,#8782,#8783));
#1495=EDGE_LOOP('',(#8784,#8785,#8786,#8787,#8788,#8789,#8790,#8791,#8792,
#8793));
#1496=EDGE_LOOP('',(#8794,#8795,#8796,#8797));
#1497=EDGE_LOOP('',(#8798,#8799,#8800,#8801));
#1498=EDGE_LOOP('',(#8802));
#1499=EDGE_LOOP('',(#8803,#8804,#8805,#8806));
#1500=EDGE_LOOP('',(#8807,#8808,#8809,#8810));
#1501=EDGE_LOOP('',(#8811,#8812,#8813,#8814));
#1502=EDGE_LOOP('',(#8815,#8816,#8817,#8818));
#1503=EDGE_LOOP('',(#8819,#8820,#8821,#8822));
#1504=EDGE_LOOP('',(#8823,#8824,#8825,#8826,#8827,#8828,#8829,#8830,#8831));
#1505=EDGE_LOOP('',(#8832,#8833,#8834,#8835));
#1506=EDGE_LOOP('',(#8836,#8837,#8838,#8839));
#1507=EDGE_LOOP('',(#8840));
#1508=EDGE_LOOP('',(#8841,#8842,#8843,#8844));
#1509=EDGE_LOOP('',(#8845,#8846,#8847,#8848));
#1510=EDGE_LOOP('',(#8849,#8850,#8851,#8852));
#1511=EDGE_LOOP('',(#8853,#8854,#8855,#8856,#8857));
#1512=EDGE_LOOP('',(#8858,#8859));
#1513=EDGE_LOOP('',(#8860,#8861));
#1514=EDGE_LOOP('',(#8862,#8863));
#1515=EDGE_LOOP('',(#8864,#8865));
#1516=EDGE_LOOP('',(#8866,#8867,#8868,#8869,#8870,#8871,#8872,#8873,#8874,
#8875,#8876,#8877));
#1517=EDGE_LOOP('',(#8878,#8879,#8880,#8881));
#1518=EDGE_LOOP('',(#8882,#8883,#8884,#8885));
#1519=EDGE_LOOP('',(#8886,#8887));
#1520=EDGE_LOOP('',(#8888,#8889,#8890,#8891,#8892,#8893));
#1521=EDGE_LOOP('',(#8894,#8895,#8896,#8897,#8898,#8899));
#1522=EDGE_LOOP('',(#8900,#8901,#8902,#8903));
#1523=EDGE_LOOP('',(#8904,#8905,#8906,#8907,#8908,#8909,#8910,#8911));
#1524=EDGE_LOOP('',(#8912,#8913,#8914,#8915));
#1525=EDGE_LOOP('',(#8916,#8917,#8918,#8919,#8920));
#1526=EDGE_LOOP('',(#8921,#8922,#8923,#8924,#8925));
#1527=EDGE_LOOP('',(#8926,#8927,#8928,#8929,#8930,#8931));
#1528=EDGE_LOOP('',(#8932,#8933,#8934,#8935));
#1529=EDGE_LOOP('',(#8936,#8937,#8938,#8939,#8940));
#1530=EDGE_LOOP('',(#8941,#8942,#8943,#8944,#8945));
#1531=EDGE_LOOP('',(#8946,#8947,#8948,#8949));
#1532=EDGE_LOOP('',(#8950,#8951,#8952,#8953));
#1533=EDGE_LOOP('',(#8954,#8955,#8956,#8957));
#1534=EDGE_LOOP('',(#8958,#8959,#8960,#8961,#8962,#8963,#8964));
#1535=EDGE_LOOP('',(#8965,#8966,#8967,#8968,#8969));
#1536=EDGE_LOOP('',(#8970,#8971,#8972,#8973,#8974,#8975));
#1537=EDGE_LOOP('',(#8976,#8977,#8978,#8979));
#1538=EDGE_LOOP('',(#8980,#8981,#8982,#8983));
#1539=EDGE_LOOP('',(#8984,#8985,#8986,#8987));
#1540=EDGE_LOOP('',(#8988,#8989,#8990,#8991));
#1541=EDGE_LOOP('',(#8992,#8993,#8994,#8995));
#1542=EDGE_LOOP('',(#8996,#8997,#8998,#8999,#9000));
#1543=EDGE_LOOP('',(#9001,#9002,#9003,#9004));
#1544=EDGE_LOOP('',(#9005,#9006,#9007,#9008));
#1545=EDGE_LOOP('',(#9009,#9010,#9011,#9012));
#1546=EDGE_LOOP('',(#9013,#9014,#9015,#9016,#9017,#9018,#9019));
#1547=EDGE_LOOP('',(#9020,#9021,#9022,#9023,#9024,#9025,#9026,#9027,#9028,
#9029));
#1548=EDGE_LOOP('',(#9030,#9031,#9032,#9033));
#1549=EDGE_LOOP('',(#9034,#9035,#9036,#9037));
#1550=EDGE_LOOP('',(#9038,#9039,#9040,#9041,#9042));
#1551=EDGE_LOOP('',(#9043,#9044,#9045,#9046,#9047,#9048,#9049));
#1552=EDGE_LOOP('',(#9050,#9051,#9052,#9053));
#1553=EDGE_LOOP('',(#9054,#9055,#9056,#9057));
#1554=EDGE_LOOP('',(#9058,#9059,#9060,#9061,#9062,#9063));
#1555=EDGE_LOOP('',(#9064,#9065,#9066,#9067,#9068));
#1556=EDGE_LOOP('',(#9069,#9070,#9071,#9072,#9073,#9074,#9075));
#1557=EDGE_LOOP('',(#9076,#9077,#9078,#9079,#9080));
#1558=EDGE_LOOP('',(#9081,#9082,#9083,#9084,#9085));
#1559=EDGE_LOOP('',(#9086,#9087,#9088,#9089,#9090,#9091,#9092,#9093));
#1560=EDGE_LOOP('',(#9094,#9095,#9096,#9097,#9098,#9099,#9100));
#1561=EDGE_LOOP('',(#9101,#9102,#9103,#9104));
#1562=EDGE_LOOP('',(#9105,#9106,#9107,#9108));
#1563=EDGE_LOOP('',(#9109,#9110,#9111,#9112,#9113,#9114));
#1564=EDGE_LOOP('',(#9115,#9116,#9117,#9118,#9119,#9120,#9121));
#1565=EDGE_LOOP('',(#9122,#9123,#9124,#9125));
#1566=EDGE_LOOP('',(#9126,#9127,#9128,#9129,#9130,#9131));
#1567=EDGE_LOOP('',(#9132,#9133,#9134,#9135));
#1568=EDGE_LOOP('',(#9136,#9137,#9138,#9139,#9140,#9141,#9142,#9143,#9144,
#9145,#9146,#9147,#9148,#9149,#9150,#9151,#9152,#9153,#9154,#9155,#9156,
#9157,#9158));
#1569=EDGE_LOOP('',(#9159,#9160,#9161,#9162));
#1570=EDGE_LOOP('',(#9163,#9164,#9165,#9166));
#1571=EDGE_LOOP('',(#9167,#9168,#9169,#9170));
#1572=EDGE_LOOP('',(#9171,#9172,#9173,#9174));
#1573=EDGE_LOOP('',(#9175,#9176,#9177,#9178));
#1574=EDGE_LOOP('',(#9179,#9180,#9181,#9182));
#1575=EDGE_LOOP('',(#9183,#9184,#9185,#9186));
#1576=EDGE_LOOP('',(#9187,#9188,#9189,#9190));
#1577=EDGE_LOOP('',(#9191,#9192,#9193,#9194));
#1578=EDGE_LOOP('',(#9195,#9196,#9197,#9198,#9199,#9200,#9201,#9202,#9203,
#9204,#9205,#9206));
#1579=EDGE_LOOP('',(#9207,#9208,#9209,#9210,#9211,#9212,#9213,#9214,#9215,
#9216,#9217,#9218));
#1580=EDGE_LOOP('',(#9219,#9220,#9221,#9222));
#1581=EDGE_LOOP('',(#9223,#9224,#9225,#9226,#9227,#9228));
#1582=EDGE_LOOP('',(#9229,#9230,#9231,#9232));
#1583=EDGE_LOOP('',(#9233));
#1584=EDGE_LOOP('',(#9234,#9235,#9236,#9237));
#1585=EDGE_LOOP('',(#9238,#9239,#9240,#9241,#9242,#9243,#9244,#9245,#9246,
#9247));
#1586=EDGE_LOOP('',(#9248,#9249,#9250));
#1587=EDGE_LOOP('',(#9251,#9252,#9253,#9254));
#1588=EDGE_LOOP('',(#9255,#9256,#9257,#9258,#9259));
#1589=EDGE_LOOP('',(#9260,#9261,#9262,#9263,#9264,#9265));
#1590=EDGE_LOOP('',(#9266,#9267,#9268,#9269));
#1591=EDGE_LOOP('',(#9270,#9271,#9272,#9273));
#1592=EDGE_LOOP('',(#9274,#9275,#9276,#9277));
#1593=EDGE_LOOP('',(#9278,#9279,#9280,#9281,#9282,#9283));
#1594=EDGE_LOOP('',(#9284,#9285,#9286,#9287,#9288,#9289));
#1595=EDGE_LOOP('',(#9290,#9291,#9292,#9293));
#1596=EDGE_LOOP('',(#9294));
#1597=EDGE_LOOP('',(#9295,#9296,#9297,#9298));
#1598=EDGE_LOOP('',(#9299,#9300,#9301,#9302));
#1599=EDGE_LOOP('',(#9303,#9304,#9305,#9306,#9307,#9308,#9309,#9310,#9311,
#9312,#9313,#9314,#9315,#9316,#9317,#9318,#9319));
#1600=EDGE_LOOP('',(#9320,#9321));
#1601=EDGE_LOOP('',(#9322,#9323,#9324,#9325));
#1602=EDGE_LOOP('',(#9326,#9327,#9328,#9329));
#1603=EDGE_LOOP('',(#9330,#9331,#9332,#9333,#9334));
#1604=EDGE_LOOP('',(#9335,#9336,#9337,#9338,#9339,#9340,#9341,#9342,#9343,
#9344,#9345,#9346,#9347,#9348,#9349));
#1605=EDGE_LOOP('',(#9350,#9351,#9352,#9353));
#1606=EDGE_LOOP('',(#9354));
#1607=EDGE_LOOP('',(#9355));
#1608=EDGE_LOOP('',(#9356,#9357,#9358,#9359));
#1609=EDGE_LOOP('',(#9360,#9361,#9362,#9363));
#1610=EDGE_LOOP('',(#9364,#9365,#9366,#9367));
#1611=EDGE_LOOP('',(#9368,#9369,#9370,#9371));
#1612=EDGE_LOOP('',(#9372,#9373,#9374,#9375));
#1613=EDGE_LOOP('',(#9376,#9377,#9378,#9379));
#1614=EDGE_LOOP('',(#9380,#9381,#9382,#9383));
#1615=EDGE_LOOP('',(#9384,#9385,#9386,#9387,#9388));
#1616=EDGE_LOOP('',(#9389,#9390,#9391,#9392,#9393,#9394,#9395,#9396,#9397,
#9398,#9399,#9400,#9401,#9402));
#1617=EDGE_LOOP('',(#9403,#9404,#9405,#9406));
#1618=EDGE_LOOP('',(#9407,#9408,#9409,#9410,#9411,#9412,#9413,#9414,#9415,
#9416,#9417,#9418,#9419,#9420));
#1619=EDGE_LOOP('',(#9421,#9422,#9423,#9424));
#1620=EDGE_LOOP('',(#9425,#9426,#9427,#9428));
#1621=EDGE_LOOP('',(#9429,#9430,#9431,#9432));
#1622=LINE('',#13780,#2846);
#1623=LINE('',#13782,#2847);
#1624=LINE('',#13784,#2848);
#1625=LINE('',#13785,#2849);
#1626=LINE('',#13788,#2850);
#1627=LINE('',#13790,#2851);
#1628=LINE('',#13792,#2852);
#1629=LINE('',#13794,#2853);
#1630=LINE('',#13795,#2854);
#1631=LINE('',#13798,#2855);
#1632=LINE('',#13800,#2856);
#1633=LINE('',#13801,#2857);
#1634=LINE('',#13804,#2858);
#1635=LINE('',#13806,#2859);
#1636=LINE('',#13808,#2860);
#1637=LINE('',#13810,#2861);
#1638=LINE('',#13811,#2862);
#1639=LINE('',#13817,#2863);
#1640=LINE('',#13819,#2864);
#1641=LINE('',#13820,#2865);
#1642=LINE('',#13823,#2866);
#1643=LINE('',#13825,#2867);
#1644=LINE('',#13826,#2868);
#1645=LINE('',#13830,#2869);
#1646=LINE('',#13832,#2870);
#1647=LINE('',#13833,#2871);
#1648=LINE('',#13835,#2872);
#1649=LINE('',#13839,#2873);
#1650=LINE('',#13841,#2874);
#1651=LINE('',#13842,#2875);
#1652=LINE('',#13847,#2876);
#1653=LINE('',#13848,#2877);
#1654=LINE('',#13851,#2878);
#1655=LINE('',#13853,#2879);
#1656=LINE('',#13854,#2880);
#1657=LINE('',#13857,#2881);
#1658=LINE('',#13859,#2882);
#1659=LINE('',#13860,#2883);
#1660=LINE('',#13863,#2884);
#1661=LINE('',#13865,#2885);
#1662=LINE('',#13867,#2886);
#1663=LINE('',#13869,#2887);
#1664=LINE('',#13870,#2888);
#1665=LINE('',#13873,#2889);
#1666=LINE('',#13875,#2890);
#1667=LINE('',#13876,#2891);
#1668=LINE('',#13879,#2892);
#1669=LINE('',#13881,#2893);
#1670=LINE('',#13883,#2894);
#1671=LINE('',#13885,#2895);
#1672=LINE('',#13886,#2896);
#1673=LINE('',#13889,#2897);
#1674=LINE('',#13891,#2898);
#1675=LINE('',#13893,#2899);
#1676=LINE('',#13894,#2900);
#1677=LINE('',#13896,#2901);
#1678=LINE('',#13897,#2902);
#1679=LINE('',#13901,#2903);
#1680=LINE('',#13902,#2904);
#1681=LINE('',#13904,#2905);
#1682=LINE('',#13905,#2906);
#1683=LINE('',#13908,#2907);
#1684=LINE('',#13910,#2908);
#1685=LINE('',#13913,#2909);
#1686=LINE('',#13914,#2910);
#1687=LINE('',#13917,#2911);
#1688=LINE('',#13918,#2912);
#1689=LINE('',#13920,#2913);
#1690=LINE('',#13922,#2914);
#1691=LINE('',#13924,#2915);
#1692=LINE('',#13926,#2916);
#1693=LINE('',#13932,#2917);
#1694=LINE('',#13934,#2918);
#1695=LINE('',#13936,#2919);
#1696=LINE('',#13938,#2920);
#1697=LINE('',#13940,#2921);
#1698=LINE('',#13942,#2922);
#1699=LINE('',#13944,#2923);
#1700=LINE('',#13946,#2924);
#1701=LINE('',#13948,#2925);
#1702=LINE('',#13950,#2926);
#1703=LINE('',#13952,#2927);
#1704=LINE('',#13954,#2928);
#1705=LINE('',#13956,#2929);
#1706=LINE('',#13958,#2930);
#1707=LINE('',#13960,#2931);
#1708=LINE('',#13962,#2932);
#1709=LINE('',#13964,#2933);
#1710=LINE('',#13966,#2934);
#1711=LINE('',#13968,#2935);
#1712=LINE('',#13970,#2936);
#1713=LINE('',#13972,#2937);
#1714=LINE('',#13974,#2938);
#1715=LINE('',#13976,#2939);
#1716=LINE('',#13978,#2940);
#1717=LINE('',#13980,#2941);
#1718=LINE('',#13982,#2942);
#1719=LINE('',#13984,#2943);
#1720=LINE('',#13986,#2944);
#1721=LINE('',#13988,#2945);
#1722=LINE('',#13989,#2946);
#1723=LINE('',#13992,#2947);
#1724=LINE('',#13994,#2948);
#1725=LINE('',#13996,#2949);
#1726=LINE('',#13997,#2950);
#1727=LINE('',#14000,#2951);
#1728=LINE('',#14002,#2952);
#1729=LINE('',#14004,#2953);
#1730=LINE('',#14005,#2954);
#1731=LINE('',#14008,#2955);
#1732=LINE('',#14010,#2956);
#1733=LINE('',#14012,#2957);
#1734=LINE('',#14013,#2958);
#1735=LINE('',#14016,#2959);
#1736=LINE('',#14018,#2960);
#1737=LINE('',#14020,#2961);
#1738=LINE('',#14021,#2962);
#1739=LINE('',#14024,#2963);
#1740=LINE('',#14026,#2964);
#1741=LINE('',#14028,#2965);
#1742=LINE('',#14029,#2966);
#1743=LINE('',#14032,#2967);
#1744=LINE('',#14034,#2968);
#1745=LINE('',#14036,#2969);
#1746=LINE('',#14037,#2970);
#1747=LINE('',#14040,#2971);
#1748=LINE('',#14042,#2972);
#1749=LINE('',#14044,#2973);
#1750=LINE('',#14045,#2974);
#1751=LINE('',#14048,#2975);
#1752=LINE('',#14050,#2976);
#1753=LINE('',#14052,#2977);
#1754=LINE('',#14053,#2978);
#1755=LINE('',#14056,#2979);
#1756=LINE('',#14058,#2980);
#1757=LINE('',#14060,#2981);
#1758=LINE('',#14061,#2982);
#1759=LINE('',#14064,#2983);
#1760=LINE('',#14066,#2984);
#1761=LINE('',#14068,#2985);
#1762=LINE('',#14069,#2986);
#1763=LINE('',#14072,#2987);
#1764=LINE('',#14074,#2988);
#1765=LINE('',#14076,#2989);
#1766=LINE('',#14077,#2990);
#1767=LINE('',#14080,#2991);
#1768=LINE('',#14082,#2992);
#1769=LINE('',#14084,#2993);
#1770=LINE('',#14085,#2994);
#1771=LINE('',#14088,#2995);
#1772=LINE('',#14090,#2996);
#1773=LINE('',#14092,#2997);
#1774=LINE('',#14093,#2998);
#1775=LINE('',#14096,#2999);
#1776=LINE('',#14098,#3000);
#1777=LINE('',#14100,#3001);
#1778=LINE('',#14101,#3002);
#1779=LINE('',#14104,#3003);
#1780=LINE('',#14106,#3004);
#1781=LINE('',#14108,#3005);
#1782=LINE('',#14109,#3006);
#1783=LINE('',#14112,#3007);
#1784=LINE('',#14114,#3008);
#1785=LINE('',#14116,#3009);
#1786=LINE('',#14117,#3010);
#1787=LINE('',#14120,#3011);
#1788=LINE('',#14122,#3012);
#1789=LINE('',#14124,#3013);
#1790=LINE('',#14125,#3014);
#1791=LINE('',#14128,#3015);
#1792=LINE('',#14130,#3016);
#1793=LINE('',#14132,#3017);
#1794=LINE('',#14133,#3018);
#1795=LINE('',#14136,#3019);
#1796=LINE('',#14138,#3020);
#1797=LINE('',#14140,#3021);
#1798=LINE('',#14141,#3022);
#1799=LINE('',#14144,#3023);
#1800=LINE('',#14146,#3024);
#1801=LINE('',#14148,#3025);
#1802=LINE('',#14149,#3026);
#1803=LINE('',#14152,#3027);
#1804=LINE('',#14154,#3028);
#1805=LINE('',#14156,#3029);
#1806=LINE('',#14157,#3030);
#1807=LINE('',#14160,#3031);
#1808=LINE('',#14162,#3032);
#1809=LINE('',#14164,#3033);
#1810=LINE('',#14165,#3034);
#1811=LINE('',#14168,#3035);
#1812=LINE('',#14170,#3036);
#1813=LINE('',#14172,#3037);
#1814=LINE('',#14173,#3038);
#1815=LINE('',#14176,#3039);
#1816=LINE('',#14178,#3040);
#1817=LINE('',#14180,#3041);
#1818=LINE('',#14181,#3042);
#1819=LINE('',#14184,#3043);
#1820=LINE('',#14186,#3044);
#1821=LINE('',#14188,#3045);
#1822=LINE('',#14189,#3046);
#1823=LINE('',#14192,#3047);
#1824=LINE('',#14194,#3048);
#1825=LINE('',#14196,#3049);
#1826=LINE('',#14197,#3050);
#1827=LINE('',#14200,#3051);
#1828=LINE('',#14202,#3052);
#1829=LINE('',#14204,#3053);
#1830=LINE('',#14205,#3054);
#1831=LINE('',#14208,#3055);
#1832=LINE('',#14210,#3056);
#1833=LINE('',#14212,#3057);
#1834=LINE('',#14213,#3058);
#1835=LINE('',#14216,#3059);
#1836=LINE('',#14218,#3060);
#1837=LINE('',#14220,#3061);
#1838=LINE('',#14221,#3062);
#1839=LINE('',#14224,#3063);
#1840=LINE('',#14226,#3064);
#1841=LINE('',#14228,#3065);
#1842=LINE('',#14229,#3066);
#1843=LINE('',#14232,#3067);
#1844=LINE('',#14234,#3068);
#1845=LINE('',#14236,#3069);
#1846=LINE('',#14237,#3070);
#1847=LINE('',#14240,#3071);
#1848=LINE('',#14242,#3072);
#1849=LINE('',#14244,#3073);
#1850=LINE('',#14245,#3074);
#1851=LINE('',#14248,#3075);
#1852=LINE('',#14250,#3076);
#1853=LINE('',#14252,#3077);
#1854=LINE('',#14253,#3078);
#1855=LINE('',#14256,#3079);
#1856=LINE('',#14258,#3080);
#1857=LINE('',#14260,#3081);
#1858=LINE('',#14261,#3082);
#1859=LINE('',#14264,#3083);
#1860=LINE('',#14266,#3084);
#1861=LINE('',#14268,#3085);
#1862=LINE('',#14269,#3086);
#1863=LINE('',#14272,#3087);
#1864=LINE('',#14274,#3088);
#1865=LINE('',#14276,#3089);
#1866=LINE('',#14277,#3090);
#1867=LINE('',#14280,#3091);
#1868=LINE('',#14282,#3092);
#1869=LINE('',#14284,#3093);
#1870=LINE('',#14285,#3094);
#1871=LINE('',#14288,#3095);
#1872=LINE('',#14290,#3096);
#1873=LINE('',#14292,#3097);
#1874=LINE('',#14293,#3098);
#1875=LINE('',#14296,#3099);
#1876=LINE('',#14298,#3100);
#1877=LINE('',#14300,#3101);
#1878=LINE('',#14301,#3102);
#1879=LINE('',#14304,#3103);
#1880=LINE('',#14306,#3104);
#1881=LINE('',#14308,#3105);
#1882=LINE('',#14309,#3106);
#1883=LINE('',#14312,#3107);
#1884=LINE('',#14314,#3108);
#1885=LINE('',#14315,#3109);
#1886=LINE('',#14318,#3110);
#1887=LINE('',#14319,#3111);
#1888=LINE('',#14322,#3112);
#1889=LINE('',#14323,#3113);
#1890=LINE('',#14325,#3114);
#1891=LINE('',#14328,#3115);
#1892=LINE('',#14330,#3116);
#1893=LINE('',#14331,#3117);
#1894=LINE('',#14334,#3118);
#1895=LINE('',#14335,#3119);
#1896=LINE('',#14338,#3120);
#1897=LINE('',#14339,#3121);
#1898=LINE('',#14341,#3122);
#1899=LINE('',#14344,#3123);
#1900=LINE('',#14346,#3124);
#1901=LINE('',#14347,#3125);
#1902=LINE('',#14350,#3126);
#1903=LINE('',#14351,#3127);
#1904=LINE('',#14354,#3128);
#1905=LINE('',#14355,#3129);
#1906=LINE('',#14357,#3130);
#1907=LINE('',#14360,#3131);
#1908=LINE('',#14362,#3132);
#1909=LINE('',#14363,#3133);
#1910=LINE('',#14366,#3134);
#1911=LINE('',#14367,#3135);
#1912=LINE('',#14370,#3136);
#1913=LINE('',#14371,#3137);
#1914=LINE('',#14373,#3138);
#1915=LINE('',#14376,#3139);
#1916=LINE('',#14378,#3140);
#1917=LINE('',#14379,#3141);
#1918=LINE('',#14382,#3142);
#1919=LINE('',#14383,#3143);
#1920=LINE('',#14386,#3144);
#1921=LINE('',#14387,#3145);
#1922=LINE('',#14389,#3146);
#1923=LINE('',#14392,#3147);
#1924=LINE('',#14394,#3148);
#1925=LINE('',#14395,#3149);
#1926=LINE('',#14398,#3150);
#1927=LINE('',#14399,#3151);
#1928=LINE('',#14402,#3152);
#1929=LINE('',#14403,#3153);
#1930=LINE('',#14405,#3154);
#1931=LINE('',#14408,#3155);
#1932=LINE('',#14410,#3156);
#1933=LINE('',#14411,#3157);
#1934=LINE('',#14414,#3158);
#1935=LINE('',#14415,#3159);
#1936=LINE('',#14418,#3160);
#1937=LINE('',#14419,#3161);
#1938=LINE('',#14421,#3162);
#1939=LINE('',#14424,#3163);
#1940=LINE('',#14426,#3164);
#1941=LINE('',#14427,#3165);
#1942=LINE('',#14430,#3166);
#1943=LINE('',#14431,#3167);
#1944=LINE('',#14434,#3168);
#1945=LINE('',#14435,#3169);
#1946=LINE('',#14437,#3170);
#1947=LINE('',#14440,#3171);
#1948=LINE('',#14442,#3172);
#1949=LINE('',#14443,#3173);
#1950=LINE('',#14446,#3174);
#1951=LINE('',#14447,#3175);
#1952=LINE('',#14450,#3176);
#1953=LINE('',#14451,#3177);
#1954=LINE('',#14453,#3178);
#1955=LINE('',#14456,#3179);
#1956=LINE('',#14458,#3180);
#1957=LINE('',#14459,#3181);
#1958=LINE('',#14462,#3182);
#1959=LINE('',#14463,#3183);
#1960=LINE('',#14466,#3184);
#1961=LINE('',#14467,#3185);
#1962=LINE('',#14469,#3186);
#1963=LINE('',#14472,#3187);
#1964=LINE('',#14474,#3188);
#1965=LINE('',#14475,#3189);
#1966=LINE('',#14478,#3190);
#1967=LINE('',#14479,#3191);
#1968=LINE('',#14482,#3192);
#1969=LINE('',#14483,#3193);
#1970=LINE('',#14485,#3194);
#1971=LINE('',#14488,#3195);
#1972=LINE('',#14490,#3196);
#1973=LINE('',#14491,#3197);
#1974=LINE('',#14494,#3198);
#1975=LINE('',#14495,#3199);
#1976=LINE('',#14498,#3200);
#1977=LINE('',#14499,#3201);
#1978=LINE('',#14501,#3202);
#1979=LINE('',#14504,#3203);
#1980=LINE('',#14506,#3204);
#1981=LINE('',#14507,#3205);
#1982=LINE('',#14510,#3206);
#1983=LINE('',#14511,#3207);
#1984=LINE('',#14514,#3208);
#1985=LINE('',#14515,#3209);
#1986=LINE('',#14517,#3210);
#1987=LINE('',#14520,#3211);
#1988=LINE('',#14522,#3212);
#1989=LINE('',#14523,#3213);
#1990=LINE('',#14526,#3214);
#1991=LINE('',#14527,#3215);
#1992=LINE('',#14530,#3216);
#1993=LINE('',#14531,#3217);
#1994=LINE('',#14533,#3218);
#1995=LINE('',#14536,#3219);
#1996=LINE('',#14538,#3220);
#1997=LINE('',#14539,#3221);
#1998=LINE('',#14542,#3222);
#1999=LINE('',#14543,#3223);
#2000=LINE('',#14546,#3224);
#2001=LINE('',#14547,#3225);
#2002=LINE('',#14549,#3226);
#2003=LINE('',#14552,#3227);
#2004=LINE('',#14554,#3228);
#2005=LINE('',#14555,#3229);
#2006=LINE('',#14558,#3230);
#2007=LINE('',#14559,#3231);
#2008=LINE('',#14562,#3232);
#2009=LINE('',#14563,#3233);
#2010=LINE('',#14565,#3234);
#2011=LINE('',#14568,#3235);
#2012=LINE('',#14570,#3236);
#2013=LINE('',#14571,#3237);
#2014=LINE('',#14574,#3238);
#2015=LINE('',#14575,#3239);
#2016=LINE('',#14578,#3240);
#2017=LINE('',#14579,#3241);
#2018=LINE('',#14581,#3242);
#2019=LINE('',#14584,#3243);
#2020=LINE('',#14586,#3244);
#2021=LINE('',#14587,#3245);
#2022=LINE('',#14590,#3246);
#2023=LINE('',#14591,#3247);
#2024=LINE('',#14594,#3248);
#2025=LINE('',#14595,#3249);
#2026=LINE('',#14597,#3250);
#2027=LINE('',#14600,#3251);
#2028=LINE('',#14602,#3252);
#2029=LINE('',#14603,#3253);
#2030=LINE('',#14606,#3254);
#2031=LINE('',#14607,#3255);
#2032=LINE('',#14610,#3256);
#2033=LINE('',#14611,#3257);
#2034=LINE('',#14613,#3258);
#2035=LINE('',#14616,#3259);
#2036=LINE('',#14618,#3260);
#2037=LINE('',#14619,#3261);
#2038=LINE('',#14622,#3262);
#2039=LINE('',#14623,#3263);
#2040=LINE('',#14626,#3264);
#2041=LINE('',#14627,#3265);
#2042=LINE('',#14629,#3266);
#2043=LINE('',#14632,#3267);
#2044=LINE('',#14634,#3268);
#2045=LINE('',#14636,#3269);
#2046=LINE('',#14637,#3270);
#2047=LINE('',#14640,#3271);
#2048=LINE('',#14642,#3272);
#2049=LINE('',#14643,#3273);
#2050=LINE('',#14646,#3274);
#2051=LINE('',#14648,#3275);
#2052=LINE('',#14649,#3276);
#2053=LINE('',#14651,#3277);
#2054=LINE('',#14652,#3278);
#2055=LINE('',#14656,#3279);
#2056=LINE('',#14658,#3280);
#2057=LINE('',#14660,#3281);
#2058=LINE('',#14661,#3282);
#2059=LINE('',#14664,#3283);
#2060=LINE('',#14666,#3284);
#2061=LINE('',#14667,#3285);
#2062=LINE('',#14670,#3286);
#2063=LINE('',#14672,#3287);
#2064=LINE('',#14673,#3288);
#2065=LINE('',#14675,#3289);
#2066=LINE('',#14676,#3290);
#2067=LINE('',#14679,#3291);
#2068=LINE('',#14681,#3292);
#2069=LINE('',#14682,#3293);
#2070=LINE('',#14685,#3294);
#2071=LINE('',#14687,#3295);
#2072=LINE('',#14688,#3296);
#2073=LINE('',#14690,#3297);
#2074=LINE('',#14692,#3298);
#2075=LINE('',#14693,#3299);
#2076=LINE('',#14695,#3300);
#2077=LINE('',#14698,#3301);
#2078=LINE('',#14700,#3302);
#2079=LINE('',#14701,#3303);
#2080=LINE('',#14704,#3304);
#2081=LINE('',#14705,#3305);
#2082=LINE('',#14708,#3306);
#2083=LINE('',#14710,#3307);
#2084=LINE('',#14711,#3308);
#2085=LINE('',#14713,#3309);
#2086=LINE('',#14715,#3310);
#2087=LINE('',#14716,#3311);
#2088=LINE('',#14719,#3312);
#2089=LINE('',#14720,#3313);
#2090=LINE('',#14723,#3314);
#2091=LINE('',#14724,#3315);
#2092=LINE('',#14727,#3316);
#2093=LINE('',#14728,#3317);
#2094=LINE('',#14730,#3318);
#2095=LINE('',#14733,#3319);
#2096=LINE('',#14735,#3320);
#2097=LINE('',#14737,#3321);
#2098=LINE('',#14738,#3322);
#2099=LINE('',#14741,#3323);
#2100=LINE('',#14742,#3324);
#2101=LINE('',#14745,#3325);
#2102=LINE('',#14747,#3326);
#2103=LINE('',#14748,#3327);
#2104=LINE('',#14750,#3328);
#2105=LINE('',#14751,#3329);
#2106=LINE('',#14754,#3330);
#2107=LINE('',#14756,#3331);
#2108=LINE('',#14757,#3332);
#2109=LINE('',#14760,#3333);
#2110=LINE('',#14762,#3334);
#2111=LINE('',#14763,#3335);
#2112=LINE('',#14766,#3336);
#2113=LINE('',#14768,#3337);
#2114=LINE('',#14769,#3338);
#2115=LINE('',#14771,#3339);
#2116=LINE('',#14772,#3340);
#2117=LINE('',#14775,#3341);
#2118=LINE('',#14777,#3342);
#2119=LINE('',#14778,#3343);
#2120=LINE('',#14781,#3344);
#2121=LINE('',#14782,#3345);
#2122=LINE('',#14785,#3346);
#2123=LINE('',#14786,#3347);
#2124=LINE('',#14788,#3348);
#2125=LINE('',#14791,#3349);
#2126=LINE('',#14793,#3350);
#2127=LINE('',#14794,#3351);
#2128=LINE('',#14797,#3352);
#2129=LINE('',#14798,#3353);
#2130=LINE('',#14801,#3354);
#2131=LINE('',#14802,#3355);
#2132=LINE('',#14804,#3356);
#2133=LINE('',#14807,#3357);
#2134=LINE('',#14809,#3358);
#2135=LINE('',#14810,#3359);
#2136=LINE('',#14813,#3360);
#2137=LINE('',#14814,#3361);
#2138=LINE('',#14817,#3362);
#2139=LINE('',#14818,#3363);
#2140=LINE('',#14820,#3364);
#2141=LINE('',#14823,#3365);
#2142=LINE('',#14825,#3366);
#2143=LINE('',#14826,#3367);
#2144=LINE('',#14829,#3368);
#2145=LINE('',#14830,#3369);
#2146=LINE('',#14833,#3370);
#2147=LINE('',#14834,#3371);
#2148=LINE('',#14836,#3372);
#2149=LINE('',#14839,#3373);
#2150=LINE('',#14841,#3374);
#2151=LINE('',#14842,#3375);
#2152=LINE('',#14845,#3376);
#2153=LINE('',#14846,#3377);
#2154=LINE('',#14849,#3378);
#2155=LINE('',#14850,#3379);
#2156=LINE('',#14852,#3380);
#2157=LINE('',#14855,#3381);
#2158=LINE('',#14857,#3382);
#2159=LINE('',#14858,#3383);
#2160=LINE('',#14861,#3384);
#2161=LINE('',#14862,#3385);
#2162=LINE('',#14865,#3386);
#2163=LINE('',#14866,#3387);
#2164=LINE('',#14868,#3388);
#2165=LINE('',#14871,#3389);
#2166=LINE('',#14873,#3390);
#2167=LINE('',#14874,#3391);
#2168=LINE('',#14877,#3392);
#2169=LINE('',#14878,#3393);
#2170=LINE('',#14881,#3394);
#2171=LINE('',#14882,#3395);
#2172=LINE('',#14884,#3396);
#2173=LINE('',#14887,#3397);
#2174=LINE('',#14889,#3398);
#2175=LINE('',#14890,#3399);
#2176=LINE('',#14893,#3400);
#2177=LINE('',#14894,#3401);
#2178=LINE('',#14897,#3402);
#2179=LINE('',#14898,#3403);
#2180=LINE('',#14900,#3404);
#2181=LINE('',#14903,#3405);
#2182=LINE('',#14905,#3406);
#2183=LINE('',#14906,#3407);
#2184=LINE('',#14909,#3408);
#2185=LINE('',#14910,#3409);
#2186=LINE('',#14913,#3410);
#2187=LINE('',#14914,#3411);
#2188=LINE('',#14916,#3412);
#2189=LINE('',#14919,#3413);
#2190=LINE('',#14921,#3414);
#2191=LINE('',#14922,#3415);
#2192=LINE('',#14925,#3416);
#2193=LINE('',#14926,#3417);
#2194=LINE('',#14929,#3418);
#2195=LINE('',#14930,#3419);
#2196=LINE('',#14932,#3420);
#2197=LINE('',#14935,#3421);
#2198=LINE('',#14937,#3422);
#2199=LINE('',#14938,#3423);
#2200=LINE('',#14941,#3424);
#2201=LINE('',#14942,#3425);
#2202=LINE('',#14945,#3426);
#2203=LINE('',#14946,#3427);
#2204=LINE('',#14948,#3428);
#2205=LINE('',#14951,#3429);
#2206=LINE('',#14953,#3430);
#2207=LINE('',#14954,#3431);
#2208=LINE('',#14957,#3432);
#2209=LINE('',#14958,#3433);
#2210=LINE('',#14961,#3434);
#2211=LINE('',#14962,#3435);
#2212=LINE('',#14964,#3436);
#2213=LINE('',#14968,#3437);
#2214=LINE('',#14970,#3438);
#2215=LINE('',#14972,#3439);
#2216=LINE('',#14973,#3440);
#2217=LINE('',#14976,#3441);
#2218=LINE('',#14978,#3442);
#2219=LINE('',#14979,#3443);
#2220=LINE('',#14982,#3444);
#2221=LINE('',#14984,#3445);
#2222=LINE('',#14985,#3446);
#2223=LINE('',#14987,#3447);
#2224=LINE('',#14988,#3448);
#2225=LINE('',#14991,#3449);
#2226=LINE('',#14993,#3450);
#2227=LINE('',#14994,#3451);
#2228=LINE('',#14997,#3452);
#2229=LINE('',#14998,#3453);
#2230=LINE('',#15001,#3454);
#2231=LINE('',#15002,#3455);
#2232=LINE('',#15004,#3456);
#2233=LINE('',#15007,#3457);
#2234=LINE('',#15009,#3458);
#2235=LINE('',#15010,#3459);
#2236=LINE('',#15013,#3460);
#2237=LINE('',#15014,#3461);
#2238=LINE('',#15017,#3462);
#2239=LINE('',#15018,#3463);
#2240=LINE('',#15020,#3464);
#2241=LINE('',#15023,#3465);
#2242=LINE('',#15025,#3466);
#2243=LINE('',#15026,#3467);
#2244=LINE('',#15029,#3468);
#2245=LINE('',#15030,#3469);
#2246=LINE('',#15033,#3470);
#2247=LINE('',#15034,#3471);
#2248=LINE('',#15036,#3472);
#2249=LINE('',#15039,#3473);
#2250=LINE('',#15041,#3474);
#2251=LINE('',#15042,#3475);
#2252=LINE('',#15045,#3476);
#2253=LINE('',#15046,#3477);
#2254=LINE('',#15049,#3478);
#2255=LINE('',#15050,#3479);
#2256=LINE('',#15052,#3480);
#2257=LINE('',#15055,#3481);
#2258=LINE('',#15057,#3482);
#2259=LINE('',#15058,#3483);
#2260=LINE('',#15061,#3484);
#2261=LINE('',#15062,#3485);
#2262=LINE('',#15065,#3486);
#2263=LINE('',#15066,#3487);
#2264=LINE('',#15068,#3488);
#2265=LINE('',#15071,#3489);
#2266=LINE('',#15073,#3490);
#2267=LINE('',#15074,#3491);
#2268=LINE('',#15077,#3492);
#2269=LINE('',#15078,#3493);
#2270=LINE('',#15081,#3494);
#2271=LINE('',#15082,#3495);
#2272=LINE('',#15084,#3496);
#2273=LINE('',#15087,#3497);
#2274=LINE('',#15089,#3498);
#2275=LINE('',#15090,#3499);
#2276=LINE('',#15093,#3500);
#2277=LINE('',#15094,#3501);
#2278=LINE('',#15097,#3502);
#2279=LINE('',#15098,#3503);
#2280=LINE('',#15100,#3504);
#2281=LINE('',#15103,#3505);
#2282=LINE('',#15105,#3506);
#2283=LINE('',#15106,#3507);
#2284=LINE('',#15109,#3508);
#2285=LINE('',#15110,#3509);
#2286=LINE('',#15113,#3510);
#2287=LINE('',#15114,#3511);
#2288=LINE('',#15116,#3512);
#2289=LINE('',#15119,#3513);
#2290=LINE('',#15121,#3514);
#2291=LINE('',#15122,#3515);
#2292=LINE('',#15126,#3516);
#2293=LINE('',#15127,#3517);
#2294=LINE('',#15128,#3518);
#2295=LINE('',#15133,#3519);
#2296=LINE('',#15134,#3520);
#2297=LINE('',#15135,#3521);
#2298=LINE('',#15136,#3522);
#2299=LINE('',#15138,#3523);
#2300=LINE('',#15140,#3524);
#2301=LINE('',#15143,#3525);
#2302=LINE('',#15144,#3526);
#2303=LINE('',#15147,#3527);
#2304=LINE('',#15148,#3528);
#2305=LINE('',#15153,#3529);
#2306=LINE('',#15160,#3530);
#2307=LINE('',#15166,#3531);
#2308=LINE('',#15168,#3532);
#2309=LINE('',#15170,#3533);
#2310=LINE('',#15171,#3534);
#2311=LINE('',#15175,#3535);
#2312=LINE('',#15181,#3536);
#2313=LINE('',#15182,#3537);
#2314=LINE('',#15183,#3538);
#2315=LINE('',#15191,#3539);
#2316=LINE('',#15193,#3540);
#2317=LINE('',#15196,#3541);
#2318=LINE('',#15199,#3542);
#2319=LINE('',#15200,#3543);
#2320=LINE('',#15203,#3544);
#2321=LINE('',#15207,#3545);
#2322=LINE('',#15209,#3546);
#2323=LINE('',#15211,#3547);
#2324=LINE('',#15213,#3548);
#2325=LINE('',#15215,#3549);
#2326=LINE('',#15217,#3550);
#2327=LINE('',#15219,#3551);
#2328=LINE('',#15221,#3552);
#2329=LINE('',#15223,#3553);
#2330=LINE('',#15225,#3554);
#2331=LINE('',#15226,#3555);
#2332=LINE('',#15229,#3556);
#2333=LINE('',#15232,#3557);
#2334=LINE('',#15238,#3558);
#2335=LINE('',#15240,#3559);
#2336=LINE('',#15241,#3560);
#2337=LINE('',#15244,#3561);
#2338=LINE('',#15246,#3562);
#2339=LINE('',#15247,#3563);
#2340=LINE('',#15252,#3564);
#2341=LINE('',#15253,#3565);
#2342=LINE('',#15256,#3566);
#2343=LINE('',#15258,#3567);
#2344=LINE('',#15259,#3568);
#2345=LINE('',#15263,#3569);
#2346=LINE('',#15265,#3570);
#2347=LINE('',#15267,#3571);
#2348=LINE('',#15269,#3572);
#2349=LINE('',#15270,#3573);
#2350=LINE('',#15274,#3574);
#2351=LINE('',#15276,#3575);
#2352=LINE('',#15278,#3576);
#2353=LINE('',#15279,#3577);
#2354=LINE('',#15282,#3578);
#2355=LINE('',#15284,#3579);
#2356=LINE('',#15285,#3580);
#2357=LINE('',#15288,#3581);
#2358=LINE('',#15290,#3582);
#2359=LINE('',#15291,#3583);
#2360=LINE('',#15294,#3584);
#2361=LINE('',#15296,#3585);
#2362=LINE('',#15297,#3586);
#2363=LINE('',#15300,#3587);
#2364=LINE('',#15302,#3588);
#2365=LINE('',#15303,#3589);
#2366=LINE('',#15306,#3590);
#2367=LINE('',#15308,#3591);
#2368=LINE('',#15309,#3592);
#2369=LINE('',#15312,#3593);
#2370=LINE('',#15314,#3594);
#2371=LINE('',#15315,#3595);
#2372=LINE('',#15318,#3596);
#2373=LINE('',#15320,#3597);
#2374=LINE('',#15322,#3598);
#2375=LINE('',#15323,#3599);
#2376=LINE('',#15325,#3600);
#2377=LINE('',#15326,#3601);
#2378=LINE('',#15329,#3602);
#2379=LINE('',#15331,#3603);
#2380=LINE('',#15333,#3604);
#2381=LINE('',#15334,#3605);
#2382=LINE('',#15338,#3606);
#2383=LINE('',#15340,#3607);
#2384=LINE('',#15343,#3608);
#2385=LINE('',#15344,#3609);
#2386=LINE('',#15347,#3610);
#2387=LINE('',#15349,#3611);
#2388=LINE('',#15351,#3612);
#2389=LINE('',#15353,#3613);
#2390=LINE('',#15355,#3614);
#2391=LINE('',#15356,#3615);
#2392=LINE('',#15361,#3616);
#2393=LINE('',#15366,#3617);
#2394=LINE('',#15368,#3618);
#2395=LINE('',#15370,#3619);
#2396=LINE('',#15372,#3620);
#2397=LINE('',#15374,#3621);
#2398=LINE('',#15376,#3622);
#2399=LINE('',#15378,#3623);
#2400=LINE('',#15380,#3624);
#2401=LINE('',#15382,#3625);
#2402=LINE('',#15384,#3626);
#2403=LINE('',#15385,#3627);
#2404=LINE('',#15388,#3628);
#2405=LINE('',#15390,#3629);
#2406=LINE('',#15392,#3630);
#2407=LINE('',#15395,#3631);
#2408=LINE('',#15398,#3632);
#2409=LINE('',#15400,#3633);
#2410=LINE('',#15402,#3634);
#2411=LINE('',#15403,#3635);
#2412=LINE('',#15406,#3636);
#2413=LINE('',#15410,#3637);
#2414=LINE('',#15412,#3638);
#2415=LINE('',#15414,#3639);
#2416=LINE('',#15418,#3640);
#2417=LINE('',#15420,#3641);
#2418=LINE('',#15422,#3642);
#2419=LINE('',#15424,#3643);
#2420=LINE('',#15426,#3644);
#2421=LINE('',#15430,#3645);
#2422=LINE('',#15432,#3646);
#2423=LINE('',#15434,#3647);
#2424=LINE('',#15439,#3648);
#2425=LINE('',#15441,#3649);
#2426=LINE('',#15443,#3650);
#2427=LINE('',#15445,#3651);
#2428=LINE('',#15447,#3652);
#2429=LINE('',#15450,#3653);
#2430=LINE('',#15454,#3654);
#2431=LINE('',#15456,#3655);
#2432=LINE('',#15458,#3656);
#2433=LINE('',#15460,#3657);
#2434=LINE('',#15462,#3658);
#2435=LINE('',#15463,#3659);
#2436=LINE('',#15465,#3660);
#2437=LINE('',#15466,#3661);
#2438=LINE('',#15469,#3662);
#2439=LINE('',#15471,#3663);
#2440=LINE('',#15472,#3664);
#2441=LINE('',#15475,#3665);
#2442=LINE('',#15477,#3666);
#2443=LINE('',#15478,#3667);
#2444=LINE('',#15480,#3668);
#2445=LINE('',#15481,#3669);
#2446=LINE('',#15483,#3670);
#2447=LINE('',#15484,#3671);
#2448=LINE('',#15486,#3672);
#2449=LINE('',#15487,#3673);
#2450=LINE('',#15490,#3674);
#2451=LINE('',#15492,#3675);
#2452=LINE('',#15493,#3676);
#2453=LINE('',#15495,#3677);
#2454=LINE('',#15499,#3678);
#2455=LINE('',#15502,#3679);
#2456=LINE('',#15504,#3680);
#2457=LINE('',#15507,#3681);
#2458=LINE('',#15510,#3682);
#2459=LINE('',#15512,#3683);
#2460=LINE('',#15517,#3684);
#2461=LINE('',#15519,#3685);
#2462=LINE('',#15521,#3686);
#2463=LINE('',#15523,#3687);
#2464=LINE('',#15526,#3688);
#2465=LINE('',#15528,#3689);
#2466=LINE('',#15530,#3690);
#2467=LINE('',#15532,#3691);
#2468=LINE('',#15533,#3692);
#2469=LINE('',#15537,#3693);
#2470=LINE('',#15539,#3694);
#2471=LINE('',#15541,#3695);
#2472=LINE('',#15543,#3696);
#2473=LINE('',#15545,#3697);
#2474=LINE('',#15546,#3698);
#2475=LINE('',#15549,#3699);
#2476=LINE('',#15551,#3700);
#2477=LINE('',#15552,#3701);
#2478=LINE('',#15555,#3702);
#2479=LINE('',#15557,#3703);
#2480=LINE('',#15559,#3704);
#2481=LINE('',#15561,#3705);
#2482=LINE('',#15565,#3706);
#2483=LINE('',#15567,#3707);
#2484=LINE('',#15568,#3708);
#2485=LINE('',#15571,#3709);
#2486=LINE('',#15573,#3710);
#2487=LINE('',#15575,#3711);
#2488=LINE('',#15577,#3712);
#2489=LINE('',#15579,#3713);
#2490=LINE('',#15583,#3714);
#2491=LINE('',#15587,#3715);
#2492=LINE('',#15588,#3716);
#2493=LINE('',#15591,#3717);
#2494=LINE('',#15597,#3718);
#2495=LINE('',#15601,#3719);
#2496=LINE('',#15603,#3720);
#2497=LINE('',#15605,#3721);
#2498=LINE('',#15609,#3722);
#2499=LINE('',#15613,#3723);
#2500=LINE('',#15616,#3724);
#2501=LINE('',#15620,#3725);
#2502=LINE('',#15623,#3726);
#2503=LINE('',#15627,#3727);
#2504=LINE('',#15631,#3728);
#2505=LINE('',#15640,#3729);
#2506=LINE('',#15643,#3730);
#2507=LINE('',#15645,#3731);
#2508=LINE('',#15651,#3732);
#2509=LINE('',#15655,#3733);
#2510=LINE('',#15673,#3734);
#2511=LINE('',#15677,#3735);
#2512=LINE('',#15678,#3736);
#2513=LINE('',#15681,#3737);
#2514=LINE('',#15685,#3738);
#2515=LINE('',#15686,#3739);
#2516=LINE('',#15692,#3740);
#2517=LINE('',#15695,#3741);
#2518=LINE('',#15698,#3742);
#2519=LINE('',#15702,#3743);
#2520=LINE('',#15704,#3744);
#2521=LINE('',#15705,#3745);
#2522=LINE('',#15752,#3746);
#2523=LINE('',#15782,#3747);
#2524=LINE('',#15785,#3748);
#2525=LINE('',#15788,#3749);
#2526=LINE('',#15848,#3750);
#2527=LINE('',#15852,#3751);
#2528=LINE('',#15853,#3752);
#2529=LINE('',#15860,#3753);
#2530=LINE('',#15862,#3754);
#2531=LINE('',#15866,#3755);
#2532=LINE('',#15868,#3756);
#2533=LINE('',#15872,#3757);
#2534=LINE('',#15875,#3758);
#2535=LINE('',#15878,#3759);
#2536=LINE('',#15882,#3760);
#2537=LINE('',#15883,#3761);
#2538=LINE('',#15898,#3762);
#2539=LINE('',#15916,#3763);
#2540=LINE('',#15921,#3764);
#2541=LINE('',#15923,#3765);
#2542=LINE('',#15925,#3766);
#2543=LINE('',#15947,#3767);
#2544=LINE('',#15950,#3768);
#2545=LINE('',#15954,#3769);
#2546=LINE('',#15958,#3770);
#2547=LINE('',#15962,#3771);
#2548=LINE('',#15963,#3772);
#2549=LINE('',#15975,#3773);
#2550=LINE('',#15979,#3774);
#2551=LINE('',#15982,#3775);
#2552=LINE('',#15987,#3776);
#2553=LINE('',#15989,#3777);
#2554=LINE('',#15991,#3778);
#2555=LINE('',#15995,#3779);
#2556=LINE('',#15997,#3780);
#2557=LINE('',#15999,#3781);
#2558=LINE('',#16002,#3782);
#2559=LINE('',#16006,#3783);
#2560=LINE('',#16008,#3784);
#2561=LINE('',#16011,#3785);
#2562=LINE('',#16014,#3786);
#2563=LINE('',#16017,#3787);
#2564=LINE('',#16067,#3788);
#2565=LINE('',#16115,#3789);
#2566=LINE('',#16120,#3790);
#2567=LINE('',#16122,#3791);
#2568=LINE('',#16123,#3792);
#2569=LINE('',#16126,#3793);
#2570=LINE('',#16127,#3794);
#2571=LINE('',#16132,#3795);
#2572=LINE('',#16139,#3796);
#2573=LINE('',#16142,#3797);
#2574=LINE('',#16147,#3798);
#2575=LINE('',#16150,#3799);
#2576=LINE('',#16155,#3800);
#2577=LINE('',#16159,#3801);
#2578=LINE('',#16161,#3802);
#2579=LINE('',#16163,#3803);
#2580=LINE('',#16164,#3804);
#2581=LINE('',#16166,#3805);
#2582=LINE('',#16169,#3806);
#2583=LINE('',#16172,#3807);
#2584=LINE('',#16176,#3808);
#2585=LINE('',#16178,#3809);
#2586=LINE('',#16179,#3810);
#2587=LINE('',#16183,#3811);
#2588=LINE('',#16188,#3812);
#2589=LINE('',#16193,#3813);
#2590=LINE('',#16198,#3814);
#2591=LINE('',#16199,#3815);
#2592=LINE('',#16201,#3816);
#2593=LINE('',#16208,#3817);
#2594=LINE('',#16218,#3818);
#2595=LINE('',#16221,#3819);
#2596=LINE('',#16223,#3820);
#2597=LINE('',#16236,#3821);
#2598=LINE('',#16249,#3822);
#2599=LINE('',#16250,#3823);
#2600=LINE('',#16252,#3824);
#2601=LINE('',#16259,#3825);
#2602=LINE('',#16262,#3826);
#2603=LINE('',#16264,#3827);
#2604=LINE('',#16266,#3828);
#2605=LINE('',#16268,#3829);
#2606=LINE('',#16270,#3830);
#2607=LINE('',#16275,#3831);
#2608=LINE('',#16278,#3832);
#2609=LINE('',#16280,#3833);
#2610=LINE('',#16283,#3834);
#2611=LINE('',#16287,#3835);
#2612=LINE('',#16289,#3836);
#2613=LINE('',#16292,#3837);
#2614=LINE('',#16296,#3838);
#2615=LINE('',#16297,#3839);
#2616=LINE('',#16299,#3840);
#2617=LINE('',#16319,#3841);
#2618=LINE('',#16328,#3842);
#2619=LINE('',#16330,#3843);
#2620=LINE('',#16332,#3844);
#2621=LINE('',#16333,#3845);
#2622=LINE('',#16336,#3846);
#2623=LINE('',#16338,#3847);
#2624=LINE('',#16340,#3848);
#2625=LINE('',#16341,#3849);
#2626=LINE('',#16345,#3850);
#2627=LINE('',#16346,#3851);
#2628=LINE('',#16350,#3852);
#2629=LINE('',#16352,#3853);
#2630=LINE('',#16354,#3854);
#2631=LINE('',#16355,#3855);
#2632=LINE('',#16357,#3856);
#2633=LINE('',#16358,#3857);
#2634=LINE('',#16360,#3858);
#2635=LINE('',#16362,#3859);
#2636=LINE('',#16368,#3860);
#2637=LINE('',#16369,#3861);
#2638=LINE('',#16372,#3862);
#2639=LINE('',#16373,#3863);
#2640=LINE('',#16374,#3864);
#2641=LINE('',#16375,#3865);
#2642=LINE('',#16379,#3866);
#2643=LINE('',#16382,#3867);
#2644=LINE('',#16383,#3868);
#2645=LINE('',#16387,#3869);
#2646=LINE('',#16389,#3870);
#2647=LINE('',#16394,#3871);
#2648=LINE('',#16395,#3872);
#2649=LINE('',#16397,#3873);
#2650=LINE('',#16400,#3874);
#2651=LINE('',#16401,#3875);
#2652=LINE('',#16405,#3876);
#2653=LINE('',#16407,#3877);
#2654=LINE('',#16409,#3878);
#2655=LINE('',#16410,#3879);
#2656=LINE('',#16416,#3880);
#2657=LINE('',#16419,#3881);
#2658=LINE('',#16421,#3882);
#2659=LINE('',#16422,#3883);
#2660=LINE('',#16427,#3884);
#2661=LINE('',#16432,#3885);
#2662=LINE('',#16437,#3886);
#2663=LINE('',#16439,#3887);
#2664=LINE('',#16441,#3888);
#2665=LINE('',#16442,#3889);
#2666=LINE('',#16448,#3890);
#2667=LINE('',#16451,#3891);
#2668=LINE('',#16453,#3892);
#2669=LINE('',#16454,#3893);
#2670=LINE('',#16464,#3894);
#2671=LINE('',#16468,#3895);
#2672=LINE('',#16470,#3896);
#2673=LINE('',#16472,#3897);
#2674=LINE('',#16473,#3898);
#2675=LINE('',#16479,#3899);
#2676=LINE('',#16482,#3900);
#2677=LINE('',#16484,#3901);
#2678=LINE('',#16485,#3902);
#2679=LINE('',#16494,#3903);
#2680=LINE('',#16498,#3904);
#2681=LINE('',#16500,#3905);
#2682=LINE('',#16502,#3906);
#2683=LINE('',#16503,#3907);
#2684=LINE('',#16507,#3908);
#2685=LINE('',#16509,#3909);
#2686=LINE('',#16511,#3910);
#2687=LINE('',#16512,#3911);
#2688=LINE('',#16525,#3912);
#2689=LINE('',#16530,#3913);
#2690=LINE('',#16534,#3914);
#2691=LINE('',#16537,#3915);
#2692=LINE('',#16539,#3916);
#2693=LINE('',#16542,#3917);
#2694=LINE('',#16544,#3918);
#2695=LINE('',#16547,#3919);
#2696=LINE('',#16551,#3920);
#2697=LINE('',#16553,#3921);
#2698=LINE('',#16555,#3922);
#2699=LINE('',#16556,#3923);
#2700=LINE('',#16561,#3924);
#2701=LINE('',#16563,#3925);
#2702=LINE('',#16567,#3926);
#2703=LINE('',#16569,#3927);
#2704=LINE('',#16570,#3928);
#2705=LINE('',#16571,#3929);
#2706=LINE('',#16573,#3930);
#2707=LINE('',#16574,#3931);
#2708=LINE('',#16575,#3932);
#2709=LINE('',#16578,#3933);
#2710=LINE('',#16581,#3934);
#2711=LINE('',#16583,#3935);
#2712=LINE('',#16585,#3936);
#2713=LINE('',#16586,#3937);
#2714=LINE('',#16590,#3938);
#2715=LINE('',#16592,#3939);
#2716=LINE('',#16593,#3940);
#2717=LINE('',#16594,#3941);
#2718=LINE('',#16597,#3942);
#2719=LINE('',#16599,#3943);
#2720=LINE('',#16600,#3944);
#2721=LINE('',#16603,#3945);
#2722=LINE('',#16604,#3946);
#2723=LINE('',#16607,#3947);
#2724=LINE('',#16609,#3948);
#2725=LINE('',#16610,#3949);
#2726=LINE('',#16614,#3950);
#2727=LINE('',#16615,#3951);
#2728=LINE('',#16617,#3952);
#2729=LINE('',#16618,#3953);
#2730=LINE('',#16620,#3954);
#2731=LINE('',#16627,#3955);
#2732=LINE('',#16629,#3956);
#2733=LINE('',#16634,#3957);
#2734=LINE('',#16637,#3958);
#2735=LINE('',#16640,#3959);
#2736=LINE('',#16641,#3960);
#2737=LINE('',#16644,#3961);
#2738=LINE('',#16645,#3962);
#2739=LINE('',#16647,#3963);
#2740=LINE('',#16650,#3964);
#2741=LINE('',#16652,#3965);
#2742=LINE('',#16653,#3966);
#2743=LINE('',#16657,#3967);
#2744=LINE('',#16659,#3968);
#2745=LINE('',#16661,#3969);
#2746=LINE('',#16662,#3970);
#2747=LINE('',#16670,#3971);
#2748=LINE('',#16673,#3972);
#2749=LINE('',#16675,#3973);
#2750=LINE('',#16676,#3974);
#2751=LINE('',#16678,#3975);
#2752=LINE('',#16679,#3976);
#2753=LINE('',#16684,#3977);
#2754=LINE('',#16686,#3978);
#2755=LINE('',#16687,#3979);
#2756=LINE('',#16689,#3980);
#2757=LINE('',#16691,#3981);
#2758=LINE('',#16692,#3982);
#2759=LINE('',#16696,#3983);
#2760=LINE('',#16697,#3984);
#2761=LINE('',#16701,#3985);
#2762=LINE('',#16707,#3986);
#2763=LINE('',#16709,#3987);
#2764=LINE('',#16718,#3988);
#2765=LINE('',#16722,#3989);
#2766=LINE('',#16725,#3990);
#2767=LINE('',#16726,#3991);
#2768=LINE('',#16728,#3992);
#2769=LINE('',#16732,#3993);
#2770=LINE('',#16735,#3994);
#2771=LINE('',#16740,#3995);
#2772=LINE('',#16741,#3996);
#2773=LINE('',#16746,#3997);
#2774=LINE('',#16749,#3998);
#2775=LINE('',#16750,#3999);
#2776=LINE('',#16753,#4000);
#2777=LINE('',#16754,#4001);
#2778=LINE('',#16757,#4002);
#2779=LINE('',#16758,#4003);
#2780=LINE('',#16761,#4004);
#2781=LINE('',#16765,#4005);
#2782=LINE('',#16771,#4006);
#2783=LINE('',#16773,#4007);
#2784=LINE('',#16776,#4008);
#2785=LINE('',#16779,#4009);
#2786=LINE('',#16783,#4010);
#2787=LINE('',#16784,#4011);
#2788=LINE('',#16785,#4012);
#2789=LINE('',#16788,#4013);
#2790=LINE('',#16790,#4014);
#2791=LINE('',#16791,#4015);
#2792=LINE('',#16794,#4016);
#2793=LINE('',#16795,#4017);
#2794=LINE('',#16798,#4018);
#2795=LINE('',#16799,#4019);
#2796=LINE('',#16802,#4020);
#2797=LINE('',#16803,#4021);
#2798=LINE('',#16807,#4022);
#2799=LINE('',#16865,#4023);
#2800=LINE('',#16906,#4024);
#2801=LINE('',#16909,#4025);
#2802=LINE('',#16910,#4026);
#2803=LINE('',#16913,#4027);
#2804=LINE('',#16914,#4028);
#2805=LINE('',#16917,#4029);
#2806=LINE('',#16918,#4030);
#2807=LINE('',#16924,#4031);
#2808=LINE('',#16925,#4032);
#2809=LINE('',#16928,#4033);
#2810=LINE('',#16931,#4034);
#2811=LINE('',#16936,#4035);
#2812=LINE('',#16977,#4036);
#2813=LINE('',#16978,#4037);
#2814=LINE('',#16979,#4038);
#2815=LINE('',#16982,#4039);
#2816=LINE('',#16983,#4040);
#2817=LINE('',#16986,#4041);
#2818=LINE('',#16987,#4042);
#2819=LINE('',#17002,#4043);
#2820=LINE('',#17014,#4044);
#2821=LINE('',#17018,#4045);
#2822=LINE('',#17024,#4046);
#2823=LINE('',#17028,#4047);
#2824=LINE('',#17030,#4048);
#2825=LINE('',#17031,#4049);
#2826=LINE('',#17054,#4050);
#2827=LINE('',#17057,#4051);
#2828=LINE('',#17059,#4052);
#2829=LINE('',#17065,#4053);
#2830=LINE('',#17066,#4054);
#2831=LINE('',#17067,#4055);
#2832=LINE('',#17070,#4056);
#2833=LINE('',#17071,#4057);
#2834=LINE('',#17074,#4058);
#2835=LINE('',#17075,#4059);
#2836=LINE('',#17079,#4060);
#2837=LINE('',#17080,#4061);
#2838=LINE('',#17081,#4062);
#2839=LINE('',#17084,#4063);
#2840=LINE('',#17085,#4064);
#2841=LINE('',#17088,#4065);
#2842=LINE('',#17089,#4066);
#2843=LINE('',#17097,#4067);
#2844=LINE('',#17101,#4068);
#2845=LINE('',#17103,#4069);
#2846=VECTOR('',#11103,10.);
#2847=VECTOR('',#11104,10.);
#2848=VECTOR('',#11105,10.);
#2849=VECTOR('',#11106,10.);
#2850=VECTOR('',#11109,10.);
#2851=VECTOR('',#11110,10.);
#2852=VECTOR('',#11111,10.);
#2853=VECTOR('',#11112,10.);
#2854=VECTOR('',#11113,10.);
#2855=VECTOR('',#11116,10.);
#2856=VECTOR('',#11117,10.);
#2857=VECTOR('',#11118,10.);
#2858=VECTOR('',#11121,10.);
#2859=VECTOR('',#11122,10.);
#2860=VECTOR('',#11123,10.);
#2861=VECTOR('',#11124,10.);
#2862=VECTOR('',#11125,10.);
#2863=VECTOR('',#11130,10.);
#2864=VECTOR('',#11131,10.);
#2865=VECTOR('',#11132,10.);
#2866=VECTOR('',#11135,10.);
#2867=VECTOR('',#11136,10.);
#2868=VECTOR('',#11137,10.);
#2869=VECTOR('',#11140,10.);
#2870=VECTOR('',#11141,10.);
#2871=VECTOR('',#11142,10.);
#2872=VECTOR('',#11143,10.);
#2873=VECTOR('',#11146,10.);
#2874=VECTOR('',#11147,10.);
#2875=VECTOR('',#11148,10.);
#2876=VECTOR('',#11153,10.);
#2877=VECTOR('',#11154,10.);
#2878=VECTOR('',#11157,10.);
#2879=VECTOR('',#11158,10.);
#2880=VECTOR('',#11159,10.);
#2881=VECTOR('',#11162,10.);
#2882=VECTOR('',#11163,10.);
#2883=VECTOR('',#11164,10.);
#2884=VECTOR('',#11167,10.);
#2885=VECTOR('',#11168,10.);
#2886=VECTOR('',#11169,10.);
#2887=VECTOR('',#11170,10.);
#2888=VECTOR('',#11171,10.);
#2889=VECTOR('',#11174,10.);
#2890=VECTOR('',#11175,10.);
#2891=VECTOR('',#11176,10.);
#2892=VECTOR('',#11179,10.);
#2893=VECTOR('',#11180,10.);
#2894=VECTOR('',#11181,10.);
#2895=VECTOR('',#11182,10.);
#2896=VECTOR('',#11183,10.);
#2897=VECTOR('',#11186,10.);
#2898=VECTOR('',#11187,10.);
#2899=VECTOR('',#11188,10.);
#2900=VECTOR('',#11189,10.);
#2901=VECTOR('',#11190,10.);
#2902=VECTOR('',#11191,10.);
#2903=VECTOR('',#11196,10.);
#2904=VECTOR('',#11197,10.);
#2905=VECTOR('',#11200,10.);
#2906=VECTOR('',#11201,10.);
#2907=VECTOR('',#11206,10.);
#2908=VECTOR('',#11209,10.);
#2909=VECTOR('',#11212,10.);
#2910=VECTOR('',#11213,10.);
#2911=VECTOR('',#11216,10.);
#2912=VECTOR('',#11217,10.);
#2913=VECTOR('',#11220,10.);
#2914=VECTOR('',#11223,10.);
#2915=VECTOR('',#11226,10.);
#2916=VECTOR('',#11229,10.);
#2917=VECTOR('',#11236,10.);
#2918=VECTOR('',#11237,10.);
#2919=VECTOR('',#11238,10.);
#2920=VECTOR('',#11239,10.);
#2921=VECTOR('',#11240,10.);
#2922=VECTOR('',#11241,10.);
#2923=VECTOR('',#11242,10.);
#2924=VECTOR('',#11243,10.);
#2925=VECTOR('',#11244,10.);
#2926=VECTOR('',#11245,10.);
#2927=VECTOR('',#11246,10.);
#2928=VECTOR('',#11247,10.);
#2929=VECTOR('',#11248,10.);
#2930=VECTOR('',#11249,10.);
#2931=VECTOR('',#11250,10.);
#2932=VECTOR('',#11251,10.);
#2933=VECTOR('',#11252,10.);
#2934=VECTOR('',#11253,10.);
#2935=VECTOR('',#11254,10.);
#2936=VECTOR('',#11255,10.);
#2937=VECTOR('',#11256,10.);
#2938=VECTOR('',#11257,10.);
#2939=VECTOR('',#11258,10.);
#2940=VECTOR('',#11259,10.);
#2941=VECTOR('',#11260,10.);
#2942=VECTOR('',#11261,10.);
#2943=VECTOR('',#11262,10.);
#2944=VECTOR('',#11263,10.);
#2945=VECTOR('',#11264,10.);
#2946=VECTOR('',#11265,10.);
#2947=VECTOR('',#11266,10.);
#2948=VECTOR('',#11267,10.);
#2949=VECTOR('',#11268,10.);
#2950=VECTOR('',#11269,10.);
#2951=VECTOR('',#11270,10.);
#2952=VECTOR('',#11271,10.);
#2953=VECTOR('',#11272,10.);
#2954=VECTOR('',#11273,10.);
#2955=VECTOR('',#11274,10.);
#2956=VECTOR('',#11275,10.);
#2957=VECTOR('',#11276,10.);
#2958=VECTOR('',#11277,10.);
#2959=VECTOR('',#11278,10.);
#2960=VECTOR('',#11279,10.);
#2961=VECTOR('',#11280,10.);
#2962=VECTOR('',#11281,10.);
#2963=VECTOR('',#11282,10.);
#2964=VECTOR('',#11283,10.);
#2965=VECTOR('',#11284,10.);
#2966=VECTOR('',#11285,10.);
#2967=VECTOR('',#11286,10.);
#2968=VECTOR('',#11287,10.);
#2969=VECTOR('',#11288,10.);
#2970=VECTOR('',#11289,10.);
#2971=VECTOR('',#11290,10.);
#2972=VECTOR('',#11291,10.);
#2973=VECTOR('',#11292,10.);
#2974=VECTOR('',#11293,10.);
#2975=VECTOR('',#11294,10.);
#2976=VECTOR('',#11295,10.);
#2977=VECTOR('',#11296,10.);
#2978=VECTOR('',#11297,10.);
#2979=VECTOR('',#11298,10.);
#2980=VECTOR('',#11299,10.);
#2981=VECTOR('',#11300,10.);
#2982=VECTOR('',#11301,10.);
#2983=VECTOR('',#11302,10.);
#2984=VECTOR('',#11303,10.);
#2985=VECTOR('',#11304,10.);
#2986=VECTOR('',#11305,10.);
#2987=VECTOR('',#11306,10.);
#2988=VECTOR('',#11307,10.);
#2989=VECTOR('',#11308,10.);
#2990=VECTOR('',#11309,10.);
#2991=VECTOR('',#11310,10.);
#2992=VECTOR('',#11311,10.);
#2993=VECTOR('',#11312,10.);
#2994=VECTOR('',#11313,10.);
#2995=VECTOR('',#11314,10.);
#2996=VECTOR('',#11315,10.);
#2997=VECTOR('',#11316,10.);
#2998=VECTOR('',#11317,10.);
#2999=VECTOR('',#11318,10.);
#3000=VECTOR('',#11319,10.);
#3001=VECTOR('',#11320,10.);
#3002=VECTOR('',#11321,10.);
#3003=VECTOR('',#11322,10.);
#3004=VECTOR('',#11323,10.);
#3005=VECTOR('',#11324,10.);
#3006=VECTOR('',#11325,10.);
#3007=VECTOR('',#11326,10.);
#3008=VECTOR('',#11327,10.);
#3009=VECTOR('',#11328,10.);
#3010=VECTOR('',#11329,10.);
#3011=VECTOR('',#11330,10.);
#3012=VECTOR('',#11331,10.);
#3013=VECTOR('',#11332,10.);
#3014=VECTOR('',#11333,10.);
#3015=VECTOR('',#11334,10.);
#3016=VECTOR('',#11335,10.);
#3017=VECTOR('',#11336,10.);
#3018=VECTOR('',#11337,10.);
#3019=VECTOR('',#11338,10.);
#3020=VECTOR('',#11339,10.);
#3021=VECTOR('',#11340,10.);
#3022=VECTOR('',#11341,10.);
#3023=VECTOR('',#11342,10.);
#3024=VECTOR('',#11343,10.);
#3025=VECTOR('',#11344,10.);
#3026=VECTOR('',#11345,10.);
#3027=VECTOR('',#11346,10.);
#3028=VECTOR('',#11347,10.);
#3029=VECTOR('',#11348,10.);
#3030=VECTOR('',#11349,10.);
#3031=VECTOR('',#11350,10.);
#3032=VECTOR('',#11351,10.);
#3033=VECTOR('',#11352,10.);
#3034=VECTOR('',#11353,10.);
#3035=VECTOR('',#11354,10.);
#3036=VECTOR('',#11355,10.);
#3037=VECTOR('',#11356,10.);
#3038=VECTOR('',#11357,10.);
#3039=VECTOR('',#11358,10.);
#3040=VECTOR('',#11359,10.);
#3041=VECTOR('',#11360,10.);
#3042=VECTOR('',#11361,10.);
#3043=VECTOR('',#11362,10.);
#3044=VECTOR('',#11363,10.);
#3045=VECTOR('',#11364,10.);
#3046=VECTOR('',#11365,10.);
#3047=VECTOR('',#11366,10.);
#3048=VECTOR('',#11367,10.);
#3049=VECTOR('',#11368,10.);
#3050=VECTOR('',#11369,10.);
#3051=VECTOR('',#11370,10.);
#3052=VECTOR('',#11371,10.);
#3053=VECTOR('',#11372,10.);
#3054=VECTOR('',#11373,10.);
#3055=VECTOR('',#11374,10.);
#3056=VECTOR('',#11375,10.);
#3057=VECTOR('',#11376,10.);
#3058=VECTOR('',#11377,10.);
#3059=VECTOR('',#11378,10.);
#3060=VECTOR('',#11379,10.);
#3061=VECTOR('',#11380,10.);
#3062=VECTOR('',#11381,10.);
#3063=VECTOR('',#11382,10.);
#3064=VECTOR('',#11383,10.);
#3065=VECTOR('',#11384,10.);
#3066=VECTOR('',#11385,10.);
#3067=VECTOR('',#11386,10.);
#3068=VECTOR('',#11387,10.);
#3069=VECTOR('',#11388,10.);
#3070=VECTOR('',#11389,10.);
#3071=VECTOR('',#11390,10.);
#3072=VECTOR('',#11391,10.);
#3073=VECTOR('',#11392,10.);
#3074=VECTOR('',#11393,10.);
#3075=VECTOR('',#11394,10.);
#3076=VECTOR('',#11395,10.);
#3077=VECTOR('',#11396,10.);
#3078=VECTOR('',#11397,10.);
#3079=VECTOR('',#11398,10.);
#3080=VECTOR('',#11399,10.);
#3081=VECTOR('',#11400,10.);
#3082=VECTOR('',#11401,10.);
#3083=VECTOR('',#11402,10.);
#3084=VECTOR('',#11403,10.);
#3085=VECTOR('',#11404,10.);
#3086=VECTOR('',#11405,10.);
#3087=VECTOR('',#11406,10.);
#3088=VECTOR('',#11407,10.);
#3089=VECTOR('',#11408,10.);
#3090=VECTOR('',#11409,10.);
#3091=VECTOR('',#11410,10.);
#3092=VECTOR('',#11411,10.);
#3093=VECTOR('',#11412,10.);
#3094=VECTOR('',#11413,10.);
#3095=VECTOR('',#11414,10.);
#3096=VECTOR('',#11415,10.);
#3097=VECTOR('',#11416,10.);
#3098=VECTOR('',#11417,10.);
#3099=VECTOR('',#11418,10.);
#3100=VECTOR('',#11419,10.);
#3101=VECTOR('',#11420,10.);
#3102=VECTOR('',#11421,10.);
#3103=VECTOR('',#11422,10.);
#3104=VECTOR('',#11423,10.);
#3105=VECTOR('',#11424,10.);
#3106=VECTOR('',#11425,10.);
#3107=VECTOR('',#11428,10.);
#3108=VECTOR('',#11429,10.);
#3109=VECTOR('',#11430,10.);
#3110=VECTOR('',#11433,10.);
#3111=VECTOR('',#11434,10.);
#3112=VECTOR('',#11437,10.);
#3113=VECTOR('',#11438,10.);
#3114=VECTOR('',#11441,10.);
#3115=VECTOR('',#11444,10.);
#3116=VECTOR('',#11445,10.);
#3117=VECTOR('',#11446,10.);
#3118=VECTOR('',#11449,10.);
#3119=VECTOR('',#11450,10.);
#3120=VECTOR('',#11453,10.);
#3121=VECTOR('',#11454,10.);
#3122=VECTOR('',#11457,10.);
#3123=VECTOR('',#11460,10.);
#3124=VECTOR('',#11461,10.);
#3125=VECTOR('',#11462,10.);
#3126=VECTOR('',#11465,10.);
#3127=VECTOR('',#11466,10.);
#3128=VECTOR('',#11469,10.);
#3129=VECTOR('',#11470,10.);
#3130=VECTOR('',#11473,10.);
#3131=VECTOR('',#11476,10.);
#3132=VECTOR('',#11477,10.);
#3133=VECTOR('',#11478,10.);
#3134=VECTOR('',#11481,10.);
#3135=VECTOR('',#11482,10.);
#3136=VECTOR('',#11485,10.);
#3137=VECTOR('',#11486,10.);
#3138=VECTOR('',#11489,10.);
#3139=VECTOR('',#11492,10.);
#3140=VECTOR('',#11493,10.);
#3141=VECTOR('',#11494,10.);
#3142=VECTOR('',#11497,10.);
#3143=VECTOR('',#11498,10.);
#3144=VECTOR('',#11501,10.);
#3145=VECTOR('',#11502,10.);
#3146=VECTOR('',#11505,10.);
#3147=VECTOR('',#11508,10.);
#3148=VECTOR('',#11509,10.);
#3149=VECTOR('',#11510,10.);
#3150=VECTOR('',#11513,10.);
#3151=VECTOR('',#11514,10.);
#3152=VECTOR('',#11517,10.);
#3153=VECTOR('',#11518,10.);
#3154=VECTOR('',#11521,10.);
#3155=VECTOR('',#11524,10.);
#3156=VECTOR('',#11525,10.);
#3157=VECTOR('',#11526,10.);
#3158=VECTOR('',#11529,10.);
#3159=VECTOR('',#11530,10.);
#3160=VECTOR('',#11533,10.);
#3161=VECTOR('',#11534,10.);
#3162=VECTOR('',#11537,10.);
#3163=VECTOR('',#11540,10.);
#3164=VECTOR('',#11541,10.);
#3165=VECTOR('',#11542,10.);
#3166=VECTOR('',#11545,10.);
#3167=VECTOR('',#11546,10.);
#3168=VECTOR('',#11549,10.);
#3169=VECTOR('',#11550,10.);
#3170=VECTOR('',#11553,10.);
#3171=VECTOR('',#11556,10.);
#3172=VECTOR('',#11557,10.);
#3173=VECTOR('',#11558,10.);
#3174=VECTOR('',#11561,10.);
#3175=VECTOR('',#11562,10.);
#3176=VECTOR('',#11565,10.);
#3177=VECTOR('',#11566,10.);
#3178=VECTOR('',#11569,10.);
#3179=VECTOR('',#11572,10.);
#3180=VECTOR('',#11573,10.);
#3181=VECTOR('',#11574,10.);
#3182=VECTOR('',#11577,10.);
#3183=VECTOR('',#11578,10.);
#3184=VECTOR('',#11581,10.);
#3185=VECTOR('',#11582,10.);
#3186=VECTOR('',#11585,10.);
#3187=VECTOR('',#11588,10.);
#3188=VECTOR('',#11589,10.);
#3189=VECTOR('',#11590,10.);
#3190=VECTOR('',#11593,10.);
#3191=VECTOR('',#11594,10.);
#3192=VECTOR('',#11597,10.);
#3193=VECTOR('',#11598,10.);
#3194=VECTOR('',#11601,10.);
#3195=VECTOR('',#11604,10.);
#3196=VECTOR('',#11605,10.);
#3197=VECTOR('',#11606,10.);
#3198=VECTOR('',#11609,10.);
#3199=VECTOR('',#11610,10.);
#3200=VECTOR('',#11613,10.);
#3201=VECTOR('',#11614,10.);
#3202=VECTOR('',#11617,10.);
#3203=VECTOR('',#11620,10.);
#3204=VECTOR('',#11621,10.);
#3205=VECTOR('',#11622,10.);
#3206=VECTOR('',#11625,10.);
#3207=VECTOR('',#11626,10.);
#3208=VECTOR('',#11629,10.);
#3209=VECTOR('',#11630,10.);
#3210=VECTOR('',#11633,10.);
#3211=VECTOR('',#11636,10.);
#3212=VECTOR('',#11637,10.);
#3213=VECTOR('',#11638,10.);
#3214=VECTOR('',#11641,10.);
#3215=VECTOR('',#11642,10.);
#3216=VECTOR('',#11645,10.);
#3217=VECTOR('',#11646,10.);
#3218=VECTOR('',#11649,10.);
#3219=VECTOR('',#11652,10.);
#3220=VECTOR('',#11653,10.);
#3221=VECTOR('',#11654,10.);
#3222=VECTOR('',#11657,10.);
#3223=VECTOR('',#11658,10.);
#3224=VECTOR('',#11661,10.);
#3225=VECTOR('',#11662,10.);
#3226=VECTOR('',#11665,10.);
#3227=VECTOR('',#11668,10.);
#3228=VECTOR('',#11669,10.);
#3229=VECTOR('',#11670,10.);
#3230=VECTOR('',#11673,10.);
#3231=VECTOR('',#11674,10.);
#3232=VECTOR('',#11677,10.);
#3233=VECTOR('',#11678,10.);
#3234=VECTOR('',#11681,10.);
#3235=VECTOR('',#11684,10.);
#3236=VECTOR('',#11685,10.);
#3237=VECTOR('',#11686,10.);
#3238=VECTOR('',#11689,10.);
#3239=VECTOR('',#11690,10.);
#3240=VECTOR('',#11693,10.);
#3241=VECTOR('',#11694,10.);
#3242=VECTOR('',#11697,10.);
#3243=VECTOR('',#11700,10.);
#3244=VECTOR('',#11701,10.);
#3245=VECTOR('',#11702,10.);
#3246=VECTOR('',#11705,10.);
#3247=VECTOR('',#11706,10.);
#3248=VECTOR('',#11709,10.);
#3249=VECTOR('',#11710,10.);
#3250=VECTOR('',#11713,10.);
#3251=VECTOR('',#11716,10.);
#3252=VECTOR('',#11717,10.);
#3253=VECTOR('',#11718,10.);
#3254=VECTOR('',#11721,10.);
#3255=VECTOR('',#11722,10.);
#3256=VECTOR('',#11725,10.);
#3257=VECTOR('',#11726,10.);
#3258=VECTOR('',#11729,10.);
#3259=VECTOR('',#11732,10.);
#3260=VECTOR('',#11733,10.);
#3261=VECTOR('',#11734,10.);
#3262=VECTOR('',#11737,10.);
#3263=VECTOR('',#11738,10.);
#3264=VECTOR('',#11741,10.);
#3265=VECTOR('',#11742,10.);
#3266=VECTOR('',#11745,10.);
#3267=VECTOR('',#11748,10.);
#3268=VECTOR('',#11749,10.);
#3269=VECTOR('',#11750,10.);
#3270=VECTOR('',#11751,10.);
#3271=VECTOR('',#11754,10.);
#3272=VECTOR('',#11755,10.);
#3273=VECTOR('',#11756,10.);
#3274=VECTOR('',#11759,10.);
#3275=VECTOR('',#11760,10.);
#3276=VECTOR('',#11761,10.);
#3277=VECTOR('',#11764,10.);
#3278=VECTOR('',#11765,10.);
#3279=VECTOR('',#11768,10.);
#3280=VECTOR('',#11769,10.);
#3281=VECTOR('',#11770,10.);
#3282=VECTOR('',#11771,10.);
#3283=VECTOR('',#11774,10.);
#3284=VECTOR('',#11775,10.);
#3285=VECTOR('',#11776,10.);
#3286=VECTOR('',#11779,10.);
#3287=VECTOR('',#11780,10.);
#3288=VECTOR('',#11781,10.);
#3289=VECTOR('',#11784,10.);
#3290=VECTOR('',#11785,10.);
#3291=VECTOR('',#11788,10.);
#3292=VECTOR('',#11789,10.);
#3293=VECTOR('',#11790,10.);
#3294=VECTOR('',#11793,10.);
#3295=VECTOR('',#11794,10.);
#3296=VECTOR('',#11795,10.);
#3297=VECTOR('',#11798,10.);
#3298=VECTOR('',#11799,10.);
#3299=VECTOR('',#11800,10.);
#3300=VECTOR('',#11803,10.);
#3301=VECTOR('',#11806,10.);
#3302=VECTOR('',#11807,10.);
#3303=VECTOR('',#11808,10.);
#3304=VECTOR('',#11811,10.);
#3305=VECTOR('',#11812,10.);
#3306=VECTOR('',#11815,10.);
#3307=VECTOR('',#11816,10.);
#3308=VECTOR('',#11817,10.);
#3309=VECTOR('',#11820,10.);
#3310=VECTOR('',#11821,10.);
#3311=VECTOR('',#11822,10.);
#3312=VECTOR('',#11825,10.);
#3313=VECTOR('',#11826,10.);
#3314=VECTOR('',#11829,10.);
#3315=VECTOR('',#11830,10.);
#3316=VECTOR('',#11833,10.);
#3317=VECTOR('',#11834,10.);
#3318=VECTOR('',#11837,10.);
#3319=VECTOR('',#11840,10.);
#3320=VECTOR('',#11841,10.);
#3321=VECTOR('',#11842,10.);
#3322=VECTOR('',#11843,10.);
#3323=VECTOR('',#11846,10.);
#3324=VECTOR('',#11847,10.);
#3325=VECTOR('',#11850,10.);
#3326=VECTOR('',#11851,10.);
#3327=VECTOR('',#11852,10.);
#3328=VECTOR('',#11855,10.);
#3329=VECTOR('',#11856,10.);
#3330=VECTOR('',#11859,10.);
#3331=VECTOR('',#11860,10.);
#3332=VECTOR('',#11861,10.);
#3333=VECTOR('',#11864,10.);
#3334=VECTOR('',#11865,10.);
#3335=VECTOR('',#11866,10.);
#3336=VECTOR('',#11869,10.);
#3337=VECTOR('',#11870,10.);
#3338=VECTOR('',#11871,10.);
#3339=VECTOR('',#11874,10.);
#3340=VECTOR('',#11875,10.);
#3341=VECTOR('',#11878,10.);
#3342=VECTOR('',#11879,10.);
#3343=VECTOR('',#11880,10.);
#3344=VECTOR('',#11883,10.);
#3345=VECTOR('',#11884,10.);
#3346=VECTOR('',#11887,10.);
#3347=VECTOR('',#11888,10.);
#3348=VECTOR('',#11891,10.);
#3349=VECTOR('',#11894,10.);
#3350=VECTOR('',#11895,10.);
#3351=VECTOR('',#11896,10.);
#3352=VECTOR('',#11899,10.);
#3353=VECTOR('',#11900,10.);
#3354=VECTOR('',#11903,10.);
#3355=VECTOR('',#11904,10.);
#3356=VECTOR('',#11907,10.);
#3357=VECTOR('',#11910,10.);
#3358=VECTOR('',#11911,10.);
#3359=VECTOR('',#11912,10.);
#3360=VECTOR('',#11915,10.);
#3361=VECTOR('',#11916,10.);
#3362=VECTOR('',#11919,10.);
#3363=VECTOR('',#11920,10.);
#3364=VECTOR('',#11923,10.);
#3365=VECTOR('',#11926,10.);
#3366=VECTOR('',#11927,10.);
#3367=VECTOR('',#11928,10.);
#3368=VECTOR('',#11931,10.);
#3369=VECTOR('',#11932,10.);
#3370=VECTOR('',#11935,10.);
#3371=VECTOR('',#11936,10.);
#3372=VECTOR('',#11939,10.);
#3373=VECTOR('',#11942,10.);
#3374=VECTOR('',#11943,10.);
#3375=VECTOR('',#11944,10.);
#3376=VECTOR('',#11947,10.);
#3377=VECTOR('',#11948,10.);
#3378=VECTOR('',#11951,10.);
#3379=VECTOR('',#11952,10.);
#3380=VECTOR('',#11955,10.);
#3381=VECTOR('',#11958,10.);
#3382=VECTOR('',#11959,10.);
#3383=VECTOR('',#11960,10.);
#3384=VECTOR('',#11963,10.);
#3385=VECTOR('',#11964,10.);
#3386=VECTOR('',#11967,10.);
#3387=VECTOR('',#11968,10.);
#3388=VECTOR('',#11971,10.);
#3389=VECTOR('',#11974,10.);
#3390=VECTOR('',#11975,10.);
#3391=VECTOR('',#11976,10.);
#3392=VECTOR('',#11979,10.);
#3393=VECTOR('',#11980,10.);
#3394=VECTOR('',#11983,10.);
#3395=VECTOR('',#11984,10.);
#3396=VECTOR('',#11987,10.);
#3397=VECTOR('',#11990,10.);
#3398=VECTOR('',#11991,10.);
#3399=VECTOR('',#11992,10.);
#3400=VECTOR('',#11995,10.);
#3401=VECTOR('',#11996,10.);
#3402=VECTOR('',#11999,10.);
#3403=VECTOR('',#12000,10.);
#3404=VECTOR('',#12003,10.);
#3405=VECTOR('',#12006,10.);
#3406=VECTOR('',#12007,10.);
#3407=VECTOR('',#12008,10.);
#3408=VECTOR('',#12011,10.);
#3409=VECTOR('',#12012,10.);
#3410=VECTOR('',#12015,10.);
#3411=VECTOR('',#12016,10.);
#3412=VECTOR('',#12019,10.);
#3413=VECTOR('',#12022,10.);
#3414=VECTOR('',#12023,10.);
#3415=VECTOR('',#12024,10.);
#3416=VECTOR('',#12027,10.);
#3417=VECTOR('',#12028,10.);
#3418=VECTOR('',#12031,10.);
#3419=VECTOR('',#12032,10.);
#3420=VECTOR('',#12035,10.);
#3421=VECTOR('',#12038,10.);
#3422=VECTOR('',#12039,10.);
#3423=VECTOR('',#12040,10.);
#3424=VECTOR('',#12043,10.);
#3425=VECTOR('',#12044,10.);
#3426=VECTOR('',#12047,10.);
#3427=VECTOR('',#12048,10.);
#3428=VECTOR('',#12051,10.);
#3429=VECTOR('',#12054,10.);
#3430=VECTOR('',#12055,10.);
#3431=VECTOR('',#12056,10.);
#3432=VECTOR('',#12059,10.);
#3433=VECTOR('',#12060,10.);
#3434=VECTOR('',#12063,10.);
#3435=VECTOR('',#12064,10.);
#3436=VECTOR('',#12067,10.);
#3437=VECTOR('',#12070,10.);
#3438=VECTOR('',#12071,10.);
#3439=VECTOR('',#12072,10.);
#3440=VECTOR('',#12073,10.);
#3441=VECTOR('',#12076,10.);
#3442=VECTOR('',#12077,10.);
#3443=VECTOR('',#12078,10.);
#3444=VECTOR('',#12081,10.);
#3445=VECTOR('',#12082,10.);
#3446=VECTOR('',#12083,10.);
#3447=VECTOR('',#12086,10.);
#3448=VECTOR('',#12087,10.);
#3449=VECTOR('',#12090,10.);
#3450=VECTOR('',#12091,10.);
#3451=VECTOR('',#12092,10.);
#3452=VECTOR('',#12095,10.);
#3453=VECTOR('',#12096,10.);
#3454=VECTOR('',#12099,10.);
#3455=VECTOR('',#12100,10.);
#3456=VECTOR('',#12103,10.);
#3457=VECTOR('',#12106,10.);
#3458=VECTOR('',#12107,10.);
#3459=VECTOR('',#12108,10.);
#3460=VECTOR('',#12111,10.);
#3461=VECTOR('',#12112,10.);
#3462=VECTOR('',#12115,10.);
#3463=VECTOR('',#12116,10.);
#3464=VECTOR('',#12119,10.);
#3465=VECTOR('',#12122,10.);
#3466=VECTOR('',#12123,10.);
#3467=VECTOR('',#12124,10.);
#3468=VECTOR('',#12127,10.);
#3469=VECTOR('',#12128,10.);
#3470=VECTOR('',#12131,10.);
#3471=VECTOR('',#12132,10.);
#3472=VECTOR('',#12135,10.);
#3473=VECTOR('',#12138,10.);
#3474=VECTOR('',#12139,10.);
#3475=VECTOR('',#12140,10.);
#3476=VECTOR('',#12143,10.);
#3477=VECTOR('',#12144,10.);
#3478=VECTOR('',#12147,10.);
#3479=VECTOR('',#12148,10.);
#3480=VECTOR('',#12151,10.);
#3481=VECTOR('',#12154,10.);
#3482=VECTOR('',#12155,10.);
#3483=VECTOR('',#12156,10.);
#3484=VECTOR('',#12159,10.);
#3485=VECTOR('',#12160,10.);
#3486=VECTOR('',#12163,10.);
#3487=VECTOR('',#12164,10.);
#3488=VECTOR('',#12167,10.);
#3489=VECTOR('',#12170,10.);
#3490=VECTOR('',#12171,10.);
#3491=VECTOR('',#12172,10.);
#3492=VECTOR('',#12175,10.);
#3493=VECTOR('',#12176,10.);
#3494=VECTOR('',#12179,10.);
#3495=VECTOR('',#12180,10.);
#3496=VECTOR('',#12183,10.);
#3497=VECTOR('',#12186,10.);
#3498=VECTOR('',#12187,10.);
#3499=VECTOR('',#12188,10.);
#3500=VECTOR('',#12191,10.);
#3501=VECTOR('',#12192,10.);
#3502=VECTOR('',#12195,10.);
#3503=VECTOR('',#12196,10.);
#3504=VECTOR('',#12199,10.);
#3505=VECTOR('',#12202,10.);
#3506=VECTOR('',#12203,10.);
#3507=VECTOR('',#12204,10.);
#3508=VECTOR('',#12207,10.);
#3509=VECTOR('',#12208,10.);
#3510=VECTOR('',#12211,10.);
#3511=VECTOR('',#12212,10.);
#3512=VECTOR('',#12215,10.);
#3513=VECTOR('',#12218,10.);
#3514=VECTOR('',#12219,10.);
#3515=VECTOR('',#12220,10.);
#3516=VECTOR('',#12223,10.);
#3517=VECTOR('',#12224,10.);
#3518=VECTOR('',#12225,10.);
#3519=VECTOR('',#12232,10.);
#3520=VECTOR('',#12233,10.);
#3521=VECTOR('',#12234,10.);
#3522=VECTOR('',#12235,10.);
#3523=VECTOR('',#12238,10.);
#3524=VECTOR('',#12241,10.);
#3525=VECTOR('',#12244,10.);
#3526=VECTOR('',#12245,10.);
#3527=VECTOR('',#12248,10.);
#3528=VECTOR('',#12249,10.);
#3529=VECTOR('',#12254,1.00000000000001);
#3530=VECTOR('',#12263,0.999999999999996);
#3531=VECTOR('',#12270,10.);
#3532=VECTOR('',#12271,10.);
#3533=VECTOR('',#12272,10.);
#3534=VECTOR('',#12273,10.);
#3535=VECTOR('',#12276,10.);
#3536=VECTOR('',#12283,10.);
#3537=VECTOR('',#12284,10.);
#3538=VECTOR('',#12285,10.);
#3539=VECTOR('',#12296,10.);
#3540=VECTOR('',#12297,10.);
#3541=VECTOR('',#12300,10.);
#3542=VECTOR('',#12303,10.);
#3543=VECTOR('',#12304,10.);
#3544=VECTOR('',#12307,10.);
#3545=VECTOR('',#12312,10.);
#3546=VECTOR('',#12313,10.);
#3547=VECTOR('',#12314,10.);
#3548=VECTOR('',#12315,10.);
#3549=VECTOR('',#12316,10.);
#3550=VECTOR('',#12317,10.);
#3551=VECTOR('',#12318,10.);
#3552=VECTOR('',#12319,10.);
#3553=VECTOR('',#12320,10.);
#3554=VECTOR('',#12321,10.);
#3555=VECTOR('',#12322,10.);
#3556=VECTOR('',#12325,10.);
#3557=VECTOR('',#12330,10.);
#3558=VECTOR('',#12335,10.);
#3559=VECTOR('',#12336,10.);
#3560=VECTOR('',#12337,10.);
#3561=VECTOR('',#12340,10.);
#3562=VECTOR('',#12341,10.);
#3563=VECTOR('',#12342,10.);
#3564=VECTOR('',#12347,10.);
#3565=VECTOR('',#12348,10.);
#3566=VECTOR('',#12351,10.);
#3567=VECTOR('',#12352,10.);
#3568=VECTOR('',#12353,10.);
#3569=VECTOR('',#12356,10.);
#3570=VECTOR('',#12357,10.);
#3571=VECTOR('',#12358,10.);
#3572=VECTOR('',#12359,10.);
#3573=VECTOR('',#12360,10.);
#3574=VECTOR('',#12363,10.);
#3575=VECTOR('',#12364,10.);
#3576=VECTOR('',#12365,10.);
#3577=VECTOR('',#12366,10.);
#3578=VECTOR('',#12369,10.);
#3579=VECTOR('',#12370,10.);
#3580=VECTOR('',#12371,10.);
#3581=VECTOR('',#12374,10.);
#3582=VECTOR('',#12375,10.);
#3583=VECTOR('',#12376,10.);
#3584=VECTOR('',#12379,10.);
#3585=VECTOR('',#12380,10.);
#3586=VECTOR('',#12381,10.);
#3587=VECTOR('',#12384,10.);
#3588=VECTOR('',#12385,10.);
#3589=VECTOR('',#12386,10.);
#3590=VECTOR('',#12389,10.);
#3591=VECTOR('',#12390,10.);
#3592=VECTOR('',#12391,10.);
#3593=VECTOR('',#12394,10.);
#3594=VECTOR('',#12395,10.);
#3595=VECTOR('',#12396,10.);
#3596=VECTOR('',#12399,10.);
#3597=VECTOR('',#12400,10.);
#3598=VECTOR('',#12401,10.);
#3599=VECTOR('',#12402,10.);
#3600=VECTOR('',#12403,10.);
#3601=VECTOR('',#12404,10.);
#3602=VECTOR('',#12407,10.);
#3603=VECTOR('',#12408,10.);
#3604=VECTOR('',#12409,10.);
#3605=VECTOR('',#12410,10.);
#3606=VECTOR('',#12415,10.);
#3607=VECTOR('',#12416,10.);
#3608=VECTOR('',#12421,10.);
#3609=VECTOR('',#12422,10.);
#3610=VECTOR('',#12425,10.);
#3611=VECTOR('',#12426,10.);
#3612=VECTOR('',#12427,10.);
#3613=VECTOR('',#12428,10.);
#3614=VECTOR('',#12429,10.);
#3615=VECTOR('',#12430,10.);
#3616=VECTOR('',#12435,10.);
#3617=VECTOR('',#12442,10.);
#3618=VECTOR('',#12443,10.);
#3619=VECTOR('',#12444,10.);
#3620=VECTOR('',#12445,10.);
#3621=VECTOR('',#12446,10.);
#3622=VECTOR('',#12447,10.);
#3623=VECTOR('',#12448,10.);
#3624=VECTOR('',#12449,10.);
#3625=VECTOR('',#12450,10.);
#3626=VECTOR('',#12451,10.);
#3627=VECTOR('',#12452,10.);
#3628=VECTOR('',#12455,10.);
#3629=VECTOR('',#12456,10.);
#3630=VECTOR('',#12457,10.);
#3631=VECTOR('',#12460,10.);
#3632=VECTOR('',#12463,10.);
#3633=VECTOR('',#12464,10.);
#3634=VECTOR('',#12465,10.);
#3635=VECTOR('',#12466,10.);
#3636=VECTOR('',#12469,10.);
#3637=VECTOR('',#12472,10.);
#3638=VECTOR('',#12473,10.);
#3639=VECTOR('',#12474,10.);
#3640=VECTOR('',#12477,10.);
#3641=VECTOR('',#12478,10.);
#3642=VECTOR('',#12479,10.);
#3643=VECTOR('',#12480,10.);
#3644=VECTOR('',#12481,10.);
#3645=VECTOR('',#12484,10.);
#3646=VECTOR('',#12485,10.);
#3647=VECTOR('',#12486,10.);
#3648=VECTOR('',#12491,10.);
#3649=VECTOR('',#12492,10.);
#3650=VECTOR('',#12493,10.);
#3651=VECTOR('',#12494,10.);
#3652=VECTOR('',#12495,10.);
#3653=VECTOR('',#12498,10.);
#3654=VECTOR('',#12501,10.);
#3655=VECTOR('',#12502,10.);
#3656=VECTOR('',#12503,10.);
#3657=VECTOR('',#12504,10.);
#3658=VECTOR('',#12505,10.);
#3659=VECTOR('',#12506,10.);
#3660=VECTOR('',#12509,10.);
#3661=VECTOR('',#12510,10.);
#3662=VECTOR('',#12513,10.);
#3663=VECTOR('',#12514,10.);
#3664=VECTOR('',#12515,10.);
#3665=VECTOR('',#12518,10.);
#3666=VECTOR('',#12519,10.);
#3667=VECTOR('',#12520,10.);
#3668=VECTOR('',#12521,10.);
#3669=VECTOR('',#12522,10.);
#3670=VECTOR('',#12525,10.);
#3671=VECTOR('',#12526,10.);
#3672=VECTOR('',#12529,10.);
#3673=VECTOR('',#12530,10.);
#3674=VECTOR('',#12533,10.);
#3675=VECTOR('',#12534,10.);
#3676=VECTOR('',#12535,10.);
#3677=VECTOR('',#12538,10.);
#3678=VECTOR('',#12543,10.);
#3679=VECTOR('',#12546,10.);
#3680=VECTOR('',#12547,10.);
#3681=VECTOR('',#12550,10.);
#3682=VECTOR('',#12553,10.);
#3683=VECTOR('',#12554,10.);
#3684=VECTOR('',#12559,10.);
#3685=VECTOR('',#12560,10.);
#3686=VECTOR('',#12561,10.);
#3687=VECTOR('',#12562,10.);
#3688=VECTOR('',#12567,10.);
#3689=VECTOR('',#12570,10.);
#3690=VECTOR('',#12573,10.);
#3691=VECTOR('',#12576,10.);
#3692=VECTOR('',#12577,10.);
#3693=VECTOR('',#12580,10.);
#3694=VECTOR('',#12581,10.);
#3695=VECTOR('',#12582,10.);
#3696=VECTOR('',#12583,10.);
#3697=VECTOR('',#12584,10.);
#3698=VECTOR('',#12585,10.);
#3699=VECTOR('',#12588,10.);
#3700=VECTOR('',#12589,10.);
#3701=VECTOR('',#12590,10.);
#3702=VECTOR('',#12593,10.);
#3703=VECTOR('',#12594,10.);
#3704=VECTOR('',#12595,10.);
#3705=VECTOR('',#12596,10.);
#3706=VECTOR('',#12599,10.);
#3707=VECTOR('',#12600,10.);
#3708=VECTOR('',#12601,10.);
#3709=VECTOR('',#12604,10.);
#3710=VECTOR('',#12605,10.);
#3711=VECTOR('',#12606,10.);
#3712=VECTOR('',#12607,10.);
#3713=VECTOR('',#12608,10.);
#3714=VECTOR('',#12611,10.);
#3715=VECTOR('',#12614,10.);
#3716=VECTOR('',#12615,10.);
#3717=VECTOR('',#12618,10.);
#3718=VECTOR('',#12623,10.);
#3719=VECTOR('',#12626,10.);
#3720=VECTOR('',#12627,10.);
#3721=VECTOR('',#12628,10.);
#3722=VECTOR('',#12631,10.);
#3723=VECTOR('',#12634,10.);
#3724=VECTOR('',#12637,10.);
#3725=VECTOR('',#12640,10.);
#3726=VECTOR('',#12643,10.);
#3727=VECTOR('',#12646,10.);
#3728=VECTOR('',#12651,10.);
#3729=VECTOR('',#12662,10.);
#3730=VECTOR('',#12667,10.);
#3731=VECTOR('',#12670,10.);
#3732=VECTOR('',#12675,10.);
#3733=VECTOR('',#12678,10.);
#3734=VECTOR('',#12683,10.);
#3735=VECTOR('',#12686,10.);
#3736=VECTOR('',#12687,10.);
#3737=VECTOR('',#12690,10.);
#3738=VECTOR('',#12693,10.);
#3739=VECTOR('',#12694,10.);
#3740=VECTOR('',#12699,10.);
#3741=VECTOR('',#12702,10.);
#3742=VECTOR('',#12705,10.);
#3743=VECTOR('',#12708,10.);
#3744=VECTOR('',#12709,10.);
#3745=VECTOR('',#12710,10.);
#3746=VECTOR('',#12721,10.);
#3747=VECTOR('',#12740,10.);
#3748=VECTOR('',#12743,10.);
#3749=VECTOR('',#12746,10.);
#3750=VECTOR('',#12769,10.);
#3751=VECTOR('',#12774,10.);
#3752=VECTOR('',#12775,10.);
#3753=VECTOR('',#12782,10.);
#3754=VECTOR('',#12783,10.);
#3755=VECTOR('',#12786,10.);
#3756=VECTOR('',#12787,10.);
#3757=VECTOR('',#12790,10.);
#3758=VECTOR('',#12793,10.);
#3759=VECTOR('',#12796,10.);
#3760=VECTOR('',#12801,10.);
#3761=VECTOR('',#12802,10.);
#3762=VECTOR('',#12805,10.);
#3763=VECTOR('',#12806,10.);
#3764=VECTOR('',#12811,10.);
#3765=VECTOR('',#12812,10.);
#3766=VECTOR('',#12813,10.);
#3767=VECTOR('',#12824,10.);
#3768=VECTOR('',#12827,10.);
#3769=VECTOR('',#12830,10.);
#3770=VECTOR('',#12835,10.);
#3771=VECTOR('',#12838,10.);
#3772=VECTOR('',#12839,10.);
#3773=VECTOR('',#12842,10.);
#3774=VECTOR('',#12845,10.);
#3775=VECTOR('',#12848,10.);
#3776=VECTOR('',#12853,10.);
#3777=VECTOR('',#12854,10.);
#3778=VECTOR('',#12855,10.);
#3779=VECTOR('',#12858,10.);
#3780=VECTOR('',#12859,10.);
#3781=VECTOR('',#12860,10.);
#3782=VECTOR('',#12863,10.);
#3783=VECTOR('',#12866,10.);
#3784=VECTOR('',#12867,10.);
#3785=VECTOR('',#12870,10.);
#3786=VECTOR('',#12873,10.);
#3787=VECTOR('',#12876,10.);
#3788=VECTOR('',#12891,10.);
#3789=VECTOR('',#12906,10.);
#3790=VECTOR('',#12913,10.);
#3791=VECTOR('',#12914,10.);
#3792=VECTOR('',#12915,10.);
#3793=VECTOR('',#12918,10.);
#3794=VECTOR('',#12919,10.);
#3795=VECTOR('',#12926,10.);
#3796=VECTOR('',#12933,10.);
#3797=VECTOR('',#12936,10.);
#3798=VECTOR('',#12941,10.);
#3799=VECTOR('',#12944,10.);
#3800=VECTOR('',#12953,10.);
#3801=VECTOR('',#12960,10.);
#3802=VECTOR('',#12961,10.);
#3803=VECTOR('',#12962,10.);
#3804=VECTOR('',#12963,10.);
#3805=VECTOR('',#12964,10.);
#3806=VECTOR('',#12967,10.);
#3807=VECTOR('',#12970,10.);
#3808=VECTOR('',#12975,10.);
#3809=VECTOR('',#12976,10.);
#3810=VECTOR('',#12977,10.);
#3811=VECTOR('',#12982,10.);
#3812=VECTOR('',#12989,10.);
#3813=VECTOR('',#12996,10.);
#3814=VECTOR('',#13003,10.);
#3815=VECTOR('',#13004,10.);
#3816=VECTOR('',#13007,10.);
#3817=VECTOR('',#13016,10.);
#3818=VECTOR('',#13033,10.);
#3819=VECTOR('',#13036,10.);
#3820=VECTOR('',#13039,10.);
#3821=VECTOR('',#13040,10.);
#3822=VECTOR('',#13043,10.);
#3823=VECTOR('',#13044,10.);
#3824=VECTOR('',#13045,10.);
#3825=VECTOR('',#13046,10.);
#3826=VECTOR('',#13049,10.);
#3827=VECTOR('',#13052,10.);
#3828=VECTOR('',#13055,10.);
#3829=VECTOR('',#13058,10.);
#3830=VECTOR('',#13061,10.);
#3831=VECTOR('',#13068,10.);
#3832=VECTOR('',#13071,10.);
#3833=VECTOR('',#13074,10.);
#3834=VECTOR('',#13077,10.);
#3835=VECTOR('',#13082,10.);
#3836=VECTOR('',#13083,10.);
#3837=VECTOR('',#13086,10.);
#3838=VECTOR('',#13091,10.);
#3839=VECTOR('',#13092,10.);
#3840=VECTOR('',#13095,10.);
#3841=VECTOR('',#13098,10.);
#3842=VECTOR('',#13113,10.);
#3843=VECTOR('',#13114,10.);
#3844=VECTOR('',#13115,10.);
#3845=VECTOR('',#13116,10.);
#3846=VECTOR('',#13117,10.);
#3847=VECTOR('',#13118,10.);
#3848=VECTOR('',#13119,10.);
#3849=VECTOR('',#13120,10.);
#3850=VECTOR('',#13125,10.);
#3851=VECTOR('',#13126,10.);
#3852=VECTOR('',#13129,10.);
#3853=VECTOR('',#13130,10.);
#3854=VECTOR('',#13131,10.);
#3855=VECTOR('',#13132,10.);
#3856=VECTOR('',#13135,10.);
#3857=VECTOR('',#13136,10.);
#3858=VECTOR('',#13139,10.);
#3859=VECTOR('',#13142,10.);
#3860=VECTOR('',#13149,10.);
#3861=VECTOR('',#13150,10.);
#3862=VECTOR('',#13153,10.);
#3863=VECTOR('',#13154,10.);
#3864=VECTOR('',#13155,10.);
#3865=VECTOR('',#13156,10.);
#3866=VECTOR('',#13161,10.);
#3867=VECTOR('',#13164,10.);
#3868=VECTOR('',#13165,10.);
#3869=VECTOR('',#13170,10.);
#3870=VECTOR('',#13173,10.);
#3871=VECTOR('',#13178,5.5);
#3872=VECTOR('',#13179,5.5);
#3873=VECTOR('',#13182,10.);
#3874=VECTOR('',#13185,10.);
#3875=VECTOR('',#13186,10.);
#3876=VECTOR('',#13189,10.);
#3877=VECTOR('',#13190,10.);
#3878=VECTOR('',#13191,10.);
#3879=VECTOR('',#13192,10.);
#3880=VECTOR('',#13199,10.);
#3881=VECTOR('',#13202,10.);
#3882=VECTOR('',#13203,10.);
#3883=VECTOR('',#13204,10.);
#3884=VECTOR('',#13213,10.);
#3885=VECTOR('',#13220,1.25000639818696);
#3886=VECTOR('',#13225,10.);
#3887=VECTOR('',#13226,10.);
#3888=VECTOR('',#13227,10.);
#3889=VECTOR('',#13228,10.);
#3890=VECTOR('',#13235,10.);
#3891=VECTOR('',#13238,10.);
#3892=VECTOR('',#13239,10.);
#3893=VECTOR('',#13240,10.);
#3894=VECTOR('',#13257,1.25000639818696);
#3895=VECTOR('',#13260,10.);
#3896=VECTOR('',#13261,10.);
#3897=VECTOR('',#13262,10.);
#3898=VECTOR('',#13263,10.);
#3899=VECTOR('',#13270,10.);
#3900=VECTOR('',#13273,10.);
#3901=VECTOR('',#13274,10.);
#3902=VECTOR('',#13275,10.);
#3903=VECTOR('',#13290,1.25000639818696);
#3904=VECTOR('',#13293,10.);
#3905=VECTOR('',#13294,10.);
#3906=VECTOR('',#13295,10.);
#3907=VECTOR('',#13296,10.);
#3908=VECTOR('',#13299,10.);
#3909=VECTOR('',#13300,10.);
#3910=VECTOR('',#13301,10.);
#3911=VECTOR('',#13302,10.);
#3912=VECTOR('',#13321,10.);
#3913=VECTOR('',#13326,10.);
#3914=VECTOR('',#13331,8.25);
#3915=VECTOR('',#13334,10.);
#3916=VECTOR('',#13335,10.);
#3917=VECTOR('',#13338,10.);
#3918=VECTOR('',#13339,10.);
#3919=VECTOR('',#13344,10.);
#3920=VECTOR('',#13347,10.);
#3921=VECTOR('',#13348,10.);
#3922=VECTOR('',#13349,10.);
#3923=VECTOR('',#13350,10.);
#3924=VECTOR('',#13355,10.);
#3925=VECTOR('',#13358,10.);
#3926=VECTOR('',#13361,10.);
#3927=VECTOR('',#13362,10.);
#3928=VECTOR('',#13363,10.);
#3929=VECTOR('',#13364,10.);
#3930=VECTOR('',#13367,10.);
#3931=VECTOR('',#13368,10.);
#3932=VECTOR('',#13369,10.);
#3933=VECTOR('',#13374,10.);
#3934=VECTOR('',#13379,10.);
#3935=VECTOR('',#13380,10.);
#3936=VECTOR('',#13381,10.);
#3937=VECTOR('',#13382,10.);
#3938=VECTOR('',#13385,10.);
#3939=VECTOR('',#13386,10.);
#3940=VECTOR('',#13387,10.);
#3941=VECTOR('',#13388,10.);
#3942=VECTOR('',#13391,10.);
#3943=VECTOR('',#13392,10.);
#3944=VECTOR('',#13393,10.);
#3945=VECTOR('',#13396,10.);
#3946=VECTOR('',#13397,10.);
#3947=VECTOR('',#13400,10.);
#3948=VECTOR('',#13401,10.);
#3949=VECTOR('',#13402,10.);
#3950=VECTOR('',#13405,10.);
#3951=VECTOR('',#13406,10.);
#3952=VECTOR('',#13407,10.);
#3953=VECTOR('',#13408,10.);
#3954=VECTOR('',#13411,10.);
#3955=VECTOR('',#13424,10.);
#3956=VECTOR('',#13427,10.);
#3957=VECTOR('',#13432,10.);
#3958=VECTOR('',#13435,10.);
#3959=VECTOR('',#13438,10.);
#3960=VECTOR('',#13439,10.);
#3961=VECTOR('',#13442,10.);
#3962=VECTOR('',#13443,10.);
#3963=VECTOR('',#13446,10.);
#3964=VECTOR('',#13449,10.);
#3965=VECTOR('',#13450,10.);
#3966=VECTOR('',#13451,10.);
#3967=VECTOR('',#13454,10.);
#3968=VECTOR('',#13455,10.);
#3969=VECTOR('',#13456,10.);
#3970=VECTOR('',#13457,10.);
#3971=VECTOR('',#13466,10.);
#3972=VECTOR('',#13469,10.);
#3973=VECTOR('',#13470,10.);
#3974=VECTOR('',#13471,10.);
#3975=VECTOR('',#13474,10.);
#3976=VECTOR('',#13475,10.);
#3977=VECTOR('',#13480,10.);
#3978=VECTOR('',#13481,10.);
#3979=VECTOR('',#13482,10.);
#3980=VECTOR('',#13483,10.);
#3981=VECTOR('',#13484,10.);
#3982=VECTOR('',#13485,10.);
#3983=VECTOR('',#13490,10.);
#3984=VECTOR('',#13491,10.);
#3985=VECTOR('',#13494,10.);
#3986=VECTOR('',#13503,10.);
#3987=VECTOR('',#13506,10.);
#3988=VECTOR('',#13519,10.);
#3989=VECTOR('',#13522,10.);
#3990=VECTOR('',#13527,10.);
#3991=VECTOR('',#13528,10.);
#3992=VECTOR('',#13531,10.);
#3993=VECTOR('',#13536,10.);
#3994=VECTOR('',#13539,10.);
#3995=VECTOR('',#13546,10.);
#3996=VECTOR('',#13547,10.);
#3997=VECTOR('',#13552,10.);
#3998=VECTOR('',#13555,10.);
#3999=VECTOR('',#13556,10.);
#4000=VECTOR('',#13559,10.);
#4001=VECTOR('',#13560,10.);
#4002=VECTOR('',#13565,10.);
#4003=VECTOR('',#13566,10.);
#4004=VECTOR('',#13569,10.);
#4005=VECTOR('',#13576,10.);
#4006=VECTOR('',#13583,10.);
#4007=VECTOR('',#13584,10.);
#4008=VECTOR('',#13587,10.);
#4009=VECTOR('',#13590,10.);
#4010=VECTOR('',#13593,10.);
#4011=VECTOR('',#13594,10.);
#4012=VECTOR('',#13595,10.);
#4013=VECTOR('',#13598,10.);
#4014=VECTOR('',#13599,10.);
#4015=VECTOR('',#13600,10.);
#4016=VECTOR('',#13603,10.);
#4017=VECTOR('',#13604,10.);
#4018=VECTOR('',#13607,10.);
#4019=VECTOR('',#13608,10.);
#4020=VECTOR('',#13611,10.);
#4021=VECTOR('',#13612,10.);
#4022=VECTOR('',#13617,10.);
#4023=VECTOR('',#13626,10.);
#4024=VECTOR('',#13633,8.25000354088861);
#4025=VECTOR('',#13638,10.);
#4026=VECTOR('',#13639,10.);
#4027=VECTOR('',#13642,10.);
#4028=VECTOR('',#13643,10.);
#4029=VECTOR('',#13646,10.);
#4030=VECTOR('',#13647,10.);
#4031=VECTOR('',#13656,10.);
#4032=VECTOR('',#13657,10.);
#4033=VECTOR('',#13660,10.);
#4034=VECTOR('',#13663,10.);
#4035=VECTOR('',#13668,8.25000354088861);
#4036=VECTOR('',#13671,10.);
#4037=VECTOR('',#13672,10.);
#4038=VECTOR('',#13673,10.);
#4039=VECTOR('',#13676,10.);
#4040=VECTOR('',#13677,10.);
#4041=VECTOR('',#13680,10.);
#4042=VECTOR('',#13681,10.);
#4043=VECTOR('',#13684,10.);
#4044=VECTOR('',#13685,10.);
#4045=VECTOR('',#13690,10.);
#4046=VECTOR('',#13697,10.);
#4047=VECTOR('',#13702,10.);
#4048=VECTOR('',#13703,10.);
#4049=VECTOR('',#13704,10.);
#4050=VECTOR('',#13709,10.);
#4051=VECTOR('',#13714,10.);
#4052=VECTOR('',#13717,10.);
#4053=VECTOR('',#13724,10.);
#4054=VECTOR('',#13725,10.);
#4055=VECTOR('',#13726,10.);
#4056=VECTOR('',#13729,10.);
#4057=VECTOR('',#13730,10.);
#4058=VECTOR('',#13733,10.);
#4059=VECTOR('',#13734,10.);
#4060=VECTOR('',#13737,10.);
#4061=VECTOR('',#13738,10.);
#4062=VECTOR('',#13739,10.);
#4063=VECTOR('',#13742,10.);
#4064=VECTOR('',#13743,10.);
#4065=VECTOR('',#13746,10.);
#4066=VECTOR('',#13747,10.);
#4067=VECTOR('',#13760,8.25);
#4068=VECTOR('',#13767,10.);
#4069=VECTOR('',#13770,10.);
#4070=VERTEX_POINT('',#13778);
#4071=VERTEX_POINT('',#13779);
#4072=VERTEX_POINT('',#13781);
#4073=VERTEX_POINT('',#13783);
#4074=VERTEX_POINT('',#13787);
#4075=VERTEX_POINT('',#13789);
#4076=VERTEX_POINT('',#13791);
#4077=VERTEX_POINT('',#13793);
#4078=VERTEX_POINT('',#13797);
#4079=VERTEX_POINT('',#13799);
#4080=VERTEX_POINT('',#13803);
#4081=VERTEX_POINT('',#13805);
#4082=VERTEX_POINT('',#13807);
#4083=VERTEX_POINT('',#13809);
#4084=VERTEX_POINT('',#13813);
#4085=VERTEX_POINT('',#13814);
#4086=VERTEX_POINT('',#13816);
#4087=VERTEX_POINT('',#13818);
#4088=VERTEX_POINT('',#13822);
#4089=VERTEX_POINT('',#13824);
#4090=VERTEX_POINT('',#13828);
#4091=VERTEX_POINT('',#13829);
#4092=VERTEX_POINT('',#13831);
#4093=VERTEX_POINT('',#13834);
#4094=VERTEX_POINT('',#13836);
#4095=VERTEX_POINT('',#13838);
#4096=VERTEX_POINT('',#13840);
#4097=VERTEX_POINT('',#13844);
#4098=VERTEX_POINT('',#13846);
#4099=VERTEX_POINT('',#13850);
#4100=VERTEX_POINT('',#13852);
#4101=VERTEX_POINT('',#13856);
#4102=VERTEX_POINT('',#13858);
#4103=VERTEX_POINT('',#13862);
#4104=VERTEX_POINT('',#13864);
#4105=VERTEX_POINT('',#13866);
#4106=VERTEX_POINT('',#13868);
#4107=VERTEX_POINT('',#13872);
#4108=VERTEX_POINT('',#13874);
#4109=VERTEX_POINT('',#13878);
#4110=VERTEX_POINT('',#13880);
#4111=VERTEX_POINT('',#13882);
#4112=VERTEX_POINT('',#13884);
#4113=VERTEX_POINT('',#13888);
#4114=VERTEX_POINT('',#13890);
#4115=VERTEX_POINT('',#13892);
#4116=VERTEX_POINT('',#13895);
#4117=VERTEX_POINT('',#13899);
#4118=VERTEX_POINT('',#13912);
#4119=VERTEX_POINT('',#13916);
#4120=VERTEX_POINT('',#13930);
#4121=VERTEX_POINT('',#13931);
#4122=VERTEX_POINT('',#13933);
#4123=VERTEX_POINT('',#13935);
#4124=VERTEX_POINT('',#13937);
#4125=VERTEX_POINT('',#13939);
#4126=VERTEX_POINT('',#13941);
#4127=VERTEX_POINT('',#13943);
#4128=VERTEX_POINT('',#13945);
#4129=VERTEX_POINT('',#13947);
#4130=VERTEX_POINT('',#13949);
#4131=VERTEX_POINT('',#13951);
#4132=VERTEX_POINT('',#13953);
#4133=VERTEX_POINT('',#13955);
#4134=VERTEX_POINT('',#13957);
#4135=VERTEX_POINT('',#13959);
#4136=VERTEX_POINT('',#13961);
#4137=VERTEX_POINT('',#13963);
#4138=VERTEX_POINT('',#13965);
#4139=VERTEX_POINT('',#13967);
#4140=VERTEX_POINT('',#13969);
#4141=VERTEX_POINT('',#13971);
#4142=VERTEX_POINT('',#13973);
#4143=VERTEX_POINT('',#13975);
#4144=VERTEX_POINT('',#13977);
#4145=VERTEX_POINT('',#13979);
#4146=VERTEX_POINT('',#13981);
#4147=VERTEX_POINT('',#13983);
#4148=VERTEX_POINT('',#13985);
#4149=VERTEX_POINT('',#13987);
#4150=VERTEX_POINT('',#13990);
#4151=VERTEX_POINT('',#13991);
#4152=VERTEX_POINT('',#13993);
#4153=VERTEX_POINT('',#13995);
#4154=VERTEX_POINT('',#13998);
#4155=VERTEX_POINT('',#13999);
#4156=VERTEX_POINT('',#14001);
#4157=VERTEX_POINT('',#14003);
#4158=VERTEX_POINT('',#14006);
#4159=VERTEX_POINT('',#14007);
#4160=VERTEX_POINT('',#14009);
#4161=VERTEX_POINT('',#14011);
#4162=VERTEX_POINT('',#14014);
#4163=VERTEX_POINT('',#14015);
#4164=VERTEX_POINT('',#14017);
#4165=VERTEX_POINT('',#14019);
#4166=VERTEX_POINT('',#14022);
#4167=VERTEX_POINT('',#14023);
#4168=VERTEX_POINT('',#14025);
#4169=VERTEX_POINT('',#14027);
#4170=VERTEX_POINT('',#14030);
#4171=VERTEX_POINT('',#14031);
#4172=VERTEX_POINT('',#14033);
#4173=VERTEX_POINT('',#14035);
#4174=VERTEX_POINT('',#14038);
#4175=VERTEX_POINT('',#14039);
#4176=VERTEX_POINT('',#14041);
#4177=VERTEX_POINT('',#14043);
#4178=VERTEX_POINT('',#14046);
#4179=VERTEX_POINT('',#14047);
#4180=VERTEX_POINT('',#14049);
#4181=VERTEX_POINT('',#14051);
#4182=VERTEX_POINT('',#14054);
#4183=VERTEX_POINT('',#14055);
#4184=VERTEX_POINT('',#14057);
#4185=VERTEX_POINT('',#14059);
#4186=VERTEX_POINT('',#14062);
#4187=VERTEX_POINT('',#14063);
#4188=VERTEX_POINT('',#14065);
#4189=VERTEX_POINT('',#14067);
#4190=VERTEX_POINT('',#14070);
#4191=VERTEX_POINT('',#14071);
#4192=VERTEX_POINT('',#14073);
#4193=VERTEX_POINT('',#14075);
#4194=VERTEX_POINT('',#14078);
#4195=VERTEX_POINT('',#14079);
#4196=VERTEX_POINT('',#14081);
#4197=VERTEX_POINT('',#14083);
#4198=VERTEX_POINT('',#14086);
#4199=VERTEX_POINT('',#14087);
#4200=VERTEX_POINT('',#14089);
#4201=VERTEX_POINT('',#14091);
#4202=VERTEX_POINT('',#14094);
#4203=VERTEX_POINT('',#14095);
#4204=VERTEX_POINT('',#14097);
#4205=VERTEX_POINT('',#14099);
#4206=VERTEX_POINT('',#14102);
#4207=VERTEX_POINT('',#14103);
#4208=VERTEX_POINT('',#14105);
#4209=VERTEX_POINT('',#14107);
#4210=VERTEX_POINT('',#14110);
#4211=VERTEX_POINT('',#14111);
#4212=VERTEX_POINT('',#14113);
#4213=VERTEX_POINT('',#14115);
#4214=VERTEX_POINT('',#14118);
#4215=VERTEX_POINT('',#14119);
#4216=VERTEX_POINT('',#14121);
#4217=VERTEX_POINT('',#14123);
#4218=VERTEX_POINT('',#14126);
#4219=VERTEX_POINT('',#14127);
#4220=VERTEX_POINT('',#14129);
#4221=VERTEX_POINT('',#14131);
#4222=VERTEX_POINT('',#14134);
#4223=VERTEX_POINT('',#14135);
#4224=VERTEX_POINT('',#14137);
#4225=VERTEX_POINT('',#14139);
#4226=VERTEX_POINT('',#14142);
#4227=VERTEX_POINT('',#14143);
#4228=VERTEX_POINT('',#14145);
#4229=VERTEX_POINT('',#14147);
#4230=VERTEX_POINT('',#14150);
#4231=VERTEX_POINT('',#14151);
#4232=VERTEX_POINT('',#14153);
#4233=VERTEX_POINT('',#14155);
#4234=VERTEX_POINT('',#14158);
#4235=VERTEX_POINT('',#14159);
#4236=VERTEX_POINT('',#14161);
#4237=VERTEX_POINT('',#14163);
#4238=VERTEX_POINT('',#14166);
#4239=VERTEX_POINT('',#14167);
#4240=VERTEX_POINT('',#14169);
#4241=VERTEX_POINT('',#14171);
#4242=VERTEX_POINT('',#14174);
#4243=VERTEX_POINT('',#14175);
#4244=VERTEX_POINT('',#14177);
#4245=VERTEX_POINT('',#14179);
#4246=VERTEX_POINT('',#14182);
#4247=VERTEX_POINT('',#14183);
#4248=VERTEX_POINT('',#14185);
#4249=VERTEX_POINT('',#14187);
#4250=VERTEX_POINT('',#14190);
#4251=VERTEX_POINT('',#14191);
#4252=VERTEX_POINT('',#14193);
#4253=VERTEX_POINT('',#14195);
#4254=VERTEX_POINT('',#14198);
#4255=VERTEX_POINT('',#14199);
#4256=VERTEX_POINT('',#14201);
#4257=VERTEX_POINT('',#14203);
#4258=VERTEX_POINT('',#14206);
#4259=VERTEX_POINT('',#14207);
#4260=VERTEX_POINT('',#14209);
#4261=VERTEX_POINT('',#14211);
#4262=VERTEX_POINT('',#14214);
#4263=VERTEX_POINT('',#14215);
#4264=VERTEX_POINT('',#14217);
#4265=VERTEX_POINT('',#14219);
#4266=VERTEX_POINT('',#14222);
#4267=VERTEX_POINT('',#14223);
#4268=VERTEX_POINT('',#14225);
#4269=VERTEX_POINT('',#14227);
#4270=VERTEX_POINT('',#14230);
#4271=VERTEX_POINT('',#14231);
#4272=VERTEX_POINT('',#14233);
#4273=VERTEX_POINT('',#14235);
#4274=VERTEX_POINT('',#14238);
#4275=VERTEX_POINT('',#14239);
#4276=VERTEX_POINT('',#14241);
#4277=VERTEX_POINT('',#14243);
#4278=VERTEX_POINT('',#14246);
#4279=VERTEX_POINT('',#14247);
#4280=VERTEX_POINT('',#14249);
#4281=VERTEX_POINT('',#14251);
#4282=VERTEX_POINT('',#14254);
#4283=VERTEX_POINT('',#14255);
#4284=VERTEX_POINT('',#14257);
#4285=VERTEX_POINT('',#14259);
#4286=VERTEX_POINT('',#14262);
#4287=VERTEX_POINT('',#14263);
#4288=VERTEX_POINT('',#14265);
#4289=VERTEX_POINT('',#14267);
#4290=VERTEX_POINT('',#14270);
#4291=VERTEX_POINT('',#14271);
#4292=VERTEX_POINT('',#14273);
#4293=VERTEX_POINT('',#14275);
#4294=VERTEX_POINT('',#14278);
#4295=VERTEX_POINT('',#14279);
#4296=VERTEX_POINT('',#14281);
#4297=VERTEX_POINT('',#14283);
#4298=VERTEX_POINT('',#14286);
#4299=VERTEX_POINT('',#14287);
#4300=VERTEX_POINT('',#14289);
#4301=VERTEX_POINT('',#14291);
#4302=VERTEX_POINT('',#14294);
#4303=VERTEX_POINT('',#14295);
#4304=VERTEX_POINT('',#14297);
#4305=VERTEX_POINT('',#14299);
#4306=VERTEX_POINT('',#14302);
#4307=VERTEX_POINT('',#14303);
#4308=VERTEX_POINT('',#14305);
#4309=VERTEX_POINT('',#14307);
#4310=VERTEX_POINT('',#14311);
#4311=VERTEX_POINT('',#14313);
#4312=VERTEX_POINT('',#14317);
#4313=VERTEX_POINT('',#14321);
#4314=VERTEX_POINT('',#14327);
#4315=VERTEX_POINT('',#14329);
#4316=VERTEX_POINT('',#14333);
#4317=VERTEX_POINT('',#14337);
#4318=VERTEX_POINT('',#14343);
#4319=VERTEX_POINT('',#14345);
#4320=VERTEX_POINT('',#14349);
#4321=VERTEX_POINT('',#14353);
#4322=VERTEX_POINT('',#14359);
#4323=VERTEX_POINT('',#14361);
#4324=VERTEX_POINT('',#14365);
#4325=VERTEX_POINT('',#14369);
#4326=VERTEX_POINT('',#14375);
#4327=VERTEX_POINT('',#14377);
#4328=VERTEX_POINT('',#14381);
#4329=VERTEX_POINT('',#14385);
#4330=VERTEX_POINT('',#14391);
#4331=VERTEX_POINT('',#14393);
#4332=VERTEX_POINT('',#14397);
#4333=VERTEX_POINT('',#14401);
#4334=VERTEX_POINT('',#14407);
#4335=VERTEX_POINT('',#14409);
#4336=VERTEX_POINT('',#14413);
#4337=VERTEX_POINT('',#14417);
#4338=VERTEX_POINT('',#14423);
#4339=VERTEX_POINT('',#14425);
#4340=VERTEX_POINT('',#14429);
#4341=VERTEX_POINT('',#14433);
#4342=VERTEX_POINT('',#14439);
#4343=VERTEX_POINT('',#14441);
#4344=VERTEX_POINT('',#14445);
#4345=VERTEX_POINT('',#14449);
#4346=VERTEX_POINT('',#14455);
#4347=VERTEX_POINT('',#14457);
#4348=VERTEX_POINT('',#14461);
#4349=VERTEX_POINT('',#14465);
#4350=VERTEX_POINT('',#14471);
#4351=VERTEX_POINT('',#14473);
#4352=VERTEX_POINT('',#14477);
#4353=VERTEX_POINT('',#14481);
#4354=VERTEX_POINT('',#14487);
#4355=VERTEX_POINT('',#14489);
#4356=VERTEX_POINT('',#14493);
#4357=VERTEX_POINT('',#14497);
#4358=VERTEX_POINT('',#14503);
#4359=VERTEX_POINT('',#14505);
#4360=VERTEX_POINT('',#14509);
#4361=VERTEX_POINT('',#14513);
#4362=VERTEX_POINT('',#14519);
#4363=VERTEX_POINT('',#14521);
#4364=VERTEX_POINT('',#14525);
#4365=VERTEX_POINT('',#14529);
#4366=VERTEX_POINT('',#14535);
#4367=VERTEX_POINT('',#14537);
#4368=VERTEX_POINT('',#14541);
#4369=VERTEX_POINT('',#14545);
#4370=VERTEX_POINT('',#14551);
#4371=VERTEX_POINT('',#14553);
#4372=VERTEX_POINT('',#14557);
#4373=VERTEX_POINT('',#14561);
#4374=VERTEX_POINT('',#14567);
#4375=VERTEX_POINT('',#14569);
#4376=VERTEX_POINT('',#14573);
#4377=VERTEX_POINT('',#14577);
#4378=VERTEX_POINT('',#14583);
#4379=VERTEX_POINT('',#14585);
#4380=VERTEX_POINT('',#14589);
#4381=VERTEX_POINT('',#14593);
#4382=VERTEX_POINT('',#14599);
#4383=VERTEX_POINT('',#14601);
#4384=VERTEX_POINT('',#14605);
#4385=VERTEX_POINT('',#14609);
#4386=VERTEX_POINT('',#14615);
#4387=VERTEX_POINT('',#14617);
#4388=VERTEX_POINT('',#14621);
#4389=VERTEX_POINT('',#14625);
#4390=VERTEX_POINT('',#14631);
#4391=VERTEX_POINT('',#14633);
#4392=VERTEX_POINT('',#14635);
#4393=VERTEX_POINT('',#14639);
#4394=VERTEX_POINT('',#14641);
#4395=VERTEX_POINT('',#14645);
#4396=VERTEX_POINT('',#14647);
#4397=VERTEX_POINT('',#14654);
#4398=VERTEX_POINT('',#14655);
#4399=VERTEX_POINT('',#14657);
#4400=VERTEX_POINT('',#14659);
#4401=VERTEX_POINT('',#14663);
#4402=VERTEX_POINT('',#14665);
#4403=VERTEX_POINT('',#14669);
#4404=VERTEX_POINT('',#14671);
#4405=VERTEX_POINT('',#14678);
#4406=VERTEX_POINT('',#14680);
#4407=VERTEX_POINT('',#14684);
#4408=VERTEX_POINT('',#14686);
#4409=VERTEX_POINT('',#14691);
#4410=VERTEX_POINT('',#14697);
#4411=VERTEX_POINT('',#14699);
#4412=VERTEX_POINT('',#14703);
#4413=VERTEX_POINT('',#14707);
#4414=VERTEX_POINT('',#14709);
#4415=VERTEX_POINT('',#14714);
#4416=VERTEX_POINT('',#14718);
#4417=VERTEX_POINT('',#14722);
#4418=VERTEX_POINT('',#14726);
#4419=VERTEX_POINT('',#14732);
#4420=VERTEX_POINT('',#14734);
#4421=VERTEX_POINT('',#14736);
#4422=VERTEX_POINT('',#14740);
#4423=VERTEX_POINT('',#14744);
#4424=VERTEX_POINT('',#14746);
#4425=VERTEX_POINT('',#14753);
#4426=VERTEX_POINT('',#14755);
#4427=VERTEX_POINT('',#14759);
#4428=VERTEX_POINT('',#14761);
#4429=VERTEX_POINT('',#14765);
#4430=VERTEX_POINT('',#14767);
#4431=VERTEX_POINT('',#14774);
#4432=VERTEX_POINT('',#14776);
#4433=VERTEX_POINT('',#14780);
#4434=VERTEX_POINT('',#14784);
#4435=VERTEX_POINT('',#14790);
#4436=VERTEX_POINT('',#14792);
#4437=VERTEX_POINT('',#14796);
#4438=VERTEX_POINT('',#14800);
#4439=VERTEX_POINT('',#14806);
#4440=VERTEX_POINT('',#14808);
#4441=VERTEX_POINT('',#14812);
#4442=VERTEX_POINT('',#14816);
#4443=VERTEX_POINT('',#14822);
#4444=VERTEX_POINT('',#14824);
#4445=VERTEX_POINT('',#14828);
#4446=VERTEX_POINT('',#14832);
#4447=VERTEX_POINT('',#14838);
#4448=VERTEX_POINT('',#14840);
#4449=VERTEX_POINT('',#14844);
#4450=VERTEX_POINT('',#14848);
#4451=VERTEX_POINT('',#14854);
#4452=VERTEX_POINT('',#14856);
#4453=VERTEX_POINT('',#14860);
#4454=VERTEX_POINT('',#14864);
#4455=VERTEX_POINT('',#14870);
#4456=VERTEX_POINT('',#14872);
#4457=VERTEX_POINT('',#14876);
#4458=VERTEX_POINT('',#14880);
#4459=VERTEX_POINT('',#14886);
#4460=VERTEX_POINT('',#14888);
#4461=VERTEX_POINT('',#14892);
#4462=VERTEX_POINT('',#14896);
#4463=VERTEX_POINT('',#14902);
#4464=VERTEX_POINT('',#14904);
#4465=VERTEX_POINT('',#14908);
#4466=VERTEX_POINT('',#14912);
#4467=VERTEX_POINT('',#14918);
#4468=VERTEX_POINT('',#14920);
#4469=VERTEX_POINT('',#14924);
#4470=VERTEX_POINT('',#14928);
#4471=VERTEX_POINT('',#14934);
#4472=VERTEX_POINT('',#14936);
#4473=VERTEX_POINT('',#14940);
#4474=VERTEX_POINT('',#14944);
#4475=VERTEX_POINT('',#14950);
#4476=VERTEX_POINT('',#14952);
#4477=VERTEX_POINT('',#14956);
#4478=VERTEX_POINT('',#14960);
#4479=VERTEX_POINT('',#14966);
#4480=VERTEX_POINT('',#14967);
#4481=VERTEX_POINT('',#14969);
#4482=VERTEX_POINT('',#14971);
#4483=VERTEX_POINT('',#14975);
#4484=VERTEX_POINT('',#14977);
#4485=VERTEX_POINT('',#14981);
#4486=VERTEX_POINT('',#14983);
#4487=VERTEX_POINT('',#14990);
#4488=VERTEX_POINT('',#14992);
#4489=VERTEX_POINT('',#14996);
#4490=VERTEX_POINT('',#15000);
#4491=VERTEX_POINT('',#15006);
#4492=VERTEX_POINT('',#15008);
#4493=VERTEX_POINT('',#15012);
#4494=VERTEX_POINT('',#15016);
#4495=VERTEX_POINT('',#15022);
#4496=VERTEX_POINT('',#15024);
#4497=VERTEX_POINT('',#15028);
#4498=VERTEX_POINT('',#15032);
#4499=VERTEX_POINT('',#15038);
#4500=VERTEX_POINT('',#15040);
#4501=VERTEX_POINT('',#15044);
#4502=VERTEX_POINT('',#15048);
#4503=VERTEX_POINT('',#15054);
#4504=VERTEX_POINT('',#15056);
#4505=VERTEX_POINT('',#15060);
#4506=VERTEX_POINT('',#15064);
#4507=VERTEX_POINT('',#15070);
#4508=VERTEX_POINT('',#15072);
#4509=VERTEX_POINT('',#15076);
#4510=VERTEX_POINT('',#15080);
#4511=VERTEX_POINT('',#15086);
#4512=VERTEX_POINT('',#15088);
#4513=VERTEX_POINT('',#15092);
#4514=VERTEX_POINT('',#15096);
#4515=VERTEX_POINT('',#15102);
#4516=VERTEX_POINT('',#15104);
#4517=VERTEX_POINT('',#15108);
#4518=VERTEX_POINT('',#15112);
#4519=VERTEX_POINT('',#15118);
#4520=VERTEX_POINT('',#15120);
#4521=VERTEX_POINT('',#15124);
#4522=VERTEX_POINT('',#15125);
#4523=VERTEX_POINT('',#15132);
#4524=VERTEX_POINT('',#15142);
#4525=VERTEX_POINT('',#15146);
#4526=VERTEX_POINT('',#15150);
#4527=VERTEX_POINT('',#15152);
#4528=VERTEX_POINT('',#15157);
#4529=VERTEX_POINT('',#15159);
#4530=VERTEX_POINT('',#15164);
#4531=VERTEX_POINT('',#15165);
#4532=VERTEX_POINT('',#15167);
#4533=VERTEX_POINT('',#15169);
#4534=VERTEX_POINT('',#15173);
#4535=VERTEX_POINT('',#15174);
#4536=VERTEX_POINT('',#15179);
#4537=VERTEX_POINT('',#15180);
#4538=VERTEX_POINT('',#15188);
#4539=VERTEX_POINT('',#15189);
#4540=VERTEX_POINT('',#15192);
#4541=VERTEX_POINT('',#15194);
#4542=VERTEX_POINT('',#15198);
#4543=VERTEX_POINT('',#15202);
#4544=VERTEX_POINT('',#15206);
#4545=VERTEX_POINT('',#15208);
#4546=VERTEX_POINT('',#15210);
#4547=VERTEX_POINT('',#15212);
#4548=VERTEX_POINT('',#15214);
#4549=VERTEX_POINT('',#15216);
#4550=VERTEX_POINT('',#15218);
#4551=VERTEX_POINT('',#15220);
#4552=VERTEX_POINT('',#15222);
#4553=VERTEX_POINT('',#15224);
#4554=VERTEX_POINT('',#15228);
#4555=VERTEX_POINT('',#15234);
#4556=VERTEX_POINT('',#15235);
#4557=VERTEX_POINT('',#15237);
#4558=VERTEX_POINT('',#15239);
#4559=VERTEX_POINT('',#15243);
#4560=VERTEX_POINT('',#15245);
#4561=VERTEX_POINT('',#15249);
#4562=VERTEX_POINT('',#15251);
#4563=VERTEX_POINT('',#15255);
#4564=VERTEX_POINT('',#15257);
#4565=VERTEX_POINT('',#15261);
#4566=VERTEX_POINT('',#15262);
#4567=VERTEX_POINT('',#15264);
#4568=VERTEX_POINT('',#15266);
#4569=VERTEX_POINT('',#15268);
#4570=VERTEX_POINT('',#15272);
#4571=VERTEX_POINT('',#15273);
#4572=VERTEX_POINT('',#15275);
#4573=VERTEX_POINT('',#15277);
#4574=VERTEX_POINT('',#15281);
#4575=VERTEX_POINT('',#15283);
#4576=VERTEX_POINT('',#15287);
#4577=VERTEX_POINT('',#15289);
#4578=VERTEX_POINT('',#15293);
#4579=VERTEX_POINT('',#15295);
#4580=VERTEX_POINT('',#15299);
#4581=VERTEX_POINT('',#15301);
#4582=VERTEX_POINT('',#15305);
#4583=VERTEX_POINT('',#15307);
#4584=VERTEX_POINT('',#15311);
#4585=VERTEX_POINT('',#15313);
#4586=VERTEX_POINT('',#15317);
#4587=VERTEX_POINT('',#15319);
#4588=VERTEX_POINT('',#15321);
#4589=VERTEX_POINT('',#15324);
#4590=VERTEX_POINT('',#15328);
#4591=VERTEX_POINT('',#15330);
#4592=VERTEX_POINT('',#15332);
#4593=VERTEX_POINT('',#15336);
#4594=VERTEX_POINT('',#15339);
#4595=VERTEX_POINT('',#15346);
#4596=VERTEX_POINT('',#15348);
#4597=VERTEX_POINT('',#15350);
#4598=VERTEX_POINT('',#15352);
#4599=VERTEX_POINT('',#15354);
#4600=VERTEX_POINT('',#15358);
#4601=VERTEX_POINT('',#15360);
#4602=VERTEX_POINT('',#15365);
#4603=VERTEX_POINT('',#15367);
#4604=VERTEX_POINT('',#15369);
#4605=VERTEX_POINT('',#15371);
#4606=VERTEX_POINT('',#15373);
#4607=VERTEX_POINT('',#15375);
#4608=VERTEX_POINT('',#15377);
#4609=VERTEX_POINT('',#15379);
#4610=VERTEX_POINT('',#15381);
#4611=VERTEX_POINT('',#15383);
#4612=VERTEX_POINT('',#15387);
#4613=VERTEX_POINT('',#15389);
#4614=VERTEX_POINT('',#15391);
#4615=VERTEX_POINT('',#15393);
#4616=VERTEX_POINT('',#15397);
#4617=VERTEX_POINT('',#15399);
#4618=VERTEX_POINT('',#15401);
#4619=VERTEX_POINT('',#15405);
#4620=VERTEX_POINT('',#15407);
#4621=VERTEX_POINT('',#15409);
#4622=VERTEX_POINT('',#15411);
#4623=VERTEX_POINT('',#15413);
#4624=VERTEX_POINT('',#15415);
#4625=VERTEX_POINT('',#15417);
#4626=VERTEX_POINT('',#15419);
#4627=VERTEX_POINT('',#15421);
#4628=VERTEX_POINT('',#15423);
#4629=VERTEX_POINT('',#15425);
#4630=VERTEX_POINT('',#15427);
#4631=VERTEX_POINT('',#15429);
#4632=VERTEX_POINT('',#15431);
#4633=VERTEX_POINT('',#15433);
#4634=VERTEX_POINT('',#15437);
#4635=VERTEX_POINT('',#15438);
#4636=VERTEX_POINT('',#15440);
#4637=VERTEX_POINT('',#15442);
#4638=VERTEX_POINT('',#15444);
#4639=VERTEX_POINT('',#15446);
#4640=VERTEX_POINT('',#15448);
#4641=VERTEX_POINT('',#15452);
#4642=VERTEX_POINT('',#15453);
#4643=VERTEX_POINT('',#15455);
#4644=VERTEX_POINT('',#15457);
#4645=VERTEX_POINT('',#15459);
#4646=VERTEX_POINT('',#15461);
#4647=VERTEX_POINT('',#15468);
#4648=VERTEX_POINT('',#15470);
#4649=VERTEX_POINT('',#15474);
#4650=VERTEX_POINT('',#15476);
#4651=VERTEX_POINT('',#15479);
#4652=VERTEX_POINT('',#15489);
#4653=VERTEX_POINT('',#15491);
#4654=VERTEX_POINT('',#15497);
#4655=VERTEX_POINT('',#15501);
#4656=VERTEX_POINT('',#15503);
#4657=VERTEX_POINT('',#15505);
#4658=VERTEX_POINT('',#15509);
#4659=VERTEX_POINT('',#15511);
#4660=VERTEX_POINT('',#15515);
#4661=VERTEX_POINT('',#15516);
#4662=VERTEX_POINT('',#15518);
#4663=VERTEX_POINT('',#15520);
#4664=VERTEX_POINT('',#15522);
#4665=VERTEX_POINT('',#15535);
#4666=VERTEX_POINT('',#15536);
#4667=VERTEX_POINT('',#15538);
#4668=VERTEX_POINT('',#15540);
#4669=VERTEX_POINT('',#15542);
#4670=VERTEX_POINT('',#15544);
#4671=VERTEX_POINT('',#15548);
#4672=VERTEX_POINT('',#15550);
#4673=VERTEX_POINT('',#15554);
#4674=VERTEX_POINT('',#15556);
#4675=VERTEX_POINT('',#15558);
#4676=VERTEX_POINT('',#15560);
#4677=VERTEX_POINT('',#15562);
#4678=VERTEX_POINT('',#15564);
#4679=VERTEX_POINT('',#15566);
#4680=VERTEX_POINT('',#15570);
#4681=VERTEX_POINT('',#15572);
#4682=VERTEX_POINT('',#15574);
#4683=VERTEX_POINT('',#15576);
#4684=VERTEX_POINT('',#15578);
#4685=VERTEX_POINT('',#15580);
#4686=VERTEX_POINT('',#15582);
#4687=VERTEX_POINT('',#15584);
#4688=VERTEX_POINT('',#15586);
#4689=VERTEX_POINT('',#15590);
#4690=VERTEX_POINT('',#15592);
#4691=VERTEX_POINT('',#15594);
#4692=VERTEX_POINT('',#15596);
#4693=VERTEX_POINT('',#15598);
#4694=VERTEX_POINT('',#15600);
#4695=VERTEX_POINT('',#15602);
#4696=VERTEX_POINT('',#15604);
#4697=VERTEX_POINT('',#15606);
#4698=VERTEX_POINT('',#15608);
#4699=VERTEX_POINT('',#15610);
#4700=VERTEX_POINT('',#15612);
#4701=VERTEX_POINT('',#15615);
#4702=VERTEX_POINT('',#15617);
#4703=VERTEX_POINT('',#15619);
#4704=VERTEX_POINT('',#15622);
#4705=VERTEX_POINT('',#15624);
#4706=VERTEX_POINT('',#15626);
#4707=VERTEX_POINT('',#15629);
#4708=VERTEX_POINT('',#15632);
#4709=VERTEX_POINT('',#15634);
#4710=VERTEX_POINT('',#15636);
#4711=VERTEX_POINT('',#15647);
#4712=VERTEX_POINT('',#15648);
#4713=VERTEX_POINT('',#15650);
#4714=VERTEX_POINT('',#15652);
#4715=VERTEX_POINT('',#15654);
#4716=VERTEX_POINT('',#15656);
#4717=VERTEX_POINT('',#15672);
#4718=VERTEX_POINT('',#15674);
#4719=VERTEX_POINT('',#15676);
#4720=VERTEX_POINT('',#15680);
#4721=VERTEX_POINT('',#15682);
#4722=VERTEX_POINT('',#15684);
#4723=VERTEX_POINT('',#15688);
#4724=VERTEX_POINT('',#15689);
#4725=VERTEX_POINT('',#15691);
#4726=VERTEX_POINT('',#15693);
#4727=VERTEX_POINT('',#15697);
#4728=VERTEX_POINT('',#15699);
#4729=VERTEX_POINT('',#15701);
#4730=VERTEX_POINT('',#15703);
#4731=VERTEX_POINT('',#15726);
#4732=VERTEX_POINT('',#15727);
#4733=VERTEX_POINT('',#15733);
#4734=VERTEX_POINT('',#15748);
#4735=VERTEX_POINT('',#15754);
#4736=VERTEX_POINT('',#15755);
#4737=VERTEX_POINT('',#15760);
#4738=VERTEX_POINT('',#15771);
#4739=VERTEX_POINT('',#15775);
#4740=VERTEX_POINT('',#15780);
#4741=VERTEX_POINT('',#15784);
#4742=VERTEX_POINT('',#15786);
#4743=VERTEX_POINT('',#15798);
#4744=VERTEX_POINT('',#15799);
#4745=VERTEX_POINT('',#15823);
#4746=VERTEX_POINT('',#15828);
#4747=VERTEX_POINT('',#15835);
#4748=VERTEX_POINT('',#15836);
#4749=VERTEX_POINT('',#15847);
#4750=VERTEX_POINT('',#15851);
#4751=VERTEX_POINT('',#15855);
#4752=VERTEX_POINT('',#15857);
#4753=VERTEX_POINT('',#15859);
#4754=VERTEX_POINT('',#15861);
#4755=VERTEX_POINT('',#15863);
#4756=VERTEX_POINT('',#15865);
#4757=VERTEX_POINT('',#15867);
#4758=VERTEX_POINT('',#15869);
#4759=VERTEX_POINT('',#15871);
#4760=VERTEX_POINT('',#15873);
#4761=VERTEX_POINT('',#15877);
#4762=VERTEX_POINT('',#15881);
#4763=VERTEX_POINT('',#15885);
#4764=VERTEX_POINT('',#15886);
#4765=VERTEX_POINT('',#15897);
#4766=VERTEX_POINT('',#15899);
#4767=VERTEX_POINT('',#15918);
#4768=VERTEX_POINT('',#15920);
#4769=VERTEX_POINT('',#15922);
#4770=VERTEX_POINT('',#15924);
#4771=VERTEX_POINT('',#15929);
#4772=VERTEX_POINT('',#15931);
#4773=VERTEX_POINT('',#15945);
#4774=VERTEX_POINT('',#15949);
#4775=VERTEX_POINT('',#15951);
#4776=VERTEX_POINT('',#15953);
#4777=VERTEX_POINT('',#15957);
#4778=VERTEX_POINT('',#15959);
#4779=VERTEX_POINT('',#15961);
#4780=VERTEX_POINT('',#15965);
#4781=VERTEX_POINT('',#15966);
#4782=VERTEX_POINT('',#15974);
#4783=VERTEX_POINT('',#15976);
#4784=VERTEX_POINT('',#15978);
#4785=VERTEX_POINT('',#15980);
#4786=VERTEX_POINT('',#15984);
#4787=VERTEX_POINT('',#15986);
#4788=VERTEX_POINT('',#15988);
#4789=VERTEX_POINT('',#15990);
#4790=VERTEX_POINT('',#15992);
#4791=VERTEX_POINT('',#15994);
#4792=VERTEX_POINT('',#15996);
#4793=VERTEX_POINT('',#15998);
#4794=VERTEX_POINT('',#16001);
#4795=VERTEX_POINT('',#16003);
#4796=VERTEX_POINT('',#16005);
#4797=VERTEX_POINT('',#16007);
#4798=VERTEX_POINT('',#16009);
#4799=VERTEX_POINT('',#16013);
#4800=VERTEX_POINT('',#16015);
#4801=VERTEX_POINT('',#16027);
#4802=VERTEX_POINT('',#16028);
#4803=VERTEX_POINT('',#16052);
#4804=VERTEX_POINT('',#16063);
#4805=VERTEX_POINT('',#16065);
#4806=VERTEX_POINT('',#16090);
#4807=VERTEX_POINT('',#16096);
#4808=VERTEX_POINT('',#16111);
#4809=VERTEX_POINT('',#16119);
#4810=VERTEX_POINT('',#16121);
#4811=VERTEX_POINT('',#16125);
#4812=VERTEX_POINT('',#16131);
#4813=VERTEX_POINT('',#16135);
#4814=VERTEX_POINT('',#16136);
#4815=VERTEX_POINT('',#16138);
#4816=VERTEX_POINT('',#16140);
#4817=VERTEX_POINT('',#16144);
#4818=VERTEX_POINT('',#16146);
#4819=VERTEX_POINT('',#16148);
#4820=VERTEX_POINT('',#16160);
#4821=VERTEX_POINT('',#16162);
#4822=VERTEX_POINT('',#16165);
#4823=VERTEX_POINT('',#16167);
#4824=VERTEX_POINT('',#16171);
#4825=VERTEX_POINT('',#16175);
#4826=VERTEX_POINT('',#16177);
#4827=VERTEX_POINT('',#16181);
#4828=VERTEX_POINT('',#16186);
#4829=VERTEX_POINT('',#16191);
#4830=VERTEX_POINT('',#16197);
#4831=VERTEX_POINT('',#16205);
#4832=VERTEX_POINT('',#16207);
#4833=VERTEX_POINT('',#16217);
#4834=VERTEX_POINT('',#16219);
#4835=VERTEX_POINT('',#16224);
#4836=VERTEX_POINT('',#16235);
#4837=VERTEX_POINT('',#16248);
#4838=VERTEX_POINT('',#16251);
#4839=VERTEX_POINT('',#16253);
#4840=VERTEX_POINT('',#16258);
#4841=VERTEX_POINT('',#16260);
#4842=VERTEX_POINT('',#16274);
#4843=VERTEX_POINT('',#16276);
#4844=VERTEX_POINT('',#16282);
#4845=VERTEX_POINT('',#16286);
#4846=VERTEX_POINT('',#16288);
#4847=VERTEX_POINT('',#16290);
#4848=VERTEX_POINT('',#16293);
#4849=VERTEX_POINT('',#16301);
#4850=VERTEX_POINT('',#16327);
#4851=VERTEX_POINT('',#16329);
#4852=VERTEX_POINT('',#16331);
#4853=VERTEX_POINT('',#16334);
#4854=VERTEX_POINT('',#16335);
#4855=VERTEX_POINT('',#16337);
#4856=VERTEX_POINT('',#16339);
#4857=VERTEX_POINT('',#16342);
#4858=VERTEX_POINT('',#16348);
#4859=VERTEX_POINT('',#16349);
#4860=VERTEX_POINT('',#16351);
#4861=VERTEX_POINT('',#16353);
#4862=VERTEX_POINT('',#16365);
#4863=VERTEX_POINT('',#16366);
#4864=VERTEX_POINT('',#16371);
#4865=VERTEX_POINT('',#16377);
#4866=VERTEX_POINT('',#16381);
#4867=VERTEX_POINT('',#16385);
#4868=VERTEX_POINT('',#16391);
#4869=VERTEX_POINT('',#16392);
#4870=VERTEX_POINT('',#16399);
#4871=VERTEX_POINT('',#16403);
#4872=VERTEX_POINT('',#16404);
#4873=VERTEX_POINT('',#16406);
#4874=VERTEX_POINT('',#16408);
#4875=VERTEX_POINT('',#16412);
#4876=VERTEX_POINT('',#16414);
#4877=VERTEX_POINT('',#16418);
#4878=VERTEX_POINT('',#16420);
#4879=VERTEX_POINT('',#16429);
#4880=VERTEX_POINT('',#16435);
#4881=VERTEX_POINT('',#16436);
#4882=VERTEX_POINT('',#16438);
#4883=VERTEX_POINT('',#16440);
#4884=VERTEX_POINT('',#16444);
#4885=VERTEX_POINT('',#16446);
#4886=VERTEX_POINT('',#16450);
#4887=VERTEX_POINT('',#16452);
#4888=VERTEX_POINT('',#16461);
#4889=VERTEX_POINT('',#16466);
#4890=VERTEX_POINT('',#16467);
#4891=VERTEX_POINT('',#16469);
#4892=VERTEX_POINT('',#16471);
#4893=VERTEX_POINT('',#16475);
#4894=VERTEX_POINT('',#16477);
#4895=VERTEX_POINT('',#16481);
#4896=VERTEX_POINT('',#16483);
#4897=VERTEX_POINT('',#16491);
#4898=VERTEX_POINT('',#16496);
#4899=VERTEX_POINT('',#16497);
#4900=VERTEX_POINT('',#16499);
#4901=VERTEX_POINT('',#16501);
#4902=VERTEX_POINT('',#16505);
#4903=VERTEX_POINT('',#16506);
#4904=VERTEX_POINT('',#16508);
#4905=VERTEX_POINT('',#16510);
#4906=VERTEX_POINT('',#16515);
#4907=VERTEX_POINT('',#16523);
#4908=VERTEX_POINT('',#16524);
#4909=VERTEX_POINT('',#16528);
#4910=VERTEX_POINT('',#16529);
#4911=VERTEX_POINT('',#16533);
#4912=VERTEX_POINT('',#16535);
#4913=VERTEX_POINT('',#16538);
#4914=VERTEX_POINT('',#16540);
#4915=VERTEX_POINT('',#16543);
#4916=VERTEX_POINT('',#16549);
#4917=VERTEX_POINT('',#16550);
#4918=VERTEX_POINT('',#16552);
#4919=VERTEX_POINT('',#16554);
#4920=VERTEX_POINT('',#16558);
#4921=VERTEX_POINT('',#16559);
#4922=VERTEX_POINT('',#16564);
#4923=VERTEX_POINT('',#16566);
#4924=VERTEX_POINT('',#16568);
#4925=VERTEX_POINT('',#16582);
#4926=VERTEX_POINT('',#16584);
#4927=VERTEX_POINT('',#16588);
#4928=VERTEX_POINT('',#16589);
#4929=VERTEX_POINT('',#16591);
#4930=VERTEX_POINT('',#16596);
#4931=VERTEX_POINT('',#16598);
#4932=VERTEX_POINT('',#16602);
#4933=VERTEX_POINT('',#16606);
#4934=VERTEX_POINT('',#16608);
#4935=VERTEX_POINT('',#16612);
#4936=VERTEX_POINT('',#16613);
#4937=VERTEX_POINT('',#16616);
#4938=VERTEX_POINT('',#16631);
#4939=VERTEX_POINT('',#16633);
#4940=VERTEX_POINT('',#16635);
#4941=VERTEX_POINT('',#16639);
#4942=VERTEX_POINT('',#16643);
#4943=VERTEX_POINT('',#16649);
#4944=VERTEX_POINT('',#16651);
#4945=VERTEX_POINT('',#16655);
#4946=VERTEX_POINT('',#16656);
#4947=VERTEX_POINT('',#16658);
#4948=VERTEX_POINT('',#16660);
#4949=VERTEX_POINT('',#16664);
#4950=VERTEX_POINT('',#16665);
#4951=VERTEX_POINT('',#16668);
#4952=VERTEX_POINT('',#16672);
#4953=VERTEX_POINT('',#16674);
#4954=VERTEX_POINT('',#16682);
#4955=VERTEX_POINT('',#16683);
#4956=VERTEX_POINT('',#16685);
#4957=VERTEX_POINT('',#16688);
#4958=VERTEX_POINT('',#16690);
#4959=VERTEX_POINT('',#16694);
#4960=VERTEX_POINT('',#16699);
#4961=VERTEX_POINT('',#16700);
#4962=VERTEX_POINT('',#16705);
#4963=VERTEX_POINT('',#16716);
#4964=VERTEX_POINT('',#16717);
#4965=VERTEX_POINT('',#16719);
#4966=VERTEX_POINT('',#16721);
#4967=VERTEX_POINT('',#16730);
#4968=VERTEX_POINT('',#16734);
#4969=VERTEX_POINT('',#16738);
#4970=VERTEX_POINT('',#16743);
#4971=VERTEX_POINT('',#16745);
#4972=VERTEX_POINT('',#16747);
#4973=VERTEX_POINT('',#16752);
#4974=VERTEX_POINT('',#16760);
#4975=VERTEX_POINT('',#16769);
#4976=VERTEX_POINT('',#16770);
#4977=VERTEX_POINT('',#16772);
#4978=VERTEX_POINT('',#16774);
#4979=VERTEX_POINT('',#16778);
#4980=VERTEX_POINT('',#16780);
#4981=VERTEX_POINT('',#16782);
#4982=VERTEX_POINT('',#16787);
#4983=VERTEX_POINT('',#16789);
#4984=VERTEX_POINT('',#16793);
#4985=VERTEX_POINT('',#16797);
#4986=VERTEX_POINT('',#16801);
#4987=VERTEX_POINT('',#16805);
#4988=VERTEX_POINT('',#16809);
#4989=VERTEX_POINT('',#16834);
#4990=VERTEX_POINT('',#16863);
#4991=VERTEX_POINT('',#16901);
#4992=VERTEX_POINT('',#16905);
#4993=VERTEX_POINT('',#16912);
#4994=VERTEX_POINT('',#16916);
#4995=VERTEX_POINT('',#16923);
#4996=VERTEX_POINT('',#16927);
#4997=VERTEX_POINT('',#16929);
#4998=VERTEX_POINT('',#16933);
#4999=VERTEX_POINT('',#16935);
#5000=VERTEX_POINT('',#16937);
#5001=VERTEX_POINT('',#16975);
#5002=VERTEX_POINT('',#16976);
#5003=VERTEX_POINT('',#16981);
#5004=VERTEX_POINT('',#16985);
#5005=VERTEX_POINT('',#16989);
#5006=VERTEX_POINT('',#16990);
#5007=VERTEX_POINT('',#17001);
#5008=VERTEX_POINT('',#17003);
#5009=VERTEX_POINT('',#17017);
#5010=VERTEX_POINT('',#17021);
#5011=VERTEX_POINT('',#17023);
#5012=VERTEX_POINT('',#17027);
#5013=VERTEX_POINT('',#17029);
#5014=VERTEX_POINT('',#17063);
#5015=VERTEX_POINT('',#17064);
#5016=VERTEX_POINT('',#17069);
#5017=VERTEX_POINT('',#17073);
#5018=VERTEX_POINT('',#17077);
#5019=VERTEX_POINT('',#17078);
#5020=VERTEX_POINT('',#17083);
#5021=VERTEX_POINT('',#17087);
#5022=VERTEX_POINT('',#17093);
#5023=EDGE_CURVE('',#4070,#4071,#1622,.T.);
#5024=EDGE_CURVE('',#4072,#4071,#1623,.T.);
#5025=EDGE_CURVE('',#4072,#4073,#1624,.T.);
#5026=EDGE_CURVE('',#4073,#4070,#1625,.T.);
#5027=EDGE_CURVE('',#4071,#4074,#1626,.T.);
#5028=EDGE_CURVE('',#4074,#4075,#1627,.T.);
#5029=EDGE_CURVE('',#4075,#4076,#1628,.T.);
#5030=EDGE_CURVE('',#4077,#4076,#1629,.T.);
#5031=EDGE_CURVE('',#4077,#4072,#1630,.T.);
#5032=EDGE_CURVE('',#4076,#4078,#1631,.T.);
#5033=EDGE_CURVE('',#4079,#4078,#1632,.T.);
#5034=EDGE_CURVE('',#4079,#4077,#1633,.T.);
#5035=EDGE_CURVE('',#4078,#4080,#1634,.T.);
#5036=EDGE_CURVE('',#4080,#4081,#1635,.T.);
#5037=EDGE_CURVE('',#4081,#4082,#1636,.T.);
#5038=EDGE_CURVE('',#4083,#4082,#1637,.T.);
#5039=EDGE_CURVE('',#4083,#4079,#1638,.T.);
#5040=EDGE_CURVE('',#4084,#4085,#284,.T.);
#5041=EDGE_CURVE('',#4085,#4086,#1639,.T.);
#5042=EDGE_CURVE('',#4087,#4086,#1640,.T.);
#5043=EDGE_CURVE('',#4084,#4087,#1641,.T.);
#5044=EDGE_CURVE('',#4085,#4088,#1642,.T.);
#5045=EDGE_CURVE('',#4088,#4089,#1643,.T.);
#5046=EDGE_CURVE('',#4086,#4089,#1644,.T.);
#5047=EDGE_CURVE('',#4090,#4091,#1645,.T.);
#5048=EDGE_CURVE('',#4091,#4092,#1646,.T.);
#5049=EDGE_CURVE('',#4092,#4070,#1647,.T.);
#5050=EDGE_CURVE('',#4073,#4093,#1648,.T.);
#5051=EDGE_CURVE('',#4093,#4094,#285,.T.);
#5052=EDGE_CURVE('',#4094,#4095,#1649,.T.);
#5053=EDGE_CURVE('',#4096,#4095,#1650,.T.);
#5054=EDGE_CURVE('',#4090,#4096,#1651,.T.);
#5055=EDGE_CURVE('',#4088,#4097,#286,.T.);
#5056=EDGE_CURVE('',#4097,#4098,#1652,.T.);
#5057=EDGE_CURVE('',#4089,#4098,#1653,.T.);
#5058=EDGE_CURVE('',#4097,#4099,#1654,.T.);
#5059=EDGE_CURVE('',#4099,#4100,#1655,.T.);
#5060=EDGE_CURVE('',#4098,#4100,#1656,.T.);
#5061=EDGE_CURVE('',#4101,#4090,#1657,.T.);
#5062=EDGE_CURVE('',#4102,#4096,#1658,.T.);
#5063=EDGE_CURVE('',#4101,#4102,#1659,.T.);
#5064=EDGE_CURVE('',#4103,#4101,#1660,.T.);
#5065=EDGE_CURVE('',#4104,#4102,#1661,.T.);
#5066=EDGE_CURVE('',#4105,#4104,#1662,.T.);
#5067=EDGE_CURVE('',#4105,#4106,#1663,.T.);
#5068=EDGE_CURVE('',#4106,#4103,#1664,.T.);
#5069=EDGE_CURVE('',#4107,#4105,#1665,.T.);
#5070=EDGE_CURVE('',#4108,#4104,#1666,.T.);
#5071=EDGE_CURVE('',#4107,#4108,#1667,.T.);
#5072=EDGE_CURVE('',#4109,#4107,#1668,.T.);
#5073=EDGE_CURVE('',#4110,#4108,#1669,.T.);
#5074=EDGE_CURVE('',#4111,#4110,#1670,.T.);
#5075=EDGE_CURVE('',#4111,#4112,#1671,.T.);
#5076=EDGE_CURVE('',#4112,#4109,#1672,.T.);
#5077=EDGE_CURVE('',#4113,#4111,#1673,.T.);
#5078=EDGE_CURVE('',#4114,#4110,#1674,.T.);
#5079=EDGE_CURVE('',#4115,#4114,#1675,.T.);
#5080=EDGE_CURVE('',#4115,#4083,#1676,.T.);
#5081=EDGE_CURVE('',#4082,#4116,#1677,.T.);
#5082=EDGE_CURVE('',#4116,#4113,#1678,.T.);
#5083=EDGE_CURVE('',#4099,#4117,#287,.T.);
#5084=EDGE_CURVE('',#4117,#4115,#1679,.T.);
#5085=EDGE_CURVE('',#4100,#4114,#1680,.T.);
#5086=EDGE_CURVE('',#4094,#4084,#1681,.T.);
#5087=EDGE_CURVE('',#4095,#4087,#1682,.T.);
#5088=EDGE_CURVE('',#4106,#4109,#1683,.T.);
#5089=EDGE_CURVE('',#4103,#4112,#1684,.T.);
#5090=EDGE_CURVE('',#4113,#4118,#1685,.T.);
#5091=EDGE_CURVE('',#4118,#4091,#1686,.T.);
#5092=EDGE_CURVE('',#4119,#4116,#1687,.T.);
#5093=EDGE_CURVE('',#4119,#4118,#1688,.T.);
#5094=EDGE_CURVE('',#4117,#4093,#1689,.T.);
#5095=EDGE_CURVE('',#4075,#4080,#1690,.T.);
#5096=EDGE_CURVE('',#4081,#4074,#1691,.T.);
#5097=EDGE_CURVE('',#4092,#4119,#1692,.T.);
#5098=EDGE_CURVE('',#4120,#4121,#1693,.T.);
#5099=EDGE_CURVE('',#4122,#4121,#1694,.T.);
#5100=EDGE_CURVE('',#4123,#4122,#1695,.T.);
#5101=EDGE_CURVE('',#4124,#4123,#1696,.T.);
#5102=EDGE_CURVE('',#4125,#4124,#1697,.T.);
#5103=EDGE_CURVE('',#4125,#4126,#1698,.T.);
#5104=EDGE_CURVE('',#4127,#4126,#1699,.T.);
#5105=EDGE_CURVE('',#4128,#4127,#1700,.T.);
#5106=EDGE_CURVE('',#4129,#4128,#1701,.T.);
#5107=EDGE_CURVE('',#4129,#4130,#1702,.T.);
#5108=EDGE_CURVE('',#4130,#4131,#1703,.T.);
#5109=EDGE_CURVE('',#4131,#4132,#1704,.T.);
#5110=EDGE_CURVE('',#4132,#4133,#1705,.T.);
#5111=EDGE_CURVE('',#4133,#4134,#1706,.T.);
#5112=EDGE_CURVE('',#4135,#4134,#1707,.T.);
#5113=EDGE_CURVE('',#4136,#4135,#1708,.T.);
#5114=EDGE_CURVE('',#4137,#4136,#1709,.T.);
#5115=EDGE_CURVE('',#4137,#4138,#1710,.T.);
#5116=EDGE_CURVE('',#4139,#4138,#1711,.T.);
#5117=EDGE_CURVE('',#4140,#4139,#1712,.T.);
#5118=EDGE_CURVE('',#4141,#4140,#1713,.T.);
#5119=EDGE_CURVE('',#4142,#4141,#1714,.T.);
#5120=EDGE_CURVE('',#4142,#4143,#1715,.T.);
#5121=EDGE_CURVE('',#4144,#4143,#1716,.T.);
#5122=EDGE_CURVE('',#4145,#4144,#1717,.T.);
#5123=EDGE_CURVE('',#4146,#4145,#1718,.T.);
#5124=EDGE_CURVE('',#4146,#4147,#1719,.T.);
#5125=EDGE_CURVE('',#4147,#4148,#1720,.T.);
#5126=EDGE_CURVE('',#4149,#4148,#1721,.T.);
#5127=EDGE_CURVE('',#4120,#4149,#1722,.T.);
#5128=EDGE_CURVE('',#4150,#4151,#1723,.T.);
#5129=EDGE_CURVE('',#4152,#4150,#1724,.T.);
#5130=EDGE_CURVE('',#4153,#4152,#1725,.T.);
#5131=EDGE_CURVE('',#4151,#4153,#1726,.T.);
#5132=EDGE_CURVE('',#4154,#4155,#1727,.T.);
#5133=EDGE_CURVE('',#4156,#4154,#1728,.T.);
#5134=EDGE_CURVE('',#4157,#4156,#1729,.T.);
#5135=EDGE_CURVE('',#4155,#4157,#1730,.T.);
#5136=EDGE_CURVE('',#4158,#4159,#1731,.T.);
#5137=EDGE_CURVE('',#4160,#4158,#1732,.T.);
#5138=EDGE_CURVE('',#4161,#4160,#1733,.T.);
#5139=EDGE_CURVE('',#4159,#4161,#1734,.T.);
#5140=EDGE_CURVE('',#4162,#4163,#1735,.T.);
#5141=EDGE_CURVE('',#4164,#4162,#1736,.T.);
#5142=EDGE_CURVE('',#4165,#4164,#1737,.T.);
#5143=EDGE_CURVE('',#4163,#4165,#1738,.T.);
#5144=EDGE_CURVE('',#4166,#4167,#1739,.T.);
#5145=EDGE_CURVE('',#4168,#4166,#1740,.T.);
#5146=EDGE_CURVE('',#4169,#4168,#1741,.T.);
#5147=EDGE_CURVE('',#4167,#4169,#1742,.T.);
#5148=EDGE_CURVE('',#4170,#4171,#1743,.T.);
#5149=EDGE_CURVE('',#4172,#4170,#1744,.T.);
#5150=EDGE_CURVE('',#4173,#4172,#1745,.T.);
#5151=EDGE_CURVE('',#4171,#4173,#1746,.T.);
#5152=EDGE_CURVE('',#4174,#4175,#1747,.T.);
#5153=EDGE_CURVE('',#4176,#4174,#1748,.T.);
#5154=EDGE_CURVE('',#4177,#4176,#1749,.T.);
#5155=EDGE_CURVE('',#4175,#4177,#1750,.T.);
#5156=EDGE_CURVE('',#4178,#4179,#1751,.T.);
#5157=EDGE_CURVE('',#4180,#4178,#1752,.T.);
#5158=EDGE_CURVE('',#4181,#4180,#1753,.T.);
#5159=EDGE_CURVE('',#4179,#4181,#1754,.T.);
#5160=EDGE_CURVE('',#4182,#4183,#1755,.T.);
#5161=EDGE_CURVE('',#4184,#4182,#1756,.T.);
#5162=EDGE_CURVE('',#4185,#4184,#1757,.T.);
#5163=EDGE_CURVE('',#4183,#4185,#1758,.T.);
#5164=EDGE_CURVE('',#4186,#4187,#1759,.T.);
#5165=EDGE_CURVE('',#4188,#4186,#1760,.T.);
#5166=EDGE_CURVE('',#4189,#4188,#1761,.T.);
#5167=EDGE_CURVE('',#4187,#4189,#1762,.T.);
#5168=EDGE_CURVE('',#4190,#4191,#1763,.T.);
#5169=EDGE_CURVE('',#4192,#4190,#1764,.T.);
#5170=EDGE_CURVE('',#4193,#4192,#1765,.T.);
#5171=EDGE_CURVE('',#4191,#4193,#1766,.T.);
#5172=EDGE_CURVE('',#4194,#4195,#1767,.T.);
#5173=EDGE_CURVE('',#4196,#4194,#1768,.T.);
#5174=EDGE_CURVE('',#4197,#4196,#1769,.T.);
#5175=EDGE_CURVE('',#4195,#4197,#1770,.T.);
#5176=EDGE_CURVE('',#4198,#4199,#1771,.T.);
#5177=EDGE_CURVE('',#4200,#4198,#1772,.T.);
#5178=EDGE_CURVE('',#4201,#4200,#1773,.T.);
#5179=EDGE_CURVE('',#4199,#4201,#1774,.T.);
#5180=EDGE_CURVE('',#4202,#4203,#1775,.T.);
#5181=EDGE_CURVE('',#4204,#4202,#1776,.T.);
#5182=EDGE_CURVE('',#4205,#4204,#1777,.T.);
#5183=EDGE_CURVE('',#4203,#4205,#1778,.T.);
#5184=EDGE_CURVE('',#4206,#4207,#1779,.T.);
#5185=EDGE_CURVE('',#4208,#4206,#1780,.T.);
#5186=EDGE_CURVE('',#4209,#4208,#1781,.T.);
#5187=EDGE_CURVE('',#4207,#4209,#1782,.T.);
#5188=EDGE_CURVE('',#4210,#4211,#1783,.T.);
#5189=EDGE_CURVE('',#4212,#4210,#1784,.T.);
#5190=EDGE_CURVE('',#4213,#4212,#1785,.T.);
#5191=EDGE_CURVE('',#4211,#4213,#1786,.T.);
#5192=EDGE_CURVE('',#4214,#4215,#1787,.T.);
#5193=EDGE_CURVE('',#4216,#4214,#1788,.T.);
#5194=EDGE_CURVE('',#4217,#4216,#1789,.T.);
#5195=EDGE_CURVE('',#4215,#4217,#1790,.T.);
#5196=EDGE_CURVE('',#4218,#4219,#1791,.T.);
#5197=EDGE_CURVE('',#4220,#4218,#1792,.T.);
#5198=EDGE_CURVE('',#4221,#4220,#1793,.T.);
#5199=EDGE_CURVE('',#4219,#4221,#1794,.T.);
#5200=EDGE_CURVE('',#4222,#4223,#1795,.T.);
#5201=EDGE_CURVE('',#4224,#4222,#1796,.T.);
#5202=EDGE_CURVE('',#4225,#4224,#1797,.T.);
#5203=EDGE_CURVE('',#4223,#4225,#1798,.T.);
#5204=EDGE_CURVE('',#4226,#4227,#1799,.T.);
#5205=EDGE_CURVE('',#4228,#4226,#1800,.T.);
#5206=EDGE_CURVE('',#4229,#4228,#1801,.T.);
#5207=EDGE_CURVE('',#4227,#4229,#1802,.T.);
#5208=EDGE_CURVE('',#4230,#4231,#1803,.T.);
#5209=EDGE_CURVE('',#4232,#4230,#1804,.T.);
#5210=EDGE_CURVE('',#4233,#4232,#1805,.T.);
#5211=EDGE_CURVE('',#4231,#4233,#1806,.T.);
#5212=EDGE_CURVE('',#4234,#4235,#1807,.T.);
#5213=EDGE_CURVE('',#4236,#4234,#1808,.T.);
#5214=EDGE_CURVE('',#4237,#4236,#1809,.T.);
#5215=EDGE_CURVE('',#4235,#4237,#1810,.T.);
#5216=EDGE_CURVE('',#4238,#4239,#1811,.T.);
#5217=EDGE_CURVE('',#4240,#4238,#1812,.T.);
#5218=EDGE_CURVE('',#4241,#4240,#1813,.T.);
#5219=EDGE_CURVE('',#4239,#4241,#1814,.T.);
#5220=EDGE_CURVE('',#4242,#4243,#1815,.T.);
#5221=EDGE_CURVE('',#4244,#4242,#1816,.T.);
#5222=EDGE_CURVE('',#4245,#4244,#1817,.T.);
#5223=EDGE_CURVE('',#4243,#4245,#1818,.T.);
#5224=EDGE_CURVE('',#4246,#4247,#1819,.T.);
#5225=EDGE_CURVE('',#4248,#4246,#1820,.T.);
#5226=EDGE_CURVE('',#4249,#4248,#1821,.T.);
#5227=EDGE_CURVE('',#4247,#4249,#1822,.T.);
#5228=EDGE_CURVE('',#4250,#4251,#1823,.T.);
#5229=EDGE_CURVE('',#4252,#4250,#1824,.T.);
#5230=EDGE_CURVE('',#4253,#4252,#1825,.T.);
#5231=EDGE_CURVE('',#4251,#4253,#1826,.T.);
#5232=EDGE_CURVE('',#4254,#4255,#1827,.T.);
#5233=EDGE_CURVE('',#4256,#4254,#1828,.T.);
#5234=EDGE_CURVE('',#4257,#4256,#1829,.T.);
#5235=EDGE_CURVE('',#4255,#4257,#1830,.T.);
#5236=EDGE_CURVE('',#4258,#4259,#1831,.T.);
#5237=EDGE_CURVE('',#4260,#4258,#1832,.T.);
#5238=EDGE_CURVE('',#4261,#4260,#1833,.T.);
#5239=EDGE_CURVE('',#4259,#4261,#1834,.T.);
#5240=EDGE_CURVE('',#4262,#4263,#1835,.T.);
#5241=EDGE_CURVE('',#4264,#4262,#1836,.T.);
#5242=EDGE_CURVE('',#4265,#4264,#1837,.T.);
#5243=EDGE_CURVE('',#4263,#4265,#1838,.T.);
#5244=EDGE_CURVE('',#4266,#4267,#1839,.T.);
#5245=EDGE_CURVE('',#4268,#4266,#1840,.T.);
#5246=EDGE_CURVE('',#4269,#4268,#1841,.T.);
#5247=EDGE_CURVE('',#4267,#4269,#1842,.T.);
#5248=EDGE_CURVE('',#4270,#4271,#1843,.T.);
#5249=EDGE_CURVE('',#4272,#4270,#1844,.T.);
#5250=EDGE_CURVE('',#4273,#4272,#1845,.T.);
#5251=EDGE_CURVE('',#4271,#4273,#1846,.T.);
#5252=EDGE_CURVE('',#4274,#4275,#1847,.T.);
#5253=EDGE_CURVE('',#4276,#4274,#1848,.T.);
#5254=EDGE_CURVE('',#4277,#4276,#1849,.T.);
#5255=EDGE_CURVE('',#4275,#4277,#1850,.T.);
#5256=EDGE_CURVE('',#4278,#4279,#1851,.T.);
#5257=EDGE_CURVE('',#4280,#4278,#1852,.T.);
#5258=EDGE_CURVE('',#4281,#4280,#1853,.T.);
#5259=EDGE_CURVE('',#4279,#4281,#1854,.T.);
#5260=EDGE_CURVE('',#4282,#4283,#1855,.T.);
#5261=EDGE_CURVE('',#4284,#4282,#1856,.T.);
#5262=EDGE_CURVE('',#4285,#4284,#1857,.T.);
#5263=EDGE_CURVE('',#4283,#4285,#1858,.T.);
#5264=EDGE_CURVE('',#4286,#4287,#1859,.T.);
#5265=EDGE_CURVE('',#4288,#4286,#1860,.T.);
#5266=EDGE_CURVE('',#4289,#4288,#1861,.T.);
#5267=EDGE_CURVE('',#4287,#4289,#1862,.T.);
#5268=EDGE_CURVE('',#4290,#4291,#1863,.T.);
#5269=EDGE_CURVE('',#4292,#4290,#1864,.T.);
#5270=EDGE_CURVE('',#4293,#4292,#1865,.T.);
#5271=EDGE_CURVE('',#4291,#4293,#1866,.T.);
#5272=EDGE_CURVE('',#4294,#4295,#1867,.T.);
#5273=EDGE_CURVE('',#4296,#4294,#1868,.T.);
#5274=EDGE_CURVE('',#4297,#4296,#1869,.T.);
#5275=EDGE_CURVE('',#4295,#4297,#1870,.T.);
#5276=EDGE_CURVE('',#4298,#4299,#1871,.T.);
#5277=EDGE_CURVE('',#4300,#4298,#1872,.T.);
#5278=EDGE_CURVE('',#4301,#4300,#1873,.T.);
#5279=EDGE_CURVE('',#4299,#4301,#1874,.T.);
#5280=EDGE_CURVE('',#4302,#4303,#1875,.T.);
#5281=EDGE_CURVE('',#4304,#4302,#1876,.T.);
#5282=EDGE_CURVE('',#4305,#4304,#1877,.T.);
#5283=EDGE_CURVE('',#4303,#4305,#1878,.T.);
#5284=EDGE_CURVE('',#4306,#4307,#1879,.T.);
#5285=EDGE_CURVE('',#4308,#4306,#1880,.T.);
#5286=EDGE_CURVE('',#4309,#4308,#1881,.T.);
#5287=EDGE_CURVE('',#4307,#4309,#1882,.T.);
#5288=EDGE_CURVE('',#4150,#4310,#1883,.T.);
#5289=EDGE_CURVE('',#4311,#4310,#1884,.T.);
#5290=EDGE_CURVE('',#4152,#4311,#1885,.T.);
#5291=EDGE_CURVE('',#4312,#4311,#1886,.T.);
#5292=EDGE_CURVE('',#4153,#4312,#1887,.T.);
#5293=EDGE_CURVE('',#4313,#4312,#1888,.T.);
#5294=EDGE_CURVE('',#4151,#4313,#1889,.T.);
#5295=EDGE_CURVE('',#4310,#4313,#1890,.T.);
#5296=EDGE_CURVE('',#4154,#4314,#1891,.T.);
#5297=EDGE_CURVE('',#4315,#4314,#1892,.T.);
#5298=EDGE_CURVE('',#4156,#4315,#1893,.T.);
#5299=EDGE_CURVE('',#4316,#4315,#1894,.T.);
#5300=EDGE_CURVE('',#4157,#4316,#1895,.T.);
#5301=EDGE_CURVE('',#4317,#4316,#1896,.T.);
#5302=EDGE_CURVE('',#4155,#4317,#1897,.T.);
#5303=EDGE_CURVE('',#4314,#4317,#1898,.T.);
#5304=EDGE_CURVE('',#4158,#4318,#1899,.T.);
#5305=EDGE_CURVE('',#4319,#4318,#1900,.T.);
#5306=EDGE_CURVE('',#4160,#4319,#1901,.T.);
#5307=EDGE_CURVE('',#4320,#4319,#1902,.T.);
#5308=EDGE_CURVE('',#4161,#4320,#1903,.T.);
#5309=EDGE_CURVE('',#4321,#4320,#1904,.T.);
#5310=EDGE_CURVE('',#4159,#4321,#1905,.T.);
#5311=EDGE_CURVE('',#4318,#4321,#1906,.T.);
#5312=EDGE_CURVE('',#4162,#4322,#1907,.T.);
#5313=EDGE_CURVE('',#4323,#4322,#1908,.T.);
#5314=EDGE_CURVE('',#4164,#4323,#1909,.T.);
#5315=EDGE_CURVE('',#4324,#4323,#1910,.T.);
#5316=EDGE_CURVE('',#4165,#4324,#1911,.T.);
#5317=EDGE_CURVE('',#4325,#4324,#1912,.T.);
#5318=EDGE_CURVE('',#4163,#4325,#1913,.T.);
#5319=EDGE_CURVE('',#4322,#4325,#1914,.T.);
#5320=EDGE_CURVE('',#4166,#4326,#1915,.T.);
#5321=EDGE_CURVE('',#4327,#4326,#1916,.T.);
#5322=EDGE_CURVE('',#4168,#4327,#1917,.T.);
#5323=EDGE_CURVE('',#4328,#4327,#1918,.T.);
#5324=EDGE_CURVE('',#4169,#4328,#1919,.T.);
#5325=EDGE_CURVE('',#4329,#4328,#1920,.T.);
#5326=EDGE_CURVE('',#4167,#4329,#1921,.T.);
#5327=EDGE_CURVE('',#4326,#4329,#1922,.T.);
#5328=EDGE_CURVE('',#4170,#4330,#1923,.T.);
#5329=EDGE_CURVE('',#4331,#4330,#1924,.T.);
#5330=EDGE_CURVE('',#4172,#4331,#1925,.T.);
#5331=EDGE_CURVE('',#4332,#4331,#1926,.T.);
#5332=EDGE_CURVE('',#4173,#4332,#1927,.T.);
#5333=EDGE_CURVE('',#4333,#4332,#1928,.T.);
#5334=EDGE_CURVE('',#4171,#4333,#1929,.T.);
#5335=EDGE_CURVE('',#4330,#4333,#1930,.T.);
#5336=EDGE_CURVE('',#4174,#4334,#1931,.T.);
#5337=EDGE_CURVE('',#4335,#4334,#1932,.T.);
#5338=EDGE_CURVE('',#4176,#4335,#1933,.T.);
#5339=EDGE_CURVE('',#4336,#4335,#1934,.T.);
#5340=EDGE_CURVE('',#4177,#4336,#1935,.T.);
#5341=EDGE_CURVE('',#4337,#4336,#1936,.T.);
#5342=EDGE_CURVE('',#4175,#4337,#1937,.T.);
#5343=EDGE_CURVE('',#4334,#4337,#1938,.T.);
#5344=EDGE_CURVE('',#4178,#4338,#1939,.T.);
#5345=EDGE_CURVE('',#4339,#4338,#1940,.T.);
#5346=EDGE_CURVE('',#4180,#4339,#1941,.T.);
#5347=EDGE_CURVE('',#4340,#4339,#1942,.T.);
#5348=EDGE_CURVE('',#4181,#4340,#1943,.T.);
#5349=EDGE_CURVE('',#4341,#4340,#1944,.T.);
#5350=EDGE_CURVE('',#4179,#4341,#1945,.T.);
#5351=EDGE_CURVE('',#4338,#4341,#1946,.T.);
#5352=EDGE_CURVE('',#4182,#4342,#1947,.T.);
#5353=EDGE_CURVE('',#4343,#4342,#1948,.T.);
#5354=EDGE_CURVE('',#4184,#4343,#1949,.T.);
#5355=EDGE_CURVE('',#4344,#4343,#1950,.T.);
#5356=EDGE_CURVE('',#4185,#4344,#1951,.T.);
#5357=EDGE_CURVE('',#4345,#4344,#1952,.T.);
#5358=EDGE_CURVE('',#4183,#4345,#1953,.T.);
#5359=EDGE_CURVE('',#4342,#4345,#1954,.T.);
#5360=EDGE_CURVE('',#4186,#4346,#1955,.T.);
#5361=EDGE_CURVE('',#4347,#4346,#1956,.T.);
#5362=EDGE_CURVE('',#4188,#4347,#1957,.T.);
#5363=EDGE_CURVE('',#4348,#4347,#1958,.T.);
#5364=EDGE_CURVE('',#4189,#4348,#1959,.T.);
#5365=EDGE_CURVE('',#4349,#4348,#1960,.T.);
#5366=EDGE_CURVE('',#4187,#4349,#1961,.T.);
#5367=EDGE_CURVE('',#4346,#4349,#1962,.T.);
#5368=EDGE_CURVE('',#4190,#4350,#1963,.T.);
#5369=EDGE_CURVE('',#4351,#4350,#1964,.T.);
#5370=EDGE_CURVE('',#4192,#4351,#1965,.T.);
#5371=EDGE_CURVE('',#4352,#4351,#1966,.T.);
#5372=EDGE_CURVE('',#4193,#4352,#1967,.T.);
#5373=EDGE_CURVE('',#4353,#4352,#1968,.T.);
#5374=EDGE_CURVE('',#4191,#4353,#1969,.T.);
#5375=EDGE_CURVE('',#4350,#4353,#1970,.T.);
#5376=EDGE_CURVE('',#4194,#4354,#1971,.T.);
#5377=EDGE_CURVE('',#4355,#4354,#1972,.T.);
#5378=EDGE_CURVE('',#4196,#4355,#1973,.T.);
#5379=EDGE_CURVE('',#4356,#4355,#1974,.T.);
#5380=EDGE_CURVE('',#4197,#4356,#1975,.T.);
#5381=EDGE_CURVE('',#4357,#4356,#1976,.T.);
#5382=EDGE_CURVE('',#4195,#4357,#1977,.T.);
#5383=EDGE_CURVE('',#4354,#4357,#1978,.T.);
#5384=EDGE_CURVE('',#4198,#4358,#1979,.T.);
#5385=EDGE_CURVE('',#4359,#4358,#1980,.T.);
#5386=EDGE_CURVE('',#4200,#4359,#1981,.T.);
#5387=EDGE_CURVE('',#4360,#4359,#1982,.T.);
#5388=EDGE_CURVE('',#4201,#4360,#1983,.T.);
#5389=EDGE_CURVE('',#4361,#4360,#1984,.T.);
#5390=EDGE_CURVE('',#4199,#4361,#1985,.T.);
#5391=EDGE_CURVE('',#4358,#4361,#1986,.T.);
#5392=EDGE_CURVE('',#4202,#4362,#1987,.T.);
#5393=EDGE_CURVE('',#4363,#4362,#1988,.T.);
#5394=EDGE_CURVE('',#4204,#4363,#1989,.T.);
#5395=EDGE_CURVE('',#4364,#4363,#1990,.T.);
#5396=EDGE_CURVE('',#4205,#4364,#1991,.T.);
#5397=EDGE_CURVE('',#4365,#4364,#1992,.T.);
#5398=EDGE_CURVE('',#4203,#4365,#1993,.T.);
#5399=EDGE_CURVE('',#4362,#4365,#1994,.T.);
#5400=EDGE_CURVE('',#4206,#4366,#1995,.T.);
#5401=EDGE_CURVE('',#4367,#4366,#1996,.T.);
#5402=EDGE_CURVE('',#4208,#4367,#1997,.T.);
#5403=EDGE_CURVE('',#4368,#4367,#1998,.T.);
#5404=EDGE_CURVE('',#4209,#4368,#1999,.T.);
#5405=EDGE_CURVE('',#4369,#4368,#2000,.T.);
#5406=EDGE_CURVE('',#4207,#4369,#2001,.T.);
#5407=EDGE_CURVE('',#4366,#4369,#2002,.T.);
#5408=EDGE_CURVE('',#4210,#4370,#2003,.T.);
#5409=EDGE_CURVE('',#4371,#4370,#2004,.T.);
#5410=EDGE_CURVE('',#4212,#4371,#2005,.T.);
#5411=EDGE_CURVE('',#4372,#4371,#2006,.T.);
#5412=EDGE_CURVE('',#4213,#4372,#2007,.T.);
#5413=EDGE_CURVE('',#4373,#4372,#2008,.T.);
#5414=EDGE_CURVE('',#4211,#4373,#2009,.T.);
#5415=EDGE_CURVE('',#4370,#4373,#2010,.T.);
#5416=EDGE_CURVE('',#4214,#4374,#2011,.T.);
#5417=EDGE_CURVE('',#4375,#4374,#2012,.T.);
#5418=EDGE_CURVE('',#4216,#4375,#2013,.T.);
#5419=EDGE_CURVE('',#4376,#4375,#2014,.T.);
#5420=EDGE_CURVE('',#4217,#4376,#2015,.T.);
#5421=EDGE_CURVE('',#4377,#4376,#2016,.T.);
#5422=EDGE_CURVE('',#4215,#4377,#2017,.T.);
#5423=EDGE_CURVE('',#4374,#4377,#2018,.T.);
#5424=EDGE_CURVE('',#4218,#4378,#2019,.T.);
#5425=EDGE_CURVE('',#4379,#4378,#2020,.T.);
#5426=EDGE_CURVE('',#4220,#4379,#2021,.T.);
#5427=EDGE_CURVE('',#4380,#4379,#2022,.T.);
#5428=EDGE_CURVE('',#4221,#4380,#2023,.T.);
#5429=EDGE_CURVE('',#4381,#4380,#2024,.T.);
#5430=EDGE_CURVE('',#4219,#4381,#2025,.T.);
#5431=EDGE_CURVE('',#4378,#4381,#2026,.T.);
#5432=EDGE_CURVE('',#4222,#4382,#2027,.T.);
#5433=EDGE_CURVE('',#4383,#4382,#2028,.T.);
#5434=EDGE_CURVE('',#4224,#4383,#2029,.T.);
#5435=EDGE_CURVE('',#4384,#4383,#2030,.T.);
#5436=EDGE_CURVE('',#4225,#4384,#2031,.T.);
#5437=EDGE_CURVE('',#4385,#4384,#2032,.T.);
#5438=EDGE_CURVE('',#4223,#4385,#2033,.T.);
#5439=EDGE_CURVE('',#4382,#4385,#2034,.T.);
#5440=EDGE_CURVE('',#4226,#4386,#2035,.T.);
#5441=EDGE_CURVE('',#4387,#4386,#2036,.T.);
#5442=EDGE_CURVE('',#4228,#4387,#2037,.T.);
#5443=EDGE_CURVE('',#4388,#4387,#2038,.T.);
#5444=EDGE_CURVE('',#4229,#4388,#2039,.T.);
#5445=EDGE_CURVE('',#4389,#4388,#2040,.T.);
#5446=EDGE_CURVE('',#4227,#4389,#2041,.T.);
#5447=EDGE_CURVE('',#4386,#4389,#2042,.T.);
#5448=EDGE_CURVE('',#4390,#4148,#2043,.T.);
#5449=EDGE_CURVE('',#4390,#4391,#2044,.T.);
#5450=EDGE_CURVE('',#4392,#4391,#2045,.T.);
#5451=EDGE_CURVE('',#4149,#4392,#2046,.T.);
#5452=EDGE_CURVE('',#4120,#4393,#2047,.T.);
#5453=EDGE_CURVE('',#4394,#4392,#2048,.T.);
#5454=EDGE_CURVE('',#4393,#4394,#2049,.T.);
#5455=EDGE_CURVE('',#4393,#4395,#2050,.T.);
#5456=EDGE_CURVE('',#4396,#4394,#2051,.T.);
#5457=EDGE_CURVE('',#4395,#4396,#2052,.T.);
#5458=EDGE_CURVE('',#4395,#4390,#2053,.T.);
#5459=EDGE_CURVE('',#4391,#4396,#2054,.T.);
#5460=EDGE_CURVE('',#4397,#4398,#2055,.T.);
#5461=EDGE_CURVE('',#4397,#4399,#2056,.T.);
#5462=EDGE_CURVE('',#4400,#4399,#2057,.T.);
#5463=EDGE_CURVE('',#4398,#4400,#2058,.T.);
#5464=EDGE_CURVE('',#4398,#4401,#2059,.T.);
#5465=EDGE_CURVE('',#4402,#4400,#2060,.T.);
#5466=EDGE_CURVE('',#4401,#4402,#2061,.T.);
#5467=EDGE_CURVE('',#4401,#4403,#2062,.T.);
#5468=EDGE_CURVE('',#4404,#4402,#2063,.T.);
#5469=EDGE_CURVE('',#4403,#4404,#2064,.T.);
#5470=EDGE_CURVE('',#4403,#4397,#2065,.T.);
#5471=EDGE_CURVE('',#4399,#4404,#2066,.T.);
#5472=EDGE_CURVE('',#4123,#4405,#2067,.T.);
#5473=EDGE_CURVE('',#4406,#4405,#2068,.T.);
#5474=EDGE_CURVE('',#4124,#4406,#2069,.T.);
#5475=EDGE_CURVE('',#4125,#4407,#2070,.T.);
#5476=EDGE_CURVE('',#4408,#4406,#2071,.T.);
#5477=EDGE_CURVE('',#4407,#4408,#2072,.T.);
#5478=EDGE_CURVE('',#4407,#4121,#2073,.T.);
#5479=EDGE_CURVE('',#4409,#4408,#2074,.T.);
#5480=EDGE_CURVE('',#4122,#4409,#2075,.T.);
#5481=EDGE_CURVE('',#4405,#4409,#2076,.T.);
#5482=EDGE_CURVE('',#4143,#4410,#2077,.T.);
#5483=EDGE_CURVE('',#4411,#4410,#2078,.T.);
#5484=EDGE_CURVE('',#4144,#4411,#2079,.T.);
#5485=EDGE_CURVE('',#4412,#4411,#2080,.T.);
#5486=EDGE_CURVE('',#4145,#4412,#2081,.T.);
#5487=EDGE_CURVE('',#4146,#4413,#2082,.T.);
#5488=EDGE_CURVE('',#4414,#4412,#2083,.T.);
#5489=EDGE_CURVE('',#4413,#4414,#2084,.T.);
#5490=EDGE_CURVE('',#4413,#4138,#2085,.T.);
#5491=EDGE_CURVE('',#4415,#4414,#2086,.T.);
#5492=EDGE_CURVE('',#4139,#4415,#2087,.T.);
#5493=EDGE_CURVE('',#4416,#4415,#2088,.T.);
#5494=EDGE_CURVE('',#4140,#4416,#2089,.T.);
#5495=EDGE_CURVE('',#4417,#4416,#2090,.T.);
#5496=EDGE_CURVE('',#4141,#4417,#2091,.T.);
#5497=EDGE_CURVE('',#4418,#4417,#2092,.T.);
#5498=EDGE_CURVE('',#4142,#4418,#2093,.T.);
#5499=EDGE_CURVE('',#4410,#4418,#2094,.T.);
#5500=EDGE_CURVE('',#4419,#4126,#2095,.T.);
#5501=EDGE_CURVE('',#4419,#4420,#2096,.T.);
#5502=EDGE_CURVE('',#4421,#4420,#2097,.T.);
#5503=EDGE_CURVE('',#4127,#4421,#2098,.T.);
#5504=EDGE_CURVE('',#4422,#4421,#2099,.T.);
#5505=EDGE_CURVE('',#4128,#4422,#2100,.T.);
#5506=EDGE_CURVE('',#4129,#4423,#2101,.T.);
#5507=EDGE_CURVE('',#4424,#4422,#2102,.T.);
#5508=EDGE_CURVE('',#4423,#4424,#2103,.T.);
#5509=EDGE_CURVE('',#4423,#4419,#2104,.T.);
#5510=EDGE_CURVE('',#4420,#4424,#2105,.T.);
#5511=EDGE_CURVE('',#4135,#4425,#2106,.T.);
#5512=EDGE_CURVE('',#4426,#4425,#2107,.T.);
#5513=EDGE_CURVE('',#4136,#4426,#2108,.T.);
#5514=EDGE_CURVE('',#4137,#4427,#2109,.T.);
#5515=EDGE_CURVE('',#4428,#4426,#2110,.T.);
#5516=EDGE_CURVE('',#4427,#4428,#2111,.T.);
#5517=EDGE_CURVE('',#4427,#4429,#2112,.T.);
#5518=EDGE_CURVE('',#4430,#4428,#2113,.T.);
#5519=EDGE_CURVE('',#4429,#4430,#2114,.T.);
#5520=EDGE_CURVE('',#4429,#4134,#2115,.T.);
#5521=EDGE_CURVE('',#4425,#4430,#2116,.T.);
#5522=EDGE_CURVE('',#4230,#4431,#2117,.T.);
#5523=EDGE_CURVE('',#4432,#4431,#2118,.T.);
#5524=EDGE_CURVE('',#4232,#4432,#2119,.T.);
#5525=EDGE_CURVE('',#4433,#4432,#2120,.T.);
#5526=EDGE_CURVE('',#4233,#4433,#2121,.T.);
#5527=EDGE_CURVE('',#4434,#4433,#2122,.T.);
#5528=EDGE_CURVE('',#4231,#4434,#2123,.T.);
#5529=EDGE_CURVE('',#4431,#4434,#2124,.T.);
#5530=EDGE_CURVE('',#4234,#4435,#2125,.T.);
#5531=EDGE_CURVE('',#4436,#4435,#2126,.T.);
#5532=EDGE_CURVE('',#4236,#4436,#2127,.T.);
#5533=EDGE_CURVE('',#4437,#4436,#2128,.T.);
#5534=EDGE_CURVE('',#4237,#4437,#2129,.T.);
#5535=EDGE_CURVE('',#4438,#4437,#2130,.T.);
#5536=EDGE_CURVE('',#4235,#4438,#2131,.T.);
#5537=EDGE_CURVE('',#4435,#4438,#2132,.T.);
#5538=EDGE_CURVE('',#4238,#4439,#2133,.T.);
#5539=EDGE_CURVE('',#4440,#4439,#2134,.T.);
#5540=EDGE_CURVE('',#4240,#4440,#2135,.T.);
#5541=EDGE_CURVE('',#4441,#4440,#2136,.T.);
#5542=EDGE_CURVE('',#4241,#4441,#2137,.T.);
#5543=EDGE_CURVE('',#4442,#4441,#2138,.T.);
#5544=EDGE_CURVE('',#4239,#4442,#2139,.T.);
#5545=EDGE_CURVE('',#4439,#4442,#2140,.T.);
#5546=EDGE_CURVE('',#4242,#4443,#2141,.T.);
#5547=EDGE_CURVE('',#4444,#4443,#2142,.T.);
#5548=EDGE_CURVE('',#4244,#4444,#2143,.T.);
#5549=EDGE_CURVE('',#4445,#4444,#2144,.T.);
#5550=EDGE_CURVE('',#4245,#4445,#2145,.T.);
#5551=EDGE_CURVE('',#4446,#4445,#2146,.T.);
#5552=EDGE_CURVE('',#4243,#4446,#2147,.T.);
#5553=EDGE_CURVE('',#4443,#4446,#2148,.T.);
#5554=EDGE_CURVE('',#4246,#4447,#2149,.T.);
#5555=EDGE_CURVE('',#4448,#4447,#2150,.T.);
#5556=EDGE_CURVE('',#4248,#4448,#2151,.T.);
#5557=EDGE_CURVE('',#4449,#4448,#2152,.T.);
#5558=EDGE_CURVE('',#4249,#4449,#2153,.T.);
#5559=EDGE_CURVE('',#4450,#4449,#2154,.T.);
#5560=EDGE_CURVE('',#4247,#4450,#2155,.T.);
#5561=EDGE_CURVE('',#4447,#4450,#2156,.T.);
#5562=EDGE_CURVE('',#4250,#4451,#2157,.T.);
#5563=EDGE_CURVE('',#4452,#4451,#2158,.T.);
#5564=EDGE_CURVE('',#4252,#4452,#2159,.T.);
#5565=EDGE_CURVE('',#4453,#4452,#2160,.T.);
#5566=EDGE_CURVE('',#4253,#4453,#2161,.T.);
#5567=EDGE_CURVE('',#4454,#4453,#2162,.T.);
#5568=EDGE_CURVE('',#4251,#4454,#2163,.T.);
#5569=EDGE_CURVE('',#4451,#4454,#2164,.T.);
#5570=EDGE_CURVE('',#4254,#4455,#2165,.T.);
#5571=EDGE_CURVE('',#4456,#4455,#2166,.T.);
#5572=EDGE_CURVE('',#4256,#4456,#2167,.T.);
#5573=EDGE_CURVE('',#4457,#4456,#2168,.T.);
#5574=EDGE_CURVE('',#4257,#4457,#2169,.T.);
#5575=EDGE_CURVE('',#4458,#4457,#2170,.T.);
#5576=EDGE_CURVE('',#4255,#4458,#2171,.T.);
#5577=EDGE_CURVE('',#4455,#4458,#2172,.T.);
#5578=EDGE_CURVE('',#4258,#4459,#2173,.T.);
#5579=EDGE_CURVE('',#4460,#4459,#2174,.T.);
#5580=EDGE_CURVE('',#4260,#4460,#2175,.T.);
#5581=EDGE_CURVE('',#4461,#4460,#2176,.T.);
#5582=EDGE_CURVE('',#4261,#4461,#2177,.T.);
#5583=EDGE_CURVE('',#4462,#4461,#2178,.T.);
#5584=EDGE_CURVE('',#4259,#4462,#2179,.T.);
#5585=EDGE_CURVE('',#4459,#4462,#2180,.T.);
#5586=EDGE_CURVE('',#4262,#4463,#2181,.T.);
#5587=EDGE_CURVE('',#4464,#4463,#2182,.T.);
#5588=EDGE_CURVE('',#4264,#4464,#2183,.T.);
#5589=EDGE_CURVE('',#4465,#4464,#2184,.T.);
#5590=EDGE_CURVE('',#4265,#4465,#2185,.T.);
#5591=EDGE_CURVE('',#4466,#4465,#2186,.T.);
#5592=EDGE_CURVE('',#4263,#4466,#2187,.T.);
#5593=EDGE_CURVE('',#4463,#4466,#2188,.T.);
#5594=EDGE_CURVE('',#4266,#4467,#2189,.T.);
#5595=EDGE_CURVE('',#4468,#4467,#2190,.T.);
#5596=EDGE_CURVE('',#4268,#4468,#2191,.T.);
#5597=EDGE_CURVE('',#4469,#4468,#2192,.T.);
#5598=EDGE_CURVE('',#4269,#4469,#2193,.T.);
#5599=EDGE_CURVE('',#4470,#4469,#2194,.T.);
#5600=EDGE_CURVE('',#4267,#4470,#2195,.T.);
#5601=EDGE_CURVE('',#4467,#4470,#2196,.T.);
#5602=EDGE_CURVE('',#4270,#4471,#2197,.T.);
#5603=EDGE_CURVE('',#4472,#4471,#2198,.T.);
#5604=EDGE_CURVE('',#4272,#4472,#2199,.T.);
#5605=EDGE_CURVE('',#4473,#4472,#2200,.T.);
#5606=EDGE_CURVE('',#4273,#4473,#2201,.T.);
#5607=EDGE_CURVE('',#4474,#4473,#2202,.T.);
#5608=EDGE_CURVE('',#4271,#4474,#2203,.T.);
#5609=EDGE_CURVE('',#4471,#4474,#2204,.T.);
#5610=EDGE_CURVE('',#4274,#4475,#2205,.T.);
#5611=EDGE_CURVE('',#4476,#4475,#2206,.T.);
#5612=EDGE_CURVE('',#4276,#4476,#2207,.T.);
#5613=EDGE_CURVE('',#4477,#4476,#2208,.T.);
#5614=EDGE_CURVE('',#4277,#4477,#2209,.T.);
#5615=EDGE_CURVE('',#4478,#4477,#2210,.T.);
#5616=EDGE_CURVE('',#4275,#4478,#2211,.T.);
#5617=EDGE_CURVE('',#4475,#4478,#2212,.T.);
#5618=EDGE_CURVE('',#4479,#4480,#2213,.T.);
#5619=EDGE_CURVE('',#4479,#4481,#2214,.T.);
#5620=EDGE_CURVE('',#4482,#4481,#2215,.T.);
#5621=EDGE_CURVE('',#4480,#4482,#2216,.T.);
#5622=EDGE_CURVE('',#4480,#4483,#2217,.T.);
#5623=EDGE_CURVE('',#4484,#4482,#2218,.T.);
#5624=EDGE_CURVE('',#4483,#4484,#2219,.T.);
#5625=EDGE_CURVE('',#4483,#4485,#2220,.T.);
#5626=EDGE_CURVE('',#4486,#4484,#2221,.T.);
#5627=EDGE_CURVE('',#4485,#4486,#2222,.T.);
#5628=EDGE_CURVE('',#4485,#4479,#2223,.T.);
#5629=EDGE_CURVE('',#4481,#4486,#2224,.T.);
#5630=EDGE_CURVE('',#4278,#4487,#2225,.T.);
#5631=EDGE_CURVE('',#4488,#4487,#2226,.T.);
#5632=EDGE_CURVE('',#4280,#4488,#2227,.T.);
#5633=EDGE_CURVE('',#4489,#4488,#2228,.T.);
#5634=EDGE_CURVE('',#4281,#4489,#2229,.T.);
#5635=EDGE_CURVE('',#4490,#4489,#2230,.T.);
#5636=EDGE_CURVE('',#4279,#4490,#2231,.T.);
#5637=EDGE_CURVE('',#4487,#4490,#2232,.T.);
#5638=EDGE_CURVE('',#4282,#4491,#2233,.T.);
#5639=EDGE_CURVE('',#4492,#4491,#2234,.T.);
#5640=EDGE_CURVE('',#4284,#4492,#2235,.T.);
#5641=EDGE_CURVE('',#4493,#4492,#2236,.T.);
#5642=EDGE_CURVE('',#4285,#4493,#2237,.T.);
#5643=EDGE_CURVE('',#4494,#4493,#2238,.T.);
#5644=EDGE_CURVE('',#4283,#4494,#2239,.T.);
#5645=EDGE_CURVE('',#4491,#4494,#2240,.T.);
#5646=EDGE_CURVE('',#4286,#4495,#2241,.T.);
#5647=EDGE_CURVE('',#4496,#4495,#2242,.T.);
#5648=EDGE_CURVE('',#4288,#4496,#2243,.T.);
#5649=EDGE_CURVE('',#4497,#4496,#2244,.T.);
#5650=EDGE_CURVE('',#4289,#4497,#2245,.T.);
#5651=EDGE_CURVE('',#4498,#4497,#2246,.T.);
#5652=EDGE_CURVE('',#4287,#4498,#2247,.T.);
#5653=EDGE_CURVE('',#4495,#4498,#2248,.T.);
#5654=EDGE_CURVE('',#4290,#4499,#2249,.T.);
#5655=EDGE_CURVE('',#4500,#4499,#2250,.T.);
#5656=EDGE_CURVE('',#4292,#4500,#2251,.T.);
#5657=EDGE_CURVE('',#4501,#4500,#2252,.T.);
#5658=EDGE_CURVE('',#4293,#4501,#2253,.T.);
#5659=EDGE_CURVE('',#4502,#4501,#2254,.T.);
#5660=EDGE_CURVE('',#4291,#4502,#2255,.T.);
#5661=EDGE_CURVE('',#4499,#4502,#2256,.T.);
#5662=EDGE_CURVE('',#4294,#4503,#2257,.T.);
#5663=EDGE_CURVE('',#4504,#4503,#2258,.T.);
#5664=EDGE_CURVE('',#4296,#4504,#2259,.T.);
#5665=EDGE_CURVE('',#4505,#4504,#2260,.T.);
#5666=EDGE_CURVE('',#4297,#4505,#2261,.T.);
#5667=EDGE_CURVE('',#4506,#4505,#2262,.T.);
#5668=EDGE_CURVE('',#4295,#4506,#2263,.T.);
#5669=EDGE_CURVE('',#4503,#4506,#2264,.T.);
#5670=EDGE_CURVE('',#4298,#4507,#2265,.T.);
#5671=EDGE_CURVE('',#4508,#4507,#2266,.T.);
#5672=EDGE_CURVE('',#4300,#4508,#2267,.T.);
#5673=EDGE_CURVE('',#4509,#4508,#2268,.T.);
#5674=EDGE_CURVE('',#4301,#4509,#2269,.T.);
#5675=EDGE_CURVE('',#4510,#4509,#2270,.T.);
#5676=EDGE_CURVE('',#4299,#4510,#2271,.T.);
#5677=EDGE_CURVE('',#4507,#4510,#2272,.T.);
#5678=EDGE_CURVE('',#4302,#4511,#2273,.T.);
#5679=EDGE_CURVE('',#4512,#4511,#2274,.T.);
#5680=EDGE_CURVE('',#4304,#4512,#2275,.T.);
#5681=EDGE_CURVE('',#4513,#4512,#2276,.T.);
#5682=EDGE_CURVE('',#4305,#4513,#2277,.T.);
#5683=EDGE_CURVE('',#4514,#4513,#2278,.T.);
#5684=EDGE_CURVE('',#4303,#4514,#2279,.T.);
#5685=EDGE_CURVE('',#4511,#4514,#2280,.T.);
#5686=EDGE_CURVE('',#4306,#4515,#2281,.T.);
#5687=EDGE_CURVE('',#4516,#4515,#2282,.T.);
#5688=EDGE_CURVE('',#4308,#4516,#2283,.T.);
#5689=EDGE_CURVE('',#4517,#4516,#2284,.T.);
#5690=EDGE_CURVE('',#4309,#4517,#2285,.T.);
#5691=EDGE_CURVE('',#4518,#4517,#2286,.T.);
#5692=EDGE_CURVE('',#4307,#4518,#2287,.T.);
#5693=EDGE_CURVE('',#4515,#4518,#2288,.T.);
#5694=EDGE_CURVE('',#4131,#4519,#2289,.T.);
#5695=EDGE_CURVE('',#4520,#4519,#2290,.T.);
#5696=EDGE_CURVE('',#4132,#4520,#2291,.T.);
#5697=EDGE_CURVE('',#4521,#4522,#2292,.T.);
#5698=EDGE_CURVE('',#4522,#4520,#2293,.T.);
#5699=EDGE_CURVE('',#4519,#4521,#2294,.T.);
#5700=EDGE_CURVE('',#4138,#4523,#2295,.T.);
#5701=EDGE_CURVE('',#4523,#4142,#2296,.T.);
#5702=EDGE_CURVE('',#4142,#4143,#2297,.T.);
#5703=EDGE_CURVE('',#4143,#4146,#2298,.T.);
#5704=EDGE_CURVE('',#4134,#4137,#2299,.T.);
#5705=EDGE_CURVE('',#4126,#4129,#2300,.T.);
#5706=EDGE_CURVE('',#4121,#4524,#2301,.T.);
#5707=EDGE_CURVE('',#4524,#4125,#2302,.T.);
#5708=EDGE_CURVE('',#4148,#4525,#2303,.T.);
#5709=EDGE_CURVE('',#4525,#4120,#2304,.T.);
#5710=EDGE_CURVE('',#4526,#4526,#288,.T.);
#5711=EDGE_CURVE('',#4526,#4527,#2305,.T.);
#5712=EDGE_CURVE('',#4527,#4527,#289,.T.);
#5713=EDGE_CURVE('',#4528,#4528,#290,.T.);
#5714=EDGE_CURVE('',#4528,#4529,#2306,.T.);
#5715=EDGE_CURVE('',#4529,#4529,#291,.T.);
#5716=EDGE_CURVE('',#4530,#4531,#2307,.T.);
#5717=EDGE_CURVE('',#4532,#4530,#2308,.T.);
#5718=EDGE_CURVE('',#4533,#4532,#2309,.T.);
#5719=EDGE_CURVE('',#4531,#4533,#2310,.T.);
#5720=EDGE_CURVE('',#4534,#4535,#2311,.T.);
#5721=EDGE_CURVE('',#4530,#4534,#292,.T.);
#5722=EDGE_CURVE('',#4535,#4531,#293,.T.);
#5723=EDGE_CURVE('',#4536,#4537,#2312,.T.);
#5724=EDGE_CURVE('',#4534,#4536,#2313,.T.);
#5725=EDGE_CURVE('',#4537,#4535,#2314,.T.);
#5726=EDGE_CURVE('',#4536,#4532,#294,.T.);
#5727=EDGE_CURVE('',#4533,#4537,#295,.T.);
#5728=EDGE_CURVE('',#4538,#4539,#296,.T.);
#5729=EDGE_CURVE('',#4525,#4538,#2315,.T.);
#5730=EDGE_CURVE('',#4540,#4147,#2316,.T.);
#5731=EDGE_CURVE('',#4541,#4540,#297,.T.);
#5732=EDGE_CURVE('',#4539,#4541,#2317,.T.);
#5733=EDGE_CURVE('',#4542,#4538,#2318,.T.);
#5734=EDGE_CURVE('',#4524,#4542,#2319,.T.);
#5735=EDGE_CURVE('',#4539,#4543,#2320,.T.);
#5736=EDGE_CURVE('',#4543,#4542,#298,.T.);
#5737=EDGE_CURVE('',#4544,#4541,#2321,.T.);
#5738=EDGE_CURVE('',#4544,#4545,#2322,.T.);
#5739=EDGE_CURVE('',#4546,#4545,#2323,.T.);
#5740=EDGE_CURVE('',#4547,#4546,#2324,.T.);
#5741=EDGE_CURVE('',#4548,#4547,#2325,.T.);
#5742=EDGE_CURVE('',#4549,#4548,#2326,.T.);
#5743=EDGE_CURVE('',#4550,#4549,#2327,.T.);
#5744=EDGE_CURVE('',#4550,#4551,#2328,.T.);
#5745=EDGE_CURVE('',#4551,#4552,#2329,.T.);
#5746=EDGE_CURVE('',#4552,#4553,#2330,.T.);
#5747=EDGE_CURVE('',#4553,#4543,#2331,.T.);
#5748=EDGE_CURVE('',#4540,#4554,#2332,.T.);
#5749=EDGE_CURVE('',#4554,#4544,#299,.T.);
#5750=EDGE_CURVE('',#4554,#4523,#2333,.T.);
#5751=EDGE_CURVE('',#4555,#4556,#300,.T.);
#5752=EDGE_CURVE('',#4555,#4557,#2334,.T.);
#5753=EDGE_CURVE('',#4557,#4558,#2335,.T.);
#5754=EDGE_CURVE('',#4556,#4558,#2336,.T.);
#5755=EDGE_CURVE('',#4556,#4559,#2337,.T.);
#5756=EDGE_CURVE('',#4558,#4560,#2338,.T.);
#5757=EDGE_CURVE('',#4559,#4560,#2339,.T.);
#5758=EDGE_CURVE('',#4559,#4561,#301,.T.);
#5759=EDGE_CURVE('',#4560,#4562,#2340,.T.);
#5760=EDGE_CURVE('',#4561,#4562,#2341,.T.);
#5761=EDGE_CURVE('',#4561,#4563,#2342,.T.);
#5762=EDGE_CURVE('',#4562,#4564,#2343,.T.);
#5763=EDGE_CURVE('',#4563,#4564,#2344,.T.);
#5764=EDGE_CURVE('',#4565,#4566,#2345,.T.);
#5765=EDGE_CURVE('',#4567,#4565,#2346,.T.);
#5766=EDGE_CURVE('',#4568,#4567,#2347,.T.);
#5767=EDGE_CURVE('',#4569,#4568,#2348,.T.);
#5768=EDGE_CURVE('',#4569,#4566,#2349,.T.);
#5769=EDGE_CURVE('',#4570,#4571,#2350,.T.);
#5770=EDGE_CURVE('',#4571,#4572,#2351,.T.);
#5771=EDGE_CURVE('',#4572,#4573,#2352,.T.);
#5772=EDGE_CURVE('',#4570,#4573,#2353,.T.);
#5773=EDGE_CURVE('',#4574,#4571,#2354,.T.);
#5774=EDGE_CURVE('',#4574,#4575,#2355,.T.);
#5775=EDGE_CURVE('',#4575,#4572,#2356,.T.);
#5776=EDGE_CURVE('',#4566,#4576,#2357,.T.);
#5777=EDGE_CURVE('',#4577,#4569,#2358,.T.);
#5778=EDGE_CURVE('',#4577,#4576,#2359,.T.);
#5779=EDGE_CURVE('',#4578,#4574,#2360,.T.);
#5780=EDGE_CURVE('',#4578,#4579,#2361,.T.);
#5781=EDGE_CURVE('',#4579,#4575,#2362,.T.);
#5782=EDGE_CURVE('',#4576,#4580,#2363,.T.);
#5783=EDGE_CURVE('',#4581,#4577,#2364,.T.);
#5784=EDGE_CURVE('',#4581,#4580,#2365,.T.);
#5785=EDGE_CURVE('',#4582,#4578,#2366,.T.);
#5786=EDGE_CURVE('',#4582,#4583,#2367,.T.);
#5787=EDGE_CURVE('',#4583,#4579,#2368,.T.);
#5788=EDGE_CURVE('',#4580,#4584,#2369,.T.);
#5789=EDGE_CURVE('',#4585,#4581,#2370,.T.);
#5790=EDGE_CURVE('',#4585,#4584,#2371,.T.);
#5791=EDGE_CURVE('',#4584,#4586,#2372,.T.);
#5792=EDGE_CURVE('',#4587,#4585,#2373,.T.);
#5793=EDGE_CURVE('',#4588,#4587,#2374,.T.);
#5794=EDGE_CURVE('',#4588,#4583,#2375,.T.);
#5795=EDGE_CURVE('',#4582,#4589,#2376,.T.);
#5796=EDGE_CURVE('',#4586,#4589,#2377,.T.);
#5797=EDGE_CURVE('',#4590,#4555,#2378,.T.);
#5798=EDGE_CURVE('',#4590,#4591,#2379,.T.);
#5799=EDGE_CURVE('',#4592,#4591,#2380,.T.);
#5800=EDGE_CURVE('',#4592,#4557,#2381,.T.);
#5801=EDGE_CURVE('',#4593,#4590,#302,.T.);
#5802=EDGE_CURVE('',#4568,#4593,#2382,.T.);
#5803=EDGE_CURVE('',#4594,#4567,#2383,.T.);
#5804=EDGE_CURVE('',#4591,#4594,#303,.T.);
#5805=EDGE_CURVE('',#4564,#4588,#2384,.T.);
#5806=EDGE_CURVE('',#4573,#4592,#2385,.T.);
#5807=EDGE_CURVE('',#4593,#4595,#2386,.T.);
#5808=EDGE_CURVE('',#4596,#4595,#2387,.T.);
#5809=EDGE_CURVE('',#4597,#4596,#2388,.T.);
#5810=EDGE_CURVE('',#4598,#4597,#2389,.T.);
#5811=EDGE_CURVE('',#4598,#4599,#2390,.T.);
#5812=EDGE_CURVE('',#4587,#4599,#2391,.T.);
#5813=EDGE_CURVE('',#4600,#4563,#304,.T.);
#5814=EDGE_CURVE('',#4600,#4601,#2392,.T.);
#5815=EDGE_CURVE('',#4595,#4601,#305,.T.);
#5816=EDGE_CURVE('',#4552,#4591,#306,.T.);
#5817=EDGE_CURVE('',#4551,#4602,#2393,.T.);
#5818=EDGE_CURVE('',#4602,#4603,#2394,.T.);
#5819=EDGE_CURVE('',#4603,#4604,#2395,.T.);
#5820=EDGE_CURVE('',#4604,#4605,#2396,.T.);
#5821=EDGE_CURVE('',#4605,#4606,#2397,.T.);
#5822=EDGE_CURVE('',#4606,#4607,#2398,.T.);
#5823=EDGE_CURVE('',#4607,#4608,#2399,.T.);
#5824=EDGE_CURVE('',#4608,#4609,#2400,.T.);
#5825=EDGE_CURVE('',#4609,#4610,#2401,.T.);
#5826=EDGE_CURVE('',#4610,#4611,#2402,.T.);
#5827=EDGE_CURVE('',#4570,#4611,#2403,.T.);
#5828=EDGE_CURVE('',#4612,#4565,#2404,.T.);
#5829=EDGE_CURVE('',#4612,#4613,#2405,.T.);
#5830=EDGE_CURVE('',#4613,#4614,#2406,.T.);
#5831=EDGE_CURVE('',#4615,#4614,#307,.T.);
#5832=EDGE_CURVE('',#4567,#4615,#2407,.T.);
#5833=EDGE_CURVE('',#4586,#4616,#2408,.T.);
#5834=EDGE_CURVE('',#4617,#4616,#2409,.T.);
#5835=EDGE_CURVE('',#4617,#4618,#2410,.T.);
#5836=EDGE_CURVE('',#4618,#4612,#2411,.T.);
#5837=EDGE_CURVE('',#4619,#4589,#2412,.T.);
#5838=EDGE_CURVE('',#4620,#4619,#308,.T.);
#5839=EDGE_CURVE('',#4621,#4620,#2413,.T.);
#5840=EDGE_CURVE('',#4622,#4621,#2414,.T.);
#5841=EDGE_CURVE('',#4623,#4622,#2415,.T.);
#5842=EDGE_CURVE('',#4624,#4623,#309,.T.);
#5843=EDGE_CURVE('',#4625,#4624,#2416,.T.);
#5844=EDGE_CURVE('',#4626,#4625,#2417,.T.);
#5845=EDGE_CURVE('',#4627,#4626,#2418,.T.);
#5846=EDGE_CURVE('',#4628,#4627,#2419,.T.);
#5847=EDGE_CURVE('',#4629,#4628,#2420,.T.);
#5848=EDGE_CURVE('',#4630,#4629,#310,.T.);
#5849=EDGE_CURVE('',#4631,#4630,#2421,.T.);
#5850=EDGE_CURVE('',#4632,#4631,#2422,.T.);
#5851=EDGE_CURVE('',#4633,#4632,#2423,.T.);
#5852=EDGE_CURVE('',#4616,#4633,#311,.T.);
#5853=EDGE_CURVE('',#4634,#4635,#2424,.T.);
#5854=EDGE_CURVE('',#4636,#4634,#2425,.T.);
#5855=EDGE_CURVE('',#4637,#4636,#2426,.T.);
#5856=EDGE_CURVE('',#4638,#4637,#2427,.T.);
#5857=EDGE_CURVE('',#4639,#4638,#2428,.T.);
#5858=EDGE_CURVE('',#4640,#4639,#312,.T.);
#5859=EDGE_CURVE('',#4635,#4640,#2429,.T.);
#5860=EDGE_CURVE('',#4641,#4642,#2430,.T.);
#5861=EDGE_CURVE('',#4643,#4641,#2431,.T.);
#5862=EDGE_CURVE('',#4644,#4643,#2432,.T.);
#5863=EDGE_CURVE('',#4645,#4644,#2433,.T.);
#5864=EDGE_CURVE('',#4646,#4645,#2434,.T.);
#5865=EDGE_CURVE('',#4642,#4646,#2435,.T.);
#5866=EDGE_CURVE('',#4637,#4627,#2436,.T.);
#5867=EDGE_CURVE('',#4638,#4626,#2437,.T.);
#5868=EDGE_CURVE('',#4636,#4647,#2438,.T.);
#5869=EDGE_CURVE('',#4647,#4648,#2439,.T.);
#5870=EDGE_CURVE('',#4648,#4628,#2440,.T.);
#5871=EDGE_CURVE('',#4634,#4649,#2441,.T.);
#5872=EDGE_CURVE('',#4649,#4650,#2442,.T.);
#5873=EDGE_CURVE('',#4650,#4632,#2443,.T.);
#5874=EDGE_CURVE('',#4651,#4631,#2444,.T.);
#5875=EDGE_CURVE('',#4651,#4647,#2445,.T.);
#5876=EDGE_CURVE('',#4613,#4635,#2446,.T.);
#5877=EDGE_CURVE('',#4649,#4618,#2447,.T.);
#5878=EDGE_CURVE('',#4641,#4610,#2448,.T.);
#5879=EDGE_CURVE('',#4643,#4609,#2449,.T.);
#5880=EDGE_CURVE('',#4652,#4642,#2450,.T.);
#5881=EDGE_CURVE('',#4653,#4652,#2451,.T.);
#5882=EDGE_CURVE('',#4611,#4653,#2452,.T.);
#5883=EDGE_CURVE('',#4614,#4640,#2453,.T.);
#5884=EDGE_CURVE('',#4654,#4617,#313,.T.);
#5885=EDGE_CURVE('',#4650,#4654,#2454,.T.);
#5886=EDGE_CURVE('',#4655,#4652,#2455,.T.);
#5887=EDGE_CURVE('',#4656,#4655,#2456,.T.);
#5888=EDGE_CURVE('',#4657,#4656,#314,.T.);
#5889=EDGE_CURVE('',#4653,#4657,#2457,.T.);
#5890=EDGE_CURVE('',#4648,#4658,#2458,.T.);
#5891=EDGE_CURVE('',#4659,#4651,#2459,.T.);
#5892=EDGE_CURVE('',#4658,#4659,#315,.T.);
#5893=EDGE_CURVE('',#4660,#4661,#2460,.T.);
#5894=EDGE_CURVE('',#4662,#4660,#2461,.T.);
#5895=EDGE_CURVE('',#4663,#4662,#2462,.T.);
#5896=EDGE_CURVE('',#4664,#4663,#2463,.T.);
#5897=EDGE_CURVE('',#4661,#4664,#316,.T.);
#5898=EDGE_CURVE('',#4658,#4629,#2464,.T.);
#5899=EDGE_CURVE('',#4657,#4619,#2465,.T.);
#5900=EDGE_CURVE('',#4654,#4633,#2466,.T.);
#5901=EDGE_CURVE('',#4623,#4661,#2467,.T.);
#5902=EDGE_CURVE('',#4660,#4622,#2468,.T.);
#5903=EDGE_CURVE('',#4665,#4666,#2469,.T.);
#5904=EDGE_CURVE('',#4666,#4667,#2470,.T.);
#5905=EDGE_CURVE('',#4667,#4668,#2471,.F.);
#5906=EDGE_CURVE('',#4668,#4669,#2472,.T.);
#5907=EDGE_CURVE('',#4669,#4670,#2473,.T.);
#5908=EDGE_CURVE('',#4670,#4665,#2474,.T.);
#5909=EDGE_CURVE('',#4671,#4666,#2475,.T.);
#5910=EDGE_CURVE('',#4671,#4672,#2476,.T.);
#5911=EDGE_CURVE('',#4672,#4667,#2477,.T.);
#5912=EDGE_CURVE('',#4665,#4673,#2478,.T.);
#5913=EDGE_CURVE('',#4674,#4673,#2479,.T.);
#5914=EDGE_CURVE('',#4674,#4675,#2480,.T.);
#5915=EDGE_CURVE('',#4676,#4675,#2481,.T.);
#5916=EDGE_CURVE('',#4676,#4677,#317,.T.);
#5917=EDGE_CURVE('',#4678,#4677,#2482,.T.);
#5918=EDGE_CURVE('',#4678,#4679,#2483,.T.);
#5919=EDGE_CURVE('',#4671,#4679,#2484,.T.);
#5920=EDGE_CURVE('',#4680,#4670,#2485,.T.);
#5921=EDGE_CURVE('',#4681,#4680,#2486,.T.);
#5922=EDGE_CURVE('',#4682,#4681,#2487,.T.);
#5923=EDGE_CURVE('',#4683,#4682,#2488,.T.);
#5924=EDGE_CURVE('',#4684,#4683,#2489,.T.);
#5925=EDGE_CURVE('',#4685,#4684,#318,.T.);
#5926=EDGE_CURVE('',#4686,#4685,#2490,.T.);
#5927=EDGE_CURVE('',#4687,#4686,#319,.T.);
#5928=EDGE_CURVE('',#4688,#4687,#2491,.T.);
#5929=EDGE_CURVE('',#4673,#4688,#2492,.T.);
#5930=EDGE_CURVE('',#4689,#4521,#2493,.T.);
#5931=EDGE_CURVE('',#4689,#4690,#320,.F.);
#5932=EDGE_CURVE('',#4690,#4691,#321,.T.);
#5933=EDGE_CURVE('',#4691,#4692,#2494,.T.);
#5934=EDGE_CURVE('',#4693,#4692,#322,.T.);
#5935=EDGE_CURVE('',#4694,#4693,#2495,.T.);
#5936=EDGE_CURVE('',#4695,#4694,#2496,.T.);
#5937=EDGE_CURVE('',#4696,#4695,#2497,.T.);
#5938=EDGE_CURVE('',#4697,#4696,#323,.T.);
#5939=EDGE_CURVE('',#4697,#4698,#2498,.T.);
#5940=EDGE_CURVE('',#4698,#4699,#324,.T.);
#5941=EDGE_CURVE('',#4699,#4700,#2499,.T.);
#5942=EDGE_CURVE('',#4700,#4596,#325,.T.);
#5943=EDGE_CURVE('',#4601,#4701,#2500,.T.);
#5944=EDGE_CURVE('',#4701,#4702,#326,.T.);
#5945=EDGE_CURVE('',#4702,#4703,#2501,.T.);
#5946=EDGE_CURVE('',#4703,#4680,#327,.T.);
#5947=EDGE_CURVE('',#4669,#4704,#2502,.T.);
#5948=EDGE_CURVE('',#4704,#4705,#328,.T.);
#5949=EDGE_CURVE('',#4705,#4706,#2503,.T.);
#5950=EDGE_CURVE('',#4706,#4547,#329,.T.);
#5951=EDGE_CURVE('',#4707,#4546,#330,.T.);
#5952=EDGE_CURVE('',#4522,#4707,#2504,.T.);
#5953=EDGE_CURVE('',#4708,#4708,#331,.T.);
#5954=EDGE_CURVE('',#4709,#4709,#332,.T.);
#5955=EDGE_CURVE('',#4710,#4710,#333,.T.);
#5956=EDGE_CURVE('',#4659,#4630,#2505,.T.);
#5957=EDGE_CURVE('',#4656,#4620,#2506,.T.);
#5958=EDGE_CURVE('',#4655,#4621,#2507,.T.);
#5959=EDGE_CURVE('',#4711,#4712,#65,.T.);
#5960=EDGE_CURVE('',#4711,#4713,#2508,.T.);
#5961=EDGE_CURVE('',#4713,#4714,#66,.T.);
#5962=EDGE_CURVE('',#4714,#4715,#2509,.T.);
#5963=EDGE_CURVE('',#4716,#4715,#67,.F.);
#5964=EDGE_CURVE('',#4716,#4712,#37,.T.);
#5965=EDGE_CURVE('',#4711,#4717,#2510,.T.);
#5966=EDGE_CURVE('',#4718,#4717,#68,.F.);
#5967=EDGE_CURVE('',#4719,#4718,#2511,.T.);
#5968=EDGE_CURVE('',#4713,#4719,#2512,.T.);
#5969=EDGE_CURVE('',#4712,#4720,#2513,.T.);
#5970=EDGE_CURVE('',#4721,#4720,#334,.T.);
#5971=EDGE_CURVE('',#4722,#4721,#2514,.T.);
#5972=EDGE_CURVE('',#4717,#4722,#2515,.T.);
#5973=EDGE_CURVE('',#4723,#4724,#69,.T.);
#5974=EDGE_CURVE('',#4724,#4725,#2516,.T.);
#5975=EDGE_CURVE('',#4725,#4726,#70,.T.);
#5976=EDGE_CURVE('',#4726,#4723,#2517,.T.);
#5977=EDGE_CURVE('',#4727,#4724,#2518,.T.);
#5978=EDGE_CURVE('',#4727,#4728,#335,.F.);
#5979=EDGE_CURVE('',#4728,#4729,#2519,.T.);
#5980=EDGE_CURVE('',#4730,#4729,#2520,.T.);
#5981=EDGE_CURVE('',#4730,#4725,#2521,.T.);
#5982=EDGE_CURVE('',#4731,#4732,#336,.T.);
#5983=EDGE_CURVE('',#4732,#4721,#38,.T.);
#5984=EDGE_CURVE('',#4721,#4733,#337,.T.);
#5985=EDGE_CURVE('',#4733,#4731,#39,.T.);
#5986=EDGE_CURVE('',#4720,#4734,#338,.T.);
#5987=EDGE_CURVE('',#4734,#4733,#339,.T.);
#5988=EDGE_CURVE('',#4716,#4734,#2522,.T.);
#5989=EDGE_CURVE('',#4735,#4736,#340,.T.);
#5990=EDGE_CURVE('',#4736,#4732,#341,.T.);
#5991=EDGE_CURVE('',#4731,#4735,#342,.T.);
#5992=EDGE_CURVE('',#4737,#4735,#40,.T.);
#5993=EDGE_CURVE('',#4737,#4738,#343,.T.);
#5994=EDGE_CURVE('',#4738,#4736,#344,.T.);
#5995=EDGE_CURVE('',#4739,#4737,#41,.T.);
#5996=EDGE_CURVE('',#4739,#4740,#345,.T.);
#5997=EDGE_CURVE('',#4740,#4738,#2523,.T.);
#5998=EDGE_CURVE('',#4727,#4741,#2524,.T.);
#5999=EDGE_CURVE('',#4741,#4742,#346,.T.);
#6000=EDGE_CURVE('',#4742,#4728,#2525,.T.);
#6001=EDGE_CURVE('',#4743,#4744,#347,.T.);
#6002=EDGE_CURVE('',#4744,#4742,#348,.T.);
#6003=EDGE_CURVE('',#4741,#4743,#349,.T.);
#6004=EDGE_CURVE('',#4743,#4745,#42,.T.);
#6005=EDGE_CURVE('',#4745,#4746,#350,.T.);
#6006=EDGE_CURVE('',#4746,#4744,#43,.T.);
#6007=EDGE_CURVE('',#4747,#4748,#351,.T.);
#6008=EDGE_CURVE('',#4748,#4746,#352,.T.);
#6009=EDGE_CURVE('',#4745,#4747,#353,.T.);
#6010=EDGE_CURVE('',#4748,#4739,#44,.T.);
#6011=EDGE_CURVE('',#4747,#4740,#354,.T.);
#6012=EDGE_CURVE('',#4738,#4749,#2526,.T.);
#6013=EDGE_CURVE('',#4722,#4749,#355,.T.);
#6014=EDGE_CURVE('',#4740,#4750,#2527,.T.);
#6015=EDGE_CURVE('',#4749,#4750,#2528,.T.);
#6016=EDGE_CURVE('',#4751,#4748,#356,.T.);
#6017=EDGE_CURVE('',#4751,#4752,#357,.F.);
#6018=EDGE_CURVE('',#4753,#4752,#2529,.T.);
#6019=EDGE_CURVE('',#4753,#4754,#2530,.T.);
#6020=EDGE_CURVE('',#4755,#4754,#358,.T.);
#6021=EDGE_CURVE('',#4755,#4756,#2531,.T.);
#6022=EDGE_CURVE('',#4757,#4756,#2532,.T.);
#6023=EDGE_CURVE('',#4758,#4757,#359,.T.);
#6024=EDGE_CURVE('',#4759,#4758,#2533,.T.);
#6025=EDGE_CURVE('',#4760,#4759,#360,.T.);
#6026=EDGE_CURVE('',#4746,#4760,#2534,.T.);
#6027=EDGE_CURVE('',#4743,#4761,#2535,.T.);
#6028=EDGE_CURVE('',#4750,#4761,#361,.T.);
#6029=EDGE_CURVE('',#4723,#4762,#2536,.T.);
#6030=EDGE_CURVE('',#4761,#4762,#2537,.T.);
#6031=EDGE_CURVE('',#4763,#4764,#45,.F.);
#6032=EDGE_CURVE('',#4763,#4765,#2538,.T.);
#6033=EDGE_CURVE('',#4766,#4765,#46,.F.);
#6034=EDGE_CURVE('',#4766,#4764,#2539,.T.);
#6035=EDGE_CURVE('',#4766,#4767,#71,.T.);
#6036=EDGE_CURVE('',#4767,#4768,#2540,.T.);
#6037=EDGE_CURVE('',#4769,#4768,#2541,.T.);
#6038=EDGE_CURVE('',#4770,#4769,#2542,.T.);
#6039=EDGE_CURVE('',#4764,#4770,#362,.T.);
#6040=EDGE_CURVE('',#4765,#4730,#72,.T.);
#6041=EDGE_CURVE('',#4771,#4729,#73,.F.);
#6042=EDGE_CURVE('',#4771,#4772,#47,.T.);
#6043=EDGE_CURVE('',#4773,#4772,#74,.T.);
#6044=EDGE_CURVE('',#4773,#4767,#2543,.T.);
#6045=EDGE_CURVE('',#4773,#4774,#2544,.T.);
#6046=EDGE_CURVE('',#4775,#4774,#75,.F.);
#6047=EDGE_CURVE('',#4776,#4775,#2545,.T.);
#6048=EDGE_CURVE('',#4768,#4776,#76,.F.);
#6049=EDGE_CURVE('',#4772,#4777,#2546,.T.);
#6050=EDGE_CURVE('',#4778,#4777,#363,.T.);
#6051=EDGE_CURVE('',#4779,#4778,#2547,.T.);
#6052=EDGE_CURVE('',#4774,#4779,#2548,.T.);
#6053=EDGE_CURVE('',#4780,#4781,#48,.F.);
#6054=EDGE_CURVE('',#4780,#4782,#2549,.T.);
#6055=EDGE_CURVE('',#4782,#4783,#77,.T.);
#6056=EDGE_CURVE('',#4783,#4784,#2550,.T.);
#6057=EDGE_CURVE('',#4784,#4785,#78,.T.);
#6058=EDGE_CURVE('',#4785,#4781,#2551,.T.);
#6059=EDGE_CURVE('',#4780,#4786,#364,.T.);
#6060=EDGE_CURVE('',#4786,#4787,#2552,.T.);
#6061=EDGE_CURVE('',#4787,#4788,#2553,.T.);
#6062=EDGE_CURVE('',#4788,#4789,#2554,.T.);
#6063=EDGE_CURVE('',#4789,#4790,#365,.T.);
#6064=EDGE_CURVE('',#4790,#4791,#2555,.T.);
#6065=EDGE_CURVE('',#4791,#4792,#2556,.T.);
#6066=EDGE_CURVE('',#4792,#4793,#2557,.T.);
#6067=EDGE_CURVE('',#4793,#4781,#366,.T.);
#6068=EDGE_CURVE('',#4794,#4785,#2558,.T.);
#6069=EDGE_CURVE('',#4794,#4795,#367,.F.);
#6070=EDGE_CURVE('',#4795,#4796,#2559,.T.);
#6071=EDGE_CURVE('',#4796,#4797,#2560,.T.);
#6072=EDGE_CURVE('',#4798,#4797,#368,.T.);
#6073=EDGE_CURVE('',#4798,#4782,#2561,.T.);
#6074=EDGE_CURVE('',#4794,#4799,#2562,.T.);
#6075=EDGE_CURVE('',#4799,#4800,#369,.T.);
#6076=EDGE_CURVE('',#4800,#4795,#2563,.T.);
#6077=EDGE_CURVE('',#4801,#4802,#370,.T.);
#6078=EDGE_CURVE('',#4802,#4800,#371,.T.);
#6079=EDGE_CURVE('',#4799,#4801,#372,.T.);
#6080=EDGE_CURVE('',#4803,#4757,#373,.T.);
#6081=EDGE_CURVE('',#4757,#4802,#49,.T.);
#6082=EDGE_CURVE('',#4801,#4803,#50,.T.);
#6083=EDGE_CURVE('',#4804,#4759,#374,.T.);
#6084=EDGE_CURVE('',#4758,#4805,#375,.T.);
#6085=EDGE_CURVE('',#4805,#4804,#2564,.T.);
#6086=EDGE_CURVE('',#4803,#4805,#376,.T.);
#6087=EDGE_CURVE('',#4778,#4806,#377,.T.);
#6088=EDGE_CURVE('',#4806,#4760,#51,.T.);
#6089=EDGE_CURVE('',#4760,#4807,#378,.T.);
#6090=EDGE_CURVE('',#4807,#4778,#52,.T.);
#6091=EDGE_CURVE('',#4777,#4808,#379,.T.);
#6092=EDGE_CURVE('',#4808,#4806,#380,.T.);
#6093=EDGE_CURVE('',#4771,#4808,#2565,.T.);
#6094=EDGE_CURVE('',#4804,#4807,#381,.T.);
#6095=EDGE_CURVE('',#4784,#4809,#2566,.T.);
#6096=EDGE_CURVE('',#4810,#4809,#2567,.T.);
#6097=EDGE_CURVE('',#4801,#4810,#2568,.T.);
#6098=EDGE_CURVE('',#4811,#4800,#2569,.T.);
#6099=EDGE_CURVE('',#4811,#4796,#2570,.T.);
#6100=EDGE_CURVE('',#4756,#4811,#382,.T.);
#6101=EDGE_CURVE('',#4812,#4731,#2571,.T.);
#6102=EDGE_CURVE('',#4735,#4812,#383,.T.);
#6103=EDGE_CURVE('',#4813,#4814,#79,.T.);
#6104=EDGE_CURVE('',#4814,#4815,#2572,.T.);
#6105=EDGE_CURVE('',#4815,#4816,#384,.T.);
#6106=EDGE_CURVE('',#4816,#4813,#2573,.T.);
#6107=EDGE_CURVE('',#4816,#4817,#385,.T.);
#6108=EDGE_CURVE('',#4817,#4818,#2574,.T.);
#6109=EDGE_CURVE('',#4818,#4819,#386,.T.);
#6110=EDGE_CURVE('',#4819,#4816,#2575,.T.);
#6111=EDGE_CURVE('',#4815,#4817,#387,.T.);
#6112=EDGE_CURVE('',#4819,#4769,#388,.T.);
#6113=EDGE_CURVE('',#4776,#4819,#2576,.T.);
#6114=EDGE_CURVE('',#4818,#4769,#389,.T.);
#6115=EDGE_CURVE('',#4783,#4814,#2577,.T.);
#6116=EDGE_CURVE('',#4820,#4798,#2578,.T.);
#6117=EDGE_CURVE('',#4821,#4820,#2579,.T.);
#6118=EDGE_CURVE('',#4675,#4821,#2580,.T.);
#6119=EDGE_CURVE('',#4674,#4822,#2581,.T.);
#6120=EDGE_CURVE('',#4822,#4823,#390,.F.);
#6121=EDGE_CURVE('',#4823,#4815,#2582,.F.);
#6122=EDGE_CURVE('',#4824,#4813,#2583,.T.);
#6123=EDGE_CURVE('',#4809,#4824,#80,.T.);
#6124=EDGE_CURVE('',#4825,#4775,#2584,.T.);
#6125=EDGE_CURVE('',#4826,#4825,#2585,.T.);
#6126=EDGE_CURVE('',#4824,#4826,#2586,.T.);
#6127=EDGE_CURVE('',#4722,#4827,#391,.T.);
#6128=EDGE_CURVE('',#4827,#4718,#2587,.T.);
#6129=EDGE_CURVE('',#4827,#4749,#392,.T.);
#6130=EDGE_CURVE('',#4750,#4828,#393,.T.);
#6131=EDGE_CURVE('',#4828,#4827,#2588,.T.);
#6132=EDGE_CURVE('',#4762,#4829,#81,.T.);
#6133=EDGE_CURVE('',#4829,#4828,#2589,.T.);
#6134=EDGE_CURVE('',#4828,#4761,#394,.T.);
#6135=EDGE_CURVE('',#4829,#4830,#2590,.T.);
#6136=EDGE_CURVE('',#4830,#4719,#2591,.T.);
#6137=EDGE_CURVE('',#4726,#4830,#2592,.T.);
#6138=EDGE_CURVE('',#4779,#4825,#395,.T.);
#6139=EDGE_CURVE('',#4825,#4831,#396,.T.);
#6140=EDGE_CURVE('',#4831,#4832,#2593,.T.);
#6141=EDGE_CURVE('',#4832,#4826,#397,.T.);
#6142=EDGE_CURVE('',#4779,#4831,#398,.T.);
#6143=EDGE_CURVE('',#4826,#4810,#399,.T.);
#6144=EDGE_CURVE('',#4832,#4810,#400,.T.);
#6145=EDGE_CURVE('',#4714,#4833,#2594,.T.);
#6146=EDGE_CURVE('',#4834,#4833,#401,.T.);
#6147=EDGE_CURVE('',#4834,#4715,#2595,.T.);
#6148=EDGE_CURVE('',#4763,#4822,#2596,.T.);
#6149=EDGE_CURVE('',#4835,#4770,#53,.F.);
#6150=EDGE_CURVE('',#4836,#4835,#2597,.T.);
#6151=EDGE_CURVE('',#4836,#4823,#54,.T.);
#6152=EDGE_CURVE('',#4837,#4763,#2598,.T.);
#6153=EDGE_CURVE('',#4837,#4753,#2599,.T.);
#6154=EDGE_CURVE('',#4752,#4838,#2600,.T.);
#6155=EDGE_CURVE('',#4839,#4838,#55,.T.);
#6156=EDGE_CURVE('',#4840,#4839,#2601,.T.);
#6157=EDGE_CURVE('',#4841,#4840,#402,.T.);
#6158=EDGE_CURVE('',#4833,#4841,#2602,.T.);
#6159=EDGE_CURVE('',#4822,#4688,#2603,.T.);
#6160=EDGE_CURVE('',#4804,#4831,#2604,.T.);
#6161=EDGE_CURVE('',#4805,#4832,#2605,.T.);
#6162=EDGE_CURVE('',#4808,#4742,#2606,.T.);
#6163=EDGE_CURVE('',#4734,#4842,#2607,.T.);
#6164=EDGE_CURVE('',#4843,#4842,#403,.T.);
#6165=EDGE_CURVE('',#4843,#4812,#2608,.T.);
#6166=EDGE_CURVE('',#4842,#4834,#2609,.T.);
#6167=EDGE_CURVE('',#4797,#4844,#2610,.T.);
#6168=EDGE_CURVE('',#4844,#4820,#404,.T.);
#6169=EDGE_CURVE('',#4844,#4845,#2611,.T.);
#6170=EDGE_CURVE('',#4845,#4846,#2612,.T.);
#6171=EDGE_CURVE('',#4846,#4847,#405,.T.);
#6172=EDGE_CURVE('',#4847,#4821,#2613,.T.);
#6173=EDGE_CURVE('',#4848,#4848,#406,.T.);
#6174=EDGE_CURVE('',#4846,#4677,#2614,.T.);
#6175=EDGE_CURVE('',#4676,#4847,#2615,.T.);
#6176=EDGE_CURVE('',#4678,#4845,#2616,.T.);
#6177=EDGE_CURVE('',#4839,#4849,#56,.F.);
#6178=EDGE_CURVE('',#4849,#4843,#2617,.T.);
#6179=EDGE_CURVE('',#4843,#4840,#407,.T.);
#6180=EDGE_CURVE('',#4842,#4841,#408,.T.);
#6181=EDGE_CURVE('',#4812,#4849,#409,.T.);
#6182=EDGE_CURVE('',#4850,#4672,#2618,.T.);
#6183=EDGE_CURVE('',#4850,#4851,#2619,.F.);
#6184=EDGE_CURVE('',#4852,#4851,#2620,.T.);
#6185=EDGE_CURVE('',#4852,#4668,#2621,.F.);
#6186=EDGE_CURVE('',#4853,#4854,#2622,.T.);
#6187=EDGE_CURVE('',#4854,#4855,#2623,.F.);
#6188=EDGE_CURVE('',#4855,#4856,#2624,.T.);
#6189=EDGE_CURVE('',#4856,#4853,#2625,.T.);
#6190=EDGE_CURVE('',#4857,#4857,#82,.T.);
#6191=EDGE_CURVE('',#4851,#4700,#2626,.T.);
#6192=EDGE_CURVE('',#4852,#4699,#2627,.T.);
#6193=EDGE_CURVE('',#4858,#4859,#2628,.T.);
#6194=EDGE_CURVE('',#4860,#4858,#2629,.T.);
#6195=EDGE_CURVE('',#4861,#4860,#2630,.T.);
#6196=EDGE_CURVE('',#4859,#4861,#2631,.T.);
#6197=EDGE_CURVE('',#4858,#4854,#2632,.T.);
#6198=EDGE_CURVE('',#4855,#4859,#2633,.T.);
#6199=EDGE_CURVE('',#4856,#4861,#2634,.T.);
#6200=EDGE_CURVE('',#4853,#4860,#2635,.T.);
#6201=EDGE_CURVE('',#4862,#4863,#410,.T.);
#6202=EDGE_CURVE('',#4863,#4697,#2636,.T.);
#6203=EDGE_CURVE('',#4696,#4862,#2637,.T.);
#6204=EDGE_CURVE('',#4863,#4864,#2638,.T.);
#6205=EDGE_CURVE('',#4692,#4864,#2639,.T.);
#6206=EDGE_CURVE('',#4594,#4691,#2640,.T.);
#6207=EDGE_CURVE('',#4615,#4698,#2641,.T.);
#6208=EDGE_CURVE('',#4864,#4865,#411,.T.);
#6209=EDGE_CURVE('',#4865,#4693,#2642,.T.);
#6210=EDGE_CURVE('',#4866,#4865,#2643,.T.);
#6211=EDGE_CURVE('',#4866,#4694,#2644,.T.);
#6212=EDGE_CURVE('',#4545,#4867,#412,.T.);
#6213=EDGE_CURVE('',#4867,#4707,#2645,.T.);
#6214=EDGE_CURVE('',#4133,#4867,#2646,.T.);
#6215=EDGE_CURVE('',#4868,#4869,#413,.F.);
#6216=EDGE_CURVE('',#4868,#4690,#2647,.T.);
#6217=EDGE_CURVE('',#4689,#4869,#2648,.T.);
#6218=EDGE_CURVE('',#4869,#4130,#2649,.T.);
#6219=EDGE_CURVE('',#4695,#4870,#2650,.T.);
#6220=EDGE_CURVE('',#4862,#4870,#2651,.T.);
#6221=EDGE_CURVE('',#4871,#4872,#2652,.T.);
#6222=EDGE_CURVE('',#4871,#4873,#2653,.T.);
#6223=EDGE_CURVE('',#4874,#4873,#2654,.T.);
#6224=EDGE_CURVE('',#4872,#4874,#2655,.T.);
#6225=EDGE_CURVE('',#4872,#4875,#414,.T.);
#6226=EDGE_CURVE('',#4876,#4874,#415,.T.);
#6227=EDGE_CURVE('',#4875,#4876,#2656,.T.);
#6228=EDGE_CURVE('',#4875,#4877,#2657,.T.);
#6229=EDGE_CURVE('',#4878,#4876,#2658,.T.);
#6230=EDGE_CURVE('',#4877,#4878,#2659,.T.);
#6231=EDGE_CURVE('',#4877,#4871,#416,.T.);
#6232=EDGE_CURVE('',#4873,#4878,#417,.T.);
#6233=EDGE_CURVE('',#4870,#4866,#2660,.T.);
#6234=EDGE_CURVE('',#4879,#4879,#418,.T.);
#6235=EDGE_CURVE('',#4710,#4879,#2661,.T.);
#6236=EDGE_CURVE('',#4880,#4881,#2662,.T.);
#6237=EDGE_CURVE('',#4880,#4882,#2663,.T.);
#6238=EDGE_CURVE('',#4883,#4882,#2664,.T.);
#6239=EDGE_CURVE('',#4881,#4883,#2665,.T.);
#6240=EDGE_CURVE('',#4881,#4884,#419,.T.);
#6241=EDGE_CURVE('',#4885,#4883,#420,.T.);
#6242=EDGE_CURVE('',#4884,#4885,#2666,.T.);
#6243=EDGE_CURVE('',#4884,#4886,#2667,.T.);
#6244=EDGE_CURVE('',#4887,#4885,#2668,.T.);
#6245=EDGE_CURVE('',#4886,#4887,#2669,.T.);
#6246=EDGE_CURVE('',#4886,#4880,#421,.T.);
#6247=EDGE_CURVE('',#4882,#4887,#422,.T.);
#6248=EDGE_CURVE('',#4868,#4553,#423,.T.);
#6249=EDGE_CURVE('',#4888,#4888,#424,.T.);
#6250=EDGE_CURVE('',#4709,#4888,#2670,.T.);
#6251=EDGE_CURVE('',#4889,#4890,#2671,.T.);
#6252=EDGE_CURVE('',#4889,#4891,#2672,.T.);
#6253=EDGE_CURVE('',#4892,#4891,#2673,.T.);
#6254=EDGE_CURVE('',#4890,#4892,#2674,.T.);
#6255=EDGE_CURVE('',#4890,#4893,#425,.T.);
#6256=EDGE_CURVE('',#4894,#4892,#426,.T.);
#6257=EDGE_CURVE('',#4893,#4894,#2675,.T.);
#6258=EDGE_CURVE('',#4893,#4895,#2676,.T.);
#6259=EDGE_CURVE('',#4896,#4894,#2677,.T.);
#6260=EDGE_CURVE('',#4895,#4896,#2678,.T.);
#6261=EDGE_CURVE('',#4895,#4889,#427,.T.);
#6262=EDGE_CURVE('',#4891,#4896,#428,.T.);
#6263=EDGE_CURVE('',#4897,#4897,#429,.T.);
#6264=EDGE_CURVE('',#4708,#4897,#2679,.T.);
#6265=EDGE_CURVE('',#4898,#4899,#2680,.F.);
#6266=EDGE_CURVE('',#4900,#4898,#2681,.F.);
#6267=EDGE_CURVE('',#4901,#4900,#2682,.F.);
#6268=EDGE_CURVE('',#4899,#4901,#2683,.F.);
#6269=EDGE_CURVE('',#4902,#4903,#2684,.F.);
#6270=EDGE_CURVE('',#4904,#4902,#2685,.F.);
#6271=EDGE_CURVE('',#4905,#4904,#2686,.F.);
#6272=EDGE_CURVE('',#4903,#4905,#2687,.F.);
#6273=EDGE_CURVE('',#4905,#4900,#430,.T.);
#6274=EDGE_CURVE('',#4906,#4904,#431,.T.);
#6275=EDGE_CURVE('',#4901,#4906,#432,.T.);
#6276=EDGE_CURVE('',#4899,#4898,#433,.T.);
#6277=EDGE_CURVE('',#4903,#4902,#434,.T.);
#6278=EDGE_CURVE('',#4907,#4908,#2688,.T.);
#6279=EDGE_CURVE('',#4907,#4908,#435,.T.);
#6280=EDGE_CURVE('',#4909,#4910,#2689,.T.);
#6281=EDGE_CURVE('',#4909,#4910,#436,.T.);
#6282=EDGE_CURVE('',#4857,#4911,#2690,.T.);
#6283=EDGE_CURVE('',#4912,#4911,#437,.T.);
#6284=EDGE_CURVE('',#4909,#4912,#2691,.T.);
#6285=EDGE_CURVE('',#4910,#4913,#2692,.T.);
#6286=EDGE_CURVE('',#4914,#4913,#438,.T.);
#6287=EDGE_CURVE('',#4907,#4914,#2693,.T.);
#6288=EDGE_CURVE('',#4908,#4915,#2694,.T.);
#6289=EDGE_CURVE('',#4911,#4915,#439,.T.);
#6290=EDGE_CURVE('',#4679,#4850,#2695,.T.);
#6291=EDGE_CURVE('',#4916,#4917,#2696,.T.);
#6292=EDGE_CURVE('',#4918,#4916,#2697,.T.);
#6293=EDGE_CURVE('',#4919,#4918,#2698,.T.);
#6294=EDGE_CURVE('',#4917,#4919,#2699,.T.);
#6295=EDGE_CURVE('',#4920,#4921,#440,.F.);
#6296=EDGE_CURVE('',#4921,#4920,#2700,.T.);
#6297=EDGE_CURVE('',#4604,#4921,#2701,.T.);
#6298=EDGE_CURVE('',#4921,#4922,#441,.F.);
#6299=EDGE_CURVE('',#4922,#4923,#2702,.T.);
#6300=EDGE_CURVE('',#4923,#4924,#2703,.F.);
#6301=EDGE_CURVE('',#4924,#4603,#2704,.T.);
#6302=EDGE_CURVE('',#4603,#4604,#2705,.T.);
#6303=EDGE_CURVE('',#4625,#4644,#2706,.T.);
#6304=EDGE_CURVE('',#4664,#4624,#2707,.T.);
#6305=EDGE_CURVE('',#4663,#4645,#2708,.T.);
#6306=EDGE_CURVE('',#4646,#4662,#2709,.T.);
#6307=EDGE_CURVE('',#4605,#4606,#2710,.T.);
#6308=EDGE_CURVE('',#4605,#4925,#2711,.F.);
#6309=EDGE_CURVE('',#4925,#4926,#2712,.F.);
#6310=EDGE_CURVE('',#4926,#4607,#2713,.T.);
#6311=EDGE_CURVE('',#4927,#4928,#2714,.T.);
#6312=EDGE_CURVE('',#4928,#4929,#2715,.T.);
#6313=EDGE_CURVE('',#4607,#4929,#2716,.T.);
#6314=EDGE_CURVE('',#4927,#4926,#2717,.T.);
#6315=EDGE_CURVE('',#4930,#4606,#2718,.T.);
#6316=EDGE_CURVE('',#4603,#4931,#2719,.T.);
#6317=EDGE_CURVE('',#4930,#4931,#2720,.T.);
#6318=EDGE_CURVE('',#4932,#4929,#2721,.T.);
#6319=EDGE_CURVE('',#4608,#4932,#2722,.T.);
#6320=EDGE_CURVE('',#4602,#4933,#2723,.T.);
#6321=EDGE_CURVE('',#4933,#4934,#2724,.F.);
#6322=EDGE_CURVE('',#4934,#4604,#2725,.F.);
#6323=EDGE_CURVE('',#4935,#4936,#2726,.T.);
#6324=EDGE_CURVE('',#4936,#4933,#2727,.F.);
#6325=EDGE_CURVE('',#4937,#4602,#2728,.T.);
#6326=EDGE_CURVE('',#4935,#4937,#2729,.T.);
#6327=EDGE_CURVE('',#4937,#4550,#2730,.T.);
#6328=EDGE_CURVE('',#4917,#4597,#442,.T.);
#6329=EDGE_CURVE('',#4919,#4598,#443,.T.);
#6330=EDGE_CURVE('',#4599,#4918,#444,.T.);
#6331=EDGE_CURVE('',#4852,#4639,#2731,.T.);
#6332=EDGE_CURVE('',#4917,#4851,#2732,.T.);
#6333=EDGE_CURVE('',#4938,#4920,#445,.F.);
#6334=EDGE_CURVE('',#4938,#4939,#2733,.T.);
#6335=EDGE_CURVE('',#4940,#4939,#446,.T.);
#6336=EDGE_CURVE('',#4922,#4940,#2734,.T.);
#6337=EDGE_CURVE('',#4941,#4940,#2735,.T.);
#6338=EDGE_CURVE('',#4923,#4941,#2736,.T.);
#6339=EDGE_CURVE('',#4942,#4941,#2737,.T.);
#6340=EDGE_CURVE('',#4924,#4942,#2738,.T.);
#6341=EDGE_CURVE('',#4942,#4931,#2739,.T.);
#6342=EDGE_CURVE('',#4943,#4938,#2740,.F.);
#6343=EDGE_CURVE('',#4943,#4944,#2741,.T.);
#6344=EDGE_CURVE('',#4939,#4944,#2742,.T.);
#6345=EDGE_CURVE('',#4945,#4946,#2743,.F.);
#6346=EDGE_CURVE('',#4945,#4947,#2744,.T.);
#6347=EDGE_CURVE('',#4948,#4947,#2745,.F.);
#6348=EDGE_CURVE('',#4946,#4948,#2746,.T.);
#6349=EDGE_CURVE('',#4949,#4950,#447,.F.);
#6350=EDGE_CURVE('',#4946,#4949,#448,.F.);
#6351=EDGE_CURVE('',#4951,#4948,#449,.F.);
#6352=EDGE_CURVE('',#4950,#4951,#2747,.F.);
#6353=EDGE_CURVE('',#4950,#4952,#2748,.F.);
#6354=EDGE_CURVE('',#4953,#4951,#2749,.F.);
#6355=EDGE_CURVE('',#4952,#4953,#2750,.F.);
#6356=EDGE_CURVE('',#4952,#4945,#2751,.T.);
#6357=EDGE_CURVE('',#4947,#4953,#2752,.T.);
#6358=EDGE_CURVE('',#4954,#4955,#2753,.F.);
#6359=EDGE_CURVE('',#4956,#4955,#2754,.F.);
#6360=EDGE_CURVE('',#4606,#4956,#2755,.T.);
#6361=EDGE_CURVE('',#4957,#4930,#2756,.F.);
#6362=EDGE_CURVE('',#4958,#4957,#2757,.T.);
#6363=EDGE_CURVE('',#4958,#4954,#2758,.F.);
#6364=EDGE_CURVE('',#4956,#4959,#450,.T.);
#6365=EDGE_CURVE('',#4959,#4949,#2759,.T.);
#6366=EDGE_CURVE('',#4949,#4605,#2760,.T.);
#6367=EDGE_CURVE('',#4960,#4961,#2761,.T.);
#6368=EDGE_CURVE('',#4928,#4960,#451,.T.);
#6369=EDGE_CURVE('',#4961,#4927,#452,.T.);
#6370=EDGE_CURVE('',#4962,#4955,#453,.T.);
#6371=EDGE_CURVE('',#4959,#4962,#2762,.T.);
#6372=EDGE_CURVE('',#4962,#4925,#2763,.F.);
#6373=EDGE_CURVE('',#4961,#4954,#454,.T.);
#6374=EDGE_CURVE('',#4936,#4548,#455,.T.);
#6375=EDGE_CURVE('',#4549,#4935,#456,.T.);
#6376=EDGE_CURVE('',#4963,#4964,#2764,.F.);
#6377=EDGE_CURVE('',#4965,#4964,#457,.T.);
#6378=EDGE_CURVE('',#4965,#4966,#2765,.F.);
#6379=EDGE_CURVE('',#4963,#4966,#458,.T.);
#6380=EDGE_CURVE('',#4920,#4965,#2766,.T.);
#6381=EDGE_CURVE('',#4966,#4934,#2767,.T.);
#6382=EDGE_CURVE('',#4964,#4943,#2768,.T.);
#6383=EDGE_CURVE('',#4967,#4548,#459,.T.);
#6384=EDGE_CURVE('',#4967,#4963,#2769,.F.);
#6385=EDGE_CURVE('',#4968,#4706,#2770,.T.);
#6386=EDGE_CURVE('',#4968,#4967,#460,.T.);
#6387=EDGE_CURVE('',#4954,#4969,#461,.T.);
#6388=EDGE_CURVE('',#4969,#4705,#2771,.T.);
#6389=EDGE_CURVE('',#4961,#4704,#2772,.T.);
#6390=EDGE_CURVE('',#4970,#4958,#462,.T.);
#6391=EDGE_CURVE('',#4971,#4970,#2773,.T.);
#6392=EDGE_CURVE('',#4972,#4971,#463,.T.);
#6393=EDGE_CURVE('',#4972,#4967,#2774,.T.);
#6394=EDGE_CURVE('',#4969,#4968,#2775,.T.);
#6395=EDGE_CURVE('',#4973,#4972,#2776,.T.);
#6396=EDGE_CURVE('',#4944,#4973,#2777,.T.);
#6397=EDGE_CURVE('',#4970,#4703,#2778,.T.);
#6398=EDGE_CURVE('',#4971,#4702,#2779,.T.);
#6399=EDGE_CURVE('',#4974,#4701,#2780,.T.);
#6400=EDGE_CURVE('',#4973,#4974,#464,.T.);
#6401=EDGE_CURVE('',#4974,#4600,#2781,.T.);
#6402=EDGE_CURVE('',#4681,#4957,#465,.T.);
#6403=EDGE_CURVE('',#4975,#4976,#2782,.T.);
#6404=EDGE_CURVE('',#4977,#4975,#2783,.T.);
#6405=EDGE_CURVE('',#4978,#4977,#466,.T.);
#6406=EDGE_CURVE('',#4976,#4978,#2784,.T.);
#6407=EDGE_CURVE('',#4979,#4916,#2785,.T.);
#6408=EDGE_CURVE('',#4980,#4979,#467,.T.);
#6409=EDGE_CURVE('',#4981,#4980,#2786,.T.);
#6410=EDGE_CURVE('',#4682,#4981,#2787,.T.);
#6411=EDGE_CURVE('',#4960,#4932,#2788,.T.);
#6412=EDGE_CURVE('',#4982,#4975,#2789,.T.);
#6413=EDGE_CURVE('',#4983,#4982,#2790,.T.);
#6414=EDGE_CURVE('',#4983,#4977,#2791,.T.);
#6415=EDGE_CURVE('',#4976,#4984,#2792,.T.);
#6416=EDGE_CURVE('',#4982,#4984,#2793,.T.);
#6417=EDGE_CURVE('',#4981,#4985,#2794,.T.);
#6418=EDGE_CURVE('',#4683,#4985,#2795,.T.);
#6419=EDGE_CURVE('',#4985,#4986,#2796,.T.);
#6420=EDGE_CURVE('',#4684,#4986,#2797,.T.);
#6421=EDGE_CURVE('',#4986,#4987,#468,.T.);
#6422=EDGE_CURVE('',#4685,#4987,#2798,.T.);
#6423=EDGE_CURVE('',#4751,#4988,#57,.F.);
#6424=EDGE_CURVE('',#4989,#4988,#469,.F.);
#6425=EDGE_CURVE('',#4989,#4752,#58,.F.);
#6426=EDGE_CURVE('',#4990,#4838,#470,.T.);
#6427=EDGE_CURVE('',#4990,#4989,#2799,.T.);
#6428=EDGE_CURVE('',#4990,#4991,#471,.T.);
#6429=EDGE_CURVE('',#4988,#4991,#472,.T.);
#6430=EDGE_CURVE('',#4906,#4992,#2800,.T.);
#6431=EDGE_CURVE('',#4992,#4992,#473,.T.);
#6432=EDGE_CURVE('',#4755,#4979,#2801,.T.);
#6433=EDGE_CURVE('',#4754,#4980,#2802,.T.);
#6434=EDGE_CURVE('',#4687,#4993,#2803,.T.);
#6435=EDGE_CURVE('',#4993,#4837,#2804,.T.);
#6436=EDGE_CURVE('',#4987,#4994,#2805,.T.);
#6437=EDGE_CURVE('',#4994,#4686,#2806,.T.);
#6438=EDGE_CURVE('',#4994,#4993,#474,.T.);
#6439=EDGE_CURVE('',#4995,#4990,#2807,.T.);
#6440=EDGE_CURVE('',#4991,#4995,#2808,.T.);
#6441=EDGE_CURVE('',#4989,#4996,#2809,.T.);
#6442=EDGE_CURVE('',#4997,#4988,#475,.T.);
#6443=EDGE_CURVE('',#4997,#4996,#2810,.T.);
#6444=EDGE_CURVE('',#4998,#4998,#476,.T.);
#6445=EDGE_CURVE('',#4998,#4999,#2811,.T.);
#6446=EDGE_CURVE('',#4999,#5000,#59,.T.);
#6447=EDGE_CURVE('',#5000,#4999,#60,.T.);
#6448=EDGE_CURVE('',#5001,#5002,#2812,.T.);
#6449=EDGE_CURVE('',#5002,#4995,#2813,.T.);
#6450=EDGE_CURVE('',#4996,#5001,#2814,.T.);
#6451=EDGE_CURVE('',#5003,#5002,#2815,.T.);
#6452=EDGE_CURVE('',#4991,#5003,#2816,.T.);
#6453=EDGE_CURVE('',#4997,#5004,#2817,.T.);
#6454=EDGE_CURVE('',#5001,#5004,#2818,.T.);
#6455=EDGE_CURVE('',#5005,#5006,#61,.T.);
#6456=EDGE_CURVE('',#5006,#5007,#2819,.T.);
#6457=EDGE_CURVE('',#5007,#5008,#62,.T.);
#6458=EDGE_CURVE('',#5005,#5008,#2820,.T.);
#6459=EDGE_CURVE('',#5006,#4983,#477,.T.);
#6460=EDGE_CURVE('',#4984,#5009,#2821,.T.);
#6461=EDGE_CURVE('',#5009,#5007,#478,.T.);
#6462=EDGE_CURVE('',#5004,#5010,#479,.T.);
#6463=EDGE_CURVE('',#5010,#5011,#2822,.T.);
#6464=EDGE_CURVE('',#5011,#5003,#480,.T.);
#6465=EDGE_CURVE('',#5012,#5005,#2823,.T.);
#6466=EDGE_CURVE('',#5008,#5013,#2824,.T.);
#6467=EDGE_CURVE('',#5012,#5013,#2825,.T.);
#6468=EDGE_CURVE('',#5010,#5012,#63,.T.);
#6469=EDGE_CURVE('',#5013,#5011,#64,.T.);
#6470=EDGE_CURVE('',#5009,#4978,#2826,.T.);
#6471=EDGE_CURVE('',#4913,#4912,#2827,.T.);
#6472=EDGE_CURVE('',#4915,#4914,#2828,.T.);
#6473=EDGE_CURVE('',#5014,#5015,#2829,.T.);
#6474=EDGE_CURVE('',#5014,#4789,#2830,.T.);
#6475=EDGE_CURVE('',#5015,#4788,#2831,.T.);
#6476=EDGE_CURVE('',#5015,#5016,#2832,.T.);
#6477=EDGE_CURVE('',#5016,#4787,#2833,.T.);
#6478=EDGE_CURVE('',#5016,#5017,#2834,.T.);
#6479=EDGE_CURVE('',#5017,#4786,#2835,.T.);
#6480=EDGE_CURVE('',#5018,#5019,#2836,.T.);
#6481=EDGE_CURVE('',#5018,#4793,#2837,.T.);
#6482=EDGE_CURVE('',#5019,#4792,#2838,.T.);
#6483=EDGE_CURVE('',#5019,#5020,#2839,.T.);
#6484=EDGE_CURVE('',#5020,#4791,#2840,.T.);
#6485=EDGE_CURVE('',#5020,#5021,#2841,.T.);
#6486=EDGE_CURVE('',#5021,#4790,#2842,.T.);
#6487=EDGE_CURVE('',#5017,#5014,#481,.T.);
#6488=EDGE_CURVE('',#5021,#5022,#482,.T.);
#6489=EDGE_CURVE('',#5022,#5018,#483,.T.);
#6490=EDGE_CURVE('',#5022,#4848,#2843,.T.);
#6491=EDGE_CURVE('',#4836,#4817,#2844,.T.);
#6492=EDGE_CURVE('',#4835,#4818,#2845,.T.);
#6493=ORIENTED_EDGE('',*,*,#5023,.T.);
#6494=ORIENTED_EDGE('',*,*,#5024,.F.);
#6495=ORIENTED_EDGE('',*,*,#5025,.T.);
#6496=ORIENTED_EDGE('',*,*,#5026,.T.);
#6497=ORIENTED_EDGE('',*,*,#5027,.T.);
#6498=ORIENTED_EDGE('',*,*,#5028,.T.);
#6499=ORIENTED_EDGE('',*,*,#5029,.T.);
#6500=ORIENTED_EDGE('',*,*,#5030,.F.);
#6501=ORIENTED_EDGE('',*,*,#5031,.T.);
#6502=ORIENTED_EDGE('',*,*,#5024,.T.);
#6503=ORIENTED_EDGE('',*,*,#5032,.T.);
#6504=ORIENTED_EDGE('',*,*,#5033,.F.);
#6505=ORIENTED_EDGE('',*,*,#5034,.T.);
#6506=ORIENTED_EDGE('',*,*,#5030,.T.);
#6507=ORIENTED_EDGE('',*,*,#5035,.T.);
#6508=ORIENTED_EDGE('',*,*,#5036,.T.);
#6509=ORIENTED_EDGE('',*,*,#5037,.T.);
#6510=ORIENTED_EDGE('',*,*,#5038,.F.);
#6511=ORIENTED_EDGE('',*,*,#5039,.T.);
#6512=ORIENTED_EDGE('',*,*,#5033,.T.);
#6513=ORIENTED_EDGE('',*,*,#5040,.T.);
#6514=ORIENTED_EDGE('',*,*,#5041,.T.);
#6515=ORIENTED_EDGE('',*,*,#5042,.F.);
#6516=ORIENTED_EDGE('',*,*,#5043,.F.);
#6517=ORIENTED_EDGE('',*,*,#5044,.T.);
#6518=ORIENTED_EDGE('',*,*,#5045,.T.);
#6519=ORIENTED_EDGE('',*,*,#5046,.F.);
#6520=ORIENTED_EDGE('',*,*,#5041,.F.);
#6521=ORIENTED_EDGE('',*,*,#5047,.T.);
#6522=ORIENTED_EDGE('',*,*,#5048,.T.);
#6523=ORIENTED_EDGE('',*,*,#5049,.T.);
#6524=ORIENTED_EDGE('',*,*,#5026,.F.);
#6525=ORIENTED_EDGE('',*,*,#5050,.T.);
#6526=ORIENTED_EDGE('',*,*,#5051,.T.);
#6527=ORIENTED_EDGE('',*,*,#5052,.T.);
#6528=ORIENTED_EDGE('',*,*,#5053,.F.);
#6529=ORIENTED_EDGE('',*,*,#5054,.F.);
#6530=ORIENTED_EDGE('',*,*,#5055,.T.);
#6531=ORIENTED_EDGE('',*,*,#5056,.T.);
#6532=ORIENTED_EDGE('',*,*,#5057,.F.);
#6533=ORIENTED_EDGE('',*,*,#5045,.F.);
#6534=ORIENTED_EDGE('',*,*,#5058,.T.);
#6535=ORIENTED_EDGE('',*,*,#5059,.T.);
#6536=ORIENTED_EDGE('',*,*,#5060,.F.);
#6537=ORIENTED_EDGE('',*,*,#5056,.F.);
#6538=ORIENTED_EDGE('',*,*,#5061,.T.);
#6539=ORIENTED_EDGE('',*,*,#5054,.T.);
#6540=ORIENTED_EDGE('',*,*,#5062,.F.);
#6541=ORIENTED_EDGE('',*,*,#5063,.F.);
#6542=ORIENTED_EDGE('',*,*,#5064,.T.);
#6543=ORIENTED_EDGE('',*,*,#5063,.T.);
#6544=ORIENTED_EDGE('',*,*,#5065,.F.);
#6545=ORIENTED_EDGE('',*,*,#5066,.F.);
#6546=ORIENTED_EDGE('',*,*,#5067,.T.);
#6547=ORIENTED_EDGE('',*,*,#5068,.T.);
#6548=ORIENTED_EDGE('',*,*,#5069,.T.);
#6549=ORIENTED_EDGE('',*,*,#5066,.T.);
#6550=ORIENTED_EDGE('',*,*,#5070,.F.);
#6551=ORIENTED_EDGE('',*,*,#5071,.F.);
#6552=ORIENTED_EDGE('',*,*,#5072,.T.);
#6553=ORIENTED_EDGE('',*,*,#5071,.T.);
#6554=ORIENTED_EDGE('',*,*,#5073,.F.);
#6555=ORIENTED_EDGE('',*,*,#5074,.F.);
#6556=ORIENTED_EDGE('',*,*,#5075,.T.);
#6557=ORIENTED_EDGE('',*,*,#5076,.T.);
#6558=ORIENTED_EDGE('',*,*,#5077,.T.);
#6559=ORIENTED_EDGE('',*,*,#5074,.T.);
#6560=ORIENTED_EDGE('',*,*,#5078,.F.);
#6561=ORIENTED_EDGE('',*,*,#5079,.F.);
#6562=ORIENTED_EDGE('',*,*,#5080,.T.);
#6563=ORIENTED_EDGE('',*,*,#5038,.T.);
#6564=ORIENTED_EDGE('',*,*,#5081,.T.);
#6565=ORIENTED_EDGE('',*,*,#5082,.T.);
#6566=ORIENTED_EDGE('',*,*,#5083,.T.);
#6567=ORIENTED_EDGE('',*,*,#5084,.T.);
#6568=ORIENTED_EDGE('',*,*,#5079,.T.);
#6569=ORIENTED_EDGE('',*,*,#5085,.F.);
#6570=ORIENTED_EDGE('',*,*,#5059,.F.);
#6571=ORIENTED_EDGE('',*,*,#5086,.T.);
#6572=ORIENTED_EDGE('',*,*,#5043,.T.);
#6573=ORIENTED_EDGE('',*,*,#5087,.F.);
#6574=ORIENTED_EDGE('',*,*,#5052,.F.);
#6575=ORIENTED_EDGE('',*,*,#5087,.T.);
#6576=ORIENTED_EDGE('',*,*,#5042,.T.);
#6577=ORIENTED_EDGE('',*,*,#5046,.T.);
#6578=ORIENTED_EDGE('',*,*,#5057,.T.);
#6579=ORIENTED_EDGE('',*,*,#5060,.T.);
#6580=ORIENTED_EDGE('',*,*,#5085,.T.);
#6581=ORIENTED_EDGE('',*,*,#5078,.T.);
#6582=ORIENTED_EDGE('',*,*,#5073,.T.);
#6583=ORIENTED_EDGE('',*,*,#5070,.T.);
#6584=ORIENTED_EDGE('',*,*,#5065,.T.);
#6585=ORIENTED_EDGE('',*,*,#5062,.T.);
#6586=ORIENTED_EDGE('',*,*,#5053,.T.);
#6587=ORIENTED_EDGE('',*,*,#5067,.F.);
#6588=ORIENTED_EDGE('',*,*,#5069,.F.);
#6589=ORIENTED_EDGE('',*,*,#5072,.F.);
#6590=ORIENTED_EDGE('',*,*,#5088,.F.);
#6591=ORIENTED_EDGE('',*,*,#5068,.F.);
#6592=ORIENTED_EDGE('',*,*,#5088,.T.);
#6593=ORIENTED_EDGE('',*,*,#5076,.F.);
#6594=ORIENTED_EDGE('',*,*,#5089,.F.);
#6595=ORIENTED_EDGE('',*,*,#5047,.F.);
#6596=ORIENTED_EDGE('',*,*,#5061,.F.);
#6597=ORIENTED_EDGE('',*,*,#5064,.F.);
#6598=ORIENTED_EDGE('',*,*,#5089,.T.);
#6599=ORIENTED_EDGE('',*,*,#5075,.F.);
#6600=ORIENTED_EDGE('',*,*,#5077,.F.);
#6601=ORIENTED_EDGE('',*,*,#5090,.T.);
#6602=ORIENTED_EDGE('',*,*,#5091,.T.);
#6603=ORIENTED_EDGE('',*,*,#5082,.F.);
#6604=ORIENTED_EDGE('',*,*,#5092,.F.);
#6605=ORIENTED_EDGE('',*,*,#5093,.T.);
#6606=ORIENTED_EDGE('',*,*,#5090,.F.);
#6607=ORIENTED_EDGE('',*,*,#5050,.F.);
#6608=ORIENTED_EDGE('',*,*,#5025,.F.);
#6609=ORIENTED_EDGE('',*,*,#5031,.F.);
#6610=ORIENTED_EDGE('',*,*,#5034,.F.);
#6611=ORIENTED_EDGE('',*,*,#5039,.F.);
#6612=ORIENTED_EDGE('',*,*,#5080,.F.);
#6613=ORIENTED_EDGE('',*,*,#5084,.F.);
#6614=ORIENTED_EDGE('',*,*,#5094,.T.);
#6615=ORIENTED_EDGE('',*,*,#5029,.F.);
#6616=ORIENTED_EDGE('',*,*,#5095,.T.);
#6617=ORIENTED_EDGE('',*,*,#5035,.F.);
#6618=ORIENTED_EDGE('',*,*,#5032,.F.);
#6619=ORIENTED_EDGE('',*,*,#5028,.F.);
#6620=ORIENTED_EDGE('',*,*,#5096,.F.);
#6621=ORIENTED_EDGE('',*,*,#5036,.F.);
#6622=ORIENTED_EDGE('',*,*,#5095,.F.);
#6623=ORIENTED_EDGE('',*,*,#5048,.F.);
#6624=ORIENTED_EDGE('',*,*,#5091,.F.);
#6625=ORIENTED_EDGE('',*,*,#5093,.F.);
#6626=ORIENTED_EDGE('',*,*,#5097,.F.);
#6627=ORIENTED_EDGE('',*,*,#5049,.F.);
#6628=ORIENTED_EDGE('',*,*,#5097,.T.);
#6629=ORIENTED_EDGE('',*,*,#5092,.T.);
#6630=ORIENTED_EDGE('',*,*,#5081,.F.);
#6631=ORIENTED_EDGE('',*,*,#5037,.F.);
#6632=ORIENTED_EDGE('',*,*,#5096,.T.);
#6633=ORIENTED_EDGE('',*,*,#5027,.F.);
#6634=ORIENTED_EDGE('',*,*,#5023,.F.);
#6635=ORIENTED_EDGE('',*,*,#5051,.F.);
#6636=ORIENTED_EDGE('',*,*,#5094,.F.);
#6637=ORIENTED_EDGE('',*,*,#5083,.F.);
#6638=ORIENTED_EDGE('',*,*,#5058,.F.);
#6639=ORIENTED_EDGE('',*,*,#5055,.F.);
#6640=ORIENTED_EDGE('',*,*,#5044,.F.);
#6641=ORIENTED_EDGE('',*,*,#5040,.F.);
#6642=ORIENTED_EDGE('',*,*,#5086,.F.);
#6643=ORIENTED_EDGE('',*,*,#5098,.T.);
#6644=ORIENTED_EDGE('',*,*,#5099,.F.);
#6645=ORIENTED_EDGE('',*,*,#5100,.F.);
#6646=ORIENTED_EDGE('',*,*,#5101,.F.);
#6647=ORIENTED_EDGE('',*,*,#5102,.F.);
#6648=ORIENTED_EDGE('',*,*,#5103,.T.);
#6649=ORIENTED_EDGE('',*,*,#5104,.F.);
#6650=ORIENTED_EDGE('',*,*,#5105,.F.);
#6651=ORIENTED_EDGE('',*,*,#5106,.F.);
#6652=ORIENTED_EDGE('',*,*,#5107,.T.);
#6653=ORIENTED_EDGE('',*,*,#5108,.T.);
#6654=ORIENTED_EDGE('',*,*,#5109,.T.);
#6655=ORIENTED_EDGE('',*,*,#5110,.T.);
#6656=ORIENTED_EDGE('',*,*,#5111,.T.);
#6657=ORIENTED_EDGE('',*,*,#5112,.F.);
#6658=ORIENTED_EDGE('',*,*,#5113,.F.);
#6659=ORIENTED_EDGE('',*,*,#5114,.F.);
#6660=ORIENTED_EDGE('',*,*,#5115,.T.);
#6661=ORIENTED_EDGE('',*,*,#5116,.F.);
#6662=ORIENTED_EDGE('',*,*,#5117,.F.);
#6663=ORIENTED_EDGE('',*,*,#5118,.F.);
#6664=ORIENTED_EDGE('',*,*,#5119,.F.);
#6665=ORIENTED_EDGE('',*,*,#5120,.T.);
#6666=ORIENTED_EDGE('',*,*,#5121,.F.);
#6667=ORIENTED_EDGE('',*,*,#5122,.F.);
#6668=ORIENTED_EDGE('',*,*,#5123,.F.);
#6669=ORIENTED_EDGE('',*,*,#5124,.T.);
#6670=ORIENTED_EDGE('',*,*,#5125,.T.);
#6671=ORIENTED_EDGE('',*,*,#5126,.F.);
#6672=ORIENTED_EDGE('',*,*,#5127,.F.);
#6673=ORIENTED_EDGE('',*,*,#5128,.F.);
#6674=ORIENTED_EDGE('',*,*,#5129,.F.);
#6675=ORIENTED_EDGE('',*,*,#5130,.F.);
#6676=ORIENTED_EDGE('',*,*,#5131,.F.);
#6677=ORIENTED_EDGE('',*,*,#5132,.F.);
#6678=ORIENTED_EDGE('',*,*,#5133,.F.);
#6679=ORIENTED_EDGE('',*,*,#5134,.F.);
#6680=ORIENTED_EDGE('',*,*,#5135,.F.);
#6681=ORIENTED_EDGE('',*,*,#5136,.F.);
#6682=ORIENTED_EDGE('',*,*,#5137,.F.);
#6683=ORIENTED_EDGE('',*,*,#5138,.F.);
#6684=ORIENTED_EDGE('',*,*,#5139,.F.);
#6685=ORIENTED_EDGE('',*,*,#5140,.F.);
#6686=ORIENTED_EDGE('',*,*,#5141,.F.);
#6687=ORIENTED_EDGE('',*,*,#5142,.F.);
#6688=ORIENTED_EDGE('',*,*,#5143,.F.);
#6689=ORIENTED_EDGE('',*,*,#5144,.F.);
#6690=ORIENTED_EDGE('',*,*,#5145,.F.);
#6691=ORIENTED_EDGE('',*,*,#5146,.F.);
#6692=ORIENTED_EDGE('',*,*,#5147,.F.);
#6693=ORIENTED_EDGE('',*,*,#5148,.F.);
#6694=ORIENTED_EDGE('',*,*,#5149,.F.);
#6695=ORIENTED_EDGE('',*,*,#5150,.F.);
#6696=ORIENTED_EDGE('',*,*,#5151,.F.);
#6697=ORIENTED_EDGE('',*,*,#5152,.F.);
#6698=ORIENTED_EDGE('',*,*,#5153,.F.);
#6699=ORIENTED_EDGE('',*,*,#5154,.F.);
#6700=ORIENTED_EDGE('',*,*,#5155,.F.);
#6701=ORIENTED_EDGE('',*,*,#5156,.F.);
#6702=ORIENTED_EDGE('',*,*,#5157,.F.);
#6703=ORIENTED_EDGE('',*,*,#5158,.F.);
#6704=ORIENTED_EDGE('',*,*,#5159,.F.);
#6705=ORIENTED_EDGE('',*,*,#5160,.F.);
#6706=ORIENTED_EDGE('',*,*,#5161,.F.);
#6707=ORIENTED_EDGE('',*,*,#5162,.F.);
#6708=ORIENTED_EDGE('',*,*,#5163,.F.);
#6709=ORIENTED_EDGE('',*,*,#5164,.F.);
#6710=ORIENTED_EDGE('',*,*,#5165,.F.);
#6711=ORIENTED_EDGE('',*,*,#5166,.F.);
#6712=ORIENTED_EDGE('',*,*,#5167,.F.);
#6713=ORIENTED_EDGE('',*,*,#5168,.F.);
#6714=ORIENTED_EDGE('',*,*,#5169,.F.);
#6715=ORIENTED_EDGE('',*,*,#5170,.F.);
#6716=ORIENTED_EDGE('',*,*,#5171,.F.);
#6717=ORIENTED_EDGE('',*,*,#5172,.F.);
#6718=ORIENTED_EDGE('',*,*,#5173,.F.);
#6719=ORIENTED_EDGE('',*,*,#5174,.F.);
#6720=ORIENTED_EDGE('',*,*,#5175,.F.);
#6721=ORIENTED_EDGE('',*,*,#5176,.F.);
#6722=ORIENTED_EDGE('',*,*,#5177,.F.);
#6723=ORIENTED_EDGE('',*,*,#5178,.F.);
#6724=ORIENTED_EDGE('',*,*,#5179,.F.);
#6725=ORIENTED_EDGE('',*,*,#5180,.F.);
#6726=ORIENTED_EDGE('',*,*,#5181,.F.);
#6727=ORIENTED_EDGE('',*,*,#5182,.F.);
#6728=ORIENTED_EDGE('',*,*,#5183,.F.);
#6729=ORIENTED_EDGE('',*,*,#5184,.F.);
#6730=ORIENTED_EDGE('',*,*,#5185,.F.);
#6731=ORIENTED_EDGE('',*,*,#5186,.F.);
#6732=ORIENTED_EDGE('',*,*,#5187,.F.);
#6733=ORIENTED_EDGE('',*,*,#5188,.F.);
#6734=ORIENTED_EDGE('',*,*,#5189,.F.);
#6735=ORIENTED_EDGE('',*,*,#5190,.F.);
#6736=ORIENTED_EDGE('',*,*,#5191,.F.);
#6737=ORIENTED_EDGE('',*,*,#5192,.F.);
#6738=ORIENTED_EDGE('',*,*,#5193,.F.);
#6739=ORIENTED_EDGE('',*,*,#5194,.F.);
#6740=ORIENTED_EDGE('',*,*,#5195,.F.);
#6741=ORIENTED_EDGE('',*,*,#5196,.F.);
#6742=ORIENTED_EDGE('',*,*,#5197,.F.);
#6743=ORIENTED_EDGE('',*,*,#5198,.F.);
#6744=ORIENTED_EDGE('',*,*,#5199,.F.);
#6745=ORIENTED_EDGE('',*,*,#5200,.F.);
#6746=ORIENTED_EDGE('',*,*,#5201,.F.);
#6747=ORIENTED_EDGE('',*,*,#5202,.F.);
#6748=ORIENTED_EDGE('',*,*,#5203,.F.);
#6749=ORIENTED_EDGE('',*,*,#5204,.F.);
#6750=ORIENTED_EDGE('',*,*,#5205,.F.);
#6751=ORIENTED_EDGE('',*,*,#5206,.F.);
#6752=ORIENTED_EDGE('',*,*,#5207,.F.);
#6753=ORIENTED_EDGE('',*,*,#5208,.F.);
#6754=ORIENTED_EDGE('',*,*,#5209,.F.);
#6755=ORIENTED_EDGE('',*,*,#5210,.F.);
#6756=ORIENTED_EDGE('',*,*,#5211,.F.);
#6757=ORIENTED_EDGE('',*,*,#5212,.F.);
#6758=ORIENTED_EDGE('',*,*,#5213,.F.);
#6759=ORIENTED_EDGE('',*,*,#5214,.F.);
#6760=ORIENTED_EDGE('',*,*,#5215,.F.);
#6761=ORIENTED_EDGE('',*,*,#5216,.F.);
#6762=ORIENTED_EDGE('',*,*,#5217,.F.);
#6763=ORIENTED_EDGE('',*,*,#5218,.F.);
#6764=ORIENTED_EDGE('',*,*,#5219,.F.);
#6765=ORIENTED_EDGE('',*,*,#5220,.F.);
#6766=ORIENTED_EDGE('',*,*,#5221,.F.);
#6767=ORIENTED_EDGE('',*,*,#5222,.F.);
#6768=ORIENTED_EDGE('',*,*,#5223,.F.);
#6769=ORIENTED_EDGE('',*,*,#5224,.F.);
#6770=ORIENTED_EDGE('',*,*,#5225,.F.);
#6771=ORIENTED_EDGE('',*,*,#5226,.F.);
#6772=ORIENTED_EDGE('',*,*,#5227,.F.);
#6773=ORIENTED_EDGE('',*,*,#5228,.F.);
#6774=ORIENTED_EDGE('',*,*,#5229,.F.);
#6775=ORIENTED_EDGE('',*,*,#5230,.F.);
#6776=ORIENTED_EDGE('',*,*,#5231,.F.);
#6777=ORIENTED_EDGE('',*,*,#5232,.F.);
#6778=ORIENTED_EDGE('',*,*,#5233,.F.);
#6779=ORIENTED_EDGE('',*,*,#5234,.F.);
#6780=ORIENTED_EDGE('',*,*,#5235,.F.);
#6781=ORIENTED_EDGE('',*,*,#5236,.F.);
#6782=ORIENTED_EDGE('',*,*,#5237,.F.);
#6783=ORIENTED_EDGE('',*,*,#5238,.F.);
#6784=ORIENTED_EDGE('',*,*,#5239,.F.);
#6785=ORIENTED_EDGE('',*,*,#5240,.F.);
#6786=ORIENTED_EDGE('',*,*,#5241,.F.);
#6787=ORIENTED_EDGE('',*,*,#5242,.F.);
#6788=ORIENTED_EDGE('',*,*,#5243,.F.);
#6789=ORIENTED_EDGE('',*,*,#5244,.F.);
#6790=ORIENTED_EDGE('',*,*,#5245,.F.);
#6791=ORIENTED_EDGE('',*,*,#5246,.F.);
#6792=ORIENTED_EDGE('',*,*,#5247,.F.);
#6793=ORIENTED_EDGE('',*,*,#5248,.F.);
#6794=ORIENTED_EDGE('',*,*,#5249,.F.);
#6795=ORIENTED_EDGE('',*,*,#5250,.F.);
#6796=ORIENTED_EDGE('',*,*,#5251,.F.);
#6797=ORIENTED_EDGE('',*,*,#5252,.F.);
#6798=ORIENTED_EDGE('',*,*,#5253,.F.);
#6799=ORIENTED_EDGE('',*,*,#5254,.F.);
#6800=ORIENTED_EDGE('',*,*,#5255,.F.);
#6801=ORIENTED_EDGE('',*,*,#5256,.F.);
#6802=ORIENTED_EDGE('',*,*,#5257,.F.);
#6803=ORIENTED_EDGE('',*,*,#5258,.F.);
#6804=ORIENTED_EDGE('',*,*,#5259,.F.);
#6805=ORIENTED_EDGE('',*,*,#5260,.F.);
#6806=ORIENTED_EDGE('',*,*,#5261,.F.);
#6807=ORIENTED_EDGE('',*,*,#5262,.F.);
#6808=ORIENTED_EDGE('',*,*,#5263,.F.);
#6809=ORIENTED_EDGE('',*,*,#5264,.F.);
#6810=ORIENTED_EDGE('',*,*,#5265,.F.);
#6811=ORIENTED_EDGE('',*,*,#5266,.F.);
#6812=ORIENTED_EDGE('',*,*,#5267,.F.);
#6813=ORIENTED_EDGE('',*,*,#5268,.F.);
#6814=ORIENTED_EDGE('',*,*,#5269,.F.);
#6815=ORIENTED_EDGE('',*,*,#5270,.F.);
#6816=ORIENTED_EDGE('',*,*,#5271,.F.);
#6817=ORIENTED_EDGE('',*,*,#5272,.F.);
#6818=ORIENTED_EDGE('',*,*,#5273,.F.);
#6819=ORIENTED_EDGE('',*,*,#5274,.F.);
#6820=ORIENTED_EDGE('',*,*,#5275,.F.);
#6821=ORIENTED_EDGE('',*,*,#5276,.F.);
#6822=ORIENTED_EDGE('',*,*,#5277,.F.);
#6823=ORIENTED_EDGE('',*,*,#5278,.F.);
#6824=ORIENTED_EDGE('',*,*,#5279,.F.);
#6825=ORIENTED_EDGE('',*,*,#5280,.F.);
#6826=ORIENTED_EDGE('',*,*,#5281,.F.);
#6827=ORIENTED_EDGE('',*,*,#5282,.F.);
#6828=ORIENTED_EDGE('',*,*,#5283,.F.);
#6829=ORIENTED_EDGE('',*,*,#5284,.F.);
#6830=ORIENTED_EDGE('',*,*,#5285,.F.);
#6831=ORIENTED_EDGE('',*,*,#5286,.F.);
#6832=ORIENTED_EDGE('',*,*,#5287,.F.);
#6833=ORIENTED_EDGE('',*,*,#5129,.T.);
#6834=ORIENTED_EDGE('',*,*,#5288,.T.);
#6835=ORIENTED_EDGE('',*,*,#5289,.F.);
#6836=ORIENTED_EDGE('',*,*,#5290,.F.);
#6837=ORIENTED_EDGE('',*,*,#5130,.T.);
#6838=ORIENTED_EDGE('',*,*,#5290,.T.);
#6839=ORIENTED_EDGE('',*,*,#5291,.F.);
#6840=ORIENTED_EDGE('',*,*,#5292,.F.);
#6841=ORIENTED_EDGE('',*,*,#5131,.T.);
#6842=ORIENTED_EDGE('',*,*,#5292,.T.);
#6843=ORIENTED_EDGE('',*,*,#5293,.F.);
#6844=ORIENTED_EDGE('',*,*,#5294,.F.);
#6845=ORIENTED_EDGE('',*,*,#5128,.T.);
#6846=ORIENTED_EDGE('',*,*,#5294,.T.);
#6847=ORIENTED_EDGE('',*,*,#5295,.F.);
#6848=ORIENTED_EDGE('',*,*,#5288,.F.);
#6849=ORIENTED_EDGE('',*,*,#5133,.T.);
#6850=ORIENTED_EDGE('',*,*,#5296,.T.);
#6851=ORIENTED_EDGE('',*,*,#5297,.F.);
#6852=ORIENTED_EDGE('',*,*,#5298,.F.);
#6853=ORIENTED_EDGE('',*,*,#5134,.T.);
#6854=ORIENTED_EDGE('',*,*,#5298,.T.);
#6855=ORIENTED_EDGE('',*,*,#5299,.F.);
#6856=ORIENTED_EDGE('',*,*,#5300,.F.);
#6857=ORIENTED_EDGE('',*,*,#5135,.T.);
#6858=ORIENTED_EDGE('',*,*,#5300,.T.);
#6859=ORIENTED_EDGE('',*,*,#5301,.F.);
#6860=ORIENTED_EDGE('',*,*,#5302,.F.);
#6861=ORIENTED_EDGE('',*,*,#5132,.T.);
#6862=ORIENTED_EDGE('',*,*,#5302,.T.);
#6863=ORIENTED_EDGE('',*,*,#5303,.F.);
#6864=ORIENTED_EDGE('',*,*,#5296,.F.);
#6865=ORIENTED_EDGE('',*,*,#5137,.T.);
#6866=ORIENTED_EDGE('',*,*,#5304,.T.);
#6867=ORIENTED_EDGE('',*,*,#5305,.F.);
#6868=ORIENTED_EDGE('',*,*,#5306,.F.);
#6869=ORIENTED_EDGE('',*,*,#5138,.T.);
#6870=ORIENTED_EDGE('',*,*,#5306,.T.);
#6871=ORIENTED_EDGE('',*,*,#5307,.F.);
#6872=ORIENTED_EDGE('',*,*,#5308,.F.);
#6873=ORIENTED_EDGE('',*,*,#5139,.T.);
#6874=ORIENTED_EDGE('',*,*,#5308,.T.);
#6875=ORIENTED_EDGE('',*,*,#5309,.F.);
#6876=ORIENTED_EDGE('',*,*,#5310,.F.);
#6877=ORIENTED_EDGE('',*,*,#5136,.T.);
#6878=ORIENTED_EDGE('',*,*,#5310,.T.);
#6879=ORIENTED_EDGE('',*,*,#5311,.F.);
#6880=ORIENTED_EDGE('',*,*,#5304,.F.);
#6881=ORIENTED_EDGE('',*,*,#5141,.T.);
#6882=ORIENTED_EDGE('',*,*,#5312,.T.);
#6883=ORIENTED_EDGE('',*,*,#5313,.F.);
#6884=ORIENTED_EDGE('',*,*,#5314,.F.);
#6885=ORIENTED_EDGE('',*,*,#5142,.T.);
#6886=ORIENTED_EDGE('',*,*,#5314,.T.);
#6887=ORIENTED_EDGE('',*,*,#5315,.F.);
#6888=ORIENTED_EDGE('',*,*,#5316,.F.);
#6889=ORIENTED_EDGE('',*,*,#5143,.T.);
#6890=ORIENTED_EDGE('',*,*,#5316,.T.);
#6891=ORIENTED_EDGE('',*,*,#5317,.F.);
#6892=ORIENTED_EDGE('',*,*,#5318,.F.);
#6893=ORIENTED_EDGE('',*,*,#5140,.T.);
#6894=ORIENTED_EDGE('',*,*,#5318,.T.);
#6895=ORIENTED_EDGE('',*,*,#5319,.F.);
#6896=ORIENTED_EDGE('',*,*,#5312,.F.);
#6897=ORIENTED_EDGE('',*,*,#5145,.T.);
#6898=ORIENTED_EDGE('',*,*,#5320,.T.);
#6899=ORIENTED_EDGE('',*,*,#5321,.F.);
#6900=ORIENTED_EDGE('',*,*,#5322,.F.);
#6901=ORIENTED_EDGE('',*,*,#5146,.T.);
#6902=ORIENTED_EDGE('',*,*,#5322,.T.);
#6903=ORIENTED_EDGE('',*,*,#5323,.F.);
#6904=ORIENTED_EDGE('',*,*,#5324,.F.);
#6905=ORIENTED_EDGE('',*,*,#5147,.T.);
#6906=ORIENTED_EDGE('',*,*,#5324,.T.);
#6907=ORIENTED_EDGE('',*,*,#5325,.F.);
#6908=ORIENTED_EDGE('',*,*,#5326,.F.);
#6909=ORIENTED_EDGE('',*,*,#5144,.T.);
#6910=ORIENTED_EDGE('',*,*,#5326,.T.);
#6911=ORIENTED_EDGE('',*,*,#5327,.F.);
#6912=ORIENTED_EDGE('',*,*,#5320,.F.);
#6913=ORIENTED_EDGE('',*,*,#5149,.T.);
#6914=ORIENTED_EDGE('',*,*,#5328,.T.);
#6915=ORIENTED_EDGE('',*,*,#5329,.F.);
#6916=ORIENTED_EDGE('',*,*,#5330,.F.);
#6917=ORIENTED_EDGE('',*,*,#5150,.T.);
#6918=ORIENTED_EDGE('',*,*,#5330,.T.);
#6919=ORIENTED_EDGE('',*,*,#5331,.F.);
#6920=ORIENTED_EDGE('',*,*,#5332,.F.);
#6921=ORIENTED_EDGE('',*,*,#5151,.T.);
#6922=ORIENTED_EDGE('',*,*,#5332,.T.);
#6923=ORIENTED_EDGE('',*,*,#5333,.F.);
#6924=ORIENTED_EDGE('',*,*,#5334,.F.);
#6925=ORIENTED_EDGE('',*,*,#5148,.T.);
#6926=ORIENTED_EDGE('',*,*,#5334,.T.);
#6927=ORIENTED_EDGE('',*,*,#5335,.F.);
#6928=ORIENTED_EDGE('',*,*,#5328,.F.);
#6929=ORIENTED_EDGE('',*,*,#5153,.T.);
#6930=ORIENTED_EDGE('',*,*,#5336,.T.);
#6931=ORIENTED_EDGE('',*,*,#5337,.F.);
#6932=ORIENTED_EDGE('',*,*,#5338,.F.);
#6933=ORIENTED_EDGE('',*,*,#5154,.T.);
#6934=ORIENTED_EDGE('',*,*,#5338,.T.);
#6935=ORIENTED_EDGE('',*,*,#5339,.F.);
#6936=ORIENTED_EDGE('',*,*,#5340,.F.);
#6937=ORIENTED_EDGE('',*,*,#5155,.T.);
#6938=ORIENTED_EDGE('',*,*,#5340,.T.);
#6939=ORIENTED_EDGE('',*,*,#5341,.F.);
#6940=ORIENTED_EDGE('',*,*,#5342,.F.);
#6941=ORIENTED_EDGE('',*,*,#5152,.T.);
#6942=ORIENTED_EDGE('',*,*,#5342,.T.);
#6943=ORIENTED_EDGE('',*,*,#5343,.F.);
#6944=ORIENTED_EDGE('',*,*,#5336,.F.);
#6945=ORIENTED_EDGE('',*,*,#5157,.T.);
#6946=ORIENTED_EDGE('',*,*,#5344,.T.);
#6947=ORIENTED_EDGE('',*,*,#5345,.F.);
#6948=ORIENTED_EDGE('',*,*,#5346,.F.);
#6949=ORIENTED_EDGE('',*,*,#5158,.T.);
#6950=ORIENTED_EDGE('',*,*,#5346,.T.);
#6951=ORIENTED_EDGE('',*,*,#5347,.F.);
#6952=ORIENTED_EDGE('',*,*,#5348,.F.);
#6953=ORIENTED_EDGE('',*,*,#5159,.T.);
#6954=ORIENTED_EDGE('',*,*,#5348,.T.);
#6955=ORIENTED_EDGE('',*,*,#5349,.F.);
#6956=ORIENTED_EDGE('',*,*,#5350,.F.);
#6957=ORIENTED_EDGE('',*,*,#5156,.T.);
#6958=ORIENTED_EDGE('',*,*,#5350,.T.);
#6959=ORIENTED_EDGE('',*,*,#5351,.F.);
#6960=ORIENTED_EDGE('',*,*,#5344,.F.);
#6961=ORIENTED_EDGE('',*,*,#5161,.T.);
#6962=ORIENTED_EDGE('',*,*,#5352,.T.);
#6963=ORIENTED_EDGE('',*,*,#5353,.F.);
#6964=ORIENTED_EDGE('',*,*,#5354,.F.);
#6965=ORIENTED_EDGE('',*,*,#5162,.T.);
#6966=ORIENTED_EDGE('',*,*,#5354,.T.);
#6967=ORIENTED_EDGE('',*,*,#5355,.F.);
#6968=ORIENTED_EDGE('',*,*,#5356,.F.);
#6969=ORIENTED_EDGE('',*,*,#5163,.T.);
#6970=ORIENTED_EDGE('',*,*,#5356,.T.);
#6971=ORIENTED_EDGE('',*,*,#5357,.F.);
#6972=ORIENTED_EDGE('',*,*,#5358,.F.);
#6973=ORIENTED_EDGE('',*,*,#5160,.T.);
#6974=ORIENTED_EDGE('',*,*,#5358,.T.);
#6975=ORIENTED_EDGE('',*,*,#5359,.F.);
#6976=ORIENTED_EDGE('',*,*,#5352,.F.);
#6977=ORIENTED_EDGE('',*,*,#5165,.T.);
#6978=ORIENTED_EDGE('',*,*,#5360,.T.);
#6979=ORIENTED_EDGE('',*,*,#5361,.F.);
#6980=ORIENTED_EDGE('',*,*,#5362,.F.);
#6981=ORIENTED_EDGE('',*,*,#5166,.T.);
#6982=ORIENTED_EDGE('',*,*,#5362,.T.);
#6983=ORIENTED_EDGE('',*,*,#5363,.F.);
#6984=ORIENTED_EDGE('',*,*,#5364,.F.);
#6985=ORIENTED_EDGE('',*,*,#5167,.T.);
#6986=ORIENTED_EDGE('',*,*,#5364,.T.);
#6987=ORIENTED_EDGE('',*,*,#5365,.F.);
#6988=ORIENTED_EDGE('',*,*,#5366,.F.);
#6989=ORIENTED_EDGE('',*,*,#5164,.T.);
#6990=ORIENTED_EDGE('',*,*,#5366,.T.);
#6991=ORIENTED_EDGE('',*,*,#5367,.F.);
#6992=ORIENTED_EDGE('',*,*,#5360,.F.);
#6993=ORIENTED_EDGE('',*,*,#5169,.T.);
#6994=ORIENTED_EDGE('',*,*,#5368,.T.);
#6995=ORIENTED_EDGE('',*,*,#5369,.F.);
#6996=ORIENTED_EDGE('',*,*,#5370,.F.);
#6997=ORIENTED_EDGE('',*,*,#5170,.T.);
#6998=ORIENTED_EDGE('',*,*,#5370,.T.);
#6999=ORIENTED_EDGE('',*,*,#5371,.F.);
#7000=ORIENTED_EDGE('',*,*,#5372,.F.);
#7001=ORIENTED_EDGE('',*,*,#5171,.T.);
#7002=ORIENTED_EDGE('',*,*,#5372,.T.);
#7003=ORIENTED_EDGE('',*,*,#5373,.F.);
#7004=ORIENTED_EDGE('',*,*,#5374,.F.);
#7005=ORIENTED_EDGE('',*,*,#5168,.T.);
#7006=ORIENTED_EDGE('',*,*,#5374,.T.);
#7007=ORIENTED_EDGE('',*,*,#5375,.F.);
#7008=ORIENTED_EDGE('',*,*,#5368,.F.);
#7009=ORIENTED_EDGE('',*,*,#5173,.T.);
#7010=ORIENTED_EDGE('',*,*,#5376,.T.);
#7011=ORIENTED_EDGE('',*,*,#5377,.F.);
#7012=ORIENTED_EDGE('',*,*,#5378,.F.);
#7013=ORIENTED_EDGE('',*,*,#5174,.T.);
#7014=ORIENTED_EDGE('',*,*,#5378,.T.);
#7015=ORIENTED_EDGE('',*,*,#5379,.F.);
#7016=ORIENTED_EDGE('',*,*,#5380,.F.);
#7017=ORIENTED_EDGE('',*,*,#5175,.T.);
#7018=ORIENTED_EDGE('',*,*,#5380,.T.);
#7019=ORIENTED_EDGE('',*,*,#5381,.F.);
#7020=ORIENTED_EDGE('',*,*,#5382,.F.);
#7021=ORIENTED_EDGE('',*,*,#5172,.T.);
#7022=ORIENTED_EDGE('',*,*,#5382,.T.);
#7023=ORIENTED_EDGE('',*,*,#5383,.F.);
#7024=ORIENTED_EDGE('',*,*,#5376,.F.);
#7025=ORIENTED_EDGE('',*,*,#5177,.T.);
#7026=ORIENTED_EDGE('',*,*,#5384,.T.);
#7027=ORIENTED_EDGE('',*,*,#5385,.F.);
#7028=ORIENTED_EDGE('',*,*,#5386,.F.);
#7029=ORIENTED_EDGE('',*,*,#5178,.T.);
#7030=ORIENTED_EDGE('',*,*,#5386,.T.);
#7031=ORIENTED_EDGE('',*,*,#5387,.F.);
#7032=ORIENTED_EDGE('',*,*,#5388,.F.);
#7033=ORIENTED_EDGE('',*,*,#5179,.T.);
#7034=ORIENTED_EDGE('',*,*,#5388,.T.);
#7035=ORIENTED_EDGE('',*,*,#5389,.F.);
#7036=ORIENTED_EDGE('',*,*,#5390,.F.);
#7037=ORIENTED_EDGE('',*,*,#5176,.T.);
#7038=ORIENTED_EDGE('',*,*,#5390,.T.);
#7039=ORIENTED_EDGE('',*,*,#5391,.F.);
#7040=ORIENTED_EDGE('',*,*,#5384,.F.);
#7041=ORIENTED_EDGE('',*,*,#5181,.T.);
#7042=ORIENTED_EDGE('',*,*,#5392,.T.);
#7043=ORIENTED_EDGE('',*,*,#5393,.F.);
#7044=ORIENTED_EDGE('',*,*,#5394,.F.);
#7045=ORIENTED_EDGE('',*,*,#5182,.T.);
#7046=ORIENTED_EDGE('',*,*,#5394,.T.);
#7047=ORIENTED_EDGE('',*,*,#5395,.F.);
#7048=ORIENTED_EDGE('',*,*,#5396,.F.);
#7049=ORIENTED_EDGE('',*,*,#5183,.T.);
#7050=ORIENTED_EDGE('',*,*,#5396,.T.);
#7051=ORIENTED_EDGE('',*,*,#5397,.F.);
#7052=ORIENTED_EDGE('',*,*,#5398,.F.);
#7053=ORIENTED_EDGE('',*,*,#5180,.T.);
#7054=ORIENTED_EDGE('',*,*,#5398,.T.);
#7055=ORIENTED_EDGE('',*,*,#5399,.F.);
#7056=ORIENTED_EDGE('',*,*,#5392,.F.);
#7057=ORIENTED_EDGE('',*,*,#5185,.T.);
#7058=ORIENTED_EDGE('',*,*,#5400,.T.);
#7059=ORIENTED_EDGE('',*,*,#5401,.F.);
#7060=ORIENTED_EDGE('',*,*,#5402,.F.);
#7061=ORIENTED_EDGE('',*,*,#5186,.T.);
#7062=ORIENTED_EDGE('',*,*,#5402,.T.);
#7063=ORIENTED_EDGE('',*,*,#5403,.F.);
#7064=ORIENTED_EDGE('',*,*,#5404,.F.);
#7065=ORIENTED_EDGE('',*,*,#5187,.T.);
#7066=ORIENTED_EDGE('',*,*,#5404,.T.);
#7067=ORIENTED_EDGE('',*,*,#5405,.F.);
#7068=ORIENTED_EDGE('',*,*,#5406,.F.);
#7069=ORIENTED_EDGE('',*,*,#5184,.T.);
#7070=ORIENTED_EDGE('',*,*,#5406,.T.);
#7071=ORIENTED_EDGE('',*,*,#5407,.F.);
#7072=ORIENTED_EDGE('',*,*,#5400,.F.);
#7073=ORIENTED_EDGE('',*,*,#5189,.T.);
#7074=ORIENTED_EDGE('',*,*,#5408,.T.);
#7075=ORIENTED_EDGE('',*,*,#5409,.F.);
#7076=ORIENTED_EDGE('',*,*,#5410,.F.);
#7077=ORIENTED_EDGE('',*,*,#5190,.T.);
#7078=ORIENTED_EDGE('',*,*,#5410,.T.);
#7079=ORIENTED_EDGE('',*,*,#5411,.F.);
#7080=ORIENTED_EDGE('',*,*,#5412,.F.);
#7081=ORIENTED_EDGE('',*,*,#5191,.T.);
#7082=ORIENTED_EDGE('',*,*,#5412,.T.);
#7083=ORIENTED_EDGE('',*,*,#5413,.F.);
#7084=ORIENTED_EDGE('',*,*,#5414,.F.);
#7085=ORIENTED_EDGE('',*,*,#5188,.T.);
#7086=ORIENTED_EDGE('',*,*,#5414,.T.);
#7087=ORIENTED_EDGE('',*,*,#5415,.F.);
#7088=ORIENTED_EDGE('',*,*,#5408,.F.);
#7089=ORIENTED_EDGE('',*,*,#5193,.T.);
#7090=ORIENTED_EDGE('',*,*,#5416,.T.);
#7091=ORIENTED_EDGE('',*,*,#5417,.F.);
#7092=ORIENTED_EDGE('',*,*,#5418,.F.);
#7093=ORIENTED_EDGE('',*,*,#5194,.T.);
#7094=ORIENTED_EDGE('',*,*,#5418,.T.);
#7095=ORIENTED_EDGE('',*,*,#5419,.F.);
#7096=ORIENTED_EDGE('',*,*,#5420,.F.);
#7097=ORIENTED_EDGE('',*,*,#5195,.T.);
#7098=ORIENTED_EDGE('',*,*,#5420,.T.);
#7099=ORIENTED_EDGE('',*,*,#5421,.F.);
#7100=ORIENTED_EDGE('',*,*,#5422,.F.);
#7101=ORIENTED_EDGE('',*,*,#5192,.T.);
#7102=ORIENTED_EDGE('',*,*,#5422,.T.);
#7103=ORIENTED_EDGE('',*,*,#5423,.F.);
#7104=ORIENTED_EDGE('',*,*,#5416,.F.);
#7105=ORIENTED_EDGE('',*,*,#5197,.T.);
#7106=ORIENTED_EDGE('',*,*,#5424,.T.);
#7107=ORIENTED_EDGE('',*,*,#5425,.F.);
#7108=ORIENTED_EDGE('',*,*,#5426,.F.);
#7109=ORIENTED_EDGE('',*,*,#5198,.T.);
#7110=ORIENTED_EDGE('',*,*,#5426,.T.);
#7111=ORIENTED_EDGE('',*,*,#5427,.F.);
#7112=ORIENTED_EDGE('',*,*,#5428,.F.);
#7113=ORIENTED_EDGE('',*,*,#5199,.T.);
#7114=ORIENTED_EDGE('',*,*,#5428,.T.);
#7115=ORIENTED_EDGE('',*,*,#5429,.F.);
#7116=ORIENTED_EDGE('',*,*,#5430,.F.);
#7117=ORIENTED_EDGE('',*,*,#5196,.T.);
#7118=ORIENTED_EDGE('',*,*,#5430,.T.);
#7119=ORIENTED_EDGE('',*,*,#5431,.F.);
#7120=ORIENTED_EDGE('',*,*,#5424,.F.);
#7121=ORIENTED_EDGE('',*,*,#5201,.T.);
#7122=ORIENTED_EDGE('',*,*,#5432,.T.);
#7123=ORIENTED_EDGE('',*,*,#5433,.F.);
#7124=ORIENTED_EDGE('',*,*,#5434,.F.);
#7125=ORIENTED_EDGE('',*,*,#5202,.T.);
#7126=ORIENTED_EDGE('',*,*,#5434,.T.);
#7127=ORIENTED_EDGE('',*,*,#5435,.F.);
#7128=ORIENTED_EDGE('',*,*,#5436,.F.);
#7129=ORIENTED_EDGE('',*,*,#5203,.T.);
#7130=ORIENTED_EDGE('',*,*,#5436,.T.);
#7131=ORIENTED_EDGE('',*,*,#5437,.F.);
#7132=ORIENTED_EDGE('',*,*,#5438,.F.);
#7133=ORIENTED_EDGE('',*,*,#5200,.T.);
#7134=ORIENTED_EDGE('',*,*,#5438,.T.);
#7135=ORIENTED_EDGE('',*,*,#5439,.F.);
#7136=ORIENTED_EDGE('',*,*,#5432,.F.);
#7137=ORIENTED_EDGE('',*,*,#5205,.T.);
#7138=ORIENTED_EDGE('',*,*,#5440,.T.);
#7139=ORIENTED_EDGE('',*,*,#5441,.F.);
#7140=ORIENTED_EDGE('',*,*,#5442,.F.);
#7141=ORIENTED_EDGE('',*,*,#5206,.T.);
#7142=ORIENTED_EDGE('',*,*,#5442,.T.);
#7143=ORIENTED_EDGE('',*,*,#5443,.F.);
#7144=ORIENTED_EDGE('',*,*,#5444,.F.);
#7145=ORIENTED_EDGE('',*,*,#5207,.T.);
#7146=ORIENTED_EDGE('',*,*,#5444,.T.);
#7147=ORIENTED_EDGE('',*,*,#5445,.F.);
#7148=ORIENTED_EDGE('',*,*,#5446,.F.);
#7149=ORIENTED_EDGE('',*,*,#5204,.T.);
#7150=ORIENTED_EDGE('',*,*,#5446,.T.);
#7151=ORIENTED_EDGE('',*,*,#5447,.F.);
#7152=ORIENTED_EDGE('',*,*,#5440,.F.);
#7153=ORIENTED_EDGE('',*,*,#5126,.T.);
#7154=ORIENTED_EDGE('',*,*,#5448,.F.);
#7155=ORIENTED_EDGE('',*,*,#5449,.T.);
#7156=ORIENTED_EDGE('',*,*,#5450,.F.);
#7157=ORIENTED_EDGE('',*,*,#5451,.F.);
#7158=ORIENTED_EDGE('',*,*,#5452,.F.);
#7159=ORIENTED_EDGE('',*,*,#5127,.T.);
#7160=ORIENTED_EDGE('',*,*,#5451,.T.);
#7161=ORIENTED_EDGE('',*,*,#5453,.F.);
#7162=ORIENTED_EDGE('',*,*,#5454,.F.);
#7163=ORIENTED_EDGE('',*,*,#5455,.F.);
#7164=ORIENTED_EDGE('',*,*,#5454,.T.);
#7165=ORIENTED_EDGE('',*,*,#5456,.F.);
#7166=ORIENTED_EDGE('',*,*,#5457,.F.);
#7167=ORIENTED_EDGE('',*,*,#5458,.F.);
#7168=ORIENTED_EDGE('',*,*,#5457,.T.);
#7169=ORIENTED_EDGE('',*,*,#5459,.F.);
#7170=ORIENTED_EDGE('',*,*,#5449,.F.);
#7171=ORIENTED_EDGE('',*,*,#5460,.F.);
#7172=ORIENTED_EDGE('',*,*,#5461,.T.);
#7173=ORIENTED_EDGE('',*,*,#5462,.F.);
#7174=ORIENTED_EDGE('',*,*,#5463,.F.);
#7175=ORIENTED_EDGE('',*,*,#5464,.F.);
#7176=ORIENTED_EDGE('',*,*,#5463,.T.);
#7177=ORIENTED_EDGE('',*,*,#5465,.F.);
#7178=ORIENTED_EDGE('',*,*,#5466,.F.);
#7179=ORIENTED_EDGE('',*,*,#5467,.F.);
#7180=ORIENTED_EDGE('',*,*,#5466,.T.);
#7181=ORIENTED_EDGE('',*,*,#5468,.F.);
#7182=ORIENTED_EDGE('',*,*,#5469,.F.);
#7183=ORIENTED_EDGE('',*,*,#5470,.F.);
#7184=ORIENTED_EDGE('',*,*,#5469,.T.);
#7185=ORIENTED_EDGE('',*,*,#5471,.F.);
#7186=ORIENTED_EDGE('',*,*,#5461,.F.);
#7187=ORIENTED_EDGE('',*,*,#5101,.T.);
#7188=ORIENTED_EDGE('',*,*,#5472,.T.);
#7189=ORIENTED_EDGE('',*,*,#5473,.F.);
#7190=ORIENTED_EDGE('',*,*,#5474,.F.);
#7191=ORIENTED_EDGE('',*,*,#5475,.F.);
#7192=ORIENTED_EDGE('',*,*,#5102,.T.);
#7193=ORIENTED_EDGE('',*,*,#5474,.T.);
#7194=ORIENTED_EDGE('',*,*,#5476,.F.);
#7195=ORIENTED_EDGE('',*,*,#5477,.F.);
#7196=ORIENTED_EDGE('',*,*,#5099,.T.);
#7197=ORIENTED_EDGE('',*,*,#5478,.F.);
#7198=ORIENTED_EDGE('',*,*,#5477,.T.);
#7199=ORIENTED_EDGE('',*,*,#5479,.F.);
#7200=ORIENTED_EDGE('',*,*,#5480,.F.);
#7201=ORIENTED_EDGE('',*,*,#5100,.T.);
#7202=ORIENTED_EDGE('',*,*,#5480,.T.);
#7203=ORIENTED_EDGE('',*,*,#5481,.F.);
#7204=ORIENTED_EDGE('',*,*,#5472,.F.);
#7205=ORIENTED_EDGE('',*,*,#5121,.T.);
#7206=ORIENTED_EDGE('',*,*,#5482,.T.);
#7207=ORIENTED_EDGE('',*,*,#5483,.F.);
#7208=ORIENTED_EDGE('',*,*,#5484,.F.);
#7209=ORIENTED_EDGE('',*,*,#5122,.T.);
#7210=ORIENTED_EDGE('',*,*,#5484,.T.);
#7211=ORIENTED_EDGE('',*,*,#5485,.F.);
#7212=ORIENTED_EDGE('',*,*,#5486,.F.);
#7213=ORIENTED_EDGE('',*,*,#5487,.F.);
#7214=ORIENTED_EDGE('',*,*,#5123,.T.);
#7215=ORIENTED_EDGE('',*,*,#5486,.T.);
#7216=ORIENTED_EDGE('',*,*,#5488,.F.);
#7217=ORIENTED_EDGE('',*,*,#5489,.F.);
#7218=ORIENTED_EDGE('',*,*,#5116,.T.);
#7219=ORIENTED_EDGE('',*,*,#5490,.F.);
#7220=ORIENTED_EDGE('',*,*,#5489,.T.);
#7221=ORIENTED_EDGE('',*,*,#5491,.F.);
#7222=ORIENTED_EDGE('',*,*,#5492,.F.);
#7223=ORIENTED_EDGE('',*,*,#5117,.T.);
#7224=ORIENTED_EDGE('',*,*,#5492,.T.);
#7225=ORIENTED_EDGE('',*,*,#5493,.F.);
#7226=ORIENTED_EDGE('',*,*,#5494,.F.);
#7227=ORIENTED_EDGE('',*,*,#5118,.T.);
#7228=ORIENTED_EDGE('',*,*,#5494,.T.);
#7229=ORIENTED_EDGE('',*,*,#5495,.F.);
#7230=ORIENTED_EDGE('',*,*,#5496,.F.);
#7231=ORIENTED_EDGE('',*,*,#5119,.T.);
#7232=ORIENTED_EDGE('',*,*,#5496,.T.);
#7233=ORIENTED_EDGE('',*,*,#5497,.F.);
#7234=ORIENTED_EDGE('',*,*,#5498,.F.);
#7235=ORIENTED_EDGE('',*,*,#5120,.F.);
#7236=ORIENTED_EDGE('',*,*,#5498,.T.);
#7237=ORIENTED_EDGE('',*,*,#5499,.F.);
#7238=ORIENTED_EDGE('',*,*,#5482,.F.);
#7239=ORIENTED_EDGE('',*,*,#5104,.T.);
#7240=ORIENTED_EDGE('',*,*,#5500,.F.);
#7241=ORIENTED_EDGE('',*,*,#5501,.T.);
#7242=ORIENTED_EDGE('',*,*,#5502,.F.);
#7243=ORIENTED_EDGE('',*,*,#5503,.F.);
#7244=ORIENTED_EDGE('',*,*,#5105,.T.);
#7245=ORIENTED_EDGE('',*,*,#5503,.T.);
#7246=ORIENTED_EDGE('',*,*,#5504,.F.);
#7247=ORIENTED_EDGE('',*,*,#5505,.F.);
#7248=ORIENTED_EDGE('',*,*,#5506,.F.);
#7249=ORIENTED_EDGE('',*,*,#5106,.T.);
#7250=ORIENTED_EDGE('',*,*,#5505,.T.);
#7251=ORIENTED_EDGE('',*,*,#5507,.F.);
#7252=ORIENTED_EDGE('',*,*,#5508,.F.);
#7253=ORIENTED_EDGE('',*,*,#5509,.F.);
#7254=ORIENTED_EDGE('',*,*,#5508,.T.);
#7255=ORIENTED_EDGE('',*,*,#5510,.F.);
#7256=ORIENTED_EDGE('',*,*,#5501,.F.);
#7257=ORIENTED_EDGE('',*,*,#5113,.T.);
#7258=ORIENTED_EDGE('',*,*,#5511,.T.);
#7259=ORIENTED_EDGE('',*,*,#5512,.F.);
#7260=ORIENTED_EDGE('',*,*,#5513,.F.);
#7261=ORIENTED_EDGE('',*,*,#5514,.F.);
#7262=ORIENTED_EDGE('',*,*,#5114,.T.);
#7263=ORIENTED_EDGE('',*,*,#5513,.T.);
#7264=ORIENTED_EDGE('',*,*,#5515,.F.);
#7265=ORIENTED_EDGE('',*,*,#5516,.F.);
#7266=ORIENTED_EDGE('',*,*,#5517,.F.);
#7267=ORIENTED_EDGE('',*,*,#5516,.T.);
#7268=ORIENTED_EDGE('',*,*,#5518,.F.);
#7269=ORIENTED_EDGE('',*,*,#5519,.F.);
#7270=ORIENTED_EDGE('',*,*,#5112,.T.);
#7271=ORIENTED_EDGE('',*,*,#5520,.F.);
#7272=ORIENTED_EDGE('',*,*,#5519,.T.);
#7273=ORIENTED_EDGE('',*,*,#5521,.F.);
#7274=ORIENTED_EDGE('',*,*,#5511,.F.);
#7275=ORIENTED_EDGE('',*,*,#5209,.T.);
#7276=ORIENTED_EDGE('',*,*,#5522,.T.);
#7277=ORIENTED_EDGE('',*,*,#5523,.F.);
#7278=ORIENTED_EDGE('',*,*,#5524,.F.);
#7279=ORIENTED_EDGE('',*,*,#5210,.T.);
#7280=ORIENTED_EDGE('',*,*,#5524,.T.);
#7281=ORIENTED_EDGE('',*,*,#5525,.F.);
#7282=ORIENTED_EDGE('',*,*,#5526,.F.);
#7283=ORIENTED_EDGE('',*,*,#5211,.T.);
#7284=ORIENTED_EDGE('',*,*,#5526,.T.);
#7285=ORIENTED_EDGE('',*,*,#5527,.F.);
#7286=ORIENTED_EDGE('',*,*,#5528,.F.);
#7287=ORIENTED_EDGE('',*,*,#5208,.T.);
#7288=ORIENTED_EDGE('',*,*,#5528,.T.);
#7289=ORIENTED_EDGE('',*,*,#5529,.F.);
#7290=ORIENTED_EDGE('',*,*,#5522,.F.);
#7291=ORIENTED_EDGE('',*,*,#5213,.T.);
#7292=ORIENTED_EDGE('',*,*,#5530,.T.);
#7293=ORIENTED_EDGE('',*,*,#5531,.F.);
#7294=ORIENTED_EDGE('',*,*,#5532,.F.);
#7295=ORIENTED_EDGE('',*,*,#5214,.T.);
#7296=ORIENTED_EDGE('',*,*,#5532,.T.);
#7297=ORIENTED_EDGE('',*,*,#5533,.F.);
#7298=ORIENTED_EDGE('',*,*,#5534,.F.);
#7299=ORIENTED_EDGE('',*,*,#5215,.T.);
#7300=ORIENTED_EDGE('',*,*,#5534,.T.);
#7301=ORIENTED_EDGE('',*,*,#5535,.F.);
#7302=ORIENTED_EDGE('',*,*,#5536,.F.);
#7303=ORIENTED_EDGE('',*,*,#5212,.T.);
#7304=ORIENTED_EDGE('',*,*,#5536,.T.);
#7305=ORIENTED_EDGE('',*,*,#5537,.F.);
#7306=ORIENTED_EDGE('',*,*,#5530,.F.);
#7307=ORIENTED_EDGE('',*,*,#5217,.T.);
#7308=ORIENTED_EDGE('',*,*,#5538,.T.);
#7309=ORIENTED_EDGE('',*,*,#5539,.F.);
#7310=ORIENTED_EDGE('',*,*,#5540,.F.);
#7311=ORIENTED_EDGE('',*,*,#5218,.T.);
#7312=ORIENTED_EDGE('',*,*,#5540,.T.);
#7313=ORIENTED_EDGE('',*,*,#5541,.F.);
#7314=ORIENTED_EDGE('',*,*,#5542,.F.);
#7315=ORIENTED_EDGE('',*,*,#5219,.T.);
#7316=ORIENTED_EDGE('',*,*,#5542,.T.);
#7317=ORIENTED_EDGE('',*,*,#5543,.F.);
#7318=ORIENTED_EDGE('',*,*,#5544,.F.);
#7319=ORIENTED_EDGE('',*,*,#5216,.T.);
#7320=ORIENTED_EDGE('',*,*,#5544,.T.);
#7321=ORIENTED_EDGE('',*,*,#5545,.F.);
#7322=ORIENTED_EDGE('',*,*,#5538,.F.);
#7323=ORIENTED_EDGE('',*,*,#5221,.T.);
#7324=ORIENTED_EDGE('',*,*,#5546,.T.);
#7325=ORIENTED_EDGE('',*,*,#5547,.F.);
#7326=ORIENTED_EDGE('',*,*,#5548,.F.);
#7327=ORIENTED_EDGE('',*,*,#5222,.T.);
#7328=ORIENTED_EDGE('',*,*,#5548,.T.);
#7329=ORIENTED_EDGE('',*,*,#5549,.F.);
#7330=ORIENTED_EDGE('',*,*,#5550,.F.);
#7331=ORIENTED_EDGE('',*,*,#5223,.T.);
#7332=ORIENTED_EDGE('',*,*,#5550,.T.);
#7333=ORIENTED_EDGE('',*,*,#5551,.F.);
#7334=ORIENTED_EDGE('',*,*,#5552,.F.);
#7335=ORIENTED_EDGE('',*,*,#5220,.T.);
#7336=ORIENTED_EDGE('',*,*,#5552,.T.);
#7337=ORIENTED_EDGE('',*,*,#5553,.F.);
#7338=ORIENTED_EDGE('',*,*,#5546,.F.);
#7339=ORIENTED_EDGE('',*,*,#5225,.T.);
#7340=ORIENTED_EDGE('',*,*,#5554,.T.);
#7341=ORIENTED_EDGE('',*,*,#5555,.F.);
#7342=ORIENTED_EDGE('',*,*,#5556,.F.);
#7343=ORIENTED_EDGE('',*,*,#5226,.T.);
#7344=ORIENTED_EDGE('',*,*,#5556,.T.);
#7345=ORIENTED_EDGE('',*,*,#5557,.F.);
#7346=ORIENTED_EDGE('',*,*,#5558,.F.);
#7347=ORIENTED_EDGE('',*,*,#5227,.T.);
#7348=ORIENTED_EDGE('',*,*,#5558,.T.);
#7349=ORIENTED_EDGE('',*,*,#5559,.F.);
#7350=ORIENTED_EDGE('',*,*,#5560,.F.);
#7351=ORIENTED_EDGE('',*,*,#5224,.T.);
#7352=ORIENTED_EDGE('',*,*,#5560,.T.);
#7353=ORIENTED_EDGE('',*,*,#5561,.F.);
#7354=ORIENTED_EDGE('',*,*,#5554,.F.);
#7355=ORIENTED_EDGE('',*,*,#5229,.T.);
#7356=ORIENTED_EDGE('',*,*,#5562,.T.);
#7357=ORIENTED_EDGE('',*,*,#5563,.F.);
#7358=ORIENTED_EDGE('',*,*,#5564,.F.);
#7359=ORIENTED_EDGE('',*,*,#5230,.T.);
#7360=ORIENTED_EDGE('',*,*,#5564,.T.);
#7361=ORIENTED_EDGE('',*,*,#5565,.F.);
#7362=ORIENTED_EDGE('',*,*,#5566,.F.);
#7363=ORIENTED_EDGE('',*,*,#5231,.T.);
#7364=ORIENTED_EDGE('',*,*,#5566,.T.);
#7365=ORIENTED_EDGE('',*,*,#5567,.F.);
#7366=ORIENTED_EDGE('',*,*,#5568,.F.);
#7367=ORIENTED_EDGE('',*,*,#5228,.T.);
#7368=ORIENTED_EDGE('',*,*,#5568,.T.);
#7369=ORIENTED_EDGE('',*,*,#5569,.F.);
#7370=ORIENTED_EDGE('',*,*,#5562,.F.);
#7371=ORIENTED_EDGE('',*,*,#5233,.T.);
#7372=ORIENTED_EDGE('',*,*,#5570,.T.);
#7373=ORIENTED_EDGE('',*,*,#5571,.F.);
#7374=ORIENTED_EDGE('',*,*,#5572,.F.);
#7375=ORIENTED_EDGE('',*,*,#5234,.T.);
#7376=ORIENTED_EDGE('',*,*,#5572,.T.);
#7377=ORIENTED_EDGE('',*,*,#5573,.F.);
#7378=ORIENTED_EDGE('',*,*,#5574,.F.);
#7379=ORIENTED_EDGE('',*,*,#5235,.T.);
#7380=ORIENTED_EDGE('',*,*,#5574,.T.);
#7381=ORIENTED_EDGE('',*,*,#5575,.F.);
#7382=ORIENTED_EDGE('',*,*,#5576,.F.);
#7383=ORIENTED_EDGE('',*,*,#5232,.T.);
#7384=ORIENTED_EDGE('',*,*,#5576,.T.);
#7385=ORIENTED_EDGE('',*,*,#5577,.F.);
#7386=ORIENTED_EDGE('',*,*,#5570,.F.);
#7387=ORIENTED_EDGE('',*,*,#5237,.T.);
#7388=ORIENTED_EDGE('',*,*,#5578,.T.);
#7389=ORIENTED_EDGE('',*,*,#5579,.F.);
#7390=ORIENTED_EDGE('',*,*,#5580,.F.);
#7391=ORIENTED_EDGE('',*,*,#5238,.T.);
#7392=ORIENTED_EDGE('',*,*,#5580,.T.);
#7393=ORIENTED_EDGE('',*,*,#5581,.F.);
#7394=ORIENTED_EDGE('',*,*,#5582,.F.);
#7395=ORIENTED_EDGE('',*,*,#5239,.T.);
#7396=ORIENTED_EDGE('',*,*,#5582,.T.);
#7397=ORIENTED_EDGE('',*,*,#5583,.F.);
#7398=ORIENTED_EDGE('',*,*,#5584,.F.);
#7399=ORIENTED_EDGE('',*,*,#5236,.T.);
#7400=ORIENTED_EDGE('',*,*,#5584,.T.);
#7401=ORIENTED_EDGE('',*,*,#5585,.F.);
#7402=ORIENTED_EDGE('',*,*,#5578,.F.);
#7403=ORIENTED_EDGE('',*,*,#5241,.T.);
#7404=ORIENTED_EDGE('',*,*,#5586,.T.);
#7405=ORIENTED_EDGE('',*,*,#5587,.F.);
#7406=ORIENTED_EDGE('',*,*,#5588,.F.);
#7407=ORIENTED_EDGE('',*,*,#5242,.T.);
#7408=ORIENTED_EDGE('',*,*,#5588,.T.);
#7409=ORIENTED_EDGE('',*,*,#5589,.F.);
#7410=ORIENTED_EDGE('',*,*,#5590,.F.);
#7411=ORIENTED_EDGE('',*,*,#5243,.T.);
#7412=ORIENTED_EDGE('',*,*,#5590,.T.);
#7413=ORIENTED_EDGE('',*,*,#5591,.F.);
#7414=ORIENTED_EDGE('',*,*,#5592,.F.);
#7415=ORIENTED_EDGE('',*,*,#5240,.T.);
#7416=ORIENTED_EDGE('',*,*,#5592,.T.);
#7417=ORIENTED_EDGE('',*,*,#5593,.F.);
#7418=ORIENTED_EDGE('',*,*,#5586,.F.);
#7419=ORIENTED_EDGE('',*,*,#5245,.T.);
#7420=ORIENTED_EDGE('',*,*,#5594,.T.);
#7421=ORIENTED_EDGE('',*,*,#5595,.F.);
#7422=ORIENTED_EDGE('',*,*,#5596,.F.);
#7423=ORIENTED_EDGE('',*,*,#5246,.T.);
#7424=ORIENTED_EDGE('',*,*,#5596,.T.);
#7425=ORIENTED_EDGE('',*,*,#5597,.F.);
#7426=ORIENTED_EDGE('',*,*,#5598,.F.);
#7427=ORIENTED_EDGE('',*,*,#5247,.T.);
#7428=ORIENTED_EDGE('',*,*,#5598,.T.);
#7429=ORIENTED_EDGE('',*,*,#5599,.F.);
#7430=ORIENTED_EDGE('',*,*,#5600,.F.);
#7431=ORIENTED_EDGE('',*,*,#5244,.T.);
#7432=ORIENTED_EDGE('',*,*,#5600,.T.);
#7433=ORIENTED_EDGE('',*,*,#5601,.F.);
#7434=ORIENTED_EDGE('',*,*,#5594,.F.);
#7435=ORIENTED_EDGE('',*,*,#5249,.T.);
#7436=ORIENTED_EDGE('',*,*,#5602,.T.);
#7437=ORIENTED_EDGE('',*,*,#5603,.F.);
#7438=ORIENTED_EDGE('',*,*,#5604,.F.);
#7439=ORIENTED_EDGE('',*,*,#5250,.T.);
#7440=ORIENTED_EDGE('',*,*,#5604,.T.);
#7441=ORIENTED_EDGE('',*,*,#5605,.F.);
#7442=ORIENTED_EDGE('',*,*,#5606,.F.);
#7443=ORIENTED_EDGE('',*,*,#5251,.T.);
#7444=ORIENTED_EDGE('',*,*,#5606,.T.);
#7445=ORIENTED_EDGE('',*,*,#5607,.F.);
#7446=ORIENTED_EDGE('',*,*,#5608,.F.);
#7447=ORIENTED_EDGE('',*,*,#5248,.T.);
#7448=ORIENTED_EDGE('',*,*,#5608,.T.);
#7449=ORIENTED_EDGE('',*,*,#5609,.F.);
#7450=ORIENTED_EDGE('',*,*,#5602,.F.);
#7451=ORIENTED_EDGE('',*,*,#5253,.T.);
#7452=ORIENTED_EDGE('',*,*,#5610,.T.);
#7453=ORIENTED_EDGE('',*,*,#5611,.F.);
#7454=ORIENTED_EDGE('',*,*,#5612,.F.);
#7455=ORIENTED_EDGE('',*,*,#5254,.T.);
#7456=ORIENTED_EDGE('',*,*,#5612,.T.);
#7457=ORIENTED_EDGE('',*,*,#5613,.F.);
#7458=ORIENTED_EDGE('',*,*,#5614,.F.);
#7459=ORIENTED_EDGE('',*,*,#5255,.T.);
#7460=ORIENTED_EDGE('',*,*,#5614,.T.);
#7461=ORIENTED_EDGE('',*,*,#5615,.F.);
#7462=ORIENTED_EDGE('',*,*,#5616,.F.);
#7463=ORIENTED_EDGE('',*,*,#5252,.T.);
#7464=ORIENTED_EDGE('',*,*,#5616,.T.);
#7465=ORIENTED_EDGE('',*,*,#5617,.F.);
#7466=ORIENTED_EDGE('',*,*,#5610,.F.);
#7467=ORIENTED_EDGE('',*,*,#5618,.F.);
#7468=ORIENTED_EDGE('',*,*,#5619,.T.);
#7469=ORIENTED_EDGE('',*,*,#5620,.F.);
#7470=ORIENTED_EDGE('',*,*,#5621,.F.);
#7471=ORIENTED_EDGE('',*,*,#5622,.F.);
#7472=ORIENTED_EDGE('',*,*,#5621,.T.);
#7473=ORIENTED_EDGE('',*,*,#5623,.F.);
#7474=ORIENTED_EDGE('',*,*,#5624,.F.);
#7475=ORIENTED_EDGE('',*,*,#5625,.F.);
#7476=ORIENTED_EDGE('',*,*,#5624,.T.);
#7477=ORIENTED_EDGE('',*,*,#5626,.F.);
#7478=ORIENTED_EDGE('',*,*,#5627,.F.);
#7479=ORIENTED_EDGE('',*,*,#5628,.F.);
#7480=ORIENTED_EDGE('',*,*,#5627,.T.);
#7481=ORIENTED_EDGE('',*,*,#5629,.F.);
#7482=ORIENTED_EDGE('',*,*,#5619,.F.);
#7483=ORIENTED_EDGE('',*,*,#5257,.T.);
#7484=ORIENTED_EDGE('',*,*,#5630,.T.);
#7485=ORIENTED_EDGE('',*,*,#5631,.F.);
#7486=ORIENTED_EDGE('',*,*,#5632,.F.);
#7487=ORIENTED_EDGE('',*,*,#5258,.T.);
#7488=ORIENTED_EDGE('',*,*,#5632,.T.);
#7489=ORIENTED_EDGE('',*,*,#5633,.F.);
#7490=ORIENTED_EDGE('',*,*,#5634,.F.);
#7491=ORIENTED_EDGE('',*,*,#5259,.T.);
#7492=ORIENTED_EDGE('',*,*,#5634,.T.);
#7493=ORIENTED_EDGE('',*,*,#5635,.F.);
#7494=ORIENTED_EDGE('',*,*,#5636,.F.);
#7495=ORIENTED_EDGE('',*,*,#5256,.T.);
#7496=ORIENTED_EDGE('',*,*,#5636,.T.);
#7497=ORIENTED_EDGE('',*,*,#5637,.F.);
#7498=ORIENTED_EDGE('',*,*,#5630,.F.);
#7499=ORIENTED_EDGE('',*,*,#5261,.T.);
#7500=ORIENTED_EDGE('',*,*,#5638,.T.);
#7501=ORIENTED_EDGE('',*,*,#5639,.F.);
#7502=ORIENTED_EDGE('',*,*,#5640,.F.);
#7503=ORIENTED_EDGE('',*,*,#5262,.T.);
#7504=ORIENTED_EDGE('',*,*,#5640,.T.);
#7505=ORIENTED_EDGE('',*,*,#5641,.F.);
#7506=ORIENTED_EDGE('',*,*,#5642,.F.);
#7507=ORIENTED_EDGE('',*,*,#5263,.T.);
#7508=ORIENTED_EDGE('',*,*,#5642,.T.);
#7509=ORIENTED_EDGE('',*,*,#5643,.F.);
#7510=ORIENTED_EDGE('',*,*,#5644,.F.);
#7511=ORIENTED_EDGE('',*,*,#5260,.T.);
#7512=ORIENTED_EDGE('',*,*,#5644,.T.);
#7513=ORIENTED_EDGE('',*,*,#5645,.F.);
#7514=ORIENTED_EDGE('',*,*,#5638,.F.);
#7515=ORIENTED_EDGE('',*,*,#5265,.T.);
#7516=ORIENTED_EDGE('',*,*,#5646,.T.);
#7517=ORIENTED_EDGE('',*,*,#5647,.F.);
#7518=ORIENTED_EDGE('',*,*,#5648,.F.);
#7519=ORIENTED_EDGE('',*,*,#5266,.T.);
#7520=ORIENTED_EDGE('',*,*,#5648,.T.);
#7521=ORIENTED_EDGE('',*,*,#5649,.F.);
#7522=ORIENTED_EDGE('',*,*,#5650,.F.);
#7523=ORIENTED_EDGE('',*,*,#5267,.T.);
#7524=ORIENTED_EDGE('',*,*,#5650,.T.);
#7525=ORIENTED_EDGE('',*,*,#5651,.F.);
#7526=ORIENTED_EDGE('',*,*,#5652,.F.);
#7527=ORIENTED_EDGE('',*,*,#5264,.T.);
#7528=ORIENTED_EDGE('',*,*,#5652,.T.);
#7529=ORIENTED_EDGE('',*,*,#5653,.F.);
#7530=ORIENTED_EDGE('',*,*,#5646,.F.);
#7531=ORIENTED_EDGE('',*,*,#5269,.T.);
#7532=ORIENTED_EDGE('',*,*,#5654,.T.);
#7533=ORIENTED_EDGE('',*,*,#5655,.F.);
#7534=ORIENTED_EDGE('',*,*,#5656,.F.);
#7535=ORIENTED_EDGE('',*,*,#5270,.T.);
#7536=ORIENTED_EDGE('',*,*,#5656,.T.);
#7537=ORIENTED_EDGE('',*,*,#5657,.F.);
#7538=ORIENTED_EDGE('',*,*,#5658,.F.);
#7539=ORIENTED_EDGE('',*,*,#5271,.T.);
#7540=ORIENTED_EDGE('',*,*,#5658,.T.);
#7541=ORIENTED_EDGE('',*,*,#5659,.F.);
#7542=ORIENTED_EDGE('',*,*,#5660,.F.);
#7543=ORIENTED_EDGE('',*,*,#5268,.T.);
#7544=ORIENTED_EDGE('',*,*,#5660,.T.);
#7545=ORIENTED_EDGE('',*,*,#5661,.F.);
#7546=ORIENTED_EDGE('',*,*,#5654,.F.);
#7547=ORIENTED_EDGE('',*,*,#5273,.T.);
#7548=ORIENTED_EDGE('',*,*,#5662,.T.);
#7549=ORIENTED_EDGE('',*,*,#5663,.F.);
#7550=ORIENTED_EDGE('',*,*,#5664,.F.);
#7551=ORIENTED_EDGE('',*,*,#5274,.T.);
#7552=ORIENTED_EDGE('',*,*,#5664,.T.);
#7553=ORIENTED_EDGE('',*,*,#5665,.F.);
#7554=ORIENTED_EDGE('',*,*,#5666,.F.);
#7555=ORIENTED_EDGE('',*,*,#5275,.T.);
#7556=ORIENTED_EDGE('',*,*,#5666,.T.);
#7557=ORIENTED_EDGE('',*,*,#5667,.F.);
#7558=ORIENTED_EDGE('',*,*,#5668,.F.);
#7559=ORIENTED_EDGE('',*,*,#5272,.T.);
#7560=ORIENTED_EDGE('',*,*,#5668,.T.);
#7561=ORIENTED_EDGE('',*,*,#5669,.F.);
#7562=ORIENTED_EDGE('',*,*,#5662,.F.);
#7563=ORIENTED_EDGE('',*,*,#5277,.T.);
#7564=ORIENTED_EDGE('',*,*,#5670,.T.);
#7565=ORIENTED_EDGE('',*,*,#5671,.F.);
#7566=ORIENTED_EDGE('',*,*,#5672,.F.);
#7567=ORIENTED_EDGE('',*,*,#5278,.T.);
#7568=ORIENTED_EDGE('',*,*,#5672,.T.);
#7569=ORIENTED_EDGE('',*,*,#5673,.F.);
#7570=ORIENTED_EDGE('',*,*,#5674,.F.);
#7571=ORIENTED_EDGE('',*,*,#5279,.T.);
#7572=ORIENTED_EDGE('',*,*,#5674,.T.);
#7573=ORIENTED_EDGE('',*,*,#5675,.F.);
#7574=ORIENTED_EDGE('',*,*,#5676,.F.);
#7575=ORIENTED_EDGE('',*,*,#5276,.T.);
#7576=ORIENTED_EDGE('',*,*,#5676,.T.);
#7577=ORIENTED_EDGE('',*,*,#5677,.F.);
#7578=ORIENTED_EDGE('',*,*,#5670,.F.);
#7579=ORIENTED_EDGE('',*,*,#5281,.T.);
#7580=ORIENTED_EDGE('',*,*,#5678,.T.);
#7581=ORIENTED_EDGE('',*,*,#5679,.F.);
#7582=ORIENTED_EDGE('',*,*,#5680,.F.);
#7583=ORIENTED_EDGE('',*,*,#5282,.T.);
#7584=ORIENTED_EDGE('',*,*,#5680,.T.);
#7585=ORIENTED_EDGE('',*,*,#5681,.F.);
#7586=ORIENTED_EDGE('',*,*,#5682,.F.);
#7587=ORIENTED_EDGE('',*,*,#5283,.T.);
#7588=ORIENTED_EDGE('',*,*,#5682,.T.);
#7589=ORIENTED_EDGE('',*,*,#5683,.F.);
#7590=ORIENTED_EDGE('',*,*,#5684,.F.);
#7591=ORIENTED_EDGE('',*,*,#5280,.T.);
#7592=ORIENTED_EDGE('',*,*,#5684,.T.);
#7593=ORIENTED_EDGE('',*,*,#5685,.F.);
#7594=ORIENTED_EDGE('',*,*,#5678,.F.);
#7595=ORIENTED_EDGE('',*,*,#5285,.T.);
#7596=ORIENTED_EDGE('',*,*,#5686,.T.);
#7597=ORIENTED_EDGE('',*,*,#5687,.F.);
#7598=ORIENTED_EDGE('',*,*,#5688,.F.);
#7599=ORIENTED_EDGE('',*,*,#5286,.T.);
#7600=ORIENTED_EDGE('',*,*,#5688,.T.);
#7601=ORIENTED_EDGE('',*,*,#5689,.F.);
#7602=ORIENTED_EDGE('',*,*,#5690,.F.);
#7603=ORIENTED_EDGE('',*,*,#5287,.T.);
#7604=ORIENTED_EDGE('',*,*,#5690,.T.);
#7605=ORIENTED_EDGE('',*,*,#5691,.F.);
#7606=ORIENTED_EDGE('',*,*,#5692,.F.);
#7607=ORIENTED_EDGE('',*,*,#5284,.T.);
#7608=ORIENTED_EDGE('',*,*,#5692,.T.);
#7609=ORIENTED_EDGE('',*,*,#5693,.F.);
#7610=ORIENTED_EDGE('',*,*,#5686,.F.);
#7611=ORIENTED_EDGE('',*,*,#5109,.F.);
#7612=ORIENTED_EDGE('',*,*,#5694,.T.);
#7613=ORIENTED_EDGE('',*,*,#5695,.F.);
#7614=ORIENTED_EDGE('',*,*,#5696,.F.);
#7615=ORIENTED_EDGE('',*,*,#5697,.T.);
#7616=ORIENTED_EDGE('',*,*,#5698,.T.);
#7617=ORIENTED_EDGE('',*,*,#5695,.T.);
#7618=ORIENTED_EDGE('',*,*,#5699,.T.);
#7619=ORIENTED_EDGE('',*,*,#5693,.T.);
#7620=ORIENTED_EDGE('',*,*,#5691,.T.);
#7621=ORIENTED_EDGE('',*,*,#5689,.T.);
#7622=ORIENTED_EDGE('',*,*,#5687,.T.);
#7623=ORIENTED_EDGE('',*,*,#5685,.T.);
#7624=ORIENTED_EDGE('',*,*,#5683,.T.);
#7625=ORIENTED_EDGE('',*,*,#5681,.T.);
#7626=ORIENTED_EDGE('',*,*,#5679,.T.);
#7627=ORIENTED_EDGE('',*,*,#5677,.T.);
#7628=ORIENTED_EDGE('',*,*,#5675,.T.);
#7629=ORIENTED_EDGE('',*,*,#5673,.T.);
#7630=ORIENTED_EDGE('',*,*,#5671,.T.);
#7631=ORIENTED_EDGE('',*,*,#5669,.T.);
#7632=ORIENTED_EDGE('',*,*,#5667,.T.);
#7633=ORIENTED_EDGE('',*,*,#5665,.T.);
#7634=ORIENTED_EDGE('',*,*,#5663,.T.);
#7635=ORIENTED_EDGE('',*,*,#5661,.T.);
#7636=ORIENTED_EDGE('',*,*,#5659,.T.);
#7637=ORIENTED_EDGE('',*,*,#5657,.T.);
#7638=ORIENTED_EDGE('',*,*,#5655,.T.);
#7639=ORIENTED_EDGE('',*,*,#5653,.T.);
#7640=ORIENTED_EDGE('',*,*,#5651,.T.);
#7641=ORIENTED_EDGE('',*,*,#5649,.T.);
#7642=ORIENTED_EDGE('',*,*,#5647,.T.);
#7643=ORIENTED_EDGE('',*,*,#5645,.T.);
#7644=ORIENTED_EDGE('',*,*,#5643,.T.);
#7645=ORIENTED_EDGE('',*,*,#5641,.T.);
#7646=ORIENTED_EDGE('',*,*,#5639,.T.);
#7647=ORIENTED_EDGE('',*,*,#5637,.T.);
#7648=ORIENTED_EDGE('',*,*,#5635,.T.);
#7649=ORIENTED_EDGE('',*,*,#5633,.T.);
#7650=ORIENTED_EDGE('',*,*,#5631,.T.);
#7651=ORIENTED_EDGE('',*,*,#5629,.T.);
#7652=ORIENTED_EDGE('',*,*,#5626,.T.);
#7653=ORIENTED_EDGE('',*,*,#5623,.T.);
#7654=ORIENTED_EDGE('',*,*,#5620,.T.);
#7655=ORIENTED_EDGE('',*,*,#5617,.T.);
#7656=ORIENTED_EDGE('',*,*,#5615,.T.);
#7657=ORIENTED_EDGE('',*,*,#5613,.T.);
#7658=ORIENTED_EDGE('',*,*,#5611,.T.);
#7659=ORIENTED_EDGE('',*,*,#5609,.T.);
#7660=ORIENTED_EDGE('',*,*,#5607,.T.);
#7661=ORIENTED_EDGE('',*,*,#5605,.T.);
#7662=ORIENTED_EDGE('',*,*,#5603,.T.);
#7663=ORIENTED_EDGE('',*,*,#5601,.T.);
#7664=ORIENTED_EDGE('',*,*,#5599,.T.);
#7665=ORIENTED_EDGE('',*,*,#5597,.T.);
#7666=ORIENTED_EDGE('',*,*,#5595,.T.);
#7667=ORIENTED_EDGE('',*,*,#5593,.T.);
#7668=ORIENTED_EDGE('',*,*,#5591,.T.);
#7669=ORIENTED_EDGE('',*,*,#5589,.T.);
#7670=ORIENTED_EDGE('',*,*,#5587,.T.);
#7671=ORIENTED_EDGE('',*,*,#5585,.T.);
#7672=ORIENTED_EDGE('',*,*,#5583,.T.);
#7673=ORIENTED_EDGE('',*,*,#5581,.T.);
#7674=ORIENTED_EDGE('',*,*,#5579,.T.);
#7675=ORIENTED_EDGE('',*,*,#5577,.T.);
#7676=ORIENTED_EDGE('',*,*,#5575,.T.);
#7677=ORIENTED_EDGE('',*,*,#5573,.T.);
#7678=ORIENTED_EDGE('',*,*,#5571,.T.);
#7679=ORIENTED_EDGE('',*,*,#5569,.T.);
#7680=ORIENTED_EDGE('',*,*,#5567,.T.);
#7681=ORIENTED_EDGE('',*,*,#5565,.T.);
#7682=ORIENTED_EDGE('',*,*,#5563,.T.);
#7683=ORIENTED_EDGE('',*,*,#5561,.T.);
#7684=ORIENTED_EDGE('',*,*,#5559,.T.);
#7685=ORIENTED_EDGE('',*,*,#5557,.T.);
#7686=ORIENTED_EDGE('',*,*,#5555,.T.);
#7687=ORIENTED_EDGE('',*,*,#5553,.T.);
#7688=ORIENTED_EDGE('',*,*,#5551,.T.);
#7689=ORIENTED_EDGE('',*,*,#5549,.T.);
#7690=ORIENTED_EDGE('',*,*,#5547,.T.);
#7691=ORIENTED_EDGE('',*,*,#5545,.T.);
#7692=ORIENTED_EDGE('',*,*,#5543,.T.);
#7693=ORIENTED_EDGE('',*,*,#5541,.T.);
#7694=ORIENTED_EDGE('',*,*,#5539,.T.);
#7695=ORIENTED_EDGE('',*,*,#5537,.T.);
#7696=ORIENTED_EDGE('',*,*,#5535,.T.);
#7697=ORIENTED_EDGE('',*,*,#5533,.T.);
#7698=ORIENTED_EDGE('',*,*,#5531,.T.);
#7699=ORIENTED_EDGE('',*,*,#5529,.T.);
#7700=ORIENTED_EDGE('',*,*,#5527,.T.);
#7701=ORIENTED_EDGE('',*,*,#5525,.T.);
#7702=ORIENTED_EDGE('',*,*,#5523,.T.);
#7703=ORIENTED_EDGE('',*,*,#5521,.T.);
#7704=ORIENTED_EDGE('',*,*,#5518,.T.);
#7705=ORIENTED_EDGE('',*,*,#5515,.T.);
#7706=ORIENTED_EDGE('',*,*,#5512,.T.);
#7707=ORIENTED_EDGE('',*,*,#5510,.T.);
#7708=ORIENTED_EDGE('',*,*,#5507,.T.);
#7709=ORIENTED_EDGE('',*,*,#5504,.T.);
#7710=ORIENTED_EDGE('',*,*,#5502,.T.);
#7711=ORIENTED_EDGE('',*,*,#5499,.T.);
#7712=ORIENTED_EDGE('',*,*,#5497,.T.);
#7713=ORIENTED_EDGE('',*,*,#5495,.T.);
#7714=ORIENTED_EDGE('',*,*,#5493,.T.);
#7715=ORIENTED_EDGE('',*,*,#5491,.T.);
#7716=ORIENTED_EDGE('',*,*,#5488,.T.);
#7717=ORIENTED_EDGE('',*,*,#5485,.T.);
#7718=ORIENTED_EDGE('',*,*,#5483,.T.);
#7719=ORIENTED_EDGE('',*,*,#5481,.T.);
#7720=ORIENTED_EDGE('',*,*,#5479,.T.);
#7721=ORIENTED_EDGE('',*,*,#5476,.T.);
#7722=ORIENTED_EDGE('',*,*,#5473,.T.);
#7723=ORIENTED_EDGE('',*,*,#5471,.T.);
#7724=ORIENTED_EDGE('',*,*,#5468,.T.);
#7725=ORIENTED_EDGE('',*,*,#5465,.T.);
#7726=ORIENTED_EDGE('',*,*,#5462,.T.);
#7727=ORIENTED_EDGE('',*,*,#5459,.T.);
#7728=ORIENTED_EDGE('',*,*,#5456,.T.);
#7729=ORIENTED_EDGE('',*,*,#5453,.T.);
#7730=ORIENTED_EDGE('',*,*,#5450,.T.);
#7731=ORIENTED_EDGE('',*,*,#5447,.T.);
#7732=ORIENTED_EDGE('',*,*,#5445,.T.);
#7733=ORIENTED_EDGE('',*,*,#5443,.T.);
#7734=ORIENTED_EDGE('',*,*,#5441,.T.);
#7735=ORIENTED_EDGE('',*,*,#5439,.T.);
#7736=ORIENTED_EDGE('',*,*,#5437,.T.);
#7737=ORIENTED_EDGE('',*,*,#5435,.T.);
#7738=ORIENTED_EDGE('',*,*,#5433,.T.);
#7739=ORIENTED_EDGE('',*,*,#5431,.T.);
#7740=ORIENTED_EDGE('',*,*,#5429,.T.);
#7741=ORIENTED_EDGE('',*,*,#5427,.T.);
#7742=ORIENTED_EDGE('',*,*,#5425,.T.);
#7743=ORIENTED_EDGE('',*,*,#5423,.T.);
#7744=ORIENTED_EDGE('',*,*,#5421,.T.);
#7745=ORIENTED_EDGE('',*,*,#5419,.T.);
#7746=ORIENTED_EDGE('',*,*,#5417,.T.);
#7747=ORIENTED_EDGE('',*,*,#5415,.T.);
#7748=ORIENTED_EDGE('',*,*,#5413,.T.);
#7749=ORIENTED_EDGE('',*,*,#5411,.T.);
#7750=ORIENTED_EDGE('',*,*,#5409,.T.);
#7751=ORIENTED_EDGE('',*,*,#5407,.T.);
#7752=ORIENTED_EDGE('',*,*,#5405,.T.);
#7753=ORIENTED_EDGE('',*,*,#5403,.T.);
#7754=ORIENTED_EDGE('',*,*,#5401,.T.);
#7755=ORIENTED_EDGE('',*,*,#5399,.T.);
#7756=ORIENTED_EDGE('',*,*,#5397,.T.);
#7757=ORIENTED_EDGE('',*,*,#5395,.T.);
#7758=ORIENTED_EDGE('',*,*,#5393,.T.);
#7759=ORIENTED_EDGE('',*,*,#5391,.T.);
#7760=ORIENTED_EDGE('',*,*,#5389,.T.);
#7761=ORIENTED_EDGE('',*,*,#5387,.T.);
#7762=ORIENTED_EDGE('',*,*,#5385,.T.);
#7763=ORIENTED_EDGE('',*,*,#5383,.T.);
#7764=ORIENTED_EDGE('',*,*,#5381,.T.);
#7765=ORIENTED_EDGE('',*,*,#5379,.T.);
#7766=ORIENTED_EDGE('',*,*,#5377,.T.);
#7767=ORIENTED_EDGE('',*,*,#5375,.T.);
#7768=ORIENTED_EDGE('',*,*,#5373,.T.);
#7769=ORIENTED_EDGE('',*,*,#5371,.T.);
#7770=ORIENTED_EDGE('',*,*,#5369,.T.);
#7771=ORIENTED_EDGE('',*,*,#5367,.T.);
#7772=ORIENTED_EDGE('',*,*,#5365,.T.);
#7773=ORIENTED_EDGE('',*,*,#5363,.T.);
#7774=ORIENTED_EDGE('',*,*,#5361,.T.);
#7775=ORIENTED_EDGE('',*,*,#5359,.T.);
#7776=ORIENTED_EDGE('',*,*,#5357,.T.);
#7777=ORIENTED_EDGE('',*,*,#5355,.T.);
#7778=ORIENTED_EDGE('',*,*,#5353,.T.);
#7779=ORIENTED_EDGE('',*,*,#5351,.T.);
#7780=ORIENTED_EDGE('',*,*,#5349,.T.);
#7781=ORIENTED_EDGE('',*,*,#5347,.T.);
#7782=ORIENTED_EDGE('',*,*,#5345,.T.);
#7783=ORIENTED_EDGE('',*,*,#5343,.T.);
#7784=ORIENTED_EDGE('',*,*,#5341,.T.);
#7785=ORIENTED_EDGE('',*,*,#5339,.T.);
#7786=ORIENTED_EDGE('',*,*,#5337,.T.);
#7787=ORIENTED_EDGE('',*,*,#5335,.T.);
#7788=ORIENTED_EDGE('',*,*,#5333,.T.);
#7789=ORIENTED_EDGE('',*,*,#5331,.T.);
#7790=ORIENTED_EDGE('',*,*,#5329,.T.);
#7791=ORIENTED_EDGE('',*,*,#5327,.T.);
#7792=ORIENTED_EDGE('',*,*,#5325,.T.);
#7793=ORIENTED_EDGE('',*,*,#5323,.T.);
#7794=ORIENTED_EDGE('',*,*,#5321,.T.);
#7795=ORIENTED_EDGE('',*,*,#5319,.T.);
#7796=ORIENTED_EDGE('',*,*,#5317,.T.);
#7797=ORIENTED_EDGE('',*,*,#5315,.T.);
#7798=ORIENTED_EDGE('',*,*,#5313,.T.);
#7799=ORIENTED_EDGE('',*,*,#5311,.T.);
#7800=ORIENTED_EDGE('',*,*,#5309,.T.);
#7801=ORIENTED_EDGE('',*,*,#5307,.T.);
#7802=ORIENTED_EDGE('',*,*,#5305,.T.);
#7803=ORIENTED_EDGE('',*,*,#5303,.T.);
#7804=ORIENTED_EDGE('',*,*,#5301,.T.);
#7805=ORIENTED_EDGE('',*,*,#5299,.T.);
#7806=ORIENTED_EDGE('',*,*,#5297,.T.);
#7807=ORIENTED_EDGE('',*,*,#5295,.T.);
#7808=ORIENTED_EDGE('',*,*,#5293,.T.);
#7809=ORIENTED_EDGE('',*,*,#5291,.T.);
#7810=ORIENTED_EDGE('',*,*,#5289,.T.);
#7811=ORIENTED_EDGE('',*,*,#5618,.T.);
#7812=ORIENTED_EDGE('',*,*,#5622,.T.);
#7813=ORIENTED_EDGE('',*,*,#5625,.T.);
#7814=ORIENTED_EDGE('',*,*,#5628,.T.);
#7815=ORIENTED_EDGE('',*,*,#5460,.T.);
#7816=ORIENTED_EDGE('',*,*,#5464,.T.);
#7817=ORIENTED_EDGE('',*,*,#5467,.T.);
#7818=ORIENTED_EDGE('',*,*,#5470,.T.);
#7819=ORIENTED_EDGE('',*,*,#5487,.T.);
#7820=ORIENTED_EDGE('',*,*,#5490,.T.);
#7821=ORIENTED_EDGE('',*,*,#5700,.T.);
#7822=ORIENTED_EDGE('',*,*,#5701,.T.);
#7823=ORIENTED_EDGE('',*,*,#5702,.T.);
#7824=ORIENTED_EDGE('',*,*,#5703,.T.);
#7825=ORIENTED_EDGE('',*,*,#5514,.T.);
#7826=ORIENTED_EDGE('',*,*,#5517,.T.);
#7827=ORIENTED_EDGE('',*,*,#5520,.T.);
#7828=ORIENTED_EDGE('',*,*,#5704,.T.);
#7829=ORIENTED_EDGE('',*,*,#5500,.T.);
#7830=ORIENTED_EDGE('',*,*,#5705,.T.);
#7831=ORIENTED_EDGE('',*,*,#5506,.T.);
#7832=ORIENTED_EDGE('',*,*,#5509,.T.);
#7833=ORIENTED_EDGE('',*,*,#5478,.T.);
#7834=ORIENTED_EDGE('',*,*,#5706,.T.);
#7835=ORIENTED_EDGE('',*,*,#5707,.T.);
#7836=ORIENTED_EDGE('',*,*,#5475,.T.);
#7837=ORIENTED_EDGE('',*,*,#5452,.T.);
#7838=ORIENTED_EDGE('',*,*,#5455,.T.);
#7839=ORIENTED_EDGE('',*,*,#5458,.T.);
#7840=ORIENTED_EDGE('',*,*,#5448,.T.);
#7841=ORIENTED_EDGE('',*,*,#5708,.T.);
#7842=ORIENTED_EDGE('',*,*,#5709,.T.);
#7843=ORIENTED_EDGE('',*,*,#5710,.F.);
#7844=ORIENTED_EDGE('',*,*,#5711,.T.);
#7845=ORIENTED_EDGE('',*,*,#5712,.T.);
#7846=ORIENTED_EDGE('',*,*,#5711,.F.);
#7847=ORIENTED_EDGE('',*,*,#5712,.F.);
#7848=ORIENTED_EDGE('',*,*,#5713,.F.);
#7849=ORIENTED_EDGE('',*,*,#5714,.T.);
#7850=ORIENTED_EDGE('',*,*,#5715,.T.);
#7851=ORIENTED_EDGE('',*,*,#5714,.F.);
#7852=ORIENTED_EDGE('',*,*,#5715,.F.);
#7853=ORIENTED_EDGE('',*,*,#5716,.F.);
#7854=ORIENTED_EDGE('',*,*,#5717,.F.);
#7855=ORIENTED_EDGE('',*,*,#5718,.F.);
#7856=ORIENTED_EDGE('',*,*,#5719,.F.);
#7857=ORIENTED_EDGE('',*,*,#5720,.F.);
#7858=ORIENTED_EDGE('',*,*,#5721,.F.);
#7859=ORIENTED_EDGE('',*,*,#5716,.T.);
#7860=ORIENTED_EDGE('',*,*,#5722,.F.);
#7861=ORIENTED_EDGE('',*,*,#5723,.F.);
#7862=ORIENTED_EDGE('',*,*,#5724,.F.);
#7863=ORIENTED_EDGE('',*,*,#5720,.T.);
#7864=ORIENTED_EDGE('',*,*,#5725,.F.);
#7865=ORIENTED_EDGE('',*,*,#5718,.T.);
#7866=ORIENTED_EDGE('',*,*,#5726,.F.);
#7867=ORIENTED_EDGE('',*,*,#5723,.T.);
#7868=ORIENTED_EDGE('',*,*,#5727,.F.);
#7869=ORIENTED_EDGE('',*,*,#5728,.F.);
#7870=ORIENTED_EDGE('',*,*,#5729,.F.);
#7871=ORIENTED_EDGE('',*,*,#5708,.F.);
#7872=ORIENTED_EDGE('',*,*,#5125,.F.);
#7873=ORIENTED_EDGE('',*,*,#5730,.F.);
#7874=ORIENTED_EDGE('',*,*,#5731,.F.);
#7875=ORIENTED_EDGE('',*,*,#5732,.F.);
#7876=ORIENTED_EDGE('',*,*,#5729,.T.);
#7877=ORIENTED_EDGE('',*,*,#5733,.F.);
#7878=ORIENTED_EDGE('',*,*,#5734,.F.);
#7879=ORIENTED_EDGE('',*,*,#5706,.F.);
#7880=ORIENTED_EDGE('',*,*,#5098,.F.);
#7881=ORIENTED_EDGE('',*,*,#5709,.F.);
#7882=ORIENTED_EDGE('',*,*,#5728,.T.);
#7883=ORIENTED_EDGE('',*,*,#5735,.T.);
#7884=ORIENTED_EDGE('',*,*,#5736,.T.);
#7885=ORIENTED_EDGE('',*,*,#5733,.T.);
#7886=ORIENTED_EDGE('',*,*,#5732,.T.);
#7887=ORIENTED_EDGE('',*,*,#5737,.F.);
#7888=ORIENTED_EDGE('',*,*,#5738,.T.);
#7889=ORIENTED_EDGE('',*,*,#5739,.F.);
#7890=ORIENTED_EDGE('',*,*,#5740,.F.);
#7891=ORIENTED_EDGE('',*,*,#5741,.F.);
#7892=ORIENTED_EDGE('',*,*,#5742,.F.);
#7893=ORIENTED_EDGE('',*,*,#5743,.F.);
#7894=ORIENTED_EDGE('',*,*,#5744,.T.);
#7895=ORIENTED_EDGE('',*,*,#5745,.T.);
#7896=ORIENTED_EDGE('',*,*,#5746,.T.);
#7897=ORIENTED_EDGE('',*,*,#5747,.T.);
#7898=ORIENTED_EDGE('',*,*,#5735,.F.);
#7899=ORIENTED_EDGE('',*,*,#5731,.T.);
#7900=ORIENTED_EDGE('',*,*,#5748,.T.);
#7901=ORIENTED_EDGE('',*,*,#5749,.T.);
#7902=ORIENTED_EDGE('',*,*,#5737,.T.);
#7903=ORIENTED_EDGE('',*,*,#5730,.T.);
#7904=ORIENTED_EDGE('',*,*,#5124,.F.);
#7905=ORIENTED_EDGE('',*,*,#5703,.F.);
#7906=ORIENTED_EDGE('',*,*,#5702,.F.);
#7907=ORIENTED_EDGE('',*,*,#5701,.F.);
#7908=ORIENTED_EDGE('',*,*,#5750,.F.);
#7909=ORIENTED_EDGE('',*,*,#5748,.F.);
#7910=ORIENTED_EDGE('',*,*,#5751,.F.);
#7911=ORIENTED_EDGE('',*,*,#5752,.T.);
#7912=ORIENTED_EDGE('',*,*,#5753,.T.);
#7913=ORIENTED_EDGE('',*,*,#5754,.F.);
#7914=ORIENTED_EDGE('',*,*,#5755,.F.);
#7915=ORIENTED_EDGE('',*,*,#5754,.T.);
#7916=ORIENTED_EDGE('',*,*,#5756,.T.);
#7917=ORIENTED_EDGE('',*,*,#5757,.F.);
#7918=ORIENTED_EDGE('',*,*,#5758,.F.);
#7919=ORIENTED_EDGE('',*,*,#5757,.T.);
#7920=ORIENTED_EDGE('',*,*,#5759,.T.);
#7921=ORIENTED_EDGE('',*,*,#5760,.F.);
#7922=ORIENTED_EDGE('',*,*,#5761,.F.);
#7923=ORIENTED_EDGE('',*,*,#5760,.T.);
#7924=ORIENTED_EDGE('',*,*,#5762,.T.);
#7925=ORIENTED_EDGE('',*,*,#5763,.F.);
#7926=ORIENTED_EDGE('',*,*,#5764,.F.);
#7927=ORIENTED_EDGE('',*,*,#5765,.F.);
#7928=ORIENTED_EDGE('',*,*,#5766,.F.);
#7929=ORIENTED_EDGE('',*,*,#5767,.F.);
#7930=ORIENTED_EDGE('',*,*,#5768,.T.);
#7931=ORIENTED_EDGE('',*,*,#5769,.T.);
#7932=ORIENTED_EDGE('',*,*,#5770,.T.);
#7933=ORIENTED_EDGE('',*,*,#5771,.T.);
#7934=ORIENTED_EDGE('',*,*,#5772,.F.);
#7935=ORIENTED_EDGE('',*,*,#5773,.F.);
#7936=ORIENTED_EDGE('',*,*,#5774,.T.);
#7937=ORIENTED_EDGE('',*,*,#5775,.T.);
#7938=ORIENTED_EDGE('',*,*,#5770,.F.);
#7939=ORIENTED_EDGE('',*,*,#5776,.F.);
#7940=ORIENTED_EDGE('',*,*,#5768,.F.);
#7941=ORIENTED_EDGE('',*,*,#5777,.F.);
#7942=ORIENTED_EDGE('',*,*,#5778,.T.);
#7943=ORIENTED_EDGE('',*,*,#5779,.F.);
#7944=ORIENTED_EDGE('',*,*,#5780,.T.);
#7945=ORIENTED_EDGE('',*,*,#5781,.T.);
#7946=ORIENTED_EDGE('',*,*,#5774,.F.);
#7947=ORIENTED_EDGE('',*,*,#5782,.F.);
#7948=ORIENTED_EDGE('',*,*,#5778,.F.);
#7949=ORIENTED_EDGE('',*,*,#5783,.F.);
#7950=ORIENTED_EDGE('',*,*,#5784,.T.);
#7951=ORIENTED_EDGE('',*,*,#5785,.F.);
#7952=ORIENTED_EDGE('',*,*,#5786,.T.);
#7953=ORIENTED_EDGE('',*,*,#5787,.T.);
#7954=ORIENTED_EDGE('',*,*,#5780,.F.);
#7955=ORIENTED_EDGE('',*,*,#5788,.F.);
#7956=ORIENTED_EDGE('',*,*,#5784,.F.);
#7957=ORIENTED_EDGE('',*,*,#5789,.F.);
#7958=ORIENTED_EDGE('',*,*,#5790,.T.);
#7959=ORIENTED_EDGE('',*,*,#5791,.F.);
#7960=ORIENTED_EDGE('',*,*,#5790,.F.);
#7961=ORIENTED_EDGE('',*,*,#5792,.F.);
#7962=ORIENTED_EDGE('',*,*,#5793,.F.);
#7963=ORIENTED_EDGE('',*,*,#5794,.T.);
#7964=ORIENTED_EDGE('',*,*,#5786,.F.);
#7965=ORIENTED_EDGE('',*,*,#5795,.T.);
#7966=ORIENTED_EDGE('',*,*,#5796,.F.);
#7967=ORIENTED_EDGE('',*,*,#5797,.F.);
#7968=ORIENTED_EDGE('',*,*,#5798,.T.);
#7969=ORIENTED_EDGE('',*,*,#5799,.F.);
#7970=ORIENTED_EDGE('',*,*,#5800,.T.);
#7971=ORIENTED_EDGE('',*,*,#5752,.F.);
#7972=ORIENTED_EDGE('',*,*,#5801,.F.);
#7973=ORIENTED_EDGE('',*,*,#5802,.F.);
#7974=ORIENTED_EDGE('',*,*,#5766,.T.);
#7975=ORIENTED_EDGE('',*,*,#5803,.F.);
#7976=ORIENTED_EDGE('',*,*,#5804,.F.);
#7977=ORIENTED_EDGE('',*,*,#5798,.F.);
#7978=ORIENTED_EDGE('',*,*,#5794,.F.);
#7979=ORIENTED_EDGE('',*,*,#5805,.F.);
#7980=ORIENTED_EDGE('',*,*,#5762,.F.);
#7981=ORIENTED_EDGE('',*,*,#5759,.F.);
#7982=ORIENTED_EDGE('',*,*,#5756,.F.);
#7983=ORIENTED_EDGE('',*,*,#5753,.F.);
#7984=ORIENTED_EDGE('',*,*,#5800,.F.);
#7985=ORIENTED_EDGE('',*,*,#5806,.F.);
#7986=ORIENTED_EDGE('',*,*,#5771,.F.);
#7987=ORIENTED_EDGE('',*,*,#5775,.F.);
#7988=ORIENTED_EDGE('',*,*,#5781,.F.);
#7989=ORIENTED_EDGE('',*,*,#5787,.F.);
#7990=ORIENTED_EDGE('',*,*,#5792,.T.);
#7991=ORIENTED_EDGE('',*,*,#5789,.T.);
#7992=ORIENTED_EDGE('',*,*,#5783,.T.);
#7993=ORIENTED_EDGE('',*,*,#5777,.T.);
#7994=ORIENTED_EDGE('',*,*,#5767,.T.);
#7995=ORIENTED_EDGE('',*,*,#5802,.T.);
#7996=ORIENTED_EDGE('',*,*,#5807,.T.);
#7997=ORIENTED_EDGE('',*,*,#5808,.F.);
#7998=ORIENTED_EDGE('',*,*,#5809,.F.);
#7999=ORIENTED_EDGE('',*,*,#5810,.F.);
#8000=ORIENTED_EDGE('',*,*,#5811,.T.);
#8001=ORIENTED_EDGE('',*,*,#5812,.F.);
#8002=ORIENTED_EDGE('',*,*,#5801,.T.);
#8003=ORIENTED_EDGE('',*,*,#5797,.T.);
#8004=ORIENTED_EDGE('',*,*,#5751,.T.);
#8005=ORIENTED_EDGE('',*,*,#5755,.T.);
#8006=ORIENTED_EDGE('',*,*,#5758,.T.);
#8007=ORIENTED_EDGE('',*,*,#5761,.T.);
#8008=ORIENTED_EDGE('',*,*,#5813,.F.);
#8009=ORIENTED_EDGE('',*,*,#5814,.T.);
#8010=ORIENTED_EDGE('',*,*,#5815,.F.);
#8011=ORIENTED_EDGE('',*,*,#5807,.F.);
#8012=ORIENTED_EDGE('',*,*,#5799,.T.);
#8013=ORIENTED_EDGE('',*,*,#5816,.F.);
#8014=ORIENTED_EDGE('',*,*,#5745,.F.);
#8015=ORIENTED_EDGE('',*,*,#5817,.T.);
#8016=ORIENTED_EDGE('',*,*,#5818,.T.);
#8017=ORIENTED_EDGE('',*,*,#5819,.T.);
#8018=ORIENTED_EDGE('',*,*,#5820,.T.);
#8019=ORIENTED_EDGE('',*,*,#5821,.T.);
#8020=ORIENTED_EDGE('',*,*,#5822,.T.);
#8021=ORIENTED_EDGE('',*,*,#5823,.T.);
#8022=ORIENTED_EDGE('',*,*,#5824,.T.);
#8023=ORIENTED_EDGE('',*,*,#5825,.T.);
#8024=ORIENTED_EDGE('',*,*,#5826,.T.);
#8025=ORIENTED_EDGE('',*,*,#5827,.F.);
#8026=ORIENTED_EDGE('',*,*,#5772,.T.);
#8027=ORIENTED_EDGE('',*,*,#5806,.T.);
#8028=ORIENTED_EDGE('',*,*,#5765,.T.);
#8029=ORIENTED_EDGE('',*,*,#5828,.F.);
#8030=ORIENTED_EDGE('',*,*,#5829,.T.);
#8031=ORIENTED_EDGE('',*,*,#5830,.T.);
#8032=ORIENTED_EDGE('',*,*,#5831,.F.);
#8033=ORIENTED_EDGE('',*,*,#5832,.F.);
#8034=ORIENTED_EDGE('',*,*,#5776,.T.);
#8035=ORIENTED_EDGE('',*,*,#5782,.T.);
#8036=ORIENTED_EDGE('',*,*,#5788,.T.);
#8037=ORIENTED_EDGE('',*,*,#5791,.T.);
#8038=ORIENTED_EDGE('',*,*,#5833,.T.);
#8039=ORIENTED_EDGE('',*,*,#5834,.F.);
#8040=ORIENTED_EDGE('',*,*,#5835,.T.);
#8041=ORIENTED_EDGE('',*,*,#5836,.T.);
#8042=ORIENTED_EDGE('',*,*,#5828,.T.);
#8043=ORIENTED_EDGE('',*,*,#5764,.T.);
#8044=ORIENTED_EDGE('',*,*,#5796,.T.);
#8045=ORIENTED_EDGE('',*,*,#5837,.F.);
#8046=ORIENTED_EDGE('',*,*,#5838,.F.);
#8047=ORIENTED_EDGE('',*,*,#5839,.F.);
#8048=ORIENTED_EDGE('',*,*,#5840,.F.);
#8049=ORIENTED_EDGE('',*,*,#5841,.F.);
#8050=ORIENTED_EDGE('',*,*,#5842,.F.);
#8051=ORIENTED_EDGE('',*,*,#5843,.F.);
#8052=ORIENTED_EDGE('',*,*,#5844,.F.);
#8053=ORIENTED_EDGE('',*,*,#5845,.F.);
#8054=ORIENTED_EDGE('',*,*,#5846,.F.);
#8055=ORIENTED_EDGE('',*,*,#5847,.F.);
#8056=ORIENTED_EDGE('',*,*,#5848,.F.);
#8057=ORIENTED_EDGE('',*,*,#5849,.F.);
#8058=ORIENTED_EDGE('',*,*,#5850,.F.);
#8059=ORIENTED_EDGE('',*,*,#5851,.F.);
#8060=ORIENTED_EDGE('',*,*,#5852,.F.);
#8061=ORIENTED_EDGE('',*,*,#5833,.F.);
#8062=ORIENTED_EDGE('',*,*,#5853,.F.);
#8063=ORIENTED_EDGE('',*,*,#5854,.F.);
#8064=ORIENTED_EDGE('',*,*,#5855,.F.);
#8065=ORIENTED_EDGE('',*,*,#5856,.F.);
#8066=ORIENTED_EDGE('',*,*,#5857,.F.);
#8067=ORIENTED_EDGE('',*,*,#5858,.F.);
#8068=ORIENTED_EDGE('',*,*,#5859,.F.);
#8069=ORIENTED_EDGE('',*,*,#5860,.F.);
#8070=ORIENTED_EDGE('',*,*,#5861,.F.);
#8071=ORIENTED_EDGE('',*,*,#5862,.F.);
#8072=ORIENTED_EDGE('',*,*,#5863,.F.);
#8073=ORIENTED_EDGE('',*,*,#5864,.F.);
#8074=ORIENTED_EDGE('',*,*,#5865,.F.);
#8075=ORIENTED_EDGE('',*,*,#5856,.T.);
#8076=ORIENTED_EDGE('',*,*,#5866,.T.);
#8077=ORIENTED_EDGE('',*,*,#5845,.T.);
#8078=ORIENTED_EDGE('',*,*,#5867,.F.);
#8079=ORIENTED_EDGE('',*,*,#5855,.T.);
#8080=ORIENTED_EDGE('',*,*,#5868,.T.);
#8081=ORIENTED_EDGE('',*,*,#5869,.T.);
#8082=ORIENTED_EDGE('',*,*,#5870,.T.);
#8083=ORIENTED_EDGE('',*,*,#5846,.T.);
#8084=ORIENTED_EDGE('',*,*,#5866,.F.);
#8085=ORIENTED_EDGE('',*,*,#5854,.T.);
#8086=ORIENTED_EDGE('',*,*,#5871,.T.);
#8087=ORIENTED_EDGE('',*,*,#5872,.T.);
#8088=ORIENTED_EDGE('',*,*,#5873,.T.);
#8089=ORIENTED_EDGE('',*,*,#5850,.T.);
#8090=ORIENTED_EDGE('',*,*,#5874,.F.);
#8091=ORIENTED_EDGE('',*,*,#5875,.T.);
#8092=ORIENTED_EDGE('',*,*,#5868,.F.);
#8093=ORIENTED_EDGE('',*,*,#5853,.T.);
#8094=ORIENTED_EDGE('',*,*,#5876,.F.);
#8095=ORIENTED_EDGE('',*,*,#5829,.F.);
#8096=ORIENTED_EDGE('',*,*,#5836,.F.);
#8097=ORIENTED_EDGE('',*,*,#5877,.F.);
#8098=ORIENTED_EDGE('',*,*,#5871,.F.);
#8099=ORIENTED_EDGE('',*,*,#5861,.T.);
#8100=ORIENTED_EDGE('',*,*,#5878,.T.);
#8101=ORIENTED_EDGE('',*,*,#5825,.F.);
#8102=ORIENTED_EDGE('',*,*,#5879,.F.);
#8103=ORIENTED_EDGE('',*,*,#5860,.T.);
#8104=ORIENTED_EDGE('',*,*,#5880,.F.);
#8105=ORIENTED_EDGE('',*,*,#5881,.F.);
#8106=ORIENTED_EDGE('',*,*,#5882,.F.);
#8107=ORIENTED_EDGE('',*,*,#5826,.F.);
#8108=ORIENTED_EDGE('',*,*,#5878,.F.);
#8109=ORIENTED_EDGE('',*,*,#5859,.T.);
#8110=ORIENTED_EDGE('',*,*,#5883,.F.);
#8111=ORIENTED_EDGE('',*,*,#5830,.F.);
#8112=ORIENTED_EDGE('',*,*,#5876,.T.);
#8113=ORIENTED_EDGE('',*,*,#5877,.T.);
#8114=ORIENTED_EDGE('',*,*,#5835,.F.);
#8115=ORIENTED_EDGE('',*,*,#5884,.F.);
#8116=ORIENTED_EDGE('',*,*,#5885,.F.);
#8117=ORIENTED_EDGE('',*,*,#5872,.F.);
#8118=ORIENTED_EDGE('',*,*,#5881,.T.);
#8119=ORIENTED_EDGE('',*,*,#5886,.F.);
#8120=ORIENTED_EDGE('',*,*,#5887,.F.);
#8121=ORIENTED_EDGE('',*,*,#5888,.F.);
#8122=ORIENTED_EDGE('',*,*,#5889,.F.);
#8123=ORIENTED_EDGE('',*,*,#5890,.F.);
#8124=ORIENTED_EDGE('',*,*,#5869,.F.);
#8125=ORIENTED_EDGE('',*,*,#5875,.F.);
#8126=ORIENTED_EDGE('',*,*,#5891,.F.);
#8127=ORIENTED_EDGE('',*,*,#5892,.F.);
#8128=ORIENTED_EDGE('',*,*,#5893,.F.);
#8129=ORIENTED_EDGE('',*,*,#5894,.F.);
#8130=ORIENTED_EDGE('',*,*,#5895,.F.);
#8131=ORIENTED_EDGE('',*,*,#5896,.F.);
#8132=ORIENTED_EDGE('',*,*,#5897,.F.);
#8133=ORIENTED_EDGE('',*,*,#5890,.T.);
#8134=ORIENTED_EDGE('',*,*,#5898,.T.);
#8135=ORIENTED_EDGE('',*,*,#5847,.T.);
#8136=ORIENTED_EDGE('',*,*,#5870,.F.);
#8137=ORIENTED_EDGE('',*,*,#5773,.T.);
#8138=ORIENTED_EDGE('',*,*,#5769,.F.);
#8139=ORIENTED_EDGE('',*,*,#5827,.T.);
#8140=ORIENTED_EDGE('',*,*,#5882,.T.);
#8141=ORIENTED_EDGE('',*,*,#5889,.T.);
#8142=ORIENTED_EDGE('',*,*,#5899,.T.);
#8143=ORIENTED_EDGE('',*,*,#5837,.T.);
#8144=ORIENTED_EDGE('',*,*,#5795,.F.);
#8145=ORIENTED_EDGE('',*,*,#5785,.T.);
#8146=ORIENTED_EDGE('',*,*,#5779,.T.);
#8147=ORIENTED_EDGE('',*,*,#5885,.T.);
#8148=ORIENTED_EDGE('',*,*,#5900,.T.);
#8149=ORIENTED_EDGE('',*,*,#5851,.T.);
#8150=ORIENTED_EDGE('',*,*,#5873,.F.);
#8151=ORIENTED_EDGE('',*,*,#5893,.T.);
#8152=ORIENTED_EDGE('',*,*,#5901,.F.);
#8153=ORIENTED_EDGE('',*,*,#5841,.T.);
#8154=ORIENTED_EDGE('',*,*,#5902,.F.);
#8155=ORIENTED_EDGE('',*,*,#5903,.T.);
#8156=ORIENTED_EDGE('',*,*,#5904,.T.);
#8157=ORIENTED_EDGE('',*,*,#5905,.T.);
#8158=ORIENTED_EDGE('',*,*,#5906,.T.);
#8159=ORIENTED_EDGE('',*,*,#5907,.T.);
#8160=ORIENTED_EDGE('',*,*,#5908,.T.);
#8161=ORIENTED_EDGE('',*,*,#5904,.F.);
#8162=ORIENTED_EDGE('',*,*,#5909,.F.);
#8163=ORIENTED_EDGE('',*,*,#5910,.T.);
#8164=ORIENTED_EDGE('',*,*,#5911,.T.);
#8165=ORIENTED_EDGE('',*,*,#5903,.F.);
#8166=ORIENTED_EDGE('',*,*,#5912,.T.);
#8167=ORIENTED_EDGE('',*,*,#5913,.F.);
#8168=ORIENTED_EDGE('',*,*,#5914,.T.);
#8169=ORIENTED_EDGE('',*,*,#5915,.F.);
#8170=ORIENTED_EDGE('',*,*,#5916,.T.);
#8171=ORIENTED_EDGE('',*,*,#5917,.F.);
#8172=ORIENTED_EDGE('',*,*,#5918,.T.);
#8173=ORIENTED_EDGE('',*,*,#5919,.F.);
#8174=ORIENTED_EDGE('',*,*,#5909,.T.);
#8175=ORIENTED_EDGE('',*,*,#5908,.F.);
#8176=ORIENTED_EDGE('',*,*,#5920,.F.);
#8177=ORIENTED_EDGE('',*,*,#5921,.F.);
#8178=ORIENTED_EDGE('',*,*,#5922,.F.);
#8179=ORIENTED_EDGE('',*,*,#5923,.F.);
#8180=ORIENTED_EDGE('',*,*,#5924,.F.);
#8181=ORIENTED_EDGE('',*,*,#5925,.F.);
#8182=ORIENTED_EDGE('',*,*,#5926,.F.);
#8183=ORIENTED_EDGE('',*,*,#5927,.F.);
#8184=ORIENTED_EDGE('',*,*,#5928,.F.);
#8185=ORIENTED_EDGE('',*,*,#5929,.F.);
#8186=ORIENTED_EDGE('',*,*,#5912,.F.);
#8187=ORIENTED_EDGE('',*,*,#5717,.T.);
#8188=ORIENTED_EDGE('',*,*,#5721,.T.);
#8189=ORIENTED_EDGE('',*,*,#5724,.T.);
#8190=ORIENTED_EDGE('',*,*,#5726,.T.);
#8191=ORIENTED_EDGE('',*,*,#5930,.F.);
#8192=ORIENTED_EDGE('',*,*,#5931,.T.);
#8193=ORIENTED_EDGE('',*,*,#5932,.T.);
#8194=ORIENTED_EDGE('',*,*,#5933,.T.);
#8195=ORIENTED_EDGE('',*,*,#5934,.F.);
#8196=ORIENTED_EDGE('',*,*,#5935,.F.);
#8197=ORIENTED_EDGE('',*,*,#5936,.F.);
#8198=ORIENTED_EDGE('',*,*,#5937,.F.);
#8199=ORIENTED_EDGE('',*,*,#5938,.F.);
#8200=ORIENTED_EDGE('',*,*,#5939,.T.);
#8201=ORIENTED_EDGE('',*,*,#5940,.T.);
#8202=ORIENTED_EDGE('',*,*,#5941,.T.);
#8203=ORIENTED_EDGE('',*,*,#5942,.T.);
#8204=ORIENTED_EDGE('',*,*,#5808,.T.);
#8205=ORIENTED_EDGE('',*,*,#5815,.T.);
#8206=ORIENTED_EDGE('',*,*,#5943,.T.);
#8207=ORIENTED_EDGE('',*,*,#5944,.T.);
#8208=ORIENTED_EDGE('',*,*,#5945,.T.);
#8209=ORIENTED_EDGE('',*,*,#5946,.T.);
#8210=ORIENTED_EDGE('',*,*,#5920,.T.);
#8211=ORIENTED_EDGE('',*,*,#5907,.F.);
#8212=ORIENTED_EDGE('',*,*,#5947,.T.);
#8213=ORIENTED_EDGE('',*,*,#5948,.T.);
#8214=ORIENTED_EDGE('',*,*,#5949,.T.);
#8215=ORIENTED_EDGE('',*,*,#5950,.T.);
#8216=ORIENTED_EDGE('',*,*,#5740,.T.);
#8217=ORIENTED_EDGE('',*,*,#5951,.F.);
#8218=ORIENTED_EDGE('',*,*,#5952,.F.);
#8219=ORIENTED_EDGE('',*,*,#5697,.F.);
#8220=ORIENTED_EDGE('',*,*,#5953,.F.);
#8221=ORIENTED_EDGE('',*,*,#5954,.F.);
#8222=ORIENTED_EDGE('',*,*,#5955,.F.);
#8223=ORIENTED_EDGE('',*,*,#5884,.T.);
#8224=ORIENTED_EDGE('',*,*,#5834,.T.);
#8225=ORIENTED_EDGE('',*,*,#5852,.T.);
#8226=ORIENTED_EDGE('',*,*,#5900,.F.);
#8227=ORIENTED_EDGE('',*,*,#5892,.T.);
#8228=ORIENTED_EDGE('',*,*,#5956,.T.);
#8229=ORIENTED_EDGE('',*,*,#5848,.T.);
#8230=ORIENTED_EDGE('',*,*,#5898,.F.);
#8231=ORIENTED_EDGE('',*,*,#5891,.T.);
#8232=ORIENTED_EDGE('',*,*,#5874,.T.);
#8233=ORIENTED_EDGE('',*,*,#5849,.T.);
#8234=ORIENTED_EDGE('',*,*,#5956,.F.);
#8235=ORIENTED_EDGE('',*,*,#5888,.T.);
#8236=ORIENTED_EDGE('',*,*,#5957,.T.);
#8237=ORIENTED_EDGE('',*,*,#5838,.T.);
#8238=ORIENTED_EDGE('',*,*,#5899,.F.);
#8239=ORIENTED_EDGE('',*,*,#5887,.T.);
#8240=ORIENTED_EDGE('',*,*,#5958,.T.);
#8241=ORIENTED_EDGE('',*,*,#5839,.T.);
#8242=ORIENTED_EDGE('',*,*,#5957,.F.);
#8243=ORIENTED_EDGE('',*,*,#5959,.F.);
#8244=ORIENTED_EDGE('',*,*,#5960,.T.);
#8245=ORIENTED_EDGE('',*,*,#5961,.T.);
#8246=ORIENTED_EDGE('',*,*,#5962,.T.);
#8247=ORIENTED_EDGE('',*,*,#5963,.F.);
#8248=ORIENTED_EDGE('',*,*,#5964,.T.);
#8249=ORIENTED_EDGE('',*,*,#5960,.F.);
#8250=ORIENTED_EDGE('',*,*,#5965,.T.);
#8251=ORIENTED_EDGE('',*,*,#5966,.F.);
#8252=ORIENTED_EDGE('',*,*,#5967,.F.);
#8253=ORIENTED_EDGE('',*,*,#5968,.F.);
#8254=ORIENTED_EDGE('',*,*,#5959,.T.);
#8255=ORIENTED_EDGE('',*,*,#5969,.T.);
#8256=ORIENTED_EDGE('',*,*,#5970,.F.);
#8257=ORIENTED_EDGE('',*,*,#5971,.F.);
#8258=ORIENTED_EDGE('',*,*,#5972,.F.);
#8259=ORIENTED_EDGE('',*,*,#5965,.F.);
#8260=ORIENTED_EDGE('',*,*,#5973,.T.);
#8261=ORIENTED_EDGE('',*,*,#5974,.T.);
#8262=ORIENTED_EDGE('',*,*,#5975,.T.);
#8263=ORIENTED_EDGE('',*,*,#5976,.T.);
#8264=ORIENTED_EDGE('',*,*,#5974,.F.);
#8265=ORIENTED_EDGE('',*,*,#5977,.F.);
#8266=ORIENTED_EDGE('',*,*,#5978,.T.);
#8267=ORIENTED_EDGE('',*,*,#5979,.T.);
#8268=ORIENTED_EDGE('',*,*,#5980,.F.);
#8269=ORIENTED_EDGE('',*,*,#5981,.T.);
#8270=ORIENTED_EDGE('',*,*,#5982,.T.);
#8271=ORIENTED_EDGE('',*,*,#5983,.T.);
#8272=ORIENTED_EDGE('',*,*,#5984,.T.);
#8273=ORIENTED_EDGE('',*,*,#5985,.T.);
#8274=ORIENTED_EDGE('',*,*,#5986,.T.);
#8275=ORIENTED_EDGE('',*,*,#5987,.T.);
#8276=ORIENTED_EDGE('',*,*,#5984,.F.);
#8277=ORIENTED_EDGE('',*,*,#5970,.T.);
#8278=ORIENTED_EDGE('',*,*,#5988,.T.);
#8279=ORIENTED_EDGE('',*,*,#5986,.F.);
#8280=ORIENTED_EDGE('',*,*,#5969,.F.);
#8281=ORIENTED_EDGE('',*,*,#5964,.F.);
#8282=ORIENTED_EDGE('',*,*,#5989,.T.);
#8283=ORIENTED_EDGE('',*,*,#5990,.T.);
#8284=ORIENTED_EDGE('',*,*,#5982,.F.);
#8285=ORIENTED_EDGE('',*,*,#5991,.T.);
#8286=ORIENTED_EDGE('',*,*,#5992,.F.);
#8287=ORIENTED_EDGE('',*,*,#5993,.T.);
#8288=ORIENTED_EDGE('',*,*,#5994,.T.);
#8289=ORIENTED_EDGE('',*,*,#5989,.F.);
#8290=ORIENTED_EDGE('',*,*,#5995,.F.);
#8291=ORIENTED_EDGE('',*,*,#5996,.T.);
#8292=ORIENTED_EDGE('',*,*,#5997,.T.);
#8293=ORIENTED_EDGE('',*,*,#5993,.F.);
#8294=ORIENTED_EDGE('',*,*,#5978,.F.);
#8295=ORIENTED_EDGE('',*,*,#5998,.T.);
#8296=ORIENTED_EDGE('',*,*,#5999,.T.);
#8297=ORIENTED_EDGE('',*,*,#6000,.T.);
#8298=ORIENTED_EDGE('',*,*,#6001,.T.);
#8299=ORIENTED_EDGE('',*,*,#6002,.T.);
#8300=ORIENTED_EDGE('',*,*,#5999,.F.);
#8301=ORIENTED_EDGE('',*,*,#6003,.T.);
#8302=ORIENTED_EDGE('',*,*,#6001,.F.);
#8303=ORIENTED_EDGE('',*,*,#6004,.T.);
#8304=ORIENTED_EDGE('',*,*,#6005,.T.);
#8305=ORIENTED_EDGE('',*,*,#6006,.T.);
#8306=ORIENTED_EDGE('',*,*,#6007,.T.);
#8307=ORIENTED_EDGE('',*,*,#6008,.T.);
#8308=ORIENTED_EDGE('',*,*,#6005,.F.);
#8309=ORIENTED_EDGE('',*,*,#6009,.T.);
#8310=ORIENTED_EDGE('',*,*,#6010,.F.);
#8311=ORIENTED_EDGE('',*,*,#6007,.F.);
#8312=ORIENTED_EDGE('',*,*,#6011,.T.);
#8313=ORIENTED_EDGE('',*,*,#5996,.F.);
#8314=ORIENTED_EDGE('',*,*,#5983,.F.);
#8315=ORIENTED_EDGE('',*,*,#5990,.F.);
#8316=ORIENTED_EDGE('',*,*,#5994,.F.);
#8317=ORIENTED_EDGE('',*,*,#6012,.T.);
#8318=ORIENTED_EDGE('',*,*,#6013,.F.);
#8319=ORIENTED_EDGE('',*,*,#5971,.T.);
#8320=ORIENTED_EDGE('',*,*,#5997,.F.);
#8321=ORIENTED_EDGE('',*,*,#6014,.T.);
#8322=ORIENTED_EDGE('',*,*,#6015,.F.);
#8323=ORIENTED_EDGE('',*,*,#6012,.F.);
#8324=ORIENTED_EDGE('',*,*,#6008,.F.);
#8325=ORIENTED_EDGE('',*,*,#6016,.F.);
#8326=ORIENTED_EDGE('',*,*,#6017,.T.);
#8327=ORIENTED_EDGE('',*,*,#6018,.F.);
#8328=ORIENTED_EDGE('',*,*,#6019,.T.);
#8329=ORIENTED_EDGE('',*,*,#6020,.F.);
#8330=ORIENTED_EDGE('',*,*,#6021,.T.);
#8331=ORIENTED_EDGE('',*,*,#6022,.F.);
#8332=ORIENTED_EDGE('',*,*,#6023,.F.);
#8333=ORIENTED_EDGE('',*,*,#6024,.F.);
#8334=ORIENTED_EDGE('',*,*,#6025,.F.);
#8335=ORIENTED_EDGE('',*,*,#6026,.F.);
#8336=ORIENTED_EDGE('',*,*,#6011,.F.);
#8337=ORIENTED_EDGE('',*,*,#6009,.F.);
#8338=ORIENTED_EDGE('',*,*,#6004,.F.);
#8339=ORIENTED_EDGE('',*,*,#6027,.T.);
#8340=ORIENTED_EDGE('',*,*,#6028,.F.);
#8341=ORIENTED_EDGE('',*,*,#6014,.F.);
#8342=ORIENTED_EDGE('',*,*,#6003,.F.);
#8343=ORIENTED_EDGE('',*,*,#5998,.F.);
#8344=ORIENTED_EDGE('',*,*,#5977,.T.);
#8345=ORIENTED_EDGE('',*,*,#5973,.F.);
#8346=ORIENTED_EDGE('',*,*,#6029,.T.);
#8347=ORIENTED_EDGE('',*,*,#6030,.F.);
#8348=ORIENTED_EDGE('',*,*,#6027,.F.);
#8349=ORIENTED_EDGE('',*,*,#6031,.F.);
#8350=ORIENTED_EDGE('',*,*,#6032,.T.);
#8351=ORIENTED_EDGE('',*,*,#6033,.F.);
#8352=ORIENTED_EDGE('',*,*,#6034,.T.);
#8353=ORIENTED_EDGE('',*,*,#6034,.F.);
#8354=ORIENTED_EDGE('',*,*,#6035,.T.);
#8355=ORIENTED_EDGE('',*,*,#6036,.T.);
#8356=ORIENTED_EDGE('',*,*,#6037,.F.);
#8357=ORIENTED_EDGE('',*,*,#6038,.F.);
#8358=ORIENTED_EDGE('',*,*,#6039,.F.);
#8359=ORIENTED_EDGE('',*,*,#6040,.T.);
#8360=ORIENTED_EDGE('',*,*,#5980,.T.);
#8361=ORIENTED_EDGE('',*,*,#6041,.F.);
#8362=ORIENTED_EDGE('',*,*,#6042,.T.);
#8363=ORIENTED_EDGE('',*,*,#6043,.F.);
#8364=ORIENTED_EDGE('',*,*,#6044,.T.);
#8365=ORIENTED_EDGE('',*,*,#6035,.F.);
#8366=ORIENTED_EDGE('',*,*,#6033,.T.);
#8367=ORIENTED_EDGE('',*,*,#6044,.F.);
#8368=ORIENTED_EDGE('',*,*,#6045,.T.);
#8369=ORIENTED_EDGE('',*,*,#6046,.F.);
#8370=ORIENTED_EDGE('',*,*,#6047,.F.);
#8371=ORIENTED_EDGE('',*,*,#6048,.F.);
#8372=ORIENTED_EDGE('',*,*,#6036,.F.);
#8373=ORIENTED_EDGE('',*,*,#6043,.T.);
#8374=ORIENTED_EDGE('',*,*,#6049,.T.);
#8375=ORIENTED_EDGE('',*,*,#6050,.F.);
#8376=ORIENTED_EDGE('',*,*,#6051,.F.);
#8377=ORIENTED_EDGE('',*,*,#6052,.F.);
#8378=ORIENTED_EDGE('',*,*,#6045,.F.);
#8379=ORIENTED_EDGE('',*,*,#6053,.F.);
#8380=ORIENTED_EDGE('',*,*,#6054,.T.);
#8381=ORIENTED_EDGE('',*,*,#6055,.T.);
#8382=ORIENTED_EDGE('',*,*,#6056,.T.);
#8383=ORIENTED_EDGE('',*,*,#6057,.T.);
#8384=ORIENTED_EDGE('',*,*,#6058,.T.);
#8385=ORIENTED_EDGE('',*,*,#6054,.F.);
#8386=ORIENTED_EDGE('',*,*,#6059,.T.);
#8387=ORIENTED_EDGE('',*,*,#6060,.T.);
#8388=ORIENTED_EDGE('',*,*,#6061,.T.);
#8389=ORIENTED_EDGE('',*,*,#6062,.T.);
#8390=ORIENTED_EDGE('',*,*,#6063,.T.);
#8391=ORIENTED_EDGE('',*,*,#6064,.T.);
#8392=ORIENTED_EDGE('',*,*,#6065,.T.);
#8393=ORIENTED_EDGE('',*,*,#6066,.T.);
#8394=ORIENTED_EDGE('',*,*,#6067,.T.);
#8395=ORIENTED_EDGE('',*,*,#6058,.F.);
#8396=ORIENTED_EDGE('',*,*,#6068,.F.);
#8397=ORIENTED_EDGE('',*,*,#6069,.T.);
#8398=ORIENTED_EDGE('',*,*,#6070,.T.);
#8399=ORIENTED_EDGE('',*,*,#6071,.T.);
#8400=ORIENTED_EDGE('',*,*,#6072,.F.);
#8401=ORIENTED_EDGE('',*,*,#6073,.T.);
#8402=ORIENTED_EDGE('',*,*,#6069,.F.);
#8403=ORIENTED_EDGE('',*,*,#6074,.T.);
#8404=ORIENTED_EDGE('',*,*,#6075,.T.);
#8405=ORIENTED_EDGE('',*,*,#6076,.T.);
#8406=ORIENTED_EDGE('',*,*,#6077,.T.);
#8407=ORIENTED_EDGE('',*,*,#6078,.T.);
#8408=ORIENTED_EDGE('',*,*,#6075,.F.);
#8409=ORIENTED_EDGE('',*,*,#6079,.T.);
#8410=ORIENTED_EDGE('',*,*,#6080,.T.);
#8411=ORIENTED_EDGE('',*,*,#6081,.T.);
#8412=ORIENTED_EDGE('',*,*,#6077,.F.);
#8413=ORIENTED_EDGE('',*,*,#6082,.T.);
#8414=ORIENTED_EDGE('',*,*,#6083,.T.);
#8415=ORIENTED_EDGE('',*,*,#6024,.T.);
#8416=ORIENTED_EDGE('',*,*,#6084,.T.);
#8417=ORIENTED_EDGE('',*,*,#6085,.T.);
#8418=ORIENTED_EDGE('',*,*,#6084,.F.);
#8419=ORIENTED_EDGE('',*,*,#6023,.T.);
#8420=ORIENTED_EDGE('',*,*,#6080,.F.);
#8421=ORIENTED_EDGE('',*,*,#6086,.T.);
#8422=ORIENTED_EDGE('',*,*,#6087,.T.);
#8423=ORIENTED_EDGE('',*,*,#6088,.T.);
#8424=ORIENTED_EDGE('',*,*,#6089,.T.);
#8425=ORIENTED_EDGE('',*,*,#6090,.T.);
#8426=ORIENTED_EDGE('',*,*,#6091,.T.);
#8427=ORIENTED_EDGE('',*,*,#6092,.T.);
#8428=ORIENTED_EDGE('',*,*,#6087,.F.);
#8429=ORIENTED_EDGE('',*,*,#6050,.T.);
#8430=ORIENTED_EDGE('',*,*,#6093,.T.);
#8431=ORIENTED_EDGE('',*,*,#6091,.F.);
#8432=ORIENTED_EDGE('',*,*,#6049,.F.);
#8433=ORIENTED_EDGE('',*,*,#6042,.F.);
#8434=ORIENTED_EDGE('',*,*,#6089,.F.);
#8435=ORIENTED_EDGE('',*,*,#6025,.T.);
#8436=ORIENTED_EDGE('',*,*,#6083,.F.);
#8437=ORIENTED_EDGE('',*,*,#6094,.T.);
#8438=ORIENTED_EDGE('',*,*,#6079,.F.);
#8439=ORIENTED_EDGE('',*,*,#6074,.F.);
#8440=ORIENTED_EDGE('',*,*,#6068,.T.);
#8441=ORIENTED_EDGE('',*,*,#6057,.F.);
#8442=ORIENTED_EDGE('',*,*,#6095,.T.);
#8443=ORIENTED_EDGE('',*,*,#6096,.F.);
#8444=ORIENTED_EDGE('',*,*,#6097,.F.);
#8445=ORIENTED_EDGE('',*,*,#6076,.F.);
#8446=ORIENTED_EDGE('',*,*,#6098,.F.);
#8447=ORIENTED_EDGE('',*,*,#6099,.T.);
#8448=ORIENTED_EDGE('',*,*,#6070,.F.);
#8449=ORIENTED_EDGE('',*,*,#6078,.F.);
#8450=ORIENTED_EDGE('',*,*,#6081,.F.);
#8451=ORIENTED_EDGE('',*,*,#6022,.T.);
#8452=ORIENTED_EDGE('',*,*,#6100,.T.);
#8453=ORIENTED_EDGE('',*,*,#6098,.T.);
#8454=ORIENTED_EDGE('',*,*,#5991,.F.);
#8455=ORIENTED_EDGE('',*,*,#6101,.F.);
#8456=ORIENTED_EDGE('',*,*,#6102,.F.);
#8457=ORIENTED_EDGE('',*,*,#6103,.T.);
#8458=ORIENTED_EDGE('',*,*,#6104,.T.);
#8459=ORIENTED_EDGE('',*,*,#6105,.T.);
#8460=ORIENTED_EDGE('',*,*,#6106,.T.);
#8461=ORIENTED_EDGE('',*,*,#6107,.T.);
#8462=ORIENTED_EDGE('',*,*,#6108,.T.);
#8463=ORIENTED_EDGE('',*,*,#6109,.T.);
#8464=ORIENTED_EDGE('',*,*,#6110,.T.);
#8465=ORIENTED_EDGE('',*,*,#6107,.F.);
#8466=ORIENTED_EDGE('',*,*,#6105,.F.);
#8467=ORIENTED_EDGE('',*,*,#6111,.T.);
#8468=ORIENTED_EDGE('',*,*,#6112,.T.);
#8469=ORIENTED_EDGE('',*,*,#6037,.T.);
#8470=ORIENTED_EDGE('',*,*,#6048,.T.);
#8471=ORIENTED_EDGE('',*,*,#6113,.T.);
#8472=ORIENTED_EDGE('',*,*,#6112,.F.);
#8473=ORIENTED_EDGE('',*,*,#6109,.F.);
#8474=ORIENTED_EDGE('',*,*,#6114,.T.);
#8475=ORIENTED_EDGE('',*,*,#6104,.F.);
#8476=ORIENTED_EDGE('',*,*,#6115,.F.);
#8477=ORIENTED_EDGE('',*,*,#6055,.F.);
#8478=ORIENTED_EDGE('',*,*,#6073,.F.);
#8479=ORIENTED_EDGE('',*,*,#6116,.F.);
#8480=ORIENTED_EDGE('',*,*,#6117,.F.);
#8481=ORIENTED_EDGE('',*,*,#6118,.F.);
#8482=ORIENTED_EDGE('',*,*,#5914,.F.);
#8483=ORIENTED_EDGE('',*,*,#6119,.T.);
#8484=ORIENTED_EDGE('',*,*,#6120,.T.);
#8485=ORIENTED_EDGE('',*,*,#6121,.T.);
#8486=ORIENTED_EDGE('',*,*,#6056,.F.);
#8487=ORIENTED_EDGE('',*,*,#6115,.T.);
#8488=ORIENTED_EDGE('',*,*,#6103,.F.);
#8489=ORIENTED_EDGE('',*,*,#6122,.F.);
#8490=ORIENTED_EDGE('',*,*,#6123,.F.);
#8491=ORIENTED_EDGE('',*,*,#6095,.F.);
#8492=ORIENTED_EDGE('',*,*,#6106,.F.);
#8493=ORIENTED_EDGE('',*,*,#6110,.F.);
#8494=ORIENTED_EDGE('',*,*,#6113,.F.);
#8495=ORIENTED_EDGE('',*,*,#6047,.T.);
#8496=ORIENTED_EDGE('',*,*,#6124,.F.);
#8497=ORIENTED_EDGE('',*,*,#6125,.F.);
#8498=ORIENTED_EDGE('',*,*,#6126,.F.);
#8499=ORIENTED_EDGE('',*,*,#6122,.T.);
#8500=ORIENTED_EDGE('',*,*,#6127,.T.);
#8501=ORIENTED_EDGE('',*,*,#6128,.T.);
#8502=ORIENTED_EDGE('',*,*,#5966,.T.);
#8503=ORIENTED_EDGE('',*,*,#5972,.T.);
#8504=ORIENTED_EDGE('',*,*,#6129,.T.);
#8505=ORIENTED_EDGE('',*,*,#6015,.T.);
#8506=ORIENTED_EDGE('',*,*,#6130,.T.);
#8507=ORIENTED_EDGE('',*,*,#6131,.T.);
#8508=ORIENTED_EDGE('',*,*,#6129,.F.);
#8509=ORIENTED_EDGE('',*,*,#6127,.F.);
#8510=ORIENTED_EDGE('',*,*,#6013,.T.);
#8511=ORIENTED_EDGE('',*,*,#6132,.T.);
#8512=ORIENTED_EDGE('',*,*,#6133,.T.);
#8513=ORIENTED_EDGE('',*,*,#6134,.T.);
#8514=ORIENTED_EDGE('',*,*,#6030,.T.);
#8515=ORIENTED_EDGE('',*,*,#6134,.F.);
#8516=ORIENTED_EDGE('',*,*,#6130,.F.);
#8517=ORIENTED_EDGE('',*,*,#6028,.T.);
#8518=ORIENTED_EDGE('',*,*,#5967,.T.);
#8519=ORIENTED_EDGE('',*,*,#6128,.F.);
#8520=ORIENTED_EDGE('',*,*,#6131,.F.);
#8521=ORIENTED_EDGE('',*,*,#6133,.F.);
#8522=ORIENTED_EDGE('',*,*,#6135,.T.);
#8523=ORIENTED_EDGE('',*,*,#6136,.T.);
#8524=ORIENTED_EDGE('',*,*,#5976,.F.);
#8525=ORIENTED_EDGE('',*,*,#6137,.T.);
#8526=ORIENTED_EDGE('',*,*,#6135,.F.);
#8527=ORIENTED_EDGE('',*,*,#6132,.F.);
#8528=ORIENTED_EDGE('',*,*,#6029,.F.);
#8529=ORIENTED_EDGE('',*,*,#6138,.T.);
#8530=ORIENTED_EDGE('',*,*,#6124,.T.);
#8531=ORIENTED_EDGE('',*,*,#6046,.T.);
#8532=ORIENTED_EDGE('',*,*,#6052,.T.);
#8533=ORIENTED_EDGE('',*,*,#6139,.T.);
#8534=ORIENTED_EDGE('',*,*,#6140,.T.);
#8535=ORIENTED_EDGE('',*,*,#6141,.T.);
#8536=ORIENTED_EDGE('',*,*,#6125,.T.);
#8537=ORIENTED_EDGE('',*,*,#6139,.F.);
#8538=ORIENTED_EDGE('',*,*,#6138,.F.);
#8539=ORIENTED_EDGE('',*,*,#6142,.T.);
#8540=ORIENTED_EDGE('',*,*,#6123,.T.);
#8541=ORIENTED_EDGE('',*,*,#6126,.T.);
#8542=ORIENTED_EDGE('',*,*,#6143,.T.);
#8543=ORIENTED_EDGE('',*,*,#6096,.T.);
#8544=ORIENTED_EDGE('',*,*,#6143,.F.);
#8545=ORIENTED_EDGE('',*,*,#6141,.F.);
#8546=ORIENTED_EDGE('',*,*,#6144,.T.);
#8547=ORIENTED_EDGE('',*,*,#5962,.F.);
#8548=ORIENTED_EDGE('',*,*,#6145,.T.);
#8549=ORIENTED_EDGE('',*,*,#6146,.F.);
#8550=ORIENTED_EDGE('',*,*,#6147,.T.);
#8551=ORIENTED_EDGE('',*,*,#6120,.F.);
#8552=ORIENTED_EDGE('',*,*,#6148,.F.);
#8553=ORIENTED_EDGE('',*,*,#6031,.T.);
#8554=ORIENTED_EDGE('',*,*,#6039,.T.);
#8555=ORIENTED_EDGE('',*,*,#6149,.F.);
#8556=ORIENTED_EDGE('',*,*,#6150,.F.);
#8557=ORIENTED_EDGE('',*,*,#6151,.T.);
#8558=ORIENTED_EDGE('',*,*,#6032,.F.);
#8559=ORIENTED_EDGE('',*,*,#6152,.F.);
#8560=ORIENTED_EDGE('',*,*,#6153,.T.);
#8561=ORIENTED_EDGE('',*,*,#6018,.T.);
#8562=ORIENTED_EDGE('',*,*,#6154,.T.);
#8563=ORIENTED_EDGE('',*,*,#6155,.F.);
#8564=ORIENTED_EDGE('',*,*,#6156,.F.);
#8565=ORIENTED_EDGE('',*,*,#6157,.F.);
#8566=ORIENTED_EDGE('',*,*,#6158,.F.);
#8567=ORIENTED_EDGE('',*,*,#6145,.F.);
#8568=ORIENTED_EDGE('',*,*,#5961,.F.);
#8569=ORIENTED_EDGE('',*,*,#5968,.T.);
#8570=ORIENTED_EDGE('',*,*,#6136,.F.);
#8571=ORIENTED_EDGE('',*,*,#6137,.F.);
#8572=ORIENTED_EDGE('',*,*,#5975,.F.);
#8573=ORIENTED_EDGE('',*,*,#5981,.F.);
#8574=ORIENTED_EDGE('',*,*,#6040,.F.);
#8575=ORIENTED_EDGE('',*,*,#6119,.F.);
#8576=ORIENTED_EDGE('',*,*,#5913,.T.);
#8577=ORIENTED_EDGE('',*,*,#5929,.T.);
#8578=ORIENTED_EDGE('',*,*,#6159,.F.);
#8579=ORIENTED_EDGE('',*,*,#6094,.F.);
#8580=ORIENTED_EDGE('',*,*,#6160,.T.);
#8581=ORIENTED_EDGE('',*,*,#6142,.F.);
#8582=ORIENTED_EDGE('',*,*,#6051,.T.);
#8583=ORIENTED_EDGE('',*,*,#6090,.F.);
#8584=ORIENTED_EDGE('',*,*,#6082,.F.);
#8585=ORIENTED_EDGE('',*,*,#6097,.T.);
#8586=ORIENTED_EDGE('',*,*,#6144,.F.);
#8587=ORIENTED_EDGE('',*,*,#6161,.F.);
#8588=ORIENTED_EDGE('',*,*,#6086,.F.);
#8589=ORIENTED_EDGE('',*,*,#6000,.F.);
#8590=ORIENTED_EDGE('',*,*,#6162,.F.);
#8591=ORIENTED_EDGE('',*,*,#6093,.F.);
#8592=ORIENTED_EDGE('',*,*,#6041,.T.);
#8593=ORIENTED_EDGE('',*,*,#5979,.F.);
#8594=ORIENTED_EDGE('',*,*,#6006,.F.);
#8595=ORIENTED_EDGE('',*,*,#6026,.T.);
#8596=ORIENTED_EDGE('',*,*,#6088,.F.);
#8597=ORIENTED_EDGE('',*,*,#6092,.F.);
#8598=ORIENTED_EDGE('',*,*,#6162,.T.);
#8599=ORIENTED_EDGE('',*,*,#6002,.F.);
#8600=ORIENTED_EDGE('',*,*,#6085,.F.);
#8601=ORIENTED_EDGE('',*,*,#6161,.T.);
#8602=ORIENTED_EDGE('',*,*,#6140,.F.);
#8603=ORIENTED_EDGE('',*,*,#6160,.F.);
#8604=ORIENTED_EDGE('',*,*,#5987,.F.);
#8605=ORIENTED_EDGE('',*,*,#6163,.T.);
#8606=ORIENTED_EDGE('',*,*,#6164,.F.);
#8607=ORIENTED_EDGE('',*,*,#6165,.T.);
#8608=ORIENTED_EDGE('',*,*,#6101,.T.);
#8609=ORIENTED_EDGE('',*,*,#5985,.F.);
#8610=ORIENTED_EDGE('',*,*,#5988,.F.);
#8611=ORIENTED_EDGE('',*,*,#5963,.T.);
#8612=ORIENTED_EDGE('',*,*,#6147,.F.);
#8613=ORIENTED_EDGE('',*,*,#6166,.F.);
#8614=ORIENTED_EDGE('',*,*,#6163,.F.);
#8615=ORIENTED_EDGE('',*,*,#6072,.T.);
#8616=ORIENTED_EDGE('',*,*,#6167,.T.);
#8617=ORIENTED_EDGE('',*,*,#6168,.T.);
#8618=ORIENTED_EDGE('',*,*,#6116,.T.);
#8619=ORIENTED_EDGE('',*,*,#6168,.F.);
#8620=ORIENTED_EDGE('',*,*,#6169,.T.);
#8621=ORIENTED_EDGE('',*,*,#6170,.T.);
#8622=ORIENTED_EDGE('',*,*,#6171,.T.);
#8623=ORIENTED_EDGE('',*,*,#6172,.T.);
#8624=ORIENTED_EDGE('',*,*,#6117,.T.);
#8625=ORIENTED_EDGE('',*,*,#6173,.T.);
#8626=ORIENTED_EDGE('',*,*,#6171,.F.);
#8627=ORIENTED_EDGE('',*,*,#6174,.T.);
#8628=ORIENTED_EDGE('',*,*,#5916,.F.);
#8629=ORIENTED_EDGE('',*,*,#6175,.T.);
#8630=ORIENTED_EDGE('',*,*,#6174,.F.);
#8631=ORIENTED_EDGE('',*,*,#6170,.F.);
#8632=ORIENTED_EDGE('',*,*,#6176,.F.);
#8633=ORIENTED_EDGE('',*,*,#5917,.T.);
#8634=ORIENTED_EDGE('',*,*,#6177,.T.);
#8635=ORIENTED_EDGE('',*,*,#6178,.T.);
#8636=ORIENTED_EDGE('',*,*,#6179,.T.);
#8637=ORIENTED_EDGE('',*,*,#6156,.T.);
#8638=ORIENTED_EDGE('',*,*,#6180,.T.);
#8639=ORIENTED_EDGE('',*,*,#6157,.T.);
#8640=ORIENTED_EDGE('',*,*,#6179,.F.);
#8641=ORIENTED_EDGE('',*,*,#6164,.T.);
#8642=ORIENTED_EDGE('',*,*,#6146,.T.);
#8643=ORIENTED_EDGE('',*,*,#6158,.T.);
#8644=ORIENTED_EDGE('',*,*,#6180,.F.);
#8645=ORIENTED_EDGE('',*,*,#6166,.T.);
#8646=ORIENTED_EDGE('',*,*,#6178,.F.);
#8647=ORIENTED_EDGE('',*,*,#6181,.F.);
#8648=ORIENTED_EDGE('',*,*,#6165,.F.);
#8649=ORIENTED_EDGE('',*,*,#6182,.F.);
#8650=ORIENTED_EDGE('',*,*,#6183,.T.);
#8651=ORIENTED_EDGE('',*,*,#6184,.F.);
#8652=ORIENTED_EDGE('',*,*,#6185,.T.);
#8653=ORIENTED_EDGE('',*,*,#5905,.F.);
#8654=ORIENTED_EDGE('',*,*,#5911,.F.);
#8655=ORIENTED_EDGE('',*,*,#6186,.T.);
#8656=ORIENTED_EDGE('',*,*,#6187,.T.);
#8657=ORIENTED_EDGE('',*,*,#6188,.T.);
#8658=ORIENTED_EDGE('',*,*,#6189,.T.);
#8659=ORIENTED_EDGE('',*,*,#6190,.T.);
#8660=ORIENTED_EDGE('',*,*,#6184,.T.);
#8661=ORIENTED_EDGE('',*,*,#6191,.T.);
#8662=ORIENTED_EDGE('',*,*,#5941,.F.);
#8663=ORIENTED_EDGE('',*,*,#6192,.F.);
#8664=ORIENTED_EDGE('',*,*,#6193,.F.);
#8665=ORIENTED_EDGE('',*,*,#6194,.F.);
#8666=ORIENTED_EDGE('',*,*,#6195,.F.);
#8667=ORIENTED_EDGE('',*,*,#6196,.F.);
#8668=ORIENTED_EDGE('',*,*,#6197,.F.);
#8669=ORIENTED_EDGE('',*,*,#6193,.T.);
#8670=ORIENTED_EDGE('',*,*,#6198,.F.);
#8671=ORIENTED_EDGE('',*,*,#6187,.F.);
#8672=ORIENTED_EDGE('',*,*,#6198,.T.);
#8673=ORIENTED_EDGE('',*,*,#6196,.T.);
#8674=ORIENTED_EDGE('',*,*,#6199,.F.);
#8675=ORIENTED_EDGE('',*,*,#6188,.F.);
#8676=ORIENTED_EDGE('',*,*,#6197,.T.);
#8677=ORIENTED_EDGE('',*,*,#6186,.F.);
#8678=ORIENTED_EDGE('',*,*,#6200,.T.);
#8679=ORIENTED_EDGE('',*,*,#6194,.T.);
#8680=ORIENTED_EDGE('',*,*,#6199,.T.);
#8681=ORIENTED_EDGE('',*,*,#6195,.T.);
#8682=ORIENTED_EDGE('',*,*,#6200,.F.);
#8683=ORIENTED_EDGE('',*,*,#6189,.F.);
#8684=ORIENTED_EDGE('',*,*,#6201,.T.);
#8685=ORIENTED_EDGE('',*,*,#6202,.T.);
#8686=ORIENTED_EDGE('',*,*,#5938,.T.);
#8687=ORIENTED_EDGE('',*,*,#6203,.T.);
#8688=ORIENTED_EDGE('',*,*,#6202,.F.);
#8689=ORIENTED_EDGE('',*,*,#6204,.T.);
#8690=ORIENTED_EDGE('',*,*,#6205,.F.);
#8691=ORIENTED_EDGE('',*,*,#5933,.F.);
#8692=ORIENTED_EDGE('',*,*,#6206,.F.);
#8693=ORIENTED_EDGE('',*,*,#5803,.T.);
#8694=ORIENTED_EDGE('',*,*,#5832,.T.);
#8695=ORIENTED_EDGE('',*,*,#6207,.T.);
#8696=ORIENTED_EDGE('',*,*,#5939,.F.);
#8697=ORIENTED_EDGE('',*,*,#6208,.T.);
#8698=ORIENTED_EDGE('',*,*,#6209,.T.);
#8699=ORIENTED_EDGE('',*,*,#5934,.T.);
#8700=ORIENTED_EDGE('',*,*,#6205,.T.);
#8701=ORIENTED_EDGE('',*,*,#6209,.F.);
#8702=ORIENTED_EDGE('',*,*,#6210,.F.);
#8703=ORIENTED_EDGE('',*,*,#6211,.T.);
#8704=ORIENTED_EDGE('',*,*,#5935,.T.);
#8705=ORIENTED_EDGE('',*,*,#6212,.T.);
#8706=ORIENTED_EDGE('',*,*,#6213,.T.);
#8707=ORIENTED_EDGE('',*,*,#5951,.T.);
#8708=ORIENTED_EDGE('',*,*,#5739,.T.);
#8709=ORIENTED_EDGE('',*,*,#6213,.F.);
#8710=ORIENTED_EDGE('',*,*,#6214,.F.);
#8711=ORIENTED_EDGE('',*,*,#5110,.F.);
#8712=ORIENTED_EDGE('',*,*,#5696,.T.);
#8713=ORIENTED_EDGE('',*,*,#5698,.F.);
#8714=ORIENTED_EDGE('',*,*,#5952,.T.);
#8715=ORIENTED_EDGE('',*,*,#6215,.F.);
#8716=ORIENTED_EDGE('',*,*,#6216,.T.);
#8717=ORIENTED_EDGE('',*,*,#5931,.F.);
#8718=ORIENTED_EDGE('',*,*,#6217,.T.);
#8719=ORIENTED_EDGE('',*,*,#6217,.F.);
#8720=ORIENTED_EDGE('',*,*,#5930,.T.);
#8721=ORIENTED_EDGE('',*,*,#5699,.F.);
#8722=ORIENTED_EDGE('',*,*,#5694,.F.);
#8723=ORIENTED_EDGE('',*,*,#5108,.F.);
#8724=ORIENTED_EDGE('',*,*,#6218,.F.);
#8725=ORIENTED_EDGE('',*,*,#6203,.F.);
#8726=ORIENTED_EDGE('',*,*,#5937,.T.);
#8727=ORIENTED_EDGE('',*,*,#6219,.T.);
#8728=ORIENTED_EDGE('',*,*,#6220,.F.);
#8729=ORIENTED_EDGE('',*,*,#6221,.F.);
#8730=ORIENTED_EDGE('',*,*,#6222,.T.);
#8731=ORIENTED_EDGE('',*,*,#6223,.F.);
#8732=ORIENTED_EDGE('',*,*,#6224,.F.);
#8733=ORIENTED_EDGE('',*,*,#6225,.F.);
#8734=ORIENTED_EDGE('',*,*,#6224,.T.);
#8735=ORIENTED_EDGE('',*,*,#6226,.F.);
#8736=ORIENTED_EDGE('',*,*,#6227,.F.);
#8737=ORIENTED_EDGE('',*,*,#6228,.F.);
#8738=ORIENTED_EDGE('',*,*,#6227,.T.);
#8739=ORIENTED_EDGE('',*,*,#6229,.F.);
#8740=ORIENTED_EDGE('',*,*,#6230,.F.);
#8741=ORIENTED_EDGE('',*,*,#6231,.F.);
#8742=ORIENTED_EDGE('',*,*,#6230,.T.);
#8743=ORIENTED_EDGE('',*,*,#6232,.F.);
#8744=ORIENTED_EDGE('',*,*,#6222,.F.);
#8745=ORIENTED_EDGE('',*,*,#6204,.F.);
#8746=ORIENTED_EDGE('',*,*,#6201,.F.);
#8747=ORIENTED_EDGE('',*,*,#6220,.T.);
#8748=ORIENTED_EDGE('',*,*,#6233,.T.);
#8749=ORIENTED_EDGE('',*,*,#6210,.T.);
#8750=ORIENTED_EDGE('',*,*,#6208,.F.);
#8751=ORIENTED_EDGE('',*,*,#6232,.T.);
#8752=ORIENTED_EDGE('',*,*,#6229,.T.);
#8753=ORIENTED_EDGE('',*,*,#6226,.T.);
#8754=ORIENTED_EDGE('',*,*,#6223,.T.);
#8755=ORIENTED_EDGE('',*,*,#6221,.T.);
#8756=ORIENTED_EDGE('',*,*,#6225,.T.);
#8757=ORIENTED_EDGE('',*,*,#6228,.T.);
#8758=ORIENTED_EDGE('',*,*,#6231,.T.);
#8759=ORIENTED_EDGE('',*,*,#6234,.T.);
#8760=ORIENTED_EDGE('',*,*,#5955,.T.);
#8761=ORIENTED_EDGE('',*,*,#6235,.T.);
#8762=ORIENTED_EDGE('',*,*,#6234,.F.);
#8763=ORIENTED_EDGE('',*,*,#6235,.F.);
#8764=ORIENTED_EDGE('',*,*,#5936,.T.);
#8765=ORIENTED_EDGE('',*,*,#6211,.F.);
#8766=ORIENTED_EDGE('',*,*,#6233,.F.);
#8767=ORIENTED_EDGE('',*,*,#6219,.F.);
#8768=ORIENTED_EDGE('',*,*,#6236,.F.);
#8769=ORIENTED_EDGE('',*,*,#6237,.T.);
#8770=ORIENTED_EDGE('',*,*,#6238,.F.);
#8771=ORIENTED_EDGE('',*,*,#6239,.F.);
#8772=ORIENTED_EDGE('',*,*,#6240,.F.);
#8773=ORIENTED_EDGE('',*,*,#6239,.T.);
#8774=ORIENTED_EDGE('',*,*,#6241,.F.);
#8775=ORIENTED_EDGE('',*,*,#6242,.F.);
#8776=ORIENTED_EDGE('',*,*,#6243,.F.);
#8777=ORIENTED_EDGE('',*,*,#6242,.T.);
#8778=ORIENTED_EDGE('',*,*,#6244,.F.);
#8779=ORIENTED_EDGE('',*,*,#6245,.F.);
#8780=ORIENTED_EDGE('',*,*,#6246,.F.);
#8781=ORIENTED_EDGE('',*,*,#6245,.T.);
#8782=ORIENTED_EDGE('',*,*,#6247,.F.);
#8783=ORIENTED_EDGE('',*,*,#6237,.F.);
#8784=ORIENTED_EDGE('',*,*,#6218,.T.);
#8785=ORIENTED_EDGE('',*,*,#5107,.F.);
#8786=ORIENTED_EDGE('',*,*,#5705,.F.);
#8787=ORIENTED_EDGE('',*,*,#5103,.F.);
#8788=ORIENTED_EDGE('',*,*,#5707,.F.);
#8789=ORIENTED_EDGE('',*,*,#5734,.T.);
#8790=ORIENTED_EDGE('',*,*,#5736,.F.);
#8791=ORIENTED_EDGE('',*,*,#5747,.F.);
#8792=ORIENTED_EDGE('',*,*,#6248,.F.);
#8793=ORIENTED_EDGE('',*,*,#6215,.T.);
#8794=ORIENTED_EDGE('',*,*,#6247,.T.);
#8795=ORIENTED_EDGE('',*,*,#6244,.T.);
#8796=ORIENTED_EDGE('',*,*,#6241,.T.);
#8797=ORIENTED_EDGE('',*,*,#6238,.T.);
#8798=ORIENTED_EDGE('',*,*,#6236,.T.);
#8799=ORIENTED_EDGE('',*,*,#6240,.T.);
#8800=ORIENTED_EDGE('',*,*,#6243,.T.);
#8801=ORIENTED_EDGE('',*,*,#6246,.T.);
#8802=ORIENTED_EDGE('',*,*,#6249,.T.);
#8803=ORIENTED_EDGE('',*,*,#5954,.T.);
#8804=ORIENTED_EDGE('',*,*,#6250,.T.);
#8805=ORIENTED_EDGE('',*,*,#6249,.F.);
#8806=ORIENTED_EDGE('',*,*,#6250,.F.);
#8807=ORIENTED_EDGE('',*,*,#6251,.F.);
#8808=ORIENTED_EDGE('',*,*,#6252,.T.);
#8809=ORIENTED_EDGE('',*,*,#6253,.F.);
#8810=ORIENTED_EDGE('',*,*,#6254,.F.);
#8811=ORIENTED_EDGE('',*,*,#6255,.F.);
#8812=ORIENTED_EDGE('',*,*,#6254,.T.);
#8813=ORIENTED_EDGE('',*,*,#6256,.F.);
#8814=ORIENTED_EDGE('',*,*,#6257,.F.);
#8815=ORIENTED_EDGE('',*,*,#6258,.F.);
#8816=ORIENTED_EDGE('',*,*,#6257,.T.);
#8817=ORIENTED_EDGE('',*,*,#6259,.F.);
#8818=ORIENTED_EDGE('',*,*,#6260,.F.);
#8819=ORIENTED_EDGE('',*,*,#6261,.F.);
#8820=ORIENTED_EDGE('',*,*,#6260,.T.);
#8821=ORIENTED_EDGE('',*,*,#6262,.F.);
#8822=ORIENTED_EDGE('',*,*,#6252,.F.);
#8823=ORIENTED_EDGE('',*,*,#5750,.T.);
#8824=ORIENTED_EDGE('',*,*,#5700,.F.);
#8825=ORIENTED_EDGE('',*,*,#5115,.F.);
#8826=ORIENTED_EDGE('',*,*,#5704,.F.);
#8827=ORIENTED_EDGE('',*,*,#5111,.F.);
#8828=ORIENTED_EDGE('',*,*,#6214,.T.);
#8829=ORIENTED_EDGE('',*,*,#6212,.F.);
#8830=ORIENTED_EDGE('',*,*,#5738,.F.);
#8831=ORIENTED_EDGE('',*,*,#5749,.F.);
#8832=ORIENTED_EDGE('',*,*,#6262,.T.);
#8833=ORIENTED_EDGE('',*,*,#6259,.T.);
#8834=ORIENTED_EDGE('',*,*,#6256,.T.);
#8835=ORIENTED_EDGE('',*,*,#6253,.T.);
#8836=ORIENTED_EDGE('',*,*,#6251,.T.);
#8837=ORIENTED_EDGE('',*,*,#6255,.T.);
#8838=ORIENTED_EDGE('',*,*,#6258,.T.);
#8839=ORIENTED_EDGE('',*,*,#6261,.T.);
#8840=ORIENTED_EDGE('',*,*,#6263,.T.);
#8841=ORIENTED_EDGE('',*,*,#5953,.T.);
#8842=ORIENTED_EDGE('',*,*,#6264,.T.);
#8843=ORIENTED_EDGE('',*,*,#6263,.F.);
#8844=ORIENTED_EDGE('',*,*,#6264,.F.);
#8845=ORIENTED_EDGE('',*,*,#6265,.F.);
#8846=ORIENTED_EDGE('',*,*,#6266,.F.);
#8847=ORIENTED_EDGE('',*,*,#6267,.F.);
#8848=ORIENTED_EDGE('',*,*,#6268,.F.);
#8849=ORIENTED_EDGE('',*,*,#6269,.F.);
#8850=ORIENTED_EDGE('',*,*,#6270,.F.);
#8851=ORIENTED_EDGE('',*,*,#6271,.F.);
#8852=ORIENTED_EDGE('',*,*,#6272,.F.);
#8853=ORIENTED_EDGE('',*,*,#6273,.F.);
#8854=ORIENTED_EDGE('',*,*,#6271,.T.);
#8855=ORIENTED_EDGE('',*,*,#6274,.F.);
#8856=ORIENTED_EDGE('',*,*,#6275,.F.);
#8857=ORIENTED_EDGE('',*,*,#6267,.T.);
#8858=ORIENTED_EDGE('',*,*,#6265,.T.);
#8859=ORIENTED_EDGE('',*,*,#6276,.T.);
#8860=ORIENTED_EDGE('',*,*,#6269,.T.);
#8861=ORIENTED_EDGE('',*,*,#6277,.T.);
#8862=ORIENTED_EDGE('',*,*,#6278,.T.);
#8863=ORIENTED_EDGE('',*,*,#6279,.F.);
#8864=ORIENTED_EDGE('',*,*,#6280,.T.);
#8865=ORIENTED_EDGE('',*,*,#6281,.F.);
#8866=ORIENTED_EDGE('',*,*,#6190,.F.);
#8867=ORIENTED_EDGE('',*,*,#6282,.T.);
#8868=ORIENTED_EDGE('',*,*,#6283,.F.);
#8869=ORIENTED_EDGE('',*,*,#6284,.F.);
#8870=ORIENTED_EDGE('',*,*,#6281,.T.);
#8871=ORIENTED_EDGE('',*,*,#6285,.T.);
#8872=ORIENTED_EDGE('',*,*,#6286,.F.);
#8873=ORIENTED_EDGE('',*,*,#6287,.F.);
#8874=ORIENTED_EDGE('',*,*,#6279,.T.);
#8875=ORIENTED_EDGE('',*,*,#6288,.T.);
#8876=ORIENTED_EDGE('',*,*,#6289,.F.);
#8877=ORIENTED_EDGE('',*,*,#6282,.F.);
#8878=ORIENTED_EDGE('',*,*,#6182,.T.);
#8879=ORIENTED_EDGE('',*,*,#5910,.F.);
#8880=ORIENTED_EDGE('',*,*,#5919,.T.);
#8881=ORIENTED_EDGE('',*,*,#6290,.T.);
#8882=ORIENTED_EDGE('',*,*,#6291,.F.);
#8883=ORIENTED_EDGE('',*,*,#6292,.F.);
#8884=ORIENTED_EDGE('',*,*,#6293,.F.);
#8885=ORIENTED_EDGE('',*,*,#6294,.F.);
#8886=ORIENTED_EDGE('',*,*,#6295,.T.);
#8887=ORIENTED_EDGE('',*,*,#6296,.T.);
#8888=ORIENTED_EDGE('',*,*,#6297,.T.);
#8889=ORIENTED_EDGE('',*,*,#6298,.T.);
#8890=ORIENTED_EDGE('',*,*,#6299,.T.);
#8891=ORIENTED_EDGE('',*,*,#6300,.T.);
#8892=ORIENTED_EDGE('',*,*,#6301,.T.);
#8893=ORIENTED_EDGE('',*,*,#6302,.T.);
#8894=ORIENTED_EDGE('',*,*,#5863,.T.);
#8895=ORIENTED_EDGE('',*,*,#6303,.F.);
#8896=ORIENTED_EDGE('',*,*,#5843,.T.);
#8897=ORIENTED_EDGE('',*,*,#6304,.F.);
#8898=ORIENTED_EDGE('',*,*,#5896,.T.);
#8899=ORIENTED_EDGE('',*,*,#6305,.T.);
#8900=ORIENTED_EDGE('',*,*,#5897,.T.);
#8901=ORIENTED_EDGE('',*,*,#6304,.T.);
#8902=ORIENTED_EDGE('',*,*,#5842,.T.);
#8903=ORIENTED_EDGE('',*,*,#5901,.T.);
#8904=ORIENTED_EDGE('',*,*,#5865,.T.);
#8905=ORIENTED_EDGE('',*,*,#6306,.T.);
#8906=ORIENTED_EDGE('',*,*,#5894,.T.);
#8907=ORIENTED_EDGE('',*,*,#5902,.T.);
#8908=ORIENTED_EDGE('',*,*,#5840,.T.);
#8909=ORIENTED_EDGE('',*,*,#5958,.F.);
#8910=ORIENTED_EDGE('',*,*,#5886,.T.);
#8911=ORIENTED_EDGE('',*,*,#5880,.T.);
#8912=ORIENTED_EDGE('',*,*,#5864,.T.);
#8913=ORIENTED_EDGE('',*,*,#6305,.F.);
#8914=ORIENTED_EDGE('',*,*,#5895,.T.);
#8915=ORIENTED_EDGE('',*,*,#6306,.F.);
#8916=ORIENTED_EDGE('',*,*,#5822,.F.);
#8917=ORIENTED_EDGE('',*,*,#6307,.F.);
#8918=ORIENTED_EDGE('',*,*,#6308,.T.);
#8919=ORIENTED_EDGE('',*,*,#6309,.T.);
#8920=ORIENTED_EDGE('',*,*,#6310,.T.);
#8921=ORIENTED_EDGE('',*,*,#6311,.T.);
#8922=ORIENTED_EDGE('',*,*,#6312,.T.);
#8923=ORIENTED_EDGE('',*,*,#6313,.F.);
#8924=ORIENTED_EDGE('',*,*,#6310,.F.);
#8925=ORIENTED_EDGE('',*,*,#6314,.F.);
#8926=ORIENTED_EDGE('',*,*,#6315,.T.);
#8927=ORIENTED_EDGE('',*,*,#5821,.F.);
#8928=ORIENTED_EDGE('',*,*,#5820,.F.);
#8929=ORIENTED_EDGE('',*,*,#5819,.F.);
#8930=ORIENTED_EDGE('',*,*,#6316,.T.);
#8931=ORIENTED_EDGE('',*,*,#6317,.F.);
#8932=ORIENTED_EDGE('',*,*,#6313,.T.);
#8933=ORIENTED_EDGE('',*,*,#6318,.F.);
#8934=ORIENTED_EDGE('',*,*,#6319,.F.);
#8935=ORIENTED_EDGE('',*,*,#5823,.F.);
#8936=ORIENTED_EDGE('',*,*,#5818,.F.);
#8937=ORIENTED_EDGE('',*,*,#6320,.T.);
#8938=ORIENTED_EDGE('',*,*,#6321,.T.);
#8939=ORIENTED_EDGE('',*,*,#6322,.T.);
#8940=ORIENTED_EDGE('',*,*,#6302,.F.);
#8941=ORIENTED_EDGE('',*,*,#6323,.T.);
#8942=ORIENTED_EDGE('',*,*,#6324,.T.);
#8943=ORIENTED_EDGE('',*,*,#6320,.F.);
#8944=ORIENTED_EDGE('',*,*,#6325,.F.);
#8945=ORIENTED_EDGE('',*,*,#6326,.F.);
#8946=ORIENTED_EDGE('',*,*,#6325,.T.);
#8947=ORIENTED_EDGE('',*,*,#5817,.F.);
#8948=ORIENTED_EDGE('',*,*,#5744,.F.);
#8949=ORIENTED_EDGE('',*,*,#6327,.F.);
#8950=ORIENTED_EDGE('',*,*,#6328,.F.);
#8951=ORIENTED_EDGE('',*,*,#6294,.T.);
#8952=ORIENTED_EDGE('',*,*,#6329,.T.);
#8953=ORIENTED_EDGE('',*,*,#5810,.T.);
#8954=ORIENTED_EDGE('',*,*,#6329,.F.);
#8955=ORIENTED_EDGE('',*,*,#6293,.T.);
#8956=ORIENTED_EDGE('',*,*,#6330,.F.);
#8957=ORIENTED_EDGE('',*,*,#5811,.F.);
#8958=ORIENTED_EDGE('',*,*,#6331,.F.);
#8959=ORIENTED_EDGE('',*,*,#6192,.T.);
#8960=ORIENTED_EDGE('',*,*,#5940,.F.);
#8961=ORIENTED_EDGE('',*,*,#6207,.F.);
#8962=ORIENTED_EDGE('',*,*,#5831,.T.);
#8963=ORIENTED_EDGE('',*,*,#5883,.T.);
#8964=ORIENTED_EDGE('',*,*,#5858,.T.);
#8965=ORIENTED_EDGE('',*,*,#6328,.T.);
#8966=ORIENTED_EDGE('',*,*,#5809,.T.);
#8967=ORIENTED_EDGE('',*,*,#5942,.F.);
#8968=ORIENTED_EDGE('',*,*,#6191,.F.);
#8969=ORIENTED_EDGE('',*,*,#6332,.F.);
#8970=ORIENTED_EDGE('',*,*,#6298,.F.);
#8971=ORIENTED_EDGE('',*,*,#6295,.F.);
#8972=ORIENTED_EDGE('',*,*,#6333,.F.);
#8973=ORIENTED_EDGE('',*,*,#6334,.T.);
#8974=ORIENTED_EDGE('',*,*,#6335,.F.);
#8975=ORIENTED_EDGE('',*,*,#6336,.F.);
#8976=ORIENTED_EDGE('',*,*,#6299,.F.);
#8977=ORIENTED_EDGE('',*,*,#6336,.T.);
#8978=ORIENTED_EDGE('',*,*,#6337,.F.);
#8979=ORIENTED_EDGE('',*,*,#6338,.F.);
#8980=ORIENTED_EDGE('',*,*,#6300,.F.);
#8981=ORIENTED_EDGE('',*,*,#6338,.T.);
#8982=ORIENTED_EDGE('',*,*,#6339,.F.);
#8983=ORIENTED_EDGE('',*,*,#6340,.F.);
#8984=ORIENTED_EDGE('',*,*,#6301,.F.);
#8985=ORIENTED_EDGE('',*,*,#6340,.T.);
#8986=ORIENTED_EDGE('',*,*,#6341,.T.);
#8987=ORIENTED_EDGE('',*,*,#6316,.F.);
#8988=ORIENTED_EDGE('',*,*,#6342,.F.);
#8989=ORIENTED_EDGE('',*,*,#6343,.T.);
#8990=ORIENTED_EDGE('',*,*,#6344,.F.);
#8991=ORIENTED_EDGE('',*,*,#6334,.F.);
#8992=ORIENTED_EDGE('',*,*,#6345,.F.);
#8993=ORIENTED_EDGE('',*,*,#6346,.T.);
#8994=ORIENTED_EDGE('',*,*,#6347,.F.);
#8995=ORIENTED_EDGE('',*,*,#6348,.F.);
#8996=ORIENTED_EDGE('',*,*,#6349,.F.);
#8997=ORIENTED_EDGE('',*,*,#6350,.F.);
#8998=ORIENTED_EDGE('',*,*,#6348,.T.);
#8999=ORIENTED_EDGE('',*,*,#6351,.F.);
#9000=ORIENTED_EDGE('',*,*,#6352,.F.);
#9001=ORIENTED_EDGE('',*,*,#6353,.F.);
#9002=ORIENTED_EDGE('',*,*,#6352,.T.);
#9003=ORIENTED_EDGE('',*,*,#6354,.F.);
#9004=ORIENTED_EDGE('',*,*,#6355,.F.);
#9005=ORIENTED_EDGE('',*,*,#6356,.F.);
#9006=ORIENTED_EDGE('',*,*,#6355,.T.);
#9007=ORIENTED_EDGE('',*,*,#6357,.F.);
#9008=ORIENTED_EDGE('',*,*,#6346,.F.);
#9009=ORIENTED_EDGE('',*,*,#6357,.T.);
#9010=ORIENTED_EDGE('',*,*,#6354,.T.);
#9011=ORIENTED_EDGE('',*,*,#6351,.T.);
#9012=ORIENTED_EDGE('',*,*,#6347,.T.);
#9013=ORIENTED_EDGE('',*,*,#6358,.T.);
#9014=ORIENTED_EDGE('',*,*,#6359,.F.);
#9015=ORIENTED_EDGE('',*,*,#6360,.F.);
#9016=ORIENTED_EDGE('',*,*,#6315,.F.);
#9017=ORIENTED_EDGE('',*,*,#6361,.F.);
#9018=ORIENTED_EDGE('',*,*,#6362,.F.);
#9019=ORIENTED_EDGE('',*,*,#6363,.T.);
#9020=ORIENTED_EDGE('',*,*,#6364,.T.);
#9021=ORIENTED_EDGE('',*,*,#6365,.T.);
#9022=ORIENTED_EDGE('',*,*,#6349,.T.);
#9023=ORIENTED_EDGE('',*,*,#6353,.T.);
#9024=ORIENTED_EDGE('',*,*,#6356,.T.);
#9025=ORIENTED_EDGE('',*,*,#6345,.T.);
#9026=ORIENTED_EDGE('',*,*,#6350,.T.);
#9027=ORIENTED_EDGE('',*,*,#6366,.T.);
#9028=ORIENTED_EDGE('',*,*,#6307,.T.);
#9029=ORIENTED_EDGE('',*,*,#6360,.T.);
#9030=ORIENTED_EDGE('',*,*,#6367,.F.);
#9031=ORIENTED_EDGE('',*,*,#6368,.F.);
#9032=ORIENTED_EDGE('',*,*,#6311,.F.);
#9033=ORIENTED_EDGE('',*,*,#6369,.F.);
#9034=ORIENTED_EDGE('',*,*,#6364,.F.);
#9035=ORIENTED_EDGE('',*,*,#6359,.T.);
#9036=ORIENTED_EDGE('',*,*,#6370,.F.);
#9037=ORIENTED_EDGE('',*,*,#6371,.F.);
#9038=ORIENTED_EDGE('',*,*,#6366,.F.);
#9039=ORIENTED_EDGE('',*,*,#6365,.F.);
#9040=ORIENTED_EDGE('',*,*,#6371,.T.);
#9041=ORIENTED_EDGE('',*,*,#6372,.T.);
#9042=ORIENTED_EDGE('',*,*,#6308,.F.);
#9043=ORIENTED_EDGE('',*,*,#6372,.F.);
#9044=ORIENTED_EDGE('',*,*,#6370,.T.);
#9045=ORIENTED_EDGE('',*,*,#6358,.F.);
#9046=ORIENTED_EDGE('',*,*,#6373,.F.);
#9047=ORIENTED_EDGE('',*,*,#6369,.T.);
#9048=ORIENTED_EDGE('',*,*,#6314,.T.);
#9049=ORIENTED_EDGE('',*,*,#6309,.F.);
#9050=ORIENTED_EDGE('',*,*,#5742,.T.);
#9051=ORIENTED_EDGE('',*,*,#6374,.F.);
#9052=ORIENTED_EDGE('',*,*,#6323,.F.);
#9053=ORIENTED_EDGE('',*,*,#6375,.F.);
#9054=ORIENTED_EDGE('',*,*,#6376,.T.);
#9055=ORIENTED_EDGE('',*,*,#6377,.F.);
#9056=ORIENTED_EDGE('',*,*,#6378,.T.);
#9057=ORIENTED_EDGE('',*,*,#6379,.F.);
#9058=ORIENTED_EDGE('',*,*,#6380,.F.);
#9059=ORIENTED_EDGE('',*,*,#6296,.F.);
#9060=ORIENTED_EDGE('',*,*,#6297,.F.);
#9061=ORIENTED_EDGE('',*,*,#6322,.F.);
#9062=ORIENTED_EDGE('',*,*,#6381,.F.);
#9063=ORIENTED_EDGE('',*,*,#6378,.F.);
#9064=ORIENTED_EDGE('',*,*,#6333,.T.);
#9065=ORIENTED_EDGE('',*,*,#6380,.T.);
#9066=ORIENTED_EDGE('',*,*,#6377,.T.);
#9067=ORIENTED_EDGE('',*,*,#6382,.T.);
#9068=ORIENTED_EDGE('',*,*,#6342,.T.);
#9069=ORIENTED_EDGE('',*,*,#6374,.T.);
#9070=ORIENTED_EDGE('',*,*,#6383,.F.);
#9071=ORIENTED_EDGE('',*,*,#6384,.T.);
#9072=ORIENTED_EDGE('',*,*,#6379,.T.);
#9073=ORIENTED_EDGE('',*,*,#6381,.T.);
#9074=ORIENTED_EDGE('',*,*,#6321,.F.);
#9075=ORIENTED_EDGE('',*,*,#6324,.F.);
#9076=ORIENTED_EDGE('',*,*,#6383,.T.);
#9077=ORIENTED_EDGE('',*,*,#5741,.T.);
#9078=ORIENTED_EDGE('',*,*,#5950,.F.);
#9079=ORIENTED_EDGE('',*,*,#6385,.F.);
#9080=ORIENTED_EDGE('',*,*,#6386,.T.);
#9081=ORIENTED_EDGE('',*,*,#6387,.T.);
#9082=ORIENTED_EDGE('',*,*,#6388,.T.);
#9083=ORIENTED_EDGE('',*,*,#5948,.F.);
#9084=ORIENTED_EDGE('',*,*,#6389,.F.);
#9085=ORIENTED_EDGE('',*,*,#6373,.T.);
#9086=ORIENTED_EDGE('',*,*,#6387,.F.);
#9087=ORIENTED_EDGE('',*,*,#6363,.F.);
#9088=ORIENTED_EDGE('',*,*,#6390,.F.);
#9089=ORIENTED_EDGE('',*,*,#6391,.F.);
#9090=ORIENTED_EDGE('',*,*,#6392,.F.);
#9091=ORIENTED_EDGE('',*,*,#6393,.T.);
#9092=ORIENTED_EDGE('',*,*,#6386,.F.);
#9093=ORIENTED_EDGE('',*,*,#6394,.F.);
#9094=ORIENTED_EDGE('',*,*,#6393,.F.);
#9095=ORIENTED_EDGE('',*,*,#6395,.F.);
#9096=ORIENTED_EDGE('',*,*,#6396,.F.);
#9097=ORIENTED_EDGE('',*,*,#6343,.F.);
#9098=ORIENTED_EDGE('',*,*,#6382,.F.);
#9099=ORIENTED_EDGE('',*,*,#6376,.F.);
#9100=ORIENTED_EDGE('',*,*,#6384,.F.);
#9101=ORIENTED_EDGE('',*,*,#6394,.T.);
#9102=ORIENTED_EDGE('',*,*,#6385,.T.);
#9103=ORIENTED_EDGE('',*,*,#5949,.F.);
#9104=ORIENTED_EDGE('',*,*,#6388,.F.);
#9105=ORIENTED_EDGE('',*,*,#6391,.T.);
#9106=ORIENTED_EDGE('',*,*,#6397,.T.);
#9107=ORIENTED_EDGE('',*,*,#5945,.F.);
#9108=ORIENTED_EDGE('',*,*,#6398,.F.);
#9109=ORIENTED_EDGE('',*,*,#6395,.T.);
#9110=ORIENTED_EDGE('',*,*,#6392,.T.);
#9111=ORIENTED_EDGE('',*,*,#6398,.T.);
#9112=ORIENTED_EDGE('',*,*,#5944,.F.);
#9113=ORIENTED_EDGE('',*,*,#6399,.F.);
#9114=ORIENTED_EDGE('',*,*,#6400,.F.);
#9115=ORIENTED_EDGE('',*,*,#6248,.T.);
#9116=ORIENTED_EDGE('',*,*,#5746,.F.);
#9117=ORIENTED_EDGE('',*,*,#5816,.T.);
#9118=ORIENTED_EDGE('',*,*,#5804,.T.);
#9119=ORIENTED_EDGE('',*,*,#6206,.T.);
#9120=ORIENTED_EDGE('',*,*,#5932,.F.);
#9121=ORIENTED_EDGE('',*,*,#6216,.F.);
#9122=ORIENTED_EDGE('',*,*,#6401,.F.);
#9123=ORIENTED_EDGE('',*,*,#6399,.T.);
#9124=ORIENTED_EDGE('',*,*,#5943,.F.);
#9125=ORIENTED_EDGE('',*,*,#5814,.F.);
#9126=ORIENTED_EDGE('',*,*,#6362,.T.);
#9127=ORIENTED_EDGE('',*,*,#6402,.F.);
#9128=ORIENTED_EDGE('',*,*,#5921,.T.);
#9129=ORIENTED_EDGE('',*,*,#5946,.F.);
#9130=ORIENTED_EDGE('',*,*,#6397,.F.);
#9131=ORIENTED_EDGE('',*,*,#6390,.T.);
#9132=ORIENTED_EDGE('',*,*,#6403,.F.);
#9133=ORIENTED_EDGE('',*,*,#6404,.F.);
#9134=ORIENTED_EDGE('',*,*,#6405,.F.);
#9135=ORIENTED_EDGE('',*,*,#6406,.F.);
#9136=ORIENTED_EDGE('',*,*,#5793,.T.);
#9137=ORIENTED_EDGE('',*,*,#5812,.T.);
#9138=ORIENTED_EDGE('',*,*,#6330,.T.);
#9139=ORIENTED_EDGE('',*,*,#6292,.T.);
#9140=ORIENTED_EDGE('',*,*,#6407,.F.);
#9141=ORIENTED_EDGE('',*,*,#6408,.F.);
#9142=ORIENTED_EDGE('',*,*,#6409,.F.);
#9143=ORIENTED_EDGE('',*,*,#6410,.F.);
#9144=ORIENTED_EDGE('',*,*,#5922,.T.);
#9145=ORIENTED_EDGE('',*,*,#6402,.T.);
#9146=ORIENTED_EDGE('',*,*,#6361,.T.);
#9147=ORIENTED_EDGE('',*,*,#6317,.T.);
#9148=ORIENTED_EDGE('',*,*,#6341,.F.);
#9149=ORIENTED_EDGE('',*,*,#6339,.T.);
#9150=ORIENTED_EDGE('',*,*,#6337,.T.);
#9151=ORIENTED_EDGE('',*,*,#6335,.T.);
#9152=ORIENTED_EDGE('',*,*,#6344,.T.);
#9153=ORIENTED_EDGE('',*,*,#6396,.T.);
#9154=ORIENTED_EDGE('',*,*,#6400,.T.);
#9155=ORIENTED_EDGE('',*,*,#6401,.T.);
#9156=ORIENTED_EDGE('',*,*,#5813,.T.);
#9157=ORIENTED_EDGE('',*,*,#5763,.T.);
#9158=ORIENTED_EDGE('',*,*,#5805,.T.);
#9159=ORIENTED_EDGE('',*,*,#6327,.T.);
#9160=ORIENTED_EDGE('',*,*,#5743,.T.);
#9161=ORIENTED_EDGE('',*,*,#6375,.T.);
#9162=ORIENTED_EDGE('',*,*,#6326,.T.);
#9163=ORIENTED_EDGE('',*,*,#6312,.F.);
#9164=ORIENTED_EDGE('',*,*,#6368,.T.);
#9165=ORIENTED_EDGE('',*,*,#6411,.T.);
#9166=ORIENTED_EDGE('',*,*,#6318,.T.);
#9167=ORIENTED_EDGE('',*,*,#6404,.T.);
#9168=ORIENTED_EDGE('',*,*,#6412,.F.);
#9169=ORIENTED_EDGE('',*,*,#6413,.F.);
#9170=ORIENTED_EDGE('',*,*,#6414,.T.);
#9171=ORIENTED_EDGE('',*,*,#6403,.T.);
#9172=ORIENTED_EDGE('',*,*,#6415,.T.);
#9173=ORIENTED_EDGE('',*,*,#6416,.F.);
#9174=ORIENTED_EDGE('',*,*,#6412,.T.);
#9175=ORIENTED_EDGE('',*,*,#5923,.T.);
#9176=ORIENTED_EDGE('',*,*,#6410,.T.);
#9177=ORIENTED_EDGE('',*,*,#6417,.T.);
#9178=ORIENTED_EDGE('',*,*,#6418,.F.);
#9179=ORIENTED_EDGE('',*,*,#5924,.T.);
#9180=ORIENTED_EDGE('',*,*,#6418,.T.);
#9181=ORIENTED_EDGE('',*,*,#6419,.T.);
#9182=ORIENTED_EDGE('',*,*,#6420,.F.);
#9183=ORIENTED_EDGE('',*,*,#5925,.T.);
#9184=ORIENTED_EDGE('',*,*,#6420,.T.);
#9185=ORIENTED_EDGE('',*,*,#6421,.T.);
#9186=ORIENTED_EDGE('',*,*,#6422,.F.);
#9187=ORIENTED_EDGE('',*,*,#6423,.T.);
#9188=ORIENTED_EDGE('',*,*,#6424,.F.);
#9189=ORIENTED_EDGE('',*,*,#6425,.T.);
#9190=ORIENTED_EDGE('',*,*,#6017,.F.);
#9191=ORIENTED_EDGE('',*,*,#6426,.T.);
#9192=ORIENTED_EDGE('',*,*,#6154,.F.);
#9193=ORIENTED_EDGE('',*,*,#6425,.F.);
#9194=ORIENTED_EDGE('',*,*,#6427,.F.);
#9195=ORIENTED_EDGE('',*,*,#5992,.T.);
#9196=ORIENTED_EDGE('',*,*,#6102,.T.);
#9197=ORIENTED_EDGE('',*,*,#6181,.T.);
#9198=ORIENTED_EDGE('',*,*,#6177,.F.);
#9199=ORIENTED_EDGE('',*,*,#6155,.T.);
#9200=ORIENTED_EDGE('',*,*,#6426,.F.);
#9201=ORIENTED_EDGE('',*,*,#6428,.T.);
#9202=ORIENTED_EDGE('',*,*,#6429,.F.);
#9203=ORIENTED_EDGE('',*,*,#6423,.F.);
#9204=ORIENTED_EDGE('',*,*,#6016,.T.);
#9205=ORIENTED_EDGE('',*,*,#6010,.T.);
#9206=ORIENTED_EDGE('',*,*,#5995,.T.);
#9207=ORIENTED_EDGE('',*,*,#6270,.T.);
#9208=ORIENTED_EDGE('',*,*,#6277,.F.);
#9209=ORIENTED_EDGE('',*,*,#6272,.T.);
#9210=ORIENTED_EDGE('',*,*,#6273,.T.);
#9211=ORIENTED_EDGE('',*,*,#6266,.T.);
#9212=ORIENTED_EDGE('',*,*,#6276,.F.);
#9213=ORIENTED_EDGE('',*,*,#6268,.T.);
#9214=ORIENTED_EDGE('',*,*,#6275,.T.);
#9215=ORIENTED_EDGE('',*,*,#6430,.T.);
#9216=ORIENTED_EDGE('',*,*,#6431,.T.);
#9217=ORIENTED_EDGE('',*,*,#6430,.F.);
#9218=ORIENTED_EDGE('',*,*,#6274,.T.);
#9219=ORIENTED_EDGE('',*,*,#6408,.T.);
#9220=ORIENTED_EDGE('',*,*,#6432,.F.);
#9221=ORIENTED_EDGE('',*,*,#6020,.T.);
#9222=ORIENTED_EDGE('',*,*,#6433,.T.);
#9223=ORIENTED_EDGE('',*,*,#5928,.T.);
#9224=ORIENTED_EDGE('',*,*,#6434,.T.);
#9225=ORIENTED_EDGE('',*,*,#6435,.T.);
#9226=ORIENTED_EDGE('',*,*,#6152,.T.);
#9227=ORIENTED_EDGE('',*,*,#6148,.T.);
#9228=ORIENTED_EDGE('',*,*,#6159,.T.);
#9229=ORIENTED_EDGE('',*,*,#5926,.T.);
#9230=ORIENTED_EDGE('',*,*,#6422,.T.);
#9231=ORIENTED_EDGE('',*,*,#6436,.T.);
#9232=ORIENTED_EDGE('',*,*,#6437,.T.);
#9233=ORIENTED_EDGE('',*,*,#6431,.F.);
#9234=ORIENTED_EDGE('',*,*,#5927,.T.);
#9235=ORIENTED_EDGE('',*,*,#6437,.F.);
#9236=ORIENTED_EDGE('',*,*,#6438,.T.);
#9237=ORIENTED_EDGE('',*,*,#6434,.F.);
#9238=ORIENTED_EDGE('',*,*,#6409,.T.);
#9239=ORIENTED_EDGE('',*,*,#6433,.F.);
#9240=ORIENTED_EDGE('',*,*,#6019,.F.);
#9241=ORIENTED_EDGE('',*,*,#6153,.F.);
#9242=ORIENTED_EDGE('',*,*,#6435,.F.);
#9243=ORIENTED_EDGE('',*,*,#6438,.F.);
#9244=ORIENTED_EDGE('',*,*,#6436,.F.);
#9245=ORIENTED_EDGE('',*,*,#6421,.F.);
#9246=ORIENTED_EDGE('',*,*,#6419,.F.);
#9247=ORIENTED_EDGE('',*,*,#6417,.F.);
#9248=ORIENTED_EDGE('',*,*,#6428,.F.);
#9249=ORIENTED_EDGE('',*,*,#6439,.F.);
#9250=ORIENTED_EDGE('',*,*,#6440,.F.);
#9251=ORIENTED_EDGE('',*,*,#6441,.F.);
#9252=ORIENTED_EDGE('',*,*,#6424,.T.);
#9253=ORIENTED_EDGE('',*,*,#6442,.F.);
#9254=ORIENTED_EDGE('',*,*,#6443,.T.);
#9255=ORIENTED_EDGE('',*,*,#6444,.T.);
#9256=ORIENTED_EDGE('',*,*,#6445,.T.);
#9257=ORIENTED_EDGE('',*,*,#6446,.T.);
#9258=ORIENTED_EDGE('',*,*,#6447,.T.);
#9259=ORIENTED_EDGE('',*,*,#6445,.F.);
#9260=ORIENTED_EDGE('',*,*,#6448,.T.);
#9261=ORIENTED_EDGE('',*,*,#6449,.T.);
#9262=ORIENTED_EDGE('',*,*,#6439,.T.);
#9263=ORIENTED_EDGE('',*,*,#6427,.T.);
#9264=ORIENTED_EDGE('',*,*,#6441,.T.);
#9265=ORIENTED_EDGE('',*,*,#6450,.T.);
#9266=ORIENTED_EDGE('',*,*,#6449,.F.);
#9267=ORIENTED_EDGE('',*,*,#6451,.F.);
#9268=ORIENTED_EDGE('',*,*,#6452,.F.);
#9269=ORIENTED_EDGE('',*,*,#6440,.T.);
#9270=ORIENTED_EDGE('',*,*,#6450,.F.);
#9271=ORIENTED_EDGE('',*,*,#6443,.F.);
#9272=ORIENTED_EDGE('',*,*,#6453,.T.);
#9273=ORIENTED_EDGE('',*,*,#6454,.F.);
#9274=ORIENTED_EDGE('',*,*,#6455,.T.);
#9275=ORIENTED_EDGE('',*,*,#6456,.T.);
#9276=ORIENTED_EDGE('',*,*,#6457,.T.);
#9277=ORIENTED_EDGE('',*,*,#6458,.F.);
#9278=ORIENTED_EDGE('',*,*,#6459,.T.);
#9279=ORIENTED_EDGE('',*,*,#6413,.T.);
#9280=ORIENTED_EDGE('',*,*,#6416,.T.);
#9281=ORIENTED_EDGE('',*,*,#6460,.T.);
#9282=ORIENTED_EDGE('',*,*,#6461,.T.);
#9283=ORIENTED_EDGE('',*,*,#6456,.F.);
#9284=ORIENTED_EDGE('',*,*,#6462,.T.);
#9285=ORIENTED_EDGE('',*,*,#6463,.T.);
#9286=ORIENTED_EDGE('',*,*,#6464,.T.);
#9287=ORIENTED_EDGE('',*,*,#6451,.T.);
#9288=ORIENTED_EDGE('',*,*,#6448,.F.);
#9289=ORIENTED_EDGE('',*,*,#6454,.T.);
#9290=ORIENTED_EDGE('',*,*,#6465,.T.);
#9291=ORIENTED_EDGE('',*,*,#6458,.T.);
#9292=ORIENTED_EDGE('',*,*,#6466,.T.);
#9293=ORIENTED_EDGE('',*,*,#6467,.F.);
#9294=ORIENTED_EDGE('',*,*,#6444,.F.);
#9295=ORIENTED_EDGE('',*,*,#6468,.T.);
#9296=ORIENTED_EDGE('',*,*,#6467,.T.);
#9297=ORIENTED_EDGE('',*,*,#6469,.T.);
#9298=ORIENTED_EDGE('',*,*,#6463,.F.);
#9299=ORIENTED_EDGE('',*,*,#6406,.T.);
#9300=ORIENTED_EDGE('',*,*,#6470,.F.);
#9301=ORIENTED_EDGE('',*,*,#6460,.F.);
#9302=ORIENTED_EDGE('',*,*,#6415,.F.);
#9303=ORIENTED_EDGE('',*,*,#6405,.T.);
#9304=ORIENTED_EDGE('',*,*,#6414,.F.);
#9305=ORIENTED_EDGE('',*,*,#6459,.F.);
#9306=ORIENTED_EDGE('',*,*,#6455,.F.);
#9307=ORIENTED_EDGE('',*,*,#6465,.F.);
#9308=ORIENTED_EDGE('',*,*,#6468,.F.);
#9309=ORIENTED_EDGE('',*,*,#6462,.F.);
#9310=ORIENTED_EDGE('',*,*,#6453,.F.);
#9311=ORIENTED_EDGE('',*,*,#6442,.T.);
#9312=ORIENTED_EDGE('',*,*,#6429,.T.);
#9313=ORIENTED_EDGE('',*,*,#6452,.T.);
#9314=ORIENTED_EDGE('',*,*,#6464,.F.);
#9315=ORIENTED_EDGE('',*,*,#6469,.F.);
#9316=ORIENTED_EDGE('',*,*,#6466,.F.);
#9317=ORIENTED_EDGE('',*,*,#6457,.F.);
#9318=ORIENTED_EDGE('',*,*,#6461,.F.);
#9319=ORIENTED_EDGE('',*,*,#6470,.T.);
#9320=ORIENTED_EDGE('',*,*,#6447,.F.);
#9321=ORIENTED_EDGE('',*,*,#6446,.F.);
#9322=ORIENTED_EDGE('',*,*,#6280,.F.);
#9323=ORIENTED_EDGE('',*,*,#6284,.T.);
#9324=ORIENTED_EDGE('',*,*,#6471,.F.);
#9325=ORIENTED_EDGE('',*,*,#6285,.F.);
#9326=ORIENTED_EDGE('',*,*,#6278,.F.);
#9327=ORIENTED_EDGE('',*,*,#6287,.T.);
#9328=ORIENTED_EDGE('',*,*,#6472,.F.);
#9329=ORIENTED_EDGE('',*,*,#6288,.F.);
#9330=ORIENTED_EDGE('',*,*,#6472,.T.);
#9331=ORIENTED_EDGE('',*,*,#6286,.T.);
#9332=ORIENTED_EDGE('',*,*,#6471,.T.);
#9333=ORIENTED_EDGE('',*,*,#6283,.T.);
#9334=ORIENTED_EDGE('',*,*,#6289,.T.);
#9335=ORIENTED_EDGE('',*,*,#5824,.F.);
#9336=ORIENTED_EDGE('',*,*,#6319,.T.);
#9337=ORIENTED_EDGE('',*,*,#6411,.F.);
#9338=ORIENTED_EDGE('',*,*,#6367,.T.);
#9339=ORIENTED_EDGE('',*,*,#6389,.T.);
#9340=ORIENTED_EDGE('',*,*,#5947,.F.);
#9341=ORIENTED_EDGE('',*,*,#5906,.F.);
#9342=ORIENTED_EDGE('',*,*,#6185,.F.);
#9343=ORIENTED_EDGE('',*,*,#6331,.T.);
#9344=ORIENTED_EDGE('',*,*,#5857,.T.);
#9345=ORIENTED_EDGE('',*,*,#5867,.T.);
#9346=ORIENTED_EDGE('',*,*,#5844,.T.);
#9347=ORIENTED_EDGE('',*,*,#6303,.T.);
#9348=ORIENTED_EDGE('',*,*,#5862,.T.);
#9349=ORIENTED_EDGE('',*,*,#5879,.T.);
#9350=ORIENTED_EDGE('',*,*,#5725,.T.);
#9351=ORIENTED_EDGE('',*,*,#5722,.T.);
#9352=ORIENTED_EDGE('',*,*,#5719,.T.);
#9353=ORIENTED_EDGE('',*,*,#5727,.T.);
#9354=ORIENTED_EDGE('',*,*,#5710,.T.);
#9355=ORIENTED_EDGE('',*,*,#5713,.T.);
#9356=ORIENTED_EDGE('',*,*,#6473,.F.);
#9357=ORIENTED_EDGE('',*,*,#6474,.T.);
#9358=ORIENTED_EDGE('',*,*,#6062,.F.);
#9359=ORIENTED_EDGE('',*,*,#6475,.F.);
#9360=ORIENTED_EDGE('',*,*,#6476,.F.);
#9361=ORIENTED_EDGE('',*,*,#6475,.T.);
#9362=ORIENTED_EDGE('',*,*,#6061,.F.);
#9363=ORIENTED_EDGE('',*,*,#6477,.F.);
#9364=ORIENTED_EDGE('',*,*,#6478,.F.);
#9365=ORIENTED_EDGE('',*,*,#6477,.T.);
#9366=ORIENTED_EDGE('',*,*,#6060,.F.);
#9367=ORIENTED_EDGE('',*,*,#6479,.F.);
#9368=ORIENTED_EDGE('',*,*,#6480,.F.);
#9369=ORIENTED_EDGE('',*,*,#6481,.T.);
#9370=ORIENTED_EDGE('',*,*,#6066,.F.);
#9371=ORIENTED_EDGE('',*,*,#6482,.F.);
#9372=ORIENTED_EDGE('',*,*,#6483,.F.);
#9373=ORIENTED_EDGE('',*,*,#6482,.T.);
#9374=ORIENTED_EDGE('',*,*,#6065,.F.);
#9375=ORIENTED_EDGE('',*,*,#6484,.F.);
#9376=ORIENTED_EDGE('',*,*,#6485,.F.);
#9377=ORIENTED_EDGE('',*,*,#6484,.T.);
#9378=ORIENTED_EDGE('',*,*,#6064,.F.);
#9379=ORIENTED_EDGE('',*,*,#6486,.F.);
#9380=ORIENTED_EDGE('',*,*,#6478,.T.);
#9381=ORIENTED_EDGE('',*,*,#6487,.T.);
#9382=ORIENTED_EDGE('',*,*,#6473,.T.);
#9383=ORIENTED_EDGE('',*,*,#6476,.T.);
#9384=ORIENTED_EDGE('',*,*,#6480,.T.);
#9385=ORIENTED_EDGE('',*,*,#6483,.T.);
#9386=ORIENTED_EDGE('',*,*,#6485,.T.);
#9387=ORIENTED_EDGE('',*,*,#6488,.T.);
#9388=ORIENTED_EDGE('',*,*,#6489,.T.);
#9389=ORIENTED_EDGE('',*,*,#6488,.F.);
#9390=ORIENTED_EDGE('',*,*,#6486,.T.);
#9391=ORIENTED_EDGE('',*,*,#6063,.F.);
#9392=ORIENTED_EDGE('',*,*,#6474,.F.);
#9393=ORIENTED_EDGE('',*,*,#6487,.F.);
#9394=ORIENTED_EDGE('',*,*,#6479,.T.);
#9395=ORIENTED_EDGE('',*,*,#6059,.F.);
#9396=ORIENTED_EDGE('',*,*,#6053,.T.);
#9397=ORIENTED_EDGE('',*,*,#6067,.F.);
#9398=ORIENTED_EDGE('',*,*,#6481,.F.);
#9399=ORIENTED_EDGE('',*,*,#6489,.F.);
#9400=ORIENTED_EDGE('',*,*,#6490,.T.);
#9401=ORIENTED_EDGE('',*,*,#6173,.F.);
#9402=ORIENTED_EDGE('',*,*,#6490,.F.);
#9403=ORIENTED_EDGE('',*,*,#6175,.F.);
#9404=ORIENTED_EDGE('',*,*,#5915,.T.);
#9405=ORIENTED_EDGE('',*,*,#6118,.T.);
#9406=ORIENTED_EDGE('',*,*,#6172,.F.);
#9407=ORIENTED_EDGE('',*,*,#6167,.F.);
#9408=ORIENTED_EDGE('',*,*,#6071,.F.);
#9409=ORIENTED_EDGE('',*,*,#6099,.F.);
#9410=ORIENTED_EDGE('',*,*,#6100,.F.);
#9411=ORIENTED_EDGE('',*,*,#6021,.F.);
#9412=ORIENTED_EDGE('',*,*,#6432,.T.);
#9413=ORIENTED_EDGE('',*,*,#6407,.T.);
#9414=ORIENTED_EDGE('',*,*,#6291,.T.);
#9415=ORIENTED_EDGE('',*,*,#6332,.T.);
#9416=ORIENTED_EDGE('',*,*,#6183,.F.);
#9417=ORIENTED_EDGE('',*,*,#6290,.F.);
#9418=ORIENTED_EDGE('',*,*,#5918,.F.);
#9419=ORIENTED_EDGE('',*,*,#6176,.T.);
#9420=ORIENTED_EDGE('',*,*,#6169,.F.);
#9421=ORIENTED_EDGE('',*,*,#6111,.F.);
#9422=ORIENTED_EDGE('',*,*,#6121,.F.);
#9423=ORIENTED_EDGE('',*,*,#6151,.F.);
#9424=ORIENTED_EDGE('',*,*,#6491,.T.);
#9425=ORIENTED_EDGE('',*,*,#6108,.F.);
#9426=ORIENTED_EDGE('',*,*,#6491,.F.);
#9427=ORIENTED_EDGE('',*,*,#6150,.T.);
#9428=ORIENTED_EDGE('',*,*,#6492,.T.);
#9429=ORIENTED_EDGE('',*,*,#6114,.F.);
#9430=ORIENTED_EDGE('',*,*,#6492,.F.);
#9431=ORIENTED_EDGE('',*,*,#6149,.T.);
#9432=ORIENTED_EDGE('',*,*,#6038,.T.);
#9433=PLANE('',#10372);
#9434=PLANE('',#10373);
#9435=PLANE('',#10374);
#9436=PLANE('',#10375);
#9437=PLANE('',#10376);
#9438=PLANE('',#10378);
#9439=PLANE('',#10379);
#9440=PLANE('',#10381);
#9441=PLANE('',#10383);
#9442=PLANE('',#10384);
#9443=PLANE('',#10385);
#9444=PLANE('',#10386);
#9445=PLANE('',#10387);
#9446=PLANE('',#10388);
#9447=PLANE('',#10389);
#9448=PLANE('',#10391);
#9449=PLANE('',#10392);
#9450=PLANE('',#10393);
#9451=PLANE('',#10394);
#9452=PLANE('',#10395);
#9453=PLANE('',#10396);
#9454=PLANE('',#10397);
#9455=PLANE('',#10398);
#9456=PLANE('',#10399);
#9457=PLANE('',#10400);
#9458=PLANE('',#10401);
#9459=PLANE('',#10403);
#9460=PLANE('',#10404);
#9461=PLANE('',#10405);
#9462=PLANE('',#10406);
#9463=PLANE('',#10407);
#9464=PLANE('',#10408);
#9465=PLANE('',#10409);
#9466=PLANE('',#10410);
#9467=PLANE('',#10411);
#9468=PLANE('',#10412);
#9469=PLANE('',#10413);
#9470=PLANE('',#10414);
#9471=PLANE('',#10415);
#9472=PLANE('',#10416);
#9473=PLANE('',#10417);
#9474=PLANE('',#10418);
#9475=PLANE('',#10419);
#9476=PLANE('',#10420);
#9477=PLANE('',#10421);
#9478=PLANE('',#10422);
#9479=PLANE('',#10423);
#9480=PLANE('',#10424);
#9481=PLANE('',#10425);
#9482=PLANE('',#10426);
#9483=PLANE('',#10427);
#9484=PLANE('',#10428);
#9485=PLANE('',#10429);
#9486=PLANE('',#10430);
#9487=PLANE('',#10431);
#9488=PLANE('',#10432);
#9489=PLANE('',#10433);
#9490=PLANE('',#10434);
#9491=PLANE('',#10435);
#9492=PLANE('',#10436);
#9493=PLANE('',#10437);
#9494=PLANE('',#10438);
#9495=PLANE('',#10439);
#9496=PLANE('',#10440);
#9497=PLANE('',#10441);
#9498=PLANE('',#10442);
#9499=PLANE('',#10443);
#9500=PLANE('',#10444);
#9501=PLANE('',#10445);
#9502=PLANE('',#10446);
#9503=PLANE('',#10447);
#9504=PLANE('',#10448);
#9505=PLANE('',#10449);
#9506=PLANE('',#10450);
#9507=PLANE('',#10451);
#9508=PLANE('',#10452);
#9509=PLANE('',#10453);
#9510=PLANE('',#10454);
#9511=PLANE('',#10455);
#9512=PLANE('',#10456);
#9513=PLANE('',#10457);
#9514=PLANE('',#10458);
#9515=PLANE('',#10459);
#9516=PLANE('',#10460);
#9517=PLANE('',#10461);
#9518=PLANE('',#10462);
#9519=PLANE('',#10463);
#9520=PLANE('',#10464);
#9521=PLANE('',#10465);
#9522=PLANE('',#10466);
#9523=PLANE('',#10467);
#9524=PLANE('',#10468);
#9525=PLANE('',#10469);
#9526=PLANE('',#10470);
#9527=PLANE('',#10471);
#9528=PLANE('',#10472);
#9529=PLANE('',#10473);
#9530=PLANE('',#10474);
#9531=PLANE('',#10475);
#9532=PLANE('',#10476);
#9533=PLANE('',#10477);
#9534=PLANE('',#10478);
#9535=PLANE('',#10479);
#9536=PLANE('',#10480);
#9537=PLANE('',#10481);
#9538=PLANE('',#10482);
#9539=PLANE('',#10483);
#9540=PLANE('',#10484);
#9541=PLANE('',#10485);
#9542=PLANE('',#10486);
#9543=PLANE('',#10487);
#9544=PLANE('',#10488);
#9545=PLANE('',#10489);
#9546=PLANE('',#10490);
#9547=PLANE('',#10491);
#9548=PLANE('',#10492);
#9549=PLANE('',#10493);
#9550=PLANE('',#10494);
#9551=PLANE('',#10495);
#9552=PLANE('',#10496);
#9553=PLANE('',#10497);
#9554=PLANE('',#10498);
#9555=PLANE('',#10499);
#9556=PLANE('',#10500);
#9557=PLANE('',#10501);
#9558=PLANE('',#10502);
#9559=PLANE('',#10503);
#9560=PLANE('',#10504);
#9561=PLANE('',#10505);
#9562=PLANE('',#10506);
#9563=PLANE('',#10507);
#9564=PLANE('',#10508);
#9565=PLANE('',#10509);
#9566=PLANE('',#10510);
#9567=PLANE('',#10511);
#9568=PLANE('',#10512);
#9569=PLANE('',#10513);
#9570=PLANE('',#10514);
#9571=PLANE('',#10515);
#9572=PLANE('',#10516);
#9573=PLANE('',#10517);
#9574=PLANE('',#10518);
#9575=PLANE('',#10519);
#9576=PLANE('',#10520);
#9577=PLANE('',#10521);
#9578=PLANE('',#10522);
#9579=PLANE('',#10523);
#9580=PLANE('',#10524);
#9581=PLANE('',#10525);
#9582=PLANE('',#10526);
#9583=PLANE('',#10527);
#9584=PLANE('',#10528);
#9585=PLANE('',#10529);
#9586=PLANE('',#10530);
#9587=PLANE('',#10531);
#9588=PLANE('',#10532);
#9589=PLANE('',#10533);
#9590=PLANE('',#10534);
#9591=PLANE('',#10535);
#9592=PLANE('',#10536);
#9593=PLANE('',#10537);
#9594=PLANE('',#10538);
#9595=PLANE('',#10539);
#9596=PLANE('',#10540);
#9597=PLANE('',#10541);
#9598=PLANE('',#10542);
#9599=PLANE('',#10543);
#9600=PLANE('',#10544);
#9601=PLANE('',#10545);
#9602=PLANE('',#10546);
#9603=PLANE('',#10547);
#9604=PLANE('',#10548);
#9605=PLANE('',#10549);
#9606=PLANE('',#10550);
#9607=PLANE('',#10551);
#9608=PLANE('',#10552);
#9609=PLANE('',#10553);
#9610=PLANE('',#10554);
#9611=PLANE('',#10555);
#9612=PLANE('',#10556);
#9613=PLANE('',#10557);
#9614=PLANE('',#10558);
#9615=PLANE('',#10559);
#9616=PLANE('',#10560);
#9617=PLANE('',#10561);
#9618=PLANE('',#10562);
#9619=PLANE('',#10563);
#9620=PLANE('',#10564);
#9621=PLANE('',#10565);
#9622=PLANE('',#10566);
#9623=PLANE('',#10567);
#9624=PLANE('',#10568);
#9625=PLANE('',#10569);
#9626=PLANE('',#10570);
#9627=PLANE('',#10571);
#9628=PLANE('',#10572);
#9629=PLANE('',#10573);
#9630=PLANE('',#10574);
#9631=PLANE('',#10575);
#9632=PLANE('',#10576);
#9633=PLANE('',#10577);
#9634=PLANE('',#10578);
#9635=PLANE('',#10579);
#9636=PLANE('',#10580);
#9637=PLANE('',#10581);
#9638=PLANE('',#10582);
#9639=PLANE('',#10583);
#9640=PLANE('',#10584);
#9641=PLANE('',#10585);
#9642=PLANE('',#10586);
#9643=PLANE('',#10587);
#9644=PLANE('',#10588);
#9645=PLANE('',#10589);
#9646=PLANE('',#10590);
#9647=PLANE('',#10591);
#9648=PLANE('',#10592);
#9649=PLANE('',#10593);
#9650=PLANE('',#10594);
#9651=PLANE('',#10595);
#9652=PLANE('',#10596);
#9653=PLANE('',#10597);
#9654=PLANE('',#10598);
#9655=PLANE('',#10599);
#9656=PLANE('',#10600);
#9657=PLANE('',#10601);
#9658=PLANE('',#10602);
#9659=PLANE('',#10603);
#9660=PLANE('',#10604);
#9661=PLANE('',#10608);
#9662=PLANE('',#10612);
#9663=PLANE('',#10613);
#9664=PLANE('',#10617);
#9665=PLANE('',#10621);
#9666=PLANE('',#10624);
#9667=PLANE('',#10627);
#9668=PLANE('',#10630);
#9669=PLANE('',#10631);
#9670=PLANE('',#10633);
#9671=PLANE('',#10634);
#9672=PLANE('',#10636);
#9673=PLANE('',#10637);
#9674=PLANE('',#10638);
#9675=PLANE('',#10639);
#9676=PLANE('',#10640);
#9677=PLANE('',#10641);
#9678=PLANE('',#10642);
#9679=PLANE('',#10643);
#9680=PLANE('',#10644);
#9681=PLANE('',#10645);
#9682=PLANE('',#10646);
#9683=PLANE('',#10647);
#9684=PLANE('',#10650);
#9685=PLANE('',#10651);
#9686=PLANE('',#10655);
#9687=PLANE('',#10657);
#9688=PLANE('',#10659);
#9689=PLANE('',#10660);
#9690=PLANE('',#10665);
#9691=PLANE('',#10667);
#9692=PLANE('',#10668);
#9693=PLANE('',#10669);
#9694=PLANE('',#10670);
#9695=PLANE('',#10671);
#9696=PLANE('',#10672);
#9697=PLANE('',#10673);
#9698=PLANE('',#10674);
#9699=PLANE('',#10675);
#9700=PLANE('',#10677);
#9701=PLANE('',#10679);
#9702=PLANE('',#10681);
#9703=PLANE('',#10683);
#9704=PLANE('',#10684);
#9705=PLANE('',#10685);
#9706=PLANE('',#10686);
#9707=PLANE('',#10687);
#9708=PLANE('',#10688);
#9709=PLANE('',#10689);
#9710=PLANE('',#10691);
#9711=PLANE('',#10694);
#9712=PLANE('',#10711);
#9713=PLANE('',#10713);
#9714=PLANE('',#10718);
#9715=PLANE('',#10720);
#9716=PLANE('',#10725);
#9717=PLANE('',#10755);
#9718=PLANE('',#10756);
#9719=PLANE('',#10764);
#9720=PLANE('',#10766);
#9721=PLANE('',#10773);
#9722=PLANE('',#10776);
#9723=PLANE('',#10781);
#9724=PLANE('',#10805);
#9725=PLANE('',#10806);
#9726=PLANE('',#10809);
#9727=PLANE('',#10823);
#9728=PLANE('',#10825);
#9729=PLANE('',#10827);
#9730=PLANE('',#10838);
#9731=PLANE('',#10839);
#9732=PLANE('',#10851);
#9733=PLANE('',#10854);
#9734=PLANE('',#10856);
#9735=PLANE('',#10859);
#9736=PLANE('',#10861);
#9737=PLANE('',#10864);
#9738=PLANE('',#10867);
#9739=PLANE('',#10871);
#9740=PLANE('',#10877);
#9741=PLANE('',#10879);
#9742=PLANE('',#10881);
#9743=PLANE('',#10882);
#9744=PLANE('',#10883);
#9745=PLANE('',#10884);
#9746=PLANE('',#10885);
#9747=PLANE('',#10886);
#9748=PLANE('',#10889);
#9749=PLANE('',#10892);
#9750=PLANE('',#10895);
#9751=PLANE('',#10898);
#9752=PLANE('',#10899);
#9753=PLANE('',#10900);
#9754=PLANE('',#10904);
#9755=PLANE('',#10908);
#9756=PLANE('',#10909);
#9757=PLANE('',#10912);
#9758=PLANE('',#10913);
#9759=PLANE('',#10917);
#9760=PLANE('',#10921);
#9761=PLANE('',#10923);
#9762=PLANE('',#10926);
#9763=PLANE('',#10930);
#9764=PLANE('',#10934);
#9765=PLANE('',#10935);
#9766=PLANE('',#10938);
#9767=PLANE('',#10939);
#9768=PLANE('',#10940);
#9769=PLANE('',#10944);
#9770=PLANE('',#10946);
#9771=PLANE('',#10948);
#9772=PLANE('',#10950);
#9773=PLANE('',#10956);
#9774=PLANE('',#10957);
#9775=PLANE('',#10958);
#9776=PLANE('',#10960);
#9777=PLANE('',#10962);
#9778=PLANE('',#10964);
#9779=PLANE('',#10965);
#9780=PLANE('',#10966);
#9781=PLANE('',#10967);
#9782=PLANE('',#10968);
#9783=PLANE('',#10969);
#9784=PLANE('',#10970);
#9785=PLANE('',#10971);
#9786=PLANE('',#10972);
#9787=PLANE('',#10973);
#9788=PLANE('',#10983);
#9789=PLANE('',#10984);
#9790=PLANE('',#10985);
#9791=PLANE('',#10986);
#9792=PLANE('',#10987);
#9793=PLANE('',#10992);
#9794=PLANE('',#10993);
#9795=PLANE('',#10994);
#9796=PLANE('',#10995);
#9797=PLANE('',#10996);
#9798=PLANE('',#11003);
#9799=PLANE('',#11004);
#9800=PLANE('',#11012);
#9801=PLANE('',#11013);
#9802=PLANE('',#11014);
#9803=PLANE('',#11020);
#9804=PLANE('',#11023);
#9805=PLANE('',#11024);
#9806=PLANE('',#11025);
#9807=PLANE('',#11029);
#9808=PLANE('',#11032);
#9809=PLANE('',#11034);
#9810=PLANE('',#11036);
#9811=PLANE('',#11037);
#9812=PLANE('',#11038);
#9813=PLANE('',#11039);
#9814=PLANE('',#11051);
#9815=PLANE('',#11052);
#9816=PLANE('',#11055);
#9817=PLANE('',#11056);
#9818=PLANE('',#11057);
#9819=PLANE('',#11061);
#9820=PLANE('',#11062);
#9821=PLANE('',#11063);
#9822=PLANE('',#11065);
#9823=PLANE('',#11068);
#9824=PLANE('',#11071);
#9825=PLANE('',#11073);
#9826=PLANE('',#11075);
#9827=PLANE('',#11076);
#9828=PLANE('',#11077);
#9829=PLANE('',#11078);
#9830=PLANE('',#11079);
#9831=PLANE('',#11080);
#9832=PLANE('',#11081);
#9833=PLANE('',#11082);
#9834=PLANE('',#11083);
#9835=PLANE('',#11084);
#9836=PLANE('',#11085);
#9837=PLANE('',#11087);
#9838=PLANE('',#11091);
#9839=PLANE('',#11092);
#9840=PLANE('',#11094);
#9841=ADVANCED_FACE('',(#484),#9433,.T.);
#9842=ADVANCED_FACE('',(#485),#9434,.T.);
#9843=ADVANCED_FACE('',(#486),#9435,.T.);
#9844=ADVANCED_FACE('',(#487),#9436,.T.);
#9845=ADVANCED_FACE('',(#488),#9437,.T.);
#9846=ADVANCED_FACE('',(#489),#9438,.T.);
#9847=ADVANCED_FACE('',(#490),#9439,.T.);
#9848=ADVANCED_FACE('',(#491),#9440,.T.);
#9849=ADVANCED_FACE('',(#492),#9441,.T.);
#9850=ADVANCED_FACE('',(#493),#9442,.T.);
#9851=ADVANCED_FACE('',(#494),#9443,.T.);
#9852=ADVANCED_FACE('',(#495),#9444,.T.);
#9853=ADVANCED_FACE('',(#496),#9445,.T.);
#9854=ADVANCED_FACE('',(#497),#9446,.T.);
#9855=ADVANCED_FACE('',(#498),#9447,.T.);
#9856=ADVANCED_FACE('',(#499),#9448,.T.);
#9857=ADVANCED_FACE('',(#500),#9449,.T.);
#9858=ADVANCED_FACE('',(#501),#9450,.F.);
#9859=ADVANCED_FACE('',(#502),#9451,.F.);
#9860=ADVANCED_FACE('',(#503),#9452,.T.);
#9861=ADVANCED_FACE('',(#504),#9453,.T.);
#9862=ADVANCED_FACE('',(#505),#9454,.T.);
#9863=ADVANCED_FACE('',(#506),#9455,.F.);
#9864=ADVANCED_FACE('',(#507),#9456,.F.);
#9865=ADVANCED_FACE('',(#508),#9457,.F.);
#9866=ADVANCED_FACE('',(#509),#9458,.T.);
#9867=ADVANCED_FACE('',(#510),#199,.T.);
#9868=ADVANCED_FACE('',(#511,#83,#84,#85,#86,#87,#88,#89,#90,#91,#92,#93,
#94,#95,#96,#97,#98,#99,#100,#101,#102,#103,#104,#105,#106,#107,#108,#109,
#110,#111,#112,#113,#114,#115,#116,#117,#118,#119,#120,#121,#122),#9459,
 .F.);
#9869=ADVANCED_FACE('',(#512),#9460,.T.);
#9870=ADVANCED_FACE('',(#513),#9461,.T.);
#9871=ADVANCED_FACE('',(#514),#9462,.T.);
#9872=ADVANCED_FACE('',(#515),#9463,.T.);
#9873=ADVANCED_FACE('',(#516),#9464,.T.);
#9874=ADVANCED_FACE('',(#517),#9465,.T.);
#9875=ADVANCED_FACE('',(#518),#9466,.T.);
#9876=ADVANCED_FACE('',(#519),#9467,.T.);
#9877=ADVANCED_FACE('',(#520),#9468,.T.);
#9878=ADVANCED_FACE('',(#521),#9469,.T.);
#9879=ADVANCED_FACE('',(#522),#9470,.T.);
#9880=ADVANCED_FACE('',(#523),#9471,.T.);
#9881=ADVANCED_FACE('',(#524),#9472,.T.);
#9882=ADVANCED_FACE('',(#525),#9473,.T.);
#9883=ADVANCED_FACE('',(#526),#9474,.T.);
#9884=ADVANCED_FACE('',(#527),#9475,.T.);
#9885=ADVANCED_FACE('',(#528),#9476,.T.);
#9886=ADVANCED_FACE('',(#529),#9477,.T.);
#9887=ADVANCED_FACE('',(#530),#9478,.T.);
#9888=ADVANCED_FACE('',(#531),#9479,.T.);
#9889=ADVANCED_FACE('',(#532),#9480,.T.);
#9890=ADVANCED_FACE('',(#533),#9481,.T.);
#9891=ADVANCED_FACE('',(#534),#9482,.T.);
#9892=ADVANCED_FACE('',(#535),#9483,.T.);
#9893=ADVANCED_FACE('',(#536),#9484,.T.);
#9894=ADVANCED_FACE('',(#537),#9485,.T.);
#9895=ADVANCED_FACE('',(#538),#9486,.T.);
#9896=ADVANCED_FACE('',(#539),#9487,.T.);
#9897=ADVANCED_FACE('',(#540),#9488,.T.);
#9898=ADVANCED_FACE('',(#541),#9489,.T.);
#9899=ADVANCED_FACE('',(#542),#9490,.T.);
#9900=ADVANCED_FACE('',(#543),#9491,.T.);
#9901=ADVANCED_FACE('',(#544),#9492,.T.);
#9902=ADVANCED_FACE('',(#545),#9493,.T.);
#9903=ADVANCED_FACE('',(#546),#9494,.T.);
#9904=ADVANCED_FACE('',(#547),#9495,.T.);
#9905=ADVANCED_FACE('',(#548),#9496,.T.);
#9906=ADVANCED_FACE('',(#549),#9497,.T.);
#9907=ADVANCED_FACE('',(#550),#9498,.T.);
#9908=ADVANCED_FACE('',(#551),#9499,.T.);
#9909=ADVANCED_FACE('',(#552),#9500,.T.);
#9910=ADVANCED_FACE('',(#553),#9501,.T.);
#9911=ADVANCED_FACE('',(#554),#9502,.T.);
#9912=ADVANCED_FACE('',(#555),#9503,.T.);
#9913=ADVANCED_FACE('',(#556),#9504,.T.);
#9914=ADVANCED_FACE('',(#557),#9505,.T.);
#9915=ADVANCED_FACE('',(#558),#9506,.T.);
#9916=ADVANCED_FACE('',(#559),#9507,.T.);
#9917=ADVANCED_FACE('',(#560),#9508,.T.);
#9918=ADVANCED_FACE('',(#561),#9509,.T.);
#9919=ADVANCED_FACE('',(#562),#9510,.T.);
#9920=ADVANCED_FACE('',(#563),#9511,.T.);
#9921=ADVANCED_FACE('',(#564),#9512,.T.);
#9922=ADVANCED_FACE('',(#565),#9513,.T.);
#9923=ADVANCED_FACE('',(#566),#9514,.T.);
#9924=ADVANCED_FACE('',(#567),#9515,.T.);
#9925=ADVANCED_FACE('',(#568),#9516,.T.);
#9926=ADVANCED_FACE('',(#569),#9517,.T.);
#9927=ADVANCED_FACE('',(#570),#9518,.T.);
#9928=ADVANCED_FACE('',(#571),#9519,.T.);
#9929=ADVANCED_FACE('',(#572),#9520,.T.);
#9930=ADVANCED_FACE('',(#573),#9521,.T.);
#9931=ADVANCED_FACE('',(#574),#9522,.T.);
#9932=ADVANCED_FACE('',(#575),#9523,.T.);
#9933=ADVANCED_FACE('',(#576),#9524,.T.);
#9934=ADVANCED_FACE('',(#577),#9525,.T.);
#9935=ADVANCED_FACE('',(#578),#9526,.T.);
#9936=ADVANCED_FACE('',(#579),#9527,.T.);
#9937=ADVANCED_FACE('',(#580),#9528,.T.);
#9938=ADVANCED_FACE('',(#581),#9529,.T.);
#9939=ADVANCED_FACE('',(#582),#9530,.T.);
#9940=ADVANCED_FACE('',(#583),#9531,.T.);
#9941=ADVANCED_FACE('',(#584),#9532,.T.);
#9942=ADVANCED_FACE('',(#585),#9533,.T.);
#9943=ADVANCED_FACE('',(#586),#9534,.T.);
#9944=ADVANCED_FACE('',(#587),#9535,.T.);
#9945=ADVANCED_FACE('',(#588),#9536,.T.);
#9946=ADVANCED_FACE('',(#589),#9537,.T.);
#9947=ADVANCED_FACE('',(#590),#9538,.T.);
#9948=ADVANCED_FACE('',(#591),#9539,.T.);
#9949=ADVANCED_FACE('',(#592),#9540,.T.);
#9950=ADVANCED_FACE('',(#593),#9541,.T.);
#9951=ADVANCED_FACE('',(#594),#9542,.T.);
#9952=ADVANCED_FACE('',(#595),#9543,.T.);
#9953=ADVANCED_FACE('',(#596),#9544,.T.);
#9954=ADVANCED_FACE('',(#597),#9545,.T.);
#9955=ADVANCED_FACE('',(#598),#9546,.T.);
#9956=ADVANCED_FACE('',(#599),#9547,.T.);
#9957=ADVANCED_FACE('',(#600),#9548,.T.);
#9958=ADVANCED_FACE('',(#601),#9549,.T.);
#9959=ADVANCED_FACE('',(#602),#9550,.T.);
#9960=ADVANCED_FACE('',(#603),#9551,.T.);
#9961=ADVANCED_FACE('',(#604),#9552,.T.);
#9962=ADVANCED_FACE('',(#605),#9553,.T.);
#9963=ADVANCED_FACE('',(#606),#9554,.T.);
#9964=ADVANCED_FACE('',(#607),#9555,.T.);
#9965=ADVANCED_FACE('',(#608),#9556,.T.);
#9966=ADVANCED_FACE('',(#609),#9557,.T.);
#9967=ADVANCED_FACE('',(#610),#9558,.T.);
#9968=ADVANCED_FACE('',(#611),#9559,.T.);
#9969=ADVANCED_FACE('',(#612),#9560,.T.);
#9970=ADVANCED_FACE('',(#613),#9561,.T.);
#9971=ADVANCED_FACE('',(#614),#9562,.T.);
#9972=ADVANCED_FACE('',(#615),#9563,.T.);
#9973=ADVANCED_FACE('',(#616),#9564,.T.);
#9974=ADVANCED_FACE('',(#617),#9565,.T.);
#9975=ADVANCED_FACE('',(#618),#9566,.T.);
#9976=ADVANCED_FACE('',(#619),#9567,.T.);
#9977=ADVANCED_FACE('',(#620),#9568,.T.);
#9978=ADVANCED_FACE('',(#621),#9569,.T.);
#9979=ADVANCED_FACE('',(#622),#9570,.T.);
#9980=ADVANCED_FACE('',(#623),#9571,.T.);
#9981=ADVANCED_FACE('',(#624),#9572,.T.);
#9982=ADVANCED_FACE('',(#625),#9573,.T.);
#9983=ADVANCED_FACE('',(#626),#9574,.T.);
#9984=ADVANCED_FACE('',(#627),#9575,.T.);
#9985=ADVANCED_FACE('',(#628),#9576,.T.);
#9986=ADVANCED_FACE('',(#629),#9577,.T.);
#9987=ADVANCED_FACE('',(#630),#9578,.T.);
#9988=ADVANCED_FACE('',(#631),#9579,.T.);
#9989=ADVANCED_FACE('',(#632),#9580,.T.);
#9990=ADVANCED_FACE('',(#633),#9581,.T.);
#9991=ADVANCED_FACE('',(#634),#9582,.T.);
#9992=ADVANCED_FACE('',(#635),#9583,.T.);
#9993=ADVANCED_FACE('',(#636),#9584,.T.);
#9994=ADVANCED_FACE('',(#637),#9585,.T.);
#9995=ADVANCED_FACE('',(#638),#9586,.T.);
#9996=ADVANCED_FACE('',(#639),#9587,.T.);
#9997=ADVANCED_FACE('',(#640),#9588,.T.);
#9998=ADVANCED_FACE('',(#641),#9589,.T.);
#9999=ADVANCED_FACE('',(#642),#9590,.T.);
#10000=ADVANCED_FACE('',(#643),#9591,.T.);
#10001=ADVANCED_FACE('',(#644),#9592,.T.);
#10002=ADVANCED_FACE('',(#645),#9593,.T.);
#10003=ADVANCED_FACE('',(#646),#9594,.T.);
#10004=ADVANCED_FACE('',(#647),#9595,.T.);
#10005=ADVANCED_FACE('',(#648),#9596,.T.);
#10006=ADVANCED_FACE('',(#649),#9597,.T.);
#10007=ADVANCED_FACE('',(#650),#9598,.T.);
#10008=ADVANCED_FACE('',(#651),#9599,.T.);
#10009=ADVANCED_FACE('',(#652),#9600,.T.);
#10010=ADVANCED_FACE('',(#653),#9601,.T.);
#10011=ADVANCED_FACE('',(#654),#9602,.T.);
#10012=ADVANCED_FACE('',(#655),#9603,.T.);
#10013=ADVANCED_FACE('',(#656),#9604,.T.);
#10014=ADVANCED_FACE('',(#657),#9605,.T.);
#10015=ADVANCED_FACE('',(#658),#9606,.T.);
#10016=ADVANCED_FACE('',(#659),#9607,.T.);
#10017=ADVANCED_FACE('',(#660),#9608,.T.);
#10018=ADVANCED_FACE('',(#661),#9609,.T.);
#10019=ADVANCED_FACE('',(#662),#9610,.T.);
#10020=ADVANCED_FACE('',(#663),#9611,.T.);
#10021=ADVANCED_FACE('',(#664),#9612,.T.);
#10022=ADVANCED_FACE('',(#665),#9613,.T.);
#10023=ADVANCED_FACE('',(#666),#9614,.T.);
#10024=ADVANCED_FACE('',(#667),#9615,.T.);
#10025=ADVANCED_FACE('',(#668),#9616,.T.);
#10026=ADVANCED_FACE('',(#669),#9617,.T.);
#10027=ADVANCED_FACE('',(#670),#9618,.T.);
#10028=ADVANCED_FACE('',(#671),#9619,.T.);
#10029=ADVANCED_FACE('',(#672),#9620,.T.);
#10030=ADVANCED_FACE('',(#673),#9621,.T.);
#10031=ADVANCED_FACE('',(#674),#9622,.T.);
#10032=ADVANCED_FACE('',(#675),#9623,.T.);
#10033=ADVANCED_FACE('',(#676),#9624,.T.);
#10034=ADVANCED_FACE('',(#677),#9625,.T.);
#10035=ADVANCED_FACE('',(#678),#9626,.T.);
#10036=ADVANCED_FACE('',(#679),#9627,.T.);
#10037=ADVANCED_FACE('',(#680),#9628,.T.);
#10038=ADVANCED_FACE('',(#681),#9629,.T.);
#10039=ADVANCED_FACE('',(#682),#9630,.T.);
#10040=ADVANCED_FACE('',(#683),#9631,.T.);
#10041=ADVANCED_FACE('',(#684),#9632,.T.);
#10042=ADVANCED_FACE('',(#685),#9633,.T.);
#10043=ADVANCED_FACE('',(#686),#9634,.T.);
#10044=ADVANCED_FACE('',(#687),#9635,.T.);
#10045=ADVANCED_FACE('',(#688),#9636,.T.);
#10046=ADVANCED_FACE('',(#689),#9637,.T.);
#10047=ADVANCED_FACE('',(#690),#9638,.T.);
#10048=ADVANCED_FACE('',(#691),#9639,.T.);
#10049=ADVANCED_FACE('',(#692),#9640,.T.);
#10050=ADVANCED_FACE('',(#693),#9641,.T.);
#10051=ADVANCED_FACE('',(#694),#9642,.T.);
#10052=ADVANCED_FACE('',(#695),#9643,.T.);
#10053=ADVANCED_FACE('',(#696),#9644,.T.);
#10054=ADVANCED_FACE('',(#697),#9645,.T.);
#10055=ADVANCED_FACE('',(#698),#9646,.T.);
#10056=ADVANCED_FACE('',(#699),#9647,.T.);
#10057=ADVANCED_FACE('',(#700),#9648,.T.);
#10058=ADVANCED_FACE('',(#701),#9649,.T.);
#10059=ADVANCED_FACE('',(#702),#9650,.T.);
#10060=ADVANCED_FACE('',(#703),#9651,.T.);
#10061=ADVANCED_FACE('',(#704),#9652,.T.);
#10062=ADVANCED_FACE('',(#705,#123,#124,#125,#126,#127,#128,#129,#130,#131,
#132,#133,#134,#135,#136,#137,#138,#139,#140,#141,#142,#143,#144,#145,#146,
#147,#148,#149,#150,#151,#152,#153,#154,#155,#156,#157,#158,#159,#160,#161,
#162,#163,#164,#165,#166,#167,#168,#169),#9653,.T.);
#10063=ADVANCED_FACE('',(#706),#9654,.T.);
#10064=ADVANCED_FACE('',(#707),#9655,.T.);
#10065=ADVANCED_FACE('',(#708),#9656,.T.);
#10066=ADVANCED_FACE('',(#709),#9657,.T.);
#10067=ADVANCED_FACE('',(#710),#9658,.T.);
#10068=ADVANCED_FACE('',(#711),#9659,.T.);
#10069=ADVANCED_FACE('',(#712),#9660,.T.);
#10070=ADVANCED_FACE('',(#713),#200,.F.);
#10071=ADVANCED_FACE('',(#714),#9661,.F.);
#10072=ADVANCED_FACE('',(#715),#201,.F.);
#10073=ADVANCED_FACE('',(#716),#9662,.F.);
#10074=ADVANCED_FACE('',(#717),#9663,.F.);
#10075=ADVANCED_FACE('',(#718),#202,.F.);
#10076=ADVANCED_FACE('',(#719),#9664,.F.);
#10077=ADVANCED_FACE('',(#720),#203,.F.);
#10078=ADVANCED_FACE('',(#721),#9665,.T.);
#10079=ADVANCED_FACE('',(#722),#9666,.T.);
#10080=ADVANCED_FACE('',(#723),#204,.F.);
#10081=ADVANCED_FACE('',(#724),#9667,.T.);
#10082=ADVANCED_FACE('',(#725),#205,.F.);
#10083=ADVANCED_FACE('',(#726),#9668,.T.);
#10084=ADVANCED_FACE('',(#727),#9669,.F.);
#10085=ADVANCED_FACE('',(#728),#9670,.F.);
#10086=ADVANCED_FACE('',(#729),#9671,.F.);
#10087=ADVANCED_FACE('',(#730),#9672,.F.);
#10088=ADVANCED_FACE('',(#731),#9673,.F.);
#10089=ADVANCED_FACE('',(#732),#9674,.F.);
#10090=ADVANCED_FACE('',(#733),#9675,.F.);
#10091=ADVANCED_FACE('',(#734),#9676,.F.);
#10092=ADVANCED_FACE('',(#735),#9677,.F.);
#10093=ADVANCED_FACE('',(#736),#9678,.F.);
#10094=ADVANCED_FACE('',(#737),#9679,.F.);
#10095=ADVANCED_FACE('',(#738),#9680,.F.);
#10096=ADVANCED_FACE('',(#739),#9681,.F.);
#10097=ADVANCED_FACE('',(#740),#9682,.F.);
#10098=ADVANCED_FACE('',(#741),#9683,.F.);
#10099=ADVANCED_FACE('',(#742),#9684,.F.);
#10100=ADVANCED_FACE('',(#743),#9685,.T.);
#10101=ADVANCED_FACE('',(#744),#206,.T.);
#10102=ADVANCED_FACE('',(#745),#9686,.F.);
#10103=ADVANCED_FACE('',(#746),#9687,.F.);
#10104=ADVANCED_FACE('',(#747),#9688,.F.);
#10105=ADVANCED_FACE('',(#748),#9689,.T.);
#10106=ADVANCED_FACE('',(#749),#9690,.F.);
#10107=ADVANCED_FACE('',(#750),#9691,.F.);
#10108=ADVANCED_FACE('',(#751),#9692,.T.);
#10109=ADVANCED_FACE('',(#752),#9693,.F.);
#10110=ADVANCED_FACE('',(#753),#9694,.T.);
#10111=ADVANCED_FACE('',(#754),#9695,.F.);
#10112=ADVANCED_FACE('',(#755),#9696,.T.);
#10113=ADVANCED_FACE('',(#756),#9697,.F.);
#10114=ADVANCED_FACE('',(#757),#9698,.T.);
#10115=ADVANCED_FACE('',(#758),#9699,.T.);
#10116=ADVANCED_FACE('',(#759),#9700,.T.);
#10117=ADVANCED_FACE('',(#760),#9701,.T.);
#10118=ADVANCED_FACE('',(#761),#9702,.T.);
#10119=ADVANCED_FACE('',(#762),#9703,.F.);
#10120=ADVANCED_FACE('',(#763),#9704,.F.);
#10121=ADVANCED_FACE('',(#764),#9705,.F.);
#10122=ADVANCED_FACE('',(#765),#9706,.F.);
#10123=ADVANCED_FACE('',(#766),#9707,.T.);
#10124=ADVANCED_FACE('',(#767),#9708,.F.);
#10125=ADVANCED_FACE('',(#768),#9709,.F.);
#10126=ADVANCED_FACE('',(#769,#170),#9710,.T.);
#10127=ADVANCED_FACE('',(#770,#171,#172,#173),#9711,.T.);
#10128=ADVANCED_FACE('',(#771),#207,.T.);
#10129=ADVANCED_FACE('',(#772),#208,.T.);
#10130=ADVANCED_FACE('',(#773),#9712,.F.);
#10131=ADVANCED_FACE('',(#774),#209,.T.);
#10132=ADVANCED_FACE('',(#775),#9713,.F.);
#10133=ADVANCED_FACE('',(#776),#210,.F.);
#10134=ADVANCED_FACE('',(#777),#9714,.T.);
#10135=ADVANCED_FACE('',(#778),#9715,.T.);
#10136=ADVANCED_FACE('',(#779),#211,.F.);
#10137=ADVANCED_FACE('',(#780),#9716,.T.);
#10138=ADVANCED_FACE('',(#781),#33,.T.);
#10139=ADVANCED_FACE('',(#782),#28,.T.);
#10140=ADVANCED_FACE('',(#783),#212,.F.);
#10141=ADVANCED_FACE('',(#784),#21,.F.);
#10142=ADVANCED_FACE('',(#785),#22,.F.);
#10143=ADVANCED_FACE('',(#786),#213,.F.);
#10144=ADVANCED_FACE('',(#787),#214,.F.);
#10145=ADVANCED_FACE('',(#788),#29,.T.);
#10146=ADVANCED_FACE('',(#789),#34,.T.);
#10147=ADVANCED_FACE('',(#790),#23,.F.);
#10148=ADVANCED_FACE('',(#791),#24,.F.);
#10149=ADVANCED_FACE('',(#792),#215,.T.);
#10150=ADVANCED_FACE('',(#793),#9717,.T.);
#10151=ADVANCED_FACE('',(#794),#9718,.F.);
#10152=ADVANCED_FACE('',(#795),#216,.T.);
#10153=ADVANCED_FACE('',(#796),#9719,.T.);
#10154=ADVANCED_FACE('',(#797),#217,.F.);
#10155=ADVANCED_FACE('',(#798),#9720,.T.);
#10156=ADVANCED_FACE('',(#799),#218,.F.);
#10157=ADVANCED_FACE('',(#800),#9721,.T.);
#10158=ADVANCED_FACE('',(#801),#9722,.T.);
#10159=ADVANCED_FACE('',(#802),#219,.F.);
#10160=ADVANCED_FACE('',(#803),#9723,.T.);
#10161=ADVANCED_FACE('',(#804),#220,.F.);
#10162=ADVANCED_FACE('',(#805),#30,.T.);
#10163=ADVANCED_FACE('',(#806),#35,.T.);
#10164=ADVANCED_FACE('',(#807),#221,.F.);
#10165=ADVANCED_FACE('',(#808),#25,.F.);
#10166=ADVANCED_FACE('',(#809),#36,.T.);
#10167=ADVANCED_FACE('',(#810),#31,.T.);
#10168=ADVANCED_FACE('',(#811),#222,.F.);
#10169=ADVANCED_FACE('',(#812),#26,.F.);
#10170=ADVANCED_FACE('',(#813),#9724,.T.);
#10171=ADVANCED_FACE('',(#814),#9725,.T.);
#10172=ADVANCED_FACE('',(#815),#223,.F.);
#10173=ADVANCED_FACE('',(#816),#9726,.F.);
#10174=ADVANCED_FACE('',(#817),#224,.T.);
#10175=ADVANCED_FACE('',(#818),#225,.T.);
#10176=ADVANCED_FACE('',(#819),#15,.T.);
#10177=ADVANCED_FACE('',(#820),#226,.T.);
#10178=ADVANCED_FACE('',(#821),#16,.T.);
#10179=ADVANCED_FACE('',(#822),#9727,.T.);
#10180=ADVANCED_FACE('',(#823),#9728,.T.);
#10181=ADVANCED_FACE('',(#824),#9729,.T.);
#10182=ADVANCED_FACE('',(#825),#227,.T.);
#10183=ADVANCED_FACE('',(#826),#228,.T.);
#10184=ADVANCED_FACE('',(#827),#17,.T.);
#10185=ADVANCED_FACE('',(#828),#229,.T.);
#10186=ADVANCED_FACE('',(#829),#18,.T.);
#10187=ADVANCED_FACE('',(#830),#9730,.T.);
#10188=ADVANCED_FACE('',(#831),#9731,.T.);
#10189=ADVANCED_FACE('',(#832),#230,.T.);
#10190=ADVANCED_FACE('',(#833),#231,.T.);
#10191=ADVANCED_FACE('',(#834),#19,.T.);
#10192=ADVANCED_FACE('',(#835),#232,.T.);
#10193=ADVANCED_FACE('',(#836),#20,.T.);
#10194=ADVANCED_FACE('',(#837),#9732,.T.);
#10195=ADVANCED_FACE('',(#838),#233,.F.);
#10196=ADVANCED_FACE('',(#839),#9733,.T.);
#10197=ADVANCED_FACE('',(#840),#9734,.T.);
#10198=ADVANCED_FACE('',(#841),#234,.T.);
#10199=ADVANCED_FACE('',(#842),#235,.T.);
#10200=ADVANCED_FACE('',(#843),#9735,.T.);
#10201=ADVANCED_FACE('',(#844),#236,.F.);
#10202=ADVANCED_FACE('',(#845),#9736,.T.);
#10203=ADVANCED_FACE('',(#846),#237,.F.);
#10204=ADVANCED_FACE('',(#847),#9737,.T.);
#10205=ADVANCED_FACE('',(#848),#238,.T.);
#10206=ADVANCED_FACE('',(#849,#174),#9738,.F.);
#10207=ADVANCED_FACE('',(#850),#239,.F.);
#10208=ADVANCED_FACE('',(#851),#9739,.T.);
#10209=ADVANCED_FACE('',(#852),#240,.T.);
#10210=ADVANCED_FACE('',(#853),#27,.T.);
#10211=ADVANCED_FACE('',(#854),#241,.T.);
#10212=ADVANCED_FACE('',(#855),#9740,.F.);
#10213=ADVANCED_FACE('',(#856,#175,#176),#9741,.F.);
#10214=ADVANCED_FACE('',(#857),#9742,.F.);
#10215=ADVANCED_FACE('',(#858),#9743,.F.);
#10216=ADVANCED_FACE('',(#859),#9744,.T.);
#10217=ADVANCED_FACE('',(#860),#9745,.F.);
#10218=ADVANCED_FACE('',(#861),#9746,.F.);
#10219=ADVANCED_FACE('',(#862),#9747,.F.);
#10220=ADVANCED_FACE('',(#863),#242,.F.);
#10221=ADVANCED_FACE('',(#864),#9748,.T.);
#10222=ADVANCED_FACE('',(#865),#243,.F.);
#10223=ADVANCED_FACE('',(#866),#9749,.T.);
#10224=ADVANCED_FACE('',(#867),#244,.F.);
#10225=ADVANCED_FACE('',(#868),#9750,.T.);
#10226=ADVANCED_FACE('',(#869),#245,.F.);
#10227=ADVANCED_FACE('',(#870),#9751,.T.);
#10228=ADVANCED_FACE('',(#871),#9752,.T.);
#10229=ADVANCED_FACE('',(#872),#9753,.T.);
#10230=ADVANCED_FACE('',(#873),#246,.F.);
#10231=ADVANCED_FACE('',(#874),#9754,.T.);
#10232=ADVANCED_FACE('',(#875),#247,.F.);
#10233=ADVANCED_FACE('',(#876,#177),#9755,.T.);
#10234=ADVANCED_FACE('',(#877,#178),#9756,.F.);
#10235=ADVANCED_FACE('',(#878),#248,.F.);
#10236=ADVANCED_FACE('',(#879),#9757,.T.);
#10237=ADVANCED_FACE('',(#880),#9758,.T.);
#10238=ADVANCED_FACE('',(#881),#249,.F.);
#10239=ADVANCED_FACE('',(#882),#9759,.T.);
#10240=ADVANCED_FACE('',(#883),#250,.F.);
#10241=ADVANCED_FACE('',(#884,#179),#9760,.T.);
#10242=ADVANCED_FACE('',(#885,#180),#9761,.F.);
#10243=ADVANCED_FACE('',(#886),#251,.F.);
#10244=ADVANCED_FACE('',(#887),#9762,.T.);
#10245=ADVANCED_FACE('',(#888),#252,.F.);
#10246=ADVANCED_FACE('',(#889),#9763,.T.);
#10247=ADVANCED_FACE('',(#890),#253,.F.);
#10248=ADVANCED_FACE('',(#891,#181),#9764,.T.);
#10249=ADVANCED_FACE('',(#892,#182),#9765,.F.);
#10250=ADVANCED_FACE('',(#893),#254,.F.);
#10251=ADVANCED_FACE('',(#894),#9766,.T.);
#10252=ADVANCED_FACE('',(#895),#9767,.T.);
#10253=ADVANCED_FACE('',(#896),#9768,.T.);
#10254=ADVANCED_FACE('',(#897),#9769,.T.);
#10255=ADVANCED_FACE('',(#898),#9770,.T.);
#10256=ADVANCED_FACE('',(#899),#9771,.T.);
#10257=ADVANCED_FACE('',(#900),#9772,.T.);
#10258=ADVANCED_FACE('',(#901),#255,.F.);
#10259=ADVANCED_FACE('',(#902),#9773,.T.);
#10260=ADVANCED_FACE('',(#903),#9774,.T.);
#10261=ADVANCED_FACE('',(#904),#9775,.T.);
#10262=ADVANCED_FACE('',(#905),#9776,.F.);
#10263=ADVANCED_FACE('',(#906),#9777,.T.);
#10264=ADVANCED_FACE('',(#907),#256,.T.);
#10265=ADVANCED_FACE('',(#908),#9778,.T.);
#10266=ADVANCED_FACE('',(#909),#9779,.F.);
#10267=ADVANCED_FACE('',(#910),#9780,.T.);
#10268=ADVANCED_FACE('',(#911),#9781,.T.);
#10269=ADVANCED_FACE('',(#912),#9782,.T.);
#10270=ADVANCED_FACE('',(#913),#9783,.T.);
#10271=ADVANCED_FACE('',(#914),#9784,.T.);
#10272=ADVANCED_FACE('',(#915),#9785,.T.);
#10273=ADVANCED_FACE('',(#916),#9786,.T.);
#10274=ADVANCED_FACE('',(#917),#9787,.F.);
#10275=ADVANCED_FACE('',(#918),#257,.T.);
#10276=ADVANCED_FACE('',(#919),#258,.F.);
#10277=ADVANCED_FACE('',(#920),#259,.T.);
#10278=ADVANCED_FACE('',(#921),#260,.T.);
#10279=ADVANCED_FACE('',(#922),#9788,.T.);
#10280=ADVANCED_FACE('',(#923),#9789,.T.);
#10281=ADVANCED_FACE('',(#924),#9790,.T.);
#10282=ADVANCED_FACE('',(#925),#9791,.T.);
#10283=ADVANCED_FACE('',(#926),#9792,.T.);
#10284=ADVANCED_FACE('',(#927),#261,.T.);
#10285=ADVANCED_FACE('',(#928),#9793,.T.);
#10286=ADVANCED_FACE('',(#929),#9794,.T.);
#10287=ADVANCED_FACE('',(#930),#9795,.T.);
#10288=ADVANCED_FACE('',(#931),#9796,.T.);
#10289=ADVANCED_FACE('',(#932),#9797,.F.);
#10290=ADVANCED_FACE('',(#933),#262,.T.);
#10291=ADVANCED_FACE('',(#934),#263,.T.);
#10292=ADVANCED_FACE('',(#935),#9798,.T.);
#10293=ADVANCED_FACE('',(#936),#9799,.T.);
#10294=ADVANCED_FACE('',(#937),#264,.T.);
#10295=ADVANCED_FACE('',(#938),#265,.T.);
#10296=ADVANCED_FACE('',(#939),#9800,.T.);
#10297=ADVANCED_FACE('',(#940),#9801,.F.);
#10298=ADVANCED_FACE('',(#941),#9802,.T.);
#10299=ADVANCED_FACE('',(#942),#266,.F.);
#10300=ADVANCED_FACE('',(#943),#267,.F.);
#10301=ADVANCED_FACE('',(#944),#9803,.F.);
#10302=ADVANCED_FACE('',(#945),#9804,.F.);
#10303=ADVANCED_FACE('',(#946),#9805,.T.);
#10304=ADVANCED_FACE('',(#947),#9806,.T.);
#10305=ADVANCED_FACE('',(#948),#268,.T.);
#10306=ADVANCED_FACE('',(#949),#269,.F.);
#10307=ADVANCED_FACE('',(#950),#9807,.T.);
#10308=ADVANCED_FACE('',(#951),#270,.T.);
#10309=ADVANCED_FACE('',(#952),#9808,.T.);
#10310=ADVANCED_FACE('',(#953,#183,#184),#9809,.T.);
#10311=ADVANCED_FACE('',(#954),#9810,.F.);
#10312=ADVANCED_FACE('',(#955),#9811,.T.);
#10313=ADVANCED_FACE('',(#956),#9812,.F.);
#10314=ADVANCED_FACE('',(#957),#9813,.F.);
#10315=ADVANCED_FACE('',(#958),#271,.F.);
#10316=ADVANCED_FACE('',(#959),#272,.T.);
#10317=ADVANCED_FACE('',(#960),#273,.F.);
#10318=ADVANCED_FACE('',(#961),#32,.T.);
#10319=ADVANCED_FACE('',(#962),#274,.F.);
#10320=ADVANCED_FACE('',(#963),#275,.T.);
#10321=ADVANCED_FACE('',(#964),#9814,.T.);
#10322=ADVANCED_FACE('',(#965,#185),#9815,.T.);
#10323=ADVANCED_FACE('',(#966),#276,.F.);
#10324=ADVANCED_FACE('',(#967),#9816,.F.);
#10325=ADVANCED_FACE('',(#968),#9817,.F.);
#10326=ADVANCED_FACE('',(#969),#9818,.F.);
#10327=ADVANCED_FACE('',(#970),#277,.F.);
#10328=ADVANCED_FACE('',(#971),#9819,.T.);
#10329=ADVANCED_FACE('',(#972),#9820,.F.);
#10330=ADVANCED_FACE('',(#973),#9821,.F.);
#10331=ADVANCED_FACE('',(#974),#278,.F.);
#10332=ADVANCED_FACE('',(#975),#9822,.T.);
#10333=ADVANCED_FACE('',(#976),#9823,.T.);
#10334=ADVANCED_FACE('',(#977,#186),#9824,.T.);
#10335=ADVANCED_FACE('',(#978),#279,.F.);
#10336=ADVANCED_FACE('',(#979),#9825,.F.);
#10337=ADVANCED_FACE('',(#980,#187),#280,.T.);
#10338=ADVANCED_FACE('',(#981),#9826,.T.);
#10339=ADVANCED_FACE('',(#982),#9827,.T.);
#10340=ADVANCED_FACE('',(#983),#9828,.T.);
#10341=ADVANCED_FACE('',(#984,#188,#189,#190),#9829,.T.);
#10342=ADVANCED_FACE('',(#985),#9830,.T.);
#10343=ADVANCED_FACE('',(#986),#9831,.T.);
#10344=ADVANCED_FACE('',(#987),#9832,.T.);
#10345=ADVANCED_FACE('',(#988),#9833,.T.);
#10346=ADVANCED_FACE('',(#989),#9834,.T.);
#10347=ADVANCED_FACE('',(#990),#9835,.T.);
#10348=ADVANCED_FACE('',(#991),#9836,.T.);
#10349=ADVANCED_FACE('',(#992),#9837,.T.);
#10350=ADVANCED_FACE('',(#993),#281,.F.);
#10351=ADVANCED_FACE('',(#994),#9838,.T.);
#10352=ADVANCED_FACE('',(#995),#9839,.T.);
#10353=ADVANCED_FACE('',(#996),#282,.T.);
#10354=ADVANCED_FACE('',(#997),#9840,.T.);
#10355=ADVANCED_FACE('',(#998),#283,.T.);
#10356=CLOSED_SHELL('',(#9841,#9842,#9843,#9844,#9845,#9846,#9847,#9848,
#9849,#9850,#9851,#9852,#9853,#9854,#9855,#9856,#9857,#9858,#9859,#9860,
#9861,#9862,#9863,#9864,#9865,#9866,#9867));
#10357=CLOSED_SHELL('',(#9868,#9869,#9870,#9871,#9872,#9873,#9874,#9875,
#9876,#9877,#9878,#9879,#9880,#9881,#9882,#9883,#9884,#9885,#9886,#9887,
#9888,#9889,#9890,#9891,#9892,#9893,#9894,#9895,#9896,#9897,#9898,#9899,
#9900,#9901,#9902,#9903,#9904,#9905,#9906,#9907,#9908,#9909,#9910,#9911,
#9912,#9913,#9914,#9915,#9916,#9917,#9918,#9919,#9920,#9921,#9922,#9923,
#9924,#9925,#9926,#9927,#9928,#9929,#9930,#9931,#9932,#9933,#9934,#9935,
#9936,#9937,#9938,#9939,#9940,#9941,#9942,#9943,#9944,#9945,#9946,#9947,
#9948,#9949,#9950,#9951,#9952,#9953,#9954,#9955,#9956,#9957,#9958,#9959,
#9960,#9961,#9962,#9963,#9964,#9965,#9966,#9967,#9968,#9969,#9970,#9971,
#9972,#9973,#9974,#9975,#9976,#9977,#9978,#9979,#9980,#9981,#9982,#9983,
#9984,#9985,#9986,#9987,#9988,#9989,#9990,#9991,#9992,#9993,#9994,#9995,
#9996,#9997,#9998,#9999,#10000,#10001,#10002,#10003,#10004,#10005,#10006,
#10007,#10008,#10009,#10010,#10011,#10012,#10013,#10014,#10015,#10016,#10017,
#10018,#10019,#10020,#10021,#10022,#10023,#10024,#10025,#10026,#10027,#10028,
#10029,#10030,#10031,#10032,#10033,#10034,#10035,#10036,#10037,#10038,#10039,
#10040,#10041,#10042,#10043,#10044,#10045,#10046,#10047,#10048,#10049,#10050,
#10051,#10052,#10053,#10054,#10055,#10056,#10057,#10058,#10059,#10060,#10061,
#10062,#10063,#10064,#10065,#10066,#10067,#10068,#10069,#10070,#10071,#10072,
#10073,#10074,#10075,#10076,#10077,#10078,#10079,#10080,#10081,#10082,#10083,
#10084,#10085,#10086,#10087,#10088,#10089,#10090,#10091,#10092,#10093,#10094,
#10095,#10096,#10097,#10098,#10099,#10100,#10101,#10102,#10103,#10104,#10105,
#10106,#10107,#10108,#10109,#10110,#10111,#10112,#10113,#10114,#10115,#10116,
#10117,#10118,#10119,#10120,#10121,#10122,#10123,#10124,#10125,#10126,#10127,
#10128,#10129,#10130,#10131,#10132,#10133,#10134,#10135,#10136,#10137,#10138,
#10139,#10140,#10141,#10142,#10143,#10144,#10145,#10146,#10147,#10148,#10149,
#10150,#10151,#10152,#10153,#10154,#10155,#10156,#10157,#10158,#10159,#10160,
#10161,#10162,#10163,#10164,#10165,#10166,#10167,#10168,#10169,#10170,#10171,
#10172,#10173,#10174,#10175,#10176,#10177,#10178,#10179,#10180,#10181,#10182,
#10183,#10184,#10185,#10186,#10187,#10188,#10189,#10190,#10191,#10192,#10193,
#10194,#10195,#10196,#10197,#10198,#10199,#10200,#10201,#10202,#10203,#10204,
#10205,#10206,#10207,#10208,#10209,#10210,#10211,#10212,#10213,#10214,#10215,
#10216,#10217,#10218,#10219,#10220,#10221,#10222,#10223,#10224,#10225,#10226,
#10227,#10228,#10229,#10230,#10231,#10232,#10233,#10234,#10235,#10236,#10237,
#10238,#10239,#10240,#10241,#10242,#10243,#10244,#10245,#10246,#10247,#10248,
#10249,#10250,#10251,#10252,#10253,#10254,#10255,#10256,#10257,#10258,#10259,
#10260,#10261,#10262,#10263,#10264,#10265,#10266,#10267,#10268,#10269,#10270,
#10271,#10272,#10273,#10274,#10275,#10276,#10277,#10278,#10279,#10280,#10281,
#10282,#10283,#10284,#10285,#10286,#10287,#10288,#10289,#10290,#10291,#10292,
#10293,#10294,#10295,#10296,#10297,#10298,#10299,#10300,#10301,#10302,#10303,
#10304,#10305,#10306,#10307,#10308,#10309,#10310,#10311,#10312,#10313,#10314,
#10315,#10316,#10317,#10318,#10319,#10320,#10321,#10322,#10323,#10324,#10325,
#10326,#10327,#10328,#10329,#10330,#10331,#10332,#10333,#10334,#10335,#10336,
#10337,#10338,#10339,#10340,#10341,#10342,#10343,#10344,#10345,#10346,#10347,
#10348,#10349,#10350,#10351,#10352,#10353,#10354,#10355));
#10358=DERIVED_UNIT_ELEMENT(#10360,1.);
#10359=DERIVED_UNIT_ELEMENT(#17113,-3.);
#10360=(
MASS_UNIT()
NAMED_UNIT(*)
SI_UNIT(.KILO.,.GRAM.)
);
#10361=DERIVED_UNIT((#10358,#10359));
#10362=MEASURE_REPRESENTATION_ITEM('density measure',
POSITIVE_RATIO_MEASURE(7850.),#10361);
#10363=PROPERTY_DEFINITION_REPRESENTATION(#10368,#10365);
#10364=PROPERTY_DEFINITION_REPRESENTATION(#10369,#10366);
#10365=REPRESENTATION('material name',(#10367),#17110);
#10366=REPRESENTATION('density',(#10362),#17110);
#10367=DESCRIPTIVE_REPRESENTATION_ITEM('Stahl','Stahl');
#10368=PROPERTY_DEFINITION('material property','material name',#17125);
#10369=PROPERTY_DEFINITION('material property','density of part',#17125);
#10370=AXIS2_PLACEMENT_3D('',#13775,#11097,#11098);
#10371=AXIS2_PLACEMENT_3D('',#13776,#11099,#11100);
#10372=AXIS2_PLACEMENT_3D('',#13777,#11101,#11102);
#10373=AXIS2_PLACEMENT_3D('',#13786,#11107,#11108);
#10374=AXIS2_PLACEMENT_3D('',#13796,#11114,#11115);
#10375=AXIS2_PLACEMENT_3D('',#13802,#11119,#11120);
#10376=AXIS2_PLACEMENT_3D('',#13812,#11126,#11127);
#10377=AXIS2_PLACEMENT_3D('',#13815,#11128,#11129);
#10378=AXIS2_PLACEMENT_3D('',#13821,#11133,#11134);
#10379=AXIS2_PLACEMENT_3D('',#13827,#11138,#11139);
#10380=AXIS2_PLACEMENT_3D('',#13837,#11144,#11145);
#10381=AXIS2_PLACEMENT_3D('',#13843,#11149,#11150);
#10382=AXIS2_PLACEMENT_3D('',#13845,#11151,#11152);
#10383=AXIS2_PLACEMENT_3D('',#13849,#11155,#11156);
#10384=AXIS2_PLACEMENT_3D('',#13855,#11160,#11161);
#10385=AXIS2_PLACEMENT_3D('',#13861,#11165,#11166);
#10386=AXIS2_PLACEMENT_3D('',#13871,#11172,#11173);
#10387=AXIS2_PLACEMENT_3D('',#13877,#11177,#11178);
#10388=AXIS2_PLACEMENT_3D('',#13887,#11184,#11185);
#10389=AXIS2_PLACEMENT_3D('',#13898,#11192,#11193);
#10390=AXIS2_PLACEMENT_3D('',#13900,#11194,#11195);
#10391=AXIS2_PLACEMENT_3D('',#13903,#11198,#11199);
#10392=AXIS2_PLACEMENT_3D('',#13906,#11202,#11203);
#10393=AXIS2_PLACEMENT_3D('',#13907,#11204,#11205);
#10394=AXIS2_PLACEMENT_3D('',#13909,#11207,#11208);
#10395=AXIS2_PLACEMENT_3D('',#13911,#11210,#11211);
#10396=AXIS2_PLACEMENT_3D('',#13915,#11214,#11215);
#10397=AXIS2_PLACEMENT_3D('',#13919,#11218,#11219);
#10398=AXIS2_PLACEMENT_3D('',#13921,#11221,#11222);
#10399=AXIS2_PLACEMENT_3D('',#13923,#11224,#11225);
#10400=AXIS2_PLACEMENT_3D('',#13925,#11227,#11228);
#10401=AXIS2_PLACEMENT_3D('',#13927,#11230,#11231);
#10402=AXIS2_PLACEMENT_3D('',#13928,#11232,#11233);
#10403=AXIS2_PLACEMENT_3D('',#13929,#11234,#11235);
#10404=AXIS2_PLACEMENT_3D('',#14310,#11426,#11427);
#10405=AXIS2_PLACEMENT_3D('',#14316,#11431,#11432);
#10406=AXIS2_PLACEMENT_3D('',#14320,#11435,#11436);
#10407=AXIS2_PLACEMENT_3D('',#14324,#11439,#11440);
#10408=AXIS2_PLACEMENT_3D('',#14326,#11442,#11443);
#10409=AXIS2_PLACEMENT_3D('',#14332,#11447,#11448);
#10410=AXIS2_PLACEMENT_3D('',#14336,#11451,#11452);
#10411=AXIS2_PLACEMENT_3D('',#14340,#11455,#11456);
#10412=AXIS2_PLACEMENT_3D('',#14342,#11458,#11459);
#10413=AXIS2_PLACEMENT_3D('',#14348,#11463,#11464);
#10414=AXIS2_PLACEMENT_3D('',#14352,#11467,#11468);
#10415=AXIS2_PLACEMENT_3D('',#14356,#11471,#11472);
#10416=AXIS2_PLACEMENT_3D('',#14358,#11474,#11475);
#10417=AXIS2_PLACEMENT_3D('',#14364,#11479,#11480);
#10418=AXIS2_PLACEMENT_3D('',#14368,#11483,#11484);
#10419=AXIS2_PLACEMENT_3D('',#14372,#11487,#11488);
#10420=AXIS2_PLACEMENT_3D('',#14374,#11490,#11491);
#10421=AXIS2_PLACEMENT_3D('',#14380,#11495,#11496);
#10422=AXIS2_PLACEMENT_3D('',#14384,#11499,#11500);
#10423=AXIS2_PLACEMENT_3D('',#14388,#11503,#11504);
#10424=AXIS2_PLACEMENT_3D('',#14390,#11506,#11507);
#10425=AXIS2_PLACEMENT_3D('',#14396,#11511,#11512);
#10426=AXIS2_PLACEMENT_3D('',#14400,#11515,#11516);
#10427=AXIS2_PLACEMENT_3D('',#14404,#11519,#11520);
#10428=AXIS2_PLACEMENT_3D('',#14406,#11522,#11523);
#10429=AXIS2_PLACEMENT_3D('',#14412,#11527,#11528);
#10430=AXIS2_PLACEMENT_3D('',#14416,#11531,#11532);
#10431=AXIS2_PLACEMENT_3D('',#14420,#11535,#11536);
#10432=AXIS2_PLACEMENT_3D('',#14422,#11538,#11539);
#10433=AXIS2_PLACEMENT_3D('',#14428,#11543,#11544);
#10434=AXIS2_PLACEMENT_3D('',#14432,#11547,#11548);
#10435=AXIS2_PLACEMENT_3D('',#14436,#11551,#11552);
#10436=AXIS2_PLACEMENT_3D('',#14438,#11554,#11555);
#10437=AXIS2_PLACEMENT_3D('',#14444,#11559,#11560);
#10438=AXIS2_PLACEMENT_3D('',#14448,#11563,#11564);
#10439=AXIS2_PLACEMENT_3D('',#14452,#11567,#11568);
#10440=AXIS2_PLACEMENT_3D('',#14454,#11570,#11571);
#10441=AXIS2_PLACEMENT_3D('',#14460,#11575,#11576);
#10442=AXIS2_PLACEMENT_3D('',#14464,#11579,#11580);
#10443=AXIS2_PLACEMENT_3D('',#14468,#11583,#11584);
#10444=AXIS2_PLACEMENT_3D('',#14470,#11586,#11587);
#10445=AXIS2_PLACEMENT_3D('',#14476,#11591,#11592);
#10446=AXIS2_PLACEMENT_3D('',#14480,#11595,#11596);
#10447=AXIS2_PLACEMENT_3D('',#14484,#11599,#11600);
#10448=AXIS2_PLACEMENT_3D('',#14486,#11602,#11603);
#10449=AXIS2_PLACEMENT_3D('',#14492,#11607,#11608);
#10450=AXIS2_PLACEMENT_3D('',#14496,#11611,#11612);
#10451=AXIS2_PLACEMENT_3D('',#14500,#11615,#11616);
#10452=AXIS2_PLACEMENT_3D('',#14502,#11618,#11619);
#10453=AXIS2_PLACEMENT_3D('',#14508,#11623,#11624);
#10454=AXIS2_PLACEMENT_3D('',#14512,#11627,#11628);
#10455=AXIS2_PLACEMENT_3D('',#14516,#11631,#11632);
#10456=AXIS2_PLACEMENT_3D('',#14518,#11634,#11635);
#10457=AXIS2_PLACEMENT_3D('',#14524,#11639,#11640);
#10458=AXIS2_PLACEMENT_3D('',#14528,#11643,#11644);
#10459=AXIS2_PLACEMENT_3D('',#14532,#11647,#11648);
#10460=AXIS2_PLACEMENT_3D('',#14534,#11650,#11651);
#10461=AXIS2_PLACEMENT_3D('',#14540,#11655,#11656);
#10462=AXIS2_PLACEMENT_3D('',#14544,#11659,#11660);
#10463=AXIS2_PLACEMENT_3D('',#14548,#11663,#11664);
#10464=AXIS2_PLACEMENT_3D('',#14550,#11666,#11667);
#10465=AXIS2_PLACEMENT_3D('',#14556,#11671,#11672);
#10466=AXIS2_PLACEMENT_3D('',#14560,#11675,#11676);
#10467=AXIS2_PLACEMENT_3D('',#14564,#11679,#11680);
#10468=AXIS2_PLACEMENT_3D('',#14566,#11682,#11683);
#10469=AXIS2_PLACEMENT_3D('',#14572,#11687,#11688);
#10470=AXIS2_PLACEMENT_3D('',#14576,#11691,#11692);
#10471=AXIS2_PLACEMENT_3D('',#14580,#11695,#11696);
#10472=AXIS2_PLACEMENT_3D('',#14582,#11698,#11699);
#10473=AXIS2_PLACEMENT_3D('',#14588,#11703,#11704);
#10474=AXIS2_PLACEMENT_3D('',#14592,#11707,#11708);
#10475=AXIS2_PLACEMENT_3D('',#14596,#11711,#11712);
#10476=AXIS2_PLACEMENT_3D('',#14598,#11714,#11715);
#10477=AXIS2_PLACEMENT_3D('',#14604,#11719,#11720);
#10478=AXIS2_PLACEMENT_3D('',#14608,#11723,#11724);
#10479=AXIS2_PLACEMENT_3D('',#14612,#11727,#11728);
#10480=AXIS2_PLACEMENT_3D('',#14614,#11730,#11731);
#10481=AXIS2_PLACEMENT_3D('',#14620,#11735,#11736);
#10482=AXIS2_PLACEMENT_3D('',#14624,#11739,#11740);
#10483=AXIS2_PLACEMENT_3D('',#14628,#11743,#11744);
#10484=AXIS2_PLACEMENT_3D('',#14630,#11746,#11747);
#10485=AXIS2_PLACEMENT_3D('',#14638,#11752,#11753);
#10486=AXIS2_PLACEMENT_3D('',#14644,#11757,#11758);
#10487=AXIS2_PLACEMENT_3D('',#14650,#11762,#11763);
#10488=AXIS2_PLACEMENT_3D('',#14653,#11766,#11767);
#10489=AXIS2_PLACEMENT_3D('',#14662,#11772,#11773);
#10490=AXIS2_PLACEMENT_3D('',#14668,#11777,#11778);
#10491=AXIS2_PLACEMENT_3D('',#14674,#11782,#11783);
#10492=AXIS2_PLACEMENT_3D('',#14677,#11786,#11787);
#10493=AXIS2_PLACEMENT_3D('',#14683,#11791,#11792);
#10494=AXIS2_PLACEMENT_3D('',#14689,#11796,#11797);
#10495=AXIS2_PLACEMENT_3D('',#14694,#11801,#11802);
#10496=AXIS2_PLACEMENT_3D('',#14696,#11804,#11805);
#10497=AXIS2_PLACEMENT_3D('',#14702,#11809,#11810);
#10498=AXIS2_PLACEMENT_3D('',#14706,#11813,#11814);
#10499=AXIS2_PLACEMENT_3D('',#14712,#11818,#11819);
#10500=AXIS2_PLACEMENT_3D('',#14717,#11823,#11824);
#10501=AXIS2_PLACEMENT_3D('',#14721,#11827,#11828);
#10502=AXIS2_PLACEMENT_3D('',#14725,#11831,#11832);
#10503=AXIS2_PLACEMENT_3D('',#14729,#11835,#11836);
#10504=AXIS2_PLACEMENT_3D('',#14731,#11838,#11839);
#10505=AXIS2_PLACEMENT_3D('',#14739,#11844,#11845);
#10506=AXIS2_PLACEMENT_3D('',#14743,#11848,#11849);
#10507=AXIS2_PLACEMENT_3D('',#14749,#11853,#11854);
#10508=AXIS2_PLACEMENT_3D('',#14752,#11857,#11858);
#10509=AXIS2_PLACEMENT_3D('',#14758,#11862,#11863);
#10510=AXIS2_PLACEMENT_3D('',#14764,#11867,#11868);
#10511=AXIS2_PLACEMENT_3D('',#14770,#11872,#11873);
#10512=AXIS2_PLACEMENT_3D('',#14773,#11876,#11877);
#10513=AXIS2_PLACEMENT_3D('',#14779,#11881,#11882);
#10514=AXIS2_PLACEMENT_3D('',#14783,#11885,#11886);
#10515=AXIS2_PLACEMENT_3D('',#14787,#11889,#11890);
#10516=AXIS2_PLACEMENT_3D('',#14789,#11892,#11893);
#10517=AXIS2_PLACEMENT_3D('',#14795,#11897,#11898);
#10518=AXIS2_PLACEMENT_3D('',#14799,#11901,#11902);
#10519=AXIS2_PLACEMENT_3D('',#14803,#11905,#11906);
#10520=AXIS2_PLACEMENT_3D('',#14805,#11908,#11909);
#10521=AXIS2_PLACEMENT_3D('',#14811,#11913,#11914);
#10522=AXIS2_PLACEMENT_3D('',#14815,#11917,#11918);
#10523=AXIS2_PLACEMENT_3D('',#14819,#11921,#11922);
#10524=AXIS2_PLACEMENT_3D('',#14821,#11924,#11925);
#10525=AXIS2_PLACEMENT_3D('',#14827,#11929,#11930);
#10526=AXIS2_PLACEMENT_3D('',#14831,#11933,#11934);
#10527=AXIS2_PLACEMENT_3D('',#14835,#11937,#11938);
#10528=AXIS2_PLACEMENT_3D('',#14837,#11940,#11941);
#10529=AXIS2_PLACEMENT_3D('',#14843,#11945,#11946);
#10530=AXIS2_PLACEMENT_3D('',#14847,#11949,#11950);
#10531=AXIS2_PLACEMENT_3D('',#14851,#11953,#11954);
#10532=AXIS2_PLACEMENT_3D('',#14853,#11956,#11957);
#10533=AXIS2_PLACEMENT_3D('',#14859,#11961,#11962);
#10534=AXIS2_PLACEMENT_3D('',#14863,#11965,#11966);
#10535=AXIS2_PLACEMENT_3D('',#14867,#11969,#11970);
#10536=AXIS2_PLACEMENT_3D('',#14869,#11972,#11973);
#10537=AXIS2_PLACEMENT_3D('',#14875,#11977,#11978);
#10538=AXIS2_PLACEMENT_3D('',#14879,#11981,#11982);
#10539=AXIS2_PLACEMENT_3D('',#14883,#11985,#11986);
#10540=AXIS2_PLACEMENT_3D('',#14885,#11988,#11989);
#10541=AXIS2_PLACEMENT_3D('',#14891,#11993,#11994);
#10542=AXIS2_PLACEMENT_3D('',#14895,#11997,#11998);
#10543=AXIS2_PLACEMENT_3D('',#14899,#12001,#12002);
#10544=AXIS2_PLACEMENT_3D('',#14901,#12004,#12005);
#10545=AXIS2_PLACEMENT_3D('',#14907,#12009,#12010);
#10546=AXIS2_PLACEMENT_3D('',#14911,#12013,#12014);
#10547=AXIS2_PLACEMENT_3D('',#14915,#12017,#12018);
#10548=AXIS2_PLACEMENT_3D('',#14917,#12020,#12021);
#10549=AXIS2_PLACEMENT_3D('',#14923,#12025,#12026);
#10550=AXIS2_PLACEMENT_3D('',#14927,#12029,#12030);
#10551=AXIS2_PLACEMENT_3D('',#14931,#12033,#12034);
#10552=AXIS2_PLACEMENT_3D('',#14933,#12036,#12037);
#10553=AXIS2_PLACEMENT_3D('',#14939,#12041,#12042);
#10554=AXIS2_PLACEMENT_3D('',#14943,#12045,#12046);
#10555=AXIS2_PLACEMENT_3D('',#14947,#12049,#12050);
#10556=AXIS2_PLACEMENT_3D('',#14949,#12052,#12053);
#10557=AXIS2_PLACEMENT_3D('',#14955,#12057,#12058);
#10558=AXIS2_PLACEMENT_3D('',#14959,#12061,#12062);
#10559=AXIS2_PLACEMENT_3D('',#14963,#12065,#12066);
#10560=AXIS2_PLACEMENT_3D('',#14965,#12068,#12069);
#10561=AXIS2_PLACEMENT_3D('',#14974,#12074,#12075);
#10562=AXIS2_PLACEMENT_3D('',#14980,#12079,#12080);
#10563=AXIS2_PLACEMENT_3D('',#14986,#12084,#12085);
#10564=AXIS2_PLACEMENT_3D('',#14989,#12088,#12089);
#10565=AXIS2_PLACEMENT_3D('',#14995,#12093,#12094);
#10566=AXIS2_PLACEMENT_3D('',#14999,#12097,#12098);
#10567=AXIS2_PLACEMENT_3D('',#15003,#12101,#12102);
#10568=AXIS2_PLACEMENT_3D('',#15005,#12104,#12105);
#10569=AXIS2_PLACEMENT_3D('',#15011,#12109,#12110);
#10570=AXIS2_PLACEMENT_3D('',#15015,#12113,#12114);
#10571=AXIS2_PLACEMENT_3D('',#15019,#12117,#12118);
#10572=AXIS2_PLACEMENT_3D('',#15021,#12120,#12121);
#10573=AXIS2_PLACEMENT_3D('',#15027,#12125,#12126);
#10574=AXIS2_PLACEMENT_3D('',#15031,#12129,#12130);
#10575=AXIS2_PLACEMENT_3D('',#15035,#12133,#12134);
#10576=AXIS2_PLACEMENT_3D('',#15037,#12136,#12137);
#10577=AXIS2_PLACEMENT_3D('',#15043,#12141,#12142);
#10578=AXIS2_PLACEMENT_3D('',#15047,#12145,#12146);
#10579=AXIS2_PLACEMENT_3D('',#15051,#12149,#12150);
#10580=AXIS2_PLACEMENT_3D('',#15053,#12152,#12153);
#10581=AXIS2_PLACEMENT_3D('',#15059,#12157,#12158);
#10582=AXIS2_PLACEMENT_3D('',#15063,#12161,#12162);
#10583=AXIS2_PLACEMENT_3D('',#15067,#12165,#12166);
#10584=AXIS2_PLACEMENT_3D('',#15069,#12168,#12169);
#10585=AXIS2_PLACEMENT_3D('',#15075,#12173,#12174);
#10586=AXIS2_PLACEMENT_3D('',#15079,#12177,#12178);
#10587=AXIS2_PLACEMENT_3D('',#15083,#12181,#12182);
#10588=AXIS2_PLACEMENT_3D('',#15085,#12184,#12185);
#10589=AXIS2_PLACEMENT_3D('',#15091,#12189,#12190);
#10590=AXIS2_PLACEMENT_3D('',#15095,#12193,#12194);
#10591=AXIS2_PLACEMENT_3D('',#15099,#12197,#12198);
#10592=AXIS2_PLACEMENT_3D('',#15101,#12200,#12201);
#10593=AXIS2_PLACEMENT_3D('',#15107,#12205,#12206);
#10594=AXIS2_PLACEMENT_3D('',#15111,#12209,#12210);
#10595=AXIS2_PLACEMENT_3D('',#15115,#12213,#12214);
#10596=AXIS2_PLACEMENT_3D('',#15117,#12216,#12217);
#10597=AXIS2_PLACEMENT_3D('',#15123,#12221,#12222);
#10598=AXIS2_PLACEMENT_3D('',#15129,#12226,#12227);
#10599=AXIS2_PLACEMENT_3D('',#15130,#12228,#12229);
#10600=AXIS2_PLACEMENT_3D('',#15131,#12230,#12231);
#10601=AXIS2_PLACEMENT_3D('',#15137,#12236,#12237);
#10602=AXIS2_PLACEMENT_3D('',#15139,#12239,#12240);
#10603=AXIS2_PLACEMENT_3D('',#15141,#12242,#12243);
#10604=AXIS2_PLACEMENT_3D('',#15145,#12246,#12247);
#10605=AXIS2_PLACEMENT_3D('',#15149,#12250,#12251);
#10606=AXIS2_PLACEMENT_3D('',#15151,#12252,#12253);
#10607=AXIS2_PLACEMENT_3D('',#15154,#12255,#12256);
#10608=AXIS2_PLACEMENT_3D('',#15155,#12257,#12258);
#10609=AXIS2_PLACEMENT_3D('',#15156,#12259,#12260);
#10610=AXIS2_PLACEMENT_3D('',#15158,#12261,#12262);
#10611=AXIS2_PLACEMENT_3D('',#15161,#12264,#12265);
#10612=AXIS2_PLACEMENT_3D('',#15162,#12266,#12267);
#10613=AXIS2_PLACEMENT_3D('',#15163,#12268,#12269);
#10614=AXIS2_PLACEMENT_3D('',#15172,#12274,#12275);
#10615=AXIS2_PLACEMENT_3D('',#15176,#12277,#12278);
#10616=AXIS2_PLACEMENT_3D('',#15177,#12279,#12280);
#10617=AXIS2_PLACEMENT_3D('',#15178,#12281,#12282);
#10618=AXIS2_PLACEMENT_3D('',#15184,#12286,#12287);
#10619=AXIS2_PLACEMENT_3D('',#15185,#12288,#12289);
#10620=AXIS2_PLACEMENT_3D('',#15186,#12290,#12291);
#10621=AXIS2_PLACEMENT_3D('',#15187,#12292,#12293);
#10622=AXIS2_PLACEMENT_3D('',#15190,#12294,#12295);
#10623=AXIS2_PLACEMENT_3D('',#15195,#12298,#12299);
#10624=AXIS2_PLACEMENT_3D('',#15197,#12301,#12302);
#10625=AXIS2_PLACEMENT_3D('',#15201,#12305,#12306);
#10626=AXIS2_PLACEMENT_3D('',#15204,#12308,#12309);
#10627=AXIS2_PLACEMENT_3D('',#15205,#12310,#12311);
#10628=AXIS2_PLACEMENT_3D('',#15227,#12323,#12324);
#10629=AXIS2_PLACEMENT_3D('',#15230,#12326,#12327);
#10630=AXIS2_PLACEMENT_3D('',#15231,#12328,#12329);
#10631=AXIS2_PLACEMENT_3D('',#15233,#12331,#12332);
#10632=AXIS2_PLACEMENT_3D('',#15236,#12333,#12334);
#10633=AXIS2_PLACEMENT_3D('',#15242,#12338,#12339);
#10634=AXIS2_PLACEMENT_3D('',#15248,#12343,#12344);
#10635=AXIS2_PLACEMENT_3D('',#15250,#12345,#12346);
#10636=AXIS2_PLACEMENT_3D('',#15254,#12349,#12350);
#10637=AXIS2_PLACEMENT_3D('',#15260,#12354,#12355);
#10638=AXIS2_PLACEMENT_3D('',#15271,#12361,#12362);
#10639=AXIS2_PLACEMENT_3D('',#15280,#12367,#12368);
#10640=AXIS2_PLACEMENT_3D('',#15286,#12372,#12373);
#10641=AXIS2_PLACEMENT_3D('',#15292,#12377,#12378);
#10642=AXIS2_PLACEMENT_3D('',#15298,#12382,#12383);
#10643=AXIS2_PLACEMENT_3D('',#15304,#12387,#12388);
#10644=AXIS2_PLACEMENT_3D('',#15310,#12392,#12393);
#10645=AXIS2_PLACEMENT_3D('',#15316,#12397,#12398);
#10646=AXIS2_PLACEMENT_3D('',#15327,#12405,#12406);
#10647=AXIS2_PLACEMENT_3D('',#15335,#12411,#12412);
#10648=AXIS2_PLACEMENT_3D('',#15337,#12413,#12414);
#10649=AXIS2_PLACEMENT_3D('',#15341,#12417,#12418);
#10650=AXIS2_PLACEMENT_3D('',#15342,#12419,#12420);
#10651=AXIS2_PLACEMENT_3D('',#15345,#12423,#12424);
#10652=AXIS2_PLACEMENT_3D('',#15357,#12431,#12432);
#10653=AXIS2_PLACEMENT_3D('',#15359,#12433,#12434);
#10654=AXIS2_PLACEMENT_3D('',#15362,#12436,#12437);
#10655=AXIS2_PLACEMENT_3D('',#15363,#12438,#12439);
#10656=AXIS2_PLACEMENT_3D('',#15364,#12440,#12441);
#10657=AXIS2_PLACEMENT_3D('',#15386,#12453,#12454);
#10658=AXIS2_PLACEMENT_3D('',#15394,#12458,#12459);
#10659=AXIS2_PLACEMENT_3D('',#15396,#12461,#12462);
#10660=AXIS2_PLACEMENT_3D('',#15404,#12467,#12468);
#10661=AXIS2_PLACEMENT_3D('',#15408,#12470,#12471);
#10662=AXIS2_PLACEMENT_3D('',#15416,#12475,#12476);
#10663=AXIS2_PLACEMENT_3D('',#15428,#12482,#12483);
#10664=AXIS2_PLACEMENT_3D('',#15435,#12487,#12488);
#10665=AXIS2_PLACEMENT_3D('',#15436,#12489,#12490);
#10666=AXIS2_PLACEMENT_3D('',#15449,#12496,#12497);
#10667=AXIS2_PLACEMENT_3D('',#15451,#12499,#12500);
#10668=AXIS2_PLACEMENT_3D('',#15464,#12507,#12508);
#10669=AXIS2_PLACEMENT_3D('',#15467,#12511,#12512);
#10670=AXIS2_PLACEMENT_3D('',#15473,#12516,#12517);
#10671=AXIS2_PLACEMENT_3D('',#15482,#12523,#12524);
#10672=AXIS2_PLACEMENT_3D('',#15485,#12527,#12528);
#10673=AXIS2_PLACEMENT_3D('',#15488,#12531,#12532);
#10674=AXIS2_PLACEMENT_3D('',#15494,#12536,#12537);
#10675=AXIS2_PLACEMENT_3D('',#15496,#12539,#12540);
#10676=AXIS2_PLACEMENT_3D('',#15498,#12541,#12542);
#10677=AXIS2_PLACEMENT_3D('',#15500,#12544,#12545);
#10678=AXIS2_PLACEMENT_3D('',#15506,#12548,#12549);
#10679=AXIS2_PLACEMENT_3D('',#15508,#12551,#12552);
#10680=AXIS2_PLACEMENT_3D('',#15513,#12555,#12556);
#10681=AXIS2_PLACEMENT_3D('',#15514,#12557,#12558);
#10682=AXIS2_PLACEMENT_3D('',#15524,#12563,#12564);
#10683=AXIS2_PLACEMENT_3D('',#15525,#12565,#12566);
#10684=AXIS2_PLACEMENT_3D('',#15527,#12568,#12569);
#10685=AXIS2_PLACEMENT_3D('',#15529,#12571,#12572);
#10686=AXIS2_PLACEMENT_3D('',#15531,#12574,#12575);
#10687=AXIS2_PLACEMENT_3D('',#15534,#12578,#12579);
#10688=AXIS2_PLACEMENT_3D('',#15547,#12586,#12587);
#10689=AXIS2_PLACEMENT_3D('',#15553,#12591,#12592);
#10690=AXIS2_PLACEMENT_3D('',#15563,#12597,#12598);
#10691=AXIS2_PLACEMENT_3D('',#15569,#12602,#12603);
#10692=AXIS2_PLACEMENT_3D('',#15581,#12609,#12610);
#10693=AXIS2_PLACEMENT_3D('',#15585,#12612,#12613);
#10694=AXIS2_PLACEMENT_3D('',#15589,#12616,#12617);
#10695=AXIS2_PLACEMENT_3D('',#15593,#12619,#12620);
#10696=AXIS2_PLACEMENT_3D('',#15595,#12621,#12622);
#10697=AXIS2_PLACEMENT_3D('',#15599,#12624,#12625);
#10698=AXIS2_PLACEMENT_3D('',#15607,#12629,#12630);
#10699=AXIS2_PLACEMENT_3D('',#15611,#12632,#12633);
#10700=AXIS2_PLACEMENT_3D('',#15614,#12635,#12636);
#10701=AXIS2_PLACEMENT_3D('',#15618,#12638,#12639);
#10702=AXIS2_PLACEMENT_3D('',#15621,#12641,#12642);
#10703=AXIS2_PLACEMENT_3D('',#15625,#12644,#12645);
#10704=AXIS2_PLACEMENT_3D('',#15628,#12647,#12648);
#10705=AXIS2_PLACEMENT_3D('',#15630,#12649,#12650);
#10706=AXIS2_PLACEMENT_3D('',#15633,#12652,#12653);
#10707=AXIS2_PLACEMENT_3D('',#15635,#12654,#12655);
#10708=AXIS2_PLACEMENT_3D('',#15637,#12656,#12657);
#10709=AXIS2_PLACEMENT_3D('',#15638,#12658,#12659);
#10710=AXIS2_PLACEMENT_3D('',#15639,#12660,#12661);
#10711=AXIS2_PLACEMENT_3D('',#15641,#12663,#12664);
#10712=AXIS2_PLACEMENT_3D('',#15642,#12665,#12666);
#10713=AXIS2_PLACEMENT_3D('',#15644,#12668,#12669);
#10714=AXIS2_PLACEMENT_3D('',#15646,#12671,#12672);
#10715=AXIS2_PLACEMENT_3D('',#15649,#12673,#12674);
#10716=AXIS2_PLACEMENT_3D('',#15653,#12676,#12677);
#10717=AXIS2_PLACEMENT_3D('',#15657,#12679,#12680);
#10718=AXIS2_PLACEMENT_3D('',#15671,#12681,#12682);
#10719=AXIS2_PLACEMENT_3D('',#15675,#12684,#12685);
#10720=AXIS2_PLACEMENT_3D('',#15679,#12688,#12689);
#10721=AXIS2_PLACEMENT_3D('',#15683,#12691,#12692);
#10722=AXIS2_PLACEMENT_3D('',#15687,#12695,#12696);
#10723=AXIS2_PLACEMENT_3D('',#15690,#12697,#12698);
#10724=AXIS2_PLACEMENT_3D('',#15694,#12700,#12701);
#10725=AXIS2_PLACEMENT_3D('',#15696,#12703,#12704);
#10726=AXIS2_PLACEMENT_3D('',#15700,#12706,#12707);
#10727=AXIS2_PLACEMENT_3D('',#15728,#12711,#12712);
#10728=AXIS2_PLACEMENT_3D('',#15734,#12713,#12714);
#10729=AXIS2_PLACEMENT_3D('',#15749,#12715,#12716);
#10730=AXIS2_PLACEMENT_3D('',#15750,#12717,#12718);
#10731=AXIS2_PLACEMENT_3D('',#15751,#12719,#12720);
#10732=AXIS2_PLACEMENT_3D('',#15753,#12722,#12723);
#10733=AXIS2_PLACEMENT_3D('',#15756,#12724,#12725);
#10734=AXIS2_PLACEMENT_3D('',#15757,#12726,#12727);
#10735=AXIS2_PLACEMENT_3D('',#15758,#12728,#12729);
#10736=AXIS2_PLACEMENT_3D('',#15759,#12730,#12731);
#10737=AXIS2_PLACEMENT_3D('',#15772,#12732,#12733);
#10738=AXIS2_PLACEMENT_3D('',#15773,#12734,#12735);
#10739=AXIS2_PLACEMENT_3D('',#15774,#12736,#12737);
#10740=AXIS2_PLACEMENT_3D('',#15781,#12738,#12739);
#10741=AXIS2_PLACEMENT_3D('',#15783,#12741,#12742);
#10742=AXIS2_PLACEMENT_3D('',#15787,#12744,#12745);
#10743=AXIS2_PLACEMENT_3D('',#15800,#12747,#12748);
#10744=AXIS2_PLACEMENT_3D('',#15801,#12749,#12750);
#10745=AXIS2_PLACEMENT_3D('',#15802,#12751,#12752);
#10746=AXIS2_PLACEMENT_3D('',#15829,#12753,#12754);
#10747=AXIS2_PLACEMENT_3D('',#15834,#12755,#12756);
#10748=AXIS2_PLACEMENT_3D('',#15837,#12757,#12758);
#10749=AXIS2_PLACEMENT_3D('',#15838,#12759,#12760);
#10750=AXIS2_PLACEMENT_3D('',#15839,#12761,#12762);
#10751=AXIS2_PLACEMENT_3D('',#15840,#12763,#12764);
#10752=AXIS2_PLACEMENT_3D('',#15845,#12765,#12766);
#10753=AXIS2_PLACEMENT_3D('',#15846,#12767,#12768);
#10754=AXIS2_PLACEMENT_3D('',#15849,#12770,#12771);
#10755=AXIS2_PLACEMENT_3D('',#15850,#12772,#12773);
#10756=AXIS2_PLACEMENT_3D('',#15854,#12776,#12777);
#10757=AXIS2_PLACEMENT_3D('',#15856,#12778,#12779);
#10758=AXIS2_PLACEMENT_3D('',#15858,#12780,#12781);
#10759=AXIS2_PLACEMENT_3D('',#15864,#12784,#12785);
#10760=AXIS2_PLACEMENT_3D('',#15870,#12788,#12789);
#10761=AXIS2_PLACEMENT_3D('',#15874,#12791,#12792);
#10762=AXIS2_PLACEMENT_3D('',#15876,#12794,#12795);
#10763=AXIS2_PLACEMENT_3D('',#15879,#12797,#12798);
#10764=AXIS2_PLACEMENT_3D('',#15880,#12799,#12800);
#10765=AXIS2_PLACEMENT_3D('',#15884,#12803,#12804);
#10766=AXIS2_PLACEMENT_3D('',#15917,#12807,#12808);
#10767=AXIS2_PLACEMENT_3D('',#15919,#12809,#12810);
#10768=AXIS2_PLACEMENT_3D('',#15926,#12814,#12815);
#10769=AXIS2_PLACEMENT_3D('',#15927,#12816,#12817);
#10770=AXIS2_PLACEMENT_3D('',#15928,#12818,#12819);
#10771=AXIS2_PLACEMENT_3D('',#15930,#12820,#12821);
#10772=AXIS2_PLACEMENT_3D('',#15946,#12822,#12823);
#10773=AXIS2_PLACEMENT_3D('',#15948,#12825,#12826);
#10774=AXIS2_PLACEMENT_3D('',#15952,#12828,#12829);
#10775=AXIS2_PLACEMENT_3D('',#15955,#12831,#12832);
#10776=AXIS2_PLACEMENT_3D('',#15956,#12833,#12834);
#10777=AXIS2_PLACEMENT_3D('',#15960,#12836,#12837);
#10778=AXIS2_PLACEMENT_3D('',#15964,#12840,#12841);
#10779=AXIS2_PLACEMENT_3D('',#15977,#12843,#12844);
#10780=AXIS2_PLACEMENT_3D('',#15981,#12846,#12847);
#10781=AXIS2_PLACEMENT_3D('',#15983,#12849,#12850);
#10782=AXIS2_PLACEMENT_3D('',#15985,#12851,#12852);
#10783=AXIS2_PLACEMENT_3D('',#15993,#12856,#12857);
#10784=AXIS2_PLACEMENT_3D('',#16000,#12861,#12862);
#10785=AXIS2_PLACEMENT_3D('',#16004,#12864,#12865);
#10786=AXIS2_PLACEMENT_3D('',#16010,#12868,#12869);
#10787=AXIS2_PLACEMENT_3D('',#16012,#12871,#12872);
#10788=AXIS2_PLACEMENT_3D('',#16016,#12874,#12875);
#10789=AXIS2_PLACEMENT_3D('',#16029,#12877,#12878);
#10790=AXIS2_PLACEMENT_3D('',#16030,#12879,#12880);
#10791=AXIS2_PLACEMENT_3D('',#16031,#12881,#12882);
#10792=AXIS2_PLACEMENT_3D('',#16053,#12883,#12884);
#10793=AXIS2_PLACEMENT_3D('',#16062,#12885,#12886);
#10794=AXIS2_PLACEMENT_3D('',#16064,#12887,#12888);
#10795=AXIS2_PLACEMENT_3D('',#16066,#12889,#12890);
#10796=AXIS2_PLACEMENT_3D('',#16068,#12892,#12893);
#10797=AXIS2_PLACEMENT_3D('',#16069,#12894,#12895);
#10798=AXIS2_PLACEMENT_3D('',#16091,#12896,#12897);
#10799=AXIS2_PLACEMENT_3D('',#16097,#12898,#12899);
#10800=AXIS2_PLACEMENT_3D('',#16112,#12900,#12901);
#10801=AXIS2_PLACEMENT_3D('',#16113,#12902,#12903);
#10802=AXIS2_PLACEMENT_3D('',#16114,#12904,#12905);
#10803=AXIS2_PLACEMENT_3D('',#16116,#12907,#12908);
#10804=AXIS2_PLACEMENT_3D('',#16117,#12909,#12910);
#10805=AXIS2_PLACEMENT_3D('',#16118,#12911,#12912);
#10806=AXIS2_PLACEMENT_3D('',#16124,#12916,#12917);
#10807=AXIS2_PLACEMENT_3D('',#16128,#12920,#12921);
#10808=AXIS2_PLACEMENT_3D('',#16129,#12922,#12923);
#10809=AXIS2_PLACEMENT_3D('',#16130,#12924,#12925);
#10810=AXIS2_PLACEMENT_3D('',#16133,#12927,#12928);
#10811=AXIS2_PLACEMENT_3D('',#16134,#12929,#12930);
#10812=AXIS2_PLACEMENT_3D('',#16137,#12931,#12932);
#10813=AXIS2_PLACEMENT_3D('',#16141,#12934,#12935);
#10814=AXIS2_PLACEMENT_3D('',#16143,#12937,#12938);
#10815=AXIS2_PLACEMENT_3D('',#16145,#12939,#12940);
#10816=AXIS2_PLACEMENT_3D('',#16149,#12942,#12943);
#10817=AXIS2_PLACEMENT_3D('',#16151,#12945,#12946);
#10818=AXIS2_PLACEMENT_3D('',#16152,#12947,#12948);
#10819=AXIS2_PLACEMENT_3D('',#16153,#12949,#12950);
#10820=AXIS2_PLACEMENT_3D('',#16154,#12951,#12952);
#10821=AXIS2_PLACEMENT_3D('',#16156,#12954,#12955);
#10822=AXIS2_PLACEMENT_3D('',#16157,#12956,#12957);
#10823=AXIS2_PLACEMENT_3D('',#16158,#12958,#12959);
#10824=AXIS2_PLACEMENT_3D('',#16168,#12965,#12966);
#10825=AXIS2_PLACEMENT_3D('',#16170,#12968,#12969);
#10826=AXIS2_PLACEMENT_3D('',#16173,#12971,#12972);
#10827=AXIS2_PLACEMENT_3D('',#16174,#12973,#12974);
#10828=AXIS2_PLACEMENT_3D('',#16180,#12978,#12979);
#10829=AXIS2_PLACEMENT_3D('',#16182,#12980,#12981);
#10830=AXIS2_PLACEMENT_3D('',#16184,#12983,#12984);
#10831=AXIS2_PLACEMENT_3D('',#16185,#12985,#12986);
#10832=AXIS2_PLACEMENT_3D('',#16187,#12987,#12988);
#10833=AXIS2_PLACEMENT_3D('',#16189,#12990,#12991);
#10834=AXIS2_PLACEMENT_3D('',#16190,#12992,#12993);
#10835=AXIS2_PLACEMENT_3D('',#16192,#12994,#12995);
#10836=AXIS2_PLACEMENT_3D('',#16194,#12997,#12998);
#10837=AXIS2_PLACEMENT_3D('',#16195,#12999,#13000);
#10838=AXIS2_PLACEMENT_3D('',#16196,#13001,#13002);
#10839=AXIS2_PLACEMENT_3D('',#16200,#13005,#13006);
#10840=AXIS2_PLACEMENT_3D('',#16202,#13008,#13009);
#10841=AXIS2_PLACEMENT_3D('',#16203,#13010,#13011);
#10842=AXIS2_PLACEMENT_3D('',#16204,#13012,#13013);
#10843=AXIS2_PLACEMENT_3D('',#16206,#13014,#13015);
#10844=AXIS2_PLACEMENT_3D('',#16209,#13017,#13018);
#10845=AXIS2_PLACEMENT_3D('',#16210,#13019,#13020);
#10846=AXIS2_PLACEMENT_3D('',#16211,#13021,#13022);
#10847=AXIS2_PLACEMENT_3D('',#16212,#13023,#13024);
#10848=AXIS2_PLACEMENT_3D('',#16213,#13025,#13026);
#10849=AXIS2_PLACEMENT_3D('',#16214,#13027,#13028);
#10850=AXIS2_PLACEMENT_3D('',#16215,#13029,#13030);
#10851=AXIS2_PLACEMENT_3D('',#16216,#13031,#13032);
#10852=AXIS2_PLACEMENT_3D('',#16220,#13034,#13035);
#10853=AXIS2_PLACEMENT_3D('',#16222,#13037,#13038);
#10854=AXIS2_PLACEMENT_3D('',#16247,#13041,#13042);
#10855=AXIS2_PLACEMENT_3D('',#16261,#13047,#13048);
#10856=AXIS2_PLACEMENT_3D('',#16263,#13050,#13051);
#10857=AXIS2_PLACEMENT_3D('',#16265,#13053,#13054);
#10858=AXIS2_PLACEMENT_3D('',#16267,#13056,#13057);
#10859=AXIS2_PLACEMENT_3D('',#16269,#13059,#13060);
#10860=AXIS2_PLACEMENT_3D('',#16271,#13062,#13063);
#10861=AXIS2_PLACEMENT_3D('',#16272,#13064,#13065);
#10862=AXIS2_PLACEMENT_3D('',#16273,#13066,#13067);
#10863=AXIS2_PLACEMENT_3D('',#16277,#13069,#13070);
#10864=AXIS2_PLACEMENT_3D('',#16279,#13072,#13073);
#10865=AXIS2_PLACEMENT_3D('',#16281,#13075,#13076);
#10866=AXIS2_PLACEMENT_3D('',#16284,#13078,#13079);
#10867=AXIS2_PLACEMENT_3D('',#16285,#13080,#13081);
#10868=AXIS2_PLACEMENT_3D('',#16291,#13084,#13085);
#10869=AXIS2_PLACEMENT_3D('',#16294,#13087,#13088);
#10870=AXIS2_PLACEMENT_3D('',#16295,#13089,#13090);
#10871=AXIS2_PLACEMENT_3D('',#16298,#13093,#13094);
#10872=AXIS2_PLACEMENT_3D('',#16300,#13096,#13097);
#10873=AXIS2_PLACEMENT_3D('',#16320,#13099,#13100);
#10874=AXIS2_PLACEMENT_3D('',#16321,#13101,#13102);
#10875=AXIS2_PLACEMENT_3D('',#16322,#13103,#13104);
#10876=AXIS2_PLACEMENT_3D('',#16323,#13105,#13106);
#10877=AXIS2_PLACEMENT_3D('',#16324,#13107,#13108);
#10878=AXIS2_PLACEMENT_3D('',#16325,#13109,#13110);
#10879=AXIS2_PLACEMENT_3D('',#16326,#13111,#13112);
#10880=AXIS2_PLACEMENT_3D('',#16343,#13121,#13122);
#10881=AXIS2_PLACEMENT_3D('',#16344,#13123,#13124);
#10882=AXIS2_PLACEMENT_3D('',#16347,#13127,#13128);
#10883=AXIS2_PLACEMENT_3D('',#16356,#13133,#13134);
#10884=AXIS2_PLACEMENT_3D('',#16359,#13137,#13138);
#10885=AXIS2_PLACEMENT_3D('',#16361,#13140,#13141);
#10886=AXIS2_PLACEMENT_3D('',#16363,#13143,#13144);
#10887=AXIS2_PLACEMENT_3D('',#16364,#13145,#13146);
#10888=AXIS2_PLACEMENT_3D('',#16367,#13147,#13148);
#10889=AXIS2_PLACEMENT_3D('',#16370,#13151,#13152);
#10890=AXIS2_PLACEMENT_3D('',#16376,#13157,#13158);
#10891=AXIS2_PLACEMENT_3D('',#16378,#13159,#13160);
#10892=AXIS2_PLACEMENT_3D('',#16380,#13162,#13163);
#10893=AXIS2_PLACEMENT_3D('',#16384,#13166,#13167);
#10894=AXIS2_PLACEMENT_3D('',#16386,#13168,#13169);
#10895=AXIS2_PLACEMENT_3D('',#16388,#13171,#13172);
#10896=AXIS2_PLACEMENT_3D('',#16390,#13174,#13175);
#10897=AXIS2_PLACEMENT_3D('',#16393,#13176,#13177);
#10898=AXIS2_PLACEMENT_3D('',#16396,#13180,#13181);
#10899=AXIS2_PLACEMENT_3D('',#16398,#13183,#13184);
#10900=AXIS2_PLACEMENT_3D('',#16402,#13187,#13188);
#10901=AXIS2_PLACEMENT_3D('',#16411,#13193,#13194);
#10902=AXIS2_PLACEMENT_3D('',#16413,#13195,#13196);
#10903=AXIS2_PLACEMENT_3D('',#16415,#13197,#13198);
#10904=AXIS2_PLACEMENT_3D('',#16417,#13200,#13201);
#10905=AXIS2_PLACEMENT_3D('',#16423,#13205,#13206);
#10906=AXIS2_PLACEMENT_3D('',#16424,#13207,#13208);
#10907=AXIS2_PLACEMENT_3D('',#16425,#13209,#13210);
#10908=AXIS2_PLACEMENT_3D('',#16426,#13211,#13212);
#10909=AXIS2_PLACEMENT_3D('',#16428,#13214,#13215);
#10910=AXIS2_PLACEMENT_3D('',#16430,#13216,#13217);
#10911=AXIS2_PLACEMENT_3D('',#16431,#13218,#13219);
#10912=AXIS2_PLACEMENT_3D('',#16433,#13221,#13222);
#10913=AXIS2_PLACEMENT_3D('',#16434,#13223,#13224);
#10914=AXIS2_PLACEMENT_3D('',#16443,#13229,#13230);
#10915=AXIS2_PLACEMENT_3D('',#16445,#13231,#13232);
#10916=AXIS2_PLACEMENT_3D('',#16447,#13233,#13234);
#10917=AXIS2_PLACEMENT_3D('',#16449,#13236,#13237);
#10918=AXIS2_PLACEMENT_3D('',#16455,#13241,#13242);
#10919=AXIS2_PLACEMENT_3D('',#16456,#13243,#13244);
#10920=AXIS2_PLACEMENT_3D('',#16457,#13245,#13246);
#10921=AXIS2_PLACEMENT_3D('',#16458,#13247,#13248);
#10922=AXIS2_PLACEMENT_3D('',#16459,#13249,#13250);
#10923=AXIS2_PLACEMENT_3D('',#16460,#13251,#13252);
#10924=AXIS2_PLACEMENT_3D('',#16462,#13253,#13254);
#10925=AXIS2_PLACEMENT_3D('',#16463,#13255,#13256);
#10926=AXIS2_PLACEMENT_3D('',#16465,#13258,#13259);
#10927=AXIS2_PLACEMENT_3D('',#16474,#13264,#13265);
#10928=AXIS2_PLACEMENT_3D('',#16476,#13266,#13267);
#10929=AXIS2_PLACEMENT_3D('',#16478,#13268,#13269);
#10930=AXIS2_PLACEMENT_3D('',#16480,#13271,#13272);
#10931=AXIS2_PLACEMENT_3D('',#16486,#13276,#13277);
#10932=AXIS2_PLACEMENT_3D('',#16487,#13278,#13279);
#10933=AXIS2_PLACEMENT_3D('',#16488,#13280,#13281);
#10934=AXIS2_PLACEMENT_3D('',#16489,#13282,#13283);
#10935=AXIS2_PLACEMENT_3D('',#16490,#13284,#13285);
#10936=AXIS2_PLACEMENT_3D('',#16492,#13286,#13287);
#10937=AXIS2_PLACEMENT_3D('',#16493,#13288,#13289);
#10938=AXIS2_PLACEMENT_3D('',#16495,#13291,#13292);
#10939=AXIS2_PLACEMENT_3D('',#16504,#13297,#13298);
#10940=AXIS2_PLACEMENT_3D('',#16513,#13303,#13304);
#10941=AXIS2_PLACEMENT_3D('',#16514,#13305,#13306);
#10942=AXIS2_PLACEMENT_3D('',#16516,#13307,#13308);
#10943=AXIS2_PLACEMENT_3D('',#16517,#13309,#13310);
#10944=AXIS2_PLACEMENT_3D('',#16518,#13311,#13312);
#10945=AXIS2_PLACEMENT_3D('',#16519,#13313,#13314);
#10946=AXIS2_PLACEMENT_3D('',#16520,#13315,#13316);
#10947=AXIS2_PLACEMENT_3D('',#16521,#13317,#13318);
#10948=AXIS2_PLACEMENT_3D('',#16522,#13319,#13320);
#10949=AXIS2_PLACEMENT_3D('',#16526,#13322,#13323);
#10950=AXIS2_PLACEMENT_3D('',#16527,#13324,#13325);
#10951=AXIS2_PLACEMENT_3D('',#16531,#13327,#13328);
#10952=AXIS2_PLACEMENT_3D('',#16532,#13329,#13330);
#10953=AXIS2_PLACEMENT_3D('',#16536,#13332,#13333);
#10954=AXIS2_PLACEMENT_3D('',#16541,#13336,#13337);
#10955=AXIS2_PLACEMENT_3D('',#16545,#13340,#13341);
#10956=AXIS2_PLACEMENT_3D('',#16546,#13342,#13343);
#10957=AXIS2_PLACEMENT_3D('',#16548,#13345,#13346);
#10958=AXIS2_PLACEMENT_3D('',#16557,#13351,#13352);
#10959=AXIS2_PLACEMENT_3D('',#16560,#13353,#13354);
#10960=AXIS2_PLACEMENT_3D('',#16562,#13356,#13357);
#10961=AXIS2_PLACEMENT_3D('',#16565,#13359,#13360);
#10962=AXIS2_PLACEMENT_3D('',#16572,#13365,#13366);
#10963=AXIS2_PLACEMENT_3D('',#16576,#13370,#13371);
#10964=AXIS2_PLACEMENT_3D('',#16577,#13372,#13373);
#10965=AXIS2_PLACEMENT_3D('',#16579,#13375,#13376);
#10966=AXIS2_PLACEMENT_3D('',#16580,#13377,#13378);
#10967=AXIS2_PLACEMENT_3D('',#16587,#13383,#13384);
#10968=AXIS2_PLACEMENT_3D('',#16595,#13389,#13390);
#10969=AXIS2_PLACEMENT_3D('',#16601,#13394,#13395);
#10970=AXIS2_PLACEMENT_3D('',#16605,#13398,#13399);
#10971=AXIS2_PLACEMENT_3D('',#16611,#13403,#13404);
#10972=AXIS2_PLACEMENT_3D('',#16619,#13409,#13410);
#10973=AXIS2_PLACEMENT_3D('',#16621,#13412,#13413);
#10974=AXIS2_PLACEMENT_3D('',#16622,#13414,#13415);
#10975=AXIS2_PLACEMENT_3D('',#16623,#13416,#13417);
#10976=AXIS2_PLACEMENT_3D('',#16624,#13418,#13419);
#10977=AXIS2_PLACEMENT_3D('',#16625,#13420,#13421);
#10978=AXIS2_PLACEMENT_3D('',#16626,#13422,#13423);
#10979=AXIS2_PLACEMENT_3D('',#16628,#13425,#13426);
#10980=AXIS2_PLACEMENT_3D('',#16630,#13428,#13429);
#10981=AXIS2_PLACEMENT_3D('',#16632,#13430,#13431);
#10982=AXIS2_PLACEMENT_3D('',#16636,#13433,#13434);
#10983=AXIS2_PLACEMENT_3D('',#16638,#13436,#13437);
#10984=AXIS2_PLACEMENT_3D('',#16642,#13440,#13441);
#10985=AXIS2_PLACEMENT_3D('',#16646,#13444,#13445);
#10986=AXIS2_PLACEMENT_3D('',#16648,#13447,#13448);
#10987=AXIS2_PLACEMENT_3D('',#16654,#13452,#13453);
#10988=AXIS2_PLACEMENT_3D('',#16663,#13458,#13459);
#10989=AXIS2_PLACEMENT_3D('',#16666,#13460,#13461);
#10990=AXIS2_PLACEMENT_3D('',#16667,#13462,#13463);
#10991=AXIS2_PLACEMENT_3D('',#16669,#13464,#13465);
#10992=AXIS2_PLACEMENT_3D('',#16671,#13467,#13468);
#10993=AXIS2_PLACEMENT_3D('',#16677,#13472,#13473);
#10994=AXIS2_PLACEMENT_3D('',#16680,#13476,#13477);
#10995=AXIS2_PLACEMENT_3D('',#16681,#13478,#13479);
#10996=AXIS2_PLACEMENT_3D('',#16693,#13486,#13487);
#10997=AXIS2_PLACEMENT_3D('',#16695,#13488,#13489);
#10998=AXIS2_PLACEMENT_3D('',#16698,#13492,#13493);
#10999=AXIS2_PLACEMENT_3D('',#16702,#13495,#13496);
#11000=AXIS2_PLACEMENT_3D('',#16703,#13497,#13498);
#11001=AXIS2_PLACEMENT_3D('',#16704,#13499,#13500);
#11002=AXIS2_PLACEMENT_3D('',#16706,#13501,#13502);
#11003=AXIS2_PLACEMENT_3D('',#16708,#13504,#13505);
#11004=AXIS2_PLACEMENT_3D('',#16710,#13507,#13508);
#11005=AXIS2_PLACEMENT_3D('',#16711,#13509,#13510);
#11006=AXIS2_PLACEMENT_3D('',#16712,#13511,#13512);
#11007=AXIS2_PLACEMENT_3D('',#16713,#13513,#13514);
#11008=AXIS2_PLACEMENT_3D('',#16714,#13515,#13516);
#11009=AXIS2_PLACEMENT_3D('',#16715,#13517,#13518);
#11010=AXIS2_PLACEMENT_3D('',#16720,#13520,#13521);
#11011=AXIS2_PLACEMENT_3D('',#16723,#13523,#13524);
#11012=AXIS2_PLACEMENT_3D('',#16724,#13525,#13526);
#11013=AXIS2_PLACEMENT_3D('',#16727,#13529,#13530);
#11014=AXIS2_PLACEMENT_3D('',#16729,#13532,#13533);
#11015=AXIS2_PLACEMENT_3D('',#16731,#13534,#13535);
#11016=AXIS2_PLACEMENT_3D('',#16733,#13537,#13538);
#11017=AXIS2_PLACEMENT_3D('',#16736,#13540,#13541);
#11018=AXIS2_PLACEMENT_3D('',#16737,#13542,#13543);
#11019=AXIS2_PLACEMENT_3D('',#16739,#13544,#13545);
#11020=AXIS2_PLACEMENT_3D('',#16742,#13548,#13549);
#11021=AXIS2_PLACEMENT_3D('',#16744,#13550,#13551);
#11022=AXIS2_PLACEMENT_3D('',#16748,#13553,#13554);
#11023=AXIS2_PLACEMENT_3D('',#16751,#13557,#13558);
#11024=AXIS2_PLACEMENT_3D('',#16755,#13561,#13562);
#11025=AXIS2_PLACEMENT_3D('',#16756,#13563,#13564);
#11026=AXIS2_PLACEMENT_3D('',#16759,#13567,#13568);
#11027=AXIS2_PLACEMENT_3D('',#16762,#13570,#13571);
#11028=AXIS2_PLACEMENT_3D('',#16763,#13572,#13573);
#11029=AXIS2_PLACEMENT_3D('',#16764,#13574,#13575);
#11030=AXIS2_PLACEMENT_3D('',#16766,#13577,#13578);
#11031=AXIS2_PLACEMENT_3D('',#16767,#13579,#13580);
#11032=AXIS2_PLACEMENT_3D('',#16768,#13581,#13582);
#11033=AXIS2_PLACEMENT_3D('',#16775,#13585,#13586);
#11034=AXIS2_PLACEMENT_3D('',#16777,#13588,#13589);
#11035=AXIS2_PLACEMENT_3D('',#16781,#13591,#13592);
#11036=AXIS2_PLACEMENT_3D('',#16786,#13596,#13597);
#11037=AXIS2_PLACEMENT_3D('',#16792,#13601,#13602);
#11038=AXIS2_PLACEMENT_3D('',#16796,#13605,#13606);
#11039=AXIS2_PLACEMENT_3D('',#16800,#13609,#13610);
#11040=AXIS2_PLACEMENT_3D('',#16804,#13613,#13614);
#11041=AXIS2_PLACEMENT_3D('',#16806,#13615,#13616);
#11042=AXIS2_PLACEMENT_3D('',#16808,#13618,#13619);
#11043=AXIS2_PLACEMENT_3D('',#16835,#13620,#13621);
#11044=AXIS2_PLACEMENT_3D('',#16862,#13622,#13623);
#11045=AXIS2_PLACEMENT_3D('',#16864,#13624,#13625);
#11046=AXIS2_PLACEMENT_3D('',#16902,#13627,#13628);
#11047=AXIS2_PLACEMENT_3D('',#16903,#13629,#13630);
#11048=AXIS2_PLACEMENT_3D('',#16904,#13631,#13632);
#11049=AXIS2_PLACEMENT_3D('',#16907,#13634,#13635);
#11050=AXIS2_PLACEMENT_3D('',#16908,#13636,#13637);
#11051=AXIS2_PLACEMENT_3D('',#16911,#13640,#13641);
#11052=AXIS2_PLACEMENT_3D('',#16915,#13644,#13645);
#11053=AXIS2_PLACEMENT_3D('',#16919,#13648,#13649);
#11054=AXIS2_PLACEMENT_3D('',#16920,#13650,#13651);
#11055=AXIS2_PLACEMENT_3D('',#16921,#13652,#13653);
#11056=AXIS2_PLACEMENT_3D('',#16922,#13654,#13655);
#11057=AXIS2_PLACEMENT_3D('',#16926,#13658,#13659);
#11058=AXIS2_PLACEMENT_3D('',#16930,#13661,#13662);
#11059=AXIS2_PLACEMENT_3D('',#16932,#13664,#13665);
#11060=AXIS2_PLACEMENT_3D('',#16934,#13666,#13667);
#11061=AXIS2_PLACEMENT_3D('',#16974,#13669,#13670);
#11062=AXIS2_PLACEMENT_3D('',#16980,#13674,#13675);
#11063=AXIS2_PLACEMENT_3D('',#16984,#13678,#13679);
#11064=AXIS2_PLACEMENT_3D('',#16988,#13682,#13683);
#11065=AXIS2_PLACEMENT_3D('',#17015,#13686,#13687);
#11066=AXIS2_PLACEMENT_3D('',#17016,#13688,#13689);
#11067=AXIS2_PLACEMENT_3D('',#17019,#13691,#13692);
#11068=AXIS2_PLACEMENT_3D('',#17020,#13693,#13694);
#11069=AXIS2_PLACEMENT_3D('',#17022,#13695,#13696);
#11070=AXIS2_PLACEMENT_3D('',#17025,#13698,#13699);
#11071=AXIS2_PLACEMENT_3D('',#17026,#13700,#13701);
#11072=AXIS2_PLACEMENT_3D('',#17032,#13705,#13706);
#11073=AXIS2_PLACEMENT_3D('',#17053,#13707,#13708);
#11074=AXIS2_PLACEMENT_3D('',#17055,#13710,#13711);
#11075=AXIS2_PLACEMENT_3D('',#17056,#13712,#13713);
#11076=AXIS2_PLACEMENT_3D('',#17058,#13715,#13716);
#11077=AXIS2_PLACEMENT_3D('',#17060,#13718,#13719);
#11078=AXIS2_PLACEMENT_3D('',#17061,#13720,#13721);
#11079=AXIS2_PLACEMENT_3D('',#17062,#13722,#13723);
#11080=AXIS2_PLACEMENT_3D('',#17068,#13727,#13728);
#11081=AXIS2_PLACEMENT_3D('',#17072,#13731,#13732);
#11082=AXIS2_PLACEMENT_3D('',#17076,#13735,#13736);
#11083=AXIS2_PLACEMENT_3D('',#17082,#13740,#13741);
#11084=AXIS2_PLACEMENT_3D('',#17086,#13744,#13745);
#11085=AXIS2_PLACEMENT_3D('',#17090,#13748,#13749);
#11086=AXIS2_PLACEMENT_3D('',#17091,#13750,#13751);
#11087=AXIS2_PLACEMENT_3D('',#17092,#13752,#13753);
#11088=AXIS2_PLACEMENT_3D('',#17094,#13754,#13755);
#11089=AXIS2_PLACEMENT_3D('',#17095,#13756,#13757);
#11090=AXIS2_PLACEMENT_3D('',#17096,#13758,#13759);
#11091=AXIS2_PLACEMENT_3D('',#17098,#13761,#13762);
#11092=AXIS2_PLACEMENT_3D('',#17099,#13763,#13764);
#11093=AXIS2_PLACEMENT_3D('',#17100,#13765,#13766);
#11094=AXIS2_PLACEMENT_3D('',#17102,#13768,#13769);
#11095=AXIS2_PLACEMENT_3D('',#17104,#13771,#13772);
#11096=AXIS2_PLACEMENT_3D('',#17105,#13773,#13774);
#11097=DIRECTION('axis',(0.,0.,1.));
#11098=DIRECTION('refdir',(1.,0.,0.));
#11099=DIRECTION('axis',(0.,0.,1.));
#11100=DIRECTION('refdir',(1.,0.,0.));
#11101=DIRECTION('center_axis',(0.,0.,1.));
#11102=DIRECTION('ref_axis',(-1.,0.,0.));
#11103=DIRECTION('',(1.,-9.40395480657816E-38,0.));
#11104=DIRECTION('',(0.,-1.,0.));
#11105=DIRECTION('',(-1.,0.,0.));
#11106=DIRECTION('',(0.,-1.,0.));
#11107=DIRECTION('center_axis',(-1.,0.,0.));
#11108=DIRECTION('ref_axis',(0.,0.,-1.));
#11109=DIRECTION('',(0.,7.83036536159816E-54,1.));
#11110=DIRECTION('',(0.,1.,0.));
#11111=DIRECTION('',(0.,0.,1.));
#11112=DIRECTION('',(0.,-1.,0.));
#11113=DIRECTION('',(0.,0.,-1.));
#11114=DIRECTION('center_axis',(0.,0.,1.));
#11115=DIRECTION('ref_axis',(-1.,0.,0.));
#11116=DIRECTION('',(1.,0.,0.));
#11117=DIRECTION('',(0.,-1.,0.));
#11118=DIRECTION('',(-1.,0.,0.));
#11119=DIRECTION('center_axis',(1.,0.,0.));
#11120=DIRECTION('ref_axis',(0.,0.,1.));
#11121=DIRECTION('',(0.,0.,-1.));
#11122=DIRECTION('',(0.,-1.,0.));
#11123=DIRECTION('',(0.,-7.83036536159816E-54,-1.));
#11124=DIRECTION('',(0.,-1.,0.));
#11125=DIRECTION('',(0.,0.,1.));
#11126=DIRECTION('center_axis',(-1.,0.,0.));
#11127=DIRECTION('ref_axis',(0.,0.,-1.));
#11128=DIRECTION('center_axis',(-1.,0.,0.));
#11129=DIRECTION('ref_axis',(0.,0.,-1.));
#11130=DIRECTION('',(0.,-1.,0.));
#11131=DIRECTION('',(0.,0.,-1.));
#11132=DIRECTION('',(0.,-1.,0.));
#11133=DIRECTION('center_axis',(0.,0.,-1.));
#11134=DIRECTION('ref_axis',(1.,0.,0.));
#11135=DIRECTION('',(1.,0.,0.));
#11136=DIRECTION('',(0.,-1.,0.));
#11137=DIRECTION('',(1.,0.,0.));
#11138=DIRECTION('center_axis',(-1.,0.,0.));
#11139=DIRECTION('ref_axis',(0.,0.,-1.));
#11140=DIRECTION('',(0.,-4.10670598340316E-16,-1.));
#11141=DIRECTION('',(0.,1.,0.));
#11142=DIRECTION('',(0.,7.83036536159816E-54,1.));
#11143=DIRECTION('',(0.,0.,-1.));
#11144=DIRECTION('center_axis',(-1.,0.,0.));
#11145=DIRECTION('ref_axis',(0.,0.,-1.));
#11146=DIRECTION('',(0.,-1.,0.));
#11147=DIRECTION('',(0.,0.,-1.));
#11148=DIRECTION('',(0.,-1.,0.));
#11149=DIRECTION('center_axis',(1.,0.,0.));
#11150=DIRECTION('ref_axis',(0.,0.,1.));
#11151=DIRECTION('center_axis',(1.,0.,0.));
#11152=DIRECTION('ref_axis',(0.,0.,-1.));
#11153=DIRECTION('',(0.,-1.,0.));
#11154=DIRECTION('',(0.,0.,1.));
#11155=DIRECTION('center_axis',(0.,0.,-1.));
#11156=DIRECTION('ref_axis',(1.,0.,0.));
#11157=DIRECTION('',(1.,0.,0.));
#11158=DIRECTION('',(0.,-1.,0.));
#11159=DIRECTION('',(1.,0.,0.));
#11160=DIRECTION('center_axis',(0.,0.,1.));
#11161=DIRECTION('ref_axis',(-1.,0.,0.));
#11162=DIRECTION('',(-1.,-1.70975042284772E-32,0.));
#11163=DIRECTION('',(-1.,0.,0.));
#11164=DIRECTION('',(0.,-1.,0.));
#11165=DIRECTION('center_axis',(-1.,0.,0.));
#11166=DIRECTION('ref_axis',(0.,0.,-1.));
#11167=DIRECTION('',(0.,-4.10670598340316E-16,-1.));
#11168=DIRECTION('',(0.,0.,-1.));
#11169=DIRECTION('',(0.,-1.,0.));
#11170=DIRECTION('',(0.,0.,-1.));
#11171=DIRECTION('',(0.,1.,0.));
#11172=DIRECTION('center_axis',(0.,0.,1.));
#11173=DIRECTION('ref_axis',(-1.,0.,0.));
#11174=DIRECTION('',(-1.,0.,0.));
#11175=DIRECTION('',(-1.,0.,0.));
#11176=DIRECTION('',(0.,-1.,0.));
#11177=DIRECTION('center_axis',(1.,0.,0.));
#11178=DIRECTION('ref_axis',(0.,0.,1.));
#11179=DIRECTION('',(0.,0.,1.));
#11180=DIRECTION('',(0.,0.,1.));
#11181=DIRECTION('',(0.,-1.,0.));
#11182=DIRECTION('',(0.,4.10670598340316E-16,1.));
#11183=DIRECTION('',(0.,-1.,0.));
#11184=DIRECTION('center_axis',(0.,0.,1.));
#11185=DIRECTION('ref_axis',(-1.,0.,0.));
#11186=DIRECTION('',(-1.,-1.70975042284772E-32,0.));
#11187=DIRECTION('',(-1.,0.,0.));
#11188=DIRECTION('',(0.,-1.,0.));
#11189=DIRECTION('',(-1.,0.,0.));
#11190=DIRECTION('',(1.,-9.40395480657816E-38,0.));
#11191=DIRECTION('',(-3.15602533462853E-32,-1.,0.));
#11192=DIRECTION('center_axis',(1.,0.,0.));
#11193=DIRECTION('ref_axis',(0.,0.,1.));
#11194=DIRECTION('center_axis',(1.,0.,0.));
#11195=DIRECTION('ref_axis',(0.,0.,-1.));
#11196=DIRECTION('',(0.,0.,1.));
#11197=DIRECTION('',(0.,0.,1.));
#11198=DIRECTION('center_axis',(0.,0.,-1.));
#11199=DIRECTION('ref_axis',(1.,0.,0.));
#11200=DIRECTION('',(1.,0.,0.));
#11201=DIRECTION('',(1.,0.,0.));
#11202=DIRECTION('center_axis',(0.,-1.,0.));
#11203=DIRECTION('ref_axis',(0.,0.,-1.));
#11204=DIRECTION('center_axis',(0.,-1.,0.));
#11205=DIRECTION('ref_axis',(0.,0.,-1.));
#11206=DIRECTION('',(1.,0.,0.));
#11207=DIRECTION('center_axis',(0.,0.,-1.));
#11208=DIRECTION('ref_axis',(0.,1.,0.));
#11209=DIRECTION('',(1.,1.70975042284772E-32,0.));
#11210=DIRECTION('center_axis',(-1.70975042284772E-32,1.,-4.10670598340316E-16));
#11211=DIRECTION('ref_axis',(4.16333634234433E-17,4.10670598340316E-16,
1.));
#11212=DIRECTION('',(0.,0.,-1.));
#11213=DIRECTION('',(-1.,0.,0.));
#11214=DIRECTION('center_axis',(-1.,3.15602533462853E-32,-1.25638171237631E-33));
#11215=DIRECTION('ref_axis',(-3.15602533462853E-32,-1.,0.));
#11216=DIRECTION('',(3.556044930365E-32,-3.0893162204186E-15,1.));
#11217=DIRECTION('',(-1.24206329978009E-32,-1.,0.));
#11218=DIRECTION('center_axis',(0.,1.,0.));
#11219=DIRECTION('ref_axis',(0.,0.,-1.));
#11220=DIRECTION('',(-1.,0.,0.));
#11221=DIRECTION('center_axis',(0.,1.,0.));
#11222=DIRECTION('ref_axis',(0.,0.,1.));
#11223=DIRECTION('',(1.,0.,0.));
#11224=DIRECTION('center_axis',(0.,0.,-1.));
#11225=DIRECTION('ref_axis',(0.,1.,0.));
#11226=DIRECTION('',(-1.,9.40395480657816E-38,0.));
#11227=DIRECTION('center_axis',(0.,0.,-1.));
#11228=DIRECTION('ref_axis',(-1.,0.,0.));
#11229=DIRECTION('',(1.,0.,0.));
#11230=DIRECTION('center_axis',(-9.40395480657816E-38,-1.,7.83036536159816E-54));
#11231=DIRECTION('ref_axis',(-4.16333634234433E-17,-3.91518268079911E-54,
-1.));
#11232=DIRECTION('center_axis',(-1.,0.,0.));
#11233=DIRECTION('ref_axis',(0.,0.,-1.));
#11234=DIRECTION('center_axis',(-5.72458747072346E-17,-1.66533453693773E-16,
1.));
#11235=DIRECTION('ref_axis',(-1.,0.,-5.72458747072346E-17));
#11236=DIRECTION('',(1.,0.,0.));
#11237=DIRECTION('',(-9.53335322471682E-33,1.,1.66533453693773E-16));
#11238=DIRECTION('',(-1.,0.,-5.72458747072346E-17));
#11239=DIRECTION('',(9.53335322471682E-33,-1.,-1.66533453693773E-16));
#11240=DIRECTION('',(1.,0.,5.72458747072346E-17));
#11241=DIRECTION('',(-8.8716487522177E-35,1.,0.));
#11242=DIRECTION('',(-1.,0.,-5.72458747072346E-17));
#11243=DIRECTION('',(9.53335322471682E-33,-1.,-1.66533453693773E-16));
#11244=DIRECTION('',(1.,0.,5.72458747072346E-17));
#11245=DIRECTION('',(-8.8716487522177E-35,1.,0.));
#11246=DIRECTION('',(1.,0.,5.72458747072346E-17));
#11247=DIRECTION('',(9.53335322471682E-33,-1.,-1.66533453693773E-16));
#11248=DIRECTION('',(-1.,0.,-5.72458747072346E-17));
#11249=DIRECTION('',(-8.8716487522177E-35,1.,0.));
#11250=DIRECTION('',(-1.,0.,-5.72458747072346E-17));
#11251=DIRECTION('',(9.53335322471682E-33,-1.,-1.66533453693773E-16));
#11252=DIRECTION('',(1.,0.,5.72458747072346E-17));
#11253=DIRECTION('',(-8.8716487522177E-35,1.,0.));
#11254=DIRECTION('',(-1.,0.,-5.72458747072346E-17));
#11255=DIRECTION('',(9.53335322471682E-33,-1.,-1.66533453693773E-16));
#11256=DIRECTION('',(1.,0.,5.72458747072346E-17));
#11257=DIRECTION('',(-9.53335322471682E-33,1.,1.66533453693773E-16));
#11258=DIRECTION('',(-1.,0.,0.));
#11259=DIRECTION('',(9.53335322471682E-33,-1.,-1.66533453693773E-16));
#11260=DIRECTION('',(1.,0.,5.72458747072346E-17));
#11261=DIRECTION('',(-9.53335322471682E-33,1.,1.66533453693773E-16));
#11262=DIRECTION('',(-1.,0.,0.));
#11263=DIRECTION('',(-9.53335322471682E-33,1.,1.66533453693773E-16));
#11264=DIRECTION('',(-1.,0.,-5.72458747072346E-17));
#11265=DIRECTION('',(9.53335322471682E-33,-1.,-1.66533453693773E-16));
#11266=DIRECTION('',(-9.53335322471682E-33,1.,1.66533453693773E-16));
#11267=DIRECTION('',(-1.,0.,-5.72458747072346E-17));
#11268=DIRECTION('',(9.53335322471682E-33,-1.,-1.66533453693773E-16));
#11269=DIRECTION('',(1.,0.,5.72458747072346E-17));
#11270=DIRECTION('',(-1.,0.,-5.72458747072346E-17));
#11271=DIRECTION('',(9.53335322471682E-33,-1.,-1.66533453693773E-16));
#11272=DIRECTION('',(1.,0.,5.72458747072346E-17));
#11273=DIRECTION('',(-9.53335322471682E-33,1.,1.66533453693773E-16));
#11274=DIRECTION('',(-9.53335322471682E-33,1.,1.66533453693773E-16));
#11275=DIRECTION('',(-1.,0.,-5.72458747072346E-17));
#11276=DIRECTION('',(9.53335322471682E-33,-1.,-1.66533453693773E-16));
#11277=DIRECTION('',(1.,0.,5.72458747072346E-17));
#11278=DIRECTION('',(9.53335322471682E-33,-1.,-1.66533453693773E-16));
#11279=DIRECTION('',(1.,0.,5.72458747072346E-17));
#11280=DIRECTION('',(-9.53335322471682E-33,1.,1.66533453693773E-16));
#11281=DIRECTION('',(-1.,0.,-5.72458747072346E-17));
#11282=DIRECTION('',(-1.,0.,-5.72458747072346E-17));
#11283=DIRECTION('',(9.53335322471682E-33,-1.,-1.66533453693773E-16));
#11284=DIRECTION('',(1.,0.,5.72458747072346E-17));
#11285=DIRECTION('',(-9.53335322471682E-33,1.,1.66533453693773E-16));
#11286=DIRECTION('',(-1.,0.,-5.72458747072346E-17));
#11287=DIRECTION('',(9.53335322471682E-33,-1.,-1.66533453693773E-16));
#11288=DIRECTION('',(1.,0.,5.72458747072346E-17));
#11289=DIRECTION('',(-9.53335322471682E-33,1.,1.66533453693773E-16));
#11290=DIRECTION('',(-9.53335322471682E-33,1.,1.66533453693773E-16));
#11291=DIRECTION('',(-1.,0.,-5.72458747072346E-17));
#11292=DIRECTION('',(9.53335322471682E-33,-1.,-1.66533453693773E-16));
#11293=DIRECTION('',(1.,0.,5.72458747072346E-17));
#11294=DIRECTION('',(-1.,0.,-5.72458747072346E-17));
#11295=DIRECTION('',(9.53335322471682E-33,-1.,-1.66533453693773E-16));
#11296=DIRECTION('',(1.,0.,5.72458747072346E-17));
#11297=DIRECTION('',(-9.53335322471682E-33,1.,1.66533453693773E-16));
#11298=DIRECTION('',(-9.53335322471682E-33,1.,1.66533453693773E-16));
#11299=DIRECTION('',(-1.,0.,-5.72458747072346E-17));
#11300=DIRECTION('',(9.53335322471682E-33,-1.,-1.66533453693773E-16));
#11301=DIRECTION('',(1.,0.,5.72458747072346E-17));
#11302=DIRECTION('',(-9.53335322471682E-33,1.,1.66533453693773E-16));
#11303=DIRECTION('',(-1.,0.,-5.72458747072346E-17));
#11304=DIRECTION('',(9.53335322471682E-33,-1.,-1.66533453693773E-16));
#11305=DIRECTION('',(1.,0.,5.72458747072346E-17));
#11306=DIRECTION('',(-1.,0.,-5.72458747072346E-17));
#11307=DIRECTION('',(9.53335322471682E-33,-1.,-1.66533453693773E-16));
#11308=DIRECTION('',(1.,0.,5.72458747072346E-17));
#11309=DIRECTION('',(-9.53335322471682E-33,1.,1.66533453693773E-16));
#11310=DIRECTION('',(-1.,0.,-5.72458747072346E-17));
#11311=DIRECTION('',(9.53335322471682E-33,-1.,-1.66533453693773E-16));
#11312=DIRECTION('',(1.,0.,5.72458747072346E-17));
#11313=DIRECTION('',(-9.53335322471682E-33,1.,1.66533453693773E-16));
#11314=DIRECTION('',(-1.,0.,-5.72458747072346E-17));
#11315=DIRECTION('',(9.53335322471682E-33,-1.,-1.66533453693773E-16));
#11316=DIRECTION('',(1.,0.,5.72458747072346E-17));
#11317=DIRECTION('',(-9.53335322471682E-33,1.,1.66533453693773E-16));
#11318=DIRECTION('',(-9.53335322471682E-33,1.,1.66533453693773E-16));
#11319=DIRECTION('',(-1.,0.,-5.72458747072346E-17));
#11320=DIRECTION('',(9.53335322471682E-33,-1.,-1.66533453693773E-16));
#11321=DIRECTION('',(1.,0.,5.72458747072346E-17));
#11322=DIRECTION('',(-9.53335322471682E-33,1.,1.66533453693773E-16));
#11323=DIRECTION('',(-1.,0.,-5.72458747072346E-17));
#11324=DIRECTION('',(9.53335322471682E-33,-1.,-1.66533453693773E-16));
#11325=DIRECTION('',(1.,0.,5.72458747072346E-17));
#11326=DIRECTION('',(-1.,0.,-5.72458747072346E-17));
#11327=DIRECTION('',(9.53335322471682E-33,-1.,-1.66533453693773E-16));
#11328=DIRECTION('',(1.,0.,5.72458747072346E-17));
#11329=DIRECTION('',(-9.53335322471682E-33,1.,1.66533453693773E-16));
#11330=DIRECTION('',(-9.53335322471682E-33,1.,1.66533453693773E-16));
#11331=DIRECTION('',(-1.,0.,-5.72458747072346E-17));
#11332=DIRECTION('',(9.53335322471682E-33,-1.,-1.66533453693773E-16));
#11333=DIRECTION('',(1.,0.,5.72458747072346E-17));
#11334=DIRECTION('',(-9.53335322471682E-33,1.,1.66533453693773E-16));
#11335=DIRECTION('',(-1.,0.,-5.72458747072346E-17));
#11336=DIRECTION('',(9.53335322471682E-33,-1.,-1.66533453693773E-16));
#11337=DIRECTION('',(1.,0.,5.72458747072346E-17));
#11338=DIRECTION('',(-9.53335322471682E-33,1.,1.66533453693773E-16));
#11339=DIRECTION('',(-1.,0.,-5.72458747072346E-17));
#11340=DIRECTION('',(9.53335322471682E-33,-1.,-1.66533453693773E-16));
#11341=DIRECTION('',(1.,0.,5.72458747072346E-17));
#11342=DIRECTION('',(-1.,0.,-5.72458747072346E-17));
#11343=DIRECTION('',(9.53335322471682E-33,-1.,-1.66533453693773E-16));
#11344=DIRECTION('',(1.,0.,5.72458747072346E-17));
#11345=DIRECTION('',(-9.53335322471682E-33,1.,1.66533453693773E-16));
#11346=DIRECTION('',(1.,0.,5.72458747072346E-17));
#11347=DIRECTION('',(-9.53335322471682E-33,1.,1.66533453693773E-16));
#11348=DIRECTION('',(-1.,0.,-5.72458747072346E-17));
#11349=DIRECTION('',(9.53335322471682E-33,-1.,-1.66533453693773E-16));
#11350=DIRECTION('',(-9.53335322471682E-33,1.,1.66533453693773E-16));
#11351=DIRECTION('',(-1.,0.,-5.72458747072346E-17));
#11352=DIRECTION('',(9.53335322471682E-33,-1.,-1.66533453693773E-16));
#11353=DIRECTION('',(1.,0.,5.72458747072346E-17));
#11354=DIRECTION('',(-9.53335322471682E-33,1.,1.66533453693773E-16));
#11355=DIRECTION('',(-1.,0.,-5.72458747072346E-17));
#11356=DIRECTION('',(9.53335322471682E-33,-1.,-1.66533453693773E-16));
#11357=DIRECTION('',(1.,0.,5.72458747072346E-17));
#11358=DIRECTION('',(-1.,0.,-5.72458747072346E-17));
#11359=DIRECTION('',(9.53335322471682E-33,-1.,-1.66533453693773E-16));
#11360=DIRECTION('',(1.,0.,5.72458747072346E-17));
#11361=DIRECTION('',(-9.53335322471682E-33,1.,1.66533453693773E-16));
#11362=DIRECTION('',(-9.53335322471682E-33,1.,1.66533453693773E-16));
#11363=DIRECTION('',(-1.,0.,-5.72458747072346E-17));
#11364=DIRECTION('',(9.53335322471682E-33,-1.,-1.66533453693773E-16));
#11365=DIRECTION('',(1.,0.,5.72458747072346E-17));
#11366=DIRECTION('',(-9.53335322471682E-33,1.,1.66533453693773E-16));
#11367=DIRECTION('',(-1.,0.,-5.72458747072346E-17));
#11368=DIRECTION('',(9.53335322471682E-33,-1.,-1.66533453693773E-16));
#11369=DIRECTION('',(1.,0.,5.72458747072346E-17));
#11370=DIRECTION('',(-1.,0.,-5.72458747072346E-17));
#11371=DIRECTION('',(9.53335322471682E-33,-1.,-1.66533453693773E-16));
#11372=DIRECTION('',(1.,0.,5.72458747072346E-17));
#11373=DIRECTION('',(-9.53335322471682E-33,1.,1.66533453693773E-16));
#11374=DIRECTION('',(-9.53335322471682E-33,1.,1.66533453693773E-16));
#11375=DIRECTION('',(-1.,0.,-5.72458747072346E-17));
#11376=DIRECTION('',(9.53335322471682E-33,-1.,-1.66533453693773E-16));
#11377=DIRECTION('',(1.,0.,5.72458747072346E-17));
#11378=DIRECTION('',(1.,0.,5.72458747072346E-17));
#11379=DIRECTION('',(-9.53335322471682E-33,1.,1.66533453693773E-16));
#11380=DIRECTION('',(-1.,0.,-5.72458747072346E-17));
#11381=DIRECTION('',(9.53335322471682E-33,-1.,-1.66533453693773E-16));
#11382=DIRECTION('',(-1.,0.,-5.72458747072346E-17));
#11383=DIRECTION('',(9.53335322471682E-33,-1.,-1.66533453693773E-16));
#11384=DIRECTION('',(1.,0.,5.72458747072346E-17));
#11385=DIRECTION('',(-9.53335322471682E-33,1.,1.66533453693773E-16));
#11386=DIRECTION('',(-1.,0.,-5.72458747072346E-17));
#11387=DIRECTION('',(9.53335322471682E-33,-1.,-1.66533453693773E-16));
#11388=DIRECTION('',(1.,0.,5.72458747072346E-17));
#11389=DIRECTION('',(-9.53335322471682E-33,1.,1.66533453693773E-16));
#11390=DIRECTION('',(1.,0.,5.72458747072346E-17));
#11391=DIRECTION('',(-9.53335322471682E-33,1.,1.66533453693773E-16));
#11392=DIRECTION('',(-1.,0.,-5.72458747072346E-17));
#11393=DIRECTION('',(9.53335322471682E-33,-1.,-1.66533453693773E-16));
#11394=DIRECTION('',(-1.,0.,-5.72458747072346E-17));
#11395=DIRECTION('',(9.53335322471682E-33,-1.,-1.66533453693773E-16));
#11396=DIRECTION('',(1.,0.,5.72458747072346E-17));
#11397=DIRECTION('',(-9.53335322471682E-33,1.,1.66533453693773E-16));
#11398=DIRECTION('',(-9.53335322471682E-33,1.,1.66533453693773E-16));
#11399=DIRECTION('',(-1.,0.,-5.72458747072346E-17));
#11400=DIRECTION('',(9.53335322471682E-33,-1.,-1.66533453693773E-16));
#11401=DIRECTION('',(1.,0.,5.72458747072346E-17));
#11402=DIRECTION('',(-1.,0.,-5.72458747072346E-17));
#11403=DIRECTION('',(9.53335322471682E-33,-1.,-1.66533453693773E-16));
#11404=DIRECTION('',(1.,0.,5.72458747072346E-17));
#11405=DIRECTION('',(-9.53335322471682E-33,1.,1.66533453693773E-16));
#11406=DIRECTION('',(-1.,0.,-5.72458747072346E-17));
#11407=DIRECTION('',(9.53335322471682E-33,-1.,-1.66533453693773E-16));
#11408=DIRECTION('',(1.,0.,5.72458747072346E-17));
#11409=DIRECTION('',(-9.53335322471682E-33,1.,1.66533453693773E-16));
#11410=DIRECTION('',(-1.,0.,-5.72458747072346E-17));
#11411=DIRECTION('',(9.53335322471682E-33,-1.,-1.66533453693773E-16));
#11412=DIRECTION('',(1.,0.,5.72458747072346E-17));
#11413=DIRECTION('',(-9.53335322471682E-33,1.,1.66533453693773E-16));
#11414=DIRECTION('',(-1.,0.,-5.72458747072346E-17));
#11415=DIRECTION('',(9.53335322471682E-33,-1.,-1.66533453693773E-16));
#11416=DIRECTION('',(1.,0.,5.72458747072346E-17));
#11417=DIRECTION('',(-9.53335322471682E-33,1.,1.66533453693773E-16));
#11418=DIRECTION('',(-9.53335322471682E-33,1.,1.66533453693773E-16));
#11419=DIRECTION('',(-1.,0.,-5.72458747072346E-17));
#11420=DIRECTION('',(9.53335322471682E-33,-1.,-1.66533453693773E-16));
#11421=DIRECTION('',(1.,0.,5.72458747072346E-17));
#11422=DIRECTION('',(-1.,0.,-5.72458747072346E-17));
#11423=DIRECTION('',(9.53335322471682E-33,-1.,-1.66533453693773E-16));
#11424=DIRECTION('',(1.,0.,5.72458747072346E-17));
#11425=DIRECTION('',(-9.53335322471682E-33,1.,1.66533453693773E-16));
#11426=DIRECTION('center_axis',(0.,1.,0.));
#11427=DIRECTION('ref_axis',(-1.,0.,-5.72458747072346E-17));
#11428=DIRECTION('',(0.,0.,1.));
#11429=DIRECTION('',(-1.,0.,-5.72458747072346E-17));
#11430=DIRECTION('',(0.,0.,1.));
#11431=DIRECTION('center_axis',(-1.,-9.53335322471682E-33,0.));
#11432=DIRECTION('ref_axis',(9.53335322471682E-33,-1.,-1.66533453693773E-16));
#11433=DIRECTION('',(9.53335322471682E-33,-1.,-1.66533453693773E-16));
#11434=DIRECTION('',(0.,0.,1.));
#11435=DIRECTION('center_axis',(0.,-1.,0.));
#11436=DIRECTION('ref_axis',(1.,0.,5.72458747072346E-17));
#11437=DIRECTION('',(1.,0.,5.72458747072346E-17));
#11438=DIRECTION('',(0.,0.,1.));
#11439=DIRECTION('center_axis',(1.,9.53335322471682E-33,0.));
#11440=DIRECTION('ref_axis',(-9.53335322471682E-33,1.,1.66533453693773E-16));
#11441=DIRECTION('',(-9.53335322471682E-33,1.,1.66533453693773E-16));
#11442=DIRECTION('center_axis',(-1.,-9.53335322471682E-33,0.));
#11443=DIRECTION('ref_axis',(9.53335322471682E-33,-1.,-1.66533453693773E-16));
#11444=DIRECTION('',(0.,0.,1.));
#11445=DIRECTION('',(9.53335322471682E-33,-1.,-1.66533453693773E-16));
#11446=DIRECTION('',(0.,0.,1.));
#11447=DIRECTION('center_axis',(0.,-1.,0.));
#11448=DIRECTION('ref_axis',(1.,0.,5.72458747072346E-17));
#11449=DIRECTION('',(1.,0.,5.72458747072346E-17));
#11450=DIRECTION('',(0.,0.,1.));
#11451=DIRECTION('center_axis',(1.,9.53335322471682E-33,0.));
#11452=DIRECTION('ref_axis',(-9.53335322471682E-33,1.,1.66533453693773E-16));
#11453=DIRECTION('',(-9.53335322471682E-33,1.,1.66533453693773E-16));
#11454=DIRECTION('',(0.,0.,1.));
#11455=DIRECTION('center_axis',(0.,1.,0.));
#11456=DIRECTION('ref_axis',(-1.,0.,-5.72458747072346E-17));
#11457=DIRECTION('',(-1.,0.,-5.72458747072346E-17));
#11458=DIRECTION('center_axis',(0.,1.,0.));
#11459=DIRECTION('ref_axis',(-1.,0.,-5.72458747072346E-17));
#11460=DIRECTION('',(0.,0.,1.));
#11461=DIRECTION('',(-1.,0.,-5.72458747072346E-17));
#11462=DIRECTION('',(0.,0.,1.));
#11463=DIRECTION('center_axis',(-1.,-9.53335322471682E-33,0.));
#11464=DIRECTION('ref_axis',(9.53335322471682E-33,-1.,-1.66533453693773E-16));
#11465=DIRECTION('',(9.53335322471682E-33,-1.,-1.66533453693773E-16));
#11466=DIRECTION('',(0.,0.,1.));
#11467=DIRECTION('center_axis',(0.,-1.,0.));
#11468=DIRECTION('ref_axis',(1.,0.,5.72458747072346E-17));
#11469=DIRECTION('',(1.,0.,5.72458747072346E-17));
#11470=DIRECTION('',(0.,0.,1.));
#11471=DIRECTION('center_axis',(1.,9.53335322471682E-33,0.));
#11472=DIRECTION('ref_axis',(-9.53335322471682E-33,1.,1.66533453693773E-16));
#11473=DIRECTION('',(-9.53335322471682E-33,1.,1.66533453693773E-16));
#11474=DIRECTION('center_axis',(0.,-1.,0.));
#11475=DIRECTION('ref_axis',(1.,0.,5.72458747072346E-17));
#11476=DIRECTION('',(0.,0.,1.));
#11477=DIRECTION('',(1.,0.,5.72458747072346E-17));
#11478=DIRECTION('',(0.,0.,1.));
#11479=DIRECTION('center_axis',(1.,9.53335322471682E-33,0.));
#11480=DIRECTION('ref_axis',(-9.53335322471682E-33,1.,1.66533453693773E-16));
#11481=DIRECTION('',(-9.53335322471682E-33,1.,1.66533453693773E-16));
#11482=DIRECTION('',(0.,0.,1.));
#11483=DIRECTION('center_axis',(0.,1.,0.));
#11484=DIRECTION('ref_axis',(-1.,0.,-5.72458747072346E-17));
#11485=DIRECTION('',(-1.,0.,-5.72458747072346E-17));
#11486=DIRECTION('',(0.,0.,1.));
#11487=DIRECTION('center_axis',(-1.,-9.53335322471682E-33,0.));
#11488=DIRECTION('ref_axis',(9.53335322471682E-33,-1.,-1.66533453693773E-16));
#11489=DIRECTION('',(9.53335322471682E-33,-1.,-1.66533453693773E-16));
#11490=DIRECTION('center_axis',(-1.,-9.53335322471682E-33,0.));
#11491=DIRECTION('ref_axis',(9.53335322471682E-33,-1.,-1.66533453693773E-16));
#11492=DIRECTION('',(0.,0.,1.));
#11493=DIRECTION('',(9.53335322471682E-33,-1.,-1.66533453693773E-16));
#11494=DIRECTION('',(0.,0.,1.));
#11495=DIRECTION('center_axis',(0.,-1.,0.));
#11496=DIRECTION('ref_axis',(1.,0.,5.72458747072346E-17));
#11497=DIRECTION('',(1.,0.,5.72458747072346E-17));
#11498=DIRECTION('',(0.,0.,1.));
#11499=DIRECTION('center_axis',(1.,9.53335322471682E-33,0.));
#11500=DIRECTION('ref_axis',(-9.53335322471682E-33,1.,1.66533453693773E-16));
#11501=DIRECTION('',(-9.53335322471682E-33,1.,1.66533453693773E-16));
#11502=DIRECTION('',(0.,0.,1.));
#11503=DIRECTION('center_axis',(0.,1.,0.));
#11504=DIRECTION('ref_axis',(-1.,0.,-5.72458747072346E-17));
#11505=DIRECTION('',(-1.,0.,-5.72458747072346E-17));
#11506=DIRECTION('center_axis',(-1.,-9.53335322471682E-33,0.));
#11507=DIRECTION('ref_axis',(9.53335322471682E-33,-1.,-1.66533453693773E-16));
#11508=DIRECTION('',(0.,0.,1.));
#11509=DIRECTION('',(9.53335322471682E-33,-1.,-1.66533453693773E-16));
#11510=DIRECTION('',(0.,0.,1.));
#11511=DIRECTION('center_axis',(0.,-1.,0.));
#11512=DIRECTION('ref_axis',(1.,0.,5.72458747072346E-17));
#11513=DIRECTION('',(1.,0.,5.72458747072346E-17));
#11514=DIRECTION('',(0.,0.,1.));
#11515=DIRECTION('center_axis',(1.,9.53335322471682E-33,0.));
#11516=DIRECTION('ref_axis',(-9.53335322471682E-33,1.,1.66533453693773E-16));
#11517=DIRECTION('',(-9.53335322471682E-33,1.,1.66533453693773E-16));
#11518=DIRECTION('',(0.,0.,1.));
#11519=DIRECTION('center_axis',(0.,1.,0.));
#11520=DIRECTION('ref_axis',(-1.,0.,-5.72458747072346E-17));
#11521=DIRECTION('',(-1.,0.,-5.72458747072346E-17));
#11522=DIRECTION('center_axis',(0.,1.,0.));
#11523=DIRECTION('ref_axis',(-1.,0.,-5.72458747072346E-17));
#11524=DIRECTION('',(0.,0.,1.));
#11525=DIRECTION('',(-1.,0.,-5.72458747072346E-17));
#11526=DIRECTION('',(0.,0.,1.));
#11527=DIRECTION('center_axis',(-1.,-9.53335322471682E-33,0.));
#11528=DIRECTION('ref_axis',(9.53335322471682E-33,-1.,-1.66533453693773E-16));
#11529=DIRECTION('',(9.53335322471682E-33,-1.,-1.66533453693773E-16));
#11530=DIRECTION('',(0.,0.,1.));
#11531=DIRECTION('center_axis',(0.,-1.,0.));
#11532=DIRECTION('ref_axis',(1.,0.,5.72458747072346E-17));
#11533=DIRECTION('',(1.,0.,5.72458747072346E-17));
#11534=DIRECTION('',(0.,0.,1.));
#11535=DIRECTION('center_axis',(1.,9.53335322471682E-33,0.));
#11536=DIRECTION('ref_axis',(-9.53335322471682E-33,1.,1.66533453693773E-16));
#11537=DIRECTION('',(-9.53335322471682E-33,1.,1.66533453693773E-16));
#11538=DIRECTION('center_axis',(-1.,-9.53335322471682E-33,0.));
#11539=DIRECTION('ref_axis',(9.53335322471682E-33,-1.,-1.66533453693773E-16));
#11540=DIRECTION('',(0.,0.,1.));
#11541=DIRECTION('',(9.53335322471682E-33,-1.,-1.66533453693773E-16));
#11542=DIRECTION('',(0.,0.,1.));
#11543=DIRECTION('center_axis',(0.,-1.,0.));
#11544=DIRECTION('ref_axis',(1.,0.,5.72458747072346E-17));
#11545=DIRECTION('',(1.,0.,5.72458747072346E-17));
#11546=DIRECTION('',(0.,0.,1.));
#11547=DIRECTION('center_axis',(1.,9.53335322471682E-33,0.));
#11548=DIRECTION('ref_axis',(-9.53335322471682E-33,1.,1.66533453693773E-16));
#11549=DIRECTION('',(-9.53335322471682E-33,1.,1.66533453693773E-16));
#11550=DIRECTION('',(0.,0.,1.));
#11551=DIRECTION('center_axis',(0.,1.,0.));
#11552=DIRECTION('ref_axis',(-1.,0.,-5.72458747072346E-17));
#11553=DIRECTION('',(-1.,0.,-5.72458747072346E-17));
#11554=DIRECTION('center_axis',(0.,1.,0.));
#11555=DIRECTION('ref_axis',(-1.,0.,-5.72458747072346E-17));
#11556=DIRECTION('',(0.,0.,1.));
#11557=DIRECTION('',(-1.,0.,-5.72458747072346E-17));
#11558=DIRECTION('',(0.,0.,1.));
#11559=DIRECTION('center_axis',(-1.,-9.53335322471682E-33,0.));
#11560=DIRECTION('ref_axis',(9.53335322471682E-33,-1.,-1.66533453693773E-16));
#11561=DIRECTION('',(9.53335322471682E-33,-1.,-1.66533453693773E-16));
#11562=DIRECTION('',(0.,0.,1.));
#11563=DIRECTION('center_axis',(0.,-1.,0.));
#11564=DIRECTION('ref_axis',(1.,0.,5.72458747072346E-17));
#11565=DIRECTION('',(1.,0.,5.72458747072346E-17));
#11566=DIRECTION('',(0.,0.,1.));
#11567=DIRECTION('center_axis',(1.,9.53335322471682E-33,0.));
#11568=DIRECTION('ref_axis',(-9.53335322471682E-33,1.,1.66533453693773E-16));
#11569=DIRECTION('',(-9.53335322471682E-33,1.,1.66533453693773E-16));
#11570=DIRECTION('center_axis',(0.,1.,0.));
#11571=DIRECTION('ref_axis',(-1.,0.,-5.72458747072346E-17));
#11572=DIRECTION('',(0.,0.,1.));
#11573=DIRECTION('',(-1.,0.,-5.72458747072346E-17));
#11574=DIRECTION('',(0.,0.,1.));
#11575=DIRECTION('center_axis',(-1.,-9.53335322471682E-33,0.));
#11576=DIRECTION('ref_axis',(9.53335322471682E-33,-1.,-1.66533453693773E-16));
#11577=DIRECTION('',(9.53335322471682E-33,-1.,-1.66533453693773E-16));
#11578=DIRECTION('',(0.,0.,1.));
#11579=DIRECTION('center_axis',(0.,-1.,0.));
#11580=DIRECTION('ref_axis',(1.,0.,5.72458747072346E-17));
#11581=DIRECTION('',(1.,0.,5.72458747072346E-17));
#11582=DIRECTION('',(0.,0.,1.));
#11583=DIRECTION('center_axis',(1.,9.53335322471682E-33,0.));
#11584=DIRECTION('ref_axis',(-9.53335322471682E-33,1.,1.66533453693773E-16));
#11585=DIRECTION('',(-9.53335322471682E-33,1.,1.66533453693773E-16));
#11586=DIRECTION('center_axis',(-1.,-9.53335322471682E-33,0.));
#11587=DIRECTION('ref_axis',(9.53335322471682E-33,-1.,-1.66533453693773E-16));
#11588=DIRECTION('',(0.,0.,1.));
#11589=DIRECTION('',(9.53335322471682E-33,-1.,-1.66533453693773E-16));
#11590=DIRECTION('',(0.,0.,1.));
#11591=DIRECTION('center_axis',(0.,-1.,0.));
#11592=DIRECTION('ref_axis',(1.,0.,5.72458747072346E-17));
#11593=DIRECTION('',(1.,0.,5.72458747072346E-17));
#11594=DIRECTION('',(0.,0.,1.));
#11595=DIRECTION('center_axis',(1.,9.53335322471682E-33,0.));
#11596=DIRECTION('ref_axis',(-9.53335322471682E-33,1.,1.66533453693773E-16));
#11597=DIRECTION('',(-9.53335322471682E-33,1.,1.66533453693773E-16));
#11598=DIRECTION('',(0.,0.,1.));
#11599=DIRECTION('center_axis',(0.,1.,0.));
#11600=DIRECTION('ref_axis',(-1.,0.,-5.72458747072346E-17));
#11601=DIRECTION('',(-1.,0.,-5.72458747072346E-17));
#11602=DIRECTION('center_axis',(-1.,-9.53335322471682E-33,0.));
#11603=DIRECTION('ref_axis',(9.53335322471682E-33,-1.,-1.66533453693773E-16));
#11604=DIRECTION('',(0.,0.,1.));
#11605=DIRECTION('',(9.53335322471682E-33,-1.,-1.66533453693773E-16));
#11606=DIRECTION('',(0.,0.,1.));
#11607=DIRECTION('center_axis',(0.,-1.,0.));
#11608=DIRECTION('ref_axis',(1.,0.,5.72458747072346E-17));
#11609=DIRECTION('',(1.,0.,5.72458747072346E-17));
#11610=DIRECTION('',(0.,0.,1.));
#11611=DIRECTION('center_axis',(1.,9.53335322471682E-33,0.));
#11612=DIRECTION('ref_axis',(-9.53335322471682E-33,1.,1.66533453693773E-16));
#11613=DIRECTION('',(-9.53335322471682E-33,1.,1.66533453693773E-16));
#11614=DIRECTION('',(0.,0.,1.));
#11615=DIRECTION('center_axis',(0.,1.,0.));
#11616=DIRECTION('ref_axis',(-1.,0.,-5.72458747072346E-17));
#11617=DIRECTION('',(-1.,0.,-5.72458747072346E-17));
#11618=DIRECTION('center_axis',(-1.,-9.53335322471682E-33,0.));
#11619=DIRECTION('ref_axis',(9.53335322471682E-33,-1.,-1.66533453693773E-16));
#11620=DIRECTION('',(0.,0.,1.));
#11621=DIRECTION('',(9.53335322471682E-33,-1.,-1.66533453693773E-16));
#11622=DIRECTION('',(0.,0.,1.));
#11623=DIRECTION('center_axis',(0.,-1.,0.));
#11624=DIRECTION('ref_axis',(1.,0.,5.72458747072346E-17));
#11625=DIRECTION('',(1.,0.,5.72458747072346E-17));
#11626=DIRECTION('',(0.,0.,1.));
#11627=DIRECTION('center_axis',(1.,9.53335322471682E-33,0.));
#11628=DIRECTION('ref_axis',(-9.53335322471682E-33,1.,1.66533453693773E-16));
#11629=DIRECTION('',(-9.53335322471682E-33,1.,1.66533453693773E-16));
#11630=DIRECTION('',(0.,0.,1.));
#11631=DIRECTION('center_axis',(0.,1.,0.));
#11632=DIRECTION('ref_axis',(-1.,0.,-5.72458747072346E-17));
#11633=DIRECTION('',(-1.,0.,-5.72458747072346E-17));
#11634=DIRECTION('center_axis',(0.,1.,0.));
#11635=DIRECTION('ref_axis',(-1.,0.,-5.72458747072346E-17));
#11636=DIRECTION('',(0.,0.,1.));
#11637=DIRECTION('',(-1.,0.,-5.72458747072346E-17));
#11638=DIRECTION('',(0.,0.,1.));
#11639=DIRECTION('center_axis',(-1.,-9.53335322471682E-33,0.));
#11640=DIRECTION('ref_axis',(9.53335322471682E-33,-1.,-1.66533453693773E-16));
#11641=DIRECTION('',(9.53335322471682E-33,-1.,-1.66533453693773E-16));
#11642=DIRECTION('',(0.,0.,1.));
#11643=DIRECTION('center_axis',(0.,-1.,0.));
#11644=DIRECTION('ref_axis',(1.,0.,5.72458747072346E-17));
#11645=DIRECTION('',(1.,0.,5.72458747072346E-17));
#11646=DIRECTION('',(0.,0.,1.));
#11647=DIRECTION('center_axis',(1.,9.53335322471682E-33,0.));
#11648=DIRECTION('ref_axis',(-9.53335322471682E-33,1.,1.66533453693773E-16));
#11649=DIRECTION('',(-9.53335322471682E-33,1.,1.66533453693773E-16));
#11650=DIRECTION('center_axis',(0.,1.,0.));
#11651=DIRECTION('ref_axis',(-1.,0.,-5.72458747072346E-17));
#11652=DIRECTION('',(0.,0.,1.));
#11653=DIRECTION('',(-1.,0.,-5.72458747072346E-17));
#11654=DIRECTION('',(0.,0.,1.));
#11655=DIRECTION('center_axis',(-1.,-9.53335322471682E-33,0.));
#11656=DIRECTION('ref_axis',(9.53335322471682E-33,-1.,-1.66533453693773E-16));
#11657=DIRECTION('',(9.53335322471682E-33,-1.,-1.66533453693773E-16));
#11658=DIRECTION('',(0.,0.,1.));
#11659=DIRECTION('center_axis',(0.,-1.,0.));
#11660=DIRECTION('ref_axis',(1.,0.,5.72458747072346E-17));
#11661=DIRECTION('',(1.,0.,5.72458747072346E-17));
#11662=DIRECTION('',(0.,0.,1.));
#11663=DIRECTION('center_axis',(1.,9.53335322471682E-33,0.));
#11664=DIRECTION('ref_axis',(-9.53335322471682E-33,1.,1.66533453693773E-16));
#11665=DIRECTION('',(-9.53335322471682E-33,1.,1.66533453693773E-16));
#11666=DIRECTION('center_axis',(-1.,-9.53335322471682E-33,0.));
#11667=DIRECTION('ref_axis',(9.53335322471682E-33,-1.,-1.66533453693773E-16));
#11668=DIRECTION('',(0.,0.,1.));
#11669=DIRECTION('',(9.53335322471682E-33,-1.,-1.66533453693773E-16));
#11670=DIRECTION('',(0.,0.,1.));
#11671=DIRECTION('center_axis',(0.,-1.,0.));
#11672=DIRECTION('ref_axis',(1.,0.,5.72458747072346E-17));
#11673=DIRECTION('',(1.,0.,5.72458747072346E-17));
#11674=DIRECTION('',(0.,0.,1.));
#11675=DIRECTION('center_axis',(1.,9.53335322471682E-33,0.));
#11676=DIRECTION('ref_axis',(-9.53335322471682E-33,1.,1.66533453693773E-16));
#11677=DIRECTION('',(-9.53335322471682E-33,1.,1.66533453693773E-16));
#11678=DIRECTION('',(0.,0.,1.));
#11679=DIRECTION('center_axis',(0.,1.,0.));
#11680=DIRECTION('ref_axis',(-1.,0.,-5.72458747072346E-17));
#11681=DIRECTION('',(-1.,0.,-5.72458747072346E-17));
#11682=DIRECTION('center_axis',(0.,1.,0.));
#11683=DIRECTION('ref_axis',(-1.,0.,-5.72458747072346E-17));
#11684=DIRECTION('',(0.,0.,1.));
#11685=DIRECTION('',(-1.,0.,-5.72458747072346E-17));
#11686=DIRECTION('',(0.,0.,1.));
#11687=DIRECTION('center_axis',(-1.,-9.53335322471682E-33,0.));
#11688=DIRECTION('ref_axis',(9.53335322471682E-33,-1.,-1.66533453693773E-16));
#11689=DIRECTION('',(9.53335322471682E-33,-1.,-1.66533453693773E-16));
#11690=DIRECTION('',(0.,0.,1.));
#11691=DIRECTION('center_axis',(0.,-1.,0.));
#11692=DIRECTION('ref_axis',(1.,0.,5.72458747072346E-17));
#11693=DIRECTION('',(1.,0.,5.72458747072346E-17));
#11694=DIRECTION('',(0.,0.,1.));
#11695=DIRECTION('center_axis',(1.,9.53335322471682E-33,0.));
#11696=DIRECTION('ref_axis',(-9.53335322471682E-33,1.,1.66533453693773E-16));
#11697=DIRECTION('',(-9.53335322471682E-33,1.,1.66533453693773E-16));
#11698=DIRECTION('center_axis',(0.,1.,0.));
#11699=DIRECTION('ref_axis',(-1.,0.,-5.72458747072346E-17));
#11700=DIRECTION('',(0.,0.,1.));
#11701=DIRECTION('',(-1.,0.,-5.72458747072346E-17));
#11702=DIRECTION('',(0.,0.,1.));
#11703=DIRECTION('center_axis',(-1.,-9.53335322471682E-33,0.));
#11704=DIRECTION('ref_axis',(9.53335322471682E-33,-1.,-1.66533453693773E-16));
#11705=DIRECTION('',(9.53335322471682E-33,-1.,-1.66533453693773E-16));
#11706=DIRECTION('',(0.,0.,1.));
#11707=DIRECTION('center_axis',(0.,-1.,0.));
#11708=DIRECTION('ref_axis',(1.,0.,5.72458747072346E-17));
#11709=DIRECTION('',(1.,0.,5.72458747072346E-17));
#11710=DIRECTION('',(0.,0.,1.));
#11711=DIRECTION('center_axis',(1.,9.53335322471682E-33,0.));
#11712=DIRECTION('ref_axis',(-9.53335322471682E-33,1.,1.66533453693773E-16));
#11713=DIRECTION('',(-9.53335322471682E-33,1.,1.66533453693773E-16));
#11714=DIRECTION('center_axis',(0.,1.,0.));
#11715=DIRECTION('ref_axis',(-1.,0.,-5.72458747072346E-17));
#11716=DIRECTION('',(0.,0.,1.));
#11717=DIRECTION('',(-1.,0.,-5.72458747072346E-17));
#11718=DIRECTION('',(0.,0.,1.));
#11719=DIRECTION('center_axis',(-1.,-9.53335322471682E-33,0.));
#11720=DIRECTION('ref_axis',(9.53335322471682E-33,-1.,-1.66533453693773E-16));
#11721=DIRECTION('',(9.53335322471682E-33,-1.,-1.66533453693773E-16));
#11722=DIRECTION('',(0.,0.,1.));
#11723=DIRECTION('center_axis',(0.,-1.,0.));
#11724=DIRECTION('ref_axis',(1.,0.,5.72458747072346E-17));
#11725=DIRECTION('',(1.,0.,5.72458747072346E-17));
#11726=DIRECTION('',(0.,0.,1.));
#11727=DIRECTION('center_axis',(1.,9.53335322471682E-33,0.));
#11728=DIRECTION('ref_axis',(-9.53335322471682E-33,1.,1.66533453693773E-16));
#11729=DIRECTION('',(-9.53335322471682E-33,1.,1.66533453693773E-16));
#11730=DIRECTION('center_axis',(-1.,-9.53335322471682E-33,0.));
#11731=DIRECTION('ref_axis',(9.53335322471682E-33,-1.,-1.66533453693773E-16));
#11732=DIRECTION('',(0.,0.,1.));
#11733=DIRECTION('',(9.53335322471682E-33,-1.,-1.66533453693773E-16));
#11734=DIRECTION('',(0.,0.,1.));
#11735=DIRECTION('center_axis',(0.,-1.,0.));
#11736=DIRECTION('ref_axis',(1.,0.,5.72458747072346E-17));
#11737=DIRECTION('',(1.,0.,5.72458747072346E-17));
#11738=DIRECTION('',(0.,0.,1.));
#11739=DIRECTION('center_axis',(1.,9.53335322471682E-33,0.));
#11740=DIRECTION('ref_axis',(-9.53335322471682E-33,1.,1.66533453693773E-16));
#11741=DIRECTION('',(-9.53335322471682E-33,1.,1.66533453693773E-16));
#11742=DIRECTION('',(0.,0.,1.));
#11743=DIRECTION('center_axis',(0.,1.,0.));
#11744=DIRECTION('ref_axis',(-1.,0.,-5.72458747072346E-17));
#11745=DIRECTION('',(-1.,0.,-5.72458747072346E-17));
#11746=DIRECTION('center_axis',(0.,1.,0.));
#11747=DIRECTION('ref_axis',(-1.,0.,-5.72458747072346E-17));
#11748=DIRECTION('',(1.,0.,0.));
#11749=DIRECTION('',(0.,0.,1.));
#11750=DIRECTION('',(-1.,0.,-5.72458747072346E-17));
#11751=DIRECTION('',(0.,0.,1.));
#11752=DIRECTION('center_axis',(-1.,-9.53335322471682E-33,0.));
#11753=DIRECTION('ref_axis',(9.53335322471682E-33,-1.,-1.66533453693773E-16));
#11754=DIRECTION('',(-9.53335322471682E-33,1.,0.));
#11755=DIRECTION('',(9.53335322471682E-33,-1.,-1.66533453693773E-16));
#11756=DIRECTION('',(0.,0.,1.));
#11757=DIRECTION('center_axis',(0.,-1.,0.));
#11758=DIRECTION('ref_axis',(1.,0.,5.72458747072346E-17));
#11759=DIRECTION('',(-1.,0.,0.));
#11760=DIRECTION('',(1.,0.,5.72458747072346E-17));
#11761=DIRECTION('',(0.,0.,1.));
#11762=DIRECTION('center_axis',(1.,9.53335322471682E-33,0.));
#11763=DIRECTION('ref_axis',(-9.53335322471682E-33,1.,1.66533453693773E-16));
#11764=DIRECTION('',(9.53335322471682E-33,-1.,0.));
#11765=DIRECTION('',(-9.53335322471682E-33,1.,1.66533453693773E-16));
#11766=DIRECTION('center_axis',(0.,1.,0.));
#11767=DIRECTION('ref_axis',(-1.,0.,-5.72458747072346E-17));
#11768=DIRECTION('',(1.,0.,0.));
#11769=DIRECTION('',(0.,0.,1.));
#11770=DIRECTION('',(-1.,0.,-5.72458747072346E-17));
#11771=DIRECTION('',(0.,0.,1.));
#11772=DIRECTION('center_axis',(-1.,-9.53335322471682E-33,0.));
#11773=DIRECTION('ref_axis',(9.53335322471682E-33,-1.,-1.66533453693773E-16));
#11774=DIRECTION('',(-9.53335322471682E-33,1.,0.));
#11775=DIRECTION('',(9.53335322471682E-33,-1.,-1.66533453693773E-16));
#11776=DIRECTION('',(0.,0.,1.));
#11777=DIRECTION('center_axis',(0.,-1.,0.));
#11778=DIRECTION('ref_axis',(1.,0.,5.72458747072346E-17));
#11779=DIRECTION('',(-1.,0.,0.));
#11780=DIRECTION('',(1.,0.,5.72458747072346E-17));
#11781=DIRECTION('',(0.,0.,1.));
#11782=DIRECTION('center_axis',(1.,9.53335322471682E-33,0.));
#11783=DIRECTION('ref_axis',(-9.53335322471682E-33,1.,1.66533453693773E-16));
#11784=DIRECTION('',(9.53335322471682E-33,-1.,0.));
#11785=DIRECTION('',(-9.53335322471682E-33,1.,1.66533453693773E-16));
#11786=DIRECTION('center_axis',(-1.,-9.53335322471682E-33,0.));
#11787=DIRECTION('ref_axis',(9.53335322471682E-33,-1.,-1.66533453693773E-16));
#11788=DIRECTION('',(0.,0.,1.));
#11789=DIRECTION('',(9.53335322471682E-33,-1.,-1.66533453693773E-16));
#11790=DIRECTION('',(0.,0.,1.));
#11791=DIRECTION('center_axis',(0.,-1.,0.));
#11792=DIRECTION('ref_axis',(1.,0.,5.72458747072346E-17));
#11793=DIRECTION('',(-1.,0.,0.));
#11794=DIRECTION('',(1.,0.,5.72458747072346E-17));
#11795=DIRECTION('',(0.,0.,1.));
#11796=DIRECTION('center_axis',(1.,9.53335322471682E-33,0.));
#11797=DIRECTION('ref_axis',(-9.53335322471682E-33,1.,1.66533453693773E-16));
#11798=DIRECTION('',(9.53335322471682E-33,-1.,0.));
#11799=DIRECTION('',(-9.53335322471682E-33,1.,1.66533453693773E-16));
#11800=DIRECTION('',(0.,0.,1.));
#11801=DIRECTION('center_axis',(0.,1.,0.));
#11802=DIRECTION('ref_axis',(-1.,0.,-5.72458747072346E-17));
#11803=DIRECTION('',(-1.,0.,-5.72458747072346E-17));
#11804=DIRECTION('center_axis',(-1.,-9.53335322471682E-33,0.));
#11805=DIRECTION('ref_axis',(9.53335322471682E-33,-1.,-1.66533453693773E-16));
#11806=DIRECTION('',(0.,0.,1.));
#11807=DIRECTION('',(9.53335322471682E-33,-1.,-1.66533453693773E-16));
#11808=DIRECTION('',(0.,0.,1.));
#11809=DIRECTION('center_axis',(0.,-1.,0.));
#11810=DIRECTION('ref_axis',(1.,0.,5.72458747072346E-17));
#11811=DIRECTION('',(1.,0.,5.72458747072346E-17));
#11812=DIRECTION('',(0.,0.,1.));
#11813=DIRECTION('center_axis',(1.,9.53335322471682E-33,0.));
#11814=DIRECTION('ref_axis',(-9.53335322471682E-33,1.,1.66533453693773E-16));
#11815=DIRECTION('',(9.53335322471682E-33,-1.,0.));
#11816=DIRECTION('',(-9.53335322471682E-33,1.,1.66533453693773E-16));
#11817=DIRECTION('',(0.,0.,1.));
#11818=DIRECTION('center_axis',(0.,1.,0.));
#11819=DIRECTION('ref_axis',(-1.,0.,-5.72458747072346E-17));
#11820=DIRECTION('',(1.,0.,0.));
#11821=DIRECTION('',(-1.,0.,-5.72458747072346E-17));
#11822=DIRECTION('',(0.,0.,1.));
#11823=DIRECTION('center_axis',(-1.,-9.53335322471682E-33,0.));
#11824=DIRECTION('ref_axis',(9.53335322471682E-33,-1.,-1.66533453693773E-16));
#11825=DIRECTION('',(9.53335322471682E-33,-1.,-1.66533453693773E-16));
#11826=DIRECTION('',(0.,0.,1.));
#11827=DIRECTION('center_axis',(0.,-1.,0.));
#11828=DIRECTION('ref_axis',(1.,0.,5.72458747072346E-17));
#11829=DIRECTION('',(1.,0.,5.72458747072346E-17));
#11830=DIRECTION('',(0.,0.,1.));
#11831=DIRECTION('center_axis',(1.,9.53335322471682E-33,0.));
#11832=DIRECTION('ref_axis',(-9.53335322471682E-33,1.,1.66533453693773E-16));
#11833=DIRECTION('',(-9.53335322471682E-33,1.,1.66533453693773E-16));
#11834=DIRECTION('',(0.,0.,1.));
#11835=DIRECTION('center_axis',(-8.14323729832869E-10,-1.,0.));
#11836=DIRECTION('ref_axis',(1.,-8.14323729832869E-10,5.72458754987472E-17));
#11837=DIRECTION('',(1.,-8.14323729832869E-10,5.72458754987472E-17));
#11838=DIRECTION('center_axis',(0.,1.,0.));
#11839=DIRECTION('ref_axis',(-1.,0.,-5.72458747072346E-17));
#11840=DIRECTION('',(1.,0.,0.));
#11841=DIRECTION('',(0.,0.,1.));
#11842=DIRECTION('',(-1.,0.,-5.72458747072346E-17));
#11843=DIRECTION('',(0.,0.,1.));
#11844=DIRECTION('center_axis',(-1.,-9.53335322471682E-33,0.));
#11845=DIRECTION('ref_axis',(9.53335322471682E-33,-1.,-1.66533453693773E-16));
#11846=DIRECTION('',(9.53335322471682E-33,-1.,-1.66533453693773E-16));
#11847=DIRECTION('',(0.,0.,1.));
#11848=DIRECTION('center_axis',(0.,-1.,0.));
#11849=DIRECTION('ref_axis',(1.,0.,5.72458747072346E-17));
#11850=DIRECTION('',(-1.,0.,0.));
#11851=DIRECTION('',(1.,0.,5.72458747072346E-17));
#11852=DIRECTION('',(0.,0.,1.));
#11853=DIRECTION('center_axis',(1.,9.53335322471682E-33,0.));
#11854=DIRECTION('ref_axis',(-9.53335322471682E-33,1.,1.66533453693773E-16));
#11855=DIRECTION('',(9.53335322471682E-33,-1.,0.));
#11856=DIRECTION('',(-9.53335322471682E-33,1.,1.66533453693773E-16));
#11857=DIRECTION('center_axis',(-1.,-9.53335322471682E-33,0.));
#11858=DIRECTION('ref_axis',(9.53335322471682E-33,-1.,-1.66533453693773E-16));
#11859=DIRECTION('',(0.,0.,1.));
#11860=DIRECTION('',(9.53335322471682E-33,-1.,-1.66533453693773E-16));
#11861=DIRECTION('',(0.,0.,1.));
#11862=DIRECTION('center_axis',(0.,-1.,0.));
#11863=DIRECTION('ref_axis',(1.,0.,5.72458747072346E-17));
#11864=DIRECTION('',(-1.,0.,0.));
#11865=DIRECTION('',(1.,0.,5.72458747072346E-17));
#11866=DIRECTION('',(0.,0.,1.));
#11867=DIRECTION('center_axis',(1.,9.53335322471682E-33,0.));
#11868=DIRECTION('ref_axis',(-9.53335322471682E-33,1.,1.66533453693773E-16));
#11869=DIRECTION('',(9.53335322471682E-33,-1.,0.));
#11870=DIRECTION('',(-9.53335322471682E-33,1.,1.66533453693773E-16));
#11871=DIRECTION('',(0.,0.,1.));
#11872=DIRECTION('center_axis',(0.,1.,0.));
#11873=DIRECTION('ref_axis',(-1.,0.,-5.72458747072346E-17));
#11874=DIRECTION('',(1.,0.,0.));
#11875=DIRECTION('',(-1.,0.,-5.72458747072346E-17));
#11876=DIRECTION('center_axis',(1.,9.53335322471682E-33,0.));
#11877=DIRECTION('ref_axis',(-9.53335322471682E-33,1.,1.66533453693773E-16));
#11878=DIRECTION('',(0.,0.,1.));
#11879=DIRECTION('',(-9.53335322471682E-33,1.,1.66533453693773E-16));
#11880=DIRECTION('',(0.,0.,1.));
#11881=DIRECTION('center_axis',(0.,1.,0.));
#11882=DIRECTION('ref_axis',(-1.,0.,-5.72458747072346E-17));
#11883=DIRECTION('',(-1.,0.,-5.72458747072346E-17));
#11884=DIRECTION('',(0.,0.,1.));
#11885=DIRECTION('center_axis',(-1.,-9.53335322471682E-33,0.));
#11886=DIRECTION('ref_axis',(9.53335322471682E-33,-1.,-1.66533453693773E-16));
#11887=DIRECTION('',(9.53335322471682E-33,-1.,-1.66533453693773E-16));
#11888=DIRECTION('',(0.,0.,1.));
#11889=DIRECTION('center_axis',(0.,-1.,0.));
#11890=DIRECTION('ref_axis',(1.,0.,5.72458747072346E-17));
#11891=DIRECTION('',(1.,0.,5.72458747072346E-17));
#11892=DIRECTION('center_axis',(0.,1.,0.));
#11893=DIRECTION('ref_axis',(-1.,0.,-5.72458747072346E-17));
#11894=DIRECTION('',(0.,0.,1.));
#11895=DIRECTION('',(-1.,0.,-5.72458747072346E-17));
#11896=DIRECTION('',(0.,0.,1.));
#11897=DIRECTION('center_axis',(-1.,-9.53335322471682E-33,0.));
#11898=DIRECTION('ref_axis',(9.53335322471682E-33,-1.,-1.66533453693773E-16));
#11899=DIRECTION('',(9.53335322471682E-33,-1.,-1.66533453693773E-16));
#11900=DIRECTION('',(0.,0.,1.));
#11901=DIRECTION('center_axis',(0.,-1.,0.));
#11902=DIRECTION('ref_axis',(1.,0.,5.72458747072346E-17));
#11903=DIRECTION('',(1.,0.,5.72458747072346E-17));
#11904=DIRECTION('',(0.,0.,1.));
#11905=DIRECTION('center_axis',(1.,9.53335322471682E-33,0.));
#11906=DIRECTION('ref_axis',(-9.53335322471682E-33,1.,1.66533453693773E-16));
#11907=DIRECTION('',(-9.53335322471682E-33,1.,1.66533453693773E-16));
#11908=DIRECTION('center_axis',(0.,1.,0.));
#11909=DIRECTION('ref_axis',(-1.,0.,-5.72458747072346E-17));
#11910=DIRECTION('',(0.,0.,1.));
#11911=DIRECTION('',(-1.,0.,-5.72458747072346E-17));
#11912=DIRECTION('',(0.,0.,1.));
#11913=DIRECTION('center_axis',(-1.,-9.53335322471682E-33,0.));
#11914=DIRECTION('ref_axis',(9.53335322471682E-33,-1.,-1.66533453693773E-16));
#11915=DIRECTION('',(9.53335322471682E-33,-1.,-1.66533453693773E-16));
#11916=DIRECTION('',(0.,0.,1.));
#11917=DIRECTION('center_axis',(0.,-1.,0.));
#11918=DIRECTION('ref_axis',(1.,0.,5.72458747072346E-17));
#11919=DIRECTION('',(1.,0.,5.72458747072346E-17));
#11920=DIRECTION('',(0.,0.,1.));
#11921=DIRECTION('center_axis',(1.,9.53335322471682E-33,0.));
#11922=DIRECTION('ref_axis',(-9.53335322471682E-33,1.,1.66533453693773E-16));
#11923=DIRECTION('',(-9.53335322471682E-33,1.,1.66533453693773E-16));
#11924=DIRECTION('center_axis',(-1.,-9.53335322471682E-33,0.));
#11925=DIRECTION('ref_axis',(9.53335322471682E-33,-1.,-1.66533453693773E-16));
#11926=DIRECTION('',(0.,0.,1.));
#11927=DIRECTION('',(9.53335322471682E-33,-1.,-1.66533453693773E-16));
#11928=DIRECTION('',(0.,0.,1.));
#11929=DIRECTION('center_axis',(0.,-1.,0.));
#11930=DIRECTION('ref_axis',(1.,0.,5.72458747072346E-17));
#11931=DIRECTION('',(1.,0.,5.72458747072346E-17));
#11932=DIRECTION('',(0.,0.,1.));
#11933=DIRECTION('center_axis',(1.,9.53335322471682E-33,0.));
#11934=DIRECTION('ref_axis',(-9.53335322471682E-33,1.,1.66533453693773E-16));
#11935=DIRECTION('',(-9.53335322471682E-33,1.,1.66533453693773E-16));
#11936=DIRECTION('',(0.,0.,1.));
#11937=DIRECTION('center_axis',(0.,1.,0.));
#11938=DIRECTION('ref_axis',(-1.,0.,-5.72458747072346E-17));
#11939=DIRECTION('',(-1.,0.,-5.72458747072346E-17));
#11940=DIRECTION('center_axis',(0.,1.,0.));
#11941=DIRECTION('ref_axis',(-1.,0.,-5.72458747072346E-17));
#11942=DIRECTION('',(0.,0.,1.));
#11943=DIRECTION('',(-1.,0.,-5.72458747072346E-17));
#11944=DIRECTION('',(0.,0.,1.));
#11945=DIRECTION('center_axis',(-1.,-9.53335322471682E-33,0.));
#11946=DIRECTION('ref_axis',(9.53335322471682E-33,-1.,-1.66533453693773E-16));
#11947=DIRECTION('',(9.53335322471682E-33,-1.,-1.66533453693773E-16));
#11948=DIRECTION('',(0.,0.,1.));
#11949=DIRECTION('center_axis',(0.,-1.,0.));
#11950=DIRECTION('ref_axis',(1.,0.,5.72458747072346E-17));
#11951=DIRECTION('',(1.,0.,5.72458747072346E-17));
#11952=DIRECTION('',(0.,0.,1.));
#11953=DIRECTION('center_axis',(1.,9.53335322471682E-33,0.));
#11954=DIRECTION('ref_axis',(-9.53335322471682E-33,1.,1.66533453693773E-16));
#11955=DIRECTION('',(-9.53335322471682E-33,1.,1.66533453693773E-16));
#11956=DIRECTION('center_axis',(0.,1.,0.));
#11957=DIRECTION('ref_axis',(-1.,0.,-5.72458747072346E-17));
#11958=DIRECTION('',(0.,0.,1.));
#11959=DIRECTION('',(-1.,0.,-5.72458747072346E-17));
#11960=DIRECTION('',(0.,0.,1.));
#11961=DIRECTION('center_axis',(-1.,-9.53335322471682E-33,0.));
#11962=DIRECTION('ref_axis',(9.53335322471682E-33,-1.,-1.66533453693773E-16));
#11963=DIRECTION('',(9.53335322471682E-33,-1.,-1.66533453693773E-16));
#11964=DIRECTION('',(0.,0.,1.));
#11965=DIRECTION('center_axis',(0.,-1.,0.));
#11966=DIRECTION('ref_axis',(1.,0.,5.72458747072346E-17));
#11967=DIRECTION('',(1.,0.,5.72458747072346E-17));
#11968=DIRECTION('',(0.,0.,1.));
#11969=DIRECTION('center_axis',(1.,9.53335322471682E-33,0.));
#11970=DIRECTION('ref_axis',(-9.53335322471682E-33,1.,1.66533453693773E-16));
#11971=DIRECTION('',(-9.53335322471682E-33,1.,1.66533453693773E-16));
#11972=DIRECTION('center_axis',(-1.,-9.53335322471682E-33,0.));
#11973=DIRECTION('ref_axis',(9.53335322471682E-33,-1.,-1.66533453693773E-16));
#11974=DIRECTION('',(0.,0.,1.));
#11975=DIRECTION('',(9.53335322471682E-33,-1.,-1.66533453693773E-16));
#11976=DIRECTION('',(0.,0.,1.));
#11977=DIRECTION('center_axis',(0.,-1.,0.));
#11978=DIRECTION('ref_axis',(1.,0.,5.72458747072346E-17));
#11979=DIRECTION('',(1.,0.,5.72458747072346E-17));
#11980=DIRECTION('',(0.,0.,1.));
#11981=DIRECTION('center_axis',(1.,9.53335322471682E-33,0.));
#11982=DIRECTION('ref_axis',(-9.53335322471682E-33,1.,1.66533453693773E-16));
#11983=DIRECTION('',(-9.53335322471682E-33,1.,1.66533453693773E-16));
#11984=DIRECTION('',(0.,0.,1.));
#11985=DIRECTION('center_axis',(0.,1.,0.));
#11986=DIRECTION('ref_axis',(-1.,0.,-5.72458747072346E-17));
#11987=DIRECTION('',(-1.,0.,-5.72458747072346E-17));
#11988=DIRECTION('center_axis',(0.,1.,0.));
#11989=DIRECTION('ref_axis',(-1.,0.,-5.72458747072346E-17));
#11990=DIRECTION('',(0.,0.,1.));
#11991=DIRECTION('',(-1.,0.,-5.72458747072346E-17));
#11992=DIRECTION('',(0.,0.,1.));
#11993=DIRECTION('center_axis',(-1.,-9.53335322471682E-33,0.));
#11994=DIRECTION('ref_axis',(9.53335322471682E-33,-1.,-1.66533453693773E-16));
#11995=DIRECTION('',(9.53335322471682E-33,-1.,-1.66533453693773E-16));
#11996=DIRECTION('',(0.,0.,1.));
#11997=DIRECTION('center_axis',(0.,-1.,0.));
#11998=DIRECTION('ref_axis',(1.,0.,5.72458747072346E-17));
#11999=DIRECTION('',(1.,0.,5.72458747072346E-17));
#12000=DIRECTION('',(0.,0.,1.));
#12001=DIRECTION('center_axis',(1.,9.53335322471682E-33,0.));
#12002=DIRECTION('ref_axis',(-9.53335322471682E-33,1.,1.66533453693773E-16));
#12003=DIRECTION('',(-9.53335322471682E-33,1.,1.66533453693773E-16));
#12004=DIRECTION('center_axis',(1.,9.53335322471682E-33,0.));
#12005=DIRECTION('ref_axis',(-9.53335322471682E-33,1.,1.66533453693773E-16));
#12006=DIRECTION('',(0.,0.,1.));
#12007=DIRECTION('',(-9.53335322471682E-33,1.,1.66533453693773E-16));
#12008=DIRECTION('',(0.,0.,1.));
#12009=DIRECTION('center_axis',(0.,1.,0.));
#12010=DIRECTION('ref_axis',(-1.,0.,-5.72458747072346E-17));
#12011=DIRECTION('',(-1.,0.,-5.72458747072346E-17));
#12012=DIRECTION('',(0.,0.,1.));
#12013=DIRECTION('center_axis',(-1.,-9.53335322471682E-33,0.));
#12014=DIRECTION('ref_axis',(9.53335322471682E-33,-1.,-1.66533453693773E-16));
#12015=DIRECTION('',(9.53335322471682E-33,-1.,-1.66533453693773E-16));
#12016=DIRECTION('',(0.,0.,1.));
#12017=DIRECTION('center_axis',(0.,-1.,0.));
#12018=DIRECTION('ref_axis',(1.,0.,5.72458747072346E-17));
#12019=DIRECTION('',(1.,0.,5.72458747072346E-17));
#12020=DIRECTION('center_axis',(-1.,-9.53335322471682E-33,0.));
#12021=DIRECTION('ref_axis',(9.53335322471682E-33,-1.,-1.66533453693773E-16));
#12022=DIRECTION('',(0.,0.,1.));
#12023=DIRECTION('',(9.53335322471682E-33,-1.,-1.66533453693773E-16));
#12024=DIRECTION('',(0.,0.,1.));
#12025=DIRECTION('center_axis',(0.,-1.,0.));
#12026=DIRECTION('ref_axis',(1.,0.,5.72458747072346E-17));
#12027=DIRECTION('',(1.,0.,5.72458747072346E-17));
#12028=DIRECTION('',(0.,0.,1.));
#12029=DIRECTION('center_axis',(1.,9.53335322471682E-33,0.));
#12030=DIRECTION('ref_axis',(-9.53335322471682E-33,1.,1.66533453693773E-16));
#12031=DIRECTION('',(-9.53335322471682E-33,1.,1.66533453693773E-16));
#12032=DIRECTION('',(0.,0.,1.));
#12033=DIRECTION('center_axis',(0.,1.,0.));
#12034=DIRECTION('ref_axis',(-1.,0.,-5.72458747072346E-17));
#12035=DIRECTION('',(-1.,0.,-5.72458747072346E-17));
#12036=DIRECTION('center_axis',(-1.,-9.53335322471682E-33,0.));
#12037=DIRECTION('ref_axis',(9.53335322471682E-33,-1.,-1.66533453693773E-16));
#12038=DIRECTION('',(0.,0.,1.));
#12039=DIRECTION('',(9.53335322471682E-33,-1.,-1.66533453693773E-16));
#12040=DIRECTION('',(0.,0.,1.));
#12041=DIRECTION('center_axis',(0.,-1.,0.));
#12042=DIRECTION('ref_axis',(1.,0.,5.72458747072346E-17));
#12043=DIRECTION('',(1.,0.,5.72458747072346E-17));
#12044=DIRECTION('',(0.,0.,1.));
#12045=DIRECTION('center_axis',(1.,9.53335322471682E-33,0.));
#12046=DIRECTION('ref_axis',(-9.53335322471682E-33,1.,1.66533453693773E-16));
#12047=DIRECTION('',(-9.53335322471682E-33,1.,1.66533453693773E-16));
#12048=DIRECTION('',(0.,0.,1.));
#12049=DIRECTION('center_axis',(0.,1.,0.));
#12050=DIRECTION('ref_axis',(-1.,0.,-5.72458747072346E-17));
#12051=DIRECTION('',(-1.,0.,-5.72458747072346E-17));
#12052=DIRECTION('center_axis',(1.,9.53335322471682E-33,0.));
#12053=DIRECTION('ref_axis',(-9.53335322471682E-33,1.,1.66533453693773E-16));
#12054=DIRECTION('',(0.,0.,1.));
#12055=DIRECTION('',(-9.53335322471682E-33,1.,1.66533453693773E-16));
#12056=DIRECTION('',(0.,0.,1.));
#12057=DIRECTION('center_axis',(0.,1.,0.));
#12058=DIRECTION('ref_axis',(-1.,0.,-5.72458747072346E-17));
#12059=DIRECTION('',(-1.,0.,-5.72458747072346E-17));
#12060=DIRECTION('',(0.,0.,1.));
#12061=DIRECTION('center_axis',(-1.,-9.53335322471682E-33,0.));
#12062=DIRECTION('ref_axis',(9.53335322471682E-33,-1.,-1.66533453693773E-16));
#12063=DIRECTION('',(9.53335322471682E-33,-1.,-1.66533453693773E-16));
#12064=DIRECTION('',(0.,0.,1.));
#12065=DIRECTION('center_axis',(0.,-1.,0.));
#12066=DIRECTION('ref_axis',(1.,0.,5.72458747072346E-17));
#12067=DIRECTION('',(1.,0.,5.72458747072346E-17));
#12068=DIRECTION('center_axis',(0.,1.,0.));
#12069=DIRECTION('ref_axis',(-1.,0.,-5.72458747072346E-17));
#12070=DIRECTION('',(1.,0.,0.));
#12071=DIRECTION('',(0.,0.,1.));
#12072=DIRECTION('',(-1.,0.,-5.72458747072346E-17));
#12073=DIRECTION('',(0.,0.,1.));
#12074=DIRECTION('center_axis',(-1.,-9.53335322471682E-33,0.));
#12075=DIRECTION('ref_axis',(9.53335322471682E-33,-1.,-1.66533453693773E-16));
#12076=DIRECTION('',(-9.53335322471682E-33,1.,0.));
#12077=DIRECTION('',(9.53335322471682E-33,-1.,-1.66533453693773E-16));
#12078=DIRECTION('',(0.,0.,1.));
#12079=DIRECTION('center_axis',(0.,-1.,0.));
#12080=DIRECTION('ref_axis',(1.,0.,5.72458747072346E-17));
#12081=DIRECTION('',(-1.,0.,0.));
#12082=DIRECTION('',(1.,0.,5.72458747072346E-17));
#12083=DIRECTION('',(0.,0.,1.));
#12084=DIRECTION('center_axis',(1.,9.53335322471682E-33,0.));
#12085=DIRECTION('ref_axis',(-9.53335322471682E-33,1.,1.66533453693773E-16));
#12086=DIRECTION('',(9.53335322471682E-33,-1.,0.));
#12087=DIRECTION('',(-9.53335322471682E-33,1.,1.66533453693773E-16));
#12088=DIRECTION('center_axis',(-1.,-9.53335322471682E-33,0.));
#12089=DIRECTION('ref_axis',(9.53335322471682E-33,-1.,-1.66533453693773E-16));
#12090=DIRECTION('',(0.,0.,1.));
#12091=DIRECTION('',(9.53335322471682E-33,-1.,-1.66533453693773E-16));
#12092=DIRECTION('',(0.,0.,1.));
#12093=DIRECTION('center_axis',(0.,-1.,0.));
#12094=DIRECTION('ref_axis',(1.,0.,5.72458747072346E-17));
#12095=DIRECTION('',(1.,0.,5.72458747072346E-17));
#12096=DIRECTION('',(0.,0.,1.));
#12097=DIRECTION('center_axis',(1.,9.53335322471682E-33,0.));
#12098=DIRECTION('ref_axis',(-9.53335322471682E-33,1.,1.66533453693773E-16));
#12099=DIRECTION('',(-9.53335322471682E-33,1.,1.66533453693773E-16));
#12100=DIRECTION('',(0.,0.,1.));
#12101=DIRECTION('center_axis',(0.,1.,0.));
#12102=DIRECTION('ref_axis',(-1.,0.,-5.72458747072346E-17));
#12103=DIRECTION('',(-1.,0.,-5.72458747072346E-17));
#12104=DIRECTION('center_axis',(0.,1.,0.));
#12105=DIRECTION('ref_axis',(-1.,0.,-5.72458747072346E-17));
#12106=DIRECTION('',(0.,0.,1.));
#12107=DIRECTION('',(-1.,0.,-5.72458747072346E-17));
#12108=DIRECTION('',(0.,0.,1.));
#12109=DIRECTION('center_axis',(-1.,-9.53335322471682E-33,0.));
#12110=DIRECTION('ref_axis',(9.53335322471682E-33,-1.,-1.66533453693773E-16));
#12111=DIRECTION('',(9.53335322471682E-33,-1.,-1.66533453693773E-16));
#12112=DIRECTION('',(0.,0.,1.));
#12113=DIRECTION('center_axis',(0.,-1.,0.));
#12114=DIRECTION('ref_axis',(1.,0.,5.72458747072346E-17));
#12115=DIRECTION('',(1.,0.,5.72458747072346E-17));
#12116=DIRECTION('',(0.,0.,1.));
#12117=DIRECTION('center_axis',(1.,9.53335322471682E-33,0.));
#12118=DIRECTION('ref_axis',(-9.53335322471682E-33,1.,1.66533453693773E-16));
#12119=DIRECTION('',(-9.53335322471682E-33,1.,1.66533453693773E-16));
#12120=DIRECTION('center_axis',(-1.,-9.53335322471682E-33,0.));
#12121=DIRECTION('ref_axis',(9.53335322471682E-33,-1.,-1.66533453693773E-16));
#12122=DIRECTION('',(0.,0.,1.));
#12123=DIRECTION('',(9.53335322471682E-33,-1.,-1.66533453693773E-16));
#12124=DIRECTION('',(0.,0.,1.));
#12125=DIRECTION('center_axis',(0.,-1.,0.));
#12126=DIRECTION('ref_axis',(1.,0.,5.72458747072346E-17));
#12127=DIRECTION('',(1.,0.,5.72458747072346E-17));
#12128=DIRECTION('',(0.,0.,1.));
#12129=DIRECTION('center_axis',(1.,9.53335322471682E-33,0.));
#12130=DIRECTION('ref_axis',(-9.53335322471682E-33,1.,1.66533453693773E-16));
#12131=DIRECTION('',(-9.53335322471682E-33,1.,1.66533453693773E-16));
#12132=DIRECTION('',(0.,0.,1.));
#12133=DIRECTION('center_axis',(0.,1.,0.));
#12134=DIRECTION('ref_axis',(-1.,0.,-5.72458747072346E-17));
#12135=DIRECTION('',(-1.,0.,-5.72458747072346E-17));
#12136=DIRECTION('center_axis',(-1.,-9.53335322471682E-33,0.));
#12137=DIRECTION('ref_axis',(9.53335322471682E-33,-1.,-1.66533453693773E-16));
#12138=DIRECTION('',(0.,0.,1.));
#12139=DIRECTION('',(9.53335322471682E-33,-1.,-1.66533453693773E-16));
#12140=DIRECTION('',(0.,0.,1.));
#12141=DIRECTION('center_axis',(0.,-1.,0.));
#12142=DIRECTION('ref_axis',(1.,0.,5.72458747072346E-17));
#12143=DIRECTION('',(1.,0.,5.72458747072346E-17));
#12144=DIRECTION('',(0.,0.,1.));
#12145=DIRECTION('center_axis',(1.,9.53335322471682E-33,0.));
#12146=DIRECTION('ref_axis',(-9.53335322471682E-33,1.,1.66533453693773E-16));
#12147=DIRECTION('',(-9.53335322471682E-33,1.,1.66533453693773E-16));
#12148=DIRECTION('',(0.,0.,1.));
#12149=DIRECTION('center_axis',(0.,1.,0.));
#12150=DIRECTION('ref_axis',(-1.,0.,-5.72458747072346E-17));
#12151=DIRECTION('',(-1.,0.,-5.72458747072346E-17));
#12152=DIRECTION('center_axis',(-1.,-9.53335322471682E-33,0.));
#12153=DIRECTION('ref_axis',(9.53335322471682E-33,-1.,-1.66533453693773E-16));
#12154=DIRECTION('',(0.,0.,1.));
#12155=DIRECTION('',(9.53335322471682E-33,-1.,-1.66533453693773E-16));
#12156=DIRECTION('',(0.,0.,1.));
#12157=DIRECTION('center_axis',(0.,-1.,0.));
#12158=DIRECTION('ref_axis',(1.,0.,5.72458747072346E-17));
#12159=DIRECTION('',(1.,0.,5.72458747072346E-17));
#12160=DIRECTION('',(0.,0.,1.));
#12161=DIRECTION('center_axis',(1.,9.53335322471682E-33,0.));
#12162=DIRECTION('ref_axis',(-9.53335322471682E-33,1.,1.66533453693773E-16));
#12163=DIRECTION('',(-9.53335322471682E-33,1.,1.66533453693773E-16));
#12164=DIRECTION('',(0.,0.,1.));
#12165=DIRECTION('center_axis',(0.,1.,0.));
#12166=DIRECTION('ref_axis',(-1.,0.,-5.72458747072346E-17));
#12167=DIRECTION('',(-1.,0.,-5.72458747072346E-17));
#12168=DIRECTION('center_axis',(-1.,-9.53335322471682E-33,0.));
#12169=DIRECTION('ref_axis',(9.53335322471682E-33,-1.,-1.66533453693773E-16));
#12170=DIRECTION('',(0.,0.,1.));
#12171=DIRECTION('',(9.53335322471682E-33,-1.,-1.66533453693773E-16));
#12172=DIRECTION('',(0.,0.,1.));
#12173=DIRECTION('center_axis',(0.,-1.,0.));
#12174=DIRECTION('ref_axis',(1.,0.,5.72458747072346E-17));
#12175=DIRECTION('',(1.,0.,5.72458747072346E-17));
#12176=DIRECTION('',(0.,0.,1.));
#12177=DIRECTION('center_axis',(1.,9.53335322471682E-33,0.));
#12178=DIRECTION('ref_axis',(-9.53335322471682E-33,1.,1.66533453693773E-16));
#12179=DIRECTION('',(-9.53335322471682E-33,1.,1.66533453693773E-16));
#12180=DIRECTION('',(0.,0.,1.));
#12181=DIRECTION('center_axis',(0.,1.,0.));
#12182=DIRECTION('ref_axis',(-1.,0.,-5.72458747072346E-17));
#12183=DIRECTION('',(-1.,0.,-5.72458747072346E-17));
#12184=DIRECTION('center_axis',(0.,1.,0.));
#12185=DIRECTION('ref_axis',(-1.,0.,-5.72458747072346E-17));
#12186=DIRECTION('',(0.,0.,1.));
#12187=DIRECTION('',(-1.,0.,-5.72458747072346E-17));
#12188=DIRECTION('',(0.,0.,1.));
#12189=DIRECTION('center_axis',(-1.,-9.53335322471682E-33,0.));
#12190=DIRECTION('ref_axis',(9.53335322471682E-33,-1.,-1.66533453693773E-16));
#12191=DIRECTION('',(9.53335322471682E-33,-1.,-1.66533453693773E-16));
#12192=DIRECTION('',(0.,0.,1.));
#12193=DIRECTION('center_axis',(0.,-1.,0.));
#12194=DIRECTION('ref_axis',(1.,0.,5.72458747072346E-17));
#12195=DIRECTION('',(1.,0.,5.72458747072346E-17));
#12196=DIRECTION('',(0.,0.,1.));
#12197=DIRECTION('center_axis',(1.,9.53335322471682E-33,0.));
#12198=DIRECTION('ref_axis',(-9.53335322471682E-33,1.,1.66533453693773E-16));
#12199=DIRECTION('',(-9.53335322471682E-33,1.,1.66533453693773E-16));
#12200=DIRECTION('center_axis',(-1.,-9.53335322471682E-33,0.));
#12201=DIRECTION('ref_axis',(9.53335322471682E-33,-1.,-1.66533453693773E-16));
#12202=DIRECTION('',(0.,0.,1.));
#12203=DIRECTION('',(9.53335322471682E-33,-1.,-1.66533453693773E-16));
#12204=DIRECTION('',(0.,0.,1.));
#12205=DIRECTION('center_axis',(0.,-1.,0.));
#12206=DIRECTION('ref_axis',(1.,0.,5.72458747072346E-17));
#12207=DIRECTION('',(1.,0.,5.72458747072346E-17));
#12208=DIRECTION('',(0.,0.,1.));
#12209=DIRECTION('center_axis',(1.,9.53335322471682E-33,0.));
#12210=DIRECTION('ref_axis',(-9.53335322471682E-33,1.,1.66533453693773E-16));
#12211=DIRECTION('',(-9.53335322471682E-33,1.,1.66533453693773E-16));
#12212=DIRECTION('',(0.,0.,1.));
#12213=DIRECTION('center_axis',(0.,1.,0.));
#12214=DIRECTION('ref_axis',(-1.,0.,-5.72458747072346E-17));
#12215=DIRECTION('',(-1.,0.,-5.72458747072346E-17));
#12216=DIRECTION('center_axis',(1.,9.53335322471682E-33,0.));
#12217=DIRECTION('ref_axis',(-9.53335322471682E-33,1.,1.66533453693773E-16));
#12218=DIRECTION('',(0.,0.,1.));
#12219=DIRECTION('',(-9.53335322471682E-33,1.,1.66533453693773E-16));
#12220=DIRECTION('',(0.,0.,1.));
#12221=DIRECTION('center_axis',(0.,0.,1.));
#12222=DIRECTION('ref_axis',(1.,0.,0.));
#12223=DIRECTION('',(9.53335322471682E-33,-1.,-1.66533453693773E-16));
#12224=DIRECTION('',(1.,0.,5.72458747072346E-17));
#12225=DIRECTION('',(-1.,0.,-5.72458747072346E-17));
#12226=DIRECTION('center_axis',(0.,0.,1.));
#12227=DIRECTION('ref_axis',(1.,0.,0.));
#12228=DIRECTION('center_axis',(0.,0.,1.));
#12229=DIRECTION('ref_axis',(1.,0.,0.));
#12230=DIRECTION('center_axis',(0.,0.,1.));
#12231=DIRECTION('ref_axis',(1.,0.,0.));
#12232=DIRECTION('',(-8.8716487522177E-35,1.,0.));
#12233=DIRECTION('',(-1.,0.,0.));
#12234=DIRECTION('',(-1.,0.,0.));
#12235=DIRECTION('',(-1.,0.,0.));
#12236=DIRECTION('center_axis',(0.,0.,1.));
#12237=DIRECTION('ref_axis',(1.,0.,0.));
#12238=DIRECTION('',(-8.8716487522177E-35,1.,0.));
#12239=DIRECTION('center_axis',(0.,0.,1.));
#12240=DIRECTION('ref_axis',(1.,0.,0.));
#12241=DIRECTION('',(-8.8716487522177E-35,1.,0.));
#12242=DIRECTION('center_axis',(0.,0.,1.));
#12243=DIRECTION('ref_axis',(1.,0.,0.));
#12244=DIRECTION('',(1.,0.,0.));
#12245=DIRECTION('',(-8.8716487522177E-35,1.,0.));
#12246=DIRECTION('center_axis',(0.,0.,1.));
#12247=DIRECTION('ref_axis',(1.,0.,0.));
#12248=DIRECTION('',(-9.53335322471682E-33,1.,1.66533453693773E-16));
#12249=DIRECTION('',(1.,0.,0.));
#12250=DIRECTION('center_axis',(0.,0.,1.));
#12251=DIRECTION('ref_axis',(-1.,0.,0.));
#12252=DIRECTION('center_axis',(-5.92118946466749E-15,-2.17519272417843E-46,
1.));
#12253=DIRECTION('ref_axis',(-1.,0.,0.));
#12254=DIRECTION('',(0.,0.,1.));
#12255=DIRECTION('center_axis',(-8.67361737988403E-19,-1.11022302462516E-16,
1.));
#12256=DIRECTION('ref_axis',(-1.,0.,-8.67361737988403E-19));
#12257=DIRECTION('center_axis',(5.63785129692462E-17,5.55111512312578E-17,
1.));
#12258=DIRECTION('ref_axis',(-1.,-6.35556881647788E-33,5.63785129692462E-17));
#12259=DIRECTION('center_axis',(0.,0.,1.));
#12260=DIRECTION('ref_axis',(-1.,0.,0.));
#12261=DIRECTION('center_axis',(-5.92118946466749E-15,-2.17519272417843E-46,
1.));
#12262=DIRECTION('ref_axis',(-1.,0.,0.));
#12263=DIRECTION('',(0.,0.,1.));
#12264=DIRECTION('center_axis',(-8.67361737988403E-19,-1.11022302462516E-16,
1.));
#12265=DIRECTION('ref_axis',(-1.,0.,-8.67361737988403E-19));
#12266=DIRECTION('center_axis',(5.63785129692462E-17,5.55111512312578E-17,
1.));
#12267=DIRECTION('ref_axis',(-1.,-6.35556881647788E-33,5.63785129692462E-17));
#12268=DIRECTION('center_axis',(1.,9.62964972193618E-35,0.));
#12269=DIRECTION('ref_axis',(-9.62964972193618E-35,1.,1.11022302462516E-16));
#12270=DIRECTION('',(0.,0.,-1.));
#12271=DIRECTION('',(9.62964972193618E-35,-1.,-1.05181452462142E-29));
#12272=DIRECTION('',(0.,0.,1.));
#12273=DIRECTION('',(-9.62964972193618E-35,1.,2.16949082613023E-46));
#12274=DIRECTION('center_axis',(0.,0.,1.));
#12275=DIRECTION('ref_axis',(-1.,-8.88178419700139E-15,0.));
#12276=DIRECTION('',(0.,0.,-1.));
#12277=DIRECTION('center_axis',(5.92118946466749E-15,1.05181452462142E-29,
-1.));
#12278=DIRECTION('ref_axis',(-1.,-8.88178419700139E-15,0.));
#12279=DIRECTION('center_axis',(-5.92118946466749E-15,-2.17519272417843E-46,
1.));
#12280=DIRECTION('ref_axis',(-1.,-8.88178419700139E-15,0.));
#12281=DIRECTION('center_axis',(-1.,-3.86164530310112E-15,0.));
#12282=DIRECTION('ref_axis',(3.86164530310112E-15,-1.,-1.11022302462516E-16));
#12283=DIRECTION('',(0.,0.,-1.));
#12284=DIRECTION('',(-3.86164530310112E-15,1.,-1.23473882387908E-29));
#12285=DIRECTION('',(3.86164530310112E-15,-1.,2.28655334850051E-29));
#12286=DIRECTION('center_axis',(0.,0.,1.));
#12287=DIRECTION('ref_axis',(1.,-2.26944389207043E-11,0.));
#12288=DIRECTION('center_axis',(5.92118946466749E-15,1.05181452462142E-29,
-1.));
#12289=DIRECTION('ref_axis',(1.,-2.26944389207043E-11,0.));
#12290=DIRECTION('center_axis',(-5.92118946466749E-15,-2.17519272417843E-46,
1.));
#12291=DIRECTION('ref_axis',(1.,-2.26944389207043E-11,0.));
#12292=DIRECTION('center_axis',(1.,9.53335322471682E-33,0.));
#12293=DIRECTION('ref_axis',(-9.53335322471682E-33,1.,1.66533453693773E-16));
#12294=DIRECTION('center_axis',(-1.,-9.53335322471682E-33,0.));
#12295=DIRECTION('ref_axis',(0.,0.707106781186549,-0.707106781186546));
#12296=DIRECTION('',(0.,0.,-1.));
#12297=DIRECTION('',(0.,0.,1.));
#12298=DIRECTION('center_axis',(-1.,-9.53335322471682E-33,0.));
#12299=DIRECTION('ref_axis',(0.,-0.707106781186549,-0.707106781186546));
#12300=DIRECTION('',(9.53335322471682E-33,-1.,0.));
#12301=DIRECTION('center_axis',(0.,-1.,0.));
#12302=DIRECTION('ref_axis',(-8.8716487522177E-35,0.,1.));
#12303=DIRECTION('',(-1.,0.,0.));
#12304=DIRECTION('',(0.,0.,-1.));
#12305=DIRECTION('center_axis',(-1.,0.,0.));
#12306=DIRECTION('ref_axis',(0.,0.707106781186549,-0.707106781186546));
#12307=DIRECTION('',(1.,0.,0.));
#12308=DIRECTION('center_axis',(1.,8.8716487522177E-35,0.));
#12309=DIRECTION('ref_axis',(0.,0.707106781186549,-0.707106781186546));
#12310=DIRECTION('center_axis',(0.,0.,1.));
#12311=DIRECTION('ref_axis',(1.22124532708767E-15,1.,0.));
#12312=DIRECTION('',(-1.,0.,0.));
#12313=DIRECTION('',(8.8716487522177E-35,-1.,0.));
#12314=DIRECTION('',(1.,0.,0.));
#12315=DIRECTION('',(1.22124532708767E-15,1.,0.));
#12316=DIRECTION('',(-1.,0.,0.));
#12317=DIRECTION('',(-1.,0.,0.));
#12318=DIRECTION('',(-1.22124532708767E-15,-1.,0.));
#12319=DIRECTION('',(-1.,0.,0.));
#12320=DIRECTION('',(-7.35522753814259E-16,1.,0.));
#12321=DIRECTION('',(-1.,0.,0.));
#12322=DIRECTION('',(8.8716487522177E-35,-1.,0.));
#12323=DIRECTION('center_axis',(1.,0.,0.));
#12324=DIRECTION('ref_axis',(0.,-0.707106781186549,-0.707106781186546));
#12325=DIRECTION('',(1.,0.,0.));
#12326=DIRECTION('center_axis',(1.,8.8716487522177E-35,0.));
#12327=DIRECTION('ref_axis',(0.,-0.707106781186549,-0.707106781186546));
#12328=DIRECTION('center_axis',(0.,1.,0.));
#12329=DIRECTION('ref_axis',(0.,0.,-1.));
#12330=DIRECTION('',(0.,0.,1.));
#12331=DIRECTION('center_axis',(-1.,0.,0.));
#12332=DIRECTION('ref_axis',(0.,0.,-1.));
#12333=DIRECTION('center_axis',(-1.,0.,0.));
#12334=DIRECTION('ref_axis',(0.,0.,-1.));
#12335=DIRECTION('',(0.,-1.,0.));
#12336=DIRECTION('',(0.,0.,-1.));
#12337=DIRECTION('',(0.,-1.,0.));
#12338=DIRECTION('center_axis',(0.,0.,-1.));
#12339=DIRECTION('ref_axis',(1.,0.,0.));
#12340=DIRECTION('',(1.,0.,0.));
#12341=DIRECTION('',(1.,0.,0.));
#12342=DIRECTION('',(0.,-1.,0.));
#12343=DIRECTION('center_axis',(1.,0.,0.));
#12344=DIRECTION('ref_axis',(0.,0.,1.));
#12345=DIRECTION('center_axis',(1.,0.,0.));
#12346=DIRECTION('ref_axis',(0.,0.,-1.));
#12347=DIRECTION('',(0.,0.,1.));
#12348=DIRECTION('',(0.,-1.,0.));
#12349=DIRECTION('center_axis',(0.,0.,-1.));
#12350=DIRECTION('ref_axis',(1.,0.,0.));
#12351=DIRECTION('',(1.,0.,0.));
#12352=DIRECTION('',(1.,0.,0.));
#12353=DIRECTION('',(0.,-1.,0.));
#12354=DIRECTION('center_axis',(0.,0.,1.));
#12355=DIRECTION('ref_axis',(-1.,0.,0.));
#12356=DIRECTION('',(1.,0.,0.));
#12357=DIRECTION('',(7.35522753814259E-16,-1.,0.));
#12358=DIRECTION('',(0.,-1.,0.));
#12359=DIRECTION('',(-1.,0.,0.));
#12360=DIRECTION('',(0.,-1.,0.));
#12361=DIRECTION('center_axis',(0.,0.,1.));
#12362=DIRECTION('ref_axis',(-1.,0.,0.));
#12363=DIRECTION('',(1.,0.,0.));
#12364=DIRECTION('',(0.,-1.,0.));
#12365=DIRECTION('',(-1.,0.,0.));
#12366=DIRECTION('',(7.35522753814259E-16,-1.,0.));
#12367=DIRECTION('center_axis',(-1.,0.,0.));
#12368=DIRECTION('ref_axis',(0.,0.,-1.));
#12369=DIRECTION('',(0.,0.,-1.));
#12370=DIRECTION('',(0.,-1.,0.));
#12371=DIRECTION('',(0.,0.,-1.));
#12372=DIRECTION('center_axis',(-1.,0.,0.));
#12373=DIRECTION('ref_axis',(0.,0.,-1.));
#12374=DIRECTION('',(0.,0.,1.));
#12375=DIRECTION('',(0.,0.,-1.));
#12376=DIRECTION('',(0.,-1.,0.));
#12377=DIRECTION('center_axis',(0.,0.,1.));
#12378=DIRECTION('ref_axis',(-1.,0.,0.));
#12379=DIRECTION('',(-1.,0.,0.));
#12380=DIRECTION('',(0.,-1.,0.));
#12381=DIRECTION('',(-1.,0.,0.));
#12382=DIRECTION('center_axis',(0.,0.,1.));
#12383=DIRECTION('ref_axis',(-1.,0.,0.));
#12384=DIRECTION('',(1.,0.,0.));
#12385=DIRECTION('',(-1.,0.,0.));
#12386=DIRECTION('',(0.,-1.,0.));
#12387=DIRECTION('center_axis',(1.,0.,0.));
#12388=DIRECTION('ref_axis',(0.,0.,1.));
#12389=DIRECTION('',(0.,0.,1.));
#12390=DIRECTION('',(0.,-1.,0.));
#12391=DIRECTION('',(0.,0.,1.));
#12392=DIRECTION('center_axis',(1.,0.,0.));
#12393=DIRECTION('ref_axis',(0.,0.,1.));
#12394=DIRECTION('',(0.,0.,-1.));
#12395=DIRECTION('',(0.,0.,1.));
#12396=DIRECTION('',(0.,-1.,0.));
#12397=DIRECTION('center_axis',(0.,0.,1.));
#12398=DIRECTION('ref_axis',(-1.,0.,0.));
#12399=DIRECTION('',(1.,0.,0.));
#12400=DIRECTION('',(-1.,0.,0.));
#12401=DIRECTION('',(0.,1.,0.));
#12402=DIRECTION('',(-1.,0.,0.));
#12403=DIRECTION('',(1.,0.,0.));
#12404=DIRECTION('',(-3.15602533462853E-32,-1.,0.));
#12405=DIRECTION('center_axis',(0.,0.,-1.));
#12406=DIRECTION('ref_axis',(1.,0.,0.));
#12407=DIRECTION('',(1.,0.,0.));
#12408=DIRECTION('',(0.,-1.,0.));
#12409=DIRECTION('',(-7.35522753814259E-16,1.,0.));
#12410=DIRECTION('',(1.,0.,0.));
#12411=DIRECTION('center_axis',(-1.,0.,0.));
#12412=DIRECTION('ref_axis',(0.,0.,-1.));
#12413=DIRECTION('center_axis',(-1.,0.,0.));
#12414=DIRECTION('ref_axis',(0.,0.,-1.));
#12415=DIRECTION('',(0.,0.,-1.));
#12416=DIRECTION('',(1.26255360794385E-16,-2.42119365422046E-8,1.));
#12417=DIRECTION('center_axis',(1.,7.35522753814259E-16,-1.26255342985954E-16));
#12418=DIRECTION('ref_axis',(0.,0.,-1.));
#12419=DIRECTION('center_axis',(0.,-1.,0.));
#12420=DIRECTION('ref_axis',(0.,0.,-1.));
#12421=DIRECTION('',(0.,0.,1.));
#12422=DIRECTION('',(-1.26255342985954E-16,0.,-1.));
#12423=DIRECTION('center_axis',(0.,1.,0.));
#12424=DIRECTION('ref_axis',(0.,0.,-1.));
#12425=DIRECTION('',(-1.,0.,0.));
#12426=DIRECTION('',(0.,0.,-1.));
#12427=DIRECTION('',(-1.,0.,0.));
#12428=DIRECTION('',(-1.26255342985954E-16,0.,-1.));
#12429=DIRECTION('',(1.,0.,0.));
#12430=DIRECTION('',(1.26255342985954E-16,0.,1.));
#12431=DIRECTION('center_axis',(-1.,0.,0.));
#12432=DIRECTION('ref_axis',(0.,0.,-1.));
#12433=DIRECTION('center_axis',(1.,-1.22124532708767E-15,0.));
#12434=DIRECTION('ref_axis',(0.,0.,-1.));
#12435=DIRECTION('',(-1.,0.,0.));
#12436=DIRECTION('center_axis',(-1.,1.22124532708767E-15,0.));
#12437=DIRECTION('ref_axis',(0.,0.,-1.));
#12438=DIRECTION('center_axis',(1.,7.35522753814259E-16,-1.26255342985954E-16));
#12439=DIRECTION('ref_axis',(-1.26255342985954E-16,0.,-1.));
#12440=DIRECTION('center_axis',(1.,7.35522753814259E-16,-1.26255342985954E-16));
#12441=DIRECTION('ref_axis',(0.,0.,-1.));
#12442=DIRECTION('',(1.26255342985954E-16,0.,1.));
#12443=DIRECTION('',(1.26255342985954E-16,0.,1.));
#12444=DIRECTION('',(1.26255342985954E-16,0.,1.));
#12445=DIRECTION('',(1.26255342985954E-16,0.,1.));
#12446=DIRECTION('',(1.26255342985954E-16,0.,1.));
#12447=DIRECTION('',(1.26255342985954E-16,0.,1.));
#12448=DIRECTION('',(1.26255342985954E-16,0.,1.));
#12449=DIRECTION('',(-3.67357392827588E-32,1.,0.));
#12450=DIRECTION('',(-1.26255342985954E-16,4.04263003369124E-54,-1.));
#12451=DIRECTION('',(-7.35522753814259E-16,1.,3.06222861157609E-32));
#12452=DIRECTION('',(0.,0.,1.));
#12453=DIRECTION('center_axis',(1.,7.35522753814259E-16,-1.26255342985954E-16));
#12454=DIRECTION('ref_axis',(-1.26255342985954E-16,0.,-1.));
#12455=DIRECTION('',(0.,0.,-1.));
#12456=DIRECTION('',(-7.35522753814259E-16,1.,3.06222861157609E-32));
#12457=DIRECTION('',(1.26255342985954E-16,-4.04263003369124E-54,1.));
#12458=DIRECTION('center_axis',(1.,7.35522753814259E-16,-1.26255342985954E-16));
#12459=DIRECTION('ref_axis',(0.,1.,0.));
#12460=DIRECTION('',(1.26255360794385E-16,-2.42119365422046E-8,1.));
#12461=DIRECTION('center_axis',(0.,1.,0.));
#12462=DIRECTION('ref_axis',(0.,0.,1.));
#12463=DIRECTION('',(0.,0.,1.));
#12464=DIRECTION('',(1.,0.,0.));
#12465=DIRECTION('',(-4.16333634234433E-17,0.,-1.));
#12466=DIRECTION('',(1.,0.,0.));
#12467=DIRECTION('center_axis',(-1.,3.15602533462853E-32,-1.25638171237631E-33));
#12468=DIRECTION('ref_axis',(-3.15602533462853E-32,-1.,0.));
#12469=DIRECTION('',(0.,0.,-1.));
#12470=DIRECTION('center_axis',(-1.,0.,0.));
#12471=DIRECTION('ref_axis',(0.,-1.,0.));
#12472=DIRECTION('',(0.,1.,0.));
#12473=DIRECTION('',(0.,0.,-1.));
#12474=DIRECTION('',(0.,-1.,0.));
#12475=DIRECTION('center_axis',(-1.,0.,0.));
#12476=DIRECTION('ref_axis',(0.,1.,0.));
#12477=DIRECTION('',(0.,2.30268477021086E-15,-1.));
#12478=DIRECTION('',(0.,-1.,0.));
#12479=DIRECTION('',(-1.31581986869192E-15,0.,1.));
#12480=DIRECTION('',(0.,-1.,0.));
#12481=DIRECTION('',(0.,0.,1.));
#12482=DIRECTION('center_axis',(-1.,0.,0.));
#12483=DIRECTION('ref_axis',(0.,-1.,0.));
#12484=DIRECTION('',(0.,-1.,0.));
#12485=DIRECTION('',(0.,0.,1.));
#12486=DIRECTION('',(0.,1.,0.));
#12487=DIRECTION('center_axis',(-1.,0.,0.));
#12488=DIRECTION('ref_axis',(0.,-1.,0.));
#12489=DIRECTION('center_axis',(1.,-9.40395480657816E-38,-4.16333634234433E-17));
#12490=DIRECTION('ref_axis',(9.40395480657816E-38,1.,-7.83036536159816E-54));
#12491=DIRECTION('',(9.40395480657816E-38,1.,0.));
#12492=DIRECTION('',(-4.16333634234433E-17,-3.91518268079911E-54,-1.));
#12493=DIRECTION('',(9.40395480657816E-38,1.,-7.83036536159816E-54));
#12494=DIRECTION('',(-4.16333634234433E-17,-3.91518268079911E-54,-1.));
#12495=DIRECTION('',(-9.40395480657816E-38,-1.,-2.17519829243824E-46));
#12496=DIRECTION('center_axis',(1.,-9.40395480657816E-38,0.));
#12497=DIRECTION('ref_axis',(0.,1.,0.));
#12498=DIRECTION('',(4.16333634234433E-17,3.91518268079911E-54,1.));
#12499=DIRECTION('center_axis',(1.,0.,0.));
#12500=DIRECTION('ref_axis',(0.,0.,-1.));
#12501=DIRECTION('',(0.,1.,0.));
#12502=DIRECTION('',(0.,-7.83036536159816E-54,-1.));
#12503=DIRECTION('',(-9.40395480657816E-38,-1.,-2.17519829243824E-46));
#12504=DIRECTION('',(0.,7.83036536159816E-54,1.));
#12505=DIRECTION('',(0.,1.,-3.91518268079911E-54));
#12506=DIRECTION('',(0.,-1.8705873994959E-15,1.));
#12507=DIRECTION('center_axis',(-9.40395480657816E-38,-1.,7.83036536159816E-54));
#12508=DIRECTION('ref_axis',(-4.16333634234433E-17,-3.91518268079911E-54,
-1.));
#12509=DIRECTION('',(1.,-9.40395480657816E-38,-4.16333634234433E-17));
#12510=DIRECTION('',(1.,-9.40395480657816E-38,5.92118946466749E-15));
#12511=DIRECTION('center_axis',(4.16333634234433E-17,3.91518268079911E-54,
1.));
#12512=DIRECTION('ref_axis',(-9.40395480657816E-38,-1.,7.83036536159816E-54));
#12513=DIRECTION('',(1.,0.,0.));
#12514=DIRECTION('',(-9.40395480657816E-38,-1.,7.83036536159816E-54));
#12515=DIRECTION('',(1.,0.,0.));
#12516=DIRECTION('center_axis',(-9.40395480657816E-38,-1.,7.83036536159816E-54));
#12517=DIRECTION('ref_axis',(-4.16333634234433E-17,-3.91518268079911E-54,
-1.));
#12518=DIRECTION('',(1.,-9.40395480657816E-38,0.));
#12519=DIRECTION('',(4.16333634234433E-17,3.91518268079911E-54,1.));
#12520=DIRECTION('',(1.,0.,0.));
#12521=DIRECTION('',(1.,0.,0.));
#12522=DIRECTION('',(4.16333634234433E-17,3.91518268079911E-54,1.));
#12523=DIRECTION('center_axis',(0.,0.,1.));
#12524=DIRECTION('ref_axis',(1.,0.,0.));
#12525=DIRECTION('',(-1.,9.40395480657816E-38,0.));
#12526=DIRECTION('',(-9.40395480657816E-38,-1.,0.));
#12527=DIRECTION('center_axis',(-9.40395480657816E-38,-1.,7.83036536159816E-54));
#12528=DIRECTION('ref_axis',(-4.16333634234433E-17,-3.91518268079911E-54,
-1.));
#12529=DIRECTION('',(1.,-9.40395480657816E-38,0.));
#12530=DIRECTION('',(1.,-9.40395480657816E-38,5.92118946466749E-15));
#12531=DIRECTION('center_axis',(0.,0.,1.));
#12532=DIRECTION('ref_axis',(1.,0.,0.));
#12533=DIRECTION('',(-1.,7.78789390580747E-32,0.));
#12534=DIRECTION('',(-9.40395480657816E-38,-1.,0.));
#12535=DIRECTION('',(-1.,0.,0.));
#12536=DIRECTION('center_axis',(9.40395480657816E-38,1.,-7.83036536159816E-54));
#12537=DIRECTION('ref_axis',(4.16333634234433E-17,3.91518268079911E-54,
1.));
#12538=DIRECTION('',(-1.,0.,0.));
#12539=DIRECTION('center_axis',(-1.,9.40395480657816E-38,4.16333634234433E-17));
#12540=DIRECTION('ref_axis',(-9.40395480657816E-38,-1.,7.83036536159816E-54));
#12541=DIRECTION('center_axis',(1.,-9.40395480657816E-38,-4.16333634234433E-17));
#12542=DIRECTION('ref_axis',(0.,-1.,0.));
#12543=DIRECTION('',(-9.40395480657816E-38,-1.,0.));
#12544=DIRECTION('center_axis',(-1.,9.40395480657816E-38,4.16333634234433E-17));
#12545=DIRECTION('ref_axis',(-9.40395480657816E-38,-1.,7.83036536159816E-54));
#12546=DIRECTION('',(-4.16333634234433E-17,-3.91518268079911E-54,-1.));
#12547=DIRECTION('',(-9.40395480657816E-38,-1.,0.));
#12548=DIRECTION('center_axis',(1.,-9.40395480657816E-38,-4.16333634234433E-17));
#12549=DIRECTION('ref_axis',(0.,-1.,0.));
#12550=DIRECTION('',(4.16333634234433E-17,0.,1.));
#12551=DIRECTION('center_axis',(-1.,9.40395480657816E-38,4.16333634234433E-17));
#12552=DIRECTION('ref_axis',(-9.40395480657816E-38,-1.,7.83036536159816E-54));
#12553=DIRECTION('',(-4.16333634234433E-17,0.,-1.));
#12554=DIRECTION('',(9.40395480657816E-38,1.,0.));
#12555=DIRECTION('center_axis',(1.,-9.40395480657816E-38,-4.16333634234433E-17));
#12556=DIRECTION('ref_axis',(0.,-1.,0.));
#12557=DIRECTION('center_axis',(-1.,9.40395480657816E-38,4.16333634234433E-17));
#12558=DIRECTION('ref_axis',(-9.40395480657816E-38,-1.,7.83036536159816E-54));
#12559=DIRECTION('',(9.40395480657816E-38,1.,0.));
#12560=DIRECTION('',(-4.16333634234433E-17,-3.91518268079911E-54,-1.));
#12561=DIRECTION('',(-9.40395480657816E-38,-1.,7.83036536159816E-54));
#12562=DIRECTION('',(4.16333634234433E-17,3.91518268079911E-54,1.));
#12563=DIRECTION('center_axis',(1.,-9.40395480657816E-38,-4.16333634234433E-17));
#12564=DIRECTION('ref_axis',(9.40395480657816E-38,1.,-7.83036536159816E-54));
#12565=DIRECTION('center_axis',(0.,1.,0.));
#12566=DIRECTION('ref_axis',(0.,0.,1.));
#12567=DIRECTION('',(1.,0.,0.));
#12568=DIRECTION('center_axis',(0.,-1.,0.));
#12569=DIRECTION('ref_axis',(0.,0.,-1.));
#12570=DIRECTION('',(1.,0.,0.));
#12571=DIRECTION('center_axis',(0.,0.,-1.));
#12572=DIRECTION('ref_axis',(0.,1.,0.));
#12573=DIRECTION('',(1.,0.,0.));
#12574=DIRECTION('center_axis',(0.,0.,1.));
#12575=DIRECTION('ref_axis',(0.,-1.,0.));
#12576=DIRECTION('',(-1.,9.40395480657816E-38,4.16333634234433E-17));
#12577=DIRECTION('',(1.,0.,0.));
#12578=DIRECTION('center_axis',(7.21611472236502E-16,0.992546151641322,
-0.121869343405147));
#12579=DIRECTION('ref_axis',(0.,0.121869343405147,0.992546151641322));
#12580=DIRECTION('',(0.,0.121869343405147,0.992546151641322));
#12581=DIRECTION('',(1.,0.,5.92118946466749E-15));
#12582=DIRECTION('',(-0.086510977221788,0.121412442748207,0.988824994408032));
#12583=DIRECTION('',(-1.,0.,-5.92118946466749E-15));
#12584=DIRECTION('',(1.48832366148779E-16,0.121869343405147,0.992546151641322));
#12585=DIRECTION('',(1.,9.93481391163163E-32,5.92118946466749E-15));
#12586=DIRECTION('center_axis',(0.,-1.,0.));
#12587=DIRECTION('ref_axis',(-1.,0.,0.));
#12588=DIRECTION('',(0.,1.11022302462516E-16,-1.));
#12589=DIRECTION('',(1.,0.,0.));
#12590=DIRECTION('',(0.0871557427476582,0.,-0.996194698091746));
#12591=DIRECTION('center_axis',(1.,0.,0.));
#12592=DIRECTION('ref_axis',(0.,1.,0.));
#12593=DIRECTION('',(0.,-1.,0.));
#12594=DIRECTION('',(0.,0.,-1.));
#12595=DIRECTION('',(0.,1.,0.));
#12596=DIRECTION('',(0.,0.,-1.));
#12597=DIRECTION('center_axis',(-1.,0.,0.));
#12598=DIRECTION('ref_axis',(0.,-0.707106781186547,0.707106781186547));
#12599=DIRECTION('',(0.,-1.,0.));
#12600=DIRECTION('',(0.,0.,-1.));
#12601=DIRECTION('',(0.,1.,1.22464679914735E-16));
#12602=DIRECTION('center_axis',(-5.92118946466749E-15,-1.05181452462142E-29,
1.));
#12603=DIRECTION('ref_axis',(-1.77635681293047E-15,1.,0.));
#12604=DIRECTION('',(1.22124532708767E-15,1.,0.));
#12605=DIRECTION('',(-1.,0.,0.));
#12606=DIRECTION('',(-1.22124532708767E-15,-1.,0.));
#12607=DIRECTION('',(1.,0.,0.));
#12608=DIRECTION('',(0.,-1.,0.));
#12609=DIRECTION('center_axis',(0.,0.,-1.));
#12610=DIRECTION('ref_axis',(0.707106781186547,0.707106781186547,0.));
#12611=DIRECTION('',(1.,0.,0.));
#12612=DIRECTION('center_axis',(0.,0.,-1.));
#12613=DIRECTION('ref_axis',(-0.707106781186547,0.707106781186547,0.));
#12614=DIRECTION('',(0.,1.,0.));
#12615=DIRECTION('',(1.,0.,0.));
#12616=DIRECTION('center_axis',(-1.,1.22124532708767E-15,0.));
#12617=DIRECTION('ref_axis',(0.,0.,1.));
#12618=DIRECTION('',(0.,0.,1.));
#12619=DIRECTION('center_axis',(-1.,1.22124532708767E-15,0.));
#12620=DIRECTION('ref_axis',(0.,1.,0.));
#12621=DIRECTION('center_axis',(1.,-1.22124532708767E-15,0.));
#12622=DIRECTION('ref_axis',(0.,0.,-1.));
#12623=DIRECTION('',(-2.95687143619106E-23,-2.42119365422046E-8,1.));
#12624=DIRECTION('center_axis',(-1.,1.22124532708767E-15,0.));
#12625=DIRECTION('ref_axis',(0.,0.707106772626335,0.70710678974676));
#12626=DIRECTION('',(0.,1.,0.));
#12627=DIRECTION('',(0.,0.,-1.));
#12628=DIRECTION('',(0.,-1.,0.));
#12629=DIRECTION('center_axis',(-1.,1.22124532708767E-15,0.));
#12630=DIRECTION('ref_axis',(0.,0.707106789746759,-0.707106772626336));
#12631=DIRECTION('',(-2.95687143619106E-23,-2.42119365422046E-8,1.));
#12632=DIRECTION('center_axis',(1.,-1.22124532708767E-15,0.));
#12633=DIRECTION('ref_axis',(0.,1.,0.));
#12634=DIRECTION('',(0.,0.,1.));
#12635=DIRECTION('center_axis',(-1.,1.22124532708767E-15,0.));
#12636=DIRECTION('ref_axis',(0.,1.,3.5527136788005E-16));
#12637=DIRECTION('',(-1.22124532708767E-15,-1.,0.));
#12638=DIRECTION('center_axis',(-1.,1.22124532708767E-15,0.));
#12639=DIRECTION('ref_axis',(0.,-1.,0.));
#12640=DIRECTION('',(0.,0.,1.));
#12641=DIRECTION('center_axis',(-1.,1.22124532708767E-15,0.));
#12642=DIRECTION('ref_axis',(0.,0.,1.));
#12643=DIRECTION('',(-1.22124532708767E-15,-1.,0.));
#12644=DIRECTION('center_axis',(1.,-1.22124532708767E-15,0.));
#12645=DIRECTION('ref_axis',(0.,0.,1.));
#12646=DIRECTION('',(-5.23191733694147E-23,-4.28408381256052E-8,-0.999999999999999));
#12647=DIRECTION('center_axis',(1.,-1.22124532708767E-15,0.));
#12648=DIRECTION('ref_axis',(0.,-0.999999932267459,0.000368055807875317));
#12649=DIRECTION('center_axis',(-1.,1.22124532708767E-15,0.));
#12650=DIRECTION('ref_axis',(0.,0.707106781186549,-0.707106781186546));
#12651=DIRECTION('',(0.,0.,-1.));
#12652=DIRECTION('center_axis',(-1.,0.,0.));
#12653=DIRECTION('ref_axis',(0.,-1.,0.));
#12654=DIRECTION('center_axis',(-1.,0.,0.));
#12655=DIRECTION('ref_axis',(0.,-1.,0.));
#12656=DIRECTION('center_axis',(-1.,0.,0.));
#12657=DIRECTION('ref_axis',(0.,-1.,0.));
#12658=DIRECTION('center_axis',(1.,0.,0.));
#12659=DIRECTION('ref_axis',(0.,-1.,0.));
#12660=DIRECTION('center_axis',(1.,0.,0.));
#12661=DIRECTION('ref_axis',(0.,-1.,0.));
#12662=DIRECTION('',(1.,0.,0.));
#12663=DIRECTION('center_axis',(0.,0.,1.));
#12664=DIRECTION('ref_axis',(0.,-1.,0.));
#12665=DIRECTION('center_axis',(1.,0.,0.));
#12666=DIRECTION('ref_axis',(0.,-1.,0.));
#12667=DIRECTION('',(1.,0.,0.));
#12668=DIRECTION('center_axis',(0.,0.,-1.));
#12669=DIRECTION('ref_axis',(0.,1.,0.));
#12670=DIRECTION('',(1.,0.,0.));
#12671=DIRECTION('center_axis',(0.,-0.600000002861023,-0.799999997854233));
#12672=DIRECTION('ref_axis',(0.707106781186548,0.565685423431951,-0.424264070734977));
#12673=DIRECTION('center_axis',(0.,-1.,0.));
#12674=DIRECTION('ref_axis',(0.,0.,-1.));
#12675=DIRECTION('',(0.,-0.600000002861023,-0.799999997854233));
#12676=DIRECTION('center_axis',(0.,-1.,0.));
#12677=DIRECTION('ref_axis',(0.,0.,-1.));
#12678=DIRECTION('',(0.,0.600000002861023,0.799999997854233));
#12679=DIRECTION('center_axis',(0.,0.,1.));
#12680=DIRECTION('ref_axis',(-1.77635683463569E-16,1.,3.14018490894492E-17));
#12681=DIRECTION('center_axis',(0.,-0.799999997854233,0.600000002861023));
#12682=DIRECTION('ref_axis',(0.,0.600000002861023,0.799999997854233));
#12683=DIRECTION('',(-1.,0.,0.));
#12684=DIRECTION('center_axis',(0.,0.799999997854233,-0.600000002861023));
#12685=DIRECTION('ref_axis',(0.,-0.600000002861023,-0.799999997854233));
#12686=DIRECTION('',(0.,0.600000002861023,0.799999997854233));
#12687=DIRECTION('',(-1.,0.,0.));
#12688=DIRECTION('center_axis',(0.,-1.,0.));
#12689=DIRECTION('ref_axis',(1.,0.,0.));
#12690=DIRECTION('',(1.,0.,0.));
#12691=DIRECTION('center_axis',(0.,1.,0.));
#12692=DIRECTION('ref_axis',(0.632455532033676,0.,-0.774596669241483));
#12693=DIRECTION('',(1.,0.,0.));
#12694=DIRECTION('',(0.,0.,1.));
#12695=DIRECTION('center_axis',(0.,0.600000002861023,0.799999997854233));
#12696=DIRECTION('ref_axis',(0.707106781186547,-0.565685423431951,0.424264070734977));
#12697=DIRECTION('center_axis',(0.,1.,0.));
#12698=DIRECTION('ref_axis',(-1.33226763590293E-16,0.,1.));
#12699=DIRECTION('',(0.,-0.600000002861023,-0.799999997854233));
#12700=DIRECTION('center_axis',(0.,-1.,0.));
#12701=DIRECTION('ref_axis',(-1.33226763590293E-16,0.,1.));
#12702=DIRECTION('',(0.,0.600000002861023,0.799999997854233));
#12703=DIRECTION('center_axis',(-1.,0.,0.));
#12704=DIRECTION('ref_axis',(0.,0.,-1.));
#12705=DIRECTION('',(0.,0.,-1.));
#12706=DIRECTION('center_axis',(-1.,0.,0.));
#12707=DIRECTION('ref_axis',(0.,-0.707106781186547,-0.707106781186547));
#12708=DIRECTION('',(0.,1.,0.));
#12709=DIRECTION('',(0.,0.600000002861023,0.799999997854233));
#12710=DIRECTION('',(0.,0.,1.));
#12711=DIRECTION('center_axis',(7.31676706016402E-15,0.285714285714278,
0.958314847499912));
#12712=DIRECTION('ref_axis',(1.,-1.77635683940025E-15,-7.105427357601E-15));
#12713=DIRECTION('center_axis',(-0.400000000000169,1.93738894331724E-13,
-0.916515138991094));
#12714=DIRECTION('ref_axis',(0.,1.,2.1138646388863E-13));
#12715=DIRECTION('center_axis',(-1.,0.,0.));
#12716=DIRECTION('ref_axis',(0.,1.,0.));
#12717=DIRECTION('center_axis',(0.,-1.,0.));
#12718=DIRECTION('ref_axis',(0.632455532033676,0.,-0.774596669241483));
#12719=DIRECTION('center_axis',(-1.,0.,0.));
#12720=DIRECTION('ref_axis',(0.,0.707106781186547,-0.707106781186547));
#12721=DIRECTION('',(1.,0.,0.));
#12722=DIRECTION('center_axis',(1.,0.,0.));
#12723=DIRECTION('ref_axis',(0.,0.,-1.));
#12724=DIRECTION('center_axis',(0.,0.338271804655712,0.941048450492836));
#12725=DIRECTION('ref_axis',(1.,0.,0.));
#12726=DIRECTION('center_axis',(1.,0.,0.));
#12727=DIRECTION('ref_axis',(0.,0.,1.));
#12728=DIRECTION('center_axis',(-1.,0.,0.));
#12729=DIRECTION('ref_axis',(0.,0.,1.));
#12730=DIRECTION('center_axis',(-1.,0.,0.));
#12731=DIRECTION('ref_axis',(0.,0.,1.));
#12732=DIRECTION('center_axis',(0.,1.,0.));
#12733=DIRECTION('ref_axis',(1.,0.,0.));
#12734=DIRECTION('center_axis',(1.,0.,0.));
#12735=DIRECTION('ref_axis',(0.,0.0640453602560441,0.9979469884867));
#12736=DIRECTION('center_axis',(0.,1.,0.));
#12737=DIRECTION('ref_axis',(0.707106781186547,0.,-0.707106781186547));
#12738=DIRECTION('center_axis',(0.,1.,0.));
#12739=DIRECTION('ref_axis',(1.,0.,0.));
#12740=DIRECTION('',(0.,-1.,0.));
#12741=DIRECTION('center_axis',(1.,0.,0.));
#12742=DIRECTION('ref_axis',(0.,-0.707106781186547,-0.707106781186547));
#12743=DIRECTION('',(1.,0.,0.));
#12744=DIRECTION('center_axis',(1.,0.,0.));
#12745=DIRECTION('ref_axis',(0.,-1.,0.));
#12746=DIRECTION('',(-1.,0.,0.));
#12747=DIRECTION('center_axis',(0.399999999999997,0.,0.916515138991169));
#12748=DIRECTION('ref_axis',(0.,-1.,0.));
#12749=DIRECTION('center_axis',(0.,1.,0.));
#12750=DIRECTION('ref_axis',(0.632455532033676,0.,-0.774596669241483));
#12751=DIRECTION('center_axis',(0.,-1.,0.));
#12752=DIRECTION('ref_axis',(0.632455532033676,0.,-0.774596669241483));
#12753=DIRECTION('center_axis',(1.70230913365527E-15,-0.285714285714287,
0.95831484749991));
#12754=DIRECTION('ref_axis',(0.,-0.958314847499909,-0.285714285714287));
#12755=DIRECTION('center_axis',(1.,0.,0.));
#12756=DIRECTION('ref_axis',(0.,0.,-1.));
#12757=DIRECTION('center_axis',(-2.9997391948235E-16,-0.985638280723147,
0.168870304000197));
#12758=DIRECTION('ref_axis',(0.,-0.168870304000197,-0.985638280723147));
#12759=DIRECTION('center_axis',(-1.,0.,0.));
#12760=DIRECTION('ref_axis',(0.,0.,1.));
#12761=DIRECTION('center_axis',(1.,0.,0.));
#12762=DIRECTION('ref_axis',(0.,0.,1.));
#12763=DIRECTION('center_axis',(-1.,0.,0.));
#12764=DIRECTION('ref_axis',(0.,0.,1.));
#12765=DIRECTION('center_axis',(1.,0.,0.));
#12766=DIRECTION('ref_axis',(0.,0.,1.));
#12767=DIRECTION('center_axis',(1.,0.,0.));
#12768=DIRECTION('ref_axis',(0.,-0.707106781186551,0.707106781186544));
#12769=DIRECTION('',(-1.,0.,0.));
#12770=DIRECTION('center_axis',(-1.,0.,0.));
#12771=DIRECTION('ref_axis',(0.,-0.70710678118655,0.707106781186545));
#12772=DIRECTION('center_axis',(0.,0.,1.));
#12773=DIRECTION('ref_axis',(1.,0.,0.));
#12774=DIRECTION('',(-1.,0.,0.));
#12775=DIRECTION('',(0.,1.,0.));
#12776=DIRECTION('center_axis',(1.,0.,0.));
#12777=DIRECTION('ref_axis',(0.,1.,0.));
#12778=DIRECTION('center_axis',(-1.,0.,0.));
#12779=DIRECTION('ref_axis',(0.,1.,0.));
#12780=DIRECTION('center_axis',(-1.,0.,0.));
#12781=DIRECTION('ref_axis',(0.,1.,0.));
#12782=DIRECTION('',(0.,0.,-1.));
#12783=DIRECTION('',(0.,1.,0.));
#12784=DIRECTION('center_axis',(1.,0.,0.));
#12785=DIRECTION('ref_axis',(0.,1.,0.));
#12786=DIRECTION('',(0.,0.,-1.));
#12787=DIRECTION('',(0.,1.,0.));
#12788=DIRECTION('center_axis',(-1.,0.,0.));
#12789=DIRECTION('ref_axis',(0.,0.,1.));
#12790=DIRECTION('',(0.,1.,0.));
#12791=DIRECTION('center_axis',(-1.,0.,0.));
#12792=DIRECTION('ref_axis',(0.,0.,1.));
#12793=DIRECTION('',(0.,1.,0.));
#12794=DIRECTION('center_axis',(-1.,0.,0.));
#12795=DIRECTION('ref_axis',(0.,0.707106781186551,0.707106781186544));
#12796=DIRECTION('',(-1.,0.,0.));
#12797=DIRECTION('center_axis',(-1.,0.,0.));
#12798=DIRECTION('ref_axis',(0.,0.70710678118655,0.707106781186545));
#12799=DIRECTION('center_axis',(0.,1.,0.));
#12800=DIRECTION('ref_axis',(-1.,0.,0.));
#12801=DIRECTION('',(-1.,0.,0.));
#12802=DIRECTION('',(0.,0.,-1.));
#12803=DIRECTION('center_axis',(1.,0.,0.));
#12804=DIRECTION('ref_axis',(0.,0.707106781186547,-0.707106781186547));
#12805=DIRECTION('',(-1.,0.,0.));
#12806=DIRECTION('',(1.,0.,0.));
#12807=DIRECTION('center_axis',(0.,0.,1.));
#12808=DIRECTION('ref_axis',(-1.,0.,0.));
#12809=DIRECTION('center_axis',(0.,0.,1.));
#12810=DIRECTION('ref_axis',(-2.22044604329461E-16,1.,3.14018490894492E-17));
#12811=DIRECTION('',(-1.,0.,0.));
#12812=DIRECTION('',(0.,1.,0.));
#12813=DIRECTION('',(-1.,0.,0.));
#12814=DIRECTION('center_axis',(0.,0.,1.));
#12815=DIRECTION('ref_axis',(-0.707106781186547,0.707106781186547,0.));
#12816=DIRECTION('center_axis',(0.,-0.600000002861023,-0.799999997854233));
#12817=DIRECTION('ref_axis',(0.707106781186547,0.565685423431951,-0.424264070734977));
#12818=DIRECTION('center_axis',(0.,-1.,0.));
#12819=DIRECTION('ref_axis',(-1.33226763590293E-16,0.,-1.));
#12820=DIRECTION('center_axis',(0.,0.,1.));
#12821=DIRECTION('ref_axis',(-2.22044604329461E-16,1.,3.14018490894492E-17));
#12822=DIRECTION('center_axis',(0.,-1.,0.));
#12823=DIRECTION('ref_axis',(-1.33226763590293E-16,0.,-1.));
#12824=DIRECTION('',(0.,-0.600000002861023,-0.799999997854233));
#12825=DIRECTION('center_axis',(0.,-0.799999997854233,0.600000002861023));
#12826=DIRECTION('ref_axis',(0.,0.600000002861023,0.799999997854233));
#12827=DIRECTION('',(-1.,0.,0.));
#12828=DIRECTION('center_axis',(0.,0.799999997854233,-0.600000002861023));
#12829=DIRECTION('ref_axis',(0.,-0.600000002861023,-0.799999997854233));
#12830=DIRECTION('',(0.,0.600000002861023,0.799999997854233));
#12831=DIRECTION('center_axis',(0.,0.799999997854233,-0.600000002861023));
#12832=DIRECTION('ref_axis',(5.55111510823653E-17,0.600000002861023,0.799999997854233));
#12833=DIRECTION('center_axis',(0.,-1.,0.));
#12834=DIRECTION('ref_axis',(1.,0.,0.));
#12835=DIRECTION('',(1.,0.,0.));
#12836=DIRECTION('center_axis',(0.,1.,0.));
#12837=DIRECTION('ref_axis',(0.632455532033676,0.,-0.774596669241483));
#12838=DIRECTION('',(1.,0.,0.));
#12839=DIRECTION('',(0.,0.,1.));
#12840=DIRECTION('center_axis',(0.,0.613874042030491,0.789403990692438));
#12841=DIRECTION('ref_axis',(0.707106781186547,-0.558192914914345,0.434074497914156));
#12842=DIRECTION('',(0.,-0.613874042030491,-0.789403990692438));
#12843=DIRECTION('center_axis',(0.,0.,-1.));
#12844=DIRECTION('ref_axis',(-3.06745070169205E-16,-1.,-3.09859313160268E-17));
#12845=DIRECTION('',(0.,0.613874042030491,0.789403990692438));
#12846=DIRECTION('center_axis',(0.,1.,0.));
#12847=DIRECTION('ref_axis',(-1.36307419136392E-16,0.,1.));
#12848=DIRECTION('',(0.,-0.613874042030491,-0.789403990692438));
#12849=DIRECTION('center_axis',(-1.,0.,0.));
#12850=DIRECTION('ref_axis',(0.,0.,-1.));
#12851=DIRECTION('center_axis',(1.,0.,0.));
#12852=DIRECTION('ref_axis',(0.,-1.,0.));
#12853=DIRECTION('',(0.,-1.,0.));
#12854=DIRECTION('',(0.,0.,-1.));
#12855=DIRECTION('',(0.,1.,0.));
#12856=DIRECTION('center_axis',(1.,0.,0.));
#12857=DIRECTION('ref_axis',(0.,-1.,0.));
#12858=DIRECTION('',(0.,1.,0.));
#12859=DIRECTION('',(0.,0.,1.));
#12860=DIRECTION('',(0.,-1.,0.));
#12861=DIRECTION('center_axis',(1.,0.,0.));
#12862=DIRECTION('ref_axis',(0.,-1.,0.));
#12863=DIRECTION('',(0.,0.,-1.));
#12864=DIRECTION('center_axis',(-1.,0.,0.));
#12865=DIRECTION('ref_axis',(0.,-0.707106781186547,-0.707106781186547));
#12866=DIRECTION('',(0.,1.,0.));
#12867=DIRECTION('',(0.,0.,-1.));
#12868=DIRECTION('center_axis',(1.,0.,0.));
#12869=DIRECTION('ref_axis',(0.,0.707106781186547,-0.707106781186548));
#12870=DIRECTION('',(0.,-1.,0.));
#12871=DIRECTION('center_axis',(1.,0.,0.));
#12872=DIRECTION('ref_axis',(0.,-0.707106781186547,-0.707106781186547));
#12873=DIRECTION('',(1.,0.,0.));
#12874=DIRECTION('center_axis',(1.,0.,0.));
#12875=DIRECTION('ref_axis',(0.,-1.,0.));
#12876=DIRECTION('',(-1.,0.,0.));
#12877=DIRECTION('center_axis',(0.399999999999997,0.,0.916515138991169));
#12878=DIRECTION('ref_axis',(0.,-1.,0.));
#12879=DIRECTION('center_axis',(0.,1.,0.));
#12880=DIRECTION('ref_axis',(0.632455532033676,0.,-0.774596669241483));
#12881=DIRECTION('center_axis',(0.,-1.,0.));
#12882=DIRECTION('ref_axis',(0.632455532033676,0.,-0.774596669241483));
#12883=DIRECTION('center_axis',(1.53207822028975E-14,-0.285714285714276,
0.958314847499913));
#12884=DIRECTION('ref_axis',(0.,-0.958314847499913,-0.285714285714276));
#12885=DIRECTION('center_axis',(0.,1.,0.));
#12886=DIRECTION('ref_axis',(0.707106781186547,0.,-0.707106781186547));
#12887=DIRECTION('center_axis',(0.,-1.,0.));
#12888=DIRECTION('ref_axis',(0.,0.,-1.));
#12889=DIRECTION('center_axis',(0.,1.,0.));
#12890=DIRECTION('ref_axis',(1.,0.,0.));
#12891=DIRECTION('',(0.,-1.,0.));
#12892=DIRECTION('center_axis',(1.,0.,0.));
#12893=DIRECTION('ref_axis',(0.,0.,-1.));
#12894=DIRECTION('center_axis',(1.,0.,0.));
#12895=DIRECTION('ref_axis',(0.,0.,1.));
#12896=DIRECTION('center_axis',(-0.400000000000251,2.0004415360992E-13,
-0.916515138991059));
#12897=DIRECTION('ref_axis',(3.55271367880051E-15,1.,2.16715534406831E-13));
#12898=DIRECTION('center_axis',(-1.70230913365527E-15,0.285714285714284,
0.95831484749991));
#12899=DIRECTION('ref_axis',(1.,0.,1.77635683940025E-15));
#12900=DIRECTION('center_axis',(-1.,0.,0.));
#12901=DIRECTION('ref_axis',(0.,1.,0.));
#12902=DIRECTION('center_axis',(0.,-1.,0.));
#12903=DIRECTION('ref_axis',(0.632455532033676,0.,-0.774596669241483));
#12904=DIRECTION('center_axis',(-1.,0.,0.));
#12905=DIRECTION('ref_axis',(0.,0.707106781186547,-0.707106781186547));
#12906=DIRECTION('',(1.,0.,0.));
#12907=DIRECTION('center_axis',(1.,0.,0.));
#12908=DIRECTION('ref_axis',(0.,0.,-1.));
#12909=DIRECTION('center_axis',(1.,0.,0.));
#12910=DIRECTION('ref_axis',(0.,0.,1.));
#12911=DIRECTION('center_axis',(0.,1.,0.));
#12912=DIRECTION('ref_axis',(-1.,0.,0.));
#12913=DIRECTION('',(-1.,0.,0.));
#12914=DIRECTION('',(0.,0.,-1.));
#12915=DIRECTION('',(-1.,0.,0.));
#12916=DIRECTION('center_axis',(0.,0.,1.));
#12917=DIRECTION('ref_axis',(0.,1.,0.));
#12918=DIRECTION('',(0.,-1.,0.));
#12919=DIRECTION('',(-1.,0.,0.));
#12920=DIRECTION('center_axis',(0.,-1.,0.));
#12921=DIRECTION('ref_axis',(0.707106781186547,0.,-0.707106781186547));
#12922=DIRECTION('center_axis',(0.,1.,0.));
#12923=DIRECTION('ref_axis',(0.707106781186547,0.,-0.707106781186547));
#12924=DIRECTION('center_axis',(1.,0.,0.));
#12925=DIRECTION('ref_axis',(0.,1.,0.));
#12926=DIRECTION('',(0.,1.,0.));
#12927=DIRECTION('center_axis',(-1.,0.,0.));
#12928=DIRECTION('ref_axis',(0.,1.,0.));
#12929=DIRECTION('center_axis',(0.,-1.,0.));
#12930=DIRECTION('ref_axis',(-0.707106781186546,0.,-0.707106781186549));
#12931=DIRECTION('center_axis',(0.,-0.789403990692438,0.613874042030491));
#12932=DIRECTION('ref_axis',(0.,-0.613874042030491,-0.789403990692438));
#12933=DIRECTION('',(0.,-1.,0.));
#12934=DIRECTION('center_axis',(0.,1.,0.));
#12935=DIRECTION('ref_axis',(0.,0.,-1.));
#12936=DIRECTION('',(0.,1.,0.));
#12937=DIRECTION('center_axis',(0.,0.,1.));
#12938=DIRECTION('ref_axis',(-0.707106781186548,-0.707106781186548,0.));
#12939=DIRECTION('center_axis',(0.,0.,1.));
#12940=DIRECTION('ref_axis',(-1.,0.,0.));
#12941=DIRECTION('',(0.,0.,1.));
#12942=DIRECTION('center_axis',(0.,0.,-1.));
#12943=DIRECTION('ref_axis',(0.,-1.,0.));
#12944=DIRECTION('',(0.,0.,-1.));
#12945=DIRECTION('center_axis',(0.408248290463863,-0.816496580927726,0.408248290463863));
#12946=DIRECTION('ref_axis',(-0.577350269189626,-0.577350269189626,-0.577350269189626));
#12947=DIRECTION('center_axis',(-1.,0.,0.));
#12948=DIRECTION('ref_axis',(0.,-0.707106781186545,-0.70710678118655));
#12949=DIRECTION('center_axis',(0.,1.,0.));
#12950=DIRECTION('ref_axis',(-0.707106781186544,0.,0.707106781186551));
#12951=DIRECTION('center_axis',(0.,1.,0.));
#12952=DIRECTION('ref_axis',(-1.,0.,0.));
#12953=DIRECTION('',(0.,-1.,0.));
#12954=DIRECTION('center_axis',(0.408248249908035,-0.816496621483549,-0.408248249908038));
#12955=DIRECTION('ref_axis',(-0.577350297866921,-0.577350211835027,0.577350297866925));
#12956=DIRECTION('center_axis',(-1.,0.,0.));
#12957=DIRECTION('ref_axis',(0.,-0.707106781186545,0.70710678118655));
#12958=DIRECTION('center_axis',(0.,0.,-1.));
#12959=DIRECTION('ref_axis',(1.,0.,0.));
#12960=DIRECTION('',(-1.,0.,0.));
#12961=DIRECTION('',(-1.,0.,0.));
#12962=DIRECTION('',(0.,1.,0.));
#12963=DIRECTION('',(-1.,0.,0.));
#12964=DIRECTION('',(1.,0.,0.));
#12965=DIRECTION('center_axis',(0.,0.,-1.));
#12966=DIRECTION('ref_axis',(-0.707106781186547,0.707106781186547,0.));
#12967=DIRECTION('',(1.,0.,0.));
#12968=DIRECTION('center_axis',(0.,0.789403990692438,-0.613874042030491));
#12969=DIRECTION('ref_axis',(0.,-0.613874042030491,-0.789403990692438));
#12970=DIRECTION('',(0.,-0.613874042030491,-0.789403990692438));
#12971=DIRECTION('center_axis',(0.,-0.789403990692438,0.613874042030491));
#12972=DIRECTION('ref_axis',(0.,0.613874042030491,0.789403990692438));
#12973=DIRECTION('center_axis',(-1.,0.,0.));
#12974=DIRECTION('ref_axis',(0.,-1.,0.));
#12975=DIRECTION('',(0.,0.,-1.));
#12976=DIRECTION('',(0.,-1.,0.));
#12977=DIRECTION('',(0.,0.,1.));
#12978=DIRECTION('center_axis',(0.,0.,1.));
#12979=DIRECTION('ref_axis',(-0.707106781186546,-0.707106781186549,0.));
#12980=DIRECTION('center_axis',(0.,0.,-1.));
#12981=DIRECTION('ref_axis',(0.,-1.,0.));
#12982=DIRECTION('',(0.,0.,-1.));
#12983=DIRECTION('center_axis',(0.,1.,0.));
#12984=DIRECTION('ref_axis',(-0.707106781186546,0.,0.707106781186549));
#12985=DIRECTION('center_axis',(0.,1.,0.));
#12986=DIRECTION('ref_axis',(-1.,0.,0.));
#12987=DIRECTION('center_axis',(0.,-1.,0.));
#12988=DIRECTION('ref_axis',(0.,0.,1.));
#12989=DIRECTION('',(0.,-1.,0.));
#12990=DIRECTION('center_axis',(-0.816496580927726,0.408248290463863,-0.408248290463863));
#12991=DIRECTION('ref_axis',(-0.577350269189626,-0.577350269189626,0.577350269189626));
#12992=DIRECTION('center_axis',(0.,0.,-1.));
#12993=DIRECTION('ref_axis',(-0.707106781186544,0.707106781186551,0.));
#12994=DIRECTION('center_axis',(0.,-0.799999997854233,0.600000002861023));
#12995=DIRECTION('ref_axis',(4.16333636219667E-17,0.600000002861023,0.799999997854233));
#12996=DIRECTION('',(0.,0.,1.));
#12997=DIRECTION('center_axis',(0.,0.,-1.));
#12998=DIRECTION('ref_axis',(-1.,0.,0.));
#12999=DIRECTION('center_axis',(-0.816496580927727,-0.408248290463864,-0.40824829046386));
#13000=DIRECTION('ref_axis',(-0.577350269189626,0.577350269189629,0.577350269189622));
#13001=DIRECTION('center_axis',(-1.,0.,0.));
#13002=DIRECTION('ref_axis',(0.,-1.,0.));
#13003=DIRECTION('',(0.,-0.600000002861023,-0.799999997854233));
#13004=DIRECTION('',(0.,0.,1.));
#13005=DIRECTION('center_axis',(0.,0.799999997854233,-0.600000002861023));
#13006=DIRECTION('ref_axis',(0.,-0.600000002861023,-0.799999997854233));
#13007=DIRECTION('',(-1.,0.,0.));
#13008=DIRECTION('center_axis',(0.,0.,1.));
#13009=DIRECTION('ref_axis',(-0.707106781186549,-0.707106781186546,0.));
#13010=DIRECTION('center_axis',(0.,0.,-1.));
#13011=DIRECTION('ref_axis',(0.,-1.,0.));
#13012=DIRECTION('center_axis',(0.,1.,0.));
#13013=DIRECTION('ref_axis',(-0.707106781186546,0.,0.707106781186549));
#13014=DIRECTION('center_axis',(0.,1.,0.));
#13015=DIRECTION('ref_axis',(-1.,0.,0.));
#13016=DIRECTION('',(0.,1.,0.));
#13017=DIRECTION('center_axis',(0.,-1.,0.));
#13018=DIRECTION('ref_axis',(0.,0.,1.));
#13019=DIRECTION('center_axis',(-0.408248290463864,-0.40824829046386,-0.816496580927727));
#13020=DIRECTION('ref_axis',(-0.577350269189627,-0.577350269189623,0.577350269189627));
#13021=DIRECTION('center_axis',(-1.,0.,0.));
#13022=DIRECTION('ref_axis',(0.,-0.707106781186548,0.707106781186548));
#13023=DIRECTION('center_axis',(0.,0.,-1.));
#13024=DIRECTION('ref_axis',(-0.707106781186548,0.707106781186548,0.));
#13025=DIRECTION('center_axis',(0.,0.,-1.));
#13026=DIRECTION('ref_axis',(-1.,0.,0.));
#13027=DIRECTION('center_axis',(-0.816496580927725,-0.408248290463866,-0.408248290463862));
#13028=DIRECTION('ref_axis',(-0.577350269189625,0.577350269189628,0.577350269189625));
#13029=DIRECTION('center_axis',(-1.,0.,0.));
#13030=DIRECTION('ref_axis',(0.,0.707106781186548,0.707106781186548));
#13031=DIRECTION('center_axis',(-1.,0.,0.));
#13032=DIRECTION('ref_axis',(0.,0.,-1.));
#13033=DIRECTION('',(0.,0.,1.));
#13034=DIRECTION('center_axis',(1.,0.,0.));
#13035=DIRECTION('ref_axis',(0.,-0.707106781186547,0.707106781186547));
#13036=DIRECTION('',(0.,1.,0.));
#13037=DIRECTION('center_axis',(0.,0.,-1.));
#13038=DIRECTION('ref_axis',(-0.707106781186547,0.707106781186547,0.));
#13039=DIRECTION('',(0.,4.03717471703501E-17,-1.));
#13040=DIRECTION('',(0.,0.,1.));
#13041=DIRECTION('center_axis',(0.,-1.,0.));
#13042=DIRECTION('ref_axis',(0.,0.,1.));
#13043=DIRECTION('',(0.,4.03717471703501E-17,-1.));
#13044=DIRECTION('',(-1.,0.,0.));
#13045=DIRECTION('',(0.,0.,-1.));
#13046=DIRECTION('',(0.,0.,1.));
#13047=DIRECTION('center_axis',(0.,-1.,0.));
#13048=DIRECTION('ref_axis',(0.707106781186547,0.,-0.707106781186547));
#13049=DIRECTION('',(1.,0.,0.));
#13050=DIRECTION('center_axis',(0.,-1.,0.));
#13051=DIRECTION('ref_axis',(0.,0.,1.));
#13052=DIRECTION('',(0.,4.03717471703501E-17,-1.));
#13053=DIRECTION('center_axis',(1.,0.,0.));
#13054=DIRECTION('ref_axis',(0.,-0.707106781186548,0.707106781186548));
#13055=DIRECTION('',(-1.,0.,0.));
#13056=DIRECTION('center_axis',(-1.,0.,0.));
#13057=DIRECTION('ref_axis',(0.,0.707106781186548,0.707106781186548));
#13058=DIRECTION('',(-1.,0.,0.));
#13059=DIRECTION('center_axis',(0.,0.,1.));
#13060=DIRECTION('ref_axis',(0.,1.,0.));
#13061=DIRECTION('',(0.,-1.,0.));
#13062=DIRECTION('center_axis',(0.,-1.,0.));
#13063=DIRECTION('ref_axis',(0.707106781186547,0.,-0.707106781186547));
#13064=DIRECTION('center_axis',(0.,0.,1.));
#13065=DIRECTION('ref_axis',(1.,0.,0.));
#13066=DIRECTION('center_axis',(0.,-1.,0.));
#13067=DIRECTION('ref_axis',(0.707106781186547,0.,-0.707106781186547));
#13068=DIRECTION('',(0.,-1.,0.));
#13069=DIRECTION('center_axis',(0.,1.,0.));
#13070=DIRECTION('ref_axis',(0.707106781186547,0.,-0.707106781186547));
#13071=DIRECTION('',(0.,1.,0.));
#13072=DIRECTION('center_axis',(0.,0.,1.));
#13073=DIRECTION('ref_axis',(0.,1.,0.));
#13074=DIRECTION('',(-1.,0.,0.));
#13075=DIRECTION('center_axis',(-1.,0.,0.));
#13076=DIRECTION('ref_axis',(0.,0.707106781186547,-0.707106781186548));
#13077=DIRECTION('',(1.,0.,0.));
#13078=DIRECTION('center_axis',(-1.,0.,0.));
#13079=DIRECTION('ref_axis',(0.,0.707106781186547,-0.707106781186548));
#13080=DIRECTION('center_axis',(-1.,0.,0.));
#13081=DIRECTION('ref_axis',(0.,0.,1.));
#13082=DIRECTION('',(0.,0.,1.));
#13083=DIRECTION('',(0.,-1.,0.));
#13084=DIRECTION('center_axis',(1.,0.,0.));
#13085=DIRECTION('ref_axis',(0.,-0.707106781186547,0.707106781186547));
#13086=DIRECTION('',(0.,0.,-1.));
#13087=DIRECTION('center_axis',(-1.,0.,0.));
#13088=DIRECTION('ref_axis',(0.,-1.,0.));
#13089=DIRECTION('center_axis',(-1.,0.,0.));
#13090=DIRECTION('ref_axis',(0.,-0.707106781186547,0.707106781186547));
#13091=DIRECTION('',(1.,0.,0.));
#13092=DIRECTION('',(-1.,0.,0.));
#13093=DIRECTION('center_axis',(0.,0.,-1.));
#13094=DIRECTION('ref_axis',(0.,-1.,0.));
#13095=DIRECTION('',(-1.,0.,0.));
#13096=DIRECTION('center_axis',(0.,0.,-1.));
#13097=DIRECTION('ref_axis',(-0.707106781186547,-0.707106781186547,0.));
#13098=DIRECTION('',(0.,0.,-1.));
#13099=DIRECTION('center_axis',(0.,0.,1.));
#13100=DIRECTION('ref_axis',(-1.,0.,0.));
#13101=DIRECTION('center_axis',(0.,-1.,0.));
#13102=DIRECTION('ref_axis',(0.,0.,-1.));
#13103=DIRECTION('center_axis',(1.,0.,0.));
#13104=DIRECTION('ref_axis',(0.,0.,1.));
#13105=DIRECTION('center_axis',(-1.,0.,0.));
#13106=DIRECTION('ref_axis',(0.,-0.707106781186547,0.707106781186547));
#13107=DIRECTION('center_axis',(1.,0.,0.));
#13108=DIRECTION('ref_axis',(0.,1.,0.));
#13109=DIRECTION('center_axis',(-1.,0.,0.));
#13110=DIRECTION('ref_axis',(0.,1.,0.));
#13111=DIRECTION('center_axis',(0.996194698091746,0.,0.0871557427476582));
#13112=DIRECTION('ref_axis',(0.,-1.,0.));
#13113=DIRECTION('',(0.,-1.,0.));
#13114=DIRECTION('',(-0.0871557427476582,0.,0.996194698091746));
#13115=DIRECTION('',(-0.0871557427476582,0.,0.996194698091746));
#13116=DIRECTION('',(-1.90304704349685E-47,1.,2.17519272417843E-46));
#13117=DIRECTION('',(0.0871557427476582,0.,-0.996194698091746));
#13118=DIRECTION('',(0.,-1.,0.));
#13119=DIRECTION('',(-0.0871557427476582,0.,0.996194698091746));
#13120=DIRECTION('',(0.,-1.,0.));
#13121=DIRECTION('center_axis',(0.996194698091746,0.,0.0871557427476582));
#13122=DIRECTION('ref_axis',(0.0871557427476582,0.,-0.996194698091746));
#13123=DIRECTION('center_axis',(0.,1.,0.));
#13124=DIRECTION('ref_axis',(1.,0.,0.));
#13125=DIRECTION('',(-1.,0.,0.));
#13126=DIRECTION('',(-1.,0.,0.));
#13127=DIRECTION('center_axis',(1.,0.,0.));
#13128=DIRECTION('ref_axis',(0.,0.,-1.));
#13129=DIRECTION('',(0.,1.,0.));
#13130=DIRECTION('',(0.,0.,-1.));
#13131=DIRECTION('',(0.,-1.,0.));
#13132=DIRECTION('',(0.,0.,1.));
#13133=DIRECTION('center_axis',(0.,0.,1.));
#13134=DIRECTION('ref_axis',(1.,0.,0.));
#13135=DIRECTION('',(-1.,0.,0.));
#13136=DIRECTION('',(1.,0.,0.));
#13137=DIRECTION('center_axis',(0.,1.,0.));
#13138=DIRECTION('ref_axis',(0.,0.,1.));
#13139=DIRECTION('',(1.,0.,0.));
#13140=DIRECTION('center_axis',(0.,-1.,0.));
#13141=DIRECTION('ref_axis',(0.,0.,-1.));
#13142=DIRECTION('',(1.,0.,0.));
#13143=DIRECTION('center_axis',(0.,0.,1.));
#13144=DIRECTION('ref_axis',(0.,-1.,0.));
#13145=DIRECTION('center_axis',(1.,0.,0.));
#13146=DIRECTION('ref_axis',(0.,0.707106789746759,-0.707106772626336));
#13147=DIRECTION('center_axis',(1.,8.8716487522177E-35,0.));
#13148=DIRECTION('ref_axis',(0.,0.707106789746759,-0.707106772626336));
#13149=DIRECTION('',(-1.,0.,0.));
#13150=DIRECTION('',(1.,0.,0.));
#13151=DIRECTION('center_axis',(0.,-1.,-2.42119365422046E-8));
#13152=DIRECTION('ref_axis',(-2.95687143619106E-23,-2.42119365422046E-8,
1.));
#13153=DIRECTION('',(-2.14799796613424E-42,2.42119365422046E-8,-1.));
#13154=DIRECTION('',(1.,0.,0.));
#13155=DIRECTION('',(-1.,0.,0.));
#13156=DIRECTION('',(-1.,0.,0.));
#13157=DIRECTION('center_axis',(-1.,0.,0.));
#13158=DIRECTION('ref_axis',(0.,0.707106772626335,0.70710678974676));
#13159=DIRECTION('center_axis',(1.,8.8716487522177E-35,0.));
#13160=DIRECTION('ref_axis',(0.,0.707106772626335,0.70710678974676));
#13161=DIRECTION('',(-1.,0.,0.));
#13162=DIRECTION('center_axis',(0.,0.,-1.));
#13163=DIRECTION('ref_axis',(8.8716487522177E-35,-1.,0.));
#13164=DIRECTION('',(-8.8716487522177E-35,1.,0.));
#13165=DIRECTION('',(-1.,0.,0.));
#13166=DIRECTION('center_axis',(-1.,0.,0.));
#13167=DIRECTION('ref_axis',(0.,0.707106781186549,-0.707106781186546));
#13168=DIRECTION('center_axis',(1.,8.8716487522177E-35,0.));
#13169=DIRECTION('ref_axis',(0.,0.707106781186549,-0.707106781186546));
#13170=DIRECTION('',(-1.,0.,0.));
#13171=DIRECTION('center_axis',(0.,-1.,0.));
#13172=DIRECTION('ref_axis',(-8.8716487522177E-35,0.,1.));
#13173=DIRECTION('',(0.,0.,-1.));
#13174=DIRECTION('center_axis',(1.,0.,0.));
#13175=DIRECTION('ref_axis',(0.,1.,0.));
#13176=DIRECTION('center_axis',(1.,8.8716487522177E-35,0.));
#13177=DIRECTION('ref_axis',(0.,1.,0.));
#13178=DIRECTION('',(-1.,0.,0.));
#13179=DIRECTION('',(1.,0.,0.));
#13180=DIRECTION('center_axis',(0.,1.,0.));
#13181=DIRECTION('ref_axis',(0.,0.,-1.));
#13182=DIRECTION('',(0.,0.,1.));
#13183=DIRECTION('center_axis',(0.,0.,1.));
#13184=DIRECTION('ref_axis',(0.,1.,0.));
#13185=DIRECTION('',(1.,0.,0.));
#13186=DIRECTION('',(8.8716487522177E-35,-1.,0.));
#13187=DIRECTION('center_axis',(0.,0.,1.));
#13188=DIRECTION('ref_axis',(8.8716487522177E-35,-1.,0.));
#13189=DIRECTION('',(-8.8716487522177E-35,1.,0.));
#13190=DIRECTION('',(1.,0.,0.));
#13191=DIRECTION('',(8.8716487522177E-35,-1.,0.));
#13192=DIRECTION('',(1.,0.,0.));
#13193=DIRECTION('center_axis',(1.,0.,0.));
#13194=DIRECTION('ref_axis',(0.,1.,-1.22464679914735E-16));
#13195=DIRECTION('center_axis',(1.,8.8716487522177E-35,0.));
#13196=DIRECTION('ref_axis',(0.,-1.,0.));
#13197=DIRECTION('center_axis',(-1.,-8.8716487522177E-35,0.));
#13198=DIRECTION('ref_axis',(0.,-1.,0.));
#13199=DIRECTION('',(1.,0.,0.));
#13200=DIRECTION('center_axis',(0.,0.,-1.));
#13201=DIRECTION('ref_axis',(-8.8716487522177E-35,1.,0.));
#13202=DIRECTION('',(8.8716487522177E-35,-1.,0.));
#13203=DIRECTION('',(-8.8716487522177E-35,1.,0.));
#13204=DIRECTION('',(1.,0.,0.));
#13205=DIRECTION('center_axis',(1.,0.,0.));
#13206=DIRECTION('ref_axis',(0.,-1.,0.));
#13207=DIRECTION('center_axis',(1.,8.8716487522177E-35,0.));
#13208=DIRECTION('ref_axis',(0.,-1.,0.));
#13209=DIRECTION('center_axis',(-1.,-8.8716487522177E-35,0.));
#13210=DIRECTION('ref_axis',(0.,-1.,0.));
#13211=DIRECTION('center_axis',(1.,8.8716487522177E-35,0.));
#13212=DIRECTION('ref_axis',(0.,0.,-1.));
#13213=DIRECTION('',(0.,0.,-1.));
#13214=DIRECTION('center_axis',(-1.,-8.8716487522177E-35,0.));
#13215=DIRECTION('ref_axis',(8.8716487522177E-35,-1.,0.));
#13216=DIRECTION('center_axis',(-1.,0.,0.));
#13217=DIRECTION('ref_axis',(0.,-1.,0.));
#13218=DIRECTION('center_axis',(-1.,0.,0.));
#13219=DIRECTION('ref_axis',(0.,-1.,0.));
#13220=DIRECTION('',(1.,0.,0.));
#13221=DIRECTION('center_axis',(0.,-1.,0.));
#13222=DIRECTION('ref_axis',(-8.8716487522177E-35,0.,1.));
#13223=DIRECTION('center_axis',(0.,0.,1.));
#13224=DIRECTION('ref_axis',(8.8716487522177E-35,-1.,0.));
#13225=DIRECTION('',(-8.8716487522177E-35,1.,0.));
#13226=DIRECTION('',(1.,0.,0.));
#13227=DIRECTION('',(8.8716487522177E-35,-1.,0.));
#13228=DIRECTION('',(1.,0.,0.));
#13229=DIRECTION('center_axis',(1.,0.,0.));
#13230=DIRECTION('ref_axis',(0.,1.,-1.22464679914735E-16));
#13231=DIRECTION('center_axis',(1.,8.8716487522177E-35,0.));
#13232=DIRECTION('ref_axis',(0.,-1.,0.));
#13233=DIRECTION('center_axis',(-1.,-8.8716487522177E-35,0.));
#13234=DIRECTION('ref_axis',(0.,-1.,0.));
#13235=DIRECTION('',(1.,0.,0.));
#13236=DIRECTION('center_axis',(0.,0.,-1.));
#13237=DIRECTION('ref_axis',(-8.8716487522177E-35,1.,0.));
#13238=DIRECTION('',(8.8716487522177E-35,-1.,0.));
#13239=DIRECTION('',(-8.8716487522177E-35,1.,0.));
#13240=DIRECTION('',(1.,0.,0.));
#13241=DIRECTION('center_axis',(1.,0.,0.));
#13242=DIRECTION('ref_axis',(0.,-1.,0.));
#13243=DIRECTION('center_axis',(1.,8.8716487522177E-35,0.));
#13244=DIRECTION('ref_axis',(0.,-1.,0.));
#13245=DIRECTION('center_axis',(-1.,-8.8716487522177E-35,0.));
#13246=DIRECTION('ref_axis',(0.,-1.,0.));
#13247=DIRECTION('center_axis',(1.,8.8716487522177E-35,0.));
#13248=DIRECTION('ref_axis',(0.,0.,-1.));
#13249=DIRECTION('center_axis',(-1.,-8.8716487522177E-35,0.));
#13250=DIRECTION('ref_axis',(0.,0.,-1.));
#13251=DIRECTION('center_axis',(-1.,-8.8716487522177E-35,0.));
#13252=DIRECTION('ref_axis',(8.8716487522177E-35,-1.,0.));
#13253=DIRECTION('center_axis',(-1.,0.,0.));
#13254=DIRECTION('ref_axis',(0.,-1.,0.));
#13255=DIRECTION('center_axis',(-1.,0.,0.));
#13256=DIRECTION('ref_axis',(0.,-1.,0.));
#13257=DIRECTION('',(1.,0.,0.));
#13258=DIRECTION('center_axis',(0.,0.,1.));
#13259=DIRECTION('ref_axis',(8.8716487522177E-35,-1.,0.));
#13260=DIRECTION('',(-8.8716487522177E-35,1.,0.));
#13261=DIRECTION('',(1.,0.,0.));
#13262=DIRECTION('',(8.8716487522177E-35,-1.,0.));
#13263=DIRECTION('',(1.,0.,0.));
#13264=DIRECTION('center_axis',(1.,0.,0.));
#13265=DIRECTION('ref_axis',(0.,1.,-1.22464679914735E-16));
#13266=DIRECTION('center_axis',(1.,8.8716487522177E-35,0.));
#13267=DIRECTION('ref_axis',(0.,-1.,0.));
#13268=DIRECTION('center_axis',(-1.,-8.8716487522177E-35,0.));
#13269=DIRECTION('ref_axis',(0.,-1.,0.));
#13270=DIRECTION('',(1.,0.,0.));
#13271=DIRECTION('center_axis',(0.,0.,-1.));
#13272=DIRECTION('ref_axis',(-8.8716487522177E-35,1.,0.));
#13273=DIRECTION('',(8.8716487522177E-35,-1.,0.));
#13274=DIRECTION('',(-8.8716487522177E-35,1.,0.));
#13275=DIRECTION('',(1.,0.,0.));
#13276=DIRECTION('center_axis',(1.,0.,0.));
#13277=DIRECTION('ref_axis',(0.,-1.,0.));
#13278=DIRECTION('center_axis',(1.,8.8716487522177E-35,0.));
#13279=DIRECTION('ref_axis',(0.,-1.,0.));
#13280=DIRECTION('center_axis',(-1.,-8.8716487522177E-35,0.));
#13281=DIRECTION('ref_axis',(0.,-1.,0.));
#13282=DIRECTION('center_axis',(1.,8.8716487522177E-35,0.));
#13283=DIRECTION('ref_axis',(0.,0.,-1.));
#13284=DIRECTION('center_axis',(-1.,-8.8716487522177E-35,0.));
#13285=DIRECTION('ref_axis',(8.8716487522177E-35,-1.,0.));
#13286=DIRECTION('center_axis',(-1.,0.,0.));
#13287=DIRECTION('ref_axis',(0.,-1.,0.));
#13288=DIRECTION('center_axis',(-1.,0.,0.));
#13289=DIRECTION('ref_axis',(0.,-1.,0.));
#13290=DIRECTION('',(1.,0.,0.));
#13291=DIRECTION('center_axis',(0.,0.,1.));
#13292=DIRECTION('ref_axis',(-1.,0.,0.));
#13293=DIRECTION('',(-1.,0.,0.));
#13294=DIRECTION('',(0.,-1.,0.));
#13295=DIRECTION('',(1.,0.,0.));
#13296=DIRECTION('',(0.,1.,0.));
#13297=DIRECTION('center_axis',(0.,0.,-1.));
#13298=DIRECTION('ref_axis',(1.,0.,0.));
#13299=DIRECTION('',(1.,0.,0.));
#13300=DIRECTION('',(0.,-1.,0.));
#13301=DIRECTION('',(-1.,0.,0.));
#13302=DIRECTION('',(0.,1.,0.));
#13303=DIRECTION('center_axis',(0.,-1.,0.));
#13304=DIRECTION('ref_axis',(1.,0.,0.));
#13305=DIRECTION('center_axis',(0.,1.,0.));
#13306=DIRECTION('ref_axis',(-1.,0.,0.));
#13307=DIRECTION('center_axis',(0.,1.,0.));
#13308=DIRECTION('ref_axis',(-1.,0.,0.));
#13309=DIRECTION('center_axis',(0.,1.,0.));
#13310=DIRECTION('ref_axis',(-1.,0.,0.));
#13311=DIRECTION('center_axis',(0.,-1.,0.));
#13312=DIRECTION('ref_axis',(-1.,0.,0.));
#13313=DIRECTION('center_axis',(0.,-1.,0.));
#13314=DIRECTION('ref_axis',(-1.,0.,0.));
#13315=DIRECTION('center_axis',(0.,-1.,0.));
#13316=DIRECTION('ref_axis',(-1.,0.,0.));
#13317=DIRECTION('center_axis',(0.,-1.,0.));
#13318=DIRECTION('ref_axis',(-1.,0.,0.));
#13319=DIRECTION('center_axis',(-1.,0.,0.));
#13320=DIRECTION('ref_axis',(0.,-1.,0.));
#13321=DIRECTION('',(0.,1.,0.));
#13322=DIRECTION('center_axis',(1.,0.,0.));
#13323=DIRECTION('ref_axis',(0.,-1.,0.));
#13324=DIRECTION('center_axis',(-1.,0.,0.));
#13325=DIRECTION('ref_axis',(0.,-1.,0.));
#13326=DIRECTION('',(0.,-1.,0.));
#13327=DIRECTION('center_axis',(1.,0.,0.));
#13328=DIRECTION('ref_axis',(0.,-1.,0.));
#13329=DIRECTION('center_axis',(1.,0.,0.));
#13330=DIRECTION('ref_axis',(0.,-1.,0.));
#13331=DIRECTION('',(1.,0.,0.));
#13332=DIRECTION('center_axis',(-1.,0.,0.));
#13333=DIRECTION('ref_axis',(0.,-1.,0.));
#13334=DIRECTION('',(-1.,0.,0.));
#13335=DIRECTION('',(-1.,0.,0.));
#13336=DIRECTION('center_axis',(-1.,0.,0.));
#13337=DIRECTION('ref_axis',(0.,-1.,0.));
#13338=DIRECTION('',(-1.,0.,0.));
#13339=DIRECTION('',(-1.,0.,0.));
#13340=DIRECTION('center_axis',(-1.,0.,0.));
#13341=DIRECTION('ref_axis',(0.,-1.,0.));
#13342=DIRECTION('center_axis',(0.,0.,-1.));
#13343=DIRECTION('ref_axis',(-1.,0.,0.));
#13344=DIRECTION('',(1.,0.,0.));
#13345=DIRECTION('center_axis',(0.,0.,1.));
#13346=DIRECTION('ref_axis',(1.22124532708767E-15,1.,0.));
#13347=DIRECTION('',(-1.,0.,0.));
#13348=DIRECTION('',(-1.22124532708767E-15,-1.,0.));
#13349=DIRECTION('',(1.,0.,0.));
#13350=DIRECTION('',(-7.35522753814259E-16,1.,0.));
#13351=DIRECTION('center_axis',(-1.,-7.35522753814259E-16,1.26255342985954E-16));
#13352=DIRECTION('ref_axis',(1.26255342985954E-16,0.,1.));
#13353=DIRECTION('center_axis',(1.,7.35522753814259E-16,-1.26255342985954E-16));
#13354=DIRECTION('ref_axis',(0.,1.,0.));
#13355=DIRECTION('',(7.35522753814259E-16,-1.,0.));
#13356=DIRECTION('center_axis',(-1.,-7.35522753814259E-16,1.26255342985954E-16));
#13357=DIRECTION('ref_axis',(1.26255342985954E-16,0.,1.));
#13358=DIRECTION('',(7.35522753814259E-16,-1.,0.));
#13359=DIRECTION('center_axis',(1.,7.35522753814259E-16,-1.26255342985954E-16));
#13360=DIRECTION('ref_axis',(0.,1.,0.));
#13361=DIRECTION('',(-7.35522753814259E-16,1.,0.));
#13362=DIRECTION('',(1.26255342985954E-16,0.,1.));
#13363=DIRECTION('',(0.,1.,0.));
#13364=DIRECTION('',(1.26255342985954E-16,0.,1.));
#13365=DIRECTION('center_axis',(9.40395480657816E-38,1.,-7.83036536159816E-54));
#13366=DIRECTION('ref_axis',(4.16333634234433E-17,3.91518268079911E-54,
1.));
#13367=DIRECTION('',(-1.,9.40395480657816E-38,-5.92118946466749E-15));
#13368=DIRECTION('',(1.,-9.40395480657816E-38,-4.16333634234433E-17));
#13369=DIRECTION('',(-1.,9.40395480657816E-38,-7.36364019794642E-91));
#13370=DIRECTION('center_axis',(1.,-9.40395480657816E-38,-4.16333634234433E-17));
#13371=DIRECTION('ref_axis',(9.40395480657816E-38,1.,-7.83036536159816E-54));
#13372=DIRECTION('center_axis',(7.78789390580747E-32,1.,1.8705873994959E-15));
#13373=DIRECTION('ref_axis',(4.16333634234433E-17,-1.8705873994959E-15,
1.));
#13374=DIRECTION('',(1.,-9.40395480657816E-38,-4.16333634234433E-17));
#13375=DIRECTION('center_axis',(4.16333634234433E-17,3.91518268079911E-54,
1.));
#13376=DIRECTION('ref_axis',(-9.40395480657816E-38,-1.,7.83036536159816E-54));
#13377=DIRECTION('center_axis',(0.,1.,0.));
#13378=DIRECTION('ref_axis',(0.,0.,1.));
#13379=DIRECTION('',(1.26255342985954E-16,0.,1.));
#13380=DIRECTION('',(1.,0.,0.));
#13381=DIRECTION('',(-1.26255342985954E-16,0.,-1.));
#13382=DIRECTION('',(1.,0.,0.));
#13383=DIRECTION('center_axis',(0.,0.,1.));
#13384=DIRECTION('ref_axis',(1.,0.,0.));
#13385=DIRECTION('',(1.,0.,0.));
#13386=DIRECTION('',(0.,1.,0.));
#13387=DIRECTION('',(1.,0.,0.));
#13388=DIRECTION('',(-7.35522753814259E-16,1.,0.));
#13389=DIRECTION('center_axis',(0.,-1.,0.));
#13390=DIRECTION('ref_axis',(-1.26255342985954E-16,0.,-1.));
#13391=DIRECTION('',(-1.,0.,0.));
#13392=DIRECTION('',(1.,0.,0.));
#13393=DIRECTION('',(-1.26255342985954E-16,0.,-1.));
#13394=DIRECTION('center_axis',(0.,-1.,0.));
#13395=DIRECTION('ref_axis',(-1.26255342985954E-16,0.,-1.));
#13396=DIRECTION('',(-1.26255342985954E-16,0.,-1.));
#13397=DIRECTION('',(1.,0.,0.));
#13398=DIRECTION('center_axis',(0.,1.,0.));
#13399=DIRECTION('ref_axis',(0.,0.,1.));
#13400=DIRECTION('',(-1.,0.,0.));
#13401=DIRECTION('',(-1.26255342985954E-16,0.,-1.));
#13402=DIRECTION('',(-1.,0.,0.));
#13403=DIRECTION('center_axis',(0.,0.,-1.));
#13404=DIRECTION('ref_axis',(-1.,0.,0.));
#13405=DIRECTION('',(-1.,0.,0.));
#13406=DIRECTION('',(7.35522753814259E-16,-1.,0.));
#13407=DIRECTION('',(-1.,0.,0.));
#13408=DIRECTION('',(0.,1.,0.));
#13409=DIRECTION('center_axis',(0.,-1.,0.));
#13410=DIRECTION('ref_axis',(-1.26255342985954E-16,0.,-1.));
#13411=DIRECTION('',(-1.26255342985954E-16,0.,-1.));
#13412=DIRECTION('center_axis',(1.,7.35522753814259E-16,-1.26255342985954E-16));
#13413=DIRECTION('ref_axis',(-1.26255342985954E-16,0.,-1.));
#13414=DIRECTION('center_axis',(-1.,-7.35522753814259E-16,1.26255342985954E-16));
#13415=DIRECTION('ref_axis',(0.,1.,3.5527136788005E-16));
#13416=DIRECTION('center_axis',(-1.,-7.35522753814259E-16,1.26255342985954E-16));
#13417=DIRECTION('ref_axis',(0.,1.,0.));
#13418=DIRECTION('center_axis',(1.,0.,0.));
#13419=DIRECTION('ref_axis',(0.,1.,0.));
#13420=DIRECTION('center_axis',(1.,7.35522753814259E-16,-1.26255342985954E-16));
#13421=DIRECTION('ref_axis',(0.,1.,0.));
#13422=DIRECTION('center_axis',(-1.,0.,0.));
#13423=DIRECTION('ref_axis',(0.,1.,0.));
#13424=DIRECTION('',(1.,0.,0.));
#13425=DIRECTION('center_axis',(-1.,0.,0.));
#13426=DIRECTION('ref_axis',(0.,1.,3.5527136788005E-16));
#13427=DIRECTION('',(-1.,0.,0.));
#13428=DIRECTION('center_axis',(1.,0.,0.));
#13429=DIRECTION('ref_axis',(0.,1.,0.));
#13430=DIRECTION('center_axis',(1.,7.35522753814259E-16,-1.26255342985954E-16));
#13431=DIRECTION('ref_axis',(0.,1.,0.));
#13432=DIRECTION('',(1.,0.,0.));
#13433=DIRECTION('center_axis',(1.,0.,0.));
#13434=DIRECTION('ref_axis',(0.,1.,0.));
#13435=DIRECTION('',(1.,0.,0.));
#13436=DIRECTION('center_axis',(0.,0.,1.));
#13437=DIRECTION('ref_axis',(7.35522753814259E-16,-1.,0.));
#13438=DIRECTION('',(7.35522753814259E-16,-1.,0.));
#13439=DIRECTION('',(1.,0.,0.));
#13440=DIRECTION('center_axis',(0.,1.,0.));
#13441=DIRECTION('ref_axis',(1.26255342985954E-16,0.,1.));
#13442=DIRECTION('',(0.,0.,1.));
#13443=DIRECTION('',(1.,0.,0.));
#13444=DIRECTION('center_axis',(0.,0.,1.));
#13445=DIRECTION('ref_axis',(7.35522753814259E-16,-1.,0.));
#13446=DIRECTION('',(0.,1.,0.));
#13447=DIRECTION('center_axis',(0.,-1.,0.));
#13448=DIRECTION('ref_axis',(-1.26255342985954E-16,0.,-1.));
#13449=DIRECTION('',(-1.26255342985954E-16,0.,-1.));
#13450=DIRECTION('',(1.,0.,0.));
#13451=DIRECTION('',(0.,0.,-1.));
#13452=DIRECTION('center_axis',(0.,1.,0.));
#13453=DIRECTION('ref_axis',(1.26255342985954E-16,0.,1.));
#13454=DIRECTION('',(1.26255342985954E-16,0.,1.));
#13455=DIRECTION('',(1.,0.,0.));
#13456=DIRECTION('',(-1.26255342985954E-16,0.,-1.));
#13457=DIRECTION('',(1.,0.,0.));
#13458=DIRECTION('center_axis',(1.,0.,0.));
#13459=DIRECTION('ref_axis',(0.,1.,0.));
#13460=DIRECTION('center_axis',(1.,7.35522753814259E-16,-1.26255342985954E-16));
#13461=DIRECTION('ref_axis',(0.,1.,0.));
#13462=DIRECTION('center_axis',(1.,7.35522753814259E-16,-1.26255342985954E-16));
#13463=DIRECTION('ref_axis',(0.,1.,0.));
#13464=DIRECTION('center_axis',(-1.,-7.35522753814259E-16,1.26255342985954E-16));
#13465=DIRECTION('ref_axis',(0.,1.,0.));
#13466=DIRECTION('',(-1.,0.,0.));
#13467=DIRECTION('center_axis',(0.,-1.,0.));
#13468=DIRECTION('ref_axis',(-1.26255342985954E-16,0.,-1.));
#13469=DIRECTION('',(-1.26255342985954E-16,0.,-1.));
#13470=DIRECTION('',(1.26255342985954E-16,0.,1.));
#13471=DIRECTION('',(-1.,0.,0.));
#13472=DIRECTION('center_axis',(0.,0.,1.));
#13473=DIRECTION('ref_axis',(7.35522753814259E-16,-1.,0.));
#13474=DIRECTION('',(-7.35522753814259E-16,1.,0.));
#13475=DIRECTION('',(7.35522753814259E-16,-1.,0.));
#13476=DIRECTION('center_axis',(1.,7.35522753814259E-16,-1.26255342985954E-16));
#13477=DIRECTION('ref_axis',(-1.26255342985954E-16,0.,-1.));
#13478=DIRECTION('center_axis',(0.,0.,-1.));
#13479=DIRECTION('ref_axis',(-7.35522753814259E-16,1.,0.));
#13480=DIRECTION('',(7.35522753814259E-16,-1.,0.));
#13481=DIRECTION('',(1.,0.,0.));
#13482=DIRECTION('',(7.35522753814259E-16,-1.,0.));
#13483=DIRECTION('',(-1.22124532708767E-15,-1.,0.));
#13484=DIRECTION('',(1.,0.,0.));
#13485=DIRECTION('',(0.,-1.,0.));
#13486=DIRECTION('center_axis',(-1.,-7.35522753814259E-16,1.26255342985954E-16));
#13487=DIRECTION('ref_axis',(1.26255342985954E-16,0.,1.));
#13488=DIRECTION('center_axis',(1.,7.35522753814259E-16,-1.26255342985954E-16));
#13489=DIRECTION('ref_axis',(0.,1.,0.));
#13490=DIRECTION('',(-7.35522753814259E-16,1.,0.));
#13491=DIRECTION('',(-7.35522753814259E-16,1.,0.));
#13492=DIRECTION('center_axis',(-1.,0.,0.));
#13493=DIRECTION('ref_axis',(0.,1.,0.));
#13494=DIRECTION('',(-1.,0.,0.));
#13495=DIRECTION('center_axis',(1.,7.35522753814259E-16,-1.26255342985954E-16));
#13496=DIRECTION('ref_axis',(0.,1.,0.));
#13497=DIRECTION('center_axis',(-1.,-7.35522753814259E-16,1.26255342985954E-16));
#13498=DIRECTION('ref_axis',(0.,1.,0.));
#13499=DIRECTION('center_axis',(-1.,0.,0.));
#13500=DIRECTION('ref_axis',(0.,1.,0.));
#13501=DIRECTION('center_axis',(-1.,-7.35522753814259E-16,1.26255342985954E-16));
#13502=DIRECTION('ref_axis',(0.,1.,0.));
#13503=DIRECTION('',(-1.,0.,0.));
#13504=DIRECTION('center_axis',(0.,0.,-1.));
#13505=DIRECTION('ref_axis',(7.35522753814259E-16,-1.,0.));
#13506=DIRECTION('',(7.35522753814259E-16,-1.,0.));
#13507=DIRECTION('center_axis',(-1.,-7.35522753814259E-16,1.26255342985954E-16));
#13508=DIRECTION('ref_axis',(1.26255342985954E-16,0.,1.));
#13509=DIRECTION('center_axis',(1.,7.35522753814259E-16,-1.26255342985954E-16));
#13510=DIRECTION('ref_axis',(0.,0.,1.));
#13511=DIRECTION('center_axis',(-1.,0.,0.));
#13512=DIRECTION('ref_axis',(0.,1.,0.));
#13513=DIRECTION('center_axis',(-1.,-7.35522753814259E-16,1.26255342985954E-16));
#13514=DIRECTION('ref_axis',(0.,1.,0.));
#13515=DIRECTION('center_axis',(1.,7.35522753814259E-16,-1.26255342985954E-16));
#13516=DIRECTION('ref_axis',(0.,1.,0.));
#13517=DIRECTION('center_axis',(-1.,0.,0.));
#13518=DIRECTION('ref_axis',(0.,1.,0.));
#13519=DIRECTION('',(-1.,0.,0.));
#13520=DIRECTION('center_axis',(1.,7.35522753814259E-16,-1.26255342985954E-16));
#13521=DIRECTION('ref_axis',(0.,1.,0.));
#13522=DIRECTION('',(1.,0.,0.));
#13523=DIRECTION('center_axis',(-1.,-7.35522753814259E-16,1.26255342985954E-16));
#13524=DIRECTION('ref_axis',(0.,1.,0.));
#13525=DIRECTION('center_axis',(0.,0.,1.));
#13526=DIRECTION('ref_axis',(-7.35522753814259E-16,1.,0.));
#13527=DIRECTION('',(7.35522753814259E-16,-1.,0.));
#13528=DIRECTION('',(-7.35522753814259E-16,1.,0.));
#13529=DIRECTION('center_axis',(-1.,-7.35522753814259E-16,1.26255342985954E-16));
#13530=DIRECTION('ref_axis',(1.26255342985954E-16,0.,1.));
#13531=DIRECTION('',(-7.35522753814259E-16,1.,0.));
#13532=DIRECTION('center_axis',(-1.,-7.35522753814259E-16,1.26255342985954E-16));
#13533=DIRECTION('ref_axis',(1.26255342985954E-16,0.,1.));
#13534=DIRECTION('center_axis',(1.,7.35522753814259E-16,-1.26255342985954E-16));
#13535=DIRECTION('ref_axis',(0.,-0.999999932267459,0.000368055807875317));
#13536=DIRECTION('',(7.35522753814259E-16,-1.,0.));
#13537=DIRECTION('center_axis',(-1.,0.,0.));
#13538=DIRECTION('ref_axis',(0.,-0.999999932267459,0.000368055807875317));
#13539=DIRECTION('',(-1.,0.,0.));
#13540=DIRECTION('center_axis',(1.,0.,0.));
#13541=DIRECTION('ref_axis',(0.,-0.999999932267459,0.000368055807875317));
#13542=DIRECTION('center_axis',(-1.,0.,0.));
#13543=DIRECTION('ref_axis',(0.,0.,1.));
#13544=DIRECTION('center_axis',(1.,0.,0.));
#13545=DIRECTION('ref_axis',(0.,0.,1.));
#13546=DIRECTION('',(-1.,0.,0.));
#13547=DIRECTION('',(-1.,0.,0.));
#13548=DIRECTION('center_axis',(-1.,0.,0.));
#13549=DIRECTION('ref_axis',(0.,0.,1.));
#13550=DIRECTION('center_axis',(-1.,0.,0.));
#13551=DIRECTION('ref_axis',(0.,0.,1.));
#13552=DIRECTION('',(0.,0.,1.));
#13553=DIRECTION('center_axis',(-1.,0.,0.));
#13554=DIRECTION('ref_axis',(0.,-1.,0.));
#13555=DIRECTION('',(0.,1.,0.));
#13556=DIRECTION('',(0.,-4.28408381256052E-8,-0.999999999999999));
#13557=DIRECTION('center_axis',(0.,0.,-1.));
#13558=DIRECTION('ref_axis',(-1.,0.,0.));
#13559=DIRECTION('',(-1.,0.,0.));
#13560=DIRECTION('',(7.35522753814259E-16,-1.,0.));
#13561=DIRECTION('center_axis',(0.,0.999999999999999,-4.28408381256052E-8));
#13562=DIRECTION('ref_axis',(-5.23191733694147E-23,-4.28408381256052E-8,
-0.999999999999999));
#13563=DIRECTION('center_axis',(0.,-1.,0.));
#13564=DIRECTION('ref_axis',(0.,0.,1.));
#13565=DIRECTION('',(-1.,0.,0.));
#13566=DIRECTION('',(-1.,0.,0.));
#13567=DIRECTION('center_axis',(-1.,0.,0.));
#13568=DIRECTION('ref_axis',(0.,-1.,0.));
#13569=DIRECTION('',(-1.,0.,0.));
#13570=DIRECTION('center_axis',(1.,-1.22124532708767E-15,0.));
#13571=DIRECTION('ref_axis',(0.,-1.,0.));
#13572=DIRECTION('center_axis',(-1.,0.,0.));
#13573=DIRECTION('ref_axis',(0.,0.,-1.));
#13574=DIRECTION('center_axis',(0.,0.,-1.));
#13575=DIRECTION('ref_axis',(-1.22124532708767E-15,-1.,0.));
#13576=DIRECTION('',(1.22124532708767E-15,1.,0.));
#13577=DIRECTION('center_axis',(-1.,0.,0.));
#13578=DIRECTION('ref_axis',(0.,0.,1.));
#13579=DIRECTION('center_axis',(1.,-1.22124532708767E-15,0.));
#13580=DIRECTION('ref_axis',(0.,0.,1.));
#13581=DIRECTION('center_axis',(1.,0.,0.));
#13582=DIRECTION('ref_axis',(0.,1.,0.));
#13583=DIRECTION('',(0.,0.,-1.));
#13584=DIRECTION('',(0.,1.,0.));
#13585=DIRECTION('center_axis',(-1.,0.,0.));
#13586=DIRECTION('ref_axis',(0.,-2.22044604925031E-16,1.));
#13587=DIRECTION('',(0.,-1.,0.));
#13588=DIRECTION('center_axis',(1.,0.,0.));
#13589=DIRECTION('ref_axis',(0.,1.,0.));
#13590=DIRECTION('',(0.,0.,-1.));
#13591=DIRECTION('center_axis',(-1.,0.,0.));
#13592=DIRECTION('ref_axis',(0.,1.,0.));
#13593=DIRECTION('',(0.,1.,0.));
#13594=DIRECTION('',(0.,-4.03717471703501E-17,1.));
#13595=DIRECTION('',(1.22124532708767E-15,1.,0.));
#13596=DIRECTION('center_axis',(0.,0.,-1.));
#13597=DIRECTION('ref_axis',(0.,1.,0.));
#13598=DIRECTION('',(1.,0.,0.));
#13599=DIRECTION('',(0.,1.,0.));
#13600=DIRECTION('',(1.,0.,0.));
#13601=DIRECTION('center_axis',(0.,1.,0.));
#13602=DIRECTION('ref_axis',(1.,0.,0.));
#13603=DIRECTION('',(-1.,0.,0.));
#13604=DIRECTION('',(0.,0.,-1.));
#13605=DIRECTION('center_axis',(0.,1.,4.03717471703501E-17));
#13606=DIRECTION('ref_axis',(0.,-4.03717471703501E-17,1.));
#13607=DIRECTION('',(-1.,0.,0.));
#13608=DIRECTION('',(0.,0.,1.));
#13609=DIRECTION('center_axis',(1.,0.,0.));
#13610=DIRECTION('ref_axis',(0.,0.,-1.));
#13611=DIRECTION('',(0.,1.,0.));
#13612=DIRECTION('',(0.,0.,1.));
#13613=DIRECTION('center_axis',(0.,0.,1.));
#13614=DIRECTION('ref_axis',(0.707106781186547,0.707106781186547,0.));
#13615=DIRECTION('center_axis',(0.,0.,1.));
#13616=DIRECTION('ref_axis',(0.707106781186547,0.707106781186547,0.));
#13617=DIRECTION('',(0.,0.,1.));
#13618=DIRECTION('center_axis',(-1.,0.,0.));
#13619=DIRECTION('ref_axis',(0.,1.,0.));
#13620=DIRECTION('center_axis',(-1.,0.,0.));
#13621=DIRECTION('ref_axis',(0.,1.,0.));
#13622=DIRECTION('center_axis',(0.,0.,-1.));
#13623=DIRECTION('ref_axis',(0.,-1.,0.));
#13624=DIRECTION('center_axis',(0.,0.,-1.));
#13625=DIRECTION('ref_axis',(0.,-1.,0.));
#13626=DIRECTION('',(0.,0.,1.));
#13627=DIRECTION('center_axis',(-1.,0.,0.));
#13628=DIRECTION('ref_axis',(0.,-1.,0.));
#13629=DIRECTION('center_axis',(1.,0.,0.));
#13630=DIRECTION('ref_axis',(0.,-2.22044604925031E-16,1.));
#13631=DIRECTION('center_axis',(0.,1.,0.));
#13632=DIRECTION('ref_axis',(-1.,0.,0.));
#13633=DIRECTION('',(0.,-1.,0.));
#13634=DIRECTION('center_axis',(0.,-1.,0.));
#13635=DIRECTION('ref_axis',(-1.,0.,0.));
#13636=DIRECTION('center_axis',(-1.,0.,0.));
#13637=DIRECTION('ref_axis',(0.,1.,0.));
#13638=DIRECTION('',(1.,0.,0.));
#13639=DIRECTION('',(1.,0.,0.));
#13640=DIRECTION('center_axis',(1.,0.,0.));
#13641=DIRECTION('ref_axis',(0.,-1.,0.));
#13642=DIRECTION('',(0.,0.,1.));
#13643=DIRECTION('',(0.,-1.,0.));
#13644=DIRECTION('center_axis',(0.,-1.,0.));
#13645=DIRECTION('ref_axis',(-1.,0.,0.));
#13646=DIRECTION('',(-1.,0.,0.));
#13647=DIRECTION('',(0.,0.,-1.));
#13648=DIRECTION('center_axis',(0.,0.,1.));
#13649=DIRECTION('ref_axis',(-0.707106781186547,0.707106781186547,0.));
#13650=DIRECTION('center_axis',(0.,0.,1.));
#13651=DIRECTION('ref_axis',(-0.707106781186547,0.707106781186547,0.));
#13652=DIRECTION('center_axis',(0.,0.,-1.));
#13653=DIRECTION('ref_axis',(0.,1.,0.));
#13654=DIRECTION('center_axis',(1.,0.,0.));
#13655=DIRECTION('ref_axis',(0.,1.,0.));
#13656=DIRECTION('',(0.,0.,1.));
#13657=DIRECTION('',(0.,1.,0.));
#13658=DIRECTION('center_axis',(1.,0.,0.));
#13659=DIRECTION('ref_axis',(0.,1.,0.));
#13660=DIRECTION('',(0.,0.,1.));
#13661=DIRECTION('center_axis',(1.,0.,0.));
#13662=DIRECTION('ref_axis',(0.,-2.22044604925031E-16,1.));
#13663=DIRECTION('',(0.,1.,0.));
#13664=DIRECTION('center_axis',(0.,1.,0.));
#13665=DIRECTION('ref_axis',(-1.,0.,0.));
#13666=DIRECTION('center_axis',(0.,1.,0.));
#13667=DIRECTION('ref_axis',(-1.,0.,0.));
#13668=DIRECTION('',(0.,-1.,0.));
#13669=DIRECTION('center_axis',(0.,1.,0.));
#13670=DIRECTION('ref_axis',(1.,0.,0.));
#13671=DIRECTION('',(0.,0.,-1.));
#13672=DIRECTION('',(-1.,0.,0.));
#13673=DIRECTION('',(1.,0.,0.));
#13674=DIRECTION('center_axis',(0.,0.,1.));
#13675=DIRECTION('ref_axis',(0.,-1.,0.));
#13676=DIRECTION('',(0.,1.,0.));
#13677=DIRECTION('',(1.,0.,0.));
#13678=DIRECTION('center_axis',(0.,0.,-1.));
#13679=DIRECTION('ref_axis',(0.,1.,0.));
#13680=DIRECTION('',(1.,0.,0.));
#13681=DIRECTION('',(0.,-1.,0.));
#13682=DIRECTION('center_axis',(0.,0.,1.));
#13683=DIRECTION('ref_axis',(1.,0.,0.));
#13684=DIRECTION('',(0.,0.,-1.));
#13685=DIRECTION('',(0.,0.,-1.));
#13686=DIRECTION('center_axis',(-1.,0.,0.));
#13687=DIRECTION('ref_axis',(0.,1.,0.));
#13688=DIRECTION('center_axis',(-1.,0.,0.));
#13689=DIRECTION('ref_axis',(0.,-2.22044604925031E-16,1.));
#13690=DIRECTION('',(0.,-1.,0.));
#13691=DIRECTION('center_axis',(-1.,0.,0.));
#13692=DIRECTION('ref_axis',(0.,-2.22044604925031E-16,1.));
#13693=DIRECTION('center_axis',(1.,0.,0.));
#13694=DIRECTION('ref_axis',(0.,-1.,0.));
#13695=DIRECTION('center_axis',(1.,0.,0.));
#13696=DIRECTION('ref_axis',(0.,-2.22044604925031E-16,1.));
#13697=DIRECTION('',(0.,0.,-1.));
#13698=DIRECTION('center_axis',(1.,0.,0.));
#13699=DIRECTION('ref_axis',(0.,-2.22044604925031E-16,1.));
#13700=DIRECTION('center_axis',(0.,1.,0.));
#13701=DIRECTION('ref_axis',(1.,0.,0.));
#13702=DIRECTION('',(1.,0.,0.));
#13703=DIRECTION('',(-1.,0.,0.));
#13704=DIRECTION('',(0.,0.,-1.));
#13705=DIRECTION('center_axis',(0.,0.,1.));
#13706=DIRECTION('ref_axis',(0.,-1.,0.));
#13707=DIRECTION('center_axis',(0.,0.,1.));
#13708=DIRECTION('ref_axis',(0.,-1.,0.));
#13709=DIRECTION('',(1.,0.,0.));
#13710=DIRECTION('center_axis',(-1.,0.,0.));
#13711=DIRECTION('ref_axis',(0.,-2.22044604925031E-16,1.));
#13712=DIRECTION('center_axis',(0.,0.,1.));
#13713=DIRECTION('ref_axis',(0.,1.,0.));
#13714=DIRECTION('',(0.,1.,0.));
#13715=DIRECTION('center_axis',(0.,0.,-1.));
#13716=DIRECTION('ref_axis',(0.,-1.,0.));
#13717=DIRECTION('',(0.,-1.,0.));
#13718=DIRECTION('center_axis',(-1.,0.,0.));
#13719=DIRECTION('ref_axis',(0.,0.,1.));
#13720=DIRECTION('center_axis',(5.92118946466749E-15,2.17519272417843E-46,
-1.));
#13721=DIRECTION('ref_axis',(3.67357392827588E-32,-1.,0.));
#13722=DIRECTION('center_axis',(0.,0.,1.));
#13723=DIRECTION('ref_axis',(0.,1.,0.));
#13724=DIRECTION('',(0.,-1.,0.));
#13725=DIRECTION('',(-1.,0.,0.));
#13726=DIRECTION('',(-1.,0.,0.));
#13727=DIRECTION('center_axis',(0.,1.,0.));
#13728=DIRECTION('ref_axis',(0.,0.,-1.));
#13729=DIRECTION('',(0.,0.,1.));
#13730=DIRECTION('',(-1.,0.,0.));
#13731=DIRECTION('center_axis',(0.,0.,-1.));
#13732=DIRECTION('ref_axis',(0.,-1.,0.));
#13733=DIRECTION('',(0.,1.,0.));
#13734=DIRECTION('',(-1.,0.,0.));
#13735=DIRECTION('center_axis',(0.,0.,-1.));
#13736=DIRECTION('ref_axis',(0.,-1.,0.));
#13737=DIRECTION('',(0.,1.,0.));
#13738=DIRECTION('',(-1.,0.,0.));
#13739=DIRECTION('',(-1.,0.,0.));
#13740=DIRECTION('center_axis',(0.,-1.,0.));
#13741=DIRECTION('ref_axis',(0.,0.,1.));
#13742=DIRECTION('',(0.,0.,-1.));
#13743=DIRECTION('',(-1.,0.,0.));
#13744=DIRECTION('center_axis',(0.,0.,1.));
#13745=DIRECTION('ref_axis',(0.,1.,0.));
#13746=DIRECTION('',(0.,-1.,0.));
#13747=DIRECTION('',(-1.,0.,0.));
#13748=DIRECTION('center_axis',(-1.,0.,0.));
#13749=DIRECTION('ref_axis',(0.,0.,1.));
#13750=DIRECTION('center_axis',(1.,0.,0.));
#13751=DIRECTION('ref_axis',(0.,-1.,0.));
#13752=DIRECTION('center_axis',(-1.,0.,0.));
#13753=DIRECTION('ref_axis',(0.,0.,1.));
#13754=DIRECTION('center_axis',(1.,0.,0.));
#13755=DIRECTION('ref_axis',(0.,-1.,0.));
#13756=DIRECTION('center_axis',(1.,0.,0.));
#13757=DIRECTION('ref_axis',(0.,-1.,0.));
#13758=DIRECTION('center_axis',(1.,0.,0.));
#13759=DIRECTION('ref_axis',(0.,-1.,0.));
#13760=DIRECTION('',(1.,0.,0.));
#13761=DIRECTION('center_axis',(0.,1.,0.));
#13762=DIRECTION('ref_axis',(0.,0.,-1.));
#13763=DIRECTION('center_axis',(0.,1.,0.));
#13764=DIRECTION('ref_axis',(0.,0.,-1.));
#13765=DIRECTION('center_axis',(1.,0.,0.));
#13766=DIRECTION('ref_axis',(0.,-0.707106781186546,-0.707106781186549));
#13767=DIRECTION('',(-1.,0.,0.));
#13768=DIRECTION('center_axis',(0.,-1.,0.));
#13769=DIRECTION('ref_axis',(0.,0.,-1.));
#13770=DIRECTION('',(-1.,0.,0.));
#13771=DIRECTION('center_axis',(-1.,0.,0.));
#13772=DIRECTION('ref_axis',(0.,-0.707106781186546,0.707106781186549));
#13773=DIRECTION('',(0.,0.,1.));
#13774=DIRECTION('',(1.,-1.73200260692804E-35,0.));
#13775=CARTESIAN_POINT('',(0.,0.,0.));
#13776=CARTESIAN_POINT('',(0.,0.,0.));
#13777=CARTESIAN_POINT('Origin',(133.099997024983,80.,-125.099997203797));
#13778=CARTESIAN_POINT('',(130.599997080863,49.0000002831221,-125.099997203797));
#13779=CARTESIAN_POINT('',(133.099997024983,49.0000002831221,-125.099997203797));
#13780=CARTESIAN_POINT('',(104.049998512492,49.0000002831221,-125.099997203797));
#13781=CARTESIAN_POINT('',(133.099997024983,80.,-125.099997203797));
#13782=CARTESIAN_POINT('',(133.099997024983,80.,-125.099997203797));
#13783=CARTESIAN_POINT('',(130.599997080863,80.,-125.099997203797));
#13784=CARTESIAN_POINT('',(135.799998512492,80.,-125.099997203797));
#13785=CARTESIAN_POINT('',(130.599997080863,80.,-125.099997203797));
#13786=CARTESIAN_POINT('Origin',(133.099997024983,80.,-121.099997293204));
#13787=CARTESIAN_POINT('',(133.099997024983,49.0000002831221,-125.000001862645));
#13788=CARTESIAN_POINT('',(133.099997024983,49.0000002831221,-117.299999417737));
#13789=CARTESIAN_POINT('',(133.099997024983,49.1999989002943,-125.000001862645));
#13790=CARTESIAN_POINT('',(133.099997024983,64.5000003650784,-125.000001862645));
#13791=CARTESIAN_POINT('',(133.099997024983,49.1999989002943,-121.099997293204));
#13792=CARTESIAN_POINT('',(133.099997024983,49.1999989002943,-123.049999577925));
#13793=CARTESIAN_POINT('',(133.099997024983,80.,-121.099997293204));
#13794=CARTESIAN_POINT('',(133.099997024983,80.,-121.099997293204));
#13795=CARTESIAN_POINT('',(133.099997024983,80.,-98.049998646602));
#13796=CARTESIAN_POINT('Origin',(135.899996962398,80.,-121.099997293204));
#13797=CARTESIAN_POINT('',(135.899996962398,49.1999989002943,-121.099997293204));
#13798=CARTESIAN_POINT('',(110.449998481199,49.1999989002943,-121.099997293204));
#13799=CARTESIAN_POINT('',(135.899996962398,80.,-121.099997293204));
#13800=CARTESIAN_POINT('',(135.899996962398,80.,-121.099997293204));
#13801=CARTESIAN_POINT('',(137.199998481199,80.,-121.099997293204));
#13802=CARTESIAN_POINT('Origin',(135.899996962398,80.,-125.099997203797));
#13803=CARTESIAN_POINT('',(135.899996962398,49.1999989002943,-125.000001862645));
#13804=CARTESIAN_POINT('',(135.899996962398,49.1999989002943,-125.049999533221));
#13805=CARTESIAN_POINT('',(135.899996962398,49.0000002831221,-125.000001862645));
#13806=CARTESIAN_POINT('',(135.899996962398,64.5000003650784,-125.000001862645));
#13807=CARTESIAN_POINT('',(135.899996962398,49.0000002831221,-125.099997203797));
#13808=CARTESIAN_POINT('',(135.899996962398,49.0000002831221,-119.299999373034));
#13809=CARTESIAN_POINT('',(135.899996962398,80.,-125.099997203797));
#13810=CARTESIAN_POINT('',(135.899996962398,80.,-125.099997203797));
#13811=CARTESIAN_POINT('',(135.899996962398,80.,-100.049998601899));
#13812=CARTESIAN_POINT('Origin',(133.099997024983,80.,-173.899996113032));
#13813=CARTESIAN_POINT('',(133.099997024983,71.3642948802376,-173.899996113032));
#13814=CARTESIAN_POINT('',(133.099997024983,65.02946569454,-177.899996023625));
#13815=CARTESIAN_POINT('Origin',(133.099997024983,55.,-155.));
#13816=CARTESIAN_POINT('',(133.099997024983,-35.,-177.899996023625));
#13817=CARTESIAN_POINT('',(133.099997024983,80.,-177.899996023625));
#13818=CARTESIAN_POINT('',(133.099997024983,-35.,-173.899996113032));
#13819=CARTESIAN_POINT('',(133.099997024983,-35.,-163.69999634102));
#13820=CARTESIAN_POINT('',(133.099997024983,80.,-173.899996113032));
#13821=CARTESIAN_POINT('Origin',(133.099997024983,80.,-177.899996023625));
#13822=CARTESIAN_POINT('',(135.899996962398,65.02946569454,-177.899996023625));
#13823=CARTESIAN_POINT('',(138.5,65.02946569454,-177.899996023625));
#13824=CARTESIAN_POINT('',(135.899996962398,-35.,-177.899996023625));
#13825=CARTESIAN_POINT('',(135.899996962398,80.,-177.899996023625));
#13826=CARTESIAN_POINT('',(135.199996978045,-35.,-177.899996023625));
#13827=CARTESIAN_POINT('Origin',(130.599997080863,80.,-125.099997203797));
#13828=CARTESIAN_POINT('',(130.599997080863,11.0069967800596,-125.099997203797));
#13829=CARTESIAN_POINT('',(130.599997080863,11.0069967800595,-140.000000270574));
#13830=CARTESIAN_POINT('',(130.599997080863,11.0069967800596,-122.049999414012));
#13831=CARTESIAN_POINT('',(130.599997080863,49.000000283122,-140.000000270574));
#13832=CARTESIAN_POINT('',(130.599997080863,45.5034983900298,-140.000001624227));
#13833=CARTESIAN_POINT('',(130.599997080863,49.0000002831221,-119.299999373034));
#13834=CARTESIAN_POINT('',(130.599997080863,80.,-155.));
#13835=CARTESIAN_POINT('',(130.599997080863,80.,-100.049998601899));
#13836=CARTESIAN_POINT('',(130.599997080863,71.3642948802376,-173.899996113032));
#13837=CARTESIAN_POINT('Origin',(130.599997080863,55.,-155.));
#13838=CARTESIAN_POINT('',(130.599997080863,-35.,-173.899996113032));
#13839=CARTESIAN_POINT('',(130.599997080863,80.,-173.899996113032));
#13840=CARTESIAN_POINT('',(130.599997080863,-35.,-125.099997203797));
#13841=CARTESIAN_POINT('',(130.599997080863,-35.,-161.699996385723));
#13842=CARTESIAN_POINT('',(130.599997080863,80.,-125.099997203797));
#13843=CARTESIAN_POINT('Origin',(135.899996962398,80.,-177.899996023625));
#13844=CARTESIAN_POINT('',(135.899996962398,71.3642948802376,-173.899996113032));
#13845=CARTESIAN_POINT('Origin',(135.899996962398,55.,-155.));
#13846=CARTESIAN_POINT('',(135.899996962398,-35.,-173.899996113032));
#13847=CARTESIAN_POINT('',(135.899996962398,80.,-173.899996113032));
#13848=CARTESIAN_POINT('',(135.899996962398,-35.,-161.699996385723));
#13849=CARTESIAN_POINT('Origin',(135.899996962398,80.,-173.899996113032));
#13850=CARTESIAN_POINT('',(138.399996906519,71.3642948802376,-173.899996113032));
#13851=CARTESIAN_POINT('',(138.5,71.3642948802376,-173.899996113032));
#13852=CARTESIAN_POINT('',(138.399996906519,-35.,-173.899996113032));
#13853=CARTESIAN_POINT('',(138.399996906519,80.,-173.899996113032));
#13854=CARTESIAN_POINT('',(136.449996950105,-35.,-173.899996113032));
#13855=CARTESIAN_POINT('Origin',(133.099997024983,80.,-125.099997203797));
#13856=CARTESIAN_POINT('',(133.099997024983,11.0069967800596,-125.099997203797));
#13857=CARTESIAN_POINT('',(104.049998512492,11.0069967800596,-125.099997203797));
#13858=CARTESIAN_POINT('',(133.099997024983,-35.,-125.099997203797));
#13859=CARTESIAN_POINT('',(132.549997037277,-35.,-125.099997203797));
#13860=CARTESIAN_POINT('',(133.099997024983,80.,-125.099997203797));
#13861=CARTESIAN_POINT('Origin',(133.099997024983,80.,-121.099997293204));
#13862=CARTESIAN_POINT('',(133.099997024983,11.0069967800596,-125.000001862645));
#13863=CARTESIAN_POINT('',(133.099997024983,11.0069967800596,-120.049999458716));
#13864=CARTESIAN_POINT('',(133.099997024983,-35.,-121.099997293204));
#13865=CARTESIAN_POINT('',(133.099997024983,-35.,-137.299996931106));
#13866=CARTESIAN_POINT('',(133.099997024983,10.7999997586012,-121.099997293204));
#13867=CARTESIAN_POINT('',(133.099997024983,80.,-121.099997293204));
#13868=CARTESIAN_POINT('',(133.099997024983,10.7999997586012,-125.000001862645));
#13869=CARTESIAN_POINT('',(133.099997024983,10.7999997586012,-117.298209589504));
#13870=CARTESIAN_POINT('',(133.099997024983,45.3999998793006,-125.000001862645));
#13871=CARTESIAN_POINT('Origin',(135.899996962398,80.,-121.099997293204));
#13872=CARTESIAN_POINT('',(135.899996962398,10.7999997586012,-121.099997293204));
#13873=CARTESIAN_POINT('',(110.449998481199,10.7999997586012,-121.099997293204));
#13874=CARTESIAN_POINT('',(135.899996962398,-35.,-121.099997293204));
#13875=CARTESIAN_POINT('',(133.799997009337,-35.,-121.099997293204));
#13876=CARTESIAN_POINT('',(135.899996962398,80.,-121.099997293204));
#13877=CARTESIAN_POINT('Origin',(135.899996962398,80.,-125.099997203797));
#13878=CARTESIAN_POINT('',(135.899996962398,10.7999997586012,-125.000001862645));
#13879=CARTESIAN_POINT('',(135.899996962398,10.7999997586012,-119.2982095448));
#13880=CARTESIAN_POINT('',(135.899996962398,-35.,-125.099997203797));
#13881=CARTESIAN_POINT('',(135.899996962398,-35.,-135.299996975809));
#13882=CARTESIAN_POINT('',(135.899996962398,11.0069967800596,-125.099997203797));
#13883=CARTESIAN_POINT('',(135.899996962398,80.,-125.099997203797));
#13884=CARTESIAN_POINT('',(135.899996962398,11.0069967800596,-125.000001862645));
#13885=CARTESIAN_POINT('',(135.899996962398,11.0069967800596,-122.049999414012));
#13886=CARTESIAN_POINT('',(135.899996962398,45.3999998793006,-125.000001862645));
#13887=CARTESIAN_POINT('Origin',(138.399996906519,80.,-125.099997203797));
#13888=CARTESIAN_POINT('',(136.499999999999,11.0069967800595,-125.099997203797));
#13889=CARTESIAN_POINT('',(106.699998453259,11.0069967800596,-125.099997203797));
#13890=CARTESIAN_POINT('',(138.399996906519,-35.,-125.099997203797));
#13891=CARTESIAN_POINT('',(135.199996978045,-35.,-125.099997203797));
#13892=CARTESIAN_POINT('',(138.399996906519,80.,-125.099997203797));
#13893=CARTESIAN_POINT('',(138.399996906519,80.,-125.099997203797));
#13894=CARTESIAN_POINT('',(138.44999845326,80.,-125.099997203797));
#13895=CARTESIAN_POINT('',(136.499999999999,49.000000283122,-125.099997203797));
#13896=CARTESIAN_POINT('',(106.699998453259,49.0000002831221,-125.099997203797));
#13897=CARTESIAN_POINT('',(136.499999999999,54.9999999430749,-125.099997203797));
#13898=CARTESIAN_POINT('Origin',(138.399996906519,80.,-173.899996113032));
#13899=CARTESIAN_POINT('',(138.399996906519,80.,-155.));
#13900=CARTESIAN_POINT('Origin',(138.399996906519,55.,-155.));
#13901=CARTESIAN_POINT('',(138.399996906519,80.,-124.449998056516));
#13902=CARTESIAN_POINT('',(138.399996906519,-35.,-137.299996931106));
#13903=CARTESIAN_POINT('Origin',(130.599997080863,80.,-173.899996113032));
#13904=CARTESIAN_POINT('',(138.5,71.3642948802376,-173.899996113032));
#13905=CARTESIAN_POINT('',(133.799997009337,-35.,-173.899996113032));
#13906=CARTESIAN_POINT('Origin',(134.499996993691,-35.,-149.499996658415));
#13907=CARTESIAN_POINT('Origin',(85.,10.7999997586012,-113.496421885803));
#13908=CARTESIAN_POINT('',(85.,10.7999997586012,-125.000001862645));
#13909=CARTESIAN_POINT('Origin',(85.,10.7999997586012,-125.000001862645));
#13910=CARTESIAN_POINT('',(80.,11.0069967800596,-125.000001862645));
#13911=CARTESIAN_POINT('Origin',(75.,11.0069967800596,-119.000001624227));
#13912=CARTESIAN_POINT('',(136.499999999999,11.0069967800595,-140.000000270574));
#13913=CARTESIAN_POINT('',(136.499999999999,11.0069967800595,-125.000000270574));
#13914=CARTESIAN_POINT('',(130.499999999999,11.0069967800595,-140.000000270574));
#13915=CARTESIAN_POINT('Origin',(136.499999999999,29.9999998861499,-89.0000011697413));
#13916=CARTESIAN_POINT('',(136.499999999999,49.000000283122,-140.000000270574));
#13917=CARTESIAN_POINT('',(136.499999999999,49.000000283122,-113.50000154227));
#13918=CARTESIAN_POINT('',(136.499999999999,-5.00000000000009,-140.000000270574));
#13919=CARTESIAN_POINT('Origin',(138.5,80.,-75.));
#13920=CARTESIAN_POINT('',(138.5,80.,-155.));
#13921=CARTESIAN_POINT('Origin',(85.,49.1999989002943,-125.000001862645));
#13922=CARTESIAN_POINT('',(85.,49.1999989002943,-125.000001862645));
#13923=CARTESIAN_POINT('Origin',(85.,49.0000007301569,-125.000001862645));
#13924=CARTESIAN_POINT('',(80.,49.0000002831221,-125.000001862645));
#13925=CARTESIAN_POINT('Origin',(130.499999999999,11.0069967800596,-140.000001624227));
#13926=CARTESIAN_POINT('',(130.499999999999,49.000000283122,-140.000000270574));
#13927=CARTESIAN_POINT('Origin',(75.,49.0000002831221,-113.50000154227));
#13928=CARTESIAN_POINT('Origin',(138.5,55.,-155.));
#13929=CARTESIAN_POINT('Origin',(71.0000006221235,3.49999941140413,-138.000002503395));
#13930=CARTESIAN_POINT('',(63.0000009387732,41.9999993443489,-138.000002503395));
#13931=CARTESIAN_POINT('',(66.5000008866191,41.9999993443489,-138.000002503395));
#13932=CARTESIAN_POINT('',(58.5,41.9999993443489,-138.000002503395));
#13933=CARTESIAN_POINT('',(66.5000008866191,41.5000006183982,-138.000002503395));
#13934=CARTESIAN_POINT('',(66.5000008866191,41.5000006183982,-138.000002503395));
#13935=CARTESIAN_POINT('',(70.0000009387732,41.5000006183982,-138.000002503395));
#13936=CARTESIAN_POINT('',(70.0000009387732,41.5000006183982,-138.000002503395));
#13937=CARTESIAN_POINT('',(70.0000009387732,43.5000006482005,-138.000002503395));
#13938=CARTESIAN_POINT('',(70.0000009387732,48.0000007152557,-138.000002503395));
#13939=CARTESIAN_POINT('',(68.25,43.5000006482005,-138.000002503395));
#13940=CARTESIAN_POINT('',(66.5000008866191,43.5000006482005,-138.000002503395));
#13941=CARTESIAN_POINT('',(68.25,46.0000006854534,-138.000002503395));
#13942=CARTESIAN_POINT('',(68.25,48.7499994449317,-138.000002503395));
#13943=CARTESIAN_POINT('',(70.0000009387732,46.0000006854534,-138.000002503395));
#13944=CARTESIAN_POINT('',(70.0000009387732,46.0000006854534,-138.000002503395));
#13945=CARTESIAN_POINT('',(70.0000009387732,48.0000007152557,-138.000002503395));
#13946=CARTESIAN_POINT('',(70.0000009387732,48.0000007152557,-138.000002503395));
#13947=CARTESIAN_POINT('',(68.25,48.0000007152557,-138.000002503395));
#13948=CARTESIAN_POINT('',(66.5000008866191,48.0000007152557,-138.000002503395));
#13949=CARTESIAN_POINT('',(68.25,50.9999994784594,-138.000002503395));
#13950=CARTESIAN_POINT('',(68.25,48.7499994449317,-138.000002503395));
#13951=CARTESIAN_POINT('',(83.500001244247,50.9999994784594,-138.000002503395));
#13952=CARTESIAN_POINT('',(58.5,50.9999994784594,-138.000002503395));
#13953=CARTESIAN_POINT('',(83.500001244247,-44.0000006556511,-138.000002503395));
#13954=CARTESIAN_POINT('',(83.500001244247,50.9999994784594,-138.000002503395));
#13955=CARTESIAN_POINT('',(68.25,-44.0000006556511,-138.000002503395));
#13956=CARTESIAN_POINT('',(83.500001244247,-44.0000006556511,-138.000002503395));
#13957=CARTESIAN_POINT('',(68.25,-42.2499993331731,-138.000002503395));
#13958=CARTESIAN_POINT('',(68.25,-37.2500005550683,-138.000002503395));
#13959=CARTESIAN_POINT('',(69.7500009872019,-42.2499993331731,-138.000002503395));
#13960=CARTESIAN_POINT('',(69.7500009872019,-42.2499993331731,-138.000002503395));
#13961=CARTESIAN_POINT('',(69.7500009872019,-38.749999281019,-138.000002503395));
#13962=CARTESIAN_POINT('',(69.7500009872019,-38.749999281019,-138.000002503395));
#13963=CARTESIAN_POINT('',(68.25,-38.749999281019,-138.000002503395));
#13964=CARTESIAN_POINT('',(63.2500008903444,-38.749999281019,-138.000002503395));
#13965=CARTESIAN_POINT('',(68.25,-35.2499993331731,-138.000002503395));
#13966=CARTESIAN_POINT('',(68.25,-37.2500005550683,-138.000002503395));
#13967=CARTESIAN_POINT('',(69.7500009872019,-35.2499993331731,-138.000002503395));
#13968=CARTESIAN_POINT('',(69.7500009872019,-35.2499993331731,-138.000002503395));
#13969=CARTESIAN_POINT('',(69.7500009872019,-31.749999281019,-138.000002503395));
#13970=CARTESIAN_POINT('',(69.7500009872019,-31.749999281019,-138.000002503395));
#13971=CARTESIAN_POINT('',(67.7500009573996,-31.749999281019,-138.000002503395));
#13972=CARTESIAN_POINT('',(63.2500008903444,-31.749999281019,-138.000002503395));
#13973=CARTESIAN_POINT('',(67.7500009573996,-35.0000005211335,-138.000002503395));
#13974=CARTESIAN_POINT('',(67.7500009573996,-35.2499993331731,-138.000002503395));
#13975=CARTESIAN_POINT('',(65.2500009201467,-35.0000005190977,-138.000002503395));
#13976=CARTESIAN_POINT('',(58.5,-35.0000005215406,-138.000002503395));
#13977=CARTESIAN_POINT('',(65.2500009201467,-31.749999281019,-138.000002503395));
#13978=CARTESIAN_POINT('',(65.2500009201467,-31.749999281019,-138.000002503395));
#13979=CARTESIAN_POINT('',(63.2500008903444,-31.749999281019,-138.000002503395));
#13980=CARTESIAN_POINT('',(63.2500008903444,-31.749999281019,-138.000002503395));
#13981=CARTESIAN_POINT('',(63.2500008903444,-35.0000005215406,-138.000002503395));
#13982=CARTESIAN_POINT('',(63.2500008903444,-35.2499993331731,-138.000002503395));
#13983=CARTESIAN_POINT('',(61.0000009094206,-35.0000005156368,-138.000002637506));
#13984=CARTESIAN_POINT('',(58.5,-35.0000005215406,-138.000002503395));
#13985=CARTESIAN_POINT('',(61.0000009094206,41.5000006183982,-138.000002637506));
#13986=CARTESIAN_POINT('',(61.0000009094206,-35.0000005156368,-138.000002637506));
#13987=CARTESIAN_POINT('',(63.0000009387732,41.5000006183982,-138.000002503395));
#13988=CARTESIAN_POINT('',(63.0000009387732,41.5000006183982,-138.000002503395));
#13989=CARTESIAN_POINT('',(63.0000009387732,48.0000007152557,-138.000002503395));
#13990=CARTESIAN_POINT('',(74.2500008903444,-0.249999333173054,-138.000002503395));
#13991=CARTESIAN_POINT('',(74.2500008903444,3.25000071898101,-138.000002503395));
#13992=CARTESIAN_POINT('',(74.2500008903444,-0.249999333173054,-138.000002503395));
#13993=CARTESIAN_POINT('',(76.2500009201467,-0.249999333173054,-138.000002503395));
#13994=CARTESIAN_POINT('',(80.7500009872019,-0.249999333173054,-138.000002503395));
#13995=CARTESIAN_POINT('',(76.2500009201467,3.25000071898101,-138.000002503395));
#13996=CARTESIAN_POINT('',(76.2500009201467,3.25000071898101,-138.000002503395));
#13997=CARTESIAN_POINT('',(74.2500008903444,3.25000071898101,-138.000002503395));
#13998=CARTESIAN_POINT('',(76.2500009201467,20.7500006668269,-138.000002503395));
#13999=CARTESIAN_POINT('',(74.2500008903444,20.7500006668269,-138.000002503395));
#14000=CARTESIAN_POINT('',(80.7500009872019,20.7500006668269,-138.000002503395));
#14001=CARTESIAN_POINT('',(76.2500009201467,24.250000718981,-138.000002503395));
#14002=CARTESIAN_POINT('',(76.2500009201467,24.250000718981,-138.000002503395));
#14003=CARTESIAN_POINT('',(74.2500008903444,24.250000718981,-138.000002503395));
#14004=CARTESIAN_POINT('',(74.2500008903444,24.250000718981,-138.000002503395));
#14005=CARTESIAN_POINT('',(74.2500008903444,20.7500006668269,-138.000002503395));
#14006=CARTESIAN_POINT('',(63.2500008903444,-0.249999333173054,-138.000002503395));
#14007=CARTESIAN_POINT('',(63.2500008903444,3.25000071898101,-138.000002503395));
#14008=CARTESIAN_POINT('',(63.2500008903444,-0.249999333173054,-138.000002503395));
#14009=CARTESIAN_POINT('',(65.2500009201467,-0.249999333173054,-138.000002503395));
#14010=CARTESIAN_POINT('',(69.7500009872019,-0.249999333173054,-138.000002503395));
#14011=CARTESIAN_POINT('',(65.2500009201467,3.25000071898101,-138.000002503395));
#14012=CARTESIAN_POINT('',(65.2500009201467,3.25000071898101,-138.000002503395));
#14013=CARTESIAN_POINT('',(63.2500008903444,3.25000071898101,-138.000002503395));
#14014=CARTESIAN_POINT('',(80.7500009872019,31.250000718981,-138.000002503395));
#14015=CARTESIAN_POINT('',(80.7500009872019,27.750000666827,-138.000002503395));
#14016=CARTESIAN_POINT('',(80.7500009872019,31.250000718981,-138.000002503395));
#14017=CARTESIAN_POINT('',(78.7500009573996,31.250000718981,-138.000002503395));
#14018=CARTESIAN_POINT('',(74.2500008903444,31.250000718981,-138.000002503395));
#14019=CARTESIAN_POINT('',(78.7500009573996,27.750000666827,-138.000002503395));
#14020=CARTESIAN_POINT('',(78.7500009573996,27.750000666827,-138.000002503395));
#14021=CARTESIAN_POINT('',(80.7500009872019,27.750000666827,-138.000002503395));
#14022=CARTESIAN_POINT('',(69.7500009872019,-0.249999333173054,-138.000002503395));
#14023=CARTESIAN_POINT('',(67.7500009573996,-0.249999333173054,-138.000002503395));
#14024=CARTESIAN_POINT('',(69.7500009872019,-0.249999333173054,-138.000002503395));
#14025=CARTESIAN_POINT('',(69.7500009872019,3.25000071898101,-138.000002503395));
#14026=CARTESIAN_POINT('',(69.7500009872019,3.25000071898101,-138.000002503395));
#14027=CARTESIAN_POINT('',(67.7500009573996,3.25000071898101,-138.000002503395));
#14028=CARTESIAN_POINT('',(63.2500008903444,3.25000071898101,-138.000002503395));
#14029=CARTESIAN_POINT('',(67.7500009573996,-0.249999333173054,-138.000002503395));
#14030=CARTESIAN_POINT('',(80.7500009872019,20.7500006668269,-138.000002503395));
#14031=CARTESIAN_POINT('',(78.7500009573996,20.7500006668269,-138.000002503395));
#14032=CARTESIAN_POINT('',(80.7500009872019,20.7500006668269,-138.000002503395));
#14033=CARTESIAN_POINT('',(80.7500009872019,24.250000718981,-138.000002503395));
#14034=CARTESIAN_POINT('',(80.7500009872019,24.250000718981,-138.000002503395));
#14035=CARTESIAN_POINT('',(78.7500009573996,24.250000718981,-138.000002503395));
#14036=CARTESIAN_POINT('',(74.2500008903444,24.250000718981,-138.000002503395));
#14037=CARTESIAN_POINT('',(78.7500009573996,20.7500006668269,-138.000002503395));
#14038=CARTESIAN_POINT('',(63.2500008903444,-14.2499993331731,-138.000002503395));
#14039=CARTESIAN_POINT('',(63.2500008903444,-10.749999281019,-138.000002503395));
#14040=CARTESIAN_POINT('',(63.2500008903444,-14.2499993331731,-138.000002503395));
#14041=CARTESIAN_POINT('',(65.2500009201467,-14.2499993331731,-138.000002503395));
#14042=CARTESIAN_POINT('',(69.7500009872019,-14.2499993331731,-138.000002503395));
#14043=CARTESIAN_POINT('',(65.2500009201467,-10.749999281019,-138.000002503395));
#14044=CARTESIAN_POINT('',(65.2500009201467,-10.749999281019,-138.000002503395));
#14045=CARTESIAN_POINT('',(63.2500008903444,-10.749999281019,-138.000002503395));
#14046=CARTESIAN_POINT('',(69.7500009872019,13.7500006668269,-138.000002503395));
#14047=CARTESIAN_POINT('',(67.7500009573996,13.7500006668269,-138.000002503395));
#14048=CARTESIAN_POINT('',(69.7500009872019,13.7500006668269,-138.000002503395));
#14049=CARTESIAN_POINT('',(69.7500009872019,17.250000718981,-138.000002503395));
#14050=CARTESIAN_POINT('',(69.7500009872019,17.250000718981,-138.000002503395));
#14051=CARTESIAN_POINT('',(67.7500009573996,17.250000718981,-138.000002503395));
#14052=CARTESIAN_POINT('',(63.2500008903444,17.250000718981,-138.000002503395));
#14053=CARTESIAN_POINT('',(67.7500009573996,13.7500006668269,-138.000002503395));
#14054=CARTESIAN_POINT('',(63.2500008903444,-28.2499993331731,-138.000002503395));
#14055=CARTESIAN_POINT('',(63.2500008903444,-24.749999281019,-138.000002503395));
#14056=CARTESIAN_POINT('',(63.2500008903444,-28.2499993331731,-138.000002503395));
#14057=CARTESIAN_POINT('',(65.2500009201467,-28.2499993331731,-138.000002503395));
#14058=CARTESIAN_POINT('',(69.7500009872019,-28.2499993331731,-138.000002503395));
#14059=CARTESIAN_POINT('',(65.2500009201467,-24.749999281019,-138.000002503395));
#14060=CARTESIAN_POINT('',(65.2500009201467,-24.749999281019,-138.000002503395));
#14061=CARTESIAN_POINT('',(63.2500008903444,-24.749999281019,-138.000002503395));
#14062=CARTESIAN_POINT('',(74.2500008903444,13.7500006668269,-138.000002503395));
#14063=CARTESIAN_POINT('',(74.2500008903444,17.250000718981,-138.000002503395));
#14064=CARTESIAN_POINT('',(74.2500008903444,13.7500006668269,-138.000002503395));
#14065=CARTESIAN_POINT('',(76.2500009201467,13.7500006668269,-138.000002503395));
#14066=CARTESIAN_POINT('',(80.7500009872019,13.7500006668269,-138.000002503395));
#14067=CARTESIAN_POINT('',(76.2500009201467,17.250000718981,-138.000002503395));
#14068=CARTESIAN_POINT('',(76.2500009201467,17.250000718981,-138.000002503395));
#14069=CARTESIAN_POINT('',(74.2500008903444,17.250000718981,-138.000002503395));
#14070=CARTESIAN_POINT('',(80.7500009872019,-28.2499993331731,-138.000002503395));
#14071=CARTESIAN_POINT('',(78.7500009573996,-28.2499993331731,-138.000002503395));
#14072=CARTESIAN_POINT('',(80.7500009872019,-28.2499993331731,-138.000002503395));
#14073=CARTESIAN_POINT('',(80.7500009872019,-24.749999281019,-138.000002503395));
#14074=CARTESIAN_POINT('',(80.7500009872019,-24.749999281019,-138.000002503395));
#14075=CARTESIAN_POINT('',(78.7500009573996,-24.749999281019,-138.000002503395));
#14076=CARTESIAN_POINT('',(74.2500008903444,-24.749999281019,-138.000002503395));
#14077=CARTESIAN_POINT('',(78.7500009573996,-28.2499993331731,-138.000002503395));
#14078=CARTESIAN_POINT('',(80.7500009872019,-14.2499993331731,-138.000002503395));
#14079=CARTESIAN_POINT('',(78.7500009573996,-14.2499993331731,-138.000002503395));
#14080=CARTESIAN_POINT('',(80.7500009872019,-14.2499993331731,-138.000002503395));
#14081=CARTESIAN_POINT('',(80.7500009872019,-10.749999281019,-138.000002503395));
#14082=CARTESIAN_POINT('',(80.7500009872019,-10.749999281019,-138.000002503395));
#14083=CARTESIAN_POINT('',(78.7500009573996,-10.749999281019,-138.000002503395));
#14084=CARTESIAN_POINT('',(74.2500008903444,-10.749999281019,-138.000002503395));
#14085=CARTESIAN_POINT('',(78.7500009573996,-14.2499993331731,-138.000002503395));
#14086=CARTESIAN_POINT('',(80.7500009872019,-42.2499993331731,-138.000002503395));
#14087=CARTESIAN_POINT('',(78.7500009573996,-42.2499993331731,-138.000002503395));
#14088=CARTESIAN_POINT('',(80.7500009872019,-42.2499993331731,-138.000002503395));
#14089=CARTESIAN_POINT('',(80.7500009872019,-38.749999281019,-138.000002503395));
#14090=CARTESIAN_POINT('',(80.7500009872019,-38.749999281019,-138.000002503395));
#14091=CARTESIAN_POINT('',(78.7500009573996,-38.749999281019,-138.000002503395));
#14092=CARTESIAN_POINT('',(74.2500008903444,-38.749999281019,-138.000002503395));
#14093=CARTESIAN_POINT('',(78.7500009573996,-42.2499993331731,-138.000002503395));
#14094=CARTESIAN_POINT('',(74.2500008903444,-7.24999933317305,-138.000002503395));
#14095=CARTESIAN_POINT('',(74.2500008903444,-3.74999928101899,-138.000002503395));
#14096=CARTESIAN_POINT('',(74.2500008903444,-7.24999933317305,-138.000002503395));
#14097=CARTESIAN_POINT('',(76.2500009201467,-7.24999933317305,-138.000002503395));
#14098=CARTESIAN_POINT('',(80.7500009872019,-7.24999933317305,-138.000002503395));
#14099=CARTESIAN_POINT('',(76.2500009201467,-3.74999928101899,-138.000002503395));
#14100=CARTESIAN_POINT('',(76.2500009201467,-3.74999928101899,-138.000002503395));
#14101=CARTESIAN_POINT('',(74.2500008903444,-3.74999928101899,-138.000002503395));
#14102=CARTESIAN_POINT('',(63.2500008903444,-21.2499993331731,-138.000002503395));
#14103=CARTESIAN_POINT('',(63.2500008903444,-17.749999281019,-138.000002503395));
#14104=CARTESIAN_POINT('',(63.2500008903444,-21.2499993331731,-138.000002503395));
#14105=CARTESIAN_POINT('',(65.2500009201467,-21.2499993331731,-138.000002503395));
#14106=CARTESIAN_POINT('',(69.7500009872019,-21.2499993331731,-138.000002503395));
#14107=CARTESIAN_POINT('',(65.2500009201467,-17.749999281019,-138.000002503395));
#14108=CARTESIAN_POINT('',(65.2500009201467,-17.749999281019,-138.000002503395));
#14109=CARTESIAN_POINT('',(63.2500008903444,-17.749999281019,-138.000002503395));
#14110=CARTESIAN_POINT('',(69.7500009872019,-14.2499993331731,-138.000002503395));
#14111=CARTESIAN_POINT('',(67.7500009573996,-14.2499993331731,-138.000002503395));
#14112=CARTESIAN_POINT('',(69.7500009872019,-14.2499993331731,-138.000002503395));
#14113=CARTESIAN_POINT('',(69.7500009872019,-10.749999281019,-138.000002503395));
#14114=CARTESIAN_POINT('',(69.7500009872019,-10.749999281019,-138.000002503395));
#14115=CARTESIAN_POINT('',(67.7500009573996,-10.749999281019,-138.000002503395));
#14116=CARTESIAN_POINT('',(63.2500008903444,-10.749999281019,-138.000002503395));
#14117=CARTESIAN_POINT('',(67.7500009573996,-14.2499993331731,-138.000002503395));
#14118=CARTESIAN_POINT('',(74.2500008903444,-35.2499993331731,-138.000002503395));
#14119=CARTESIAN_POINT('',(74.2500008903444,-31.749999281019,-138.000002503395));
#14120=CARTESIAN_POINT('',(74.2500008903444,-35.2499993331731,-138.000002503395));
#14121=CARTESIAN_POINT('',(76.2500009201467,-35.2499993331731,-138.000002503395));
#14122=CARTESIAN_POINT('',(80.7500009872019,-35.2499993331731,-138.000002503395));
#14123=CARTESIAN_POINT('',(76.2500009201467,-31.749999281019,-138.000002503395));
#14124=CARTESIAN_POINT('',(76.2500009201467,-31.749999281019,-138.000002503395));
#14125=CARTESIAN_POINT('',(74.2500008903444,-31.749999281019,-138.000002503395));
#14126=CARTESIAN_POINT('',(63.2500008903444,-7.24999933317305,-138.000002503395));
#14127=CARTESIAN_POINT('',(63.2500008903444,-3.74999928101899,-138.000002503395));
#14128=CARTESIAN_POINT('',(63.2500008903444,-7.24999933317305,-138.000002503395));
#14129=CARTESIAN_POINT('',(65.2500009201467,-7.24999933317305,-138.000002503395));
#14130=CARTESIAN_POINT('',(69.7500009872019,-7.24999933317305,-138.000002503395));
#14131=CARTESIAN_POINT('',(65.2500009201467,-3.74999928101899,-138.000002503395));
#14132=CARTESIAN_POINT('',(65.2500009201467,-3.74999928101899,-138.000002503395));
#14133=CARTESIAN_POINT('',(63.2500008903444,-3.74999928101899,-138.000002503395));
#14134=CARTESIAN_POINT('',(63.2500008903444,13.7500006668269,-138.000002503395));
#14135=CARTESIAN_POINT('',(63.2500008903444,17.250000718981,-138.000002503395));
#14136=CARTESIAN_POINT('',(63.2500008903444,13.7500006668269,-138.000002503395));
#14137=CARTESIAN_POINT('',(65.2500009201467,13.7500006668269,-138.000002503395));
#14138=CARTESIAN_POINT('',(69.7500009872019,13.7500006668269,-138.000002503395));
#14139=CARTESIAN_POINT('',(65.2500009201467,17.250000718981,-138.000002503395));
#14140=CARTESIAN_POINT('',(65.2500009201467,17.250000718981,-138.000002503395));
#14141=CARTESIAN_POINT('',(63.2500008903444,17.250000718981,-138.000002503395));
#14142=CARTESIAN_POINT('',(80.7500009872019,13.7500006668269,-138.000002503395));
#14143=CARTESIAN_POINT('',(78.7500009573996,13.7500006668269,-138.000002503395));
#14144=CARTESIAN_POINT('',(80.7500009872019,13.7500006668269,-138.000002503395));
#14145=CARTESIAN_POINT('',(80.7500009872019,17.250000718981,-138.000002503395));
#14146=CARTESIAN_POINT('',(80.7500009872019,17.250000718981,-138.000002503395));
#14147=CARTESIAN_POINT('',(78.7500009573996,17.250000718981,-138.000002503395));
#14148=CARTESIAN_POINT('',(74.2500008903444,17.250000718981,-138.000002503395));
#14149=CARTESIAN_POINT('',(78.7500009573996,13.7500006668269,-138.000002503395));
#14150=CARTESIAN_POINT('',(78.7500009573996,38.250000718981,-138.000002503395));
#14151=CARTESIAN_POINT('',(80.7500009872019,38.250000718981,-138.000002503395));
#14152=CARTESIAN_POINT('',(74.2500008903444,38.250000718981,-138.000002503395));
#14153=CARTESIAN_POINT('',(78.7500009573996,34.750000666827,-138.000002503395));
#14154=CARTESIAN_POINT('',(78.7500009573996,34.750000666827,-138.000002503395));
#14155=CARTESIAN_POINT('',(80.7500009872019,34.750000666827,-138.000002503395));
#14156=CARTESIAN_POINT('',(80.7500009872019,34.750000666827,-138.000002503395));
#14157=CARTESIAN_POINT('',(80.7500009872019,38.250000718981,-138.000002503395));
#14158=CARTESIAN_POINT('',(63.2500008903444,6.75000066682695,-138.000002503395));
#14159=CARTESIAN_POINT('',(63.2500008903444,10.250000718981,-138.000002503395));
#14160=CARTESIAN_POINT('',(63.2500008903444,6.75000066682695,-138.000002503395));
#14161=CARTESIAN_POINT('',(65.2500009201467,6.75000066682695,-138.000002503395));
#14162=CARTESIAN_POINT('',(69.7500009872019,6.75000066682695,-138.000002503395));
#14163=CARTESIAN_POINT('',(65.2500009201467,10.250000718981,-138.000002503395));
#14164=CARTESIAN_POINT('',(65.2500009201467,10.250000718981,-138.000002503395));
#14165=CARTESIAN_POINT('',(63.2500008903444,10.250000718981,-138.000002503395));
#14166=CARTESIAN_POINT('',(74.2500008903444,6.75000066682695,-138.000002503395));
#14167=CARTESIAN_POINT('',(74.2500008903444,10.250000718981,-138.000002503395));
#14168=CARTESIAN_POINT('',(74.2500008903444,6.75000066682695,-138.000002503395));
#14169=CARTESIAN_POINT('',(76.2500009201467,6.75000066682695,-138.000002503395));
#14170=CARTESIAN_POINT('',(80.7500009872019,6.75000066682695,-138.000002503395));
#14171=CARTESIAN_POINT('',(76.2500009201467,10.250000718981,-138.000002503395));
#14172=CARTESIAN_POINT('',(76.2500009201467,10.250000718981,-138.000002503395));
#14173=CARTESIAN_POINT('',(74.2500008903444,10.250000718981,-138.000002503395));
#14174=CARTESIAN_POINT('',(69.7500009872019,-21.2499993331731,-138.000002503395));
#14175=CARTESIAN_POINT('',(67.7500009573996,-21.2499993331731,-138.000002503395));
#14176=CARTESIAN_POINT('',(69.7500009872019,-21.2499993331731,-138.000002503395));
#14177=CARTESIAN_POINT('',(69.7500009872019,-17.749999281019,-138.000002503395));
#14178=CARTESIAN_POINT('',(69.7500009872019,-17.749999281019,-138.000002503395));
#14179=CARTESIAN_POINT('',(67.7500009573996,-17.749999281019,-138.000002503395));
#14180=CARTESIAN_POINT('',(63.2500008903444,-17.749999281019,-138.000002503395));
#14181=CARTESIAN_POINT('',(67.7500009573996,-21.2499993331731,-138.000002503395));
#14182=CARTESIAN_POINT('',(74.2500008903444,-21.2499993331731,-138.000002503395));
#14183=CARTESIAN_POINT('',(74.2500008903444,-17.749999281019,-138.000002503395));
#14184=CARTESIAN_POINT('',(74.2500008903444,-21.2499993331731,-138.000002503395));
#14185=CARTESIAN_POINT('',(76.2500009201467,-21.2499993331731,-138.000002503395));
#14186=CARTESIAN_POINT('',(80.7500009872019,-21.2499993331731,-138.000002503395));
#14187=CARTESIAN_POINT('',(76.2500009201467,-17.749999281019,-138.000002503395));
#14188=CARTESIAN_POINT('',(76.2500009201467,-17.749999281019,-138.000002503395));
#14189=CARTESIAN_POINT('',(74.2500008903444,-17.749999281019,-138.000002503395));
#14190=CARTESIAN_POINT('',(74.2500008903444,-14.2499993331731,-138.000002503395));
#14191=CARTESIAN_POINT('',(74.2500008903444,-10.749999281019,-138.000002503395));
#14192=CARTESIAN_POINT('',(74.2500008903444,-14.2499993331731,-138.000002503395));
#14193=CARTESIAN_POINT('',(76.2500009201467,-14.2499993331731,-138.000002503395));
#14194=CARTESIAN_POINT('',(80.7500009872019,-14.2499993331731,-138.000002503395));
#14195=CARTESIAN_POINT('',(76.2500009201467,-10.749999281019,-138.000002503395));
#14196=CARTESIAN_POINT('',(76.2500009201467,-10.749999281019,-138.000002503395));
#14197=CARTESIAN_POINT('',(74.2500008903444,-10.749999281019,-138.000002503395));
#14198=CARTESIAN_POINT('',(69.7500009872019,6.75000066682695,-138.000002503395));
#14199=CARTESIAN_POINT('',(67.7500009573996,6.75000066682695,-138.000002503395));
#14200=CARTESIAN_POINT('',(69.7500009872019,6.75000066682695,-138.000002503395));
#14201=CARTESIAN_POINT('',(69.7500009872019,10.250000718981,-138.000002503395));
#14202=CARTESIAN_POINT('',(69.7500009872019,10.250000718981,-138.000002503395));
#14203=CARTESIAN_POINT('',(67.7500009573996,10.250000718981,-138.000002503395));
#14204=CARTESIAN_POINT('',(63.2500008903444,10.250000718981,-138.000002503395));
#14205=CARTESIAN_POINT('',(67.7500009573996,6.75000066682695,-138.000002503395));
#14206=CARTESIAN_POINT('',(74.2500008903444,-42.2499993331731,-138.000002503395));
#14207=CARTESIAN_POINT('',(74.2500008903444,-38.749999281019,-138.000002503395));
#14208=CARTESIAN_POINT('',(74.2500008903444,-42.2499993331731,-138.000002503395));
#14209=CARTESIAN_POINT('',(76.2500009201467,-42.2499993331731,-138.000002503395));
#14210=CARTESIAN_POINT('',(80.7500009872019,-42.2499993331731,-138.000002503395));
#14211=CARTESIAN_POINT('',(76.2500009201467,-38.749999281019,-138.000002503395));
#14212=CARTESIAN_POINT('',(76.2500009201467,-38.749999281019,-138.000002503395));
#14213=CARTESIAN_POINT('',(74.2500008903444,-38.749999281019,-138.000002503395));
#14214=CARTESIAN_POINT('',(67.7500009573996,24.250000718981,-138.000002503395));
#14215=CARTESIAN_POINT('',(69.7500009872019,24.250000718981,-138.000002503395));
#14216=CARTESIAN_POINT('',(63.2500008903444,24.250000718981,-138.000002503395));
#14217=CARTESIAN_POINT('',(67.7500009573996,20.7500006668269,-138.000002503395));
#14218=CARTESIAN_POINT('',(67.7500009573996,20.7500006668269,-138.000002503395));
#14219=CARTESIAN_POINT('',(69.7500009872019,20.7500006668269,-138.000002503395));
#14220=CARTESIAN_POINT('',(69.7500009872019,20.7500006668269,-138.000002503395));
#14221=CARTESIAN_POINT('',(69.7500009872019,24.250000718981,-138.000002503395));
#14222=CARTESIAN_POINT('',(80.7500009872019,-35.2499993331731,-138.000002503395));
#14223=CARTESIAN_POINT('',(78.7500009573996,-35.2499993331731,-138.000002503395));
#14224=CARTESIAN_POINT('',(80.7500009872019,-35.2499993331731,-138.000002503395));
#14225=CARTESIAN_POINT('',(80.7500009872019,-31.749999281019,-138.000002503395));
#14226=CARTESIAN_POINT('',(80.7500009872019,-31.749999281019,-138.000002503395));
#14227=CARTESIAN_POINT('',(78.7500009573996,-31.749999281019,-138.000002503395));
#14228=CARTESIAN_POINT('',(74.2500008903444,-31.749999281019,-138.000002503395));
#14229=CARTESIAN_POINT('',(78.7500009573996,-35.2499993331731,-138.000002503395));
#14230=CARTESIAN_POINT('',(69.7500009872019,-28.2499993331731,-138.000002503395));
#14231=CARTESIAN_POINT('',(67.7500009573996,-28.2499993331731,-138.000002503395));
#14232=CARTESIAN_POINT('',(69.7500009872019,-28.2499993331731,-138.000002503395));
#14233=CARTESIAN_POINT('',(69.7500009872019,-24.749999281019,-138.000002503395));
#14234=CARTESIAN_POINT('',(69.7500009872019,-24.749999281019,-138.000002503395));
#14235=CARTESIAN_POINT('',(67.7500009573996,-24.749999281019,-138.000002503395));
#14236=CARTESIAN_POINT('',(63.2500008903444,-24.749999281019,-138.000002503395));
#14237=CARTESIAN_POINT('',(67.7500009573996,-28.2499993331731,-138.000002503395));
#14238=CARTESIAN_POINT('',(74.2500008903444,31.250000718981,-138.000002503395));
#14239=CARTESIAN_POINT('',(76.2500009201467,31.250000718981,-138.000002503395));
#14240=CARTESIAN_POINT('',(74.2500008903444,31.250000718981,-138.000002503395));
#14241=CARTESIAN_POINT('',(74.2500008903444,27.750000666827,-138.000002503395));
#14242=CARTESIAN_POINT('',(74.2500008903444,27.750000666827,-138.000002503395));
#14243=CARTESIAN_POINT('',(76.2500009201467,27.750000666827,-138.000002503395));
#14244=CARTESIAN_POINT('',(80.7500009872019,27.750000666827,-138.000002503395));
#14245=CARTESIAN_POINT('',(76.2500009201467,31.250000718981,-138.000002503395));
#14246=CARTESIAN_POINT('',(69.7500009872019,-7.24999933317305,-138.000002503395));
#14247=CARTESIAN_POINT('',(67.7500009573996,-7.24999933317305,-138.000002503395));
#14248=CARTESIAN_POINT('',(69.7500009872019,-7.24999933317305,-138.000002503395));
#14249=CARTESIAN_POINT('',(69.7500009872019,-3.74999928101899,-138.000002503395));
#14250=CARTESIAN_POINT('',(69.7500009872019,-3.74999928101899,-138.000002503395));
#14251=CARTESIAN_POINT('',(67.7500009573996,-3.74999928101899,-138.000002503395));
#14252=CARTESIAN_POINT('',(63.2500008903444,-3.74999928101899,-138.000002503395));
#14253=CARTESIAN_POINT('',(67.7500009573996,-7.24999933317305,-138.000002503395));
#14254=CARTESIAN_POINT('',(74.2500008903444,-28.2499993331731,-138.000002503395));
#14255=CARTESIAN_POINT('',(74.2500008903444,-24.749999281019,-138.000002503395));
#14256=CARTESIAN_POINT('',(74.2500008903444,-28.2499993331731,-138.000002503395));
#14257=CARTESIAN_POINT('',(76.2500009201467,-28.2499993331731,-138.000002503395));
#14258=CARTESIAN_POINT('',(80.7500009872019,-28.2499993331731,-138.000002503395));
#14259=CARTESIAN_POINT('',(76.2500009201467,-24.749999281019,-138.000002503395));
#14260=CARTESIAN_POINT('',(76.2500009201467,-24.749999281019,-138.000002503395));
#14261=CARTESIAN_POINT('',(74.2500008903444,-24.749999281019,-138.000002503395));
#14262=CARTESIAN_POINT('',(80.7500009872019,-7.24999933317305,-138.000002503395));
#14263=CARTESIAN_POINT('',(78.7500009573996,-7.24999933317305,-138.000002503395));
#14264=CARTESIAN_POINT('',(80.7500009872019,-7.24999933317305,-138.000002503395));
#14265=CARTESIAN_POINT('',(80.7500009872019,-3.74999928101899,-138.000002503395));
#14266=CARTESIAN_POINT('',(80.7500009872019,-3.74999928101899,-138.000002503395));
#14267=CARTESIAN_POINT('',(78.7500009573996,-3.74999928101899,-138.000002503395));
#14268=CARTESIAN_POINT('',(74.2500008903444,-3.74999928101899,-138.000002503395));
#14269=CARTESIAN_POINT('',(78.7500009573996,-7.24999933317305,-138.000002503395));
#14270=CARTESIAN_POINT('',(80.7500009872019,6.75000066682695,-138.000002503395));
#14271=CARTESIAN_POINT('',(78.7500009573996,6.75000066682695,-138.000002503395));
#14272=CARTESIAN_POINT('',(80.7500009872019,6.75000066682695,-138.000002503395));
#14273=CARTESIAN_POINT('',(80.7500009872019,10.250000718981,-138.000002503395));
#14274=CARTESIAN_POINT('',(80.7500009872019,10.250000718981,-138.000002503395));
#14275=CARTESIAN_POINT('',(78.7500009573996,10.250000718981,-138.000002503395));
#14276=CARTESIAN_POINT('',(74.2500008903444,10.250000718981,-138.000002503395));
#14277=CARTESIAN_POINT('',(78.7500009573996,6.75000066682695,-138.000002503395));
#14278=CARTESIAN_POINT('',(80.7500009872019,-21.2499993331731,-138.000002503395));
#14279=CARTESIAN_POINT('',(78.7500009573996,-21.2499993331731,-138.000002503395));
#14280=CARTESIAN_POINT('',(80.7500009872019,-21.2499993331731,-138.000002503395));
#14281=CARTESIAN_POINT('',(80.7500009872019,-17.749999281019,-138.000002503395));
#14282=CARTESIAN_POINT('',(80.7500009872019,-17.749999281019,-138.000002503395));
#14283=CARTESIAN_POINT('',(78.7500009573996,-17.749999281019,-138.000002503395));
#14284=CARTESIAN_POINT('',(74.2500008903444,-17.749999281019,-138.000002503395));
#14285=CARTESIAN_POINT('',(78.7500009573996,-21.2499993331731,-138.000002503395));
#14286=CARTESIAN_POINT('',(80.7500009872019,-0.249999333173054,-138.000002503395));
#14287=CARTESIAN_POINT('',(78.7500009573996,-0.249999333173054,-138.000002503395));
#14288=CARTESIAN_POINT('',(80.7500009872019,-0.249999333173054,-138.000002503395));
#14289=CARTESIAN_POINT('',(80.7500009872019,3.25000071898101,-138.000002503395));
#14290=CARTESIAN_POINT('',(80.7500009872019,3.25000071898101,-138.000002503395));
#14291=CARTESIAN_POINT('',(78.7500009573996,3.25000071898101,-138.000002503395));
#14292=CARTESIAN_POINT('',(74.2500008903444,3.25000071898101,-138.000002503395));
#14293=CARTESIAN_POINT('',(78.7500009573996,-0.249999333173054,-138.000002503395));
#14294=CARTESIAN_POINT('',(74.2500008903444,34.750000666827,-138.000002503395));
#14295=CARTESIAN_POINT('',(74.2500008903444,38.250000718981,-138.000002503395));
#14296=CARTESIAN_POINT('',(74.2500008903444,34.750000666827,-138.000002503395));
#14297=CARTESIAN_POINT('',(76.2500009201467,34.750000666827,-138.000002503395));
#14298=CARTESIAN_POINT('',(80.7500009872019,34.750000666827,-138.000002503395));
#14299=CARTESIAN_POINT('',(76.2500009201467,38.250000718981,-138.000002503395));
#14300=CARTESIAN_POINT('',(76.2500009201467,38.250000718981,-138.000002503395));
#14301=CARTESIAN_POINT('',(74.2500008903444,38.250000718981,-138.000002503395));
#14302=CARTESIAN_POINT('',(65.2500009201467,20.7500006668269,-138.000002503395));
#14303=CARTESIAN_POINT('',(63.2500008903444,20.7500006668269,-138.000002503395));
#14304=CARTESIAN_POINT('',(69.7500009872019,20.7500006668269,-138.000002503395));
#14305=CARTESIAN_POINT('',(65.2500009201467,24.250000718981,-138.000002503395));
#14306=CARTESIAN_POINT('',(65.2500009201467,24.250000718981,-138.000002503395));
#14307=CARTESIAN_POINT('',(63.2500008903444,24.250000718981,-138.000002503395));
#14308=CARTESIAN_POINT('',(63.2500008903444,24.250000718981,-138.000002503395));
#14309=CARTESIAN_POINT('',(63.2500008903444,20.7500006668269,-138.000002503395));
#14310=CARTESIAN_POINT('Origin',(76.2500009201467,-0.249999333173054,-138.000002503395));
#14311=CARTESIAN_POINT('',(74.2500008903444,-0.249999333173054,-133.000002503395));
#14312=CARTESIAN_POINT('',(74.2500008903444,-0.249999333173054,-138.000002503395));
#14313=CARTESIAN_POINT('',(76.2500009201467,-0.249999333173054,-133.000002503395));
#14314=CARTESIAN_POINT('',(80.7500009872019,-0.249999333173054,-133.000002503395));
#14315=CARTESIAN_POINT('',(76.2500009201467,-0.249999333173054,-138.000002503395));
#14316=CARTESIAN_POINT('Origin',(76.2500009201467,3.25000071898101,-138.000002503395));
#14317=CARTESIAN_POINT('',(76.2500009201467,3.25000071898101,-133.000002503395));
#14318=CARTESIAN_POINT('',(76.2500009201467,3.25000071898101,-133.000002503395));
#14319=CARTESIAN_POINT('',(76.2500009201467,3.25000071898101,-138.000002503395));
#14320=CARTESIAN_POINT('Origin',(74.2500008903444,3.25000071898101,-138.000002503395));
#14321=CARTESIAN_POINT('',(74.2500008903444,3.25000071898101,-133.000002503395));
#14322=CARTESIAN_POINT('',(74.2500008903444,3.25000071898101,-133.000002503395));
#14323=CARTESIAN_POINT('',(74.2500008903444,3.25000071898101,-138.000002503395));
#14324=CARTESIAN_POINT('Origin',(74.2500008903444,-0.249999333173054,-138.000002503395));
#14325=CARTESIAN_POINT('',(74.2500008903444,-0.249999333173054,-133.000002503395));
#14326=CARTESIAN_POINT('Origin',(76.2500009201467,24.250000718981,-138.000002503395));
#14327=CARTESIAN_POINT('',(76.2500009201467,20.7500006668269,-133.000002503395));
#14328=CARTESIAN_POINT('',(76.2500009201467,20.7500006668269,-138.000002503395));
#14329=CARTESIAN_POINT('',(76.2500009201467,24.250000718981,-133.000002503395));
#14330=CARTESIAN_POINT('',(76.2500009201467,24.250000718981,-133.000002503395));
#14331=CARTESIAN_POINT('',(76.2500009201467,24.250000718981,-138.000002503395));
#14332=CARTESIAN_POINT('Origin',(74.2500008903444,24.250000718981,-138.000002503395));
#14333=CARTESIAN_POINT('',(74.2500008903444,24.250000718981,-133.000002503395));
#14334=CARTESIAN_POINT('',(74.2500008903444,24.250000718981,-133.000002503395));
#14335=CARTESIAN_POINT('',(74.2500008903444,24.250000718981,-138.000002503395));
#14336=CARTESIAN_POINT('Origin',(74.2500008903444,20.7500006668269,-138.000002503395));
#14337=CARTESIAN_POINT('',(74.2500008903444,20.7500006668269,-133.000002503395));
#14338=CARTESIAN_POINT('',(74.2500008903444,20.7500006668269,-133.000002503395));
#14339=CARTESIAN_POINT('',(74.2500008903444,20.7500006668269,-138.000002503395));
#14340=CARTESIAN_POINT('Origin',(76.2500009201467,20.7500006668269,-138.000002503395));
#14341=CARTESIAN_POINT('',(80.7500009872019,20.7500006668269,-133.000002503395));
#14342=CARTESIAN_POINT('Origin',(65.2500009201467,-0.249999333173054,-138.000002503395));
#14343=CARTESIAN_POINT('',(63.2500008903444,-0.249999333173054,-133.000002503395));
#14344=CARTESIAN_POINT('',(63.2500008903444,-0.249999333173054,-138.000002503395));
#14345=CARTESIAN_POINT('',(65.2500009201467,-0.249999333173054,-133.000002503395));
#14346=CARTESIAN_POINT('',(69.7500009872019,-0.249999333173054,-133.000002503395));
#14347=CARTESIAN_POINT('',(65.2500009201467,-0.249999333173054,-138.000002503395));
#14348=CARTESIAN_POINT('Origin',(65.2500009201467,3.25000071898101,-138.000002503395));
#14349=CARTESIAN_POINT('',(65.2500009201467,3.25000071898101,-133.000002503395));
#14350=CARTESIAN_POINT('',(65.2500009201467,3.25000071898101,-133.000002503395));
#14351=CARTESIAN_POINT('',(65.2500009201467,3.25000071898101,-138.000002503395));
#14352=CARTESIAN_POINT('Origin',(63.2500008903444,3.25000071898101,-138.000002503395));
#14353=CARTESIAN_POINT('',(63.2500008903444,3.25000071898101,-133.000002503395));
#14354=CARTESIAN_POINT('',(63.2500008903444,3.25000071898101,-133.000002503395));
#14355=CARTESIAN_POINT('',(63.2500008903444,3.25000071898101,-138.000002503395));
#14356=CARTESIAN_POINT('Origin',(63.2500008903444,-0.249999333173054,-138.000002503395));
#14357=CARTESIAN_POINT('',(63.2500008903444,-0.249999333173054,-133.000002503395));
#14358=CARTESIAN_POINT('Origin',(78.7500009573996,31.250000718981,-138.000002503395));
#14359=CARTESIAN_POINT('',(80.7500009872019,31.250000718981,-133.000002503395));
#14360=CARTESIAN_POINT('',(80.7500009872019,31.250000718981,-138.000002503395));
#14361=CARTESIAN_POINT('',(78.7500009573996,31.250000718981,-133.000002503395));
#14362=CARTESIAN_POINT('',(74.2500008903444,31.250000718981,-133.000002503395));
#14363=CARTESIAN_POINT('',(78.7500009573996,31.250000718981,-138.000002503395));
#14364=CARTESIAN_POINT('Origin',(78.7500009573996,27.750000666827,-138.000002503395));
#14365=CARTESIAN_POINT('',(78.7500009573996,27.750000666827,-133.000002503395));
#14366=CARTESIAN_POINT('',(78.7500009573996,27.750000666827,-133.000002503395));
#14367=CARTESIAN_POINT('',(78.7500009573996,27.750000666827,-138.000002503395));
#14368=CARTESIAN_POINT('Origin',(80.7500009872019,27.750000666827,-138.000002503395));
#14369=CARTESIAN_POINT('',(80.7500009872019,27.750000666827,-133.000002503395));
#14370=CARTESIAN_POINT('',(80.7500009872019,27.750000666827,-133.000002503395));
#14371=CARTESIAN_POINT('',(80.7500009872019,27.750000666827,-138.000002503395));
#14372=CARTESIAN_POINT('Origin',(80.7500009872019,31.250000718981,-138.000002503395));
#14373=CARTESIAN_POINT('',(80.7500009872019,31.250000718981,-133.000002503395));
#14374=CARTESIAN_POINT('Origin',(69.7500009872019,3.25000071898101,-138.000002503395));
#14375=CARTESIAN_POINT('',(69.7500009872019,-0.249999333173054,-133.000002503395));
#14376=CARTESIAN_POINT('',(69.7500009872019,-0.249999333173054,-138.000002503395));
#14377=CARTESIAN_POINT('',(69.7500009872019,3.25000071898101,-133.000002503395));
#14378=CARTESIAN_POINT('',(69.7500009872019,3.25000071898101,-133.000002503395));
#14379=CARTESIAN_POINT('',(69.7500009872019,3.25000071898101,-138.000002503395));
#14380=CARTESIAN_POINT('Origin',(67.7500009573996,3.25000071898101,-138.000002503395));
#14381=CARTESIAN_POINT('',(67.7500009573996,3.25000071898101,-133.000002503395));
#14382=CARTESIAN_POINT('',(63.2500008903444,3.25000071898101,-133.000002503395));
#14383=CARTESIAN_POINT('',(67.7500009573996,3.25000071898101,-138.000002503395));
#14384=CARTESIAN_POINT('Origin',(67.7500009573996,-0.249999333173054,-138.000002503395));
#14385=CARTESIAN_POINT('',(67.7500009573996,-0.249999333173054,-133.000002503395));
#14386=CARTESIAN_POINT('',(67.7500009573996,-0.249999333173054,-133.000002503395));
#14387=CARTESIAN_POINT('',(67.7500009573996,-0.249999333173054,-138.000002503395));
#14388=CARTESIAN_POINT('Origin',(69.7500009872019,-0.249999333173054,-138.000002503395));
#14389=CARTESIAN_POINT('',(69.7500009872019,-0.249999333173054,-133.000002503395));
#14390=CARTESIAN_POINT('Origin',(80.7500009872019,24.250000718981,-138.000002503395));
#14391=CARTESIAN_POINT('',(80.7500009872019,20.7500006668269,-133.000002503395));
#14392=CARTESIAN_POINT('',(80.7500009872019,20.7500006668269,-138.000002503395));
#14393=CARTESIAN_POINT('',(80.7500009872019,24.250000718981,-133.000002503395));
#14394=CARTESIAN_POINT('',(80.7500009872019,24.250000718981,-133.000002503395));
#14395=CARTESIAN_POINT('',(80.7500009872019,24.250000718981,-138.000002503395));
#14396=CARTESIAN_POINT('Origin',(78.7500009573996,24.250000718981,-138.000002503395));
#14397=CARTESIAN_POINT('',(78.7500009573996,24.250000718981,-133.000002503395));
#14398=CARTESIAN_POINT('',(74.2500008903444,24.250000718981,-133.000002503395));
#14399=CARTESIAN_POINT('',(78.7500009573996,24.250000718981,-138.000002503395));
#14400=CARTESIAN_POINT('Origin',(78.7500009573996,20.7500006668269,-138.000002503395));
#14401=CARTESIAN_POINT('',(78.7500009573996,20.7500006668269,-133.000002503395));
#14402=CARTESIAN_POINT('',(78.7500009573996,20.7500006668269,-133.000002503395));
#14403=CARTESIAN_POINT('',(78.7500009573996,20.7500006668269,-138.000002503395));
#14404=CARTESIAN_POINT('Origin',(80.7500009872019,20.7500006668269,-138.000002503395));
#14405=CARTESIAN_POINT('',(80.7500009872019,20.7500006668269,-133.000002503395));
#14406=CARTESIAN_POINT('Origin',(65.2500009201467,-14.2499993331731,-138.000002503395));
#14407=CARTESIAN_POINT('',(63.2500008903444,-14.2499993331731,-133.000002503395));
#14408=CARTESIAN_POINT('',(63.2500008903444,-14.2499993331731,-138.000002503395));
#14409=CARTESIAN_POINT('',(65.2500009201467,-14.2499993331731,-133.000002503395));
#14410=CARTESIAN_POINT('',(69.7500009872019,-14.2499993331731,-133.000002503395));
#14411=CARTESIAN_POINT('',(65.2500009201467,-14.2499993331731,-138.000002503395));
#14412=CARTESIAN_POINT('Origin',(65.2500009201467,-10.749999281019,-138.000002503395));
#14413=CARTESIAN_POINT('',(65.2500009201467,-10.749999281019,-133.000002503395));
#14414=CARTESIAN_POINT('',(65.2500009201467,-10.749999281019,-133.000002503395));
#14415=CARTESIAN_POINT('',(65.2500009201467,-10.749999281019,-138.000002503395));
#14416=CARTESIAN_POINT('Origin',(63.2500008903444,-10.749999281019,-138.000002503395));
#14417=CARTESIAN_POINT('',(63.2500008903444,-10.749999281019,-133.000002503395));
#14418=CARTESIAN_POINT('',(63.2500008903444,-10.749999281019,-133.000002503395));
#14419=CARTESIAN_POINT('',(63.2500008903444,-10.749999281019,-138.000002503395));
#14420=CARTESIAN_POINT('Origin',(63.2500008903444,-14.2499993331731,-138.000002503395));
#14421=CARTESIAN_POINT('',(63.2500008903444,-14.2499993331731,-133.000002503395));
#14422=CARTESIAN_POINT('Origin',(69.7500009872019,17.250000718981,-138.000002503395));
#14423=CARTESIAN_POINT('',(69.7500009872019,13.7500006668269,-133.000002503395));
#14424=CARTESIAN_POINT('',(69.7500009872019,13.7500006668269,-138.000002503395));
#14425=CARTESIAN_POINT('',(69.7500009872019,17.250000718981,-133.000002503395));
#14426=CARTESIAN_POINT('',(69.7500009872019,17.250000718981,-133.000002503395));
#14427=CARTESIAN_POINT('',(69.7500009872019,17.250000718981,-138.000002503395));
#14428=CARTESIAN_POINT('Origin',(67.7500009573996,17.250000718981,-138.000002503395));
#14429=CARTESIAN_POINT('',(67.7500009573996,17.250000718981,-133.000002503395));
#14430=CARTESIAN_POINT('',(63.2500008903444,17.250000718981,-133.000002503395));
#14431=CARTESIAN_POINT('',(67.7500009573996,17.250000718981,-138.000002503395));
#14432=CARTESIAN_POINT('Origin',(67.7500009573996,13.7500006668269,-138.000002503395));
#14433=CARTESIAN_POINT('',(67.7500009573996,13.7500006668269,-133.000002503395));
#14434=CARTESIAN_POINT('',(67.7500009573996,13.7500006668269,-133.000002503395));
#14435=CARTESIAN_POINT('',(67.7500009573996,13.7500006668269,-138.000002503395));
#14436=CARTESIAN_POINT('Origin',(69.7500009872019,13.7500006668269,-138.000002503395));
#14437=CARTESIAN_POINT('',(69.7500009872019,13.7500006668269,-133.000002503395));
#14438=CARTESIAN_POINT('Origin',(65.2500009201467,-28.2499993331731,-138.000002503395));
#14439=CARTESIAN_POINT('',(63.2500008903444,-28.2499993331731,-133.000002503395));
#14440=CARTESIAN_POINT('',(63.2500008903444,-28.2499993331731,-138.000002503395));
#14441=CARTESIAN_POINT('',(65.2500009201467,-28.2499993331731,-133.000002503395));
#14442=CARTESIAN_POINT('',(69.7500009872019,-28.2499993331731,-133.000002503395));
#14443=CARTESIAN_POINT('',(65.2500009201467,-28.2499993331731,-138.000002503395));
#14444=CARTESIAN_POINT('Origin',(65.2500009201467,-24.749999281019,-138.000002503395));
#14445=CARTESIAN_POINT('',(65.2500009201467,-24.749999281019,-133.000002503395));
#14446=CARTESIAN_POINT('',(65.2500009201467,-24.749999281019,-133.000002503395));
#14447=CARTESIAN_POINT('',(65.2500009201467,-24.749999281019,-138.000002503395));
#14448=CARTESIAN_POINT('Origin',(63.2500008903444,-24.749999281019,-138.000002503395));
#14449=CARTESIAN_POINT('',(63.2500008903444,-24.749999281019,-133.000002503395));
#14450=CARTESIAN_POINT('',(63.2500008903444,-24.749999281019,-133.000002503395));
#14451=CARTESIAN_POINT('',(63.2500008903444,-24.749999281019,-138.000002503395));
#14452=CARTESIAN_POINT('Origin',(63.2500008903444,-28.2499993331731,-138.000002503395));
#14453=CARTESIAN_POINT('',(63.2500008903444,-28.2499993331731,-133.000002503395));
#14454=CARTESIAN_POINT('Origin',(76.2500009201467,13.7500006668269,-138.000002503395));
#14455=CARTESIAN_POINT('',(74.2500008903444,13.7500006668269,-133.000002503395));
#14456=CARTESIAN_POINT('',(74.2500008903444,13.7500006668269,-138.000002503395));
#14457=CARTESIAN_POINT('',(76.2500009201467,13.7500006668269,-133.000002503395));
#14458=CARTESIAN_POINT('',(80.7500009872019,13.7500006668269,-133.000002503395));
#14459=CARTESIAN_POINT('',(76.2500009201467,13.7500006668269,-138.000002503395));
#14460=CARTESIAN_POINT('Origin',(76.2500009201467,17.250000718981,-138.000002503395));
#14461=CARTESIAN_POINT('',(76.2500009201467,17.250000718981,-133.000002503395));
#14462=CARTESIAN_POINT('',(76.2500009201467,17.250000718981,-133.000002503395));
#14463=CARTESIAN_POINT('',(76.2500009201467,17.250000718981,-138.000002503395));
#14464=CARTESIAN_POINT('Origin',(74.2500008903444,17.250000718981,-138.000002503395));
#14465=CARTESIAN_POINT('',(74.2500008903444,17.250000718981,-133.000002503395));
#14466=CARTESIAN_POINT('',(74.2500008903444,17.250000718981,-133.000002503395));
#14467=CARTESIAN_POINT('',(74.2500008903444,17.250000718981,-138.000002503395));
#14468=CARTESIAN_POINT('Origin',(74.2500008903444,13.7500006668269,-138.000002503395));
#14469=CARTESIAN_POINT('',(74.2500008903444,13.7500006668269,-133.000002503395));
#14470=CARTESIAN_POINT('Origin',(80.7500009872019,-24.749999281019,-138.000002503395));
#14471=CARTESIAN_POINT('',(80.7500009872019,-28.2499993331731,-133.000002503395));
#14472=CARTESIAN_POINT('',(80.7500009872019,-28.2499993331731,-138.000002503395));
#14473=CARTESIAN_POINT('',(80.7500009872019,-24.749999281019,-133.000002503395));
#14474=CARTESIAN_POINT('',(80.7500009872019,-24.749999281019,-133.000002503395));
#14475=CARTESIAN_POINT('',(80.7500009872019,-24.749999281019,-138.000002503395));
#14476=CARTESIAN_POINT('Origin',(78.7500009573996,-24.749999281019,-138.000002503395));
#14477=CARTESIAN_POINT('',(78.7500009573996,-24.749999281019,-133.000002503395));
#14478=CARTESIAN_POINT('',(74.2500008903444,-24.749999281019,-133.000002503395));
#14479=CARTESIAN_POINT('',(78.7500009573996,-24.749999281019,-138.000002503395));
#14480=CARTESIAN_POINT('Origin',(78.7500009573996,-28.2499993331731,-138.000002503395));
#14481=CARTESIAN_POINT('',(78.7500009573996,-28.2499993331731,-133.000002503395));
#14482=CARTESIAN_POINT('',(78.7500009573996,-28.2499993331731,-133.000002503395));
#14483=CARTESIAN_POINT('',(78.7500009573996,-28.2499993331731,-138.000002503395));
#14484=CARTESIAN_POINT('Origin',(80.7500009872019,-28.2499993331731,-138.000002503395));
#14485=CARTESIAN_POINT('',(80.7500009872019,-28.2499993331731,-133.000002503395));
#14486=CARTESIAN_POINT('Origin',(80.7500009872019,-10.749999281019,-138.000002503395));
#14487=CARTESIAN_POINT('',(80.7500009872019,-14.2499993331731,-133.000002503395));
#14488=CARTESIAN_POINT('',(80.7500009872019,-14.2499993331731,-138.000002503395));
#14489=CARTESIAN_POINT('',(80.7500009872019,-10.749999281019,-133.000002503395));
#14490=CARTESIAN_POINT('',(80.7500009872019,-10.749999281019,-133.000002503395));
#14491=CARTESIAN_POINT('',(80.7500009872019,-10.749999281019,-138.000002503395));
#14492=CARTESIAN_POINT('Origin',(78.7500009573996,-10.749999281019,-138.000002503395));
#14493=CARTESIAN_POINT('',(78.7500009573996,-10.749999281019,-133.000002503395));
#14494=CARTESIAN_POINT('',(74.2500008903444,-10.749999281019,-133.000002503395));
#14495=CARTESIAN_POINT('',(78.7500009573996,-10.749999281019,-138.000002503395));
#14496=CARTESIAN_POINT('Origin',(78.7500009573996,-14.2499993331731,-138.000002503395));
#14497=CARTESIAN_POINT('',(78.7500009573996,-14.2499993331731,-133.000002503395));
#14498=CARTESIAN_POINT('',(78.7500009573996,-14.2499993331731,-133.000002503395));
#14499=CARTESIAN_POINT('',(78.7500009573996,-14.2499993331731,-138.000002503395));
#14500=CARTESIAN_POINT('Origin',(80.7500009872019,-14.2499993331731,-138.000002503395));
#14501=CARTESIAN_POINT('',(80.7500009872019,-14.2499993331731,-133.000002503395));
#14502=CARTESIAN_POINT('Origin',(80.7500009872019,-38.749999281019,-138.000002503395));
#14503=CARTESIAN_POINT('',(80.7500009872019,-42.2499993331731,-133.000002503395));
#14504=CARTESIAN_POINT('',(80.7500009872019,-42.2499993331731,-138.000002503395));
#14505=CARTESIAN_POINT('',(80.7500009872019,-38.749999281019,-133.000002503395));
#14506=CARTESIAN_POINT('',(80.7500009872019,-38.749999281019,-133.000002503395));
#14507=CARTESIAN_POINT('',(80.7500009872019,-38.749999281019,-138.000002503395));
#14508=CARTESIAN_POINT('Origin',(78.7500009573996,-38.749999281019,-138.000002503395));
#14509=CARTESIAN_POINT('',(78.7500009573996,-38.749999281019,-133.000002503395));
#14510=CARTESIAN_POINT('',(74.2500008903444,-38.749999281019,-133.000002503395));
#14511=CARTESIAN_POINT('',(78.7500009573996,-38.749999281019,-138.000002503395));
#14512=CARTESIAN_POINT('Origin',(78.7500009573996,-42.2499993331731,-138.000002503395));
#14513=CARTESIAN_POINT('',(78.7500009573996,-42.2499993331731,-133.000002503395));
#14514=CARTESIAN_POINT('',(78.7500009573996,-42.2499993331731,-133.000002503395));
#14515=CARTESIAN_POINT('',(78.7500009573996,-42.2499993331731,-138.000002503395));
#14516=CARTESIAN_POINT('Origin',(80.7500009872019,-42.2499993331731,-138.000002503395));
#14517=CARTESIAN_POINT('',(80.7500009872019,-42.2499993331731,-133.000002503395));
#14518=CARTESIAN_POINT('Origin',(76.2500009201467,-7.24999933317305,-138.000002503395));
#14519=CARTESIAN_POINT('',(74.2500008903444,-7.24999933317305,-133.000002503395));
#14520=CARTESIAN_POINT('',(74.2500008903444,-7.24999933317305,-138.000002503395));
#14521=CARTESIAN_POINT('',(76.2500009201467,-7.24999933317305,-133.000002503395));
#14522=CARTESIAN_POINT('',(80.7500009872019,-7.24999933317305,-133.000002503395));
#14523=CARTESIAN_POINT('',(76.2500009201467,-7.24999933317305,-138.000002503395));
#14524=CARTESIAN_POINT('Origin',(76.2500009201467,-3.74999928101899,-138.000002503395));
#14525=CARTESIAN_POINT('',(76.2500009201467,-3.74999928101899,-133.000002503395));
#14526=CARTESIAN_POINT('',(76.2500009201467,-3.74999928101899,-133.000002503395));
#14527=CARTESIAN_POINT('',(76.2500009201467,-3.74999928101899,-138.000002503395));
#14528=CARTESIAN_POINT('Origin',(74.2500008903444,-3.74999928101899,-138.000002503395));
#14529=CARTESIAN_POINT('',(74.2500008903444,-3.74999928101899,-133.000002503395));
#14530=CARTESIAN_POINT('',(74.2500008903444,-3.74999928101899,-133.000002503395));
#14531=CARTESIAN_POINT('',(74.2500008903444,-3.74999928101899,-138.000002503395));
#14532=CARTESIAN_POINT('Origin',(74.2500008903444,-7.24999933317305,-138.000002503395));
#14533=CARTESIAN_POINT('',(74.2500008903444,-7.24999933317305,-133.000002503395));
#14534=CARTESIAN_POINT('Origin',(65.2500009201467,-21.2499993331731,-138.000002503395));
#14535=CARTESIAN_POINT('',(63.2500008903444,-21.2499993331731,-133.000002503395));
#14536=CARTESIAN_POINT('',(63.2500008903444,-21.2499993331731,-138.000002503395));
#14537=CARTESIAN_POINT('',(65.2500009201467,-21.2499993331731,-133.000002503395));
#14538=CARTESIAN_POINT('',(69.7500009872019,-21.2499993331731,-133.000002503395));
#14539=CARTESIAN_POINT('',(65.2500009201467,-21.2499993331731,-138.000002503395));
#14540=CARTESIAN_POINT('Origin',(65.2500009201467,-17.749999281019,-138.000002503395));
#14541=CARTESIAN_POINT('',(65.2500009201467,-17.749999281019,-133.000002503395));
#14542=CARTESIAN_POINT('',(65.2500009201467,-17.749999281019,-133.000002503395));
#14543=CARTESIAN_POINT('',(65.2500009201467,-17.749999281019,-138.000002503395));
#14544=CARTESIAN_POINT('Origin',(63.2500008903444,-17.749999281019,-138.000002503395));
#14545=CARTESIAN_POINT('',(63.2500008903444,-17.749999281019,-133.000002503395));
#14546=CARTESIAN_POINT('',(63.2500008903444,-17.749999281019,-133.000002503395));
#14547=CARTESIAN_POINT('',(63.2500008903444,-17.749999281019,-138.000002503395));
#14548=CARTESIAN_POINT('Origin',(63.2500008903444,-21.2499993331731,-138.000002503395));
#14549=CARTESIAN_POINT('',(63.2500008903444,-21.2499993331731,-133.000002503395));
#14550=CARTESIAN_POINT('Origin',(69.7500009872019,-10.749999281019,-138.000002503395));
#14551=CARTESIAN_POINT('',(69.7500009872019,-14.2499993331731,-133.000002503395));
#14552=CARTESIAN_POINT('',(69.7500009872019,-14.2499993331731,-138.000002503395));
#14553=CARTESIAN_POINT('',(69.7500009872019,-10.749999281019,-133.000002503395));
#14554=CARTESIAN_POINT('',(69.7500009872019,-10.749999281019,-133.000002503395));
#14555=CARTESIAN_POINT('',(69.7500009872019,-10.749999281019,-138.000002503395));
#14556=CARTESIAN_POINT('Origin',(67.7500009573996,-10.749999281019,-138.000002503395));
#14557=CARTESIAN_POINT('',(67.7500009573996,-10.749999281019,-133.000002503395));
#14558=CARTESIAN_POINT('',(63.2500008903444,-10.749999281019,-133.000002503395));
#14559=CARTESIAN_POINT('',(67.7500009573996,-10.749999281019,-138.000002503395));
#14560=CARTESIAN_POINT('Origin',(67.7500009573996,-14.2499993331731,-138.000002503395));
#14561=CARTESIAN_POINT('',(67.7500009573996,-14.2499993331731,-133.000002503395));
#14562=CARTESIAN_POINT('',(67.7500009573996,-14.2499993331731,-133.000002503395));
#14563=CARTESIAN_POINT('',(67.7500009573996,-14.2499993331731,-138.000002503395));
#14564=CARTESIAN_POINT('Origin',(69.7500009872019,-14.2499993331731,-138.000002503395));
#14565=CARTESIAN_POINT('',(69.7500009872019,-14.2499993331731,-133.000002503395));
#14566=CARTESIAN_POINT('Origin',(76.2500009201467,-35.2499993331731,-138.000002503395));
#14567=CARTESIAN_POINT('',(74.2500008903444,-35.2499993331731,-133.000002503395));
#14568=CARTESIAN_POINT('',(74.2500008903444,-35.2499993331731,-138.000002503395));
#14569=CARTESIAN_POINT('',(76.2500009201467,-35.2499993331731,-133.000002503395));
#14570=CARTESIAN_POINT('',(80.7500009872019,-35.2499993331731,-133.000002503395));
#14571=CARTESIAN_POINT('',(76.2500009201467,-35.2499993331731,-138.000002503395));
#14572=CARTESIAN_POINT('Origin',(76.2500009201467,-31.749999281019,-138.000002503395));
#14573=CARTESIAN_POINT('',(76.2500009201467,-31.749999281019,-133.000002503395));
#14574=CARTESIAN_POINT('',(76.2500009201467,-31.749999281019,-133.000002503395));
#14575=CARTESIAN_POINT('',(76.2500009201467,-31.749999281019,-138.000002503395));
#14576=CARTESIAN_POINT('Origin',(74.2500008903444,-31.749999281019,-138.000002503395));
#14577=CARTESIAN_POINT('',(74.2500008903444,-31.749999281019,-133.000002503395));
#14578=CARTESIAN_POINT('',(74.2500008903444,-31.749999281019,-133.000002503395));
#14579=CARTESIAN_POINT('',(74.2500008903444,-31.749999281019,-138.000002503395));
#14580=CARTESIAN_POINT('Origin',(74.2500008903444,-35.2499993331731,-138.000002503395));
#14581=CARTESIAN_POINT('',(74.2500008903444,-35.2499993331731,-133.000002503395));
#14582=CARTESIAN_POINT('Origin',(65.2500009201467,-7.24999933317305,-138.000002503395));
#14583=CARTESIAN_POINT('',(63.2500008903444,-7.24999933317305,-133.000002503395));
#14584=CARTESIAN_POINT('',(63.2500008903444,-7.24999933317305,-138.000002503395));
#14585=CARTESIAN_POINT('',(65.2500009201467,-7.24999933317305,-133.000002503395));
#14586=CARTESIAN_POINT('',(69.7500009872019,-7.24999933317305,-133.000002503395));
#14587=CARTESIAN_POINT('',(65.2500009201467,-7.24999933317305,-138.000002503395));
#14588=CARTESIAN_POINT('Origin',(65.2500009201467,-3.74999928101899,-138.000002503395));
#14589=CARTESIAN_POINT('',(65.2500009201467,-3.74999928101899,-133.000002503395));
#14590=CARTESIAN_POINT('',(65.2500009201467,-3.74999928101899,-133.000002503395));
#14591=CARTESIAN_POINT('',(65.2500009201467,-3.74999928101899,-138.000002503395));
#14592=CARTESIAN_POINT('Origin',(63.2500008903444,-3.74999928101899,-138.000002503395));
#14593=CARTESIAN_POINT('',(63.2500008903444,-3.74999928101899,-133.000002503395));
#14594=CARTESIAN_POINT('',(63.2500008903444,-3.74999928101899,-133.000002503395));
#14595=CARTESIAN_POINT('',(63.2500008903444,-3.74999928101899,-138.000002503395));
#14596=CARTESIAN_POINT('Origin',(63.2500008903444,-7.24999933317305,-138.000002503395));
#14597=CARTESIAN_POINT('',(63.2500008903444,-7.24999933317305,-133.000002503395));
#14598=CARTESIAN_POINT('Origin',(65.2500009201467,13.7500006668269,-138.000002503395));
#14599=CARTESIAN_POINT('',(63.2500008903444,13.7500006668269,-133.000002503395));
#14600=CARTESIAN_POINT('',(63.2500008903444,13.7500006668269,-138.000002503395));
#14601=CARTESIAN_POINT('',(65.2500009201467,13.7500006668269,-133.000002503395));
#14602=CARTESIAN_POINT('',(69.7500009872019,13.7500006668269,-133.000002503395));
#14603=CARTESIAN_POINT('',(65.2500009201467,13.7500006668269,-138.000002503395));
#14604=CARTESIAN_POINT('Origin',(65.2500009201467,17.250000718981,-138.000002503395));
#14605=CARTESIAN_POINT('',(65.2500009201467,17.250000718981,-133.000002503395));
#14606=CARTESIAN_POINT('',(65.2500009201467,17.250000718981,-133.000002503395));
#14607=CARTESIAN_POINT('',(65.2500009201467,17.250000718981,-138.000002503395));
#14608=CARTESIAN_POINT('Origin',(63.2500008903444,17.250000718981,-138.000002503395));
#14609=CARTESIAN_POINT('',(63.2500008903444,17.250000718981,-133.000002503395));
#14610=CARTESIAN_POINT('',(63.2500008903444,17.250000718981,-133.000002503395));
#14611=CARTESIAN_POINT('',(63.2500008903444,17.250000718981,-138.000002503395));
#14612=CARTESIAN_POINT('Origin',(63.2500008903444,13.7500006668269,-138.000002503395));
#14613=CARTESIAN_POINT('',(63.2500008903444,13.7500006668269,-133.000002503395));
#14614=CARTESIAN_POINT('Origin',(80.7500009872019,17.250000718981,-138.000002503395));
#14615=CARTESIAN_POINT('',(80.7500009872019,13.7500006668269,-133.000002503395));
#14616=CARTESIAN_POINT('',(80.7500009872019,13.7500006668269,-138.000002503395));
#14617=CARTESIAN_POINT('',(80.7500009872019,17.250000718981,-133.000002503395));
#14618=CARTESIAN_POINT('',(80.7500009872019,17.250000718981,-133.000002503395));
#14619=CARTESIAN_POINT('',(80.7500009872019,17.250000718981,-138.000002503395));
#14620=CARTESIAN_POINT('Origin',(78.7500009573996,17.250000718981,-138.000002503395));
#14621=CARTESIAN_POINT('',(78.7500009573996,17.250000718981,-133.000002503395));
#14622=CARTESIAN_POINT('',(74.2500008903444,17.250000718981,-133.000002503395));
#14623=CARTESIAN_POINT('',(78.7500009573996,17.250000718981,-138.000002503395));
#14624=CARTESIAN_POINT('Origin',(78.7500009573996,13.7500006668269,-138.000002503395));
#14625=CARTESIAN_POINT('',(78.7500009573996,13.7500006668269,-133.000002503395));
#14626=CARTESIAN_POINT('',(78.7500009573996,13.7500006668269,-133.000002503395));
#14627=CARTESIAN_POINT('',(78.7500009573996,13.7500006668269,-138.000002503395));
#14628=CARTESIAN_POINT('Origin',(80.7500009872019,13.7500006668269,-138.000002503395));
#14629=CARTESIAN_POINT('',(80.7500009872019,13.7500006668269,-133.000002503395));
#14630=CARTESIAN_POINT('Origin',(63.0000009387732,41.5000006183982,-138.000002503395));
#14631=CARTESIAN_POINT('',(59.5000008866191,41.5000006183982,-138.000002503395));
#14632=CARTESIAN_POINT('',(60.7500004693866,41.5000006183982,-138.000002503395));
#14633=CARTESIAN_POINT('',(59.5000008866191,41.5000006183982,-133.000002503395));
#14634=CARTESIAN_POINT('',(59.5000008866191,41.5000006183982,-138.000002503395));
#14635=CARTESIAN_POINT('',(63.0000009387732,41.5000006183982,-133.000002503395));
#14636=CARTESIAN_POINT('',(63.0000009387732,41.5000006183982,-133.000002503395));
#14637=CARTESIAN_POINT('',(63.0000009387732,41.5000006183982,-138.000002503395));
#14638=CARTESIAN_POINT('Origin',(63.0000009387732,43.5000006482005,-138.000002503395));
#14639=CARTESIAN_POINT('',(63.0000009387732,43.5000006482005,-138.000002503395));
#14640=CARTESIAN_POINT('',(63.0000009387732,42.7499999962747,-138.000002503395));
#14641=CARTESIAN_POINT('',(63.0000009387732,43.5000006482005,-133.000002503395));
#14642=CARTESIAN_POINT('',(63.0000009387732,48.0000007152557,-133.000002503395));
#14643=CARTESIAN_POINT('',(63.0000009387732,43.5000006482005,-138.000002503395));
#14644=CARTESIAN_POINT('Origin',(59.5000008866191,43.5000006482005,-138.000002503395));
#14645=CARTESIAN_POINT('',(59.5000008866191,43.5000006482005,-138.000002503395));
#14646=CARTESIAN_POINT('',(59.0000004433096,43.5000006482005,-138.000002503395));
#14647=CARTESIAN_POINT('',(59.5000008866191,43.5000006482005,-133.000002503395));
#14648=CARTESIAN_POINT('',(59.5000008866191,43.5000006482005,-133.000002503395));
#14649=CARTESIAN_POINT('',(59.5000008866191,43.5000006482005,-138.000002503395));
#14650=CARTESIAN_POINT('Origin',(59.5000008866191,41.5000006183982,-138.000002503395));
#14651=CARTESIAN_POINT('',(59.5000008866191,41.7499999813735,-138.000002503395));
#14652=CARTESIAN_POINT('',(59.5000008866191,41.5000006183982,-133.000002503395));
#14653=CARTESIAN_POINT('Origin',(63.0000009387732,46.0000006854534,-138.000002503395));
#14654=CARTESIAN_POINT('',(59.5000008866191,46.0000006854534,-138.000002503395));
#14655=CARTESIAN_POINT('',(63.0000009387732,46.0000006854534,-138.000002503395));
#14656=CARTESIAN_POINT('',(60.7500004693866,46.0000006854534,-138.000002503395));
#14657=CARTESIAN_POINT('',(59.5000008866191,46.0000006854534,-133.000002503395));
#14658=CARTESIAN_POINT('',(59.5000008866191,46.0000006854534,-138.000002503395));
#14659=CARTESIAN_POINT('',(63.0000009387732,46.0000006854534,-133.000002503395));
#14660=CARTESIAN_POINT('',(63.0000009387732,46.0000006854534,-133.000002503395));
#14661=CARTESIAN_POINT('',(63.0000009387732,46.0000006854534,-138.000002503395));
#14662=CARTESIAN_POINT('Origin',(63.0000009387732,48.0000007152557,-138.000002503395));
#14663=CARTESIAN_POINT('',(63.0000009387732,48.0000007152557,-138.000002503395));
#14664=CARTESIAN_POINT('',(63.0000009387732,45.0000000298023,-138.000002503395));
#14665=CARTESIAN_POINT('',(63.0000009387732,48.0000007152557,-133.000002503395));
#14666=CARTESIAN_POINT('',(63.0000009387732,48.0000007152557,-133.000002503395));
#14667=CARTESIAN_POINT('',(63.0000009387732,48.0000007152557,-138.000002503395));
#14668=CARTESIAN_POINT('Origin',(59.5000008866191,48.0000007152557,-138.000002503395));
#14669=CARTESIAN_POINT('',(59.5000008866191,48.0000007152557,-138.000002503395));
#14670=CARTESIAN_POINT('',(59.0000004433096,48.0000007152557,-138.000002503395));
#14671=CARTESIAN_POINT('',(59.5000008866191,48.0000007152557,-133.000002503395));
#14672=CARTESIAN_POINT('',(59.5000008866191,48.0000007152557,-133.000002503395));
#14673=CARTESIAN_POINT('',(59.5000008866191,48.0000007152557,-138.000002503395));
#14674=CARTESIAN_POINT('Origin',(59.5000008866191,46.0000006854534,-138.000002503395));
#14675=CARTESIAN_POINT('',(59.5000008866191,44.0000000149012,-138.000002503395));
#14676=CARTESIAN_POINT('',(59.5000008866191,46.0000006854534,-133.000002503395));
#14677=CARTESIAN_POINT('Origin',(70.0000009387732,43.5000006482005,-138.000002503395));
#14678=CARTESIAN_POINT('',(70.0000009387732,41.5000006183982,-133.000002503395));
#14679=CARTESIAN_POINT('',(70.0000009387732,41.5000006183982,-138.000002503395));
#14680=CARTESIAN_POINT('',(70.0000009387732,43.5000006482005,-133.000002503395));
#14681=CARTESIAN_POINT('',(70.0000009387732,48.0000007152557,-133.000002503395));
#14682=CARTESIAN_POINT('',(70.0000009387732,43.5000006482005,-138.000002503395));
#14683=CARTESIAN_POINT('Origin',(66.5000008866191,43.5000006482005,-138.000002503395));
#14684=CARTESIAN_POINT('',(66.5000008866191,43.5000006482005,-138.000002503395));
#14685=CARTESIAN_POINT('',(62.5000004433095,43.5000006482005,-138.000002503395));
#14686=CARTESIAN_POINT('',(66.5000008866191,43.5000006482005,-133.000002503395));
#14687=CARTESIAN_POINT('',(66.5000008866191,43.5000006482005,-133.000002503395));
#14688=CARTESIAN_POINT('',(66.5000008866191,43.5000006482005,-138.000002503395));
#14689=CARTESIAN_POINT('Origin',(66.5000008866191,41.5000006183982,-138.000002503395));
#14690=CARTESIAN_POINT('',(66.5000008866191,41.7499999813735,-138.000002503395));
#14691=CARTESIAN_POINT('',(66.5000008866191,41.5000006183982,-133.000002503395));
#14692=CARTESIAN_POINT('',(66.5000008866191,41.5000006183982,-133.000002503395));
#14693=CARTESIAN_POINT('',(66.5000008866191,41.5000006183982,-138.000002503395));
#14694=CARTESIAN_POINT('Origin',(70.0000009387732,41.5000006183982,-138.000002503395));
#14695=CARTESIAN_POINT('',(70.0000009387732,41.5000006183982,-133.000002503395));
#14696=CARTESIAN_POINT('Origin',(65.2500009201467,-31.749999281019,-138.000002503395));
#14697=CARTESIAN_POINT('',(65.2500009201467,-35.0000005190977,-133.000002503395));
#14698=CARTESIAN_POINT('',(65.2500009201467,-35.0000005190977,-138.000002503395));
#14699=CARTESIAN_POINT('',(65.2500009201467,-31.749999281019,-133.000002503395));
#14700=CARTESIAN_POINT('',(65.2500009201467,-31.749999281019,-133.000002503395));
#14701=CARTESIAN_POINT('',(65.2500009201467,-31.749999281019,-138.000002503395));
#14702=CARTESIAN_POINT('Origin',(63.2500008903444,-31.749999281019,-138.000002503395));
#14703=CARTESIAN_POINT('',(63.2500008903444,-31.749999281019,-133.000002503395));
#14704=CARTESIAN_POINT('',(63.2500008903444,-31.749999281019,-133.000002503395));
#14705=CARTESIAN_POINT('',(63.2500008903444,-31.749999281019,-138.000002503395));
#14706=CARTESIAN_POINT('Origin',(63.2500008903444,-35.2499993331731,-138.000002503395));
#14707=CARTESIAN_POINT('',(63.2500008903444,-35.2499993331731,-138.000002503395));
#14708=CARTESIAN_POINT('',(63.2500008903444,3.37500000558792,-138.000002503395));
#14709=CARTESIAN_POINT('',(63.2500008903444,-35.2499993331731,-133.000002503395));
#14710=CARTESIAN_POINT('',(63.2500008903444,-35.2499993331731,-133.000002503395));
#14711=CARTESIAN_POINT('',(63.2500008903444,-35.2499993331731,-138.000002503395));
#14712=CARTESIAN_POINT('Origin',(69.7500009872019,-35.2499993331731,-138.000002503395));
#14713=CARTESIAN_POINT('',(64.125000493601,-35.2499993331731,-138.000002503395));
#14714=CARTESIAN_POINT('',(69.7500009872019,-35.2499993331731,-133.000002503395));
#14715=CARTESIAN_POINT('',(69.7500009872019,-35.2499993331731,-133.000002503395));
#14716=CARTESIAN_POINT('',(69.7500009872019,-35.2499993331731,-138.000002503395));
#14717=CARTESIAN_POINT('Origin',(69.7500009872019,-31.749999281019,-138.000002503395));
#14718=CARTESIAN_POINT('',(69.7500009872019,-31.749999281019,-133.000002503395));
#14719=CARTESIAN_POINT('',(69.7500009872019,-31.749999281019,-133.000002503395));
#14720=CARTESIAN_POINT('',(69.7500009872019,-31.749999281019,-138.000002503395));
#14721=CARTESIAN_POINT('Origin',(67.7500009573996,-31.749999281019,-138.000002503395));
#14722=CARTESIAN_POINT('',(67.7500009573996,-31.749999281019,-133.000002503395));
#14723=CARTESIAN_POINT('',(63.2500008903444,-31.749999281019,-133.000002503395));
#14724=CARTESIAN_POINT('',(67.7500009573996,-31.749999281019,-138.000002503395));
#14725=CARTESIAN_POINT('Origin',(67.7500009573996,-35.0000005211335,-138.000002503395));
#14726=CARTESIAN_POINT('',(67.7500009573996,-35.0000005211335,-133.000002503395));
#14727=CARTESIAN_POINT('',(67.7500009573996,-35.2499993331731,-133.000002503395));
#14728=CARTESIAN_POINT('',(67.7500009573996,-35.0000005211335,-138.000002503395));
#14729=CARTESIAN_POINT('Origin',(65.2500009201467,-35.0000005190977,-138.000002503395));
#14730=CARTESIAN_POINT('',(68.25,-35.0000005215406,-133.000002503395));
#14731=CARTESIAN_POINT('Origin',(70.0000009387732,46.0000006854534,-138.000002503395));
#14732=CARTESIAN_POINT('',(66.5000008866191,46.0000006854534,-138.000002503395));
#14733=CARTESIAN_POINT('',(64.2500004693866,46.0000006854534,-138.000002503395));
#14734=CARTESIAN_POINT('',(66.5000008866191,46.0000006854534,-133.000002503395));
#14735=CARTESIAN_POINT('',(66.5000008866191,46.0000006854534,-138.000002503395));
#14736=CARTESIAN_POINT('',(70.0000009387732,46.0000006854534,-133.000002503395));
#14737=CARTESIAN_POINT('',(70.0000009387732,46.0000006854534,-133.000002503395));
#14738=CARTESIAN_POINT('',(70.0000009387732,46.0000006854534,-138.000002503395));
#14739=CARTESIAN_POINT('Origin',(70.0000009387732,48.0000007152557,-138.000002503395));
#14740=CARTESIAN_POINT('',(70.0000009387732,48.0000007152557,-133.000002503395));
#14741=CARTESIAN_POINT('',(70.0000009387732,48.0000007152557,-133.000002503395));
#14742=CARTESIAN_POINT('',(70.0000009387732,48.0000007152557,-138.000002503395));
#14743=CARTESIAN_POINT('Origin',(66.5000008866191,48.0000007152557,-138.000002503395));
#14744=CARTESIAN_POINT('',(66.5000008866191,48.0000007152557,-138.000002503395));
#14745=CARTESIAN_POINT('',(62.5000004433095,48.0000007152557,-138.000002503395));
#14746=CARTESIAN_POINT('',(66.5000008866191,48.0000007152557,-133.000002503395));
#14747=CARTESIAN_POINT('',(66.5000008866191,48.0000007152557,-133.000002503395));
#14748=CARTESIAN_POINT('',(66.5000008866191,48.0000007152557,-138.000002503395));
#14749=CARTESIAN_POINT('Origin',(66.5000008866191,46.0000006854534,-138.000002503395));
#14750=CARTESIAN_POINT('',(66.5000008866191,44.0000000149012,-138.000002503395));
#14751=CARTESIAN_POINT('',(66.5000008866191,41.5000006183982,-133.000002503395));
#14752=CARTESIAN_POINT('Origin',(69.7500009872019,-38.749999281019,-138.000002503395));
#14753=CARTESIAN_POINT('',(69.7500009872019,-42.2499993331731,-133.000002503395));
#14754=CARTESIAN_POINT('',(69.7500009872019,-42.2499993331731,-138.000002503395));
#14755=CARTESIAN_POINT('',(69.7500009872019,-38.749999281019,-133.000002503395));
#14756=CARTESIAN_POINT('',(69.7500009872019,-38.749999281019,-133.000002503395));
#14757=CARTESIAN_POINT('',(69.7500009872019,-38.749999281019,-138.000002503395));
#14758=CARTESIAN_POINT('Origin',(67.7500009573996,-38.749999281019,-138.000002503395));
#14759=CARTESIAN_POINT('',(67.7500009573996,-38.749999281019,-138.000002503395));
#14760=CARTESIAN_POINT('',(63.1250004786998,-38.749999281019,-138.000002503395));
#14761=CARTESIAN_POINT('',(67.7500009573996,-38.749999281019,-133.000002503395));
#14762=CARTESIAN_POINT('',(63.2500008903444,-38.749999281019,-133.000002503395));
#14763=CARTESIAN_POINT('',(67.7500009573996,-38.749999281019,-138.000002503395));
#14764=CARTESIAN_POINT('Origin',(67.7500009573996,-42.2499993331731,-138.000002503395));
#14765=CARTESIAN_POINT('',(67.7500009573996,-42.2499993331731,-138.000002503395));
#14766=CARTESIAN_POINT('',(67.7500009573996,-0.124999994412076,-138.000002503395));
#14767=CARTESIAN_POINT('',(67.7500009573996,-42.2499993331731,-133.000002503395));
#14768=CARTESIAN_POINT('',(67.7500009573996,-42.2499993331731,-133.000002503395));
#14769=CARTESIAN_POINT('',(67.7500009573996,-42.2499993331731,-138.000002503395));
#14770=CARTESIAN_POINT('Origin',(69.7500009872019,-42.2499993331731,-138.000002503395));
#14771=CARTESIAN_POINT('',(64.125000493601,-42.2499993331731,-138.000002503395));
#14772=CARTESIAN_POINT('',(69.7500009872019,-42.2499993331731,-133.000002503395));
#14773=CARTESIAN_POINT('Origin',(78.7500009573996,34.750000666827,-138.000002503395));
#14774=CARTESIAN_POINT('',(78.7500009573996,38.250000718981,-133.000002503395));
#14775=CARTESIAN_POINT('',(78.7500009573996,38.250000718981,-138.000002503395));
#14776=CARTESIAN_POINT('',(78.7500009573996,34.750000666827,-133.000002503395));
#14777=CARTESIAN_POINT('',(78.7500009573996,34.750000666827,-133.000002503395));
#14778=CARTESIAN_POINT('',(78.7500009573996,34.750000666827,-138.000002503395));
#14779=CARTESIAN_POINT('Origin',(80.7500009872019,34.750000666827,-138.000002503395));
#14780=CARTESIAN_POINT('',(80.7500009872019,34.750000666827,-133.000002503395));
#14781=CARTESIAN_POINT('',(80.7500009872019,34.750000666827,-133.000002503395));
#14782=CARTESIAN_POINT('',(80.7500009872019,34.750000666827,-138.000002503395));
#14783=CARTESIAN_POINT('Origin',(80.7500009872019,38.250000718981,-138.000002503395));
#14784=CARTESIAN_POINT('',(80.7500009872019,38.250000718981,-133.000002503395));
#14785=CARTESIAN_POINT('',(80.7500009872019,38.250000718981,-133.000002503395));
#14786=CARTESIAN_POINT('',(80.7500009872019,38.250000718981,-138.000002503395));
#14787=CARTESIAN_POINT('Origin',(78.7500009573996,38.250000718981,-138.000002503395));
#14788=CARTESIAN_POINT('',(74.2500008903444,38.250000718981,-133.000002503395));
#14789=CARTESIAN_POINT('Origin',(65.2500009201467,6.75000066682695,-138.000002503395));
#14790=CARTESIAN_POINT('',(63.2500008903444,6.75000066682695,-133.000002503395));
#14791=CARTESIAN_POINT('',(63.2500008903444,6.75000066682695,-138.000002503395));
#14792=CARTESIAN_POINT('',(65.2500009201467,6.75000066682695,-133.000002503395));
#14793=CARTESIAN_POINT('',(69.7500009872019,6.75000066682695,-133.000002503395));
#14794=CARTESIAN_POINT('',(65.2500009201467,6.75000066682695,-138.000002503395));
#14795=CARTESIAN_POINT('Origin',(65.2500009201467,10.250000718981,-138.000002503395));
#14796=CARTESIAN_POINT('',(65.2500009201467,10.250000718981,-133.000002503395));
#14797=CARTESIAN_POINT('',(65.2500009201467,10.250000718981,-133.000002503395));
#14798=CARTESIAN_POINT('',(65.2500009201467,10.250000718981,-138.000002503395));
#14799=CARTESIAN_POINT('Origin',(63.2500008903444,10.250000718981,-138.000002503395));
#14800=CARTESIAN_POINT('',(63.2500008903444,10.250000718981,-133.000002503395));
#14801=CARTESIAN_POINT('',(63.2500008903444,10.250000718981,-133.000002503395));
#14802=CARTESIAN_POINT('',(63.2500008903444,10.250000718981,-138.000002503395));
#14803=CARTESIAN_POINT('Origin',(63.2500008903444,6.75000066682695,-138.000002503395));
#14804=CARTESIAN_POINT('',(63.2500008903444,6.75000066682695,-133.000002503395));
#14805=CARTESIAN_POINT('Origin',(76.2500009201467,6.75000066682695,-138.000002503395));
#14806=CARTESIAN_POINT('',(74.2500008903444,6.75000066682695,-133.000002503395));
#14807=CARTESIAN_POINT('',(74.2500008903444,6.75000066682695,-138.000002503395));
#14808=CARTESIAN_POINT('',(76.2500009201467,6.75000066682695,-133.000002503395));
#14809=CARTESIAN_POINT('',(80.7500009872019,6.75000066682695,-133.000002503395));
#14810=CARTESIAN_POINT('',(76.2500009201467,6.75000066682695,-138.000002503395));
#14811=CARTESIAN_POINT('Origin',(76.2500009201467,10.250000718981,-138.000002503395));
#14812=CARTESIAN_POINT('',(76.2500009201467,10.250000718981,-133.000002503395));
#14813=CARTESIAN_POINT('',(76.2500009201467,10.250000718981,-133.000002503395));
#14814=CARTESIAN_POINT('',(76.2500009201467,10.250000718981,-138.000002503395));
#14815=CARTESIAN_POINT('Origin',(74.2500008903444,10.250000718981,-138.000002503395));
#14816=CARTESIAN_POINT('',(74.2500008903444,10.250000718981,-133.000002503395));
#14817=CARTESIAN_POINT('',(74.2500008903444,10.250000718981,-133.000002503395));
#14818=CARTESIAN_POINT('',(74.2500008903444,10.250000718981,-138.000002503395));
#14819=CARTESIAN_POINT('Origin',(74.2500008903444,6.75000066682695,-138.000002503395));
#14820=CARTESIAN_POINT('',(74.2500008903444,6.75000066682695,-133.000002503395));
#14821=CARTESIAN_POINT('Origin',(69.7500009872019,-17.749999281019,-138.000002503395));
#14822=CARTESIAN_POINT('',(69.7500009872019,-21.2499993331731,-133.000002503395));
#14823=CARTESIAN_POINT('',(69.7500009872019,-21.2499993331731,-138.000002503395));
#14824=CARTESIAN_POINT('',(69.7500009872019,-17.749999281019,-133.000002503395));
#14825=CARTESIAN_POINT('',(69.7500009872019,-17.749999281019,-133.000002503395));
#14826=CARTESIAN_POINT('',(69.7500009872019,-17.749999281019,-138.000002503395));
#14827=CARTESIAN_POINT('Origin',(67.7500009573996,-17.749999281019,-138.000002503395));
#14828=CARTESIAN_POINT('',(67.7500009573996,-17.749999281019,-133.000002503395));
#14829=CARTESIAN_POINT('',(63.2500008903444,-17.749999281019,-133.000002503395));
#14830=CARTESIAN_POINT('',(67.7500009573996,-17.749999281019,-138.000002503395));
#14831=CARTESIAN_POINT('Origin',(67.7500009573996,-21.2499993331731,-138.000002503395));
#14832=CARTESIAN_POINT('',(67.7500009573996,-21.2499993331731,-133.000002503395));
#14833=CARTESIAN_POINT('',(67.7500009573996,-21.2499993331731,-133.000002503395));
#14834=CARTESIAN_POINT('',(67.7500009573996,-21.2499993331731,-138.000002503395));
#14835=CARTESIAN_POINT('Origin',(69.7500009872019,-21.2499993331731,-138.000002503395));
#14836=CARTESIAN_POINT('',(69.7500009872019,-21.2499993331731,-133.000002503395));
#14837=CARTESIAN_POINT('Origin',(76.2500009201467,-21.2499993331731,-138.000002503395));
#14838=CARTESIAN_POINT('',(74.2500008903444,-21.2499993331731,-133.000002503395));
#14839=CARTESIAN_POINT('',(74.2500008903444,-21.2499993331731,-138.000002503395));
#14840=CARTESIAN_POINT('',(76.2500009201467,-21.2499993331731,-133.000002503395));
#14841=CARTESIAN_POINT('',(80.7500009872019,-21.2499993331731,-133.000002503395));
#14842=CARTESIAN_POINT('',(76.2500009201467,-21.2499993331731,-138.000002503395));
#14843=CARTESIAN_POINT('Origin',(76.2500009201467,-17.749999281019,-138.000002503395));
#14844=CARTESIAN_POINT('',(76.2500009201467,-17.749999281019,-133.000002503395));
#14845=CARTESIAN_POINT('',(76.2500009201467,-17.749999281019,-133.000002503395));
#14846=CARTESIAN_POINT('',(76.2500009201467,-17.749999281019,-138.000002503395));
#14847=CARTESIAN_POINT('Origin',(74.2500008903444,-17.749999281019,-138.000002503395));
#14848=CARTESIAN_POINT('',(74.2500008903444,-17.749999281019,-133.000002503395));
#14849=CARTESIAN_POINT('',(74.2500008903444,-17.749999281019,-133.000002503395));
#14850=CARTESIAN_POINT('',(74.2500008903444,-17.749999281019,-138.000002503395));
#14851=CARTESIAN_POINT('Origin',(74.2500008903444,-21.2499993331731,-138.000002503395));
#14852=CARTESIAN_POINT('',(74.2500008903444,-21.2499993331731,-133.000002503395));
#14853=CARTESIAN_POINT('Origin',(76.2500009201467,-14.2499993331731,-138.000002503395));
#14854=CARTESIAN_POINT('',(74.2500008903444,-14.2499993331731,-133.000002503395));
#14855=CARTESIAN_POINT('',(74.2500008903444,-14.2499993331731,-138.000002503395));
#14856=CARTESIAN_POINT('',(76.2500009201467,-14.2499993331731,-133.000002503395));
#14857=CARTESIAN_POINT('',(80.7500009872019,-14.2499993331731,-133.000002503395));
#14858=CARTESIAN_POINT('',(76.2500009201467,-14.2499993331731,-138.000002503395));
#14859=CARTESIAN_POINT('Origin',(76.2500009201467,-10.749999281019,-138.000002503395));
#14860=CARTESIAN_POINT('',(76.2500009201467,-10.749999281019,-133.000002503395));
#14861=CARTESIAN_POINT('',(76.2500009201467,-10.749999281019,-133.000002503395));
#14862=CARTESIAN_POINT('',(76.2500009201467,-10.749999281019,-138.000002503395));
#14863=CARTESIAN_POINT('Origin',(74.2500008903444,-10.749999281019,-138.000002503395));
#14864=CARTESIAN_POINT('',(74.2500008903444,-10.749999281019,-133.000002503395));
#14865=CARTESIAN_POINT('',(74.2500008903444,-10.749999281019,-133.000002503395));
#14866=CARTESIAN_POINT('',(74.2500008903444,-10.749999281019,-138.000002503395));
#14867=CARTESIAN_POINT('Origin',(74.2500008903444,-14.2499993331731,-138.000002503395));
#14868=CARTESIAN_POINT('',(74.2500008903444,-14.2499993331731,-133.000002503395));
#14869=CARTESIAN_POINT('Origin',(69.7500009872019,10.250000718981,-138.000002503395));
#14870=CARTESIAN_POINT('',(69.7500009872019,6.75000066682695,-133.000002503395));
#14871=CARTESIAN_POINT('',(69.7500009872019,6.75000066682695,-138.000002503395));
#14872=CARTESIAN_POINT('',(69.7500009872019,10.250000718981,-133.000002503395));
#14873=CARTESIAN_POINT('',(69.7500009872019,10.250000718981,-133.000002503395));
#14874=CARTESIAN_POINT('',(69.7500009872019,10.250000718981,-138.000002503395));
#14875=CARTESIAN_POINT('Origin',(67.7500009573996,10.250000718981,-138.000002503395));
#14876=CARTESIAN_POINT('',(67.7500009573996,10.250000718981,-133.000002503395));
#14877=CARTESIAN_POINT('',(63.2500008903444,10.250000718981,-133.000002503395));
#14878=CARTESIAN_POINT('',(67.7500009573996,10.250000718981,-138.000002503395));
#14879=CARTESIAN_POINT('Origin',(67.7500009573996,6.75000066682695,-138.000002503395));
#14880=CARTESIAN_POINT('',(67.7500009573996,6.75000066682695,-133.000002503395));
#14881=CARTESIAN_POINT('',(67.7500009573996,6.75000066682695,-133.000002503395));
#14882=CARTESIAN_POINT('',(67.7500009573996,6.75000066682695,-138.000002503395));
#14883=CARTESIAN_POINT('Origin',(69.7500009872019,6.75000066682695,-138.000002503395));
#14884=CARTESIAN_POINT('',(69.7500009872019,6.75000066682695,-133.000002503395));
#14885=CARTESIAN_POINT('Origin',(76.2500009201467,-42.2499993331731,-138.000002503395));
#14886=CARTESIAN_POINT('',(74.2500008903444,-42.2499993331731,-133.000002503395));
#14887=CARTESIAN_POINT('',(74.2500008903444,-42.2499993331731,-138.000002503395));
#14888=CARTESIAN_POINT('',(76.2500009201467,-42.2499993331731,-133.000002503395));
#14889=CARTESIAN_POINT('',(80.7500009872019,-42.2499993331731,-133.000002503395));
#14890=CARTESIAN_POINT('',(76.2500009201467,-42.2499993331731,-138.000002503395));
#14891=CARTESIAN_POINT('Origin',(76.2500009201467,-38.749999281019,-138.000002503395));
#14892=CARTESIAN_POINT('',(76.2500009201467,-38.749999281019,-133.000002503395));
#14893=CARTESIAN_POINT('',(76.2500009201467,-38.749999281019,-133.000002503395));
#14894=CARTESIAN_POINT('',(76.2500009201467,-38.749999281019,-138.000002503395));
#14895=CARTESIAN_POINT('Origin',(74.2500008903444,-38.749999281019,-138.000002503395));
#14896=CARTESIAN_POINT('',(74.2500008903444,-38.749999281019,-133.000002503395));
#14897=CARTESIAN_POINT('',(74.2500008903444,-38.749999281019,-133.000002503395));
#14898=CARTESIAN_POINT('',(74.2500008903444,-38.749999281019,-138.000002503395));
#14899=CARTESIAN_POINT('Origin',(74.2500008903444,-42.2499993331731,-138.000002503395));
#14900=CARTESIAN_POINT('',(74.2500008903444,-42.2499993331731,-133.000002503395));
#14901=CARTESIAN_POINT('Origin',(67.7500009573996,20.7500006668269,-138.000002503395));
#14902=CARTESIAN_POINT('',(67.7500009573996,24.250000718981,-133.000002503395));
#14903=CARTESIAN_POINT('',(67.7500009573996,24.250000718981,-138.000002503395));
#14904=CARTESIAN_POINT('',(67.7500009573996,20.7500006668269,-133.000002503395));
#14905=CARTESIAN_POINT('',(67.7500009573996,20.7500006668269,-133.000002503395));
#14906=CARTESIAN_POINT('',(67.7500009573996,20.7500006668269,-138.000002503395));
#14907=CARTESIAN_POINT('Origin',(69.7500009872019,20.7500006668269,-138.000002503395));
#14908=CARTESIAN_POINT('',(69.7500009872019,20.7500006668269,-133.000002503395));
#14909=CARTESIAN_POINT('',(69.7500009872019,20.7500006668269,-133.000002503395));
#14910=CARTESIAN_POINT('',(69.7500009872019,20.7500006668269,-138.000002503395));
#14911=CARTESIAN_POINT('Origin',(69.7500009872019,24.250000718981,-138.000002503395));
#14912=CARTESIAN_POINT('',(69.7500009872019,24.250000718981,-133.000002503395));
#14913=CARTESIAN_POINT('',(69.7500009872019,24.250000718981,-133.000002503395));
#14914=CARTESIAN_POINT('',(69.7500009872019,24.250000718981,-138.000002503395));
#14915=CARTESIAN_POINT('Origin',(67.7500009573996,24.250000718981,-138.000002503395));
#14916=CARTESIAN_POINT('',(63.2500008903444,24.250000718981,-133.000002503395));
#14917=CARTESIAN_POINT('Origin',(80.7500009872019,-31.749999281019,-138.000002503395));
#14918=CARTESIAN_POINT('',(80.7500009872019,-35.2499993331731,-133.000002503395));
#14919=CARTESIAN_POINT('',(80.7500009872019,-35.2499993331731,-138.000002503395));
#14920=CARTESIAN_POINT('',(80.7500009872019,-31.749999281019,-133.000002503395));
#14921=CARTESIAN_POINT('',(80.7500009872019,-31.749999281019,-133.000002503395));
#14922=CARTESIAN_POINT('',(80.7500009872019,-31.749999281019,-138.000002503395));
#14923=CARTESIAN_POINT('Origin',(78.7500009573996,-31.749999281019,-138.000002503395));
#14924=CARTESIAN_POINT('',(78.7500009573996,-31.749999281019,-133.000002503395));
#14925=CARTESIAN_POINT('',(74.2500008903444,-31.749999281019,-133.000002503395));
#14926=CARTESIAN_POINT('',(78.7500009573996,-31.749999281019,-138.000002503395));
#14927=CARTESIAN_POINT('Origin',(78.7500009573996,-35.2499993331731,-138.000002503395));
#14928=CARTESIAN_POINT('',(78.7500009573996,-35.2499993331731,-133.000002503395));
#14929=CARTESIAN_POINT('',(78.7500009573996,-35.2499993331731,-133.000002503395));
#14930=CARTESIAN_POINT('',(78.7500009573996,-35.2499993331731,-138.000002503395));
#14931=CARTESIAN_POINT('Origin',(80.7500009872019,-35.2499993331731,-138.000002503395));
#14932=CARTESIAN_POINT('',(80.7500009872019,-35.2499993331731,-133.000002503395));
#14933=CARTESIAN_POINT('Origin',(69.7500009872019,-24.749999281019,-138.000002503395));
#14934=CARTESIAN_POINT('',(69.7500009872019,-28.2499993331731,-133.000002503395));
#14935=CARTESIAN_POINT('',(69.7500009872019,-28.2499993331731,-138.000002503395));
#14936=CARTESIAN_POINT('',(69.7500009872019,-24.749999281019,-133.000002503395));
#14937=CARTESIAN_POINT('',(69.7500009872019,-24.749999281019,-133.000002503395));
#14938=CARTESIAN_POINT('',(69.7500009872019,-24.749999281019,-138.000002503395));
#14939=CARTESIAN_POINT('Origin',(67.7500009573996,-24.749999281019,-138.000002503395));
#14940=CARTESIAN_POINT('',(67.7500009573996,-24.749999281019,-133.000002503395));
#14941=CARTESIAN_POINT('',(63.2500008903444,-24.749999281019,-133.000002503395));
#14942=CARTESIAN_POINT('',(67.7500009573996,-24.749999281019,-138.000002503395));
#14943=CARTESIAN_POINT('Origin',(67.7500009573996,-28.2499993331731,-138.000002503395));
#14944=CARTESIAN_POINT('',(67.7500009573996,-28.2499993331731,-133.000002503395));
#14945=CARTESIAN_POINT('',(67.7500009573996,-28.2499993331731,-133.000002503395));
#14946=CARTESIAN_POINT('',(67.7500009573996,-28.2499993331731,-138.000002503395));
#14947=CARTESIAN_POINT('Origin',(69.7500009872019,-28.2499993331731,-138.000002503395));
#14948=CARTESIAN_POINT('',(69.7500009872019,-28.2499993331731,-133.000002503395));
#14949=CARTESIAN_POINT('Origin',(74.2500008903444,27.750000666827,-138.000002503395));
#14950=CARTESIAN_POINT('',(74.2500008903444,31.250000718981,-133.000002503395));
#14951=CARTESIAN_POINT('',(74.2500008903444,31.250000718981,-138.000002503395));
#14952=CARTESIAN_POINT('',(74.2500008903444,27.750000666827,-133.000002503395));
#14953=CARTESIAN_POINT('',(74.2500008903444,27.750000666827,-133.000002503395));
#14954=CARTESIAN_POINT('',(74.2500008903444,27.750000666827,-138.000002503395));
#14955=CARTESIAN_POINT('Origin',(76.2500009201467,27.750000666827,-138.000002503395));
#14956=CARTESIAN_POINT('',(76.2500009201467,27.750000666827,-133.000002503395));
#14957=CARTESIAN_POINT('',(80.7500009872019,27.750000666827,-133.000002503395));
#14958=CARTESIAN_POINT('',(76.2500009201467,27.750000666827,-138.000002503395));
#14959=CARTESIAN_POINT('Origin',(76.2500009201467,31.250000718981,-138.000002503395));
#14960=CARTESIAN_POINT('',(76.2500009201467,31.250000718981,-133.000002503395));
#14961=CARTESIAN_POINT('',(76.2500009201467,31.250000718981,-133.000002503395));
#14962=CARTESIAN_POINT('',(76.2500009201467,31.250000718981,-138.000002503395));
#14963=CARTESIAN_POINT('Origin',(74.2500008903444,31.250000718981,-138.000002503395));
#14964=CARTESIAN_POINT('',(74.2500008903444,31.250000718981,-133.000002503395));
#14965=CARTESIAN_POINT('Origin',(65.2500009201467,-42.2499993331731,-138.000002503395));
#14966=CARTESIAN_POINT('',(63.2500008903444,-42.2499993331731,-138.000002503395));
#14967=CARTESIAN_POINT('',(65.2500009201467,-42.2499993331731,-138.000002503395));
#14968=CARTESIAN_POINT('',(61.8750004600734,-42.2499993331731,-138.000002503395));
#14969=CARTESIAN_POINT('',(63.2500008903444,-42.2499993331731,-133.000002503395));
#14970=CARTESIAN_POINT('',(63.2500008903444,-42.2499993331731,-138.000002503395));
#14971=CARTESIAN_POINT('',(65.2500009201467,-42.2499993331731,-133.000002503395));
#14972=CARTESIAN_POINT('',(69.7500009872019,-42.2499993331731,-133.000002503395));
#14973=CARTESIAN_POINT('',(65.2500009201467,-42.2499993331731,-138.000002503395));
#14974=CARTESIAN_POINT('Origin',(65.2500009201467,-38.749999281019,-138.000002503395));
#14975=CARTESIAN_POINT('',(65.2500009201467,-38.749999281019,-138.000002503395));
#14976=CARTESIAN_POINT('',(65.2500009201467,1.62500003166496,-138.000002503395));
#14977=CARTESIAN_POINT('',(65.2500009201467,-38.749999281019,-133.000002503395));
#14978=CARTESIAN_POINT('',(65.2500009201467,-38.749999281019,-133.000002503395));
#14979=CARTESIAN_POINT('',(65.2500009201467,-38.749999281019,-138.000002503395));
#14980=CARTESIAN_POINT('Origin',(63.2500008903444,-38.749999281019,-138.000002503395));
#14981=CARTESIAN_POINT('',(63.2500008903444,-38.749999281019,-138.000002503395));
#14982=CARTESIAN_POINT('',(60.8750004451722,-38.749999281019,-138.000002503395));
#14983=CARTESIAN_POINT('',(63.2500008903444,-38.749999281019,-133.000002503395));
#14984=CARTESIAN_POINT('',(63.2500008903444,-38.749999281019,-133.000002503395));
#14985=CARTESIAN_POINT('',(63.2500008903444,-38.749999281019,-138.000002503395));
#14986=CARTESIAN_POINT('Origin',(63.2500008903444,-42.2499993331731,-138.000002503395));
#14987=CARTESIAN_POINT('',(63.2500008903444,-0.124999994412076,-138.000002503395));
#14988=CARTESIAN_POINT('',(63.2500008903444,-42.2499993331731,-133.000002503395));
#14989=CARTESIAN_POINT('Origin',(69.7500009872019,-3.74999928101899,-138.000002503395));
#14990=CARTESIAN_POINT('',(69.7500009872019,-7.24999933317305,-133.000002503395));
#14991=CARTESIAN_POINT('',(69.7500009872019,-7.24999933317305,-138.000002503395));
#14992=CARTESIAN_POINT('',(69.7500009872019,-3.74999928101899,-133.000002503395));
#14993=CARTESIAN_POINT('',(69.7500009872019,-3.74999928101899,-133.000002503395));
#14994=CARTESIAN_POINT('',(69.7500009872019,-3.74999928101899,-138.000002503395));
#14995=CARTESIAN_POINT('Origin',(67.7500009573996,-3.74999928101899,-138.000002503395));
#14996=CARTESIAN_POINT('',(67.7500009573996,-3.74999928101899,-133.000002503395));
#14997=CARTESIAN_POINT('',(63.2500008903444,-3.74999928101899,-133.000002503395));
#14998=CARTESIAN_POINT('',(67.7500009573996,-3.74999928101899,-138.000002503395));
#14999=CARTESIAN_POINT('Origin',(67.7500009573996,-7.24999933317305,-138.000002503395));
#15000=CARTESIAN_POINT('',(67.7500009573996,-7.24999933317305,-133.000002503395));
#15001=CARTESIAN_POINT('',(67.7500009573996,-7.24999933317305,-133.000002503395));
#15002=CARTESIAN_POINT('',(67.7500009573996,-7.24999933317305,-138.000002503395));
#15003=CARTESIAN_POINT('Origin',(69.7500009872019,-7.24999933317305,-138.000002503395));
#15004=CARTESIAN_POINT('',(69.7500009872019,-7.24999933317305,-133.000002503395));
#15005=CARTESIAN_POINT('Origin',(76.2500009201467,-28.2499993331731,-138.000002503395));
#15006=CARTESIAN_POINT('',(74.2500008903444,-28.2499993331731,-133.000002503395));
#15007=CARTESIAN_POINT('',(74.2500008903444,-28.2499993331731,-138.000002503395));
#15008=CARTESIAN_POINT('',(76.2500009201467,-28.2499993331731,-133.000002503395));
#15009=CARTESIAN_POINT('',(80.7500009872019,-28.2499993331731,-133.000002503395));
#15010=CARTESIAN_POINT('',(76.2500009201467,-28.2499993331731,-138.000002503395));
#15011=CARTESIAN_POINT('Origin',(76.2500009201467,-24.749999281019,-138.000002503395));
#15012=CARTESIAN_POINT('',(76.2500009201467,-24.749999281019,-133.000002503395));
#15013=CARTESIAN_POINT('',(76.2500009201467,-24.749999281019,-133.000002503395));
#15014=CARTESIAN_POINT('',(76.2500009201467,-24.749999281019,-138.000002503395));
#15015=CARTESIAN_POINT('Origin',(74.2500008903444,-24.749999281019,-138.000002503395));
#15016=CARTESIAN_POINT('',(74.2500008903444,-24.749999281019,-133.000002503395));
#15017=CARTESIAN_POINT('',(74.2500008903444,-24.749999281019,-133.000002503395));
#15018=CARTESIAN_POINT('',(74.2500008903444,-24.749999281019,-138.000002503395));
#15019=CARTESIAN_POINT('Origin',(74.2500008903444,-28.2499993331731,-138.000002503395));
#15020=CARTESIAN_POINT('',(74.2500008903444,-28.2499993331731,-133.000002503395));
#15021=CARTESIAN_POINT('Origin',(80.7500009872019,-3.74999928101899,-138.000002503395));
#15022=CARTESIAN_POINT('',(80.7500009872019,-7.24999933317305,-133.000002503395));
#15023=CARTESIAN_POINT('',(80.7500009872019,-7.24999933317305,-138.000002503395));
#15024=CARTESIAN_POINT('',(80.7500009872019,-3.74999928101899,-133.000002503395));
#15025=CARTESIAN_POINT('',(80.7500009872019,-3.74999928101899,-133.000002503395));
#15026=CARTESIAN_POINT('',(80.7500009872019,-3.74999928101899,-138.000002503395));
#15027=CARTESIAN_POINT('Origin',(78.7500009573996,-3.74999928101899,-138.000002503395));
#15028=CARTESIAN_POINT('',(78.7500009573996,-3.74999928101899,-133.000002503395));
#15029=CARTESIAN_POINT('',(74.2500008903444,-3.74999928101899,-133.000002503395));
#15030=CARTESIAN_POINT('',(78.7500009573996,-3.74999928101899,-138.000002503395));
#15031=CARTESIAN_POINT('Origin',(78.7500009573996,-7.24999933317305,-138.000002503395));
#15032=CARTESIAN_POINT('',(78.7500009573996,-7.24999933317305,-133.000002503395));
#15033=CARTESIAN_POINT('',(78.7500009573996,-7.24999933317305,-133.000002503395));
#15034=CARTESIAN_POINT('',(78.7500009573996,-7.24999933317305,-138.000002503395));
#15035=CARTESIAN_POINT('Origin',(80.7500009872019,-7.24999933317305,-138.000002503395));
#15036=CARTESIAN_POINT('',(80.7500009872019,-7.24999933317305,-133.000002503395));
#15037=CARTESIAN_POINT('Origin',(80.7500009872019,10.250000718981,-138.000002503395));
#15038=CARTESIAN_POINT('',(80.7500009872019,6.75000066682695,-133.000002503395));
#15039=CARTESIAN_POINT('',(80.7500009872019,6.75000066682695,-138.000002503395));
#15040=CARTESIAN_POINT('',(80.7500009872019,10.250000718981,-133.000002503395));
#15041=CARTESIAN_POINT('',(80.7500009872019,10.250000718981,-133.000002503395));
#15042=CARTESIAN_POINT('',(80.7500009872019,10.250000718981,-138.000002503395));
#15043=CARTESIAN_POINT('Origin',(78.7500009573996,10.250000718981,-138.000002503395));
#15044=CARTESIAN_POINT('',(78.7500009573996,10.250000718981,-133.000002503395));
#15045=CARTESIAN_POINT('',(74.2500008903444,10.250000718981,-133.000002503395));
#15046=CARTESIAN_POINT('',(78.7500009573996,10.250000718981,-138.000002503395));
#15047=CARTESIAN_POINT('Origin',(78.7500009573996,6.75000066682695,-138.000002503395));
#15048=CARTESIAN_POINT('',(78.7500009573996,6.75000066682695,-133.000002503395));
#15049=CARTESIAN_POINT('',(78.7500009573996,6.75000066682695,-133.000002503395));
#15050=CARTESIAN_POINT('',(78.7500009573996,6.75000066682695,-138.000002503395));
#15051=CARTESIAN_POINT('Origin',(80.7500009872019,6.75000066682695,-138.000002503395));
#15052=CARTESIAN_POINT('',(80.7500009872019,6.75000066682695,-133.000002503395));
#15053=CARTESIAN_POINT('Origin',(80.7500009872019,-17.749999281019,-138.000002503395));
#15054=CARTESIAN_POINT('',(80.7500009872019,-21.2499993331731,-133.000002503395));
#15055=CARTESIAN_POINT('',(80.7500009872019,-21.2499993331731,-138.000002503395));
#15056=CARTESIAN_POINT('',(80.7500009872019,-17.749999281019,-133.000002503395));
#15057=CARTESIAN_POINT('',(80.7500009872019,-17.749999281019,-133.000002503395));
#15058=CARTESIAN_POINT('',(80.7500009872019,-17.749999281019,-138.000002503395));
#15059=CARTESIAN_POINT('Origin',(78.7500009573996,-17.749999281019,-138.000002503395));
#15060=CARTESIAN_POINT('',(78.7500009573996,-17.749999281019,-133.000002503395));
#15061=CARTESIAN_POINT('',(74.2500008903444,-17.749999281019,-133.000002503395));
#15062=CARTESIAN_POINT('',(78.7500009573996,-17.749999281019,-138.000002503395));
#15063=CARTESIAN_POINT('Origin',(78.7500009573996,-21.2499993331731,-138.000002503395));
#15064=CARTESIAN_POINT('',(78.7500009573996,-21.2499993331731,-133.000002503395));
#15065=CARTESIAN_POINT('',(78.7500009573996,-21.2499993331731,-133.000002503395));
#15066=CARTESIAN_POINT('',(78.7500009573996,-21.2499993331731,-138.000002503395));
#15067=CARTESIAN_POINT('Origin',(80.7500009872019,-21.2499993331731,-138.000002503395));
#15068=CARTESIAN_POINT('',(80.7500009872019,-21.2499993331731,-133.000002503395));
#15069=CARTESIAN_POINT('Origin',(80.7500009872019,3.25000071898101,-138.000002503395));
#15070=CARTESIAN_POINT('',(80.7500009872019,-0.249999333173054,-133.000002503395));
#15071=CARTESIAN_POINT('',(80.7500009872019,-0.249999333173054,-138.000002503395));
#15072=CARTESIAN_POINT('',(80.7500009872019,3.25000071898101,-133.000002503395));
#15073=CARTESIAN_POINT('',(80.7500009872019,3.25000071898101,-133.000002503395));
#15074=CARTESIAN_POINT('',(80.7500009872019,3.25000071898101,-138.000002503395));
#15075=CARTESIAN_POINT('Origin',(78.7500009573996,3.25000071898101,-138.000002503395));
#15076=CARTESIAN_POINT('',(78.7500009573996,3.25000071898101,-133.000002503395));
#15077=CARTESIAN_POINT('',(74.2500008903444,3.25000071898101,-133.000002503395));
#15078=CARTESIAN_POINT('',(78.7500009573996,3.25000071898101,-138.000002503395));
#15079=CARTESIAN_POINT('Origin',(78.7500009573996,-0.249999333173054,-138.000002503395));
#15080=CARTESIAN_POINT('',(78.7500009573996,-0.249999333173054,-133.000002503395));
#15081=CARTESIAN_POINT('',(78.7500009573996,-0.249999333173054,-133.000002503395));
#15082=CARTESIAN_POINT('',(78.7500009573996,-0.249999333173054,-138.000002503395));
#15083=CARTESIAN_POINT('Origin',(80.7500009872019,-0.249999333173054,-138.000002503395));
#15084=CARTESIAN_POINT('',(80.7500009872019,-0.249999333173054,-133.000002503395));
#15085=CARTESIAN_POINT('Origin',(76.2500009201467,34.750000666827,-138.000002503395));
#15086=CARTESIAN_POINT('',(74.2500008903444,34.750000666827,-133.000002503395));
#15087=CARTESIAN_POINT('',(74.2500008903444,34.750000666827,-138.000002503395));
#15088=CARTESIAN_POINT('',(76.2500009201467,34.750000666827,-133.000002503395));
#15089=CARTESIAN_POINT('',(80.7500009872019,34.750000666827,-133.000002503395));
#15090=CARTESIAN_POINT('',(76.2500009201467,34.750000666827,-138.000002503395));
#15091=CARTESIAN_POINT('Origin',(76.2500009201467,38.250000718981,-138.000002503395));
#15092=CARTESIAN_POINT('',(76.2500009201467,38.250000718981,-133.000002503395));
#15093=CARTESIAN_POINT('',(76.2500009201467,38.250000718981,-133.000002503395));
#15094=CARTESIAN_POINT('',(76.2500009201467,38.250000718981,-138.000002503395));
#15095=CARTESIAN_POINT('Origin',(74.2500008903444,38.250000718981,-138.000002503395));
#15096=CARTESIAN_POINT('',(74.2500008903444,38.250000718981,-133.000002503395));
#15097=CARTESIAN_POINT('',(74.2500008903444,38.250000718981,-133.000002503395));
#15098=CARTESIAN_POINT('',(74.2500008903444,38.250000718981,-138.000002503395));
#15099=CARTESIAN_POINT('Origin',(74.2500008903444,34.750000666827,-138.000002503395));
#15100=CARTESIAN_POINT('',(74.2500008903444,34.750000666827,-133.000002503395));
#15101=CARTESIAN_POINT('Origin',(65.2500009201467,24.250000718981,-138.000002503395));
#15102=CARTESIAN_POINT('',(65.2500009201467,20.7500006668269,-133.000002503395));
#15103=CARTESIAN_POINT('',(65.2500009201467,20.7500006668269,-138.000002503395));
#15104=CARTESIAN_POINT('',(65.2500009201467,24.250000718981,-133.000002503395));
#15105=CARTESIAN_POINT('',(65.2500009201467,24.250000718981,-133.000002503395));
#15106=CARTESIAN_POINT('',(65.2500009201467,24.250000718981,-138.000002503395));
#15107=CARTESIAN_POINT('Origin',(63.2500008903444,24.250000718981,-138.000002503395));
#15108=CARTESIAN_POINT('',(63.2500008903444,24.250000718981,-133.000002503395));
#15109=CARTESIAN_POINT('',(63.2500008903444,24.250000718981,-133.000002503395));
#15110=CARTESIAN_POINT('',(63.2500008903444,24.250000718981,-138.000002503395));
#15111=CARTESIAN_POINT('Origin',(63.2500008903444,20.7500006668269,-138.000002503395));
#15112=CARTESIAN_POINT('',(63.2500008903444,20.7500006668269,-133.000002503395));
#15113=CARTESIAN_POINT('',(63.2500008903444,20.7500006668269,-133.000002503395));
#15114=CARTESIAN_POINT('',(63.2500008903444,20.7500006668269,-138.000002503395));
#15115=CARTESIAN_POINT('Origin',(65.2500009201467,20.7500006668269,-138.000002503395));
#15116=CARTESIAN_POINT('',(69.7500009872019,20.7500006668269,-133.000002503395));
#15117=CARTESIAN_POINT('Origin',(83.500001244247,-44.0000006556511,-138.000002503395));
#15118=CARTESIAN_POINT('',(83.500001244247,50.9999994784594,-133.000002503395));
#15119=CARTESIAN_POINT('',(83.500001244247,50.9999994784594,-138.000002503395));
#15120=CARTESIAN_POINT('',(83.500001244247,-44.0000006556511,-133.000002503395));
#15121=CARTESIAN_POINT('',(83.500001244247,50.9999994784594,-133.000002503395));
#15122=CARTESIAN_POINT('',(83.500001244247,-44.0000006556511,-138.000002503395));
#15123=CARTESIAN_POINT('Origin',(71.0000006221235,3.49999941140413,-133.000002503395));
#15124=CARTESIAN_POINT('',(58.5,50.9999994784594,-133.000002503395));
#15125=CARTESIAN_POINT('',(58.5,-44.0000006556511,-133.000002503395));
#15126=CARTESIAN_POINT('',(58.5,50.9999994784594,-133.000002503395));
#15127=CARTESIAN_POINT('',(83.500001244247,-44.0000006556511,-133.000002503395));
#15128=CARTESIAN_POINT('',(58.5,50.9999994784594,-133.000002503395));
#15129=CARTESIAN_POINT('Origin',(58.5,41.9999993443489,-138.000002503395));
#15130=CARTESIAN_POINT('Origin',(58.5,41.9999993443489,-138.000002503395));
#15131=CARTESIAN_POINT('Origin',(58.5,41.9999993443489,-138.000002503395));
#15132=CARTESIAN_POINT('',(68.25,-35.0000005215406,-138.000002503395));
#15133=CARTESIAN_POINT('',(68.25,-37.2500005550683,-138.000002503395));
#15134=CARTESIAN_POINT('',(58.5,-35.0000005215406,-138.000002503395));
#15135=CARTESIAN_POINT('',(58.5,-35.0000005215406,-138.000002503395));
#15136=CARTESIAN_POINT('',(58.5,-35.0000005215406,-138.000002503395));
#15137=CARTESIAN_POINT('Origin',(58.5,41.9999993443489,-138.000002503395));
#15138=CARTESIAN_POINT('',(68.25,-37.2500005550683,-138.000002503395));
#15139=CARTESIAN_POINT('Origin',(58.5,41.9999993443489,-138.000002503395));
#15140=CARTESIAN_POINT('',(68.25,48.7499994449317,-138.000002503395));
#15141=CARTESIAN_POINT('Origin',(58.5,41.9999993443489,-138.000002503395));
#15142=CARTESIAN_POINT('',(68.25,41.9999993443489,-138.000002503395));
#15143=CARTESIAN_POINT('',(58.5,41.9999993443489,-138.000002503395));
#15144=CARTESIAN_POINT('',(68.25,48.7499994449317,-138.000002503395));
#15145=CARTESIAN_POINT('Origin',(58.5,41.9999993443489,-138.000002503395));
#15146=CARTESIAN_POINT('',(61.0000009094206,42.0000006317526,-138.000002637506));
#15147=CARTESIAN_POINT('',(61.0000009094206,-35.0000005156368,-138.000002637506));
#15148=CARTESIAN_POINT('',(58.5,41.9999993443489,-138.000002503395));
#15149=CARTESIAN_POINT('Origin',(124.969044595041,-42.8885119735629,-51.7619914805788));
#15150=CARTESIAN_POINT('',(125.969044595041,-42.8885119735629,-53.));
#15151=CARTESIAN_POINT('Origin',(124.969044595041,-42.8885119735629,-53.));
#15152=CARTESIAN_POINT('',(125.969044595041,-42.8885119735629,-50.2619914805788));
#15153=CARTESIAN_POINT('',(125.969044595041,-42.8885119735629,-51.7619914805788));
#15154=CARTESIAN_POINT('Origin',(124.969044595041,-42.8885119735629,-50.2619914805788));
#15155=CARTESIAN_POINT('Origin',(124.969044595041,-42.8885119735629,-50.2619914805788));
#15156=CARTESIAN_POINT('Origin',(124.969044595041,-28.4885119735629,-51.7619914805788));
#15157=CARTESIAN_POINT('',(125.969044595041,-28.4885119735629,-53.));
#15158=CARTESIAN_POINT('Origin',(124.969044595041,-28.4885119735629,-53.));
#15159=CARTESIAN_POINT('',(125.969044595041,-28.4885119735629,-50.2619914805788));
#15160=CARTESIAN_POINT('',(125.969044595041,-28.4885119735629,-51.7619914805788));
#15161=CARTESIAN_POINT('Origin',(124.969044595041,-28.4885119735629,-50.2619914805788));
#15162=CARTESIAN_POINT('Origin',(124.969044595041,-28.4885119735629,-50.2619914805788));
#15163=CARTESIAN_POINT('Origin',(127.969044595041,-37.9885119735629,-50.7619914805788));
#15164=CARTESIAN_POINT('',(127.969044595041,-37.9885119735629,-49.9999914805788));
#15165=CARTESIAN_POINT('',(127.969044595041,-37.9885119735629,-52.9999914805788));
#15166=CARTESIAN_POINT('',(127.969044595041,-37.9885119735629,-50.7619914805788));
#15167=CARTESIAN_POINT('',(127.969044595041,-33.388511973631,-49.9999914805788));
#15168=CARTESIAN_POINT('',(127.969044595041,-39.4942562922553,-50.));
#15169=CARTESIAN_POINT('',(127.969044595041,-33.388511973631,-52.9999914805788));
#15170=CARTESIAN_POINT('',(127.969044595041,-33.388511973631,-50.7619914805788));
#15171=CARTESIAN_POINT('',(127.969044595041,-32.1942562177835,-53.));
#15172=CARTESIAN_POINT('Origin',(124.969044595041,-37.9885119735629,-50.7619914805788));
#15173=CARTESIAN_POINT('',(121.969044595041,-37.9885119735629,-49.9999914805788));
#15174=CARTESIAN_POINT('',(121.969044595041,-37.9885119735629,-52.9999914805788));
#15175=CARTESIAN_POINT('',(121.969044595041,-37.9885119735629,-50.7619914805788));
#15176=CARTESIAN_POINT('Origin',(124.969044595041,-37.9885119735629,-50.));
#15177=CARTESIAN_POINT('Origin',(124.969044595041,-37.9885119735629,-53.));
#15178=CARTESIAN_POINT('Origin',(121.969044595041,-33.3885119736309,-50.7619914805788));
#15179=CARTESIAN_POINT('',(121.969044595041,-33.3885119734948,-49.9999914805788));
#15180=CARTESIAN_POINT('',(121.969044595041,-33.3885119734948,-52.9999914805788));
#15181=CARTESIAN_POINT('',(121.969044595041,-33.3885119734948,-50.7619914805788));
#15182=CARTESIAN_POINT('',(121.969044595041,-37.1942562922893,-50.));
#15183=CARTESIAN_POINT('',(121.969044595041,-34.4942562177495,-53.));
#15184=CARTESIAN_POINT('Origin',(124.969044595041,-33.3885119735629,-50.7619914805788));
#15185=CARTESIAN_POINT('Origin',(124.969044595041,-33.3885119735629,-50.));
#15186=CARTESIAN_POINT('Origin',(124.969044595041,-33.3885119735629,-53.));
#15187=CARTESIAN_POINT('Origin',(61.0000009094206,-35.0000005156368,-177.000002637506));
#15188=CARTESIAN_POINT('',(61.0000009094206,42.0000006317526,-171.500002637506));
#15189=CARTESIAN_POINT('',(61.0000009094206,36.4999993443489,-177.000002637506));
#15190=CARTESIAN_POINT('Origin',(61.0000009094206,36.4999993443489,-171.500002637506));
#15191=CARTESIAN_POINT('',(61.0000009094206,41.9999993443489,-177.000002637506));
#15192=CARTESIAN_POINT('',(61.0000009094206,-35.0000005156368,-171.500002637506));
#15193=CARTESIAN_POINT('',(61.0000009094206,-35.0000005215406,-172.50000257045));
#15194=CARTESIAN_POINT('',(61.0000009094206,-29.5000005215406,-177.000002637506));
#15195=CARTESIAN_POINT('Origin',(61.0000009094206,-29.5000005215406,-171.500002637506));
#15196=CARTESIAN_POINT('',(61.0000009094206,-45.0000002578184,-177.000002637506));
#15197=CARTESIAN_POINT('Origin',(58.5,41.9999993443489,-177.000002637506));
#15198=CARTESIAN_POINT('',(68.25,41.9999993443489,-171.500002637506));
#15199=CARTESIAN_POINT('',(98.5,41.9999993443489,-171.500002637506));
#15200=CARTESIAN_POINT('',(68.25,41.9999993443489,-170.250002536923));
#15201=CARTESIAN_POINT('Origin',(98.5,36.4999993443489,-171.500002637506));
#15202=CARTESIAN_POINT('',(68.25,36.4999993443489,-177.000002637506));
#15203=CARTESIAN_POINT('',(98.5,36.4999993443489,-177.000002637506));
#15204=CARTESIAN_POINT('Origin',(68.25,36.4999993443489,-171.500002637506));
#15205=CARTESIAN_POINT('Origin',(138.5,-55.,-177.000002637506));
#15206=CARTESIAN_POINT('',(68.25,-29.5000005215406,-177.000002637506));
#15207=CARTESIAN_POINT('',(98.5,-29.5000005215406,-177.000002637506));
#15208=CARTESIAN_POINT('',(68.25,-49.5000006556511,-177.000002637506));
#15209=CARTESIAN_POINT('',(68.25,-47.2500002942979,-177.000002637506));
#15210=CARTESIAN_POINT('',(58.5,-49.5000006556511,-177.000002637506));
#15211=CARTESIAN_POINT('',(98.5,-49.5000006556511,-177.000002637506));
#15212=CARTESIAN_POINT('',(58.4999999999999,-55.,-177.000002637506));
#15213=CARTESIAN_POINT('',(58.5,-27.5,-177.000002637506));
#15214=CARTESIAN_POINT('',(75.9999999999994,-55.,-177.000002637506));
#15215=CARTESIAN_POINT('',(138.5,-55.,-177.000002637506));
#15216=CARTESIAN_POINT('',(138.5,-55.,-177.000002637506));
#15217=CARTESIAN_POINT('',(138.5,-55.,-177.000002637506));
#15218=CARTESIAN_POINT('',(138.5,-51.0000007599592,-177.000002637506));
#15219=CARTESIAN_POINT('',(138.5,-27.5,-177.000002637506));
#15220=CARTESIAN_POINT('',(130.499999999999,-51.0000007599592,-177.000002637506));
#15221=CARTESIAN_POINT('',(134.5,-51.0000007599592,-177.000002637506));
#15222=CARTESIAN_POINT('',(130.499999999999,55.,-177.000002637506));
#15223=CARTESIAN_POINT('',(130.499999999999,-20.2499995194375,-177.000002637506));
#15224=CARTESIAN_POINT('',(68.25,55.,-177.000002637506));
#15225=CARTESIAN_POINT('',(138.5,55.,-177.000002637506));
#15226=CARTESIAN_POINT('',(68.25,-4.25000029429793,-177.000002637506));
#15227=CARTESIAN_POINT('Origin',(98.5,-29.5000005215406,-171.500002637506));
#15228=CARTESIAN_POINT('',(68.25,-35.0000005215406,-171.500002637506));
#15229=CARTESIAN_POINT('',(98.5,-35.0000005215406,-171.500002637506));
#15230=CARTESIAN_POINT('Origin',(68.25,-29.5000005215406,-171.500002637506));
#15231=CARTESIAN_POINT('Origin',(58.5,-35.0000005215406,-168.000002503395));
#15232=CARTESIAN_POINT('',(68.25,-35.0000005215406,-174.750002603978));
#15233=CARTESIAN_POINT('Origin',(132.999997027218,80.,-173.999996110797));
#15234=CARTESIAN_POINT('',(132.999997027218,71.248081357185,-173.999996110797));
#15235=CARTESIAN_POINT('',(132.999997027218,64.7979683106268,-177.99999602139));
#15236=CARTESIAN_POINT('Origin',(132.999997027218,55.,-155.));
#15237=CARTESIAN_POINT('',(132.999997027218,-35.,-173.999996110797));
#15238=CARTESIAN_POINT('',(132.999997027218,80.,-173.999996110797));
#15239=CARTESIAN_POINT('',(132.999997027218,-35.,-177.99999602139));
#15240=CARTESIAN_POINT('',(132.999997027218,-35.,-163.749996339902));
#15241=CARTESIAN_POINT('',(132.999997027218,80.,-177.99999602139));
#15242=CARTESIAN_POINT('Origin',(132.999997027218,80.,-177.99999602139));
#15243=CARTESIAN_POINT('',(135.999996960163,64.7979683106268,-177.99999602139));
#15244=CARTESIAN_POINT('',(138.5,64.7979683106268,-177.99999602139));
#15245=CARTESIAN_POINT('',(135.999996960163,-35.,-177.99999602139));
#15246=CARTESIAN_POINT('',(135.249996976927,-35.,-177.99999602139));
#15247=CARTESIAN_POINT('',(135.999996960163,80.,-177.99999602139));
#15248=CARTESIAN_POINT('Origin',(135.999996960163,80.,-177.99999602139));
#15249=CARTESIAN_POINT('',(135.999996960163,71.248081357185,-173.999996110797));
#15250=CARTESIAN_POINT('Origin',(135.999996960163,55.,-155.));
#15251=CARTESIAN_POINT('',(135.999996960163,-35.,-173.999996110797));
#15252=CARTESIAN_POINT('',(135.999996960163,-35.,-161.749996384606));
#15253=CARTESIAN_POINT('',(135.999996960163,80.,-173.999996110797));
#15254=CARTESIAN_POINT('Origin',(135.999996960163,80.,-173.999996110797));
#15255=CARTESIAN_POINT('',(138.499996904284,71.248081357185,-173.999996110797));
#15256=CARTESIAN_POINT('',(138.5,71.248081357185,-173.999996110797));
#15257=CARTESIAN_POINT('',(138.499996904284,-35.,-173.999996110797));
#15258=CARTESIAN_POINT('',(136.499996948987,-35.,-173.999996110797));
#15259=CARTESIAN_POINT('',(138.5,43.7499996926636,-173.999996110797));
#15260=CARTESIAN_POINT('Origin',(132.999997027218,80.,-124.999997206032));
#15261=CARTESIAN_POINT('',(130.499999999999,49.1999989002943,-125.000000668592));
#15262=CARTESIAN_POINT('',(132.999997027218,49.1999989002943,-124.999997206032));
#15263=CARTESIAN_POINT('',(85.,49.1999989002943,-125.000001862645));
#15264=CARTESIAN_POINT('',(130.499997083098,77.0000004208352,-124.999997206032));
#15265=CARTESIAN_POINT('',(130.499999999999,47.2500004805624,-124.999997206032));
#15266=CARTESIAN_POINT('',(130.499997083098,80.,-124.999997206032));
#15267=CARTESIAN_POINT('',(130.499997083098,80.,-124.999997206032));
#15268=CARTESIAN_POINT('',(132.999997027218,80.,-124.999997206032));
#15269=CARTESIAN_POINT('',(135.749998513609,80.,-124.999997206032));
#15270=CARTESIAN_POINT('',(132.999997027218,80.,-124.999997206032));
#15271=CARTESIAN_POINT('Origin',(132.999997027218,80.,-124.999997206032));
#15272=CARTESIAN_POINT('',(130.499999999999,10.7999997586012,-125.000000668592));
#15273=CARTESIAN_POINT('',(132.999997027218,10.7999997586012,-124.999997206032));
#15274=CARTESIAN_POINT('',(85.,10.7999997586012,-125.000001862645));
#15275=CARTESIAN_POINT('',(132.999997027218,-35.,-124.999997206032));
#15276=CARTESIAN_POINT('',(132.999997027218,80.,-124.999997206032));
#15277=CARTESIAN_POINT('',(130.499997083098,-35.,-124.999997206032));
#15278=CARTESIAN_POINT('',(132.499997038394,-35.,-124.999997206032));
#15279=CARTESIAN_POINT('',(130.499999999999,47.2500004805624,-124.999997206032));
#15280=CARTESIAN_POINT('Origin',(132.999997027218,80.,-120.999997295439));
#15281=CARTESIAN_POINT('',(132.999997027218,10.7999997586012,-120.999997295439));
#15282=CARTESIAN_POINT('',(132.999997027218,10.7999997586012,-117.248209590621));
#15283=CARTESIAN_POINT('',(132.999997027218,-35.,-120.999997295439));
#15284=CARTESIAN_POINT('',(132.999997027218,80.,-120.999997295439));
#15285=CARTESIAN_POINT('',(132.999997027218,-35.,-137.249996932223));
#15286=CARTESIAN_POINT('Origin',(132.999997027218,80.,-120.999997295439));
#15287=CARTESIAN_POINT('',(132.999997027218,49.1999989002943,-120.999997295439));
#15288=CARTESIAN_POINT('',(132.999997027218,49.1999989002943,-122.999999579042));
#15289=CARTESIAN_POINT('',(132.999997027218,80.,-120.999997295439));
#15290=CARTESIAN_POINT('',(132.999997027218,80.,-97.9999986477196));
#15291=CARTESIAN_POINT('',(132.999997027218,80.,-120.999997295439));
#15292=CARTESIAN_POINT('Origin',(135.999996960163,80.,-120.999997295439));
#15293=CARTESIAN_POINT('',(135.999996960163,10.7999997586012,-120.999997295439));
#15294=CARTESIAN_POINT('',(110.499998480082,10.7999997586012,-120.999997295439));
#15295=CARTESIAN_POINT('',(135.999996960163,-35.,-120.999997295439));
#15296=CARTESIAN_POINT('',(135.999996960163,80.,-120.999997295439));
#15297=CARTESIAN_POINT('',(133.749997010455,-35.,-120.999997295439));
#15298=CARTESIAN_POINT('Origin',(135.999996960163,80.,-120.999997295439));
#15299=CARTESIAN_POINT('',(135.999996960163,49.1999989002943,-120.999997295439));
#15300=CARTESIAN_POINT('',(110.499998480082,49.1999989002943,-120.999997295439));
#15301=CARTESIAN_POINT('',(135.999996960163,80.,-120.999997295439));
#15302=CARTESIAN_POINT('',(137.249998480082,80.,-120.999997295439));
#15303=CARTESIAN_POINT('',(135.999996960163,80.,-120.999997295439));
#15304=CARTESIAN_POINT('Origin',(135.999996960163,80.,-124.999997206032));
#15305=CARTESIAN_POINT('',(135.999996960163,10.7999997586012,-125.000001862645));
#15306=CARTESIAN_POINT('',(135.999996960163,10.7999997586012,-119.248209545918));
#15307=CARTESIAN_POINT('',(135.999996960163,-35.,-124.999997206032));
#15308=CARTESIAN_POINT('',(135.999996960163,80.,-124.999997206032));
#15309=CARTESIAN_POINT('',(135.999996960163,-35.,-135.249996976927));
#15310=CARTESIAN_POINT('Origin',(135.999996960163,80.,-124.999997206032));
#15311=CARTESIAN_POINT('',(135.999996960163,49.1999989002943,-124.999997206032));
#15312=CARTESIAN_POINT('',(135.999996960163,49.1999989002943,-124.999999534339));
#15313=CARTESIAN_POINT('',(135.999996960163,80.,-124.999997206032));
#15314=CARTESIAN_POINT('',(135.999996960163,80.,-99.9999986030161));
#15315=CARTESIAN_POINT('',(135.999996960163,80.,-124.999997206032));
#15316=CARTESIAN_POINT('Origin',(138.499996904284,80.,-124.999997206032));
#15317=CARTESIAN_POINT('',(136.5,49.1999989002943,-125.000001862645));
#15318=CARTESIAN_POINT('',(85.,49.1999989002943,-125.000001862645));
#15319=CARTESIAN_POINT('',(138.499996904284,80.,-124.999997206032));
#15320=CARTESIAN_POINT('',(138.499998452142,80.,-124.999997206032));
#15321=CARTESIAN_POINT('',(138.5,-35.,-124.999997206032));
#15322=CARTESIAN_POINT('',(138.5,43.7499996926636,-124.999997206032));
#15323=CARTESIAN_POINT('',(135.249996976927,-35.,-124.999997206032));
#15324=CARTESIAN_POINT('',(136.5,10.7999997586012,-125.000001862645));
#15325=CARTESIAN_POINT('',(85.,10.7999997586012,-125.000001862645));
#15326=CARTESIAN_POINT('',(136.499999999999,54.9999999430749,-124.999997206032));
#15327=CARTESIAN_POINT('Origin',(130.499997083098,80.,-173.999996110797));
#15328=CARTESIAN_POINT('',(130.499997083098,71.248081357185,-173.999996110797));
#15329=CARTESIAN_POINT('',(138.5,71.248081357185,-173.999996110797));
#15330=CARTESIAN_POINT('',(130.499999999999,66.0905484012267,-173.999996110797));
#15331=CARTESIAN_POINT('',(130.499997083098,80.,-173.999996110797));
#15332=CARTESIAN_POINT('',(130.499997083098,-35.,-173.999996110797));
#15333=CARTESIAN_POINT('',(130.499999999999,47.2500004805624,-173.999996110797));
#15334=CARTESIAN_POINT('',(133.749997010455,-35.,-173.999996110797));
#15335=CARTESIAN_POINT('Origin',(130.499997083098,80.,-124.999997206032));
#15336=CARTESIAN_POINT('',(130.499997083098,80.,-155.));
#15337=CARTESIAN_POINT('Origin',(130.499997083098,55.,-155.));
#15338=CARTESIAN_POINT('',(130.499997083098,80.,-99.9999986030161));
#15339=CARTESIAN_POINT('',(130.499999999999,77.0000011473894,-154.991902771302));
#15340=CARTESIAN_POINT('',(130.499999999999,77.0000006628566,-134.99595129958));
#15341=CARTESIAN_POINT('Origin',(130.499999999999,55.,-155.));
#15342=CARTESIAN_POINT('Origin',(134.499996993691,-35.,-149.499996658415));
#15343=CARTESIAN_POINT('',(138.5,-35.,-70.9999980498105));
#15344=CARTESIAN_POINT('',(130.499999999999,-35.,-132.24999899976));
#15345=CARTESIAN_POINT('Origin',(138.5,80.,-75.));
#15346=CARTESIAN_POINT('',(58.5000000000001,80.,-155.));
#15347=CARTESIAN_POINT('',(138.5,80.,-155.));
#15348=CARTESIAN_POINT('',(58.5000000000001,80.,-75.));
#15349=CARTESIAN_POINT('',(58.5000000000001,80.,-95.));
#15350=CARTESIAN_POINT('',(130.499999999999,80.0000011920929,-75.));
#15351=CARTESIAN_POINT('',(138.5,80.,-75.));
#15352=CARTESIAN_POINT('',(130.499999999999,80.0000011920931,-74.0000011026917));
#15353=CARTESIAN_POINT('',(130.499999999999,80.0000011920929,-134.997508920616));
#15354=CARTESIAN_POINT('',(138.499999999999,80.0000011920931,-74.0000011026917));
#15355=CARTESIAN_POINT('',(130.499999999999,80.0000011920931,-74.0000011026917));
#15356=CARTESIAN_POINT('',(138.499999999999,80.0000011920929,-134.997508920616));
#15357=CARTESIAN_POINT('Origin',(138.5,55.,-155.));
#15358=CARTESIAN_POINT('',(138.5,55.,-180.));
#15359=CARTESIAN_POINT('Origin',(138.5,55.,-155.));
#15360=CARTESIAN_POINT('',(58.5000000000001,55.,-180.));
#15361=CARTESIAN_POINT('',(138.5,55.,-180.));
#15362=CARTESIAN_POINT('Origin',(58.5,55.,-155.));
#15363=CARTESIAN_POINT('Origin',(130.499999999999,14.5000009611249,-115.000001341105));
#15364=CARTESIAN_POINT('Origin',(130.499999999999,55.,-155.));
#15365=CARTESIAN_POINT('',(130.499999999999,-51.0000007599592,-176.908904936355));
#15366=CARTESIAN_POINT('',(130.499999999999,-51.0000007599592,-82.5000006705523));
#15367=CARTESIAN_POINT('',(130.499999999999,-51.0000007897615,-163.099996354431));
#15368=CARTESIAN_POINT('',(130.499999999999,-51.0000007599592,-82.5000006705523));
#15369=CARTESIAN_POINT('',(130.499999999999,-51.0000007599592,-156.700002317131));
#15370=CARTESIAN_POINT('',(130.499999999999,-51.0000007599592,-82.5000006705523));
#15371=CARTESIAN_POINT('',(130.499999999999,-51.0000007599592,-73.3000011101365));
#15372=CARTESIAN_POINT('',(130.499999999999,-51.0000007599592,-82.5000006705523));
#15373=CARTESIAN_POINT('',(130.499999999999,-51.0000007897615,-66.5000009909272));
#15374=CARTESIAN_POINT('',(130.499999999999,-51.0000007599592,-82.5000006705523));
#15375=CARTESIAN_POINT('',(130.499999999999,-51.0000007599592,-53.0910984909124));
#15376=CARTESIAN_POINT('',(130.499999999999,-51.0000007599592,-82.5000006705523));
#15377=CARTESIAN_POINT('',(130.499999999999,-51.0000007599592,-53.0000007897615));
#15378=CARTESIAN_POINT('',(130.499999999999,-51.0000007599592,-82.5000006705523));
#15379=CARTESIAN_POINT('',(130.499999999999,-5.,-53.0000007152557));
#15380=CARTESIAN_POINT('',(130.499999999999,-41.0000006109477,-53.));
#15381=CARTESIAN_POINT('',(130.499999999999,-5.,-117.800002670274));
#15382=CARTESIAN_POINT('',(130.499999999999,-5.,-86.5000010281801));
#15383=CARTESIAN_POINT('',(130.499999999999,10.7999997586012,-117.800003068292));
#15384=CARTESIAN_POINT('',(130.499999999999,-22.7499995194375,-117.800002670274));
#15385=CARTESIAN_POINT('',(130.499999999999,10.7999997586012,-119.248211078189));
#15386=CARTESIAN_POINT('Origin',(130.499999999999,14.5000009611249,-115.000001341105));
#15387=CARTESIAN_POINT('',(130.499999999999,49.1999989002943,-117.800003068292));
#15388=CARTESIAN_POINT('',(130.499999999999,49.1999989002943,-125.00000106661));
#15389=CARTESIAN_POINT('',(130.499999999999,65.,-117.800002670274));
#15390=CARTESIAN_POINT('',(130.499999999999,-22.7499995194375,-117.800002670274));
#15391=CARTESIAN_POINT('',(130.499999999999,65.,-55.4040829443863));
#15392=CARTESIAN_POINT('',(130.499999999999,65.,-117.500000670552));
#15393=CARTESIAN_POINT('',(130.499999999999,76.9999992102384,-75.));
#15394=CARTESIAN_POINT('Origin',(130.499999999999,55.,-75.));
#15395=CARTESIAN_POINT('',(130.499999999999,77.0000006628566,-134.99595129958));
#15396=CARTESIAN_POINT('Origin',(85.,49.1999989002943,-125.000001862645));
#15397=CARTESIAN_POINT('',(136.5,49.1999989002943,-113.502532996456));
#15398=CARTESIAN_POINT('',(136.5,49.1999989002943,-125.000001862645));
#15399=CARTESIAN_POINT('',(89.,49.199998403589,-113.502532996845));
#15400=CARTESIAN_POINT('',(85.,49.1999989002943,-113.502532996456));
#15401=CARTESIAN_POINT('',(89.,49.1999989002943,-117.800002671002));
#15402=CARTESIAN_POINT('',(89.,49.1999989002943,-119.500001706183));
#15403=CARTESIAN_POINT('',(80.,49.1999989002943,-117.800002671002));
#15404=CARTESIAN_POINT('Origin',(136.499999999999,29.9999998861499,-89.0000011697413));
#15405=CARTESIAN_POINT('',(136.5,10.7999997586012,-113.496421885803));
#15406=CARTESIAN_POINT('',(136.5,10.7999997586012,-125.000001862645));
#15407=CARTESIAN_POINT('',(136.5,6.50000009685755,-109.19999755919));
#15408=CARTESIAN_POINT('Origin',(136.5,6.50000009685755,-113.500001691282));
#15409=CARTESIAN_POINT('',(136.5,1.00000001490116,-109.19999755919));
#15410=CARTESIAN_POINT('',(136.5,10.7999997586012,-109.19999755919));
#15411=CARTESIAN_POINT('',(136.5,1.00000001490116,-70.7999984174967));
#15412=CARTESIAN_POINT('',(136.5,1.00000001490116,-109.000001624227));
#15413=CARTESIAN_POINT('',(136.5,7.82665765152987,-70.7999984174967));
#15414=CARTESIAN_POINT('',(136.5,10.7999997586012,-70.7999984174967));
#15415=CARTESIAN_POINT('',(136.499999999999,10.9999997168778,-66.5000008419156));
#15416=CARTESIAN_POINT('Origin',(136.499999999999,6.49999964982262,-66.5000008419156));
#15417=CARTESIAN_POINT('',(136.499999999999,10.9999997168778,-53.0000007152557));
#15418=CARTESIAN_POINT('',(136.499999999999,10.9999997168778,-66.5000008419156));
#15419=CARTESIAN_POINT('',(136.499999999999,49.000000283122,-53.0000007152557));
#15420=CARTESIAN_POINT('',(136.499999999999,10.9999997168778,-53.0000007152557));
#15421=CARTESIAN_POINT('',(136.5,49.0000002831221,-61.0000007599592));
#15422=CARTESIAN_POINT('',(136.499999999999,49.000000283122,-53.0000007152557));
#15423=CARTESIAN_POINT('',(136.5,49.1999989002943,-61.0000007599592));
#15424=CARTESIAN_POINT('',(136.5,49.0000002831221,-61.0000007599592));
#15425=CARTESIAN_POINT('',(136.5,49.1999989002943,-66.5000008419156));
#15426=CARTESIAN_POINT('',(136.5,49.1999989002943,-61.0000007599592));
#15427=CARTESIAN_POINT('',(136.5,53.4999994582181,-70.7999984174967));
#15428=CARTESIAN_POINT('Origin',(136.5,53.5000003501773,-66.5000008419156));
#15429=CARTESIAN_POINT('',(136.5,59.0000004321337,-70.7999984174967));
#15430=CARTESIAN_POINT('',(136.5,49.1999989002943,-70.7999984174967));
#15431=CARTESIAN_POINT('',(136.5,59.0000008791685,-109.19999755919));
#15432=CARTESIAN_POINT('',(136.5,59.0000004321337,-61.0000007599592));
#15433=CARTESIAN_POINT('',(136.5,53.5000019393065,-109.19999755919));
#15434=CARTESIAN_POINT('',(136.5,49.1999989002943,-109.19999755919));
#15435=CARTESIAN_POINT('Origin',(136.5,53.5000007972121,-113.500001691282));
#15436=CARTESIAN_POINT('Origin',(85.,-37.5,-115.));
#15437=CARTESIAN_POINT('',(85.,59.0000004321337,-117.800004023927));
#15438=CARTESIAN_POINT('',(85.,65.,-117.800002670274));
#15439=CARTESIAN_POINT('',(85.,-48.75,-117.800002671002));
#15440=CARTESIAN_POINT('',(85.,59.0000004321337,-61.0000007599592));
#15441=CARTESIAN_POINT('',(85.,59.0000004321337,-93.0000004544854));
#15442=CARTESIAN_POINT('',(85.,49.0000002831221,-61.0000007599592));
#15443=CARTESIAN_POINT('',(85.,10.7500002160669,-61.0000007599592));
#15444=CARTESIAN_POINT('',(85.,49.0000002831221,-53.0000007152557));
#15445=CARTESIAN_POINT('',(85.,49.0000002831221,-86.5000003576279));
#15446=CARTESIAN_POINT('',(85.,55.,-53.0000007152557));
#15447=CARTESIAN_POINT('',(85.,16.999999769032,-53.0000000000003));
#15448=CARTESIAN_POINT('',(85.,65.,-55.4040829443863));
#15449=CARTESIAN_POINT('Origin',(85.,55.,-75.));
#15450=CARTESIAN_POINT('',(85.,65.,-117.5));
#15451=CARTESIAN_POINT('Origin',(85.,-37.5,-115.));
#15452=CARTESIAN_POINT('',(85.,-5.,-117.800002670274));
#15453=CARTESIAN_POINT('',(85.,0.999999566936491,-117.800004023927));
#15454=CARTESIAN_POINT('',(85.,-48.75,-117.800004023927));
#15455=CARTESIAN_POINT('',(85.,-5.,-53.0000007152557));
#15456=CARTESIAN_POINT('',(85.,-5.,-86.5000003576279));
#15457=CARTESIAN_POINT('',(85.,10.9999997168779,-53.0000007152557));
#15458=CARTESIAN_POINT('',(85.,-10.0000003725291,-53.0000000000003));
#15459=CARTESIAN_POINT('',(85.,10.9999997168779,-61.0000007599592));
#15460=CARTESIAN_POINT('',(85.,10.9999997168779,-90.7500004209578));
#15461=CARTESIAN_POINT('',(85.,0.999999566936491,-61.0000007599592));
#15462=CARTESIAN_POINT('',(85.,-13.250000141561,-61.0000007599592));
#15463=CARTESIAN_POINT('',(85.,0.999999340166211,-111.992503449844));
#15464=CARTESIAN_POINT('Origin',(75.,49.0000002831221,-58.0000007152557));
#15465=CARTESIAN_POINT('',(75.,49.0000002831221,-61.0000007599592));
#15466=CARTESIAN_POINT('',(102.75,49.0000002831221,-53.0000000000001));
#15467=CARTESIAN_POINT('Origin',(75.,59.0000004321337,-61.0000007599592));
#15468=CARTESIAN_POINT('',(89.,59.0000004321337,-61.0000007599592));
#15469=CARTESIAN_POINT('',(85.,59.0000004321337,-61.0000007599592));
#15470=CARTESIAN_POINT('',(89.,49.1999989002943,-61.0000007599592));
#15471=CARTESIAN_POINT('',(89.,59.0000004321337,-61.0000007599592));
#15472=CARTESIAN_POINT('',(85.,49.1999989002943,-61.0000007599592));
#15473=CARTESIAN_POINT('Origin',(75.,59.0000004321337,-71.0000009089708));
#15474=CARTESIAN_POINT('',(89.,59.0000004321337,-117.800004023927));
#15475=CARTESIAN_POINT('',(75.,59.0000004321337,-117.800002671002));
#15476=CARTESIAN_POINT('',(89.,59.0000006556511,-109.19999755919));
#15477=CARTESIAN_POINT('',(89.,59.0000004321337,-119.000001624227));
#15478=CARTESIAN_POINT('',(85.,59.0000008791685,-109.19999755919));
#15479=CARTESIAN_POINT('',(89.,59.0000004321337,-70.7999984174967));
#15480=CARTESIAN_POINT('',(85.,59.0000004321337,-70.7999984174967));
#15481=CARTESIAN_POINT('',(89.,59.0000004321337,-119.000001624227));
#15482=CARTESIAN_POINT('Origin',(75.,-60.,-117.800002671002));
#15483=CARTESIAN_POINT('',(75.,65.,-117.800002671002));
#15484=CARTESIAN_POINT('',(89.,-2.99999982118605,-117.800002671002));
#15485=CARTESIAN_POINT('Origin',(75.,-5.,-58.0000007152557));
#15486=CARTESIAN_POINT('',(75.,-5.,-117.800004023927));
#15487=CARTESIAN_POINT('',(102.75,-5.,-53.0000000000001));
#15488=CARTESIAN_POINT('Origin',(75.,-60.,-117.800004023927));
#15489=CARTESIAN_POINT('',(89.,0.999999566936491,-117.800004023927));
#15490=CARTESIAN_POINT('',(75.,0.999999340166222,-117.800004023927));
#15491=CARTESIAN_POINT('',(89.,10.7999997586012,-117.800002671002));
#15492=CARTESIAN_POINT('',(89.,-26.9973765966347,-117.800004023927));
#15493=CARTESIAN_POINT('',(80.,10.7999997586012,-117.800004023927));
#15494=CARTESIAN_POINT('Origin',(75.,65.,-120.));
#15495=CARTESIAN_POINT('',(138.5,65.,-55.4040829443863));
#15496=CARTESIAN_POINT('Origin',(89.,54.0000003576279,-114.000001549721));
#15497=CARTESIAN_POINT('',(89.,53.5000019393065,-109.19999755919));
#15498=CARTESIAN_POINT('Origin',(89.,53.5000007972121,-113.500001691282));
#15499=CARTESIAN_POINT('',(89.,53.7500011484672,-109.19999755919));
#15500=CARTESIAN_POINT('Origin',(89.,6.0052468067306,-113.992504261957));
#15501=CARTESIAN_POINT('',(89.,0.999999791383732,-109.19999755919));
#15502=CARTESIAN_POINT('',(89.,0.999999567866303,-61.0000007599592));
#15503=CARTESIAN_POINT('',(89.,6.50000009685755,-109.19999755919));
#15504=CARTESIAN_POINT('',(89.,3.50262341081588,-109.19999755919));
#15505=CARTESIAN_POINT('',(89.,10.8000007520113,-113.496421884701));
#15506=CARTESIAN_POINT('Origin',(89.,6.50000009685755,-113.500001691282));
#15507=CARTESIAN_POINT('',(89.,10.7999997586012,-113.74446307388));
#15508=CARTESIAN_POINT('Origin',(89.,54.0000003576279,-66.000000834465));
#15509=CARTESIAN_POINT('',(89.,49.2000001917282,-66.5000008419156));
#15510=CARTESIAN_POINT('',(89.,49.1999989002943,-66.2500008381903));
#15511=CARTESIAN_POINT('',(89.,53.4999994582181,-70.7999984174967));
#15512=CARTESIAN_POINT('',(89.,56.5000003948808,-70.7999984174967));
#15513=CARTESIAN_POINT('Origin',(89.,53.5000003501773,-66.5000008419156));
#15514=CARTESIAN_POINT('Origin',(89.,5.9999995285221,-66.000000834465));
#15515=CARTESIAN_POINT('',(89.,0.999999791383732,-70.7999984174967));
#15516=CARTESIAN_POINT('',(89.,7.82665765152999,-70.7999984174967));
#15517=CARTESIAN_POINT('',(89.,6.91333292265841,-70.7999984174967));
#15518=CARTESIAN_POINT('',(89.,0.999999566936491,-61.0000007599592));
#15519=CARTESIAN_POINT('',(89.,0.999999567866303,-61.0000007599592));
#15520=CARTESIAN_POINT('',(89.,10.9999997168779,-61.0000007599592));
#15521=CARTESIAN_POINT('',(89.,59.0000004321337,-61.0000007599592));
#15522=CARTESIAN_POINT('',(89.,10.9999997168779,-66.5000008419156));
#15523=CARTESIAN_POINT('',(89.,10.9999997168779,-66.2500008381903));
#15524=CARTESIAN_POINT('Origin',(89.,6.4999996498227,-66.5000008419156));
#15525=CARTESIAN_POINT('Origin',(85.,49.1999989002943,-66.5000008419156));
#15526=CARTESIAN_POINT('',(85.,49.1999989002943,-66.5000008419156));
#15527=CARTESIAN_POINT('Origin',(85.,10.7999997586012,-113.496421885803));
#15528=CARTESIAN_POINT('',(85.,10.7999997586012,-113.496421885803));
#15529=CARTESIAN_POINT('Origin',(85.,53.5000019393065,-109.19999755919));
#15530=CARTESIAN_POINT('',(85.,53.5000019393065,-109.19999755919));
#15531=CARTESIAN_POINT('Origin',(85.,7.82666631679471,-70.7999984174967));
#15532=CARTESIAN_POINT('',(75.,7.82665765152999,-70.7999984174967));
#15533=CARTESIAN_POINT('',(85.,1.00000001490116,-70.7999984174967));
#15534=CARTESIAN_POINT('Origin',(102.750000558793,21.5000003725291,-24.4947875020892));
#15535=CARTESIAN_POINT('',(60.,18.3683540552378,-50.));
#15536=CARTESIAN_POINT('',(60.,25.000000372529,4.01042499582153));
#15537=CARTESIAN_POINT('',(60.,23.3310953514136,-9.58171565152858));
#15538=CARTESIAN_POINT('',(74.5240183413662,25.000000372529,4.01042499582161));
#15539=CARTESIAN_POINT('',(102.750000558793,25.000000372529,4.01042499582178));
#15540=CARTESIAN_POINT('',(79.5117842312955,18.0000003725291,-53.0000000000003));
#15541=CARTESIAN_POINT('',(78.0276803947205,20.0828420866922,-36.0366155252194));
#15542=CARTESIAN_POINT('',(58.5,18.0000003725291,-53.0000007897615));
#15543=CARTESIAN_POINT('',(102.750000558793,18.0000003725291,-53.0000000000001));
#15544=CARTESIAN_POINT('',(58.5,18.3683540552378,-50.));
#15545=CARTESIAN_POINT('',(58.5,15.8665417562098,-70.3756260610518));
#15546=CARTESIAN_POINT('',(116.625000279396,18.3683540552378,-50.0000000000001));
#15547=CARTESIAN_POINT('Origin',(75.0000011175871,25.000000372529,-50.));
#15548=CARTESIAN_POINT('',(60.,25.000000372529,9.99996927116407));
#15549=CARTESIAN_POINT('',(60.,25.000000372529,-21.2500150850212));
#15550=CARTESIAN_POINT('',(74.0000011175871,25.000000372529,9.99996927116407));
#15551=CARTESIAN_POINT('',(57.8749971647239,25.000000372529,9.99996927116407));
#15552=CARTESIAN_POINT('',(79.2231914536689,25.000000372529,-49.7013694575285));
#15553=CARTESIAN_POINT('Origin',(60.,7.49999938532711,7.50000055879354));
#15554=CARTESIAN_POINT('',(60.,15.,-50.));
#15555=CARTESIAN_POINT('',(60.,-23.7500003073364,-50.));
#15556=CARTESIAN_POINT('',(60.,15.,-25.));
#15557=CARTESIAN_POINT('',(60.,15.,36.2500002793968));
#15558=CARTESIAN_POINT('',(60.,20.0000001862645,-25.));
#15559=CARTESIAN_POINT('',(60.,15.,-25.));
#15560=CARTESIAN_POINT('',(60.,20.0000001862645,12.5000002235174));
#15561=CARTESIAN_POINT('',(60.,20.0000001862645,20.0000002980232));
#15562=CARTESIAN_POINT('',(60.,22.5000001862645,15.0000002235174));
#15563=CARTESIAN_POINT('Origin',(60.,22.5000001862645,12.5000002235174));
#15564=CARTESIAN_POINT('',(60.,55.0000008195639,15.0000002235174));
#15565=CARTESIAN_POINT('',(60.,55.0000008195639,15.0000002235174));
#15566=CARTESIAN_POINT('',(60.,54.9999987706542,9.99997038758709));
#15567=CARTESIAN_POINT('',(60.,54.9999987706542,29.9999703875871));
#15568=CARTESIAN_POINT('',(60.,3.74999939464026,9.99996927116407));
#15569=CARTESIAN_POINT('Origin',(130.499999999999,-41.0000006109477,-50.));
#15570=CARTESIAN_POINT('',(58.4999999999999,-55.,-50.));
#15571=CARTESIAN_POINT('',(58.5,-27.5,-50.));
#15572=CARTESIAN_POINT('',(138.5,-55.,-50.));
#15573=CARTESIAN_POINT('',(138.5,-55.,-50.));
#15574=CARTESIAN_POINT('',(138.5,15.,-50.));
#15575=CARTESIAN_POINT('',(138.5,-27.5,-50.));
#15576=CARTESIAN_POINT('',(120.,15.,-50.));
#15577=CARTESIAN_POINT('',(99.25,15.,-50.));
#15578=CARTESIAN_POINT('',(120.,25.,-50.));
#15579=CARTESIAN_POINT('',(120.,-25.,-50.));
#15580=CARTESIAN_POINT('',(115.,30.,-50.));
#15581=CARTESIAN_POINT('Origin',(115.,25.,-50.));
#15582=CARTESIAN_POINT('',(85.,30.,-50.));
#15583=CARTESIAN_POINT('',(129.25,30.,-50.));
#15584=CARTESIAN_POINT('',(80.,25.,-50.));
#15585=CARTESIAN_POINT('Origin',(85.,25.,-50.));
#15586=CARTESIAN_POINT('',(80.,15.,-50.));
#15587=CARTESIAN_POINT('',(80.,-12.5,-50.));
#15588=CARTESIAN_POINT('',(99.25,15.,-50.));
#15589=CARTESIAN_POINT('Origin',(58.5,-8.88178419700125E-15,-115.));
#15590=CARTESIAN_POINT('',(58.5,50.9999994784594,-171.431679421237));
#15591=CARTESIAN_POINT('',(58.5,50.9999994784594,-170.250002536923));
#15592=CARTESIAN_POINT('',(58.5,56.9999992246881,-176.908905019455));
#15593=CARTESIAN_POINT('Origin',(58.5,56.4999994784594,-171.431679421237));
#15594=CARTESIAN_POINT('',(58.5000000000001,77.0000011473894,-154.991902771302));
#15595=CARTESIAN_POINT('Origin',(58.5,55.,-155.));
#15596=CARTESIAN_POINT('',(58.5000000000001,76.9999999971264,-107.50000250434));
#15597=CARTESIAN_POINT('',(58.5000000000001,77.0000006628566,-134.995950453492));
#15598=CARTESIAN_POINT('',(58.5,71.4999999971265,-102.000002637506));
#15599=CARTESIAN_POINT('Origin',(58.5,71.4999999971265,-107.500002637506));
#15600=CARTESIAN_POINT('',(58.5,67.9999993443489,-102.000002637506));
#15601=CARTESIAN_POINT('',(58.5,74.7499994449317,-102.000002637506));
#15602=CARTESIAN_POINT('',(58.5,67.9999993443489,-93.0000025033951));
#15603=CARTESIAN_POINT('',(58.5,67.9999993443489,-99.7500026039779));
#15604=CARTESIAN_POINT('',(58.5,71.4999995128877,-93.0000025033951));
#15605=CARTESIAN_POINT('',(58.5,70.2499993778765,-93.0000025033951));
#15606=CARTESIAN_POINT('',(58.5000000000001,76.9999995128877,-87.5000023702294));
#15607=CARTESIAN_POINT('Origin',(58.5,71.4999995128877,-87.5000025033951));
#15608=CARTESIAN_POINT('',(58.5000000000001,76.9999992102384,-75.));
#15609=CARTESIAN_POINT('',(58.5000000000001,77.0000006628566,-134.995950453492));
#15610=CARTESIAN_POINT('',(58.5000000000001,55.,-53.0000007897615));
#15611=CARTESIAN_POINT('Origin',(58.5,55.,-75.));
#15612=CARTESIAN_POINT('',(58.5000000000001,55.,-50.));
#15613=CARTESIAN_POINT('',(58.5000000000001,55.,-82.5));
#15614=CARTESIAN_POINT('Origin',(58.5,55.,-75.));
#15615=CARTESIAN_POINT('',(58.4999999999999,-55.,-180.));
#15616=CARTESIAN_POINT('',(58.5,27.5,-180.));
#15617=CARTESIAN_POINT('',(58.4999999999999,-80.,-155.));
#15618=CARTESIAN_POINT('Origin',(58.5,-55.,-155.));
#15619=CARTESIAN_POINT('',(58.4999999999999,-80.,-75.));
#15620=CARTESIAN_POINT('',(58.4999999999999,-80.,-135.));
#15621=CARTESIAN_POINT('Origin',(58.5,-55.,-75.));
#15622=CARTESIAN_POINT('',(58.4999999999999,-55.,-53.0000007897615));
#15623=CARTESIAN_POINT('',(58.5,27.5,-53.0000007897615));
#15624=CARTESIAN_POINT('',(58.4999999999999,-76.9999992102385,-75.));
#15625=CARTESIAN_POINT('Origin',(58.5,-55.,-75.));
#15626=CARTESIAN_POINT('',(58.4999999999999,-77.0000011473894,-154.991902771256));
#15627=CARTESIAN_POINT('',(58.4999999999999,-77.0000000670552,-94.9999983506277));
#15628=CARTESIAN_POINT('Origin',(58.5,-55.,-155.));
#15629=CARTESIAN_POINT('',(58.5,-44.0000006556511,-171.500002637506));
#15630=CARTESIAN_POINT('Origin',(58.5,-49.5000006556511,-171.500002637506));
#15631=CARTESIAN_POINT('',(58.5,-44.0000006556511,-174.750002603978));
#15632=CARTESIAN_POINT('',(58.5,-38.2499941904089,-172.50000257045));
#15633=CARTESIAN_POINT('Origin',(58.5,-39.5000005885959,-172.50000257045));
#15634=CARTESIAN_POINT('',(58.5,47.7500058095911,-172.50000257045));
#15635=CARTESIAN_POINT('Origin',(58.5,46.4999994114041,-172.50000257045));
#15636=CARTESIAN_POINT('',(58.5,73.7500058095911,-97.5000025704503));
#15637=CARTESIAN_POINT('Origin',(58.5,72.4999994114041,-97.5000025704503));
#15638=CARTESIAN_POINT('Origin',(85.,53.5000007972121,-113.500001691282));
#15639=CARTESIAN_POINT('Origin',(85.,53.5000003501773,-66.5000008419156));
#15640=CARTESIAN_POINT('',(85.,53.4999994582181,-70.7999984174967));
#15641=CARTESIAN_POINT('Origin',(85.,59.0000004321337,-70.7999984174967));
#15642=CARTESIAN_POINT('Origin',(85.,6.50000009685755,-113.500001691282));
#15643=CARTESIAN_POINT('',(85.,6.50000009685755,-109.19999755919));
#15644=CARTESIAN_POINT('Origin',(85.,1.00000001490116,-109.19999755919));
#15645=CARTESIAN_POINT('',(85.,1.00000001490116,-109.19999755919));
#15646=CARTESIAN_POINT('Origin',(20.,6.59999994432926,-0.366666776657106));
#15647=CARTESIAN_POINT('',(20.,25.000000372529,20.0000002980232));
#15648=CARTESIAN_POINT('',(22.2912878505996,25.000000372529,22.5000002980232));
#15649=CARTESIAN_POINT('Origin',(20.,25.000000372529,24.1666669448217));
#15650=CARTESIAN_POINT('',(20.,15.,6.66666656732559));
#15651=CARTESIAN_POINT('',(20.,8.59999993896484,-1.86666678380966));
#15652=CARTESIAN_POINT('',(22.5,15.,10.833333214124));
#15653=CARTESIAN_POINT('Origin',(20.,15.,10.833333214124));
#15654=CARTESIAN_POINT('',(22.5,21.8750003641471,20.0000002980232));
#15655=CARTESIAN_POINT('',(22.5,6.59999994432926,-0.366666776657106));
#15656=CARTESIAN_POINT('',(22.4494897416882,22.500000372529,20.0000002980232));
#15657=CARTESIAN_POINT('Origin',(20.,21.8750003641471,20.0000002980232));
#15658=CARTESIAN_POINT('Ctrl Pts',(22.4494897416883,22.5000003725283,20.0000002980232));
#15659=CARTESIAN_POINT('Ctrl Pts',(22.4203878208084,22.6782125127415,20.0000002980232));
#15660=CARTESIAN_POINT('Ctrl Pts',(22.3799686433377,22.8574785456037,20.0204455746912));
#15661=CARTESIAN_POINT('Ctrl Pts',(22.2693065001866,23.2943199670306,20.1124461491763));
#15662=CARTESIAN_POINT('Ctrl Pts',(22.1806227533735,23.5804527980879,20.2250694566577));
#15663=CARTESIAN_POINT('Ctrl Pts',(22.0438385718969,24.0948487163559,20.5508613254104));
#15664=CARTESIAN_POINT('Ctrl Pts',(22.0000000013411,24.3236802952163,20.7649068633579));
#15665=CARTESIAN_POINT('Ctrl Pts',(22.0000000013411,24.5000003671646,21.0000002908707));
#15666=CARTESIAN_POINT('Ctrl Pts',(22.0000000013411,24.6763204391129,21.2350937183834));
#15667=CARTESIAN_POINT('Ctrl Pts',(22.0438385718969,24.8177313154615,21.5147047837033));
#15668=CARTESIAN_POINT('Ctrl Pts',(22.1655882776917,24.9679149654473,22.0354423916251));
#15669=CARTESIAN_POINT('Ctrl Pts',(22.2315644279378,25.000000372529,22.2719277095776));
#15670=CARTESIAN_POINT('Ctrl Pts',(22.2912878505996,25.000000372529,22.5000002980232));
#15671=CARTESIAN_POINT('Origin',(22.5,15.,6.66666656732559));
#15672=CARTESIAN_POINT('',(18.5,25.000000372529,20.0000002980232));
#15673=CARTESIAN_POINT('',(22.5,25.000000372529,20.0000002980232));
#15674=CARTESIAN_POINT('',(17.5,26.000000372529,21.3333336214225));
#15675=CARTESIAN_POINT('Origin',(18.5,26.000000372529,21.3333336214225));
#15676=CARTESIAN_POINT('',(17.5,15.,6.66666656732559));
#15677=CARTESIAN_POINT('',(17.5,25.000000372529,20.0000002980232));
#15678=CARTESIAN_POINT('',(22.5,15.,6.66666656732559));
#15679=CARTESIAN_POINT('Origin',(22.5000003352761,25.000000372529,20.0000002980232));
#15680=CARTESIAN_POINT('',(55.,25.000000372529,22.5000002980232));
#15681=CARTESIAN_POINT('',(41.2500001676381,25.000000372529,22.5000002980232));
#15682=CARTESIAN_POINT('',(57.2912878474777,25.000000372529,24.0000002980231));
#15683=CARTESIAN_POINT('Origin',(55.,25.000000372529,25.0000002980232));
#15684=CARTESIAN_POINT('',(18.5,25.000000372529,24.0000002980232));
#15685=CARTESIAN_POINT('',(31.8750003911555,25.000000372529,24.0000002980232));
#15686=CARTESIAN_POINT('',(18.5,25.000000372529,16.2500001862645));
#15687=CARTESIAN_POINT('Origin',(20.,19.7000001723766,2.10000005400181));
#15688=CARTESIAN_POINT('',(20.,30.0000004470348,20.0000002980232));
#15689=CARTESIAN_POINT('',(22.5,30.0000004470348,15.8333336512248));
#15690=CARTESIAN_POINT('Origin',(20.,30.0000004470348,15.8333336512248));
#15691=CARTESIAN_POINT('',(22.5,15.,-4.16666679581006));
#15692=CARTESIAN_POINT('',(22.5,19.7000001723766,2.10000005400181));
#15693=CARTESIAN_POINT('',(20.,15.,-1.49011611504796E-7));
#15694=CARTESIAN_POINT('Origin',(20.,15.,-4.16666679581006));
#15695=CARTESIAN_POINT('',(20.,17.700000177741,3.60000006115437));
#15696=CARTESIAN_POINT('Origin',(22.5,15.,-20.0000002980232));
#15697=CARTESIAN_POINT('',(22.5,30.0000004470348,22.5000002980232));
#15698=CARTESIAN_POINT('',(22.5,30.0000004470348,0.));
#15699=CARTESIAN_POINT('',(22.5,32.5000004470348,20.0000002980232));
#15700=CARTESIAN_POINT('Origin',(22.5,32.5000004470348,22.5000002980232));
#15701=CARTESIAN_POINT('',(22.5,41.8750006621704,20.0000002980232));
#15702=CARTESIAN_POINT('',(22.5,15.,20.0000002980232));
#15703=CARTESIAN_POINT('',(22.5,15.,-15.8333336512248));
#15704=CARTESIAN_POINT('',(22.5,13.0000000053644,-18.5000002908707));
#15705=CARTESIAN_POINT('',(22.5,15.,-25.));
#15706=CARTESIAN_POINT('Ctrl Pts',(60.,22.6458984062793,25.0000002980232));
#15707=CARTESIAN_POINT('Ctrl Pts',(60.,22.546587685238,24.333803728594));
#15708=CARTESIAN_POINT('Ctrl Pts',(59.8606386324362,22.500000372529,23.6371225275055));
#15709=CARTESIAN_POINT('Ctrl Pts',(59.5825756949552,22.500000372529,23.0000002980218));
#15710=CARTESIAN_POINT('Ctrl Pts',(60.,23.3627162359774,24.7862865120647));
#15711=CARTESIAN_POINT('Ctrl Pts',(59.9706439823135,23.2669658044331,24.195811911378));
#15712=CARTESIAN_POINT('Ctrl Pts',(59.8353573754235,23.2302765007784,23.5809986436458));
#15713=CARTESIAN_POINT('Ctrl Pts',(59.5825756949553,23.2479986233838,23.000000298022));
#15714=CARTESIAN_POINT('Ctrl Pts',(59.3714380548505,24.6034570974577,24.4163690575671));
#15715=CARTESIAN_POINT('Ctrl Pts',(59.3261298527244,24.5160588056427,24.0421056171673));
#15716=CARTESIAN_POINT('Ctrl Pts',(59.2098240029797,24.4967805817795,23.6398097538107));
#15717=CARTESIAN_POINT('Ctrl Pts',(59.0064891564321,24.5427097141253,23.2514250760822));
#15718=CARTESIAN_POINT('Ctrl Pts',(58.060998688141,25.0416855250291,24.2857145837375));
#15719=CARTESIAN_POINT('Ctrl Pts',(58.0475571424732,24.9927206533575,24.1223302529575));
#15720=CARTESIAN_POINT('Ctrl Pts',(57.9638178483811,24.9793979157006,23.942883074768));
#15721=CARTESIAN_POINT('Ctrl Pts',(57.805451638113,25.0000003725291,23.7756008227665));
#15722=CARTESIAN_POINT('Ctrl Pts',(57.5,25.0416855250291,24.2857145837375));
#15723=CARTESIAN_POINT('Ctrl Pts',(57.5,25.013311033303,24.1905436452476));
#15724=CARTESIAN_POINT('Ctrl Pts',(57.4303193162181,25.000000372529,24.0910177593778));
#15725=CARTESIAN_POINT('Ctrl Pts',(57.2912878474776,25.000000372529,24.000000298023));
#15726=CARTESIAN_POINT('',(60.,22.6458984062793,25.0000002980232));
#15727=CARTESIAN_POINT('',(57.5,25.0416855250291,24.2857145837375));
#15728=CARTESIAN_POINT('Origin',(57.5,22.6458984062793,25.0000002980232));
#15729=CARTESIAN_POINT('Ctrl Pts',(57.5,25.0416855250291,24.2857145837375));
#15730=CARTESIAN_POINT('Ctrl Pts',(57.5,25.013311033303,24.1905436452476));
#15731=CARTESIAN_POINT('Ctrl Pts',(57.4303193162181,25.000000372529,24.0910177593778));
#15732=CARTESIAN_POINT('Ctrl Pts',(57.2912878474776,25.000000372529,24.000000298023));
#15733=CARTESIAN_POINT('',(59.5825756949554,22.500000372529,23.0000002980222));
#15734=CARTESIAN_POINT('Origin',(57.2912878474777,22.500000372529,24.0000002980226));
#15735=CARTESIAN_POINT('Ctrl Pts',(59.5825756949552,22.500000372529,23.0000002980218));
#15736=CARTESIAN_POINT('Ctrl Pts',(59.8606386324362,22.500000372529,23.6371225275055));
#15737=CARTESIAN_POINT('Ctrl Pts',(60.,22.546587685238,24.333803728594));
#15738=CARTESIAN_POINT('Ctrl Pts',(60.,22.6458984062793,25.0000002980232));
#15739=CARTESIAN_POINT('Ctrl Pts',(59.5825756949557,22.500000372529,23.0000002980229));
#15740=CARTESIAN_POINT('Ctrl Pts',(58.2732683535396,22.500000372529,20.0000002980232));
#15741=CARTESIAN_POINT('Ctrl Pts',(55.,22.500000372529,20.0000002980232));
#15742=CARTESIAN_POINT('Ctrl Pts',(59.5825756949557,25.0000003725292,23.0000002980229));
#15743=CARTESIAN_POINT('Ctrl Pts',(58.2732683535396,25.0000003725292,20.0000002980232));
#15744=CARTESIAN_POINT('Ctrl Pts',(55.,25.0000003725292,20.0000002980232));
#15745=CARTESIAN_POINT('Ctrl Pts',(57.2912878474777,25.000000372529,24.0000002980231));
#15746=CARTESIAN_POINT('Ctrl Pts',(56.6366341767697,25.000000372529,22.5000002980234));
#15747=CARTESIAN_POINT('Ctrl Pts',(55.,25.000000372529,22.5000002980234));
#15748=CARTESIAN_POINT('',(55.,22.500000372529,20.0000002980232));
#15749=CARTESIAN_POINT('Origin',(55.,22.500000372529,22.5000002980232));
#15750=CARTESIAN_POINT('Origin',(55.,22.500000372529,25.0000002980232));
#15751=CARTESIAN_POINT('Origin',(41.2500001676381,22.500000372529,22.5000002980232));
#15752=CARTESIAN_POINT('',(41.2500001676381,22.500000372529,20.0000002980232));
#15753=CARTESIAN_POINT('Origin',(57.5,26.000000372529,24.0000002980232));
#15754=CARTESIAN_POINT('',(60.,22.7063307958041,25.1839516143182));
#15755=CARTESIAN_POINT('',(57.5,25.0589519220362,24.3382721026789));
#15756=CARTESIAN_POINT('Origin',(57.5,22.7063307958041,25.1839516143182));
#15757=CARTESIAN_POINT('Origin',(57.5,26.000000372529,24.0000002980232));
#15758=CARTESIAN_POINT('Origin',(60.,26.000000372529,24.0000002980232));
#15759=CARTESIAN_POINT('Origin',(57.5,26.000000372529,24.0000002980232));
#15760=CARTESIAN_POINT('',(59.4399559237062,26.000000372529,25.9231138043031));
#15761=CARTESIAN_POINT('Ctrl Pts',(59.4399559237062,26.000000372529,25.9231138043031));
#15762=CARTESIAN_POINT('Ctrl Pts',(59.4074311078176,25.8721759743533,25.8831003286966));
#15763=CARTESIAN_POINT('Ctrl Pts',(59.384784648806,25.7462376349735,25.8449915395447));
#15764=CARTESIAN_POINT('Ctrl Pts',(59.3533546004298,25.2933010355176,25.7125199901727));
#15765=CARTESIAN_POINT('Ctrl Pts',(59.4205095924541,25.0081194240963,25.6357375878297));
#15766=CARTESIAN_POINT('Ctrl Pts',(59.6705000088061,24.2583341900806,25.454316015031));
#15767=CARTESIAN_POINT('Ctrl Pts',(59.8672506209879,23.7931071986153,25.3552861668929));
#15768=CARTESIAN_POINT('Ctrl Pts',(59.9804156747295,23.0920058103411,25.2398146381719));
#15769=CARTESIAN_POINT('Ctrl Pts',(60.,22.9082131421159,25.211523226999));
#15770=CARTESIAN_POINT('Ctrl Pts',(60.,22.7063307958041,25.1839516143182));
#15771=CARTESIAN_POINT('',(57.5,26.000000372529,25.0000002980232));
#15772=CARTESIAN_POINT('Origin',(57.5,26.000000372529,27.5000002980232));
#15773=CARTESIAN_POINT('Origin',(57.5,26.000000372529,24.0000002980232));
#15774=CARTESIAN_POINT('Origin',(57.5,17.4999998975545,27.5000002980232));
#15775=CARTESIAN_POINT('',(59.9738619019956,29.0000004470348,27.1394350614089));
#15776=CARTESIAN_POINT('Ctrl Pts',(59.9738619019956,29.0000004470348,27.1394350614089));
#15777=CARTESIAN_POINT('Ctrl Pts',(59.9089725336836,28.1164198658769,26.694224819792));
#15778=CARTESIAN_POINT('Ctrl Pts',(59.7184756799728,27.0945990428723,26.2657612004158));
#15779=CARTESIAN_POINT('Ctrl Pts',(59.4399559237062,26.000000372529,25.923113804303));
#15780=CARTESIAN_POINT('',(57.5,29.0000004470348,25.0000002980232));
#15781=CARTESIAN_POINT('Origin',(57.5,29.0000004470348,27.5000002980232));
#15782=CARTESIAN_POINT('',(57.5,17.4999998975545,25.0000002980232));
#15783=CARTESIAN_POINT('Origin',(60.0000004470348,32.5000004470348,22.5000002980232));
#15784=CARTESIAN_POINT('',(55.,30.0000004470348,22.5000002980232));
#15785=CARTESIAN_POINT('',(60.0000004470348,30.0000004470348,22.5000002980232));
#15786=CARTESIAN_POINT('',(55.,32.5000004470348,20.0000002980232));
#15787=CARTESIAN_POINT('Origin',(55.,32.5000004470348,22.5000002980232));
#15788=CARTESIAN_POINT('',(60.0000004470348,32.5000004470348,20.0000002980232));
#15789=CARTESIAN_POINT('Ctrl Pts',(55.,32.5000004470348,20.0000002980232));
#15790=CARTESIAN_POINT('Ctrl Pts',(58.2732683535399,32.5000004470348,20.0000002980232));
#15791=CARTESIAN_POINT('Ctrl Pts',(59.5825756949558,32.5000004470348,23.0000002980232));
#15792=CARTESIAN_POINT('Ctrl Pts',(55.,30.0000004470348,20.0000002980232));
#15793=CARTESIAN_POINT('Ctrl Pts',(58.2732683535399,30.0000004470348,20.0000002980232));
#15794=CARTESIAN_POINT('Ctrl Pts',(59.5825756949558,30.0000004470348,23.0000002980232));
#15795=CARTESIAN_POINT('Ctrl Pts',(55.,30.0000004470348,22.5000002980232));
#15796=CARTESIAN_POINT('Ctrl Pts',(56.6366341767699,30.0000004470348,22.5000002980232));
#15797=CARTESIAN_POINT('Ctrl Pts',(57.2912878474779,30.0000004470348,24.0000002980232));
#15798=CARTESIAN_POINT('',(57.2912878474779,30.0000004470348,24.0000002980232));
#15799=CARTESIAN_POINT('',(59.5825756949558,32.5000004470348,23.0000002980232));
#15800=CARTESIAN_POINT('Origin',(57.2912878474779,32.5000004470348,24.0000002980232));
#15801=CARTESIAN_POINT('Origin',(55.,32.5000004470348,25.0000002980232));
#15802=CARTESIAN_POINT('Origin',(55.,30.0000004470348,25.0000002980232));
#15803=CARTESIAN_POINT('Ctrl Pts',(57.5,29.9583152945347,24.2857145837375));
#15804=CARTESIAN_POINT('Ctrl Pts',(57.5,29.9866907177056,24.190540521087));
#15805=CARTESIAN_POINT('Ctrl Pts',(57.4303274210152,30.0000004470348,24.0910230652131));
#15806=CARTESIAN_POINT('Ctrl Pts',(57.2912878474779,30.0000004470348,24.0000002980232));
#15807=CARTESIAN_POINT('Ctrl Pts',(58.2479982508547,29.9583152945347,24.2857145837375));
#15808=CARTESIAN_POINT('Ctrl Pts',(58.2294667912641,30.0145944600661,24.0995876381334));
#15809=CARTESIAN_POINT('Ctrl Pts',(58.1414215846563,30.0280769376726,23.8939205882304));
#15810=CARTESIAN_POINT('Ctrl Pts',(57.9768395683252,30.0000004470348,23.7008009976813));
#15811=CARTESIAN_POINT('Ctrl Pts',(59.5426833988389,30.5607122238909,24.4653146482012));
#15812=CARTESIAN_POINT('Ctrl Pts',(59.4946567668686,30.6503742856521,24.0511034802971));
#15813=CARTESIAN_POINT('Ctrl Pts',(59.3739378925431,30.6719340473133,23.609824761377));
#15814=CARTESIAN_POINT('Ctrl Pts',(59.1634381066797,30.6286006726577,23.1829269384877));
#15815=CARTESIAN_POINT('Ctrl Pts',(60.,31.816489041011,24.8397149585544));
#15816=CARTESIAN_POINT('Ctrl Pts',(59.9784566665807,31.9128079993468,24.2303343868763));
#15817=CARTESIAN_POINT('Ctrl Pts',(59.8418775889185,31.9518574341809,23.5947154647087));
#15818=CARTESIAN_POINT('Ctrl Pts',(59.5825756949558,31.9390017588938,23.0000002980232));
#15819=CARTESIAN_POINT('Ctrl Pts',(60.,32.3541024132845,25.0000002980232));
#15820=CARTESIAN_POINT('Ctrl Pts',(60.,32.4534163943829,24.3337818594683));
#15821=CARTESIAN_POINT('Ctrl Pts',(59.8606548420305,32.5000004470348,23.6371596683525));
#15822=CARTESIAN_POINT('Ctrl Pts',(59.5825756949558,32.5000004470348,23.0000002980232));
#15823=CARTESIAN_POINT('',(57.5,29.9583152945347,24.2857145837375));
#15824=CARTESIAN_POINT('Ctrl Pts',(57.2912878474779,30.0000004470348,24.0000002980232));
#15825=CARTESIAN_POINT('Ctrl Pts',(57.4303274210152,30.0000004470348,24.0910230652131));
#15826=CARTESIAN_POINT('Ctrl Pts',(57.5,29.9866907177056,24.190540521087));
#15827=CARTESIAN_POINT('Ctrl Pts',(57.5,29.9583152945347,24.2857145837375));
#15828=CARTESIAN_POINT('',(60.,32.3541024132845,25.0000002980232));
#15829=CARTESIAN_POINT('Origin',(57.5,32.3541024132845,25.0000002980232));
#15830=CARTESIAN_POINT('Ctrl Pts',(60.,32.3541024132845,25.0000002980232));
#15831=CARTESIAN_POINT('Ctrl Pts',(60.,32.4534163943829,24.3337818594683));
#15832=CARTESIAN_POINT('Ctrl Pts',(59.8606548420305,32.5000004470348,23.6371596683525));
#15833=CARTESIAN_POINT('Ctrl Pts',(59.5825756949558,32.5000004470348,23.0000002980232));
#15834=CARTESIAN_POINT('Origin',(57.5,29.0000004470348,24.0000002980232));
#15835=CARTESIAN_POINT('',(57.5,29.168870751035,24.9856385787464));
#15836=CARTESIAN_POINT('',(60.,29.5910465110355,27.4497342805542));
#15837=CARTESIAN_POINT('Origin',(57.5,29.5910465110355,27.4497342805542));
#15838=CARTESIAN_POINT('Origin',(60.,29.0000004470348,24.0000002980232));
#15839=CARTESIAN_POINT('Origin',(57.5,29.0000004470348,24.0000002980232));
#15840=CARTESIAN_POINT('Origin',(57.5,29.0000004470348,24.0000002980232));
#15841=CARTESIAN_POINT('Ctrl Pts',(60.,29.5910465110355,27.4497342805542));
#15842=CARTESIAN_POINT('Ctrl Pts',(60.,29.395417828822,27.3428251419693));
#15843=CARTESIAN_POINT('Ctrl Pts',(59.9884233261885,29.1982793328604,27.2393419545077));
#15844=CARTESIAN_POINT('Ctrl Pts',(59.9738619019956,29.0000004470348,27.1394350614089));
#15845=CARTESIAN_POINT('Origin',(57.5,29.0000004470348,24.0000002980232));
#15846=CARTESIAN_POINT('Origin',(31.8750003911555,26.000000372529,24.0000002980232));
#15847=CARTESIAN_POINT('',(18.5,26.000000372529,25.0000002980232));
#15848=CARTESIAN_POINT('',(31.8750003911555,26.000000372529,25.0000002980232));
#15849=CARTESIAN_POINT('Origin',(18.5,26.000000372529,24.0000002980232));
#15850=CARTESIAN_POINT('Origin',(41.2500004470348,27.5000004097819,25.0000002980232));
#15851=CARTESIAN_POINT('',(18.5,29.0000004470348,25.0000002980232));
#15852=CARTESIAN_POINT('',(22.5,29.0000004470348,25.0000002980232));
#15853=CARTESIAN_POINT('',(18.5,25.0000003166497,25.0000002980232));
#15854=CARTESIAN_POINT('Origin',(60.,7.49999938532711,7.50000055879354));
#15855=CARTESIAN_POINT('',(60.,39.9380866960598,43.4275182352723));
#15856=CARTESIAN_POINT('Origin',(60.,20.,45.));
#15857=CARTESIAN_POINT('',(60.,15.,57.0613714260085));
#15858=CARTESIAN_POINT('Origin',(60.,0.,0.));
#15859=CARTESIAN_POINT('',(60.,15.,65.));
#15860=CARTESIAN_POINT('',(60.,15.,36.2500002793968));
#15861=CARTESIAN_POINT('',(60.,34.9999987706542,65.));
#15862=CARTESIAN_POINT('',(60.,15.,65.));
#15863=CARTESIAN_POINT('',(60.,54.9999987706542,45.));
#15864=CARTESIAN_POINT('Origin',(60.,34.9999987706542,45.));
#15865=CARTESIAN_POINT('',(60.,54.9999987706542,25.0000002980232));
#15866=CARTESIAN_POINT('',(60.,54.9999987706542,29.9999703875871));
#15867=CARTESIAN_POINT('',(60.,52.348011802061,25.0000002980232));
#15868=CARTESIAN_POINT('',(60.,11.2499996926636,25.0000002980232));
#15869=CARTESIAN_POINT('',(60.,48.9939098358113,27.5000002980232));
#15870=CARTESIAN_POINT('Origin',(60.,48.9939098358113,24.0000002980232));
#15871=CARTESIAN_POINT('',(60.,46.0000006705523,27.5000002980232));
#15872=CARTESIAN_POINT('',(60.,27.4984773192544,27.5000002980232));
#15873=CARTESIAN_POINT('',(60.,42.6458987043026,25.0000002980232));
#15874=CARTESIAN_POINT('Origin',(60.,46.0000006705523,24.0000002980232));
#15875=CARTESIAN_POINT('',(60.,11.2499996926636,25.0000002980232));
#15876=CARTESIAN_POINT('Origin',(50.6250006705523,29.0000004470348,24.0000002980232));
#15877=CARTESIAN_POINT('',(18.5,30.0000004470348,24.0000002980232));
#15878=CARTESIAN_POINT('',(22.5,30.0000004470348,24.0000002980232));
#15879=CARTESIAN_POINT('Origin',(18.5,29.0000004470348,24.0000002980232));
#15880=CARTESIAN_POINT('Origin',(60.0000008940697,30.0000004470348,20.0000002980232));
#15881=CARTESIAN_POINT('',(18.5,30.0000004470348,20.0000002980232));
#15882=CARTESIAN_POINT('',(22.5,30.0000004470348,20.0000002980232));
#15883=CARTESIAN_POINT('',(18.5,30.0000004470348,16.2500001862645));
#15884=CARTESIAN_POINT('Origin',(67.5,12.5,-17.5000002980232));
#15885=CARTESIAN_POINT('',(80.,15.,-17.5000002980232));
#15886=CARTESIAN_POINT('',(75.6698729810778,12.5,-20.0000002980232));
#15887=CARTESIAN_POINT('Ctrl Pts',(75.6698729810778,12.5,-20.0000002980232));
#15888=CARTESIAN_POINT('Ctrl Pts',(75.8587924524875,12.8272181230206,-20.0000002980232));
#15889=CARTESIAN_POINT('Ctrl Pts',(76.0985328846754,13.1512251053346,-19.9329048126332));
#15890=CARTESIAN_POINT('Ctrl Pts',(76.6335116841082,13.7173135929515,-19.7048283256161));
#15891=CARTESIAN_POINT('Ctrl Pts',(76.9285892094304,13.9599966100049,-19.5449648042426));
#15892=CARTESIAN_POINT('Ctrl Pts',(77.6233563771264,14.4271272495737,-19.1348798681758));
#15893=CARTESIAN_POINT('Ctrl Pts',(78.0926934797934,14.6490819948923,-18.8266742962743));
#15894=CARTESIAN_POINT('Ctrl Pts',(79.0545453471543,14.9353717552978,-18.1690176116688));
#15895=CARTESIAN_POINT('Ctrl Pts',(79.5473287514513,15.,-17.8200872075202));
#15896=CARTESIAN_POINT('Ctrl Pts',(80.,15.,-17.5000002980232));
#15897=CARTESIAN_POINT('',(22.2912878505996,15.,-17.5000002980232));
#15898=CARTESIAN_POINT('',(67.5,15.,-17.5000002980232));
#15899=CARTESIAN_POINT('',(22.4494897416882,12.5,-20.0000002980232));
#15900=CARTESIAN_POINT('Ctrl Pts',(22.2912878505996,15.,-17.5000002980232));
#15901=CARTESIAN_POINT('Ctrl Pts',(22.2705608550317,15.,-17.5791528200853));
#15902=CARTESIAN_POINT('Ctrl Pts',(22.2497795367994,14.996216707402,-17.6568422178811));
#15903=CARTESIAN_POINT('Ctrl Pts',(22.1728848436382,14.9693166139446,-17.9454677348864));
#15904=CARTESIAN_POINT('Ctrl Pts',(22.1120698234431,14.91857064786,-18.1749975643129));
#15905=CARTESIAN_POINT('Ctrl Pts',(22.0246872933753,14.7506422159245,-18.6134244677156));
#15906=CARTESIAN_POINT('Ctrl Pts',(22.0000000013411,14.6330867537809,-18.8225512943042));
#15907=CARTESIAN_POINT('Ctrl Pts',(22.0000000013411,14.3669132354903,-19.1774493160474));
#15908=CARTESIAN_POINT('Ctrl Pts',(22.0246872933753,14.1990670101395,-19.3488580699496));
#15909=CARTESIAN_POINT('Ctrl Pts',(22.1120698234431,13.8251971417837,-19.6328288948862));
#15910=CARTESIAN_POINT('Ctrl Pts',(22.1728848436382,13.6190573752299,-19.7458133730925));
#15911=CARTESIAN_POINT('Ctrl Pts',(22.2874351684559,13.2175099650171,-19.9046742544489));
#15912=CARTESIAN_POINT('Ctrl Pts',(22.3515270172856,12.9872674569924,-19.9634850405353));
#15913=CARTESIAN_POINT('Ctrl Pts',(22.4196967426444,12.667951072915,-19.9957632527016));
#15914=CARTESIAN_POINT('Ctrl Pts',(22.4358113431457,12.5837627416073,-20.0000002980232));
#15915=CARTESIAN_POINT('Ctrl Pts',(22.4494897416882,12.5,-20.0000002980232));
#15916=CARTESIAN_POINT('',(67.5,12.5,-20.0000002980232));
#15917=CARTESIAN_POINT('Origin',(75.,15.,-20.0000002980232));
#15918=CARTESIAN_POINT('',(20.,15.,-20.0000002980232));
#15919=CARTESIAN_POINT('Origin',(20.,11.8749999916181,-20.0000002980232));
#15920=CARTESIAN_POINT('',(18.5,15.,-20.0000002980232));
#15921=CARTESIAN_POINT('',(22.5,15.,-20.0000002980232));
#15922=CARTESIAN_POINT('',(18.5,11.,-20.0000002980232));
#15923=CARTESIAN_POINT('',(18.5,22.4984774589528,-20.0000002980232));
#15924=CARTESIAN_POINT('',(75.1010205144336,11.,-20.0000002980232));
#15925=CARTESIAN_POINT('',(22.5,11.,-20.0000002980232));
#15926=CARTESIAN_POINT('Origin',(80.,10.,-20.0000002980232));
#15927=CARTESIAN_POINT('Origin',(20.,13.0000000053644,-18.5000002908707));
#15928=CARTESIAN_POINT('Origin',(20.,15.,-15.8333336512248));
#15929=CARTESIAN_POINT('',(22.4494897416882,42.5000006705523,20.0000002980232));
#15930=CARTESIAN_POINT('Origin',(20.,41.8750006621704,20.0000002980232));
#15931=CARTESIAN_POINT('',(22.2912878505996,45.0000006705523,22.5000002980232));
#15932=CARTESIAN_POINT('Ctrl Pts',(22.4494897416883,42.5000006705515,20.0000002980232));
#15933=CARTESIAN_POINT('Ctrl Pts',(22.4203878208084,42.6782128107648,20.0000002980232));
#15934=CARTESIAN_POINT('Ctrl Pts',(22.3799686433377,42.857478843627,20.0204455746912));
#15935=CARTESIAN_POINT('Ctrl Pts',(22.2693065001866,43.2943202650538,20.1124461491763));
#15936=CARTESIAN_POINT('Ctrl Pts',(22.1806227533735,43.5804530961111,20.2250694566577));
#15937=CARTESIAN_POINT('Ctrl Pts',(22.043838571897,44.0948490143792,20.5508613254104));
#15938=CARTESIAN_POINT('Ctrl Pts',(22.0000000013411,44.3236805932396,20.7649068633579));
#15939=CARTESIAN_POINT('Ctrl Pts',(22.0000000013411,44.5000006651878,21.0000002908707));
#15940=CARTESIAN_POINT('Ctrl Pts',(22.0000000013411,44.6763207371361,21.2350937183834));
#15941=CARTESIAN_POINT('Ctrl Pts',(22.0438385718969,44.8177316134847,21.5147047837033));
#15942=CARTESIAN_POINT('Ctrl Pts',(22.1655882776917,44.9679152634705,22.0354423916251));
#15943=CARTESIAN_POINT('Ctrl Pts',(22.2315644279378,45.0000006705523,22.2719277095776));
#15944=CARTESIAN_POINT('Ctrl Pts',(22.2912878505996,45.0000006705523,22.5000002980232));
#15945=CARTESIAN_POINT('',(20.,45.0000006705523,20.0000002980232));
#15946=CARTESIAN_POINT('Origin',(20.,45.0000006705523,24.1666669448217));
#15947=CARTESIAN_POINT('',(20.,15.,-20.0000002980232));
#15948=CARTESIAN_POINT('Origin',(22.5,15.,-20.0000002980232));
#15949=CARTESIAN_POINT('',(18.5,45.0000006705523,20.0000002980232));
#15950=CARTESIAN_POINT('',(22.5,45.0000006705523,20.0000002980232));
#15951=CARTESIAN_POINT('',(17.5,46.0000006705523,21.3333336214224));
#15952=CARTESIAN_POINT('Origin',(18.5,46.0000006705523,21.3333336214224));
#15953=CARTESIAN_POINT('',(17.5,14.2499999944121,-21.0000002980232));
#15954=CARTESIAN_POINT('',(17.5,15.,-20.0000002980232));
#15955=CARTESIAN_POINT('Origin',(18.5,14.2499999944121,-21.0000002980232));
#15956=CARTESIAN_POINT('Origin',(22.5,45.0000006705523,20.0000002980232));
#15957=CARTESIAN_POINT('',(55.,45.0000006705523,22.5000002980232));
#15958=CARTESIAN_POINT('',(41.25,45.0000006705523,22.5000002980232));
#15959=CARTESIAN_POINT('',(57.2912878474777,45.0000006705522,24.0000002980231));
#15960=CARTESIAN_POINT('Origin',(55.,45.0000006705523,25.0000002980232));
#15961=CARTESIAN_POINT('',(18.5,45.0000006705523,24.0000002980232));
#15962=CARTESIAN_POINT('',(31.8750002235174,45.0000006705523,24.0000002980232));
#15963=CARTESIAN_POINT('',(18.5,45.0000006705523,10.0000002235174));
#15964=CARTESIAN_POINT('Origin',(20.,35.6819513688299,-2.47678839761962));
#15965=CARTESIAN_POINT('',(22.5,34.1614029300268,-4.43211949724075));
#15966=CARTESIAN_POINT('',(22.5,36.3097936717241,-1.66942208874163));
#15967=CARTESIAN_POINT('Ctrl Pts',(22.5,36.3097936717239,-1.6694220887418));
#15968=CARTESIAN_POINT('Ctrl Pts',(22.5,35.8522766719505,-2.0517504545333));
#15969=CARTESIAN_POINT('Ctrl Pts',(22.4929428443155,35.4388603150086,-2.48360505406479));
#15970=CARTESIAN_POINT('Ctrl Pts',(22.4929428443155,35.0874173204214,-2.93553897443452));
#15971=CARTESIAN_POINT('Ctrl Pts',(22.4929428443155,34.7359743258341,-3.38747289480424));
#15972=CARTESIAN_POINT('Ctrl Pts',(22.5,34.4192571054833,-3.89452484643928));
#15973=CARTESIAN_POINT('Ctrl Pts',(22.5,34.1614029300269,-4.43211949724051));
#15974=CARTESIAN_POINT('',(22.5,18.1669462397917,-25.));
#15975=CARTESIAN_POINT('',(22.5,35.6819513688299,-2.47678839761962));
#15976=CARTESIAN_POINT('',(20.,15.,-25.));
#15977=CARTESIAN_POINT('Origin',(20.,18.1669462397917,-25.));
#15978=CARTESIAN_POINT('',(20.,49.9939098358113,20.0000002980232));
#15979=CARTESIAN_POINT('',(20.,33.7084413920988,-0.942103292543397));
#15980=CARTESIAN_POINT('',(22.5,49.9939098358113,15.9275036149401));
#15981=CARTESIAN_POINT('Origin',(20.,49.9939098358113,15.9275036149401));
#15982=CARTESIAN_POINT('',(22.5,35.6819513688299,-2.47678839761962));
#15983=CARTESIAN_POINT('Origin',(22.5,15.,-20.0000002980232));
#15984=CARTESIAN_POINT('',(22.5,33.410830563825,-6.99999984353781));
#15985=CARTESIAN_POINT('Origin',(22.5,41.600000243634,-7.99999982118607));
#15986=CARTESIAN_POINT('',(22.5,33.3000016026199,-6.99999984353781));
#15987=CARTESIAN_POINT('',(22.5,49.8999988846481,-6.99999984353781));
#15988=CARTESIAN_POINT('',(22.5,33.3000016026199,-8.99999979883432));
#15989=CARTESIAN_POINT('',(22.5,33.3000016026199,-6.99999984353781));
#15990=CARTESIAN_POINT('',(22.5,33.410830563825,-8.99999979883432));
#15991=CARTESIAN_POINT('',(22.5,33.3000016026199,-8.99999979883432));
#15992=CARTESIAN_POINT('',(22.5,49.789169923443,-8.99999979883432));
#15993=CARTESIAN_POINT('Origin',(22.5,41.600000243634,-7.99999982118607));
#15994=CARTESIAN_POINT('',(22.5,49.8999988846481,-8.99999979883432));
#15995=CARTESIAN_POINT('',(22.5,33.3000016026199,-8.99999979883432));
#15996=CARTESIAN_POINT('',(22.5,49.8999988846481,-6.99999984353781));
#15997=CARTESIAN_POINT('',(22.5,49.8999988846481,-8.99999979883432));
#15998=CARTESIAN_POINT('',(22.5,49.789169923443,-6.99999984353781));
#15999=CARTESIAN_POINT('',(22.5,49.8999988846481,-6.99999984353781));
#16000=CARTESIAN_POINT('Origin',(22.5,41.600000243634,-7.99999982118607));
#16001=CARTESIAN_POINT('',(22.5,49.9939098358113,22.5000002980232));
#16002=CARTESIAN_POINT('',(22.5,49.9939098358113,0.));
#16003=CARTESIAN_POINT('',(22.5,52.4939098358113,20.0000002980232));
#16004=CARTESIAN_POINT('Origin',(22.5,52.4939098358113,22.5000002980232));
#16005=CARTESIAN_POINT('',(22.5,55.0000008195639,20.0000002980232));
#16006=CARTESIAN_POINT('',(22.5,15.,20.0000002980232));
#16007=CARTESIAN_POINT('',(22.5,55.0000008195639,-14.5));
#16008=CARTESIAN_POINT('',(22.5,55.0000008195639,20.0000002980232));
#16009=CARTESIAN_POINT('',(22.5,44.5000008195639,-25.));
#16010=CARTESIAN_POINT('Origin',(22.5,44.5000008195639,-14.5));
#16011=CARTESIAN_POINT('',(22.5,15.,-25.));
#16012=CARTESIAN_POINT('Origin',(60.0000004470348,52.4939098358113,22.5000002980232));
#16013=CARTESIAN_POINT('',(55.,49.9939098358113,22.5000002980232));
#16014=CARTESIAN_POINT('',(60.0000004470348,49.9939098358113,22.5000002980232));
#16015=CARTESIAN_POINT('',(55.,52.4939098358113,20.0000002980232));
#16016=CARTESIAN_POINT('Origin',(55.,52.4939098358113,22.5000002980232));
#16017=CARTESIAN_POINT('',(60.0000004470348,52.4939098358113,20.0000002980232));
#16018=CARTESIAN_POINT('Ctrl Pts',(55.,52.4939098358113,20.0000002980232));
#16019=CARTESIAN_POINT('Ctrl Pts',(58.2732683535399,52.4939098358113,20.0000002980232));
#16020=CARTESIAN_POINT('Ctrl Pts',(59.5825756949558,52.4939098358113,23.0000002980232));
#16021=CARTESIAN_POINT('Ctrl Pts',(55.,49.9939098358113,20.0000002980232));
#16022=CARTESIAN_POINT('Ctrl Pts',(58.2732683535399,49.9939098358113,20.0000002980232));
#16023=CARTESIAN_POINT('Ctrl Pts',(59.5825756949558,49.9939098358113,23.0000002980232));
#16024=CARTESIAN_POINT('Ctrl Pts',(55.,49.9939098358113,22.5000002980232));
#16025=CARTESIAN_POINT('Ctrl Pts',(56.6366341767699,49.9939098358113,22.5000002980232));
#16026=CARTESIAN_POINT('Ctrl Pts',(57.2912878474779,49.9939098358113,24.0000002980232));
#16027=CARTESIAN_POINT('',(57.2912878474779,49.9939098358113,24.0000002980232));
#16028=CARTESIAN_POINT('',(59.5825756949558,52.4939098358113,23.0000002980232));
#16029=CARTESIAN_POINT('Origin',(57.2912878474779,52.4939098358113,24.0000002980232));
#16030=CARTESIAN_POINT('Origin',(55.,52.4939098358113,25.0000002980232));
#16031=CARTESIAN_POINT('Origin',(55.,49.9939098358113,25.0000002980232));
#16032=CARTESIAN_POINT('Ctrl Pts',(57.5,49.9522246833112,24.2857145837375));
#16033=CARTESIAN_POINT('Ctrl Pts',(57.5,49.9806326891543,24.1904312354819));
#16034=CARTESIAN_POINT('Ctrl Pts',(57.4303004045838,49.9939098358113,24.0910053788071));
#16035=CARTESIAN_POINT('Ctrl Pts',(57.2912878474779,49.9939098358113,24.0000002980232));
#16036=CARTESIAN_POINT('Ctrl Pts',(58.2479982508547,49.9522246833112,24.2857145837375));
#16037=CARTESIAN_POINT('Ctrl Pts',(58.2294455121286,50.0085684725696,24.0993739139814));
#16038=CARTESIAN_POINT('Ctrl Pts',(58.1413896051367,50.0219808709764,23.8938830636462));
#16039=CARTESIAN_POINT('Ctrl Pts',(57.9768395683252,49.9939098358113,23.7008009976813));
#16040=CARTESIAN_POINT('Ctrl Pts',(59.5426378617381,50.5546860050896,24.4653338463122));
#16041=CARTESIAN_POINT('Ctrl Pts',(59.4945560821846,50.6444510231854,24.0506470517853));
#16042=CARTESIAN_POINT('Ctrl Pts',(59.3738552554143,50.6659022094791,23.6097600267699));
#16043=CARTESIAN_POINT('Ctrl Pts',(59.1633963712374,50.622577254823,23.182945153328));
#16044=CARTESIAN_POINT('Ctrl Pts',(60.,51.8103984297875,24.8397149585543));
#16045=CARTESIAN_POINT('Ctrl Pts',(59.9784319289982,51.9068279883783,24.2296346529099));
#16046=CARTESIAN_POINT('Ctrl Pts',(59.8418272046165,51.9457643250032,23.5945999070932));
#16047=CARTESIAN_POINT('Ctrl Pts',(59.5825756949558,51.9329111476703,23.0000002980232));
#16048=CARTESIAN_POINT('Ctrl Pts',(60.,52.348011802061,25.0000002980232));
#16049=CARTESIAN_POINT('Ctrl Pts',(60.,52.4474398225118,24.3330168602343));
#16050=CARTESIAN_POINT('Ctrl Pts',(59.8606008091675,52.4939098358113,23.6370358635101));
#16051=CARTESIAN_POINT('Ctrl Pts',(59.5825756949558,52.4939098358113,23.0000002980232));
#16052=CARTESIAN_POINT('',(57.5,49.9522246833112,24.2857145837375));
#16053=CARTESIAN_POINT('Origin',(57.5,52.348011802061,25.0000002980232));
#16054=CARTESIAN_POINT('Ctrl Pts',(60.,52.348011802061,25.0000002980232));
#16055=CARTESIAN_POINT('Ctrl Pts',(60.,52.4474398225118,24.3330168602343));
#16056=CARTESIAN_POINT('Ctrl Pts',(59.8606008091675,52.4939098358113,23.6370358635101));
#16057=CARTESIAN_POINT('Ctrl Pts',(59.5825756949558,52.4939098358113,23.0000002980232));
#16058=CARTESIAN_POINT('Ctrl Pts',(57.2912878474779,49.9939098358113,24.0000002980232));
#16059=CARTESIAN_POINT('Ctrl Pts',(57.4303004045838,49.9939098358113,24.0910053788071));
#16060=CARTESIAN_POINT('Ctrl Pts',(57.5,49.9806326891543,24.1904312354819));
#16061=CARTESIAN_POINT('Ctrl Pts',(57.5,49.9522246833112,24.2857145837375));
#16062=CARTESIAN_POINT('Origin',(57.5,27.4984773192544,27.5000002980232));
#16063=CARTESIAN_POINT('',(57.5,46.0000006705523,25.0000002980232));
#16064=CARTESIAN_POINT('Origin',(57.5,46.0000006705523,27.5000002980232));
#16065=CARTESIAN_POINT('',(57.5,48.9939098358113,25.0000002980232));
#16066=CARTESIAN_POINT('Origin',(57.5,48.9939098358113,27.5000002980232));
#16067=CARTESIAN_POINT('',(57.5,27.4984773192544,25.0000002980232));
#16068=CARTESIAN_POINT('Origin',(57.5,48.9939098358113,24.0000002980232));
#16069=CARTESIAN_POINT('Origin',(57.5,48.9939098358113,24.0000002980232));
#16070=CARTESIAN_POINT('Ctrl Pts',(60.,42.6458987043026,25.0000002980232));
#16071=CARTESIAN_POINT('Ctrl Pts',(60.,42.5465847201489,24.3337818389714));
#16072=CARTESIAN_POINT('Ctrl Pts',(59.8606548505858,42.5000006705522,23.6371596879545));
#16073=CARTESIAN_POINT('Ctrl Pts',(59.5825756949553,42.5000006705523,23.000000298022));
#16074=CARTESIAN_POINT('Ctrl Pts',(60.,43.3627165340006,24.7862865120647));
#16075=CARTESIAN_POINT('Ctrl Pts',(59.9706430177452,43.2669629563267,24.1957925097981));
#16076=CARTESIAN_POINT('Ctrl Pts',(59.835372119032,43.2302757651506,23.5810325306431));
#16077=CARTESIAN_POINT('Ctrl Pts',(59.5825756949553,43.247998921407,23.0000002980221));
#16078=CARTESIAN_POINT('Ctrl Pts',(59.3713611242978,44.6034074327807,24.4163839535664));
#16079=CARTESIAN_POINT('Ctrl Pts',(59.3260514334528,44.5160062692675,24.0421082157678));
#16080=CARTESIAN_POINT('Ctrl Pts',(59.2097653545624,44.4967260649675,23.6398631787476));
#16081=CARTESIAN_POINT('Ctrl Pts',(59.006418648416,44.5426578761513,23.2514558483033));
#16082=CARTESIAN_POINT('Ctrl Pts',(58.060998688141,45.0416858230523,24.2857145837375));
#16083=CARTESIAN_POINT('Ctrl Pts',(58.0475567008163,44.9927193425128,24.1223248845411));
#16084=CARTESIAN_POINT('Ctrl Pts',(57.9638270851634,44.979397012076,23.9428928315824));
#16085=CARTESIAN_POINT('Ctrl Pts',(57.805451638113,45.0000006705523,23.7756008227665));
#16086=CARTESIAN_POINT('Ctrl Pts',(57.5,45.0416858230523,24.2857145837375));
#16087=CARTESIAN_POINT('Ctrl Pts',(57.5,45.0133103990088,24.1905405181599));
#16088=CARTESIAN_POINT('Ctrl Pts',(57.4303274252927,45.0000006705522,24.091023068013));
#16089=CARTESIAN_POINT('Ctrl Pts',(57.2912878474776,45.0000006705523,24.000000298023));
#16090=CARTESIAN_POINT('',(59.5825756949553,42.5000006705523,23.000000298022));
#16091=CARTESIAN_POINT('Origin',(57.2912878474776,42.5000006705523,24.0000002980226));
#16092=CARTESIAN_POINT('Ctrl Pts',(59.5825756949553,42.5000006705523,23.000000298022));
#16093=CARTESIAN_POINT('Ctrl Pts',(59.8606548505858,42.5000006705522,23.6371596879545));
#16094=CARTESIAN_POINT('Ctrl Pts',(60.,42.5465847201489,24.3337818389714));
#16095=CARTESIAN_POINT('Ctrl Pts',(60.,42.6458987043026,25.0000002980232));
#16096=CARTESIAN_POINT('',(57.5,45.0416858230523,24.2857145837375));
#16097=CARTESIAN_POINT('Origin',(57.5,42.6458987043026,25.0000002980232));
#16098=CARTESIAN_POINT('Ctrl Pts',(57.5,45.0416858230523,24.2857145837375));
#16099=CARTESIAN_POINT('Ctrl Pts',(57.5,45.0133103990088,24.1905405181599));
#16100=CARTESIAN_POINT('Ctrl Pts',(57.4303274252927,45.0000006705522,24.091023068013));
#16101=CARTESIAN_POINT('Ctrl Pts',(57.2912878474776,45.0000006705523,24.000000298023));
#16102=CARTESIAN_POINT('Ctrl Pts',(59.5825756949557,42.5000006705523,23.0000002980229));
#16103=CARTESIAN_POINT('Ctrl Pts',(58.2732683535396,42.5000006705523,20.0000002980232));
#16104=CARTESIAN_POINT('Ctrl Pts',(55.,42.5000006705523,20.0000002980232));
#16105=CARTESIAN_POINT('Ctrl Pts',(59.5825756949557,45.0000006705525,23.0000002980229));
#16106=CARTESIAN_POINT('Ctrl Pts',(58.2732683535396,45.0000006705525,20.0000002980232));
#16107=CARTESIAN_POINT('Ctrl Pts',(55.,45.0000006705525,20.0000002980232));
#16108=CARTESIAN_POINT('Ctrl Pts',(57.2912878474777,45.0000006705523,24.0000002980231));
#16109=CARTESIAN_POINT('Ctrl Pts',(56.6366341767697,45.0000006705523,22.5000002980234));
#16110=CARTESIAN_POINT('Ctrl Pts',(55.,45.0000006705523,22.5000002980234));
#16111=CARTESIAN_POINT('',(55.,42.5000006705523,20.0000002980232));
#16112=CARTESIAN_POINT('Origin',(55.,42.5000006705523,22.5000002980232));
#16113=CARTESIAN_POINT('Origin',(55.,42.5000006705523,25.0000002980232));
#16114=CARTESIAN_POINT('Origin',(41.25,42.5000006705523,22.5000002980232));
#16115=CARTESIAN_POINT('',(41.25,42.5000006705523,20.0000002980232));
#16116=CARTESIAN_POINT('Origin',(57.5,46.0000006705523,24.0000002980232));
#16117=CARTESIAN_POINT('Origin',(57.5,46.0000006705523,24.0000002980232));
#16118=CARTESIAN_POINT('Origin',(60.0000008940697,49.9939098358113,20.0000002980232));
#16119=CARTESIAN_POINT('',(18.5,49.9939098358113,20.0000002980232));
#16120=CARTESIAN_POINT('',(22.5,49.9939098358113,20.0000002980232));
#16121=CARTESIAN_POINT('',(18.5,49.9939098358113,24.0000002980232));
#16122=CARTESIAN_POINT('',(18.5,49.9939098358113,10.0000002235174));
#16123=CARTESIAN_POINT('',(50.6250006705523,49.9939098358113,24.0000002980232));
#16124=CARTESIAN_POINT('Origin',(60.,15.,20.0000002980232));
#16125=CARTESIAN_POINT('',(55.,55.0000008195639,20.0000002980232));
#16126=CARTESIAN_POINT('',(55.,11.2499996926636,20.0000002980232));
#16127=CARTESIAN_POINT('',(60.,55.0000008195639,20.0000002980232));
#16128=CARTESIAN_POINT('Origin',(55.,11.2499996926636,25.0000002980232));
#16129=CARTESIAN_POINT('Origin',(55.,55.0000008195639,25.0000002980232));
#16130=CARTESIAN_POINT('Origin',(60.,7.49999938532711,7.50000055879354));
#16131=CARTESIAN_POINT('',(60.,20.,25.0000002980232));
#16132=CARTESIAN_POINT('',(60.,11.2499996926636,25.0000002980232));
#16133=CARTESIAN_POINT('Origin',(60.,20.,45.));
#16134=CARTESIAN_POINT('Origin',(18.5,22.4984774589528,-24.));
#16135=CARTESIAN_POINT('',(17.5,15.7776424356457,-24.));
#16136=CARTESIAN_POINT('',(18.5,15.,-25.));
#16137=CARTESIAN_POINT('Origin',(18.5,15.7776424356457,-24.));
#16138=CARTESIAN_POINT('',(18.5,11.,-25.));
#16139=CARTESIAN_POINT('',(18.5,22.4984774589528,-25.));
#16140=CARTESIAN_POINT('',(17.5,11.,-24.));
#16141=CARTESIAN_POINT('Origin',(18.5,11.,-24.));
#16142=CARTESIAN_POINT('',(17.5,22.4984774589528,-24.));
#16143=CARTESIAN_POINT('Origin',(18.5,11.,-11.25));
#16144=CARTESIAN_POINT('',(18.5,10.,-24.));
#16145=CARTESIAN_POINT('Origin',(18.5,11.,-24.));
#16146=CARTESIAN_POINT('',(18.5,10.0000001490116,-21.0000002980232));
#16147=CARTESIAN_POINT('',(18.5,10.,-11.25));
#16148=CARTESIAN_POINT('',(17.5,11.,-21.0000002980232));
#16149=CARTESIAN_POINT('Origin',(18.5,11.,-21.0000002980232));
#16150=CARTESIAN_POINT('',(17.5,11.,-11.25));
#16151=CARTESIAN_POINT('Origin',(18.5,11.,-24.));
#16152=CARTESIAN_POINT('Origin',(18.5,11.,-24.));
#16153=CARTESIAN_POINT('Origin',(18.5,22.4984774589528,-21.0000002980232));
#16154=CARTESIAN_POINT('Origin',(18.5,11.,-21.0000002980232));
#16155=CARTESIAN_POINT('',(17.5,22.4984774589528,-21.0000002980232));
#16156=CARTESIAN_POINT('Origin',(18.5,11.,-21.0000002980232));
#16157=CARTESIAN_POINT('Origin',(18.5,11.,-21.0000002980232));
#16158=CARTESIAN_POINT('Origin',(22.5,15.,-25.));
#16159=CARTESIAN_POINT('',(22.5,15.,-25.));
#16160=CARTESIAN_POINT('',(27.5,44.5000008195639,-25.));
#16161=CARTESIAN_POINT('',(60.,44.5000008195639,-25.));
#16162=CARTESIAN_POINT('',(27.5,20.0000001862645,-25.));
#16163=CARTESIAN_POINT('',(27.5,45.0000006146729,-25.));
#16164=CARTESIAN_POINT('',(60.,20.0000001862645,-25.));
#16165=CARTESIAN_POINT('',(80.,15.,-25.));
#16166=CARTESIAN_POINT('',(22.5,15.,-25.));
#16167=CARTESIAN_POINT('',(75.1010205144337,11.,-25.));
#16168=CARTESIAN_POINT('Origin',(80.,10.,-25.));
#16169=CARTESIAN_POINT('',(35.625,11.,-25.));
#16170=CARTESIAN_POINT('Origin',(22.5,49.9939098358113,20.0000002980232));
#16171=CARTESIAN_POINT('',(17.5,48.9939098358113,18.7140622445402));
#16172=CARTESIAN_POINT('',(17.5,49.9939098358113,20.0000002980232));
#16173=CARTESIAN_POINT('Origin',(18.5,48.9939098358113,18.7140622445402));
#16174=CARTESIAN_POINT('Origin',(17.5,29.9969549179056,1.49011611938477E-7));
#16175=CARTESIAN_POINT('',(17.5,46.0000006705523,24.0000002980232));
#16176=CARTESIAN_POINT('',(17.5,46.0000006705523,10.0000002235174));
#16177=CARTESIAN_POINT('',(17.5,48.9939098358113,24.0000002980232));
#16178=CARTESIAN_POINT('',(17.5,38.7469550855437,24.0000002980232));
#16179=CARTESIAN_POINT('',(17.5,48.9939098358113,10.0000002235174));
#16180=CARTESIAN_POINT('Origin',(18.5,26.000000372529,16.2500001862645));
#16181=CARTESIAN_POINT('',(17.5,26.000000372529,24.0000002980232));
#16182=CARTESIAN_POINT('Origin',(18.5,26.000000372529,24.0000002980232));
#16183=CARTESIAN_POINT('',(17.5,26.000000372529,16.2500001862645));
#16184=CARTESIAN_POINT('Origin',(18.5,25.0000003166497,24.0000002980232));
#16185=CARTESIAN_POINT('Origin',(18.5,26.000000372529,24.0000002980232));
#16186=CARTESIAN_POINT('',(17.5,29.0000004470348,24.0000002980232));
#16187=CARTESIAN_POINT('Origin',(18.5,29.0000004470348,24.0000002980232));
#16188=CARTESIAN_POINT('',(17.5,25.0000003166497,24.0000002980232));
#16189=CARTESIAN_POINT('Origin',(18.5,26.000000372529,24.0000002980232));
#16190=CARTESIAN_POINT('Origin',(18.5,29.0000004470348,16.2500001862645));
#16191=CARTESIAN_POINT('',(17.5,29.0000004470348,18.666666974624));
#16192=CARTESIAN_POINT('Origin',(18.5,29.0000004470348,18.666666974624));
#16193=CARTESIAN_POINT('',(17.5,29.0000004470348,16.2500001862645));
#16194=CARTESIAN_POINT('Origin',(18.5,29.0000004470348,24.0000002980232));
#16195=CARTESIAN_POINT('Origin',(18.5,29.0000004470348,24.0000002980232));
#16196=CARTESIAN_POINT('Origin',(17.5,22.5000002235174,12.5000000745058));
#16197=CARTESIAN_POINT('',(17.5,15.,-1.49011611938477E-7));
#16198=CARTESIAN_POINT('',(17.5,30.0000004470348,20.0000002980232));
#16199=CARTESIAN_POINT('',(17.5,15.,-1.49011611504796E-7));
#16200=CARTESIAN_POINT('Origin',(22.5,30.0000004470348,20.0000002980232));
#16201=CARTESIAN_POINT('',(22.5,15.,-1.49011611504796E-7));
#16202=CARTESIAN_POINT('Origin',(18.5,46.0000006705523,10.0000002235174));
#16203=CARTESIAN_POINT('Origin',(18.5,46.0000006705523,24.0000002980232));
#16204=CARTESIAN_POINT('Origin',(18.5,38.7469550855437,24.0000002980232));
#16205=CARTESIAN_POINT('',(18.5,46.0000006705523,25.0000002980232));
#16206=CARTESIAN_POINT('Origin',(18.5,46.0000006705523,24.0000002980232));
#16207=CARTESIAN_POINT('',(18.5,48.9939098358113,25.0000002980232));
#16208=CARTESIAN_POINT('',(18.5,38.7469550855437,25.0000002980232));
#16209=CARTESIAN_POINT('Origin',(18.5,48.9939098358113,24.0000002980232));
#16210=CARTESIAN_POINT('Origin',(18.5,46.0000006705523,24.0000002980232));
#16211=CARTESIAN_POINT('Origin',(18.5,46.0000006705523,24.0000002980232));
#16212=CARTESIAN_POINT('Origin',(18.5,48.9939098358113,10.0000002235174));
#16213=CARTESIAN_POINT('Origin',(18.5,48.9939098358113,24.0000002980232));
#16214=CARTESIAN_POINT('Origin',(18.5,48.9939098358113,24.0000002980232));
#16215=CARTESIAN_POINT('Origin',(18.5,48.9939098358113,24.0000002980232));
#16216=CARTESIAN_POINT('Origin',(22.5,15.,-20.0000002980232));
#16217=CARTESIAN_POINT('',(22.5,15.,17.5000002980232));
#16218=CARTESIAN_POINT('',(22.5,15.,-25.));
#16219=CARTESIAN_POINT('',(22.5,17.5,20.0000002980232));
#16220=CARTESIAN_POINT('Origin',(22.5,17.5,17.5000002980232));
#16221=CARTESIAN_POINT('',(22.5,15.,20.0000002980232));
#16222=CARTESIAN_POINT('Origin',(80.,10.,-25.));
#16223=CARTESIAN_POINT('',(80.,15.,-50.0000148056244));
#16224=CARTESIAN_POINT('',(75.,10.,-21.0000002980232));
#16225=CARTESIAN_POINT('Ctrl Pts',(75.1010205144336,11.,-20.0000002980232));
#16226=CARTESIAN_POINT('Ctrl Pts',(75.0756932034203,10.8759220229213,-20.0000002980232));
#16227=CARTESIAN_POINT('Ctrl Pts',(75.053863962094,10.7424307718902,-20.0245662220809));
#16228=CARTESIAN_POINT('Ctrl Pts',(75.0230712601229,10.4956263414614,-20.1262607646238));
#16229=CARTESIAN_POINT('Ctrl Pts',(75.0138359792795,10.3823618025785,-20.2034249330717));
#16230=CARTESIAN_POINT('Ctrl Pts',(75.003379195607,10.2041598747055,-20.3816268609446));
#16231=CARTESIAN_POINT('Ctrl Pts',(75.0013573090612,10.1271884618334,-20.4940535989842));
#16232=CARTESIAN_POINT('Ctrl Pts',(74.9998024851917,10.0251090756897,-20.7404434959882));
#16233=CARTESIAN_POINT('Ctrl Pts',(75.,10.,-20.8744044235331));
#16234=CARTESIAN_POINT('Ctrl Pts',(75.,10.,-21.0000002980232));
#16235=CARTESIAN_POINT('',(75.,10.,-24.));
#16236=CARTESIAN_POINT('',(75.,10.,-20.0000002980232));
#16237=CARTESIAN_POINT('Ctrl Pts',(75.,10.,-24.));
#16238=CARTESIAN_POINT('Ctrl Pts',(75.,10.,-24.1255958744901));
#16239=CARTESIAN_POINT('Ctrl Pts',(74.9998024851917,10.0251090756897,-24.259556802035));
#16240=CARTESIAN_POINT('Ctrl Pts',(75.0013573090612,10.1271884618334,-24.505946699039));
#16241=CARTESIAN_POINT('Ctrl Pts',(75.003379195607,10.2041598747055,-24.6183734370786));
#16242=CARTESIAN_POINT('Ctrl Pts',(75.0138359792795,10.3823618025785,-24.7965753649516));
#16243=CARTESIAN_POINT('Ctrl Pts',(75.0230712601229,10.4956263414614,-24.8737395333994));
#16244=CARTESIAN_POINT('Ctrl Pts',(75.053863962094,10.7424307718902,-24.9754340759423));
#16245=CARTESIAN_POINT('Ctrl Pts',(75.0756932034203,10.8759220229213,-25.));
#16246=CARTESIAN_POINT('Ctrl Pts',(75.1010205144336,11.,-25.));
#16247=CARTESIAN_POINT('Origin',(60.,15.,-25.));
#16248=CARTESIAN_POINT('',(80.,15.,65.));
#16249=CARTESIAN_POINT('',(80.,15.,-50.0000148056244));
#16250=CARTESIAN_POINT('',(102.5,15.,65.));
#16251=CARTESIAN_POINT('',(60.,15.,25.6350832689629));
#16252=CARTESIAN_POINT('',(60.,15.,36.2500002793968));
#16253=CARTESIAN_POINT('',(62.5,15.,25.5828361229086));
#16254=CARTESIAN_POINT('Ctrl Pts',(62.5,15.,25.5828361229086));
#16255=CARTESIAN_POINT('Ctrl Pts',(61.6392512233807,15.,25.6177666929319));
#16256=CARTESIAN_POINT('Ctrl Pts',(60.7973405530591,15.,25.6350832689629));
#16257=CARTESIAN_POINT('Ctrl Pts',(60.,15.,25.6350832689629));
#16258=CARTESIAN_POINT('',(62.5,15.,25.0000002980232));
#16259=CARTESIAN_POINT('',(62.5,15.,-8.74999972060323));
#16260=CARTESIAN_POINT('',(55.,15.,17.5000002980232));
#16261=CARTESIAN_POINT('Origin',(55.,15.,25.0000002980232));
#16262=CARTESIAN_POINT('',(60.,15.,17.5000002980232));
#16263=CARTESIAN_POINT('Origin',(60.,15.,-25.));
#16264=CARTESIAN_POINT('',(80.,15.,-50.0000148056244));
#16265=CARTESIAN_POINT('Origin',(31.8750002235174,46.0000006705523,24.0000002980232));
#16266=CARTESIAN_POINT('',(22.5,46.0000006705523,25.0000002980232));
#16267=CARTESIAN_POINT('Origin',(50.6250006705523,48.9939098358113,24.0000002980232));
#16268=CARTESIAN_POINT('',(22.5,48.9939098358113,25.0000002980232));
#16269=CARTESIAN_POINT('Origin',(60.,15.,20.0000002980232));
#16270=CARTESIAN_POINT('',(55.,11.2499996926636,20.0000002980232));
#16271=CARTESIAN_POINT('Origin',(55.,11.2499996926636,25.0000002980232));
#16272=CARTESIAN_POINT('Origin',(41.2500004470348,47.4969552531818,25.0000002980232));
#16273=CARTESIAN_POINT('Origin',(55.,11.2499996926636,25.0000002980232));
#16274=CARTESIAN_POINT('',(55.,17.5,20.0000002980232));
#16275=CARTESIAN_POINT('',(55.,11.2499996926636,20.0000002980232));
#16276=CARTESIAN_POINT('',(60.,17.5,25.0000002980232));
#16277=CARTESIAN_POINT('Origin',(55.,17.5,25.0000002980232));
#16278=CARTESIAN_POINT('',(60.,11.2499996926636,25.0000002980232));
#16279=CARTESIAN_POINT('Origin',(60.,15.,20.0000002980232));
#16280=CARTESIAN_POINT('',(60.,17.5,20.0000002980232));
#16281=CARTESIAN_POINT('Origin',(60.,44.5000008195639,-14.5));
#16282=CARTESIAN_POINT('',(27.5,55.0000008195639,-14.5));
#16283=CARTESIAN_POINT('',(60.,55.0000008195639,-14.5));
#16284=CARTESIAN_POINT('Origin',(27.5,44.5000008195639,-14.5));
#16285=CARTESIAN_POINT('Origin',(27.5,35.0000004097819,-2.49999985098839));
#16286=CARTESIAN_POINT('',(27.5,55.0000008195639,15.0000002235174));
#16287=CARTESIAN_POINT('',(27.5,55.0000008195639,8.75000022351742));
#16288=CARTESIAN_POINT('',(27.5,22.5000001862645,15.0000002235174));
#16289=CARTESIAN_POINT('',(27.5,55.0000008195639,15.0000002235174));
#16290=CARTESIAN_POINT('',(27.5,20.0000001862645,12.5000002235174));
#16291=CARTESIAN_POINT('Origin',(27.5,22.5000001862645,12.5000002235174));
#16292=CARTESIAN_POINT('',(27.5,20.0000001862645,20.0000002980232));
#16293=CARTESIAN_POINT('',(27.5,49.850000243634,-7.99999982118607));
#16294=CARTESIAN_POINT('Origin',(27.5,41.600000243634,-7.99999982118607));
#16295=CARTESIAN_POINT('Origin',(60.,22.5000001862645,12.5000002235174));
#16296=CARTESIAN_POINT('',(60.,22.5000001862645,15.0000002235174));
#16297=CARTESIAN_POINT('',(60.,20.0000001862645,12.5000002235174));
#16298=CARTESIAN_POINT('Origin',(60.,55.0000008195639,15.0000002235174));
#16299=CARTESIAN_POINT('',(60.,55.0000008195639,15.0000002235174));
#16300=CARTESIAN_POINT('Origin',(62.5,17.5,-8.74999972060323));
#16301=CARTESIAN_POINT('',(60.,17.5,25.1568651670156));
#16302=CARTESIAN_POINT('Ctrl Pts',(60.,17.5,25.1568651670156));
#16303=CARTESIAN_POINT('Ctrl Pts',(60.,17.4602603738421,25.1618718893017));
#16304=CARTESIAN_POINT('Ctrl Pts',(60.0009475329994,17.4205396647414,25.1669975796222));
#16305=CARTESIAN_POINT('Ctrl Pts',(60.005994695337,17.314741909121,25.1809727204526));
#16306=CARTESIAN_POINT('Ctrl Pts',(60.011772957166,17.2488057887281,25.1900194598732));
#16307=CARTESIAN_POINT('Ctrl Pts',(60.0364440469381,17.0556761598079,25.2174892875088));
#16308=CARTESIAN_POINT('Ctrl Pts',(60.0625327035283,16.9297215117664,25.236665218733));
#16309=CARTESIAN_POINT('Ctrl Pts',(60.1876092882604,16.496565519888,25.3066038277568));
#16310=CARTESIAN_POINT('Ctrl Pts',(60.3362121863239,16.2069867367779,25.3609394583261));
#16311=CARTESIAN_POINT('Ctrl Pts',(60.7307681014071,15.7057167354365,25.4614679287649));
#16312=CARTESIAN_POINT('Ctrl Pts',(60.9719073190742,15.4960103059301,25.50683807327));
#16313=CARTESIAN_POINT('Ctrl Pts',(61.5234293838307,15.1765580800117,25.5717134793014));
#16314=CARTESIAN_POINT('Ctrl Pts',(61.8284536011624,15.0705538384534,25.5900765371199));
#16315=CARTESIAN_POINT('Ctrl Pts',(62.1464466094067,15.0251262658471,25.5900765371199));
#16316=CARTESIAN_POINT('Ctrl Pts',(62.2637966601499,15.0083619728838,25.5900765371199));
#16317=CARTESIAN_POINT('Ctrl Pts',(62.3819300657704,15.,25.5876275907763));
#16318=CARTESIAN_POINT('Ctrl Pts',(62.4999999999999,15.,25.5828361229087));
#16319=CARTESIAN_POINT('',(60.,17.5,-8.74999972060323));
#16320=CARTESIAN_POINT('Origin',(62.5,17.5,25.0000002980232));
#16321=CARTESIAN_POINT('Origin',(55.,17.5,25.0000002980232));
#16322=CARTESIAN_POINT('Origin',(55.,17.5,17.5000002980232));
#16323=CARTESIAN_POINT('Origin',(60.,17.5,17.5000002980232));
#16324=CARTESIAN_POINT('Origin',(60.,7.49999938532711,7.50000055879354));
#16325=CARTESIAN_POINT('Origin',(60.,20.,45.));
#16326=CARTESIAN_POINT('Origin',(79.2293430042521,55.,-49.7716820024372));
#16327=CARTESIAN_POINT('',(74.0000011175871,55.,9.99996927116406));
#16328=CARTESIAN_POINT('',(74.0000011175871,27.4999997019767,9.99996927116407));
#16329=CARTESIAN_POINT('',(79.2493182407177,55.,-50.));
#16330=CARTESIAN_POINT('',(76.1273774011109,55.0000008195639,-14.3160529171674));
#16331=CARTESIAN_POINT('',(79.5117842938723,55.,-53.0000007152557));
#16332=CARTESIAN_POINT('',(79.1605234305996,55.,-48.9850706761356));
#16333=CARTESIAN_POINT('',(79.5117842312956,11.9999997690319,-53.0000000000003));
#16334=CARTESIAN_POINT('',(77.3245676796505,30.0000004470348,-28.0000004172325));
#16335=CARTESIAN_POINT('',(78.2869429953836,30.0000004470348,-39.0000006109476));
#16336=CARTESIAN_POINT('',(78.2681264946137,30.0000004470348,-38.7849270229929));
#16337=CARTESIAN_POINT('',(78.2869429953836,53.0000007897615,-39.0000006109476));
#16338=CARTESIAN_POINT('',(78.2869429953836,42.5000002235174,-39.0000006109476));
#16339=CARTESIAN_POINT('',(77.3245676796505,53.0000007897615,-28.0000004172325));
#16340=CARTESIAN_POINT('',(78.8324830804408,53.0000007897615,-45.2355523164044));
#16341=CARTESIAN_POINT('',(77.3245676796505,54.0000003948808,-28.0000004172325));
#16342=CARTESIAN_POINT('',(75.5747943569847,49.850000243634,-7.99999982118607));
#16343=CARTESIAN_POINT('Origin',(75.5747943569847,41.600000243634,-7.99999982118607));
#16344=CARTESIAN_POINT('Origin',(58.5000000000001,55.,-50.));
#16345=CARTESIAN_POINT('',(138.5,55.,-50.));
#16346=CARTESIAN_POINT('',(138.5,55.,-53.0000007897615));
#16347=CARTESIAN_POINT('Origin',(82.0000011175871,41.5000006183982,-34.5000005140901));
#16348=CARTESIAN_POINT('',(82.0000011175871,30.0000004470348,-39.0000006109476));
#16349=CARTESIAN_POINT('',(82.0000011175871,53.0000007897615,-39.0000006109476));
#16350=CARTESIAN_POINT('',(82.0000011175871,35.7500005327165,-39.0000006109476));
#16351=CARTESIAN_POINT('',(82.0000011175871,30.0000004470348,-28.0000004172325));
#16352=CARTESIAN_POINT('',(82.0000011175871,30.0000004470348,-28.0000004172325));
#16353=CARTESIAN_POINT('',(82.0000011175871,53.0000007897615,-28.0000004172325));
#16354=CARTESIAN_POINT('',(82.0000011175871,53.0000007897615,-28.0000004172325));
#16355=CARTESIAN_POINT('',(82.0000011175871,53.0000007897615,-41.0000006109476));
#16356=CARTESIAN_POINT('Origin',(75.0000011175871,30.0000004470348,-39.0000006109476));
#16357=CARTESIAN_POINT('',(75.0000011175871,30.0000004470348,-39.0000006109476));
#16358=CARTESIAN_POINT('',(80.0000011175871,53.0000007897615,-39.0000006109476));
#16359=CARTESIAN_POINT('Origin',(75.0000011175871,53.0000007897615,-41.0000006109476));
#16360=CARTESIAN_POINT('',(75.0000011175871,53.0000007897615,-28.0000004172325));
#16361=CARTESIAN_POINT('Origin',(75.0000011175871,30.0000004470348,-28.0000004172325));
#16362=CARTESIAN_POINT('',(75.0000011175871,30.0000004470348,-28.0000004172325));
#16363=CARTESIAN_POINT('Origin',(75.0000011175871,53.0000007897615,-28.0000004172325));
#16364=CARTESIAN_POINT('Origin',(98.5000000000001,71.4999995128877,-87.5000025033951));
#16365=CARTESIAN_POINT('',(68.25,71.4999995128877,-93.0000025033951));
#16366=CARTESIAN_POINT('',(68.25,76.9999995128877,-87.5000023702294));
#16367=CARTESIAN_POINT('Origin',(68.25,71.4999995128877,-87.5000025033951));
#16368=CARTESIAN_POINT('',(98.5000000000001,76.9999995128877,-87.5000023702294));
#16369=CARTESIAN_POINT('',(98.5000000000001,71.4999995128877,-93.0000025033951));
#16370=CARTESIAN_POINT('Origin',(138.5,77.0000011469973,-154.991902771302));
#16371=CARTESIAN_POINT('',(68.25,76.9999999971264,-107.50000250434));
#16372=CARTESIAN_POINT('',(68.25,77.0000004510022,-126.2459526164));
#16373=CARTESIAN_POINT('',(98.5000000000001,76.9999999971264,-107.50000250434));
#16374=CARTESIAN_POINT('',(138.5,77.0000011473894,-154.991902771302));
#16375=CARTESIAN_POINT('',(138.5,76.9999992102384,-75.));
#16376=CARTESIAN_POINT('Origin',(98.5000000000001,71.4999999971265,-107.500002637506));
#16377=CARTESIAN_POINT('',(68.25,71.4999999971265,-102.000002637506));
#16378=CARTESIAN_POINT('Origin',(68.25,71.4999999971265,-107.500002637506));
#16379=CARTESIAN_POINT('',(98.5000000000001,71.4999999971265,-102.000002637506));
#16380=CARTESIAN_POINT('Origin',(58.5,76.9999994784594,-102.000002637506));
#16381=CARTESIAN_POINT('',(68.25,67.9999993443489,-102.000002637506));
#16382=CARTESIAN_POINT('',(68.25,70.2499993778765,-102.000002637506));
#16383=CARTESIAN_POINT('',(58.5,67.9999993443489,-102.000002637506));
#16384=CARTESIAN_POINT('Origin',(98.5,-49.5000006556511,-171.500002637506));
#16385=CARTESIAN_POINT('',(68.25,-44.0000006556511,-171.500002637506));
#16386=CARTESIAN_POINT('Origin',(68.25,-49.5000006556511,-171.500002637506));
#16387=CARTESIAN_POINT('',(98.5,-44.0000006556511,-171.500002637506));
#16388=CARTESIAN_POINT('Origin',(58.5,-44.0000006556511,-177.000002637506));
#16389=CARTESIAN_POINT('',(68.25,-44.0000006556511,-170.250002536923));
#16390=CARTESIAN_POINT('Origin',(138.5,56.4999994784594,-171.431679421237));
#16391=CARTESIAN_POINT('',(68.25,56.9999992246881,-176.908905019455));
#16392=CARTESIAN_POINT('',(68.25,50.9999994784594,-171.431679421237));
#16393=CARTESIAN_POINT('Origin',(68.25,56.4999994784594,-171.431679421237));
#16394=CARTESIAN_POINT('',(138.5,56.9999992246881,-176.908905019455));
#16395=CARTESIAN_POINT('',(138.5,50.9999994784594,-171.431679421237));
#16396=CARTESIAN_POINT('Origin',(58.5,50.9999994784594,-168.000002503395));
#16397=CARTESIAN_POINT('',(68.25,50.9999994784594,-174.750002603978));
#16398=CARTESIAN_POINT('Origin',(58.5,67.9999993443489,-93.0000025033951));
#16399=CARTESIAN_POINT('',(68.25,67.9999993443489,-93.0000025033951));
#16400=CARTESIAN_POINT('',(58.5,67.9999993443489,-93.0000025033951));
#16401=CARTESIAN_POINT('',(68.25,74.7499994449317,-93.0000025033951));
#16402=CARTESIAN_POINT('Origin',(66.5,74.1583118312926,-100.000002607703));
#16403=CARTESIAN_POINT('',(66.5,70.8416869915156,-100.000002607703));
#16404=CARTESIAN_POINT('',(66.5,74.1583118312926,-100.000002607703));
#16405=CARTESIAN_POINT('',(66.5,73.3291556213484,-100.000002607703));
#16406=CARTESIAN_POINT('',(68.25,70.8416869915156,-100.000002607703));
#16407=CARTESIAN_POINT('',(66.5,70.8416869915156,-100.000002607703));
#16408=CARTESIAN_POINT('',(68.25,74.1583118312926,-100.000002607703));
#16409=CARTESIAN_POINT('',(68.25,73.3291556213484,-100.000002607703));
#16410=CARTESIAN_POINT('',(66.5,74.1583118312926,-100.000002607703));
#16411=CARTESIAN_POINT('Origin',(66.5,72.4999994114041,-97.5000025704503));
#16412=CARTESIAN_POINT('',(66.5,74.1583118312926,-95.0000025331974));
#16413=CARTESIAN_POINT('Origin',(66.5,72.4999994114041,-97.5000025704503));
#16414=CARTESIAN_POINT('',(68.25,74.1583118312926,-95.0000025331974));
#16415=CARTESIAN_POINT('Origin',(68.25,72.4999994114041,-97.5000025704503));
#16416=CARTESIAN_POINT('',(66.5,74.1583118312926,-95.0000025331974));
#16417=CARTESIAN_POINT('Origin',(66.5,70.8416869915156,-95.0000025331974));
#16418=CARTESIAN_POINT('',(66.5,70.8416869915156,-95.0000025331974));
#16419=CARTESIAN_POINT('',(66.5,71.6708432014599,-95.0000025331974));
#16420=CARTESIAN_POINT('',(68.25,70.8416869915156,-95.0000025331974));
#16421=CARTESIAN_POINT('',(68.25,71.6708432014599,-95.0000025331974));
#16422=CARTESIAN_POINT('',(66.5,70.8416869915156,-95.0000025331974));
#16423=CARTESIAN_POINT('Origin',(66.5,72.4999994114041,-97.5000025704503));
#16424=CARTESIAN_POINT('Origin',(66.5,72.4999994114041,-97.5000025704503));
#16425=CARTESIAN_POINT('Origin',(68.25,72.4999994114041,-97.5000025704503));
#16426=CARTESIAN_POINT('Origin',(68.25,72.4999994114041,-97.5000025704503));
#16427=CARTESIAN_POINT('',(68.25,67.9999993443489,-95.2500025369227));
#16428=CARTESIAN_POINT('Origin',(66.5,72.4999994114041,-97.5000025704503));
#16429=CARTESIAN_POINT('',(66.5,73.7500058095911,-97.5000025704503));
#16430=CARTESIAN_POINT('Origin',(66.5,72.4999994114041,-97.5000025704503));
#16431=CARTESIAN_POINT('Origin',(58.5,72.4999994114041,-97.5000025704503));
#16432=CARTESIAN_POINT('',(58.5,73.7500058095911,-97.5000025704503));
#16433=CARTESIAN_POINT('Origin',(58.5,67.9999993443489,-102.000002637506));
#16434=CARTESIAN_POINT('Origin',(66.5,48.1583118312926,-175.000002607703));
#16435=CARTESIAN_POINT('',(66.5,44.8416869915157,-175.000002607703));
#16436=CARTESIAN_POINT('',(66.5,48.1583118312926,-175.000002607703));
#16437=CARTESIAN_POINT('',(66.5,47.3291556213484,-175.000002607703));
#16438=CARTESIAN_POINT('',(68.25,44.8416869915157,-175.000002607703));
#16439=CARTESIAN_POINT('',(66.5,44.8416869915157,-175.000002607703));
#16440=CARTESIAN_POINT('',(68.25,48.1583118312926,-175.000002607703));
#16441=CARTESIAN_POINT('',(68.25,47.3291556213484,-175.000002607703));
#16442=CARTESIAN_POINT('',(66.5,48.1583118312926,-175.000002607703));
#16443=CARTESIAN_POINT('Origin',(66.5,46.4999994114041,-172.50000257045));
#16444=CARTESIAN_POINT('',(66.5,48.1583118312926,-170.000002533197));
#16445=CARTESIAN_POINT('Origin',(66.5,46.4999994114041,-172.50000257045));
#16446=CARTESIAN_POINT('',(68.25,48.1583118312926,-170.000002533197));
#16447=CARTESIAN_POINT('Origin',(68.25,46.4999994114041,-172.50000257045));
#16448=CARTESIAN_POINT('',(66.5,48.1583118312926,-170.000002533197));
#16449=CARTESIAN_POINT('Origin',(66.5,44.8416869915157,-170.000002533197));
#16450=CARTESIAN_POINT('',(66.5,44.8416869915157,-170.000002533197));
#16451=CARTESIAN_POINT('',(66.5,45.6708432014599,-170.000002533197));
#16452=CARTESIAN_POINT('',(68.25,44.8416869915157,-170.000002533197));
#16453=CARTESIAN_POINT('',(68.25,45.6708432014599,-170.000002533197));
#16454=CARTESIAN_POINT('',(66.5,44.8416869915157,-170.000002533197));
#16455=CARTESIAN_POINT('Origin',(66.5,46.4999994114041,-172.50000257045));
#16456=CARTESIAN_POINT('Origin',(66.5,46.4999994114041,-172.50000257045));
#16457=CARTESIAN_POINT('Origin',(68.25,46.4999994114041,-172.50000257045));
#16458=CARTESIAN_POINT('Origin',(68.25,46.4999994114041,-172.50000257045));
#16459=CARTESIAN_POINT('Origin',(68.25,55.,-155.));
#16460=CARTESIAN_POINT('Origin',(66.5,46.4999994114041,-172.50000257045));
#16461=CARTESIAN_POINT('',(66.5,47.7500058095911,-172.50000257045));
#16462=CARTESIAN_POINT('Origin',(66.5,46.4999994114041,-172.50000257045));
#16463=CARTESIAN_POINT('Origin',(58.5,46.4999994114041,-172.50000257045));
#16464=CARTESIAN_POINT('',(58.5,47.7500058095911,-172.50000257045));
#16465=CARTESIAN_POINT('Origin',(66.5,-37.8416881687074,-175.000002607703));
#16466=CARTESIAN_POINT('',(66.5,-41.1583130084843,-175.000002607703));
#16467=CARTESIAN_POINT('',(66.5,-37.8416881687074,-175.000002607703));
#16468=CARTESIAN_POINT('',(66.5,-38.6708443786516,-175.000002607703));
#16469=CARTESIAN_POINT('',(68.25,-41.1583130084843,-175.000002607703));
#16470=CARTESIAN_POINT('',(66.5,-41.1583130084843,-175.000002607703));
#16471=CARTESIAN_POINT('',(68.25,-37.8416881687074,-175.000002607703));
#16472=CARTESIAN_POINT('',(68.25,-38.6708443786516,-175.000002607703));
#16473=CARTESIAN_POINT('',(66.5,-37.8416881687074,-175.000002607703));
#16474=CARTESIAN_POINT('Origin',(66.5,-39.5000005885959,-172.50000257045));
#16475=CARTESIAN_POINT('',(66.5,-37.8416881687074,-170.000002533197));
#16476=CARTESIAN_POINT('Origin',(66.5,-39.5000005885959,-172.50000257045));
#16477=CARTESIAN_POINT('',(68.25,-37.8416881687074,-170.000002533197));
#16478=CARTESIAN_POINT('Origin',(68.25,-39.5000005885959,-172.50000257045));
#16479=CARTESIAN_POINT('',(66.5,-37.8416881687074,-170.000002533197));
#16480=CARTESIAN_POINT('Origin',(66.5,-41.1583130084843,-170.000002533197));
#16481=CARTESIAN_POINT('',(66.5,-41.1583130084843,-170.000002533197));
#16482=CARTESIAN_POINT('',(66.5,-40.3291567985401,-170.000002533197));
#16483=CARTESIAN_POINT('',(68.25,-41.1583130084843,-170.000002533197));
#16484=CARTESIAN_POINT('',(68.25,-40.3291567985401,-170.000002533197));
#16485=CARTESIAN_POINT('',(66.5,-41.1583130084843,-170.000002533197));
#16486=CARTESIAN_POINT('Origin',(66.5,-39.5000005885959,-172.50000257045));
#16487=CARTESIAN_POINT('Origin',(66.5,-39.5000005885959,-172.50000257045));
#16488=CARTESIAN_POINT('Origin',(68.25,-39.5000005885959,-172.50000257045));
#16489=CARTESIAN_POINT('Origin',(68.25,-39.5000005885959,-172.50000257045));
#16490=CARTESIAN_POINT('Origin',(66.5,-39.5000005885959,-172.50000257045));
#16491=CARTESIAN_POINT('',(66.5,-38.2499941904089,-172.50000257045));
#16492=CARTESIAN_POINT('Origin',(66.5,-39.5000005885959,-172.50000257045));
#16493=CARTESIAN_POINT('Origin',(58.5,-39.5000005885959,-172.50000257045));
#16494=CARTESIAN_POINT('',(58.5,-38.2499941904089,-172.50000257045));
#16495=CARTESIAN_POINT('Origin',(108.189171752335,50.,46.5000007003546));
#16496=CARTESIAN_POINT('',(91.765163397611,50.,46.5000007003546));
#16497=CARTESIAN_POINT('',(108.234839582621,50.,46.5000007003546));
#16498=CARTESIAN_POINT('',(104.094586621225,50.,46.5000007003546));
#16499=CARTESIAN_POINT('',(91.765163397611,42.,46.5000007003546));
#16500=CARTESIAN_POINT('',(91.765163397611,0.,46.5000007003546));
#16501=CARTESIAN_POINT('',(108.234839582621,42.,46.5000007003546));
#16502=CARTESIAN_POINT('',(104.094585131109,42.,46.5000007003546));
#16503=CARTESIAN_POINT('',(108.234839582621,0.,46.5000007003546));
#16504=CARTESIAN_POINT('Origin',(91.8108252674331,50.,45.5000006705523));
#16505=CARTESIAN_POINT('',(108.234839582621,50.,45.5000006705523));
#16506=CARTESIAN_POINT('',(91.765163397611,50.,45.5000006705523));
#16507=CARTESIAN_POINT('',(95.9054133787746,50.,45.5000006705523));
#16508=CARTESIAN_POINT('',(108.234839582621,42.,45.5000006705523));
#16509=CARTESIAN_POINT('',(108.234839582621,0.,45.5000006705523));
#16510=CARTESIAN_POINT('',(91.765163397611,42.,45.5000006705523));
#16511=CARTESIAN_POINT('',(95.9054118886585,42.,45.5000006705523));
#16512=CARTESIAN_POINT('',(91.765163397611,0.,45.5000006705523));
#16513=CARTESIAN_POINT('Origin',(99.9999985098839,42.,46.0000006854534));
#16514=CARTESIAN_POINT('Origin',(100.000001490116,42.,46.0000006854534));
#16515=CARTESIAN_POINT('',(108.250005031005,42.,46.0000006854534));
#16516=CARTESIAN_POINT('Origin',(100.000001490116,42.,46.0000006854534));
#16517=CARTESIAN_POINT('Origin',(100.000001490116,42.,46.0000006854534));
#16518=CARTESIAN_POINT('Origin',(100.000001490116,50.,46.0000006854534));
#16519=CARTESIAN_POINT('Origin',(100.000001490116,50.,46.0000006854534));
#16520=CARTESIAN_POINT('Origin',(100.000001490116,50.,46.0000006854534));
#16521=CARTESIAN_POINT('Origin',(100.000001490116,50.,46.0000006854534));
#16522=CARTESIAN_POINT('Origin',(84.5,41.600000243634,-7.99999982118607));
#16523=CARTESIAN_POINT('',(84.5,33.410830563825,-8.99999979883432));
#16524=CARTESIAN_POINT('',(84.5,49.789169923443,-8.99999979883432));
#16525=CARTESIAN_POINT('',(84.5,37.5054154037295,-8.99999979883432));
#16526=CARTESIAN_POINT('Origin',(84.5,41.600000243634,-7.99999982118607));
#16527=CARTESIAN_POINT('Origin',(84.5,41.600000243634,-7.99999982118607));
#16528=CARTESIAN_POINT('',(84.5,49.789169923443,-6.99999984353781));
#16529=CARTESIAN_POINT('',(84.5,33.410830563825,-6.99999984353781));
#16530=CARTESIAN_POINT('',(84.5,45.6945850835385,-6.99999984353781));
#16531=CARTESIAN_POINT('Origin',(84.5,41.600000243634,-7.99999982118607));
#16532=CARTESIAN_POINT('Origin',(24.5,41.600000243634,-7.99999982118607));
#16533=CARTESIAN_POINT('',(76.5,49.850000243634,-7.99999982118606));
#16534=CARTESIAN_POINT('',(24.5,49.850000243634,-7.99999982118606));
#16535=CARTESIAN_POINT('',(76.5,49.789169923443,-6.99999984353781));
#16536=CARTESIAN_POINT('Origin',(76.5,41.600000243634,-7.99999982118607));
#16537=CARTESIAN_POINT('',(84.5,49.789169923443,-6.99999984353781));
#16538=CARTESIAN_POINT('',(76.5,33.410830563825,-6.99999984353781));
#16539=CARTESIAN_POINT('',(84.5,33.410830563825,-6.99999984353781));
#16540=CARTESIAN_POINT('',(76.5,33.410830563825,-8.99999979883432));
#16541=CARTESIAN_POINT('Origin',(76.5,41.600000243634,-7.99999982118607));
#16542=CARTESIAN_POINT('',(84.5,33.410830563825,-8.99999979883432));
#16543=CARTESIAN_POINT('',(76.5,49.789169923443,-8.99999979883432));
#16544=CARTESIAN_POINT('',(84.5,49.789169923443,-8.99999979883432));
#16545=CARTESIAN_POINT('Origin',(76.5,41.600000243634,-7.99999982118607));
#16546=CARTESIAN_POINT('Origin',(40.7499932118607,-5.96046580980669E-7,
9.99996927116407));
#16547=CARTESIAN_POINT('',(50.3749966059303,54.9999987706542,9.99996927116406));
#16548=CARTESIAN_POINT('Origin',(138.5,-55.,-50.));
#16549=CARTESIAN_POINT('',(138.5,54.9999987706542,-50.));
#16550=CARTESIAN_POINT('',(130.499999999999,55.,-50.0000007450581));
#16551=CARTESIAN_POINT('',(99.25,54.9999987706542,-50.));
#16552=CARTESIAN_POINT('',(138.499999999999,56.0000008344648,-50.0000007450581));
#16553=CARTESIAN_POINT('',(138.5,-27.5,-50.));
#16554=CARTESIAN_POINT('',(130.499999999999,56.0000008344648,-50.0000007450581));
#16555=CARTESIAN_POINT('',(130.499999999999,56.0000008344648,-50.0000007450581));
#16556=CARTESIAN_POINT('',(130.499999999999,35.2500008977949,-50.0000007450581));
#16557=CARTESIAN_POINT('Origin',(130.499999999999,-64.9971596924945,-115.000001713634));
#16558=CARTESIAN_POINT('',(130.499999999999,-65.3485383261472,-156.700002317131));
#16559=CARTESIAN_POINT('',(130.499999999999,-63.6514587904781,-156.700002317131));
#16560=CARTESIAN_POINT('Origin',(130.499999999999,-64.4999985583127,-158.399996459484));
#16561=CARTESIAN_POINT('',(130.499999999999,-70.995739143861,-156.700002317131));
#16562=CARTESIAN_POINT('Origin',(130.499999999999,-64.9971596924945,-115.000001713634));
#16563=CARTESIAN_POINT('',(130.499999999999,-70.995739143861,-156.700002317131));
#16564=CARTESIAN_POINT('',(130.499999999999,-62.5999986052513,-158.399996459484));
#16565=CARTESIAN_POINT('Origin',(130.499999999999,-64.4999985583127,-158.399996459484));
#16566=CARTESIAN_POINT('',(130.499999999999,-62.4999986074865,-158.399996459484));
#16567=CARTESIAN_POINT('',(130.499999999999,-63.6485791499905,-158.399996459484));
#16568=CARTESIAN_POINT('',(130.499999999999,-62.4999986074865,-163.099996354431));
#16569=CARTESIAN_POINT('',(130.499999999999,-62.4999986074865,-139.049999034032));
#16570=CARTESIAN_POINT('',(130.499999999999,-53.0000007897615,-163.099996354431));
#16571=CARTESIAN_POINT('',(130.499999999999,-51.0000007599592,-82.5000006705523));
#16572=CARTESIAN_POINT('Origin',(75.,10.9999997168779,-66.5000008419156));
#16573=CARTESIAN_POINT('',(130.499999999999,10.9999997168779,-53.));
#16574=CARTESIAN_POINT('',(75.,10.9999997168779,-66.5000008419156));
#16575=CARTESIAN_POINT('',(80.,10.9999997168779,-61.0000007599592));
#16576=CARTESIAN_POINT('Origin',(75.,6.4999996498227,-66.5000008419156));
#16577=CARTESIAN_POINT('Origin',(75.,0.999999340166204,-108.985006899687));
#16578=CARTESIAN_POINT('',(75.,0.999999567866303,-61.0000007599592));
#16579=CARTESIAN_POINT('Origin',(75.,10.9999997168779,-61.0000007599592));
#16580=CARTESIAN_POINT('Origin',(130.499999999999,-51.0000007897615,-53.0910984909124));
#16581=CARTESIAN_POINT('',(130.499999999999,-51.0000007599592,-82.5000006705523));
#16582=CARTESIAN_POINT('',(75.9999999999995,-51.0000007897615,-73.3000011101365));
#16583=CARTESIAN_POINT('',(130.499999999999,-51.0000007897615,-73.3000011101365));
#16584=CARTESIAN_POINT('',(75.9999999999995,-51.0000007897615,-53.0910984909124));
#16585=CARTESIAN_POINT('',(75.9999999999994,-51.0000007897615,-84.045550102273));
#16586=CARTESIAN_POINT('',(130.499999999999,-51.0000007897615,-53.0910984909124));
#16587=CARTESIAN_POINT('Origin',(77.4999999999995,-53.0000007897615,-53.0910984909124));
#16588=CARTESIAN_POINT('',(75.9999999999995,-53.0000007897615,-53.0910984909124));
#16589=CARTESIAN_POINT('',(138.499999999999,-53.0000007897615,-53.0910984909124));
#16590=CARTESIAN_POINT('',(130.499999999999,-53.0000007897615,-53.0910984909124));
#16591=CARTESIAN_POINT('',(138.499999999999,-51.0000007897615,-53.0910984909124));
#16592=CARTESIAN_POINT('',(138.499999999999,-53.0000007897615,-53.0910984909124));
#16593=CARTESIAN_POINT('',(103.999999999999,-51.0000007599592,-53.0910984909124));
#16594=CARTESIAN_POINT('',(75.9999999999995,-58.998580241128,-53.0910984909124));
#16595=CARTESIAN_POINT('Origin',(130.499999999999,-51.0000007599592,-50.));
#16596=CARTESIAN_POINT('',(138.499999999999,-51.0000007897615,-66.5000009909272));
#16597=CARTESIAN_POINT('',(134.499999999999,-51.0000007599592,-66.5000009909272));
#16598=CARTESIAN_POINT('',(138.499999999999,-51.0000007897615,-163.099996354431));
#16599=CARTESIAN_POINT('',(130.499999999999,-51.0000007599592,-163.099996354431));
#16600=CARTESIAN_POINT('',(138.499999999999,-51.0000007599592,-82.5000006705523));
#16601=CARTESIAN_POINT('Origin',(130.499999999999,-51.0000007599592,-50.));
#16602=CARTESIAN_POINT('',(138.5,-51.0000007599592,-53.0000007897615));
#16603=CARTESIAN_POINT('',(138.499999999999,-51.0000007599592,-82.5000006705523));
#16604=CARTESIAN_POINT('',(134.5,-51.0000007599592,-53.0000007897615));
#16605=CARTESIAN_POINT('Origin',(130.499999999999,-51.0000007897615,-155.500002317131));
#16606=CARTESIAN_POINT('',(75.9999999999994,-51.0000007897615,-176.908904936355));
#16607=CARTESIAN_POINT('',(130.499999999999,-51.0000007897615,-176.908904936355));
#16608=CARTESIAN_POINT('',(75.9999999999994,-51.0000007897615,-156.700002317131));
#16609=CARTESIAN_POINT('',(75.9999999999994,-51.0000007897615,-135.250002015382));
#16610=CARTESIAN_POINT('',(130.499999999999,-51.0000007897615,-156.700002317131));
#16611=CARTESIAN_POINT('Origin',(138.499999999999,-53.0000007897615,-176.908904936355));
#16612=CARTESIAN_POINT('',(138.499999999999,-53.0000007897615,-176.908904936355));
#16613=CARTESIAN_POINT('',(75.9999999999994,-53.0000007897615,-176.908904936355));
#16614=CARTESIAN_POINT('',(130.499999999999,-53.0000007897615,-176.908904936355));
#16615=CARTESIAN_POINT('',(75.9999999999995,-58.9985802411281,-176.908904936355));
#16616=CARTESIAN_POINT('',(138.499999999999,-51.0000007897615,-176.908904936355));
#16617=CARTESIAN_POINT('',(134.499999999999,-51.0000007599592,-176.908904936355));
#16618=CARTESIAN_POINT('',(138.499999999999,-53.0000007897615,-176.908904936355));
#16619=CARTESIAN_POINT('Origin',(130.499999999999,-51.0000007599592,-50.));
#16620=CARTESIAN_POINT('',(138.499999999999,-51.0000007599592,-82.5000006705523));
#16621=CARTESIAN_POINT('Origin',(130.499999999999,14.5000009611249,-115.000001341105));
#16622=CARTESIAN_POINT('Origin',(130.499999999999,55.,-75.));
#16623=CARTESIAN_POINT('Origin',(130.499999999999,55.0000008195639,-75.0000011175871));
#16624=CARTESIAN_POINT('Origin',(130.499999999999,55.0000008195639,-75.0000011175871));
#16625=CARTESIAN_POINT('Origin',(138.499999999999,55.0000008195639,-75.0000011175871));
#16626=CARTESIAN_POINT('Origin',(138.5,55.,-75.));
#16627=CARTESIAN_POINT('',(75.,55.,-53.0000007152557));
#16628=CARTESIAN_POINT('Origin',(138.5,55.,-75.));
#16629=CARTESIAN_POINT('',(138.5,55.,-50.));
#16630=CARTESIAN_POINT('Origin',(130.499999999999,-64.4999985583127,-158.399996459484));
#16631=CARTESIAN_POINT('',(130.499999999999,-66.399998511374,-158.399996459484));
#16632=CARTESIAN_POINT('Origin',(130.499999999999,-64.4999985583127,-158.399996459484));
#16633=CARTESIAN_POINT('',(138.5,-66.399998511374,-158.399996459484));
#16634=CARTESIAN_POINT('',(130.499999999999,-66.399998511374,-158.399996459484));
#16635=CARTESIAN_POINT('',(138.499999999999,-62.5999986052513,-158.399996459484));
#16636=CARTESIAN_POINT('Origin',(138.5,-64.4999985583127,-158.399996459484));
#16637=CARTESIAN_POINT('',(130.499999999999,-62.5999986052513,-158.399996459484));
#16638=CARTESIAN_POINT('Origin',(130.499999999999,-62.2999986074865,-158.399996459484));
#16639=CARTESIAN_POINT('',(138.499999999999,-62.4999986074865,-158.399996459484));
#16640=CARTESIAN_POINT('',(138.499999999999,-63.2636463433783,-158.399996459484));
#16641=CARTESIAN_POINT('',(130.499999999999,-62.4999986074865,-158.399996459484));
#16642=CARTESIAN_POINT('Origin',(130.499999999999,-62.4999986074865,-163.099996354431));
#16643=CARTESIAN_POINT('',(138.499999999999,-62.4999986074865,-163.099996354431));
#16644=CARTESIAN_POINT('',(138.5,-62.4999986074865,-77.7999978978187));
#16645=CARTESIAN_POINT('',(130.499999999999,-62.4999986074865,-163.099996354431));
#16646=CARTESIAN_POINT('Origin',(130.499999999999,-53.0000007897615,-163.099996354431));
#16647=CARTESIAN_POINT('',(138.499999999999,-53.0000007897615,-163.099996354431));
#16648=CARTESIAN_POINT('Origin',(130.499999999999,-66.399998511374,-158.399996459484));
#16649=CARTESIAN_POINT('',(130.499999999999,-66.399998511374,-163.099996354431));
#16650=CARTESIAN_POINT('',(130.499999999999,-66.399998511374,-136.699999086559));
#16651=CARTESIAN_POINT('',(138.499999999999,-66.399998511374,-163.099996354431));
#16652=CARTESIAN_POINT('',(132.250000998378,-66.399998511374,-163.10000244379));
#16653=CARTESIAN_POINT('',(138.5,-66.399998511374,-75.4499979503453));
#16654=CARTESIAN_POINT('Origin',(130.499999999999,-62.7000009313226,-71.2982364734313));
#16655=CARTESIAN_POINT('',(130.499999999999,-62.7000009313226,-67.0000009983778));
#16656=CARTESIAN_POINT('',(130.499999999999,-62.7000009313226,-71.2982364734313));
#16657=CARTESIAN_POINT('',(130.499999999999,-62.7000009313226,-93.1491190935324));
#16658=CARTESIAN_POINT('',(138.499999999999,-62.7000009313226,-67.0000009983778));
#16659=CARTESIAN_POINT('',(130.499999999999,-62.7000009313226,-67.0000009983778));
#16660=CARTESIAN_POINT('',(138.499999999999,-62.7000009313226,-71.2982364734313));
#16661=CARTESIAN_POINT('',(138.499999999999,-62.7000009313226,-93.1491190935324));
#16662=CARTESIAN_POINT('',(130.499999999999,-62.7000009313226,-71.2982364734313));
#16663=CARTESIAN_POINT('Origin',(130.499999999999,-64.4999985583127,-71.2999984063208));
#16664=CARTESIAN_POINT('',(130.499999999999,-64.4999985583127,-73.1999997358769));
#16665=CARTESIAN_POINT('',(130.499999999999,-66.2985569432463,-71.3720232287955));
#16666=CARTESIAN_POINT('Origin',(130.499999999999,-64.4999985583127,-71.2999984063208));
#16667=CARTESIAN_POINT('Origin',(130.499999999999,-64.4999985583127,-71.2999984063208));
#16668=CARTESIAN_POINT('',(138.499999999999,-66.2985569432463,-71.3720232287955));
#16669=CARTESIAN_POINT('Origin',(138.499999999999,-64.4999985583127,-71.2999984063208));
#16670=CARTESIAN_POINT('',(130.499999999999,-66.2985569432463,-71.3720232287954));
#16671=CARTESIAN_POINT('Origin',(130.499999999999,-66.2985569432463,-67.0000009983778));
#16672=CARTESIAN_POINT('',(130.499999999999,-66.2985569432463,-67.0000009983778));
#16673=CARTESIAN_POINT('',(130.499999999999,-66.2985569432463,-91.0000013560057));
#16674=CARTESIAN_POINT('',(138.499999999999,-66.2985569432463,-67.0000009983778));
#16675=CARTESIAN_POINT('',(138.499999999999,-66.2985569432463,-91.0000013560057));
#16676=CARTESIAN_POINT('',(130.499999999999,-66.2985569432463,-67.0000009983778));
#16677=CARTESIAN_POINT('Origin',(130.499999999999,-62.5000009313226,-67.0000009983778));
#16678=CARTESIAN_POINT('',(130.499999999999,-63.7485803119085,-67.0000009983778));
#16679=CARTESIAN_POINT('',(138.499999999999,-63.3636475052963,-67.0000009983778));
#16680=CARTESIAN_POINT('Origin',(138.499999999999,-64.2272940792702,-115.000001713634));
#16681=CARTESIAN_POINT('Origin',(130.499999999999,-75.2916250096357,-66.5000009909272));
#16682=CARTESIAN_POINT('',(76.0000005662439,-75.291623443421,-66.5000009834766));
#16683=CARTESIAN_POINT('',(75.9999999999995,-69.722432985011,-66.5000009834766));
#16684=CARTESIAN_POINT('',(75.9999999999995,-70.1443923510651,-66.5000009909272));
#16685=CARTESIAN_POINT('',(130.499999999999,-69.7224329893126,-66.5000009909272));
#16686=CARTESIAN_POINT('',(130.499999999999,-69.722432985011,-66.5000009834766));
#16687=CARTESIAN_POINT('',(130.499999999999,-70.1443923510651,-66.5000009909272));
#16688=CARTESIAN_POINT('',(138.5,-78.5106362465821,-66.5000009834766));
#16689=CARTESIAN_POINT('',(138.5,-40.,-66.5000009834766));
#16690=CARTESIAN_POINT('',(76.0000011324883,-78.5106362465821,-66.5000009834766));
#16691=CARTESIAN_POINT('',(138.5,-78.5106362465821,-66.5000009834766));
#16692=CARTESIAN_POINT('',(76.0000011324883,-80.,-66.5000009834766));
#16693=CARTESIAN_POINT('Origin',(130.499999999999,-64.9971596924945,-115.000001713634));
#16694=CARTESIAN_POINT('',(130.499999999999,-71.9147875791047,-73.3000011101365));
#16695=CARTESIAN_POINT('Origin',(130.499999999999,-55.0000008195639,-75.0000011175871));
#16696=CARTESIAN_POINT('',(130.499999999999,-58.998580241128,-73.3000011101365));
#16697=CARTESIAN_POINT('',(130.499999999999,-58.998580241128,-73.3000011101365));
#16698=CARTESIAN_POINT('Origin',(130.499999999999,-55.0000008195639,-75.0000011175871));
#16699=CARTESIAN_POINT('',(138.5,-55.,-53.0000007897615));
#16700=CARTESIAN_POINT('',(75.9999999999995,-55.,-53.0000007897616));
#16701=CARTESIAN_POINT('',(138.5,-55.,-53.0000007897615));
#16702=CARTESIAN_POINT('Origin',(138.499999999999,-55.0000008195639,-75.0000011175871));
#16703=CARTESIAN_POINT('Origin',(75.9999999999995,-55.0000008195639,-75.0000011175871));
#16704=CARTESIAN_POINT('Origin',(130.499999999999,-55.0000008195639,-75.0000011175871));
#16705=CARTESIAN_POINT('',(75.9999999999995,-71.9147875791047,-73.3000011101365));
#16706=CARTESIAN_POINT('Origin',(75.9999999999995,-55.0000008195639,-75.0000011175871));
#16707=CARTESIAN_POINT('',(130.499999999999,-71.9147875791047,-73.3000011101365));
#16708=CARTESIAN_POINT('Origin',(130.499999999999,-53.0000007897615,-73.3000011101365));
#16709=CARTESIAN_POINT('',(75.9999999999995,-58.998580241128,-73.3000011101365));
#16710=CARTESIAN_POINT('Origin',(75.9999999999995,-64.9971596924945,-115.000001713634));
#16711=CARTESIAN_POINT('Origin',(75.9999999999995,-55.,-75.));
#16712=CARTESIAN_POINT('Origin',(130.499999999999,-55.0000008195639,-155.00000230968));
#16713=CARTESIAN_POINT('Origin',(75.9999999999995,-55.0000008195639,-155.00000230968));
#16714=CARTESIAN_POINT('Origin',(138.499999999999,-55.0000008195639,-155.00000230968));
#16715=CARTESIAN_POINT('Origin',(130.499999999999,-55.0000008195639,-155.00000230968));
#16716=CARTESIAN_POINT('',(75.9999999999995,-69.9462381043617,-163.10000244379));
#16717=CARTESIAN_POINT('',(130.499999999999,-69.9462414044828,-163.099996354417));
#16718=CARTESIAN_POINT('',(130.499999999999,-69.9462381043617,-163.10000244379));
#16719=CARTESIAN_POINT('',(130.499999999999,-71.9147875791047,-156.700002317131));
#16720=CARTESIAN_POINT('Origin',(130.499999999999,-55.0000008195639,-155.00000230968));
#16721=CARTESIAN_POINT('',(75.9999999999995,-71.9147875791047,-156.700002317131));
#16722=CARTESIAN_POINT('',(130.499999999999,-71.9147875791047,-156.700002317131));
#16723=CARTESIAN_POINT('Origin',(75.9999999999995,-55.0000008195639,-155.00000230968));
#16724=CARTESIAN_POINT('Origin',(130.499999999999,-76.9943185952275,-156.700002317131));
#16725=CARTESIAN_POINT('',(130.499999999999,-70.995739143861,-156.700002317131));
#16726=CARTESIAN_POINT('',(75.9999999999995,-70.995739143861,-156.700002317131));
#16727=CARTESIAN_POINT('Origin',(130.499999999999,-64.9971596924945,-115.000001713634));
#16728=CARTESIAN_POINT('',(130.499999999999,-65.7985791019343,-163.099996354431));
#16729=CARTESIAN_POINT('Origin',(75.9999999999995,-64.9971596924945,-115.000001713634));
#16730=CARTESIAN_POINT('',(76.0000005662439,-75.4545857073869,-163.10000244379));
#16731=CARTESIAN_POINT('Origin',(75.9999999999995,-55.,-155.));
#16732=CARTESIAN_POINT('',(75.9999999999995,-72.4985798462473,-163.10000244379));
#16733=CARTESIAN_POINT('Origin',(138.5,-55.,-155.));
#16734=CARTESIAN_POINT('',(76.0000011324883,-77.0000011473894,-154.991902771256));
#16735=CARTESIAN_POINT('',(138.5,-77.0000011473894,-154.991902771256));
#16736=CARTESIAN_POINT('Origin',(76.0000011324883,-55.,-155.));
#16737=CARTESIAN_POINT('Origin',(138.5,-55.,-75.));
#16738=CARTESIAN_POINT('',(76.0000011324883,-76.9999992102385,-75.));
#16739=CARTESIAN_POINT('Origin',(76.0000011324883,-55.,-75.));
#16740=CARTESIAN_POINT('',(138.5,-76.9999992102385,-75.));
#16741=CARTESIAN_POINT('',(138.5,-55.,-53.0000007897615));
#16742=CARTESIAN_POINT('Origin',(76.0000011324883,-80.,-164.00000244379));
#16743=CARTESIAN_POINT('',(76.0000011324883,-80.,-75.));
#16744=CARTESIAN_POINT('Origin',(76.0000011324883,-55.,-75.));
#16745=CARTESIAN_POINT('',(76.0000011324883,-80.,-155.));
#16746=CARTESIAN_POINT('',(76.0000011324883,-80.,-159.500001221895));
#16747=CARTESIAN_POINT('',(76.0000011324883,-78.6514261813234,-163.10000244379));
#16748=CARTESIAN_POINT('Origin',(76.0000011324883,-55.,-155.));
#16749=CARTESIAN_POINT('',(76.0000011324883,-80.,-163.10000244379));
#16750=CARTESIAN_POINT('',(76.0000011324883,-77.0000011166558,-119.500001286156));
#16751=CARTESIAN_POINT('Origin',(134.000001996756,-80.,-163.10000244379));
#16752=CARTESIAN_POINT('',(138.5,-78.6514261813234,-163.10000244379));
#16753=CARTESIAN_POINT('',(138.5,-78.6514261813234,-163.10000244379));
#16754=CARTESIAN_POINT('',(138.499999999999,-65.413646295322,-163.099996354431));
#16755=CARTESIAN_POINT('Origin',(138.5,-76.9999992102385,-75.));
#16756=CARTESIAN_POINT('Origin',(138.5,-80.,-155.));
#16757=CARTESIAN_POINT('',(138.5,-80.,-75.));
#16758=CARTESIAN_POINT('',(138.5,-80.,-155.));
#16759=CARTESIAN_POINT('Origin',(138.5,-55.,-155.));
#16760=CARTESIAN_POINT('',(138.5,-55.,-180.));
#16761=CARTESIAN_POINT('',(138.5,-55.,-180.));
#16762=CARTESIAN_POINT('Origin',(138.5,-55.,-155.));
#16763=CARTESIAN_POINT('Origin',(138.5,55.,-155.));
#16764=CARTESIAN_POINT('Origin',(138.5,55.,-180.));
#16765=CARTESIAN_POINT('',(138.5,27.5,-180.));
#16766=CARTESIAN_POINT('Origin',(138.5,-55.,-75.));
#16767=CARTESIAN_POINT('Origin',(138.5,-55.,-75.));
#16768=CARTESIAN_POINT('Origin',(138.5,7.49999938532711,7.50000055879354));
#16769=CARTESIAN_POINT('',(138.5,-15.,65.));
#16770=CARTESIAN_POINT('',(138.5,-15.,25.));
#16771=CARTESIAN_POINT('',(138.5,-15.,36.2500002793968));
#16772=CARTESIAN_POINT('',(138.5,-20.,65.));
#16773=CARTESIAN_POINT('',(138.5,-6.25000030733645,65.));
#16774=CARTESIAN_POINT('',(138.5,-20.,25.));
#16775=CARTESIAN_POINT('Origin',(138.5,-20.,45.));
#16776=CARTESIAN_POINT('',(138.5,1.24999969266356,25.));
#16777=CARTESIAN_POINT('Origin',(138.5,7.49999938532711,7.50000055879354));
#16778=CARTESIAN_POINT('',(138.5,54.9999987706542,45.));
#16779=CARTESIAN_POINT('',(138.5,54.9999987706542,26.2500002793968));
#16780=CARTESIAN_POINT('',(138.5,34.9999987706542,65.));
#16781=CARTESIAN_POINT('Origin',(138.5,34.9999987706542,45.));
#16782=CARTESIAN_POINT('',(138.5,15.,65.));
#16783=CARTESIAN_POINT('',(138.5,-6.25000030733645,65.));
#16784=CARTESIAN_POINT('',(138.5,15.,-21.2499991618097));
#16785=CARTESIAN_POINT('',(138.5,27.5,-53.0000007897615));
#16786=CARTESIAN_POINT('Origin',(60.,-20.,65.));
#16787=CARTESIAN_POINT('',(120.,-15.,65.));
#16788=CARTESIAN_POINT('',(57.5,-15.,65.));
#16789=CARTESIAN_POINT('',(120.,-20.,65.));
#16790=CARTESIAN_POINT('',(120.,-22.5,65.));
#16791=CARTESIAN_POINT('',(60.,-20.,65.));
#16792=CARTESIAN_POINT('Origin',(55.,-15.,65.));
#16793=CARTESIAN_POINT('',(120.,-15.,25.));
#16794=CARTESIAN_POINT('',(57.5,-15.,25.));
#16795=CARTESIAN_POINT('',(120.,-15.,65.));
#16796=CARTESIAN_POINT('Origin',(60.,15.,-49.9999988824129));
#16797=CARTESIAN_POINT('',(120.,15.,65.));
#16798=CARTESIAN_POINT('',(102.5,15.,65.));
#16799=CARTESIAN_POINT('',(120.,15.,-50.0000307288359));
#16800=CARTESIAN_POINT('Origin',(120.,5.,-50.0000307288359));
#16801=CARTESIAN_POINT('',(120.,25.,65.));
#16802=CARTESIAN_POINT('',(120.,2.5,65.));
#16803=CARTESIAN_POINT('',(120.,25.,-50.0000307288359));
#16804=CARTESIAN_POINT('Origin',(115.,25.,-50.0000307288359));
#16805=CARTESIAN_POINT('',(115.,30.,65.));
#16806=CARTESIAN_POINT('Origin',(115.,25.,65.));
#16807=CARTESIAN_POINT('',(115.,30.,-50.0000307288359));
#16808=CARTESIAN_POINT('Origin',(0.,0.,0.));
#16809=CARTESIAN_POINT('',(60.,-39.9380866960598,43.4275182352723));
#16810=CARTESIAN_POINT('Ctrl Pts',(60.,-39.9380866960598,43.4275182352723));
#16811=CARTESIAN_POINT('Ctrl Pts',(58.407365433378,-39.9380866960598,43.4275182352723));
#16812=CARTESIAN_POINT('Ctrl Pts',(56.8178997428867,-39.8494998542974,43.5094818588499));
#16813=CARTESIAN_POINT('Ctrl Pts',(51.3404809076599,-39.2308216564505,44.0715091497172));
#16814=CARTESIAN_POINT('Ctrl Pts',(47.6110858223792,-38.2539616515418,44.9609581837912));
#16815=CARTESIAN_POINT('Ctrl Pts',(40.5214786822583,-35.0423086952296,47.5143820216504));
#16816=CARTESIAN_POINT('Ctrl Pts',(37.3489027945981,-32.7551651625876,49.1865243569104));
#16817=CARTESIAN_POINT('Ctrl Pts',(31.9862534365514,-26.8148890192141,52.6734054470109));
#16818=CARTESIAN_POINT('Ctrl Pts',(29.8820137958565,-23.115727420502,54.477607801708));
#16819=CARTESIAN_POINT('Ctrl Pts',(26.9843879759066,-14.5647158960137,57.3446457373661));
#16820=CARTESIAN_POINT('Ctrl Pts',(26.2377706518074,-10.0724393970351,58.3154711145748));
#16821=CARTESIAN_POINT('Ctrl Pts',(25.6724525339826,-2.17159548826044,59.054358589429));
#16822=CARTESIAN_POINT('Ctrl Pts',(25.6546994661613,1.20819110177252,59.0805939919952));
#16823=CARTESIAN_POINT('Ctrl Pts',(26.0902175339,8.70768154499075,58.5054499139556));
#16824=CARTESIAN_POINT('Ctrl Pts',(26.6764834924747,12.826944418728,57.7300660688257));
#16825=CARTESIAN_POINT('Ctrl Pts',(28.9194127825156,20.7859139845782,55.3815035985355));
#16826=CARTESIAN_POINT('Ctrl Pts',(30.6055331704608,24.4857654481576,53.8033945458542));
#16827=CARTESIAN_POINT('Ctrl Pts',(35.1629605142028,30.6699489896267,50.5131450790103));
#16828=CARTESIAN_POINT('Ctrl Pts',(37.8399909643639,33.1091747505984,48.892229624241));
#16829=CARTESIAN_POINT('Ctrl Pts',(44.3691790858664,37.06550841998,45.9736669115713));
#16830=CARTESIAN_POINT('Ctrl Pts',(48.1670965526704,38.4426943555176,44.7685907487636));
#16831=CARTESIAN_POINT('Ctrl Pts',(54.7725881511217,39.7007702612822,43.6494256632959));
#16832=CARTESIAN_POINT('Ctrl Pts',(57.3869551515386,39.9380866960598,43.4275182352722));
#16833=CARTESIAN_POINT('Ctrl Pts',(60.,39.9380866960598,43.4275182352722));
#16834=CARTESIAN_POINT('',(60.,-15.,57.0613714260085));
#16835=CARTESIAN_POINT('Origin',(60.,0.,0.));
#16836=CARTESIAN_POINT('Ctrl Pts',(60.,15.,57.0613714260085));
#16837=CARTESIAN_POINT('Ctrl Pts',(59.0537215045639,15.,57.0613714260085));
#16838=CARTESIAN_POINT('Ctrl Pts',(58.0765280963344,14.9090124895107,57.0855523954454));
#16839=CARTESIAN_POINT('Ctrl Pts',(56.1354173349051,14.5273328051934,57.1838748883147));
#16840=CARTESIAN_POINT('Ctrl Pts',(55.171476655562,14.2367378541293,57.2579332679905));
#16841=CARTESIAN_POINT('Ctrl Pts',(52.4016981195902,13.0867570359465,57.5357188545635));
#16842=CARTESIAN_POINT('Ctrl Pts',(50.7206026653794,11.9338061009758,57.7962341459215));
#16843=CARTESIAN_POINT('Ctrl Pts',(48.0663927851459,9.27959622074232,58.2812916635365));
#16844=CARTESIAN_POINT('Ctrl Pts',(46.9132868576522,7.5984180884317,58.5380820243578));
#16845=CARTESIAN_POINT('Ctrl Pts',(45.763221108223,4.82841925917155,58.809414214662));
#16846=CARTESIAN_POINT('Ctrl Pts',(45.4726204139549,3.86440874416615,58.8813274521383));
#16847=CARTESIAN_POINT('Ctrl Pts',(45.0909620376366,1.92327835136235,58.9766511244173));
#16848=CARTESIAN_POINT('Ctrl Pts',(45.,0.94613669236313,59.000000923872));
#16849=CARTESIAN_POINT('Ctrl Pts',(45.,-0.946136692363124,59.000000923872));
#16850=CARTESIAN_POINT('Ctrl Pts',(45.0909620376366,-1.92327835136234,58.9766511244173));
#16851=CARTESIAN_POINT('Ctrl Pts',(45.4726204139549,-3.86440874416614,58.8813274521383));
#16852=CARTESIAN_POINT('Ctrl Pts',(45.763221108223,-4.82841925917155,58.809414214662));
#16853=CARTESIAN_POINT('Ctrl Pts',(46.9132868576521,-7.5984180884317,58.5380820243578));
#16854=CARTESIAN_POINT('Ctrl Pts',(48.0663927851459,-9.27959622074232,58.2812916635365));
#16855=CARTESIAN_POINT('Ctrl Pts',(50.7206026653794,-11.9338061009758,57.7962341459215));
#16856=CARTESIAN_POINT('Ctrl Pts',(52.4016981195902,-13.0867570359465,57.5357188545635));
#16857=CARTESIAN_POINT('Ctrl Pts',(55.171476655562,-14.2367378541293,57.2579332679905));
#16858=CARTESIAN_POINT('Ctrl Pts',(56.1354173349051,-14.5273328051934,57.1838748883147));
#16859=CARTESIAN_POINT('Ctrl Pts',(58.0765280963344,-14.9090124895107,57.0855523954454));
#16860=CARTESIAN_POINT('Ctrl Pts',(59.0537215045639,-15.,57.0613714260085));
#16861=CARTESIAN_POINT('Ctrl Pts',(60.,-15.,57.0613714260085));
#16862=CARTESIAN_POINT('Origin',(60.,0.,45.));
#16863=CARTESIAN_POINT('',(60.,-15.,25.6350832689629));
#16864=CARTESIAN_POINT('Origin',(60.,-9.18485099360515E-16,25.6350832689629));
#16865=CARTESIAN_POINT('',(60.,-15.,36.2500002793968));
#16866=CARTESIAN_POINT('Ctrl Pts',(60.,-15.,25.6350832689629));
#16867=CARTESIAN_POINT('Ctrl Pts',(50.7802173466919,-15.,25.6350832689629));
#16868=CARTESIAN_POINT('Ctrl Pts',(46.6166341551164,-6.77388504936437,25.6350832689629));
#16869=CARTESIAN_POINT('Ctrl Pts',(42.4530509635408,1.45222990127126,25.6350832689629));
#16870=CARTESIAN_POINT('Ctrl Pts',(47.9123490924225,8.88193084506639,25.6350832689629));
#16871=CARTESIAN_POINT('Ctrl Pts',(53.3716472213042,16.3116317888615,25.6350832689629));
#16872=CARTESIAN_POINT('Ctrl Pts',(62.4659848095803,14.7959088574822,25.6350832689629));
#16873=CARTESIAN_POINT('Ctrl Pts',(60.,-29.7547970128283,21.8254110618059));
#16874=CARTESIAN_POINT('Ctrl Pts',(41.7111492432281,-29.7547970128284,21.8254110618059));
#16875=CARTESIAN_POINT('Ctrl Pts',(33.4520443958045,-13.4370383088046,21.8254110618059));
#16876=CARTESIAN_POINT('Ctrl Pts',(25.1929395483809,2.88072039521908,21.8254110618059));
#16877=CARTESIAN_POINT('Ctrl Pts',(36.0222933922068,17.618669958462,21.8254110618059));
#16878=CARTESIAN_POINT('Ctrl Pts',(46.8516472360327,32.3566195217048,21.8254110618059));
#16879=CARTESIAN_POINT('Ctrl Pts',(64.8916584963854,29.3499509783127,21.8254110618059));
#16880=CARTESIAN_POINT('Ctrl Pts',(60.,-37.3435936470078,35.0400923996521));
#16881=CARTESIAN_POINT('Ctrl Pts',(37.0466788720753,-37.3435936470079,35.0400923996521));
#16882=CARTESIAN_POINT('Ctrl Pts',(26.6811349506281,-16.8640807130003,35.0400923996521));
#16883=CARTESIAN_POINT('Ctrl Pts',(16.3155910291809,3.61543222100722,35.0400923996521));
#16884=CARTESIAN_POINT('Ctrl Pts',(29.9069117573694,22.1122144185989,35.0400923996521));
#16885=CARTESIAN_POINT('Ctrl Pts',(43.498232485558,40.6089966161907,35.0400923996521));
#16886=CARTESIAN_POINT('Ctrl Pts',(66.1392489779109,36.8354938674652,35.0400923996521));
#16887=CARTESIAN_POINT('Ctrl Pts',(60.,-44.9323902811873,48.2547737374982));
#16888=CARTESIAN_POINT('Ctrl Pts',(32.3822085009226,-44.9323902811874,48.2547737374982));
#16889=CARTESIAN_POINT('Ctrl Pts',(19.9102255054517,-20.291123117196,48.2547737374982));
#16890=CARTESIAN_POINT('Ctrl Pts',(7.43824250998087,4.35014404679537,48.2547737374982));
#16891=CARTESIAN_POINT('Ctrl Pts',(23.7915301225321,26.6057588787359,48.2547737374982));
#16892=CARTESIAN_POINT('Ctrl Pts',(40.1448177350833,48.8613737106765,48.2547737374982));
#16893=CARTESIAN_POINT('Ctrl Pts',(67.3868394594363,44.3210367566177,48.2547737374982));
#16894=CARTESIAN_POINT('Ctrl Pts',(60.,-34.2055297099273,59.0784560822689));
#16895=CARTESIAN_POINT('Ctrl Pts',(38.9754967022131,-34.2055297099273,59.0784560822689));
#16896=CARTESIAN_POINT('Ctrl Pts',(29.4809921316004,-15.4469550871777,59.0784560822689));
#16897=CARTESIAN_POINT('Ctrl Pts',(19.9864875609877,3.31161953557193,59.0784560822689));
#16898=CARTESIAN_POINT('Ctrl Pts',(32.4356998505086,20.2540766268292,59.0784560822689));
#16899=CARTESIAN_POINT('Ctrl Pts',(44.8849121400295,37.1965337180865,59.0784560822689));
#16900=CARTESIAN_POINT('Ctrl Pts',(65.6233544445553,33.7401266673322,59.0784560822689));
#16901=CARTESIAN_POINT('',(60.,-20.,25.));
#16902=CARTESIAN_POINT('Origin',(60.,-20.,45.));
#16903=CARTESIAN_POINT('Origin',(60.,-20.,45.));
#16904=CARTESIAN_POINT('Origin',(100.000001490116,0.,46.0000006854534));
#16905=CARTESIAN_POINT('',(108.250005031005,30.,46.0000006854534));
#16906=CARTESIAN_POINT('',(108.250005031005,0.,46.0000006854534));
#16907=CARTESIAN_POINT('Origin',(100.000001490116,30.,46.0000006854534));
#16908=CARTESIAN_POINT('Origin',(60.,34.9999987706542,45.));
#16909=CARTESIAN_POINT('',(60.,54.9999987706542,45.));
#16910=CARTESIAN_POINT('',(60.,34.9999987706542,65.));
#16911=CARTESIAN_POINT('Origin',(80.,30.,-50.0000307288359));
#16912=CARTESIAN_POINT('',(80.,25.,65.));
#16913=CARTESIAN_POINT('',(80.,25.,-50.0000307288359));
#16914=CARTESIAN_POINT('',(80.,-2.5,65.));
#16915=CARTESIAN_POINT('Origin',(120.,30.,-50.0000307288359));
#16916=CARTESIAN_POINT('',(85.,30.,65.));
#16917=CARTESIAN_POINT('',(72.5,30.,65.));
#16918=CARTESIAN_POINT('',(85.,30.,-50.0000307288359));
#16919=CARTESIAN_POINT('Origin',(85.,25.,-50.0000307288359));
#16920=CARTESIAN_POINT('Origin',(85.,25.,65.));
#16921=CARTESIAN_POINT('Origin',(60.,-20.,65.));
#16922=CARTESIAN_POINT('Origin',(60.,7.49999938532711,7.50000055879354));
#16923=CARTESIAN_POINT('',(60.,-15.,25.));
#16924=CARTESIAN_POINT('',(60.,-15.,36.2500002793968));
#16925=CARTESIAN_POINT('',(60.,-20.,25.));
#16926=CARTESIAN_POINT('Origin',(60.,7.49999938532711,7.50000055879354));
#16927=CARTESIAN_POINT('',(60.,-15.,65.));
#16928=CARTESIAN_POINT('',(60.,-15.,36.2500002793968));
#16929=CARTESIAN_POINT('',(60.,-20.,65.));
#16930=CARTESIAN_POINT('Origin',(60.,-20.,45.));
#16931=CARTESIAN_POINT('',(60.,15.,65.));
#16932=CARTESIAN_POINT('Origin',(100.000001490116,0.,46.0000006854534));
#16933=CARTESIAN_POINT('',(108.250005031005,-30.,46.0000006854534));
#16934=CARTESIAN_POINT('Origin',(100.000001490116,-30.,46.0000006854534));
#16935=CARTESIAN_POINT('',(108.250005031005,-39.9749843211226,46.0000006854534));
#16936=CARTESIAN_POINT('',(108.250005031005,0.,46.0000006854534));
#16937=CARTESIAN_POINT('',(100.000001490116,-37.732383421657,54.250004226342));
#16938=CARTESIAN_POINT('Ctrl Pts',(108.250005031005,-39.9749843211226,46.0000006854534));
#16939=CARTESIAN_POINT('Ctrl Pts',(108.250005031005,-39.9220047553034,47.0582659566396));
#16940=CARTESIAN_POINT('Ctrl Pts',(108.034453635742,-39.7739454304879,48.1734530240111));
#16941=CARTESIAN_POINT('Ctrl Pts',(107.182602442639,-39.3386162796167,50.2055395451021));
#16942=CARTESIAN_POINT('Ctrl Pts',(106.547115092579,-39.0550647728059,51.1235742032936));
#16943=CARTESIAN_POINT('Ctrl Pts',(105.097520979641,-38.5293435490063,52.5662863138827));
#16944=CARTESIAN_POINT('Ctrl Pts',(104.183070917454,-38.2500533010614,53.1947089962135));
#16945=CARTESIAN_POINT('Ctrl Pts',(102.161170470723,-37.8480461030878,54.0368672348959));
#16946=CARTESIAN_POINT('Ctrl Pts',(101.052074730158,-37.732383421657,54.250004226342));
#16947=CARTESIAN_POINT('Ctrl Pts',(100.000001490116,-37.732383421657,54.250004226342));
#16948=CARTESIAN_POINT('Ctrl Pts',(100.000001490116,-37.732383421657,54.250004226342));
#16949=CARTESIAN_POINT('Ctrl Pts',(98.9479282500745,-37.732383421657,54.250004226342));
#16950=CARTESIAN_POINT('Ctrl Pts',(97.8388325095091,-37.8480461030878,54.0368672348959));
#16951=CARTESIAN_POINT('Ctrl Pts',(95.8169320627779,-38.2500533010614,53.1947089962135));
#16952=CARTESIAN_POINT('Ctrl Pts',(94.902482000591,-38.5293435490063,52.5662863138827));
#16953=CARTESIAN_POINT('Ctrl Pts',(93.4528878876531,-39.0550647728059,51.1235742032936));
#16954=CARTESIAN_POINT('Ctrl Pts',(92.8174005375928,-39.3386162796167,50.2055395451022));
#16955=CARTESIAN_POINT('Ctrl Pts',(91.9655493444898,-39.7739454304879,48.1734530240111));
#16956=CARTESIAN_POINT('Ctrl Pts',(91.7499979492275,-39.9220047553034,47.0582659566396));
#16957=CARTESIAN_POINT('Ctrl Pts',(91.7499979492275,-40.0270684739303,44.9596212628715));
#16958=CARTESIAN_POINT('Ctrl Pts',(91.9590515599748,-39.9930975799361,43.8528316607914));
#16959=CARTESIAN_POINT('Ctrl Pts',(92.8001132049783,-39.7727261623559,41.8252171482572));
#16960=CARTESIAN_POINT('Ctrl Pts',(93.4316407451861,-39.5903440073818,40.9037582594646));
#16961=CARTESIAN_POINT('Ctrl Pts',(94.8846899219183,-39.2279677939965,39.4454027124482));
#16962=CARTESIAN_POINT('Ctrl Pts',(95.8076191606792,-39.0232211556024,38.8097770063961));
#16963=CARTESIAN_POINT('Ctrl Pts',(97.8404311721308,-38.7260906628952,37.9618649235318));
#16964=CARTESIAN_POINT('Ctrl Pts',(98.9513562666376,-38.6396743157219,37.7499971445648));
#16965=CARTESIAN_POINT('Ctrl Pts',(101.048646713595,-38.6396743157219,37.7499971445648));
#16966=CARTESIAN_POINT('Ctrl Pts',(102.159571808101,-38.7260906628952,37.9618649235318));
#16967=CARTESIAN_POINT('Ctrl Pts',(104.192383819553,-39.0232211556024,38.8097770063961));
#16968=CARTESIAN_POINT('Ctrl Pts',(105.115313058314,-39.2279677939965,39.4454027124482));
#16969=CARTESIAN_POINT('Ctrl Pts',(106.568362235046,-39.5903440073818,40.9037582594646));
#16970=CARTESIAN_POINT('Ctrl Pts',(107.199889775254,-39.7727261623559,41.8252171482572));
#16971=CARTESIAN_POINT('Ctrl Pts',(108.040951420257,-39.9930975799361,43.8528316607914));
#16972=CARTESIAN_POINT('Ctrl Pts',(108.250005031005,-40.0270684739303,44.9596212628715));
#16973=CARTESIAN_POINT('Ctrl Pts',(108.250005031005,-39.9749843211226,46.0000006854534));
#16974=CARTESIAN_POINT('Origin',(55.,-15.,65.));
#16975=CARTESIAN_POINT('',(80.,-15.,65.));
#16976=CARTESIAN_POINT('',(80.,-15.,25.));
#16977=CARTESIAN_POINT('',(80.,-15.,65.));
#16978=CARTESIAN_POINT('',(57.5,-15.,25.));
#16979=CARTESIAN_POINT('',(57.5,-15.,65.));
#16980=CARTESIAN_POINT('Origin',(60.,-5.,25.));
#16981=CARTESIAN_POINT('',(80.,-20.,25.));
#16982=CARTESIAN_POINT('',(80.,-10.,25.));
#16983=CARTESIAN_POINT('',(60.,-20.,25.));
#16984=CARTESIAN_POINT('Origin',(60.,-20.,65.));
#16985=CARTESIAN_POINT('',(80.,-20.,65.));
#16986=CARTESIAN_POINT('',(60.,-20.,65.));
#16987=CARTESIAN_POINT('',(80.,-17.5,65.));
#16988=CARTESIAN_POINT('Origin',(115.,-25.,65.));
#16989=CARTESIAN_POINT('',(115.,-30.,62.3205080756888));
#16990=CARTESIAN_POINT('',(120.,-25.,64.3649167310371));
#16991=CARTESIAN_POINT('Ctrl Pts',(115.,-30.,62.3205080756888));
#16992=CARTESIAN_POINT('Ctrl Pts',(115.633030908493,-30.,62.3205080756888));
#16993=CARTESIAN_POINT('Ctrl Pts',(116.299479483012,-29.8724640889445,62.3958509059792));
#16994=CARTESIAN_POINT('Ctrl Pts',(117.511376343582,-29.3729335698335,62.6700109678657));
#16995=CARTESIAN_POINT('Ctrl Pts',(118.057698794456,-29.0014427687353,62.8658731071519));
#16996=CARTESIAN_POINT('Ctrl Pts',(118.944641714732,-28.1377825137627,63.2761763413673));
#16997=CARTESIAN_POINT('Ctrl Pts',(119.338539488916,-27.5755369432591,63.5216373852561));
#16998=CARTESIAN_POINT('Ctrl Pts',(119.866446324778,-26.3319220993528,63.9827967922925));
#16999=CARTESIAN_POINT('Ctrl Pts',(120.,-25.649852180917,64.1971256194245));
#17000=CARTESIAN_POINT('Ctrl Pts',(120.,-25.,64.3649167310371));
#17001=CARTESIAN_POINT('',(120.,-25.,25.6350832689629));
#17002=CARTESIAN_POINT('',(120.,-25.,65.));
#17003=CARTESIAN_POINT('',(115.,-30.,27.6794919243112));
#17004=CARTESIAN_POINT('Ctrl Pts',(120.,-25.,25.6350832689629));
#17005=CARTESIAN_POINT('Ctrl Pts',(120.,-25.649852180917,25.8028743805755));
#17006=CARTESIAN_POINT('Ctrl Pts',(119.866446324778,-26.3319220993528,26.0172032077075));
#17007=CARTESIAN_POINT('Ctrl Pts',(119.338539488916,-27.5755369432591,26.4783626147439));
#17008=CARTESIAN_POINT('Ctrl Pts',(118.944641714732,-28.1377825137627,26.7238236586328));
#17009=CARTESIAN_POINT('Ctrl Pts',(118.057698794456,-29.0014427687353,27.1341268928481));
#17010=CARTESIAN_POINT('Ctrl Pts',(117.511376343582,-29.3729335698335,27.3299890321344));
#17011=CARTESIAN_POINT('Ctrl Pts',(116.299479483012,-29.8724640889445,27.6041490940208));
#17012=CARTESIAN_POINT('Ctrl Pts',(115.633030908493,-30.,27.6794919243112));
#17013=CARTESIAN_POINT('Ctrl Pts',(115.,-30.,27.6794919243112));
#17014=CARTESIAN_POINT('',(115.,-30.,65.));
#17015=CARTESIAN_POINT('Origin',(120.,-25.,65.));
#17016=CARTESIAN_POINT('Origin',(120.,-20.,45.));
#17017=CARTESIAN_POINT('',(120.,-20.,25.));
#17018=CARTESIAN_POINT('',(120.,-15.,25.));
#17019=CARTESIAN_POINT('Origin',(120.,-20.,45.));
#17020=CARTESIAN_POINT('Origin',(80.,-15.,65.));
#17021=CARTESIAN_POINT('',(80.,-25.,64.3649167310371));
#17022=CARTESIAN_POINT('Origin',(80.,-20.,45.));
#17023=CARTESIAN_POINT('',(80.,-25.,25.6350832689629));
#17024=CARTESIAN_POINT('',(80.,-25.,65.));
#17025=CARTESIAN_POINT('Origin',(80.,-20.,45.));
#17026=CARTESIAN_POINT('Origin',(85.,-30.,65.));
#17027=CARTESIAN_POINT('',(85.,-30.,62.3205080756888));
#17028=CARTESIAN_POINT('',(60.,-30.,62.3205080756888));
#17029=CARTESIAN_POINT('',(85.,-30.,27.6794919243112));
#17030=CARTESIAN_POINT('',(60.,-30.,27.6794919243112));
#17031=CARTESIAN_POINT('',(85.,-30.,65.));
#17032=CARTESIAN_POINT('Origin',(85.,-25.,65.));
#17033=CARTESIAN_POINT('Ctrl Pts',(80.,-25.,64.3649167310371));
#17034=CARTESIAN_POINT('Ctrl Pts',(80.,-25.649852180917,64.1971256194245));
#17035=CARTESIAN_POINT('Ctrl Pts',(80.1335536752216,-26.3319220993529,63.9827967922925));
#17036=CARTESIAN_POINT('Ctrl Pts',(80.6614605110843,-27.5755369432591,63.5216373852561));
#17037=CARTESIAN_POINT('Ctrl Pts',(81.0553582852675,-28.1377825137627,63.2761763413673));
#17038=CARTESIAN_POINT('Ctrl Pts',(81.9423012055445,-29.0014427687353,62.8658731071519));
#17039=CARTESIAN_POINT('Ctrl Pts',(82.4886236564179,-29.3729335698335,62.6700109678657));
#17040=CARTESIAN_POINT('Ctrl Pts',(83.7005205169885,-29.8724640889445,62.3958509059792));
#17041=CARTESIAN_POINT('Ctrl Pts',(84.3669690915067,-30.,62.3205080756888));
#17042=CARTESIAN_POINT('Ctrl Pts',(85.,-30.,62.3205080756888));
#17043=CARTESIAN_POINT('Ctrl Pts',(85.,-30.,27.6794919243112));
#17044=CARTESIAN_POINT('Ctrl Pts',(84.3669690915067,-30.,27.6794919243112));
#17045=CARTESIAN_POINT('Ctrl Pts',(83.7005205169885,-29.8724640889445,27.6041490940208));
#17046=CARTESIAN_POINT('Ctrl Pts',(82.4886236564179,-29.3729335698335,27.3299890321344));
#17047=CARTESIAN_POINT('Ctrl Pts',(81.9423012055445,-29.0014427687353,27.1341268928481));
#17048=CARTESIAN_POINT('Ctrl Pts',(81.0553582852675,-28.1377825137627,26.7238236586328));
#17049=CARTESIAN_POINT('Ctrl Pts',(80.6614605110843,-27.5755369432591,26.4783626147439));
#17050=CARTESIAN_POINT('Ctrl Pts',(80.1335536752216,-26.3319220993528,26.0172032077076));
#17051=CARTESIAN_POINT('Ctrl Pts',(80.,-25.649852180917,25.8028743805755));
#17052=CARTESIAN_POINT('Ctrl Pts',(80.,-25.,25.6350832689629));
#17053=CARTESIAN_POINT('Origin',(60.,-5.,25.));
#17054=CARTESIAN_POINT('',(60.,-20.,25.));
#17055=CARTESIAN_POINT('Origin',(60.,-20.,45.));
#17056=CARTESIAN_POINT('Origin',(84.5,33.410830563825,-6.99999984353781));
#17057=CARTESIAN_POINT('',(76.5,45.6945850835385,-6.99999984353781));
#17058=CARTESIAN_POINT('Origin',(84.5,49.789169923443,-8.99999979883432));
#17059=CARTESIAN_POINT('',(76.5,37.5054154037295,-8.99999979883432));
#17060=CARTESIAN_POINT('Origin',(76.5,41.600000243634,-7.99999982118607));
#17061=CARTESIAN_POINT('Origin',(130.499999999999,-31.0000004619361,-53.));
#17062=CARTESIAN_POINT('Origin',(24.5,33.3000016026199,-8.99999979883432));
#17063=CARTESIAN_POINT('',(24.5,33.410830563825,-8.99999979883432));
#17064=CARTESIAN_POINT('',(24.5,33.3000016026199,-8.99999979883432));
#17065=CARTESIAN_POINT('',(24.5,34.1500010062009,-8.99999979883432));
#17066=CARTESIAN_POINT('',(24.5,33.410830563825,-8.99999979883432));
#17067=CARTESIAN_POINT('',(24.5,33.3000016026199,-8.99999979883432));
#17068=CARTESIAN_POINT('Origin',(24.5,33.3000016026199,-6.99999984353781));
#17069=CARTESIAN_POINT('',(24.5,33.3000016026199,-6.99999984353781));
#17070=CARTESIAN_POINT('',(24.5,33.3000016026199,-4.7499998472631));
#17071=CARTESIAN_POINT('',(24.5,33.3000016026199,-6.99999984353781));
#17072=CARTESIAN_POINT('Origin',(24.5,33.410830563825,-6.99999984353781));
#17073=CARTESIAN_POINT('',(24.5,33.410830563825,-6.99999984353781));
#17074=CARTESIAN_POINT('',(24.5,34.2054154868034,-6.99999984353781));
#17075=CARTESIAN_POINT('',(24.5,33.410830563825,-6.99999984353781));
#17076=CARTESIAN_POINT('Origin',(24.5,49.8999988846481,-6.99999984353781));
#17077=CARTESIAN_POINT('',(24.5,49.789169923443,-6.99999984353781));
#17078=CARTESIAN_POINT('',(24.5,49.8999988846481,-6.99999984353781));
#17079=CARTESIAN_POINT('',(24.5,42.449999647215,-6.99999984353781));
#17080=CARTESIAN_POINT('',(24.5,49.789169923443,-6.99999984353781));
#17081=CARTESIAN_POINT('',(24.5,49.8999988846481,-6.99999984353781));
#17082=CARTESIAN_POINT('Origin',(24.5,49.8999988846481,-8.99999979883432));
#17083=CARTESIAN_POINT('',(24.5,49.8999988846481,-8.99999979883432));
#17084=CARTESIAN_POINT('',(24.5,49.8999988846481,-5.74999982491136));
#17085=CARTESIAN_POINT('',(24.5,49.8999988846481,-8.99999979883432));
#17086=CARTESIAN_POINT('Origin',(24.5,49.789169923443,-8.99999979883432));
#17087=CARTESIAN_POINT('',(24.5,49.789169923443,-8.99999979883432));
#17088=CARTESIAN_POINT('',(24.5,42.3945851666125,-8.99999979883432));
#17089=CARTESIAN_POINT('',(24.5,49.789169923443,-8.99999979883432));
#17090=CARTESIAN_POINT('Origin',(24.5,35.0000004097819,-2.49999985098839));
#17091=CARTESIAN_POINT('Origin',(24.5,41.600000243634,-7.99999982118607));
#17092=CARTESIAN_POINT('Origin',(24.5,35.0000004097819,-2.49999985098839));
#17093=CARTESIAN_POINT('',(24.5,49.850000243634,-7.99999982118606));
#17094=CARTESIAN_POINT('Origin',(24.5,41.600000243634,-7.99999982118607));
#17095=CARTESIAN_POINT('Origin',(24.5,41.600000243634,-7.99999982118607));
#17096=CARTESIAN_POINT('Origin',(24.5,41.600000243634,-7.99999982118607));
#17097=CARTESIAN_POINT('',(24.5,49.850000243634,-7.99999982118606));
#17098=CARTESIAN_POINT('Origin',(60.,20.0000001862645,15.0000002235174));
#17099=CARTESIAN_POINT('Origin',(60.,55.0000008195639,20.0000002980232));
#17100=CARTESIAN_POINT('Origin',(35.625,11.,-24.));
#17101=CARTESIAN_POINT('',(35.625,10.,-24.));
#17102=CARTESIAN_POINT('Origin',(48.75,10.,-22.5000001490116));
#17103=CARTESIAN_POINT('',(22.5,10.0000001490116,-21.0000002980232));
#17104=CARTESIAN_POINT('Origin',(61.875,11.,-21.0000002980232));
#17105=CARTESIAN_POINT('',(0.,0.,0.));
#17106=UNCERTAINTY_MEASURE_WITH_UNIT(LENGTH_MEASURE(0.01),#17112,
'DISTANCE_ACCURACY_VALUE',
'Maximum model space distance between geometric entities at asserted c
onnectivities');
#17107=UNCERTAINTY_MEASURE_WITH_UNIT(LENGTH_MEASURE(0.01),#17112,
'DISTANCE_ACCURACY_VALUE',
'Maximum model space distance between geometric entities at asserted c
onnectivities');
#17108=UNCERTAINTY_MEASURE_WITH_UNIT(LENGTH_MEASURE(0.01),#17112,
'DISTANCE_ACCURACY_VALUE',
'Maximum model space distance between geometric entities at asserted c
onnectivities');
#17109=(
GEOMETRIC_REPRESENTATION_CONTEXT(3)
GLOBAL_UNCERTAINTY_ASSIGNED_CONTEXT((#17106))
GLOBAL_UNIT_ASSIGNED_CONTEXT((#17112,#17114,#17115))
REPRESENTATION_CONTEXT('','3D')
);
#17110=(
GEOMETRIC_REPRESENTATION_CONTEXT(3)
GLOBAL_UNCERTAINTY_ASSIGNED_CONTEXT((#17107))
GLOBAL_UNIT_ASSIGNED_CONTEXT((#17112,#17114,#17115))
REPRESENTATION_CONTEXT('','3D')
);
#17111=(
GEOMETRIC_REPRESENTATION_CONTEXT(3)
GLOBAL_UNCERTAINTY_ASSIGNED_CONTEXT((#17108))
GLOBAL_UNIT_ASSIGNED_CONTEXT((#17112,#17114,#17115))
REPRESENTATION_CONTEXT('','3D')
);
#17112=(
LENGTH_UNIT()
NAMED_UNIT(*)
SI_UNIT(.MILLI.,.METRE.)
);
#17113=(
LENGTH_UNIT()
NAMED_UNIT(*)
SI_UNIT($,.METRE.)
);
#17114=(
NAMED_UNIT(*)
PLANE_ANGLE_UNIT()
SI_UNIT($,.RADIAN.)
);
#17115=(
NAMED_UNIT(*)
SI_UNIT($,.STERADIAN.)
SOLID_ANGLE_UNIT()
);
#17116=SHAPE_DEFINITION_REPRESENTATION(#17118,#17121);
#17117=SHAPE_DEFINITION_REPRESENTATION(#17119,#17122);
#17118=PRODUCT_DEFINITION_SHAPE('',$,#17124);
#17119=PRODUCT_DEFINITION_SHAPE('',$,#17125);
#17120=PRODUCT_DEFINITION_SHAPE($,$,#14);
#17121=SHAPE_REPRESENTATION('',(#10370,#11096),#17109);
#17122=SHAPE_REPRESENTATION('',(#10371),#17110);
#17123=PRODUCT_DEFINITION_CONTEXT('part definition',#17131,'design');
#17124=PRODUCT_DEFINITION('Front Half Casing (Small)',
'Front Half Casing (Small)',#17126,#17123);
#17125=PRODUCT_DEFINITION('Sliding Panel Front','Sliding Panel Front',#17127,
#17123);
#17126=PRODUCT_DEFINITION_FORMATION('',$,#17133);
#17127=PRODUCT_DEFINITION_FORMATION('',$,#17134);
#17128=PRODUCT_RELATED_PRODUCT_CATEGORY('Front Half Casing (Small)',
'Front Half Casing (Small)',(#17133));
#17129=PRODUCT_RELATED_PRODUCT_CATEGORY('Sliding Panel Front',
'Sliding Panel Front',(#17134));
#17130=APPLICATION_PROTOCOL_DEFINITION('international standard',
'automotive_design',2009,#17131);
#17131=APPLICATION_CONTEXT(
'Core Data for Automotive Mechanical Design Process');
#17132=PRODUCT_CONTEXT('part definition',#17131,'mechanical');
#17133=PRODUCT('Front Half Casing (Small)','Front Half Casing (Small)',
$,(#17132));
#17134=PRODUCT('Sliding Panel Front','Sliding Panel Front',$,(#17132));
#17135=PRESENTATION_STYLE_ASSIGNMENT((#17137));
#17136=PRESENTATION_STYLE_ASSIGNMENT((#17138));
#17137=SURFACE_STYLE_USAGE(.BOTH.,#17139);
#17138=SURFACE_STYLE_USAGE(.BOTH.,#17140);
#17139=SURFACE_SIDE_STYLE('',(#17141));
#17140=SURFACE_SIDE_STYLE('',(#17142));
#17141=SURFACE_STYLE_FILL_AREA(#17143);
#17142=SURFACE_STYLE_FILL_AREA(#17144);
#17143=FILL_AREA_STYLE('Stahl - satiniert',(#17145));
#17144=FILL_AREA_STYLE('ABS (Wei\X\DF)',(#17146));
#17145=FILL_AREA_STYLE_COLOUR('Stahl - satiniert',#17147);
#17146=FILL_AREA_STYLE_COLOUR('ABS (Wei\X\DF)',#17148);
#17147=COLOUR_RGB('Stahl - satiniert',0.627450980392157,0.627450980392157,
0.627450980392157);
#17148=COLOUR_RGB('ABS (Wei\X\DF)',0.137254901960784,0.137254901960784,
0.137254901960784);
ENDSEC;
END-ISO-10303-21;
