ISO-10303-21;
HEADER;
/* Generated by software containing ST-Developer
 * from STEP Tools, Inc. (www.steptools.com) 
 */

FILE_DESCRIPTION(
/* description */ (''),
/* implementation_level */ '2;1');

FILE_NAME(
/* name */ 'Drive_Wheel.step',
/* time_stamp */ '2026-09-29T23:14:59+02:00',
/* author */ (''),
/* organization */ (''),
/* preprocessor_version */ 'ST-DEVELOPER v20.2',
/* originating_system */ 'Autodesk Translation Framework v15.15.0.0',
/* authorisation */ '');

FILE_SCHEMA (('AUTOMOTIVE_DESIGN { 1 0 10303 214 3 1 1 }'));
ENDSEC;

DATA;
#10=MECHANICAL_DESIGN_GEOMETRIC_PRESENTATION_REPRESENTATION('',(#31,#32,
#33),#11122);
#11=ITEM_DEFINED_TRANSFORMATION($,$,#6342,#7072);
#12=ITEM_DEFINED_TRANSFORMATION($,$,#7041,#7073);
#13=ITEM_DEFINED_TRANSFORMATION($,$,#7063,#7074);
#14=(
REPRESENTATION_RELATIONSHIP($,$,#11139,#11138)
REPRESENTATION_RELATIONSHIP_WITH_TRANSFORMATION(#11)
SHAPE_REPRESENTATION_RELATIONSHIP()
);
#15=(
REPRESENTATION_RELATIONSHIP($,$,#11140,#11138)
REPRESENTATION_RELATIONSHIP_WITH_TRANSFORMATION(#12)
SHAPE_REPRESENTATION_RELATIONSHIP()
);
#16=(
REPRESENTATION_RELATIONSHIP($,$,#11141,#11138)
REPRESENTATION_RELATIONSHIP_WITH_TRANSFORMATION(#13)
SHAPE_REPRESENTATION_RELATIONSHIP()
);
#17=CONTEXT_DEPENDENT_SHAPE_REPRESENTATION(#14,#11135);
#18=CONTEXT_DEPENDENT_SHAPE_REPRESENTATION(#15,#11136);
#19=CONTEXT_DEPENDENT_SHAPE_REPRESENTATION(#16,#11137);
#20=NEXT_ASSEMBLY_USAGE_OCCURRENCE('Hub:1','Hub:1','Hub:1',#11143,#11144,
'Hub:1');
#21=NEXT_ASSEMBLY_USAGE_OCCURRENCE('Silicone Inlet:1',
'Silicone Inlet:1','Silicone Inlet:1',#11143,#11145,'Silicone Inlet:1');
#22=NEXT_ASSEMBLY_USAGE_OCCURRENCE('Drive Wheel Axis:2',
'Drive Wheel Axis:2','Drive Wheel Axis:2',#11143,#11146,
'Drive Wheel Axis:2');
#23=CONICAL_SURFACE('',#7042,33.7500004917383,0.785398163397448);
#24=CONICAL_SURFACE('',#7049,33.7500004917383,0.785398163397448);
#25=SHAPE_REPRESENTATION_RELATIONSHIP('SRR','None',#11139,#28);
#26=SHAPE_REPRESENTATION_RELATIONSHIP('SRR','None',#11140,#29);
#27=SHAPE_REPRESENTATION_RELATIONSHIP('SRR','None',#11141,#30);
#28=ADVANCED_BREP_SHAPE_REPRESENTATION('',(#34),#11119);
#29=ADVANCED_BREP_SHAPE_REPRESENTATION('',(#35),#11120);
#30=ADVANCED_BREP_SHAPE_REPRESENTATION('',(#36),#11121);
#31=STYLED_ITEM('',(#11163),#34);
#32=STYLED_ITEM('',(#11164),#35);
#33=STYLED_ITEM('',(#11162),#36);
#34=MANIFOLD_SOLID_BREP('Hub',#6304);
#35=MANIFOLD_SOLID_BREP('Silicone Inlet',#6305);
#36=MANIFOLD_SOLID_BREP('Drive Wheel Axis',#6306);
#37=FACE_BOUND('',#577,.T.);
#38=FACE_BOUND('',#581,.T.);
#39=FACE_BOUND('',#816,.T.);
#40=FACE_BOUND('',#867,.T.);
#41=FACE_BOUND('',#886,.T.);
#42=FACE_BOUND('',#889,.T.);
#43=FACE_BOUND('',#892,.T.);
#44=FACE_BOUND('',#895,.T.);
#45=FACE_BOUND('',#897,.T.);
#46=FACE_BOUND('',#902,.T.);
#47=FACE_BOUND('',#906,.T.);
#48=FACE_BOUND('',#909,.T.);
#49=FACE_BOUND('',#912,.T.);
#50=FACE_BOUND('',#915,.T.);
#51=FACE_BOUND('',#918,.T.);
#52=FACE_BOUND('',#922,.T.);
#53=TOROIDAL_SURFACE('',#6353,46.0000006854534,11.5);
#54=TOROIDAL_SURFACE('',#6356,46.0000006854534,11.5);
#55=TOROIDAL_SURFACE('',#6495,9.5,2.);
#56=TOROIDAL_SURFACE('',#6500,9.5,2.);
#57=TOROIDAL_SURFACE('',#6505,9.5,2.);
#58=TOROIDAL_SURFACE('',#6868,7.,2.);
#59=TOROIDAL_SURFACE('',#6874,9.5,2.);
#60=TOROIDAL_SURFACE('',#6878,12.,2.);
#61=TOROIDAL_SURFACE('',#6882,7.,2.);
#62=TOROIDAL_SURFACE('',#6896,7.,2.);
#63=TOROIDAL_SURFACE('',#6901,9.5,2.);
#64=TOROIDAL_SURFACE('',#6904,12.,2.);
#65=TOROIDAL_SURFACE('',#6908,7.,2.);
#66=TOROIDAL_SURFACE('',#6923,7.,2.);
#67=TOROIDAL_SURFACE('',#6928,9.5,2.);
#68=TOROIDAL_SURFACE('',#6931,12.,2.);
#69=TOROIDAL_SURFACE('',#6935,7.,2.);
#70=TOROIDAL_SURFACE('',#6949,7.,2.);
#71=TOROIDAL_SURFACE('',#6954,9.5,2.);
#72=TOROIDAL_SURFACE('',#6957,12.,2.);
#73=TOROIDAL_SURFACE('',#6960,9.5,2.);
#74=TOROIDAL_SURFACE('',#6965,7.,2.);
#75=TOROIDAL_SURFACE('',#6981,7.,2.);
#76=TOROIDAL_SURFACE('',#6985,9.5,2.);
#77=TOROIDAL_SURFACE('',#6987,12.,2.);
#78=TOROIDAL_SURFACE('',#6989,9.5,2.);
#79=TOROIDAL_SURFACE('',#6993,7.,2.);
#80=TOROIDAL_SURFACE('',#6994,7.,2.);
#81=TOROIDAL_SURFACE('',#6998,9.5,2.);
#82=TOROIDAL_SURFACE('',#7000,12.,2.);
#83=TOROIDAL_SURFACE('',#7002,9.5,2.);
#84=TOROIDAL_SURFACE('',#7006,7.,2.);
#85=TOROIDAL_SURFACE('',#7032,27.194202885333,4.00000005960464);
#86=TOROIDAL_SURFACE('',#7037,27.194202885333,4.00000005960465);
#87=TOROIDAL_SURFACE('',#7057,46.0000006854534,11.5);
#88=PLANE('',#6345);
#89=PLANE('',#6346);
#90=PLANE('',#6363);
#91=PLANE('',#6485);
#92=PLANE('',#6510);
#93=PLANE('',#6513);
#94=PLANE('',#6514);
#95=PLANE('',#6519);
#96=PLANE('',#6522);
#97=PLANE('',#6523);
#98=PLANE('',#6528);
#99=PLANE('',#6531);
#100=PLANE('',#6532);
#101=PLANE('',#6537);
#102=PLANE('',#6540);
#103=PLANE('',#6541);
#104=PLANE('',#6546);
#105=PLANE('',#6549);
#106=PLANE('',#6550);
#107=PLANE('',#6555);
#108=PLANE('',#6558);
#109=PLANE('',#6559);
#110=PLANE('',#6564);
#111=PLANE('',#6567);
#112=PLANE('',#6568);
#113=PLANE('',#6573);
#114=PLANE('',#6576);
#115=PLANE('',#6577);
#116=PLANE('',#6582);
#117=PLANE('',#6585);
#118=PLANE('',#6586);
#119=PLANE('',#6591);
#120=PLANE('',#6594);
#121=PLANE('',#6595);
#122=PLANE('',#6600);
#123=PLANE('',#6603);
#124=PLANE('',#6604);
#125=PLANE('',#6609);
#126=PLANE('',#6612);
#127=PLANE('',#6613);
#128=PLANE('',#6618);
#129=PLANE('',#6621);
#130=PLANE('',#6622);
#131=PLANE('',#6627);
#132=PLANE('',#6630);
#133=PLANE('',#6631);
#134=PLANE('',#6636);
#135=PLANE('',#6639);
#136=PLANE('',#6640);
#137=PLANE('',#6645);
#138=PLANE('',#6648);
#139=PLANE('',#6649);
#140=PLANE('',#6654);
#141=PLANE('',#6657);
#142=PLANE('',#6658);
#143=PLANE('',#6663);
#144=PLANE('',#6666);
#145=PLANE('',#6667);
#146=PLANE('',#6672);
#147=PLANE('',#6675);
#148=PLANE('',#6676);
#149=PLANE('',#6681);
#150=PLANE('',#6684);
#151=PLANE('',#6685);
#152=PLANE('',#6690);
#153=PLANE('',#6693);
#154=PLANE('',#6694);
#155=PLANE('',#6699);
#156=PLANE('',#6702);
#157=PLANE('',#6703);
#158=PLANE('',#6708);
#159=PLANE('',#6711);
#160=PLANE('',#6712);
#161=PLANE('',#6717);
#162=PLANE('',#6720);
#163=PLANE('',#6721);
#164=PLANE('',#6726);
#165=PLANE('',#6729);
#166=PLANE('',#6730);
#167=PLANE('',#6735);
#168=PLANE('',#6738);
#169=PLANE('',#6739);
#170=PLANE('',#6744);
#171=PLANE('',#6747);
#172=PLANE('',#6748);
#173=PLANE('',#6753);
#174=PLANE('',#6756);
#175=PLANE('',#6757);
#176=PLANE('',#6762);
#177=PLANE('',#6765);
#178=PLANE('',#6766);
#179=PLANE('',#6771);
#180=PLANE('',#6774);
#181=PLANE('',#6775);
#182=PLANE('',#6780);
#183=PLANE('',#6783);
#184=PLANE('',#6784);
#185=PLANE('',#6789);
#186=PLANE('',#6792);
#187=PLANE('',#6793);
#188=PLANE('',#6798);
#189=PLANE('',#6801);
#190=PLANE('',#6802);
#191=PLANE('',#6807);
#192=PLANE('',#6810);
#193=PLANE('',#6811);
#194=PLANE('',#6816);
#195=PLANE('',#6819);
#196=PLANE('',#6820);
#197=PLANE('',#6825);
#198=PLANE('',#6828);
#199=PLANE('',#6829);
#200=PLANE('',#6834);
#201=PLANE('',#6837);
#202=PLANE('',#6838);
#203=PLANE('',#6843);
#204=PLANE('',#6846);
#205=PLANE('',#6847);
#206=PLANE('',#6855);
#207=PLANE('',#6856);
#208=PLANE('',#6861);
#209=PLANE('',#6886);
#210=PLANE('',#6893);
#211=PLANE('',#6913);
#212=PLANE('',#6920);
#213=PLANE('',#6939);
#214=PLANE('',#6946);
#215=PLANE('',#6967);
#216=PLANE('',#7015);
#217=PLANE('',#7017);
#218=PLANE('',#7021);
#219=PLANE('',#7025);
#220=PLANE('',#7029);
#221=PLANE('',#7030);
#222=PLANE('',#7040);
#223=PLANE('',#7047);
#224=PLANE('',#7051);
#225=PLANE('',#7055);
#226=PLANE('',#7060);
#227=PLANE('',#7064);
#228=PLANE('',#7071);
#229=FACE_OUTER_BOUND('',#568,.T.);
#230=FACE_OUTER_BOUND('',#569,.T.);
#231=FACE_OUTER_BOUND('',#570,.T.);
#232=FACE_OUTER_BOUND('',#571,.T.);
#233=FACE_OUTER_BOUND('',#572,.T.);
#234=FACE_OUTER_BOUND('',#573,.T.);
#235=FACE_OUTER_BOUND('',#574,.T.);
#236=FACE_OUTER_BOUND('',#575,.T.);
#237=FACE_OUTER_BOUND('',#576,.T.);
#238=FACE_OUTER_BOUND('',#578,.T.);
#239=FACE_OUTER_BOUND('',#579,.T.);
#240=FACE_OUTER_BOUND('',#580,.T.);
#241=FACE_OUTER_BOUND('',#582,.T.);
#242=FACE_OUTER_BOUND('',#583,.T.);
#243=FACE_OUTER_BOUND('',#584,.T.);
#244=FACE_OUTER_BOUND('',#585,.T.);
#245=FACE_OUTER_BOUND('',#586,.T.);
#246=FACE_OUTER_BOUND('',#587,.T.);
#247=FACE_OUTER_BOUND('',#588,.T.);
#248=FACE_OUTER_BOUND('',#589,.T.);
#249=FACE_OUTER_BOUND('',#590,.T.);
#250=FACE_OUTER_BOUND('',#591,.T.);
#251=FACE_OUTER_BOUND('',#592,.T.);
#252=FACE_OUTER_BOUND('',#593,.T.);
#253=FACE_OUTER_BOUND('',#594,.T.);
#254=FACE_OUTER_BOUND('',#595,.T.);
#255=FACE_OUTER_BOUND('',#596,.T.);
#256=FACE_OUTER_BOUND('',#597,.T.);
#257=FACE_OUTER_BOUND('',#598,.T.);
#258=FACE_OUTER_BOUND('',#599,.T.);
#259=FACE_OUTER_BOUND('',#600,.T.);
#260=FACE_OUTER_BOUND('',#601,.T.);
#261=FACE_OUTER_BOUND('',#602,.T.);
#262=FACE_OUTER_BOUND('',#603,.T.);
#263=FACE_OUTER_BOUND('',#604,.T.);
#264=FACE_OUTER_BOUND('',#605,.T.);
#265=FACE_OUTER_BOUND('',#606,.T.);
#266=FACE_OUTER_BOUND('',#607,.T.);
#267=FACE_OUTER_BOUND('',#608,.T.);
#268=FACE_OUTER_BOUND('',#609,.T.);
#269=FACE_OUTER_BOUND('',#610,.T.);
#270=FACE_OUTER_BOUND('',#611,.T.);
#271=FACE_OUTER_BOUND('',#612,.T.);
#272=FACE_OUTER_BOUND('',#613,.T.);
#273=FACE_OUTER_BOUND('',#614,.T.);
#274=FACE_OUTER_BOUND('',#615,.T.);
#275=FACE_OUTER_BOUND('',#616,.T.);
#276=FACE_OUTER_BOUND('',#617,.T.);
#277=FACE_OUTER_BOUND('',#618,.T.);
#278=FACE_OUTER_BOUND('',#619,.T.);
#279=FACE_OUTER_BOUND('',#620,.T.);
#280=FACE_OUTER_BOUND('',#621,.T.);
#281=FACE_OUTER_BOUND('',#622,.T.);
#282=FACE_OUTER_BOUND('',#623,.T.);
#283=FACE_OUTER_BOUND('',#624,.T.);
#284=FACE_OUTER_BOUND('',#625,.T.);
#285=FACE_OUTER_BOUND('',#626,.T.);
#286=FACE_OUTER_BOUND('',#627,.T.);
#287=FACE_OUTER_BOUND('',#628,.T.);
#288=FACE_OUTER_BOUND('',#629,.T.);
#289=FACE_OUTER_BOUND('',#630,.T.);
#290=FACE_OUTER_BOUND('',#631,.T.);
#291=FACE_OUTER_BOUND('',#632,.T.);
#292=FACE_OUTER_BOUND('',#633,.T.);
#293=FACE_OUTER_BOUND('',#634,.T.);
#294=FACE_OUTER_BOUND('',#635,.T.);
#295=FACE_OUTER_BOUND('',#636,.T.);
#296=FACE_OUTER_BOUND('',#637,.T.);
#297=FACE_OUTER_BOUND('',#638,.T.);
#298=FACE_OUTER_BOUND('',#639,.T.);
#299=FACE_OUTER_BOUND('',#640,.T.);
#300=FACE_OUTER_BOUND('',#641,.T.);
#301=FACE_OUTER_BOUND('',#642,.T.);
#302=FACE_OUTER_BOUND('',#643,.T.);
#303=FACE_OUTER_BOUND('',#644,.T.);
#304=FACE_OUTER_BOUND('',#645,.T.);
#305=FACE_OUTER_BOUND('',#646,.T.);
#306=FACE_OUTER_BOUND('',#647,.T.);
#307=FACE_OUTER_BOUND('',#648,.T.);
#308=FACE_OUTER_BOUND('',#649,.T.);
#309=FACE_OUTER_BOUND('',#650,.T.);
#310=FACE_OUTER_BOUND('',#651,.T.);
#311=FACE_OUTER_BOUND('',#652,.T.);
#312=FACE_OUTER_BOUND('',#653,.T.);
#313=FACE_OUTER_BOUND('',#654,.T.);
#314=FACE_OUTER_BOUND('',#655,.T.);
#315=FACE_OUTER_BOUND('',#656,.T.);
#316=FACE_OUTER_BOUND('',#657,.T.);
#317=FACE_OUTER_BOUND('',#658,.T.);
#318=FACE_OUTER_BOUND('',#659,.T.);
#319=FACE_OUTER_BOUND('',#660,.T.);
#320=FACE_OUTER_BOUND('',#661,.T.);
#321=FACE_OUTER_BOUND('',#662,.T.);
#322=FACE_OUTER_BOUND('',#663,.T.);
#323=FACE_OUTER_BOUND('',#664,.T.);
#324=FACE_OUTER_BOUND('',#665,.T.);
#325=FACE_OUTER_BOUND('',#666,.T.);
#326=FACE_OUTER_BOUND('',#667,.T.);
#327=FACE_OUTER_BOUND('',#668,.T.);
#328=FACE_OUTER_BOUND('',#669,.T.);
#329=FACE_OUTER_BOUND('',#670,.T.);
#330=FACE_OUTER_BOUND('',#671,.T.);
#331=FACE_OUTER_BOUND('',#672,.T.);
#332=FACE_OUTER_BOUND('',#673,.T.);
#333=FACE_OUTER_BOUND('',#674,.T.);
#334=FACE_OUTER_BOUND('',#675,.T.);
#335=FACE_OUTER_BOUND('',#676,.T.);
#336=FACE_OUTER_BOUND('',#677,.T.);
#337=FACE_OUTER_BOUND('',#678,.T.);
#338=FACE_OUTER_BOUND('',#679,.T.);
#339=FACE_OUTER_BOUND('',#680,.T.);
#340=FACE_OUTER_BOUND('',#681,.T.);
#341=FACE_OUTER_BOUND('',#682,.T.);
#342=FACE_OUTER_BOUND('',#683,.T.);
#343=FACE_OUTER_BOUND('',#684,.T.);
#344=FACE_OUTER_BOUND('',#685,.T.);
#345=FACE_OUTER_BOUND('',#686,.T.);
#346=FACE_OUTER_BOUND('',#687,.T.);
#347=FACE_OUTER_BOUND('',#688,.T.);
#348=FACE_OUTER_BOUND('',#689,.T.);
#349=FACE_OUTER_BOUND('',#690,.T.);
#350=FACE_OUTER_BOUND('',#691,.T.);
#351=FACE_OUTER_BOUND('',#692,.T.);
#352=FACE_OUTER_BOUND('',#693,.T.);
#353=FACE_OUTER_BOUND('',#694,.T.);
#354=FACE_OUTER_BOUND('',#695,.T.);
#355=FACE_OUTER_BOUND('',#696,.T.);
#356=FACE_OUTER_BOUND('',#697,.T.);
#357=FACE_OUTER_BOUND('',#698,.T.);
#358=FACE_OUTER_BOUND('',#699,.T.);
#359=FACE_OUTER_BOUND('',#700,.T.);
#360=FACE_OUTER_BOUND('',#701,.T.);
#361=FACE_OUTER_BOUND('',#702,.T.);
#362=FACE_OUTER_BOUND('',#703,.T.);
#363=FACE_OUTER_BOUND('',#704,.T.);
#364=FACE_OUTER_BOUND('',#705,.T.);
#365=FACE_OUTER_BOUND('',#706,.T.);
#366=FACE_OUTER_BOUND('',#707,.T.);
#367=FACE_OUTER_BOUND('',#708,.T.);
#368=FACE_OUTER_BOUND('',#709,.T.);
#369=FACE_OUTER_BOUND('',#710,.T.);
#370=FACE_OUTER_BOUND('',#711,.T.);
#371=FACE_OUTER_BOUND('',#712,.T.);
#372=FACE_OUTER_BOUND('',#713,.T.);
#373=FACE_OUTER_BOUND('',#714,.T.);
#374=FACE_OUTER_BOUND('',#715,.T.);
#375=FACE_OUTER_BOUND('',#716,.T.);
#376=FACE_OUTER_BOUND('',#717,.T.);
#377=FACE_OUTER_BOUND('',#718,.T.);
#378=FACE_OUTER_BOUND('',#719,.T.);
#379=FACE_OUTER_BOUND('',#720,.T.);
#380=FACE_OUTER_BOUND('',#721,.T.);
#381=FACE_OUTER_BOUND('',#722,.T.);
#382=FACE_OUTER_BOUND('',#723,.T.);
#383=FACE_OUTER_BOUND('',#724,.T.);
#384=FACE_OUTER_BOUND('',#725,.T.);
#385=FACE_OUTER_BOUND('',#726,.T.);
#386=FACE_OUTER_BOUND('',#727,.T.);
#387=FACE_OUTER_BOUND('',#728,.T.);
#388=FACE_OUTER_BOUND('',#729,.T.);
#389=FACE_OUTER_BOUND('',#730,.T.);
#390=FACE_OUTER_BOUND('',#731,.T.);
#391=FACE_OUTER_BOUND('',#732,.T.);
#392=FACE_OUTER_BOUND('',#733,.T.);
#393=FACE_OUTER_BOUND('',#734,.T.);
#394=FACE_OUTER_BOUND('',#735,.T.);
#395=FACE_OUTER_BOUND('',#736,.T.);
#396=FACE_OUTER_BOUND('',#737,.T.);
#397=FACE_OUTER_BOUND('',#738,.T.);
#398=FACE_OUTER_BOUND('',#739,.T.);
#399=FACE_OUTER_BOUND('',#740,.T.);
#400=FACE_OUTER_BOUND('',#741,.T.);
#401=FACE_OUTER_BOUND('',#742,.T.);
#402=FACE_OUTER_BOUND('',#743,.T.);
#403=FACE_OUTER_BOUND('',#744,.T.);
#404=FACE_OUTER_BOUND('',#745,.T.);
#405=FACE_OUTER_BOUND('',#746,.T.);
#406=FACE_OUTER_BOUND('',#747,.T.);
#407=FACE_OUTER_BOUND('',#748,.T.);
#408=FACE_OUTER_BOUND('',#749,.T.);
#409=FACE_OUTER_BOUND('',#750,.T.);
#410=FACE_OUTER_BOUND('',#751,.T.);
#411=FACE_OUTER_BOUND('',#752,.T.);
#412=FACE_OUTER_BOUND('',#753,.T.);
#413=FACE_OUTER_BOUND('',#754,.T.);
#414=FACE_OUTER_BOUND('',#755,.T.);
#415=FACE_OUTER_BOUND('',#756,.T.);
#416=FACE_OUTER_BOUND('',#757,.T.);
#417=FACE_OUTER_BOUND('',#758,.T.);
#418=FACE_OUTER_BOUND('',#759,.T.);
#419=FACE_OUTER_BOUND('',#760,.T.);
#420=FACE_OUTER_BOUND('',#761,.T.);
#421=FACE_OUTER_BOUND('',#762,.T.);
#422=FACE_OUTER_BOUND('',#763,.T.);
#423=FACE_OUTER_BOUND('',#764,.T.);
#424=FACE_OUTER_BOUND('',#765,.T.);
#425=FACE_OUTER_BOUND('',#766,.T.);
#426=FACE_OUTER_BOUND('',#767,.T.);
#427=FACE_OUTER_BOUND('',#768,.T.);
#428=FACE_OUTER_BOUND('',#769,.T.);
#429=FACE_OUTER_BOUND('',#770,.T.);
#430=FACE_OUTER_BOUND('',#771,.T.);
#431=FACE_OUTER_BOUND('',#772,.T.);
#432=FACE_OUTER_BOUND('',#773,.T.);
#433=FACE_OUTER_BOUND('',#774,.T.);
#434=FACE_OUTER_BOUND('',#775,.T.);
#435=FACE_OUTER_BOUND('',#776,.T.);
#436=FACE_OUTER_BOUND('',#777,.T.);
#437=FACE_OUTER_BOUND('',#778,.T.);
#438=FACE_OUTER_BOUND('',#779,.T.);
#439=FACE_OUTER_BOUND('',#780,.T.);
#440=FACE_OUTER_BOUND('',#781,.T.);
#441=FACE_OUTER_BOUND('',#782,.T.);
#442=FACE_OUTER_BOUND('',#783,.T.);
#443=FACE_OUTER_BOUND('',#784,.T.);
#444=FACE_OUTER_BOUND('',#785,.T.);
#445=FACE_OUTER_BOUND('',#786,.T.);
#446=FACE_OUTER_BOUND('',#787,.T.);
#447=FACE_OUTER_BOUND('',#788,.T.);
#448=FACE_OUTER_BOUND('',#789,.T.);
#449=FACE_OUTER_BOUND('',#790,.T.);
#450=FACE_OUTER_BOUND('',#791,.T.);
#451=FACE_OUTER_BOUND('',#792,.T.);
#452=FACE_OUTER_BOUND('',#793,.T.);
#453=FACE_OUTER_BOUND('',#794,.T.);
#454=FACE_OUTER_BOUND('',#795,.T.);
#455=FACE_OUTER_BOUND('',#796,.T.);
#456=FACE_OUTER_BOUND('',#797,.T.);
#457=FACE_OUTER_BOUND('',#798,.T.);
#458=FACE_OUTER_BOUND('',#799,.T.);
#459=FACE_OUTER_BOUND('',#800,.T.);
#460=FACE_OUTER_BOUND('',#801,.T.);
#461=FACE_OUTER_BOUND('',#802,.T.);
#462=FACE_OUTER_BOUND('',#803,.T.);
#463=FACE_OUTER_BOUND('',#804,.T.);
#464=FACE_OUTER_BOUND('',#805,.T.);
#465=FACE_OUTER_BOUND('',#806,.T.);
#466=FACE_OUTER_BOUND('',#807,.T.);
#467=FACE_OUTER_BOUND('',#808,.T.);
#468=FACE_OUTER_BOUND('',#809,.T.);
#469=FACE_OUTER_BOUND('',#810,.T.);
#470=FACE_OUTER_BOUND('',#811,.T.);
#471=FACE_OUTER_BOUND('',#812,.T.);
#472=FACE_OUTER_BOUND('',#813,.T.);
#473=FACE_OUTER_BOUND('',#814,.T.);
#474=FACE_OUTER_BOUND('',#815,.T.);
#475=FACE_OUTER_BOUND('',#817,.T.);
#476=FACE_OUTER_BOUND('',#818,.T.);
#477=FACE_OUTER_BOUND('',#819,.T.);
#478=FACE_OUTER_BOUND('',#820,.T.);
#479=FACE_OUTER_BOUND('',#821,.T.);
#480=FACE_OUTER_BOUND('',#822,.T.);
#481=FACE_OUTER_BOUND('',#823,.T.);
#482=FACE_OUTER_BOUND('',#824,.T.);
#483=FACE_OUTER_BOUND('',#825,.T.);
#484=FACE_OUTER_BOUND('',#826,.T.);
#485=FACE_OUTER_BOUND('',#827,.T.);
#486=FACE_OUTER_BOUND('',#828,.T.);
#487=FACE_OUTER_BOUND('',#829,.T.);
#488=FACE_OUTER_BOUND('',#830,.T.);
#489=FACE_OUTER_BOUND('',#831,.T.);
#490=FACE_OUTER_BOUND('',#832,.T.);
#491=FACE_OUTER_BOUND('',#833,.T.);
#492=FACE_OUTER_BOUND('',#834,.T.);
#493=FACE_OUTER_BOUND('',#835,.T.);
#494=FACE_OUTER_BOUND('',#836,.T.);
#495=FACE_OUTER_BOUND('',#837,.T.);
#496=FACE_OUTER_BOUND('',#838,.T.);
#497=FACE_OUTER_BOUND('',#839,.T.);
#498=FACE_OUTER_BOUND('',#840,.T.);
#499=FACE_OUTER_BOUND('',#841,.T.);
#500=FACE_OUTER_BOUND('',#842,.T.);
#501=FACE_OUTER_BOUND('',#843,.T.);
#502=FACE_OUTER_BOUND('',#844,.T.);
#503=FACE_OUTER_BOUND('',#845,.T.);
#504=FACE_OUTER_BOUND('',#846,.T.);
#505=FACE_OUTER_BOUND('',#847,.T.);
#506=FACE_OUTER_BOUND('',#848,.T.);
#507=FACE_OUTER_BOUND('',#849,.T.);
#508=FACE_OUTER_BOUND('',#850,.T.);
#509=FACE_OUTER_BOUND('',#851,.T.);
#510=FACE_OUTER_BOUND('',#852,.T.);
#511=FACE_OUTER_BOUND('',#853,.T.);
#512=FACE_OUTER_BOUND('',#854,.T.);
#513=FACE_OUTER_BOUND('',#855,.T.);
#514=FACE_OUTER_BOUND('',#856,.T.);
#515=FACE_OUTER_BOUND('',#857,.T.);
#516=FACE_OUTER_BOUND('',#858,.T.);
#517=FACE_OUTER_BOUND('',#859,.T.);
#518=FACE_OUTER_BOUND('',#860,.T.);
#519=FACE_OUTER_BOUND('',#861,.T.);
#520=FACE_OUTER_BOUND('',#862,.T.);
#521=FACE_OUTER_BOUND('',#863,.T.);
#522=FACE_OUTER_BOUND('',#864,.T.);
#523=FACE_OUTER_BOUND('',#865,.T.);
#524=FACE_OUTER_BOUND('',#866,.T.);
#525=FACE_OUTER_BOUND('',#868,.T.);
#526=FACE_OUTER_BOUND('',#869,.T.);
#527=FACE_OUTER_BOUND('',#870,.T.);
#528=FACE_OUTER_BOUND('',#871,.T.);
#529=FACE_OUTER_BOUND('',#872,.T.);
#530=FACE_OUTER_BOUND('',#873,.T.);
#531=FACE_OUTER_BOUND('',#874,.T.);
#532=FACE_OUTER_BOUND('',#875,.T.);
#533=FACE_OUTER_BOUND('',#876,.T.);
#534=FACE_OUTER_BOUND('',#877,.T.);
#535=FACE_OUTER_BOUND('',#878,.T.);
#536=FACE_OUTER_BOUND('',#879,.T.);
#537=FACE_OUTER_BOUND('',#880,.T.);
#538=FACE_OUTER_BOUND('',#881,.T.);
#539=FACE_OUTER_BOUND('',#882,.T.);
#540=FACE_OUTER_BOUND('',#883,.T.);
#541=FACE_OUTER_BOUND('',#884,.T.);
#542=FACE_OUTER_BOUND('',#885,.T.);
#543=FACE_OUTER_BOUND('',#887,.T.);
#544=FACE_OUTER_BOUND('',#888,.T.);
#545=FACE_OUTER_BOUND('',#890,.T.);
#546=FACE_OUTER_BOUND('',#891,.T.);
#547=FACE_OUTER_BOUND('',#893,.T.);
#548=FACE_OUTER_BOUND('',#894,.T.);
#549=FACE_OUTER_BOUND('',#896,.T.);
#550=FACE_OUTER_BOUND('',#898,.T.);
#551=FACE_OUTER_BOUND('',#899,.T.);
#552=FACE_OUTER_BOUND('',#900,.T.);
#553=FACE_OUTER_BOUND('',#901,.T.);
#554=FACE_OUTER_BOUND('',#903,.T.);
#555=FACE_OUTER_BOUND('',#904,.T.);
#556=FACE_OUTER_BOUND('',#905,.T.);
#557=FACE_OUTER_BOUND('',#907,.T.);
#558=FACE_OUTER_BOUND('',#908,.T.);
#559=FACE_OUTER_BOUND('',#910,.T.);
#560=FACE_OUTER_BOUND('',#911,.T.);
#561=FACE_OUTER_BOUND('',#913,.T.);
#562=FACE_OUTER_BOUND('',#914,.T.);
#563=FACE_OUTER_BOUND('',#916,.T.);
#564=FACE_OUTER_BOUND('',#917,.T.);
#565=FACE_OUTER_BOUND('',#919,.T.);
#566=FACE_OUTER_BOUND('',#920,.T.);
#567=FACE_OUTER_BOUND('',#921,.T.);
#568=EDGE_LOOP('',(#3930,#3931,#3932,#3933));
#569=EDGE_LOOP('',(#3934,#3935,#3936,#3937));
#570=EDGE_LOOP('',(#3938,#3939,#3940,#3941));
#571=EDGE_LOOP('',(#3942,#3943,#3944,#3945));
#572=EDGE_LOOP('',(#3946,#3947,#3948,#3949,#3950));
#573=EDGE_LOOP('',(#3951,#3952,#3953,#3954,#3955,#3956,#3957));
#574=EDGE_LOOP('',(#3958,#3959,#3960,#3961,#3962,#3963,#3964));
#575=EDGE_LOOP('',(#3965,#3966,#3967,#3968,#3969));
#576=EDGE_LOOP('',(#3970));
#577=EDGE_LOOP('',(#3971,#3972,#3973,#3974,#3975,#3976,#3977,#3978,#3979,
#3980,#3981,#3982,#3983,#3984,#3985,#3986,#3987,#3988,#3989,#3990,#3991,
#3992,#3993,#3994,#3995,#3996,#3997,#3998,#3999,#4000,#4001,#4002,#4003,
#4004,#4005,#4006,#4007,#4008,#4009,#4010,#4011,#4012,#4013,#4014,#4015,
#4016,#4017,#4018,#4019,#4020,#4021,#4022,#4023,#4024,#4025,#4026,#4027,
#4028,#4029,#4030,#4031,#4032,#4033,#4034,#4035,#4036,#4037,#4038,#4039,
#4040,#4041,#4042,#4043,#4044,#4045,#4046,#4047,#4048,#4049,#4050,#4051,
#4052,#4053,#4054,#4055,#4056,#4057,#4058,#4059,#4060,#4061,#4062,#4063,
#4064,#4065,#4066,#4067,#4068,#4069,#4070,#4071,#4072,#4073,#4074,#4075,
#4076,#4077,#4078,#4079,#4080,#4081,#4082,#4083,#4084,#4085,#4086,#4087,
#4088,#4089,#4090,#4091,#4092,#4093,#4094,#4095,#4096,#4097,#4098,#4099,
#4100,#4101,#4102,#4103,#4104,#4105,#4106,#4107,#4108,#4109,#4110,#4111,
#4112,#4113,#4114,#4115,#4116,#4117,#4118,#4119,#4120,#4121,#4122,#4123,
#4124,#4125,#4126,#4127,#4128,#4129,#4130,#4131,#4132,#4133,#4134,#4135,
#4136,#4137,#4138,#4139,#4140,#4141,#4142,#4143,#4144,#4145,#4146,#4147,
#4148,#4149,#4150,#4151,#4152,#4153,#4154,#4155,#4156,#4157,#4158,#4159,
#4160,#4161,#4162,#4163,#4164,#4165,#4166,#4167,#4168,#4169,#4170,#4171,
#4172,#4173,#4174,#4175,#4176,#4177,#4178,#4179,#4180,#4181,#4182,#4183,
#4184,#4185,#4186,#4187,#4188,#4189,#4190,#4191,#4192,#4193,#4194,#4195,
#4196,#4197,#4198));
#578=EDGE_LOOP('',(#4199,#4200,#4201,#4202,#4203));
#579=EDGE_LOOP('',(#4204,#4205,#4206,#4207));
#580=EDGE_LOOP('',(#4208));
#581=EDGE_LOOP('',(#4209));
#582=EDGE_LOOP('',(#4210,#4211,#4212,#4213,#4214,#4215,#4216,#4217,#4218,
#4219,#4220,#4221,#4222,#4223,#4224,#4225));
#583=EDGE_LOOP('',(#4226,#4227,#4228,#4229,#4230));
#584=EDGE_LOOP('',(#4231,#4232,#4233,#4234,#4235));
#585=EDGE_LOOP('',(#4236,#4237,#4238,#4239,#4240));
#586=EDGE_LOOP('',(#4241,#4242,#4243,#4244));
#587=EDGE_LOOP('',(#4245,#4246,#4247,#4248));
#588=EDGE_LOOP('',(#4249,#4250,#4251,#4252));
#589=EDGE_LOOP('',(#4253,#4254,#4255,#4256));
#590=EDGE_LOOP('',(#4257,#4258,#4259,#4260));
#591=EDGE_LOOP('',(#4261,#4262,#4263,#4264));
#592=EDGE_LOOP('',(#4265,#4266,#4267,#4268));
#593=EDGE_LOOP('',(#4269,#4270,#4271,#4272));
#594=EDGE_LOOP('',(#4273,#4274,#4275,#4276));
#595=EDGE_LOOP('',(#4277,#4278,#4279,#4280));
#596=EDGE_LOOP('',(#4281,#4282,#4283,#4284));
#597=EDGE_LOOP('',(#4285,#4286,#4287,#4288));
#598=EDGE_LOOP('',(#4289,#4290,#4291,#4292));
#599=EDGE_LOOP('',(#4293,#4294,#4295,#4296));
#600=EDGE_LOOP('',(#4297,#4298,#4299,#4300));
#601=EDGE_LOOP('',(#4301,#4302,#4303,#4304));
#602=EDGE_LOOP('',(#4305,#4306,#4307,#4308));
#603=EDGE_LOOP('',(#4309,#4310,#4311,#4312));
#604=EDGE_LOOP('',(#4313,#4314,#4315,#4316));
#605=EDGE_LOOP('',(#4317,#4318,#4319,#4320));
#606=EDGE_LOOP('',(#4321,#4322,#4323,#4324));
#607=EDGE_LOOP('',(#4325,#4326,#4327,#4328));
#608=EDGE_LOOP('',(#4329,#4330,#4331,#4332));
#609=EDGE_LOOP('',(#4333,#4334,#4335,#4336));
#610=EDGE_LOOP('',(#4337,#4338,#4339,#4340));
#611=EDGE_LOOP('',(#4341,#4342,#4343,#4344));
#612=EDGE_LOOP('',(#4345,#4346,#4347,#4348));
#613=EDGE_LOOP('',(#4349,#4350,#4351,#4352));
#614=EDGE_LOOP('',(#4353,#4354,#4355,#4356));
#615=EDGE_LOOP('',(#4357,#4358,#4359,#4360));
#616=EDGE_LOOP('',(#4361,#4362,#4363,#4364));
#617=EDGE_LOOP('',(#4365,#4366,#4367,#4368));
#618=EDGE_LOOP('',(#4369,#4370,#4371,#4372));
#619=EDGE_LOOP('',(#4373,#4374,#4375,#4376));
#620=EDGE_LOOP('',(#4377,#4378,#4379,#4380));
#621=EDGE_LOOP('',(#4381,#4382,#4383,#4384));
#622=EDGE_LOOP('',(#4385,#4386,#4387,#4388));
#623=EDGE_LOOP('',(#4389,#4390,#4391,#4392));
#624=EDGE_LOOP('',(#4393,#4394,#4395,#4396));
#625=EDGE_LOOP('',(#4397,#4398,#4399,#4400));
#626=EDGE_LOOP('',(#4401,#4402,#4403,#4404));
#627=EDGE_LOOP('',(#4405,#4406,#4407,#4408));
#628=EDGE_LOOP('',(#4409,#4410,#4411,#4412));
#629=EDGE_LOOP('',(#4413,#4414,#4415,#4416));
#630=EDGE_LOOP('',(#4417,#4418,#4419,#4420));
#631=EDGE_LOOP('',(#4421,#4422,#4423,#4424));
#632=EDGE_LOOP('',(#4425,#4426,#4427,#4428));
#633=EDGE_LOOP('',(#4429,#4430,#4431,#4432));
#634=EDGE_LOOP('',(#4433,#4434,#4435,#4436));
#635=EDGE_LOOP('',(#4437,#4438,#4439,#4440));
#636=EDGE_LOOP('',(#4441,#4442,#4443,#4444));
#637=EDGE_LOOP('',(#4445,#4446,#4447,#4448));
#638=EDGE_LOOP('',(#4449,#4450,#4451,#4452));
#639=EDGE_LOOP('',(#4453,#4454,#4455,#4456));
#640=EDGE_LOOP('',(#4457,#4458,#4459,#4460));
#641=EDGE_LOOP('',(#4461,#4462,#4463,#4464));
#642=EDGE_LOOP('',(#4465,#4466,#4467,#4468));
#643=EDGE_LOOP('',(#4469,#4470,#4471,#4472));
#644=EDGE_LOOP('',(#4473,#4474,#4475,#4476));
#645=EDGE_LOOP('',(#4477,#4478,#4479,#4480));
#646=EDGE_LOOP('',(#4481,#4482,#4483,#4484));
#647=EDGE_LOOP('',(#4485,#4486,#4487,#4488));
#648=EDGE_LOOP('',(#4489,#4490,#4491,#4492));
#649=EDGE_LOOP('',(#4493,#4494,#4495,#4496));
#650=EDGE_LOOP('',(#4497,#4498,#4499,#4500));
#651=EDGE_LOOP('',(#4501,#4502,#4503,#4504));
#652=EDGE_LOOP('',(#4505,#4506,#4507,#4508));
#653=EDGE_LOOP('',(#4509,#4510,#4511,#4512));
#654=EDGE_LOOP('',(#4513,#4514,#4515,#4516));
#655=EDGE_LOOP('',(#4517,#4518,#4519,#4520));
#656=EDGE_LOOP('',(#4521,#4522,#4523,#4524));
#657=EDGE_LOOP('',(#4525,#4526,#4527,#4528));
#658=EDGE_LOOP('',(#4529,#4530,#4531,#4532));
#659=EDGE_LOOP('',(#4533,#4534,#4535,#4536));
#660=EDGE_LOOP('',(#4537,#4538,#4539,#4540));
#661=EDGE_LOOP('',(#4541,#4542,#4543,#4544));
#662=EDGE_LOOP('',(#4545,#4546,#4547,#4548));
#663=EDGE_LOOP('',(#4549,#4550,#4551,#4552));
#664=EDGE_LOOP('',(#4553,#4554,#4555,#4556));
#665=EDGE_LOOP('',(#4557,#4558,#4559,#4560));
#666=EDGE_LOOP('',(#4561,#4562,#4563,#4564));
#667=EDGE_LOOP('',(#4565,#4566,#4567,#4568));
#668=EDGE_LOOP('',(#4569,#4570,#4571,#4572));
#669=EDGE_LOOP('',(#4573,#4574,#4575,#4576));
#670=EDGE_LOOP('',(#4577,#4578,#4579,#4580));
#671=EDGE_LOOP('',(#4581,#4582,#4583,#4584));
#672=EDGE_LOOP('',(#4585,#4586,#4587,#4588));
#673=EDGE_LOOP('',(#4589,#4590,#4591,#4592));
#674=EDGE_LOOP('',(#4593,#4594,#4595,#4596));
#675=EDGE_LOOP('',(#4597,#4598,#4599,#4600));
#676=EDGE_LOOP('',(#4601,#4602,#4603,#4604));
#677=EDGE_LOOP('',(#4605,#4606,#4607,#4608));
#678=EDGE_LOOP('',(#4609,#4610,#4611,#4612));
#679=EDGE_LOOP('',(#4613,#4614,#4615,#4616));
#680=EDGE_LOOP('',(#4617,#4618,#4619,#4620));
#681=EDGE_LOOP('',(#4621,#4622,#4623,#4624));
#682=EDGE_LOOP('',(#4625,#4626,#4627,#4628));
#683=EDGE_LOOP('',(#4629,#4630,#4631,#4632));
#684=EDGE_LOOP('',(#4633,#4634,#4635,#4636));
#685=EDGE_LOOP('',(#4637,#4638,#4639,#4640));
#686=EDGE_LOOP('',(#4641,#4642,#4643,#4644));
#687=EDGE_LOOP('',(#4645,#4646,#4647,#4648));
#688=EDGE_LOOP('',(#4649,#4650,#4651,#4652));
#689=EDGE_LOOP('',(#4653,#4654,#4655,#4656));
#690=EDGE_LOOP('',(#4657,#4658,#4659,#4660));
#691=EDGE_LOOP('',(#4661,#4662,#4663,#4664));
#692=EDGE_LOOP('',(#4665,#4666,#4667,#4668));
#693=EDGE_LOOP('',(#4669,#4670,#4671,#4672));
#694=EDGE_LOOP('',(#4673,#4674,#4675,#4676));
#695=EDGE_LOOP('',(#4677,#4678,#4679,#4680));
#696=EDGE_LOOP('',(#4681,#4682,#4683,#4684));
#697=EDGE_LOOP('',(#4685,#4686,#4687,#4688));
#698=EDGE_LOOP('',(#4689,#4690,#4691,#4692));
#699=EDGE_LOOP('',(#4693,#4694,#4695,#4696));
#700=EDGE_LOOP('',(#4697,#4698,#4699,#4700));
#701=EDGE_LOOP('',(#4701,#4702,#4703,#4704));
#702=EDGE_LOOP('',(#4705,#4706,#4707,#4708));
#703=EDGE_LOOP('',(#4709,#4710,#4711,#4712));
#704=EDGE_LOOP('',(#4713,#4714,#4715,#4716));
#705=EDGE_LOOP('',(#4717,#4718,#4719,#4720));
#706=EDGE_LOOP('',(#4721,#4722,#4723,#4724));
#707=EDGE_LOOP('',(#4725,#4726,#4727,#4728));
#708=EDGE_LOOP('',(#4729,#4730,#4731,#4732));
#709=EDGE_LOOP('',(#4733,#4734,#4735,#4736));
#710=EDGE_LOOP('',(#4737,#4738,#4739,#4740));
#711=EDGE_LOOP('',(#4741,#4742,#4743,#4744));
#712=EDGE_LOOP('',(#4745,#4746,#4747,#4748));
#713=EDGE_LOOP('',(#4749,#4750,#4751,#4752));
#714=EDGE_LOOP('',(#4753,#4754,#4755,#4756));
#715=EDGE_LOOP('',(#4757,#4758,#4759,#4760));
#716=EDGE_LOOP('',(#4761,#4762,#4763,#4764));
#717=EDGE_LOOP('',(#4765,#4766,#4767,#4768));
#718=EDGE_LOOP('',(#4769,#4770,#4771,#4772));
#719=EDGE_LOOP('',(#4773,#4774,#4775,#4776));
#720=EDGE_LOOP('',(#4777,#4778,#4779,#4780));
#721=EDGE_LOOP('',(#4781,#4782,#4783,#4784));
#722=EDGE_LOOP('',(#4785,#4786,#4787,#4788));
#723=EDGE_LOOP('',(#4789,#4790,#4791,#4792));
#724=EDGE_LOOP('',(#4793,#4794,#4795,#4796));
#725=EDGE_LOOP('',(#4797,#4798,#4799,#4800));
#726=EDGE_LOOP('',(#4801,#4802,#4803,#4804));
#727=EDGE_LOOP('',(#4805,#4806,#4807,#4808));
#728=EDGE_LOOP('',(#4809,#4810,#4811,#4812));
#729=EDGE_LOOP('',(#4813,#4814,#4815,#4816));
#730=EDGE_LOOP('',(#4817,#4818,#4819,#4820));
#731=EDGE_LOOP('',(#4821,#4822,#4823,#4824));
#732=EDGE_LOOP('',(#4825,#4826,#4827,#4828));
#733=EDGE_LOOP('',(#4829,#4830,#4831,#4832));
#734=EDGE_LOOP('',(#4833,#4834,#4835,#4836));
#735=EDGE_LOOP('',(#4837,#4838,#4839,#4840));
#736=EDGE_LOOP('',(#4841,#4842,#4843,#4844));
#737=EDGE_LOOP('',(#4845,#4846,#4847,#4848));
#738=EDGE_LOOP('',(#4849,#4850,#4851,#4852));
#739=EDGE_LOOP('',(#4853,#4854,#4855,#4856));
#740=EDGE_LOOP('',(#4857,#4858,#4859,#4860));
#741=EDGE_LOOP('',(#4861,#4862,#4863,#4864));
#742=EDGE_LOOP('',(#4865,#4866,#4867,#4868));
#743=EDGE_LOOP('',(#4869,#4870,#4871,#4872));
#744=EDGE_LOOP('',(#4873,#4874,#4875,#4876));
#745=EDGE_LOOP('',(#4877,#4878,#4879,#4880));
#746=EDGE_LOOP('',(#4881,#4882,#4883,#4884));
#747=EDGE_LOOP('',(#4885,#4886,#4887,#4888));
#748=EDGE_LOOP('',(#4889,#4890,#4891,#4892));
#749=EDGE_LOOP('',(#4893,#4894,#4895,#4896));
#750=EDGE_LOOP('',(#4897,#4898,#4899,#4900));
#751=EDGE_LOOP('',(#4901,#4902,#4903,#4904));
#752=EDGE_LOOP('',(#4905,#4906,#4907,#4908));
#753=EDGE_LOOP('',(#4909,#4910,#4911,#4912));
#754=EDGE_LOOP('',(#4913,#4914,#4915,#4916));
#755=EDGE_LOOP('',(#4917,#4918,#4919,#4920));
#756=EDGE_LOOP('',(#4921,#4922,#4923,#4924));
#757=EDGE_LOOP('',(#4925,#4926,#4927,#4928));
#758=EDGE_LOOP('',(#4929,#4930,#4931,#4932));
#759=EDGE_LOOP('',(#4933,#4934,#4935,#4936));
#760=EDGE_LOOP('',(#4937,#4938,#4939,#4940));
#761=EDGE_LOOP('',(#4941,#4942,#4943,#4944));
#762=EDGE_LOOP('',(#4945,#4946,#4947,#4948));
#763=EDGE_LOOP('',(#4949,#4950,#4951,#4952));
#764=EDGE_LOOP('',(#4953,#4954,#4955,#4956));
#765=EDGE_LOOP('',(#4957,#4958,#4959,#4960));
#766=EDGE_LOOP('',(#4961,#4962,#4963,#4964));
#767=EDGE_LOOP('',(#4965,#4966,#4967,#4968));
#768=EDGE_LOOP('',(#4969,#4970,#4971,#4972));
#769=EDGE_LOOP('',(#4973,#4974,#4975,#4976));
#770=EDGE_LOOP('',(#4977,#4978,#4979,#4980));
#771=EDGE_LOOP('',(#4981,#4982,#4983,#4984));
#772=EDGE_LOOP('',(#4985,#4986,#4987,#4988));
#773=EDGE_LOOP('',(#4989,#4990,#4991,#4992));
#774=EDGE_LOOP('',(#4993,#4994,#4995,#4996));
#775=EDGE_LOOP('',(#4997,#4998,#4999,#5000));
#776=EDGE_LOOP('',(#5001,#5002,#5003,#5004));
#777=EDGE_LOOP('',(#5005,#5006,#5007,#5008));
#778=EDGE_LOOP('',(#5009,#5010,#5011,#5012));
#779=EDGE_LOOP('',(#5013,#5014,#5015,#5016));
#780=EDGE_LOOP('',(#5017,#5018,#5019,#5020));
#781=EDGE_LOOP('',(#5021,#5022,#5023,#5024));
#782=EDGE_LOOP('',(#5025,#5026,#5027,#5028));
#783=EDGE_LOOP('',(#5029,#5030,#5031,#5032));
#784=EDGE_LOOP('',(#5033,#5034,#5035,#5036));
#785=EDGE_LOOP('',(#5037,#5038,#5039,#5040));
#786=EDGE_LOOP('',(#5041,#5042,#5043,#5044));
#787=EDGE_LOOP('',(#5045,#5046,#5047,#5048));
#788=EDGE_LOOP('',(#5049,#5050,#5051,#5052));
#789=EDGE_LOOP('',(#5053,#5054,#5055,#5056));
#790=EDGE_LOOP('',(#5057,#5058,#5059,#5060));
#791=EDGE_LOOP('',(#5061,#5062,#5063,#5064));
#792=EDGE_LOOP('',(#5065,#5066,#5067,#5068));
#793=EDGE_LOOP('',(#5069,#5070,#5071,#5072));
#794=EDGE_LOOP('',(#5073,#5074,#5075,#5076));
#795=EDGE_LOOP('',(#5077,#5078,#5079,#5080));
#796=EDGE_LOOP('',(#5081,#5082,#5083,#5084));
#797=EDGE_LOOP('',(#5085,#5086,#5087,#5088));
#798=EDGE_LOOP('',(#5089,#5090,#5091,#5092));
#799=EDGE_LOOP('',(#5093,#5094,#5095,#5096));
#800=EDGE_LOOP('',(#5097,#5098,#5099,#5100));
#801=EDGE_LOOP('',(#5101,#5102,#5103,#5104));
#802=EDGE_LOOP('',(#5105,#5106,#5107,#5108));
#803=EDGE_LOOP('',(#5109,#5110,#5111,#5112));
#804=EDGE_LOOP('',(#5113,#5114,#5115,#5116));
#805=EDGE_LOOP('',(#5117,#5118,#5119,#5120));
#806=EDGE_LOOP('',(#5121,#5122,#5123,#5124));
#807=EDGE_LOOP('',(#5125,#5126,#5127,#5128));
#808=EDGE_LOOP('',(#5129,#5130,#5131,#5132));
#809=EDGE_LOOP('',(#5133,#5134,#5135,#5136));
#810=EDGE_LOOP('',(#5137,#5138,#5139,#5140));
#811=EDGE_LOOP('',(#5141,#5142,#5143,#5144));
#812=EDGE_LOOP('',(#5145,#5146,#5147,#5148));
#813=EDGE_LOOP('',(#5149,#5150,#5151,#5152,#5153,#5154));
#814=EDGE_LOOP('',(#5155,#5156,#5157,#5158));
#815=EDGE_LOOP('',(#5159));
#816=EDGE_LOOP('',(#5160,#5161,#5162,#5163,#5164,#5165,#5166,#5167,#5168,
#5169,#5170,#5171,#5172,#5173,#5174,#5175,#5176,#5177,#5178,#5179,#5180,
#5181,#5182,#5183,#5184,#5185,#5186,#5187,#5188,#5189,#5190,#5191,#5192,
#5193,#5194,#5195,#5196,#5197,#5198,#5199,#5200,#5201,#5202,#5203,#5204,
#5205,#5206,#5207,#5208,#5209,#5210,#5211,#5212,#5213,#5214,#5215,#5216,
#5217,#5218,#5219,#5220,#5221,#5222,#5223,#5224,#5225,#5226,#5227,#5228,
#5229,#5230,#5231,#5232,#5233,#5234,#5235,#5236,#5237,#5238,#5239,#5240,
#5241,#5242,#5243,#5244,#5245,#5246,#5247,#5248,#5249,#5250,#5251,#5252,
#5253,#5254,#5255,#5256,#5257,#5258,#5259,#5260,#5261,#5262,#5263,#5264,
#5265,#5266,#5267,#5268,#5269,#5270,#5271,#5272,#5273,#5274,#5275,#5276,
#5277,#5278,#5279,#5280,#5281,#5282,#5283,#5284,#5285,#5286,#5287,#5288,
#5289,#5290,#5291,#5292,#5293,#5294,#5295,#5296,#5297,#5298,#5299,#5300,
#5301,#5302,#5303,#5304,#5305,#5306,#5307,#5308,#5309,#5310,#5311,#5312,
#5313,#5314,#5315,#5316,#5317,#5318,#5319,#5320,#5321,#5322,#5323,#5324,
#5325,#5326,#5327,#5328,#5329,#5330,#5331,#5332,#5333,#5334,#5335,#5336,
#5337,#5338,#5339,#5340,#5341,#5342,#5343,#5344,#5345,#5346,#5347,#5348,
#5349,#5350,#5351,#5352,#5353,#5354,#5355,#5356,#5357,#5358,#5359,#5360,
#5361,#5362,#5363,#5364,#5365,#5366,#5367,#5368,#5369,#5370,#5371,#5372,
#5373,#5374,#5375,#5376,#5377,#5378,#5379,#5380,#5381,#5382,#5383,#5384,
#5385,#5386,#5387));
#817=EDGE_LOOP('',(#5388,#5389,#5390,#5391,#5392,#5393,#5394,#5395));
#818=EDGE_LOOP('',(#5396,#5397,#5398,#5399,#5400,#5401,#5402,#5403));
#819=EDGE_LOOP('',(#5404,#5405,#5406,#5407,#5408));
#820=EDGE_LOOP('',(#5409,#5410,#5411,#5412));
#821=EDGE_LOOP('',(#5413,#5414,#5415,#5416));
#822=EDGE_LOOP('',(#5417,#5418,#5419,#5420,#5421));
#823=EDGE_LOOP('',(#5422,#5423,#5424,#5425));
#824=EDGE_LOOP('',(#5426,#5427,#5428,#5429));
#825=EDGE_LOOP('',(#5430,#5431,#5432,#5433));
#826=EDGE_LOOP('',(#5434,#5435,#5436,#5437));
#827=EDGE_LOOP('',(#5438,#5439,#5440,#5441));
#828=EDGE_LOOP('',(#5442,#5443,#5444,#5445));
#829=EDGE_LOOP('',(#5446,#5447,#5448,#5449));
#830=EDGE_LOOP('',(#5450,#5451,#5452,#5453));
#831=EDGE_LOOP('',(#5454,#5455,#5456,#5457));
#832=EDGE_LOOP('',(#5458,#5459,#5460,#5461));
#833=EDGE_LOOP('',(#5462,#5463,#5464,#5465));
#834=EDGE_LOOP('',(#5466,#5467,#5468,#5469));
#835=EDGE_LOOP('',(#5470,#5471,#5472,#5473,#5474));
#836=EDGE_LOOP('',(#5475,#5476,#5477,#5478,#5479));
#837=EDGE_LOOP('',(#5480,#5481,#5482,#5483));
#838=EDGE_LOOP('',(#5484,#5485,#5486,#5487));
#839=EDGE_LOOP('',(#5488,#5489,#5490,#5491));
#840=EDGE_LOOP('',(#5492,#5493,#5494,#5495));
#841=EDGE_LOOP('',(#5496,#5497,#5498,#5499));
#842=EDGE_LOOP('',(#5500,#5501,#5502,#5503));
#843=EDGE_LOOP('',(#5504,#5505,#5506,#5507));
#844=EDGE_LOOP('',(#5508,#5509,#5510,#5511));
#845=EDGE_LOOP('',(#5512,#5513,#5514,#5515));
#846=EDGE_LOOP('',(#5516,#5517,#5518,#5519));
#847=EDGE_LOOP('',(#5520,#5521,#5522,#5523));
#848=EDGE_LOOP('',(#5524,#5525,#5526,#5527,#5528));
#849=EDGE_LOOP('',(#5529,#5530,#5531,#5532));
#850=EDGE_LOOP('',(#5533,#5534,#5535,#5536));
#851=EDGE_LOOP('',(#5537,#5538,#5539,#5540));
#852=EDGE_LOOP('',(#5541,#5542,#5543,#5544));
#853=EDGE_LOOP('',(#5545,#5546,#5547,#5548));
#854=EDGE_LOOP('',(#5549,#5550,#5551,#5552));
#855=EDGE_LOOP('',(#5553,#5554,#5555,#5556));
#856=EDGE_LOOP('',(#5557,#5558,#5559,#5560));
#857=EDGE_LOOP('',(#5561,#5562,#5563,#5564));
#858=EDGE_LOOP('',(#5565,#5566,#5567,#5568));
#859=EDGE_LOOP('',(#5569,#5570,#5571,#5572));
#860=EDGE_LOOP('',(#5573,#5574,#5575,#5576));
#861=EDGE_LOOP('',(#5577,#5578,#5579,#5580));
#862=EDGE_LOOP('',(#5581,#5582,#5583,#5584));
#863=EDGE_LOOP('',(#5585,#5586,#5587,#5588));
#864=EDGE_LOOP('',(#5589,#5590,#5591,#5592));
#865=EDGE_LOOP('',(#5593,#5594,#5595,#5596));
#866=EDGE_LOOP('',(#5597,#5598,#5599,#5600,#5601,#5602,#5603,#5604,#5605,
#5606,#5607,#5608,#5609,#5610,#5611,#5612,#5613,#5614,#5615,#5616,#5617,
#5618,#5619,#5620));
#867=EDGE_LOOP('',(#5621));
#868=EDGE_LOOP('',(#5622,#5623,#5624,#5625));
#869=EDGE_LOOP('',(#5626,#5627,#5628,#5629));
#870=EDGE_LOOP('',(#5630,#5631,#5632,#5633));
#871=EDGE_LOOP('',(#5634,#5635,#5636,#5637));
#872=EDGE_LOOP('',(#5638,#5639,#5640,#5641));
#873=EDGE_LOOP('',(#5642,#5643,#5644,#5645));
#874=EDGE_LOOP('',(#5646,#5647,#5648,#5649));
#875=EDGE_LOOP('',(#5650,#5651,#5652,#5653));
#876=EDGE_LOOP('',(#5654,#5655,#5656,#5657));
#877=EDGE_LOOP('',(#5658,#5659,#5660,#5661));
#878=EDGE_LOOP('',(#5662,#5663,#5664,#5665));
#879=EDGE_LOOP('',(#5666,#5667,#5668,#5669));
#880=EDGE_LOOP('',(#5670,#5671,#5672,#5673));
#881=EDGE_LOOP('',(#5674,#5675,#5676,#5677));
#882=EDGE_LOOP('',(#5678,#5679,#5680,#5681,#5682,#5683,#5684,#5685));
#883=EDGE_LOOP('',(#5686,#5687,#5688,#5689,#5690,#5691,#5692,#5693,#5694,
#5695));
#884=EDGE_LOOP('',(#5696,#5697,#5698,#5699,#5700,#5701,#5702,#5703));
#885=EDGE_LOOP('',(#5704));
#886=EDGE_LOOP('',(#5705));
#887=EDGE_LOOP('',(#5706,#5707,#5708,#5709));
#888=EDGE_LOOP('',(#5710));
#889=EDGE_LOOP('',(#5711));
#890=EDGE_LOOP('',(#5712,#5713,#5714,#5715));
#891=EDGE_LOOP('',(#5716));
#892=EDGE_LOOP('',(#5717));
#893=EDGE_LOOP('',(#5718,#5719,#5720,#5721));
#894=EDGE_LOOP('',(#5722));
#895=EDGE_LOOP('',(#5723));
#896=EDGE_LOOP('',(#5724,#5725,#5726));
#897=EDGE_LOOP('',(#5727));
#898=EDGE_LOOP('',(#5728,#5729,#5730,#5731,#5732,#5733,#5734,#5735,#5736,
#5737));
#899=EDGE_LOOP('',(#5738,#5739,#5740,#5741,#5742,#5743,#5744,#5745));
#900=EDGE_LOOP('',(#5746,#5747,#5748,#5749,#5750,#5751,#5752,#5753,#5754,
#5755));
#901=EDGE_LOOP('',(#5756,#5757,#5758));
#902=EDGE_LOOP('',(#5759));
#903=EDGE_LOOP('',(#5760,#5761,#5762,#5763));
#904=EDGE_LOOP('',(#5764,#5765,#5766,#5767));
#905=EDGE_LOOP('',(#5768));
#906=EDGE_LOOP('',(#5769));
#907=EDGE_LOOP('',(#5770,#5771,#5772,#5773));
#908=EDGE_LOOP('',(#5774));
#909=EDGE_LOOP('',(#5775));
#910=EDGE_LOOP('',(#5776,#5777,#5778,#5779));
#911=EDGE_LOOP('',(#5780));
#912=EDGE_LOOP('',(#5781));
#913=EDGE_LOOP('',(#5782,#5783,#5784,#5785));
#914=EDGE_LOOP('',(#5786));
#915=EDGE_LOOP('',(#5787));
#916=EDGE_LOOP('',(#5788,#5789,#5790,#5791));
#917=EDGE_LOOP('',(#5792));
#918=EDGE_LOOP('',(#5793));
#919=EDGE_LOOP('',(#5794,#5795,#5796,#5797));
#920=EDGE_LOOP('',(#5798,#5799,#5800,#5801));
#921=EDGE_LOOP('',(#5802));
#922=EDGE_LOOP('',(#5803));
#923=B_SPLINE_CURVE_WITH_KNOTS('',3,(#9077,#9078,#9079,#9080),
 .UNSPECIFIED.,.F.,.F.,(4,4),(-0.0320908111157278,0.),.UNSPECIFIED.);
#924=B_SPLINE_CURVE_WITH_KNOTS('',3,(#9081,#9082,#9083,#9084),
 .UNSPECIFIED.,.F.,.F.,(4,4),(6.98191052400801,7.16574529193899),
 .UNSPECIFIED.);
#925=B_SPLINE_CURVE_WITH_KNOTS('',3,(#9090,#9091,#9092,#9093,#9094,#9095),
 .UNSPECIFIED.,.F.,.F.,(4,2,4),(1.41172724054956,1.4563896800485,1.49092827614605),
 .UNSPECIFIED.);
#926=B_SPLINE_CURVE_WITH_KNOTS('',3,(#9103,#9104,#9105,#9106,#9107,#9108),
 .UNSPECIFIED.,.F.,.F.,(4,2,4),(7.35305093418434,7.38758953028189,7.43225196978083),
 .UNSPECIFIED.);
#927=B_SPLINE_CURVE_WITH_KNOTS('',3,(#9114,#9115,#9116,#9117),
 .UNSPECIFIED.,.F.,.F.,(4,4),(9.33774830363155,9.52158307156252),
 .UNSPECIFIED.);
#928=B_SPLINE_CURVE_WITH_KNOTS('',3,(#9118,#9119,#9120,#9121),
 .UNSPECIFIED.,.F.,.F.,(4,4),(-0.305588060930463,-0.273497499872039),
 .UNSPECIFIED.);
#929=B_SPLINE_CURVE_WITH_KNOTS('',3,(#9620,#9621,#9622,#9623,#9624,#9625,
#9626,#9627),.UNSPECIFIED.,.F.,.F.,(4,2,2,4),(-0.537520635037068,-0.530756207858567,
-0.470204543599818,-0.436282833051054),.UNSPECIFIED.);
#930=B_SPLINE_CURVE_WITH_KNOTS('',3,(#9631,#9632,#9633,#9634,#9635,#9636,
#9637,#9638,#9639,#9640),.UNSPECIFIED.,.F.,.F.,(4,2,2,2,4),(-0.425032170197462,
-0.41995596398147,-0.398197808539938,-0.364509907545476,-0.324713471336207),
 .UNSPECIFIED.);
#931=B_SPLINE_CURVE_WITH_KNOTS('',3,(#9644,#9645,#9646,#9647,#9648,#9649,
#9650,#9651),.UNSPECIFIED.,.F.,.F.,(4,2,2,4),(-0.54145177644203,-0.498783721931406,
-0.449492027257633,-0.432666698989768),.UNSPECIFIED.);
#932=B_SPLINE_CURVE_WITH_KNOTS('',3,(#9655,#9656,#9657,#9658,#9659,#9660,
#9661,#9662,#9663,#9664),.UNSPECIFIED.,.F.,.F.,(4,2,2,2,4),(-0.425032170197308,
-0.419955963981325,-0.398197808539809,-0.3645099075453,-0.324713471335992),
 .UNSPECIFIED.);
#933=B_SPLINE_CURVE_WITH_KNOTS('',3,(#9668,#9669,#9670,#9671,#9672,#9673,
#9674,#9675,#9676,#9677),.UNSPECIFIED.,.F.,.F.,(4,2,2,2,4),(-2.03042821670989,
-1.92045601949989,-1.84819760842143,-1.80080700471473,-1.79535970516217),
 .UNSPECIFIED.);
#934=B_SPLINE_CURVE_WITH_KNOTS('',3,(#9681,#9682,#9683,#9684,#9685,#9686,
#9687,#9688),.UNSPECIFIED.,.F.,.F.,(4,2,2,4),(-0.462298778414434,-0.441420911826915,
-0.379049330741318,-0.346836377387053),.UNSPECIFIED.);
#935=B_SPLINE_CURVE_WITH_KNOTS('',3,(#10664,#10665,#10666,#10667,#10668,
#10669,#10670,#10671),.UNSPECIFIED.,.F.,.F.,(4,2,2,4),(-0.00104286126350175,
0.,0.465219759214605,0.588509161860992),.UNSPECIFIED.);
#936=B_SPLINE_CURVE_WITH_KNOTS('',3,(#10696,#10697,#10698,#10699,#10700,
#10701,#10702,#10703),.UNSPECIFIED.,.F.,.F.,(4,2,2,4),(1.84514244933283,
1.96843185286735,2.43365161536174,2.43469447660992),.UNSPECIFIED.);
#937=B_SPLINE_CURVE_WITH_KNOTS('',3,(#10737,#10738,#10739,#10740,#10741,
#10742,#10743,#10744),.UNSPECIFIED.,.F.,.F.,(4,2,2,4),(-0.00104286123098254,
0.,0.465219767019157,0.588509171779099),.UNSPECIFIED.);
#938=B_SPLINE_CURVE_WITH_KNOTS('',3,(#10767,#10768,#10769,#10770,#10771,
#10772,#10773,#10774),.UNSPECIFIED.,.F.,.F.,(4,2,2,4),(1.84514246203006,
1.96843186641741,2.43365163206118,2.43469449329716),.UNSPECIFIED.);
#939=B_SPLINE_CURVE_WITH_KNOTS('',3,(#10809,#10810,#10811,#10812,#10813,
#10814,#10815,#10816),.UNSPECIFIED.,.F.,.F.,(4,2,2,4),(-0.00104286127769549,
0.,0.465219756226906,0.588509158064237),.UNSPECIFIED.);
#940=B_SPLINE_CURVE_WITH_KNOTS('',3,(#10836,#10837,#10838,#10839,#10840,
#10841,#10842,#10843),.UNSPECIFIED.,.F.,.F.,(4,2,2,4),(1.845142425634,1.96843182757632,
2.43365158419107,2.43469444546222),.UNSPECIFIED.);
#941=B_SPLINE_CURVE_WITH_KNOTS('',3,(#10877,#10878,#10879,#10880,#10881,
#10882,#10883,#10884),.UNSPECIFIED.,.F.,.F.,(4,2,2,4),(1.84514246757506,
1.96843187233498,2.43365163935404,2.43469450058502),.UNSPECIFIED.);
#942=B_SPLINE_CURVE_WITH_KNOTS('',3,(#10910,#10911,#10912,#10913,#10914,
#10915,#10916,#10917),.UNSPECIFIED.,.F.,.F.,(4,2,2,4),(-0.00104286123598045,
0.,0.465219765644286,0.58850917003175),.UNSPECIFIED.);
#943=B_SPLINE_CURVE_WITH_KNOTS('',3,(#10954,#10955,#10956,#10957,#10958,
#10959,#10960,#10961),.UNSPECIFIED.,.F.,.F.,(4,2,2,4),(-0.00104286127113732,
0.,0.465219756615087,0.588509158557486),.UNSPECIFIED.);
#944=B_SPLINE_CURVE_WITH_KNOTS('',3,(#10974,#10975,#10976,#10977,#10978,
#10979,#10980,#10981),.UNSPECIFIED.,.F.,.F.,(4,2,2,4),(1.8451424358312,
1.96843183845852,2.43365159760281,2.43469445887022),.UNSPECIFIED.);
#945=B_SPLINE_CURVE_WITH_KNOTS('',3,(#10983,#10984,#10985,#10986,#10987,
#10988,#10989,#10990),.UNSPECIFIED.,.F.,.F.,(4,2,2,4),(-0.00104286124817879,
0.,0.465219762493461,0.58850916602771),.UNSPECIFIED.);
#946=B_SPLINE_CURVE_WITH_KNOTS('',3,(#11003,#11004,#11005,#11006,#11007,
#11008,#11009,#11010),.UNSPECIFIED.,.F.,.F.,(4,2,2,4),(1.84514243611341,
1.96843183875982,2.43365159797466,2.43469445923816),.UNSPECIFIED.);
#947=CIRCLE('',#6344,62.000000923872);
#948=CIRCLE('',#6347,62.000000923872);
#949=CIRCLE('',#6350,43.0096799691258);
#950=CIRCLE('',#6351,43.0096799691258);
#951=CIRCLE('',#6352,43.0096799691258);
#952=CIRCLE('',#6354,38.7894709663396);
#953=CIRCLE('',#6355,11.5);
#954=CIRCLE('',#6357,43.0096799691258);
#955=CIRCLE('',#6358,11.5);
#956=CIRCLE('',#6359,38.7894709663395);
#957=CIRCLE('',#6360,43.0096799691258);
#958=CIRCLE('',#6362,43.0096799691258);
#959=CIRCLE('',#6364,12.0000001788139);
#960=CIRCLE('',#6365,0.649999999999997);
#961=CIRCLE('',#6366,11.84);
#962=CIRCLE('',#6367,0.649999999999997);
#963=CIRCLE('',#6368,0.649999999999997);
#964=CIRCLE('',#6369,11.84);
#965=CIRCLE('',#6370,0.649999999999997);
#966=CIRCLE('',#6371,0.649999999999997);
#967=CIRCLE('',#6372,11.84);
#968=CIRCLE('',#6373,0.649999999999997);
#969=CIRCLE('',#6374,0.649999999999997);
#970=CIRCLE('',#6375,11.84);
#971=CIRCLE('',#6376,0.649999999999997);
#972=CIRCLE('',#6377,0.649999999999997);
#973=CIRCLE('',#6378,11.84);
#974=CIRCLE('',#6379,0.649999999999997);
#975=CIRCLE('',#6380,0.649999999999997);
#976=CIRCLE('',#6381,11.84);
#977=CIRCLE('',#6382,0.649999999999997);
#978=CIRCLE('',#6383,0.649999999999997);
#979=CIRCLE('',#6384,11.84);
#980=CIRCLE('',#6385,0.649999999999997);
#981=CIRCLE('',#6386,0.649999999999997);
#982=CIRCLE('',#6387,11.84);
#983=CIRCLE('',#6388,0.649999999999997);
#984=CIRCLE('',#6389,0.649999999999997);
#985=CIRCLE('',#6390,11.84);
#986=CIRCLE('',#6391,0.649999999999997);
#987=CIRCLE('',#6392,0.649999999999997);
#988=CIRCLE('',#6393,11.84);
#989=CIRCLE('',#6394,0.649999999999997);
#990=CIRCLE('',#6395,0.649999999999997);
#991=CIRCLE('',#6396,11.84);
#992=CIRCLE('',#6397,0.649999999999997);
#993=CIRCLE('',#6398,0.649999999999997);
#994=CIRCLE('',#6399,11.84);
#995=CIRCLE('',#6400,0.649999999999997);
#996=CIRCLE('',#6401,0.649999999999997);
#997=CIRCLE('',#6402,11.84);
#998=CIRCLE('',#6403,0.649999999999997);
#999=CIRCLE('',#6404,0.649999999999997);
#1000=CIRCLE('',#6405,11.84);
#1001=CIRCLE('',#6406,0.649999999999997);
#1002=CIRCLE('',#6407,0.649999999999997);
#1003=CIRCLE('',#6408,11.84);
#1004=CIRCLE('',#6409,0.649999999999997);
#1005=CIRCLE('',#6410,0.649999999999997);
#1006=CIRCLE('',#6411,11.84);
#1007=CIRCLE('',#6412,0.649999999999997);
#1008=CIRCLE('',#6413,0.649999999999997);
#1009=CIRCLE('',#6414,11.84);
#1010=CIRCLE('',#6415,0.649999999999997);
#1011=CIRCLE('',#6416,0.649999999999997);
#1012=CIRCLE('',#6417,11.84);
#1013=CIRCLE('',#6418,0.649999999999997);
#1014=CIRCLE('',#6419,0.649999999999997);
#1015=CIRCLE('',#6420,11.84);
#1016=CIRCLE('',#6421,0.649999999999997);
#1017=CIRCLE('',#6422,0.649999999999997);
#1018=CIRCLE('',#6423,11.84);
#1019=CIRCLE('',#6424,0.649999999999997);
#1020=CIRCLE('',#6425,0.649999999999997);
#1021=CIRCLE('',#6426,11.84);
#1022=CIRCLE('',#6427,0.649999999999997);
#1023=CIRCLE('',#6428,0.649999999999997);
#1024=CIRCLE('',#6429,11.84);
#1025=CIRCLE('',#6430,0.649999999999997);
#1026=CIRCLE('',#6431,0.649999999999997);
#1027=CIRCLE('',#6432,11.84);
#1028=CIRCLE('',#6433,0.649999999999997);
#1029=CIRCLE('',#6434,0.649999999999997);
#1030=CIRCLE('',#6435,11.84);
#1031=CIRCLE('',#6436,0.649999999999997);
#1032=CIRCLE('',#6437,0.649999999999997);
#1033=CIRCLE('',#6438,11.84);
#1034=CIRCLE('',#6439,0.649999999999997);
#1035=CIRCLE('',#6440,0.649999999999997);
#1036=CIRCLE('',#6441,11.84);
#1037=CIRCLE('',#6442,0.649999999999997);
#1038=CIRCLE('',#6443,0.649999999999997);
#1039=CIRCLE('',#6444,11.84);
#1040=CIRCLE('',#6445,0.649999999999997);
#1041=CIRCLE('',#6446,0.649999999999997);
#1042=CIRCLE('',#6447,11.84);
#1043=CIRCLE('',#6448,0.649999999999997);
#1044=CIRCLE('',#6449,0.649999999999997);
#1045=CIRCLE('',#6450,11.84);
#1046=CIRCLE('',#6451,0.649999999999997);
#1047=CIRCLE('',#6452,0.649999999999997);
#1048=CIRCLE('',#6453,11.84);
#1049=CIRCLE('',#6454,0.649999999999997);
#1050=CIRCLE('',#6455,0.649999999999997);
#1051=CIRCLE('',#6456,11.84);
#1052=CIRCLE('',#6457,0.649999999999997);
#1053=CIRCLE('',#6458,0.649999999999997);
#1054=CIRCLE('',#6459,11.84);
#1055=CIRCLE('',#6460,0.649999999999997);
#1056=CIRCLE('',#6461,0.649999999999997);
#1057=CIRCLE('',#6462,11.84);
#1058=CIRCLE('',#6463,0.649999999999997);
#1059=CIRCLE('',#6464,0.649999999999997);
#1060=CIRCLE('',#6465,11.84);
#1061=CIRCLE('',#6466,0.649999999999997);
#1062=CIRCLE('',#6467,0.649999999999997);
#1063=CIRCLE('',#6468,11.84);
#1064=CIRCLE('',#6469,0.649999999999997);
#1065=CIRCLE('',#6470,0.649999999999997);
#1066=CIRCLE('',#6471,11.84);
#1067=CIRCLE('',#6472,0.649999999999997);
#1068=CIRCLE('',#6473,0.649999999999997);
#1069=CIRCLE('',#6474,11.84);
#1070=CIRCLE('',#6475,0.649999999999997);
#1071=CIRCLE('',#6476,0.649999999999997);
#1072=CIRCLE('',#6477,11.84);
#1073=CIRCLE('',#6478,0.649999999999997);
#1074=CIRCLE('',#6480,8.25);
#1075=CIRCLE('',#6481,8.25);
#1076=CIRCLE('',#6482,8.25);
#1077=CIRCLE('',#6484,12.0000001788139);
#1078=CIRCLE('',#6487,12.5000001788139);
#1079=CIRCLE('',#6488,12.5000001788139);
#1080=CIRCLE('',#6489,12.5000001788139);
#1081=CIRCLE('',#6490,12.5000001788139);
#1082=CIRCLE('',#6491,12.5000001788139);
#1083=CIRCLE('',#6492,12.5000001788139);
#1084=CIRCLE('',#6493,12.5000001788139);
#1085=CIRCLE('',#6494,12.5000001788139);
#1086=CIRCLE('',#6496,1.99999999999999);
#1087=CIRCLE('',#6497,7.5);
#1088=CIRCLE('',#6498,2.);
#1089=CIRCLE('',#6499,9.5);
#1090=CIRCLE('',#6501,2.);
#1091=CIRCLE('',#6502,7.5);
#1092=CIRCLE('',#6503,2.);
#1093=CIRCLE('',#6504,9.5);
#1094=CIRCLE('',#6506,2.);
#1095=CIRCLE('',#6507,7.5);
#1096=CIRCLE('',#6508,2.);
#1097=CIRCLE('',#6509,9.5);
#1098=CIRCLE('',#6512,0.649999999999997);
#1099=CIRCLE('',#6516,0.649999999999997);
#1100=CIRCLE('',#6518,11.84);
#1101=CIRCLE('',#6521,0.649999999999997);
#1102=CIRCLE('',#6525,0.649999999999997);
#1103=CIRCLE('',#6527,11.84);
#1104=CIRCLE('',#6530,0.649999999999997);
#1105=CIRCLE('',#6534,0.649999999999997);
#1106=CIRCLE('',#6536,11.84);
#1107=CIRCLE('',#6539,0.649999999999997);
#1108=CIRCLE('',#6543,0.649999999999997);
#1109=CIRCLE('',#6545,11.84);
#1110=CIRCLE('',#6548,0.649999999999997);
#1111=CIRCLE('',#6552,0.649999999999997);
#1112=CIRCLE('',#6554,11.84);
#1113=CIRCLE('',#6557,0.649999999999997);
#1114=CIRCLE('',#6561,0.649999999999997);
#1115=CIRCLE('',#6563,11.84);
#1116=CIRCLE('',#6566,0.649999999999997);
#1117=CIRCLE('',#6570,0.649999999999997);
#1118=CIRCLE('',#6572,11.84);
#1119=CIRCLE('',#6575,0.649999999999997);
#1120=CIRCLE('',#6579,0.649999999999997);
#1121=CIRCLE('',#6581,11.84);
#1122=CIRCLE('',#6584,0.649999999999997);
#1123=CIRCLE('',#6588,0.649999999999997);
#1124=CIRCLE('',#6590,11.84);
#1125=CIRCLE('',#6593,0.649999999999997);
#1126=CIRCLE('',#6597,0.649999999999997);
#1127=CIRCLE('',#6599,11.84);
#1128=CIRCLE('',#6602,0.649999999999997);
#1129=CIRCLE('',#6606,0.649999999999997);
#1130=CIRCLE('',#6608,11.84);
#1131=CIRCLE('',#6611,0.649999999999997);
#1132=CIRCLE('',#6615,0.649999999999997);
#1133=CIRCLE('',#6617,11.84);
#1134=CIRCLE('',#6620,0.649999999999997);
#1135=CIRCLE('',#6624,0.649999999999997);
#1136=CIRCLE('',#6626,11.84);
#1137=CIRCLE('',#6629,0.649999999999997);
#1138=CIRCLE('',#6633,0.649999999999997);
#1139=CIRCLE('',#6635,11.84);
#1140=CIRCLE('',#6638,0.649999999999997);
#1141=CIRCLE('',#6642,0.649999999999997);
#1142=CIRCLE('',#6644,11.84);
#1143=CIRCLE('',#6647,0.649999999999997);
#1144=CIRCLE('',#6651,0.649999999999997);
#1145=CIRCLE('',#6653,11.84);
#1146=CIRCLE('',#6656,0.649999999999997);
#1147=CIRCLE('',#6660,0.649999999999997);
#1148=CIRCLE('',#6662,11.84);
#1149=CIRCLE('',#6665,0.649999999999997);
#1150=CIRCLE('',#6669,0.649999999999997);
#1151=CIRCLE('',#6671,11.84);
#1152=CIRCLE('',#6674,0.649999999999997);
#1153=CIRCLE('',#6678,0.649999999999997);
#1154=CIRCLE('',#6680,11.84);
#1155=CIRCLE('',#6683,0.649999999999997);
#1156=CIRCLE('',#6687,0.649999999999997);
#1157=CIRCLE('',#6689,11.84);
#1158=CIRCLE('',#6692,0.649999999999997);
#1159=CIRCLE('',#6696,0.649999999999997);
#1160=CIRCLE('',#6698,11.84);
#1161=CIRCLE('',#6701,0.649999999999997);
#1162=CIRCLE('',#6705,0.649999999999997);
#1163=CIRCLE('',#6707,11.84);
#1164=CIRCLE('',#6710,0.649999999999997);
#1165=CIRCLE('',#6714,0.649999999999997);
#1166=CIRCLE('',#6716,11.84);
#1167=CIRCLE('',#6719,0.649999999999997);
#1168=CIRCLE('',#6723,0.649999999999997);
#1169=CIRCLE('',#6725,11.84);
#1170=CIRCLE('',#6728,0.649999999999997);
#1171=CIRCLE('',#6732,0.649999999999997);
#1172=CIRCLE('',#6734,11.84);
#1173=CIRCLE('',#6737,0.649999999999997);
#1174=CIRCLE('',#6741,0.649999999999997);
#1175=CIRCLE('',#6743,11.84);
#1176=CIRCLE('',#6746,0.649999999999997);
#1177=CIRCLE('',#6750,0.649999999999997);
#1178=CIRCLE('',#6752,11.84);
#1179=CIRCLE('',#6755,0.649999999999997);
#1180=CIRCLE('',#6759,0.649999999999997);
#1181=CIRCLE('',#6761,11.84);
#1182=CIRCLE('',#6764,0.649999999999997);
#1183=CIRCLE('',#6768,0.649999999999997);
#1184=CIRCLE('',#6770,11.84);
#1185=CIRCLE('',#6773,0.649999999999997);
#1186=CIRCLE('',#6777,0.649999999999997);
#1187=CIRCLE('',#6779,11.84);
#1188=CIRCLE('',#6782,0.649999999999997);
#1189=CIRCLE('',#6786,0.649999999999997);
#1190=CIRCLE('',#6788,11.84);
#1191=CIRCLE('',#6791,0.649999999999997);
#1192=CIRCLE('',#6795,0.649999999999997);
#1193=CIRCLE('',#6797,11.84);
#1194=CIRCLE('',#6800,0.649999999999997);
#1195=CIRCLE('',#6804,0.649999999999997);
#1196=CIRCLE('',#6806,11.84);
#1197=CIRCLE('',#6809,0.649999999999997);
#1198=CIRCLE('',#6813,0.649999999999997);
#1199=CIRCLE('',#6815,11.84);
#1200=CIRCLE('',#6818,0.649999999999997);
#1201=CIRCLE('',#6822,0.649999999999997);
#1202=CIRCLE('',#6824,11.84);
#1203=CIRCLE('',#6827,0.649999999999997);
#1204=CIRCLE('',#6831,0.649999999999997);
#1205=CIRCLE('',#6833,11.84);
#1206=CIRCLE('',#6836,0.649999999999997);
#1207=CIRCLE('',#6840,0.649999999999997);
#1208=CIRCLE('',#6842,11.84);
#1209=CIRCLE('',#6845,0.649999999999997);
#1210=CIRCLE('',#6849,0.649999999999997);
#1211=CIRCLE('',#6851,8.25);
#1212=CIRCLE('',#6852,8.25);
#1213=CIRCLE('',#6854,11.84);
#1214=CIRCLE('',#6857,7.);
#1215=CIRCLE('',#6858,28.0444848810739);
#1216=CIRCLE('',#6859,7.);
#1217=CIRCLE('',#6860,9.5);
#1218=CIRCLE('',#6862,7.);
#1219=CIRCLE('',#6863,28.0444848810739);
#1220=CIRCLE('',#6864,7.);
#1221=CIRCLE('',#6865,9.5);
#1222=CIRCLE('',#6867,8.25);
#1223=CIRCLE('',#6869,5.);
#1224=CIRCLE('',#6870,2.);
#1225=CIRCLE('',#6871,7.);
#1226=CIRCLE('',#6873,2.);
#1227=CIRCLE('',#6875,9.5);
#1228=CIRCLE('',#6876,7.5);
#1229=CIRCLE('',#6877,2.);
#1230=CIRCLE('',#6879,14.);
#1231=CIRCLE('',#6881,2.);
#1232=CIRCLE('',#6883,5.);
#1233=CIRCLE('',#6885,5.);
#1234=CIRCLE('',#6888,7.5);
#1235=CIRCLE('',#6890,14.);
#1236=CIRCLE('',#6892,7.5);
#1237=CIRCLE('',#6895,5.);
#1238=CIRCLE('',#6897,5.);
#1239=CIRCLE('',#6898,2.00000000000001);
#1240=CIRCLE('',#6900,1.99999999999999);
#1241=CIRCLE('',#6902,7.5);
#1242=CIRCLE('',#6903,2.);
#1243=CIRCLE('',#6905,14.);
#1244=CIRCLE('',#6907,2.);
#1245=CIRCLE('',#6909,7.);
#1246=CIRCLE('',#6910,5.);
#1247=CIRCLE('',#6912,5.);
#1248=CIRCLE('',#6915,7.5);
#1249=CIRCLE('',#6917,14.);
#1250=CIRCLE('',#6919,7.5);
#1251=CIRCLE('',#6922,5.);
#1252=CIRCLE('',#6924,5.);
#1253=CIRCLE('',#6925,2.00000000000001);
#1254=CIRCLE('',#6927,2.);
#1255=CIRCLE('',#6929,7.5);
#1256=CIRCLE('',#6930,2.);
#1257=CIRCLE('',#6932,14.);
#1258=CIRCLE('',#6934,2.);
#1259=CIRCLE('',#6936,5.);
#1260=CIRCLE('',#6938,5.);
#1261=CIRCLE('',#6941,7.5);
#1262=CIRCLE('',#6943,14.);
#1263=CIRCLE('',#6945,7.5);
#1264=CIRCLE('',#6948,5.);
#1265=CIRCLE('',#6950,7.);
#1266=CIRCLE('',#6951,2.);
#1267=CIRCLE('',#6953,2.);
#1268=CIRCLE('',#6955,2.);
#1269=CIRCLE('',#6956,9.5);
#1270=CIRCLE('',#6958,2.);
#1271=CIRCLE('',#6959,12.);
#1272=CIRCLE('',#6961,2.);
#1273=CIRCLE('',#6962,9.5);
#1274=CIRCLE('',#6964,2.);
#1275=CIRCLE('',#6966,7.);
#1276=CIRCLE('',#6968,28.0444848810739);
#1277=CIRCLE('',#6969,7.);
#1278=CIRCLE('',#6970,9.5);
#1279=CIRCLE('',#6971,12.);
#1280=CIRCLE('',#6972,9.5);
#1281=CIRCLE('',#6973,7.);
#1282=CIRCLE('',#6974,28.0444848810739);
#1283=CIRCLE('',#6975,7.);
#1284=CIRCLE('',#6976,9.5);
#1285=CIRCLE('',#6977,12.);
#1286=CIRCLE('',#6978,9.5);
#1287=CIRCLE('',#6979,7.);
#1288=CIRCLE('',#6980,28.0444848810739);
#1289=CIRCLE('',#6982,2.);
#1290=CIRCLE('',#6984,2.);
#1291=CIRCLE('',#6986,1.99999999999999);
#1292=CIRCLE('',#6988,2.);
#1293=CIRCLE('',#6990,2.00000000000001);
#1294=CIRCLE('',#6992,2.00000000000001);
#1295=CIRCLE('',#6995,2.00000000000001);
#1296=CIRCLE('',#6997,2.);
#1297=CIRCLE('',#6999,2.);
#1298=CIRCLE('',#7001,2.);
#1299=CIRCLE('',#7003,2.);
#1300=CIRCLE('',#7005,2.);
#1301=CIRCLE('',#7008,28.0444848810739);
#1302=CIRCLE('',#7009,28.0444848810739);
#1303=CIRCLE('',#7011,28.0444848810739);
#1304=CIRCLE('',#7012,28.0444848810739);
#1305=CIRCLE('',#7013,28.0444848810739);
#1306=CIRCLE('',#7014,28.0444848810739);
#1307=CIRCLE('',#7016,28.0444848810739);
#1308=CIRCLE('',#7018,35.0000005215406);
#1309=CIRCLE('',#7020,35.0000005215406);
#1310=CIRCLE('',#7022,33.0000004917383);
#1311=CIRCLE('',#7024,33.0000004917383);
#1312=CIRCLE('',#7026,35.0000005215406);
#1313=CIRCLE('',#7028,35.0000005215406);
#1314=CIRCLE('',#7031,31.1942029449377);
#1315=CIRCLE('',#7033,4.00000005960464);
#1316=CIRCLE('',#7034,28.0444848810739);
#1317=CIRCLE('',#7036,28.0444848810739);
#1318=CIRCLE('',#7038,4.00000005960465);
#1319=CIRCLE('',#7039,31.1942029449377);
#1320=CIRCLE('',#7043,34.5000004917383);
#1321=CIRCLE('',#7044,33.0000004917383);
#1322=CIRCLE('',#7046,33.0000004917383);
#1323=CIRCLE('',#7048,35.0000005215406);
#1324=CIRCLE('',#7050,34.5000004917383);
#1325=CIRCLE('',#7052,35.0000005215406);
#1326=CIRCLE('',#7054,35.0000005215406);
#1327=CIRCLE('',#7056,38.7894709663395);
#1328=CIRCLE('',#7058,11.5);
#1329=CIRCLE('',#7059,38.7894709663396);
#1330=CIRCLE('',#7061,35.0000005215406);
#1331=CIRCLE('',#7065,8.);
#1332=CIRCLE('',#7066,7.00000010430813);
#1333=CIRCLE('',#7068,7.00000010430813);
#1334=CIRCLE('',#7070,8.);
#1335=LINE('',#9073,#1860);
#1336=LINE('',#9087,#1861);
#1337=LINE('',#9089,#1862);
#1338=LINE('',#9099,#1863);
#1339=LINE('',#9109,#1864);
#1340=LINE('',#9112,#1865);
#1341=LINE('',#9145,#1866);
#1342=LINE('',#9149,#1867);
#1343=LINE('',#9153,#1868);
#1344=LINE('',#9157,#1869);
#1345=LINE('',#9161,#1870);
#1346=LINE('',#9165,#1871);
#1347=LINE('',#9169,#1872);
#1348=LINE('',#9173,#1873);
#1349=LINE('',#9177,#1874);
#1350=LINE('',#9181,#1875);
#1351=LINE('',#9185,#1876);
#1352=LINE('',#9189,#1877);
#1353=LINE('',#9193,#1878);
#1354=LINE('',#9197,#1879);
#1355=LINE('',#9201,#1880);
#1356=LINE('',#9205,#1881);
#1357=LINE('',#9209,#1882);
#1358=LINE('',#9213,#1883);
#1359=LINE('',#9217,#1884);
#1360=LINE('',#9221,#1885);
#1361=LINE('',#9225,#1886);
#1362=LINE('',#9229,#1887);
#1363=LINE('',#9233,#1888);
#1364=LINE('',#9237,#1889);
#1365=LINE('',#9241,#1890);
#1366=LINE('',#9245,#1891);
#1367=LINE('',#9249,#1892);
#1368=LINE('',#9253,#1893);
#1369=LINE('',#9257,#1894);
#1370=LINE('',#9261,#1895);
#1371=LINE('',#9265,#1896);
#1372=LINE('',#9269,#1897);
#1373=LINE('',#9273,#1898);
#1374=LINE('',#9277,#1899);
#1375=LINE('',#9281,#1900);
#1376=LINE('',#9285,#1901);
#1377=LINE('',#9289,#1902);
#1378=LINE('',#9293,#1903);
#1379=LINE('',#9297,#1904);
#1380=LINE('',#9301,#1905);
#1381=LINE('',#9305,#1906);
#1382=LINE('',#9309,#1907);
#1383=LINE('',#9313,#1908);
#1384=LINE('',#9317,#1909);
#1385=LINE('',#9321,#1910);
#1386=LINE('',#9325,#1911);
#1387=LINE('',#9329,#1912);
#1388=LINE('',#9333,#1913);
#1389=LINE('',#9337,#1914);
#1390=LINE('',#9341,#1915);
#1391=LINE('',#9345,#1916);
#1392=LINE('',#9349,#1917);
#1393=LINE('',#9353,#1918);
#1394=LINE('',#9357,#1919);
#1395=LINE('',#9361,#1920);
#1396=LINE('',#9365,#1921);
#1397=LINE('',#9369,#1922);
#1398=LINE('',#9373,#1923);
#1399=LINE('',#9377,#1924);
#1400=LINE('',#9381,#1925);
#1401=LINE('',#9385,#1926);
#1402=LINE('',#9389,#1927);
#1403=LINE('',#9393,#1928);
#1404=LINE('',#9397,#1929);
#1405=LINE('',#9401,#1930);
#1406=LINE('',#9405,#1931);
#1407=LINE('',#9409,#1932);
#1408=LINE('',#9413,#1933);
#1409=LINE('',#9417,#1934);
#1410=LINE('',#9421,#1935);
#1411=LINE('',#9425,#1936);
#1412=LINE('',#9429,#1937);
#1413=LINE('',#9433,#1938);
#1414=LINE('',#9437,#1939);
#1415=LINE('',#9441,#1940);
#1416=LINE('',#9445,#1941);
#1417=LINE('',#9449,#1942);
#1418=LINE('',#9453,#1943);
#1419=LINE('',#9457,#1944);
#1420=LINE('',#9461,#1945);
#1421=LINE('',#9465,#1946);
#1422=LINE('',#9469,#1947);
#1423=LINE('',#9473,#1948);
#1424=LINE('',#9477,#1949);
#1425=LINE('',#9481,#1950);
#1426=LINE('',#9485,#1951);
#1427=LINE('',#9489,#1952);
#1428=LINE('',#9493,#1953);
#1429=LINE('',#9497,#1954);
#1430=LINE('',#9501,#1955);
#1431=LINE('',#9505,#1956);
#1432=LINE('',#9509,#1957);
#1433=LINE('',#9513,#1958);
#1434=LINE('',#9517,#1959);
#1435=LINE('',#9521,#1960);
#1436=LINE('',#9525,#1961);
#1437=LINE('',#9529,#1962);
#1438=LINE('',#9533,#1963);
#1439=LINE('',#9537,#1964);
#1440=LINE('',#9541,#1965);
#1441=LINE('',#9545,#1966);
#1442=LINE('',#9549,#1967);
#1443=LINE('',#9553,#1968);
#1444=LINE('',#9557,#1969);
#1445=LINE('',#9561,#1970);
#1446=LINE('',#9565,#1971);
#1447=LINE('',#9569,#1972);
#1448=LINE('',#9573,#1973);
#1449=LINE('',#9577,#1974);
#1450=LINE('',#9581,#1975);
#1451=LINE('',#9585,#1976);
#1452=LINE('',#9589,#1977);
#1453=LINE('',#9593,#1978);
#1454=LINE('',#9597,#1979);
#1455=LINE('',#9603,#1980);
#1456=LINE('',#9610,#1981);
#1457=LINE('',#9616,#1982);
#1458=LINE('',#9717,#1983);
#1459=LINE('',#9718,#1984);
#1460=LINE('',#9719,#1985);
#1461=LINE('',#9723,#1986);
#1462=LINE('',#9726,#1987);
#1463=LINE('',#9727,#1988);
#1464=LINE('',#9731,#1989);
#1465=LINE('',#9732,#1990);
#1466=LINE('',#9733,#1991);
#1467=LINE('',#9739,#1992);
#1468=LINE('',#9743,#1993);
#1469=LINE('',#9744,#1994);
#1470=LINE('',#9745,#1995);
#1471=LINE('',#9749,#1996);
#1472=LINE('',#9752,#1997);
#1473=LINE('',#9753,#1998);
#1474=LINE('',#9756,#1999);
#1475=LINE('',#9757,#2000);
#1476=LINE('',#9763,#2001);
#1477=LINE('',#9767,#2002);
#1478=LINE('',#9768,#2003);
#1479=LINE('',#9769,#2004);
#1480=LINE('',#9773,#2005);
#1481=LINE('',#9776,#2006);
#1482=LINE('',#9777,#2007);
#1483=LINE('',#9781,#2008);
#1484=LINE('',#9782,#2009);
#1485=LINE('',#9783,#2010);
#1486=LINE('',#9789,#2011);
#1487=LINE('',#9793,#2012);
#1488=LINE('',#9794,#2013);
#1489=LINE('',#9795,#2014);
#1490=LINE('',#9799,#2015);
#1491=LINE('',#9802,#2016);
#1492=LINE('',#9803,#2017);
#1493=LINE('',#9807,#2018);
#1494=LINE('',#9808,#2019);
#1495=LINE('',#9809,#2020);
#1496=LINE('',#9815,#2021);
#1497=LINE('',#9819,#2022);
#1498=LINE('',#9820,#2023);
#1499=LINE('',#9821,#2024);
#1500=LINE('',#9825,#2025);
#1501=LINE('',#9828,#2026);
#1502=LINE('',#9829,#2027);
#1503=LINE('',#9833,#2028);
#1504=LINE('',#9834,#2029);
#1505=LINE('',#9835,#2030);
#1506=LINE('',#9843,#2031);
#1507=LINE('',#9844,#2032);
#1508=LINE('',#9845,#2033);
#1509=LINE('',#9849,#2034);
#1510=LINE('',#9852,#2035);
#1511=LINE('',#9853,#2036);
#1512=LINE('',#9857,#2037);
#1513=LINE('',#9858,#2038);
#1514=LINE('',#9859,#2039);
#1515=LINE('',#9867,#2040);
#1516=LINE('',#9868,#2041);
#1517=LINE('',#9869,#2042);
#1518=LINE('',#9873,#2043);
#1519=LINE('',#9876,#2044);
#1520=LINE('',#9877,#2045);
#1521=LINE('',#9880,#2046);
#1522=LINE('',#9881,#2047);
#1523=LINE('',#9889,#2048);
#1524=LINE('',#9890,#2049);
#1525=LINE('',#9891,#2050);
#1526=LINE('',#9895,#2051);
#1527=LINE('',#9898,#2052);
#1528=LINE('',#9899,#2053);
#1529=LINE('',#9903,#2054);
#1530=LINE('',#9904,#2055);
#1531=LINE('',#9905,#2056);
#1532=LINE('',#9911,#2057);
#1533=LINE('',#9915,#2058);
#1534=LINE('',#9916,#2059);
#1535=LINE('',#9917,#2060);
#1536=LINE('',#9921,#2061);
#1537=LINE('',#9924,#2062);
#1538=LINE('',#9925,#2063);
#1539=LINE('',#9928,#2064);
#1540=LINE('',#9929,#2065);
#1541=LINE('',#9937,#2066);
#1542=LINE('',#9938,#2067);
#1543=LINE('',#9939,#2068);
#1544=LINE('',#9943,#2069);
#1545=LINE('',#9946,#2070);
#1546=LINE('',#9947,#2071);
#1547=LINE('',#9950,#2072);
#1548=LINE('',#9951,#2073);
#1549=LINE('',#9959,#2074);
#1550=LINE('',#9960,#2075);
#1551=LINE('',#9961,#2076);
#1552=LINE('',#9965,#2077);
#1553=LINE('',#9968,#2078);
#1554=LINE('',#9969,#2079);
#1555=LINE('',#9973,#2080);
#1556=LINE('',#9974,#2081);
#1557=LINE('',#9975,#2082);
#1558=LINE('',#9981,#2083);
#1559=LINE('',#9985,#2084);
#1560=LINE('',#9986,#2085);
#1561=LINE('',#9987,#2086);
#1562=LINE('',#9991,#2087);
#1563=LINE('',#9994,#2088);
#1564=LINE('',#9995,#2089);
#1565=LINE('',#9999,#2090);
#1566=LINE('',#10000,#2091);
#1567=LINE('',#10001,#2092);
#1568=LINE('',#10009,#2093);
#1569=LINE('',#10010,#2094);
#1570=LINE('',#10011,#2095);
#1571=LINE('',#10015,#2096);
#1572=LINE('',#10018,#2097);
#1573=LINE('',#10019,#2098);
#1574=LINE('',#10022,#2099);
#1575=LINE('',#10023,#2100);
#1576=LINE('',#10029,#2101);
#1577=LINE('',#10033,#2102);
#1578=LINE('',#10034,#2103);
#1579=LINE('',#10035,#2104);
#1580=LINE('',#10039,#2105);
#1581=LINE('',#10042,#2106);
#1582=LINE('',#10043,#2107);
#1583=LINE('',#10047,#2108);
#1584=LINE('',#10048,#2109);
#1585=LINE('',#10049,#2110);
#1586=LINE('',#10055,#2111);
#1587=LINE('',#10059,#2112);
#1588=LINE('',#10060,#2113);
#1589=LINE('',#10061,#2114);
#1590=LINE('',#10065,#2115);
#1591=LINE('',#10068,#2116);
#1592=LINE('',#10069,#2117);
#1593=LINE('',#10072,#2118);
#1594=LINE('',#10073,#2119);
#1595=LINE('',#10079,#2120);
#1596=LINE('',#10083,#2121);
#1597=LINE('',#10084,#2122);
#1598=LINE('',#10085,#2123);
#1599=LINE('',#10089,#2124);
#1600=LINE('',#10092,#2125);
#1601=LINE('',#10093,#2126);
#1602=LINE('',#10097,#2127);
#1603=LINE('',#10098,#2128);
#1604=LINE('',#10099,#2129);
#1605=LINE('',#10105,#2130);
#1606=LINE('',#10109,#2131);
#1607=LINE('',#10110,#2132);
#1608=LINE('',#10111,#2133);
#1609=LINE('',#10115,#2134);
#1610=LINE('',#10118,#2135);
#1611=LINE('',#10119,#2136);
#1612=LINE('',#10123,#2137);
#1613=LINE('',#10124,#2138);
#1614=LINE('',#10125,#2139);
#1615=LINE('',#10133,#2140);
#1616=LINE('',#10134,#2141);
#1617=LINE('',#10135,#2142);
#1618=LINE('',#10139,#2143);
#1619=LINE('',#10142,#2144);
#1620=LINE('',#10143,#2145);
#1621=LINE('',#10147,#2146);
#1622=LINE('',#10148,#2147);
#1623=LINE('',#10149,#2148);
#1624=LINE('',#10157,#2149);
#1625=LINE('',#10158,#2150);
#1626=LINE('',#10159,#2151);
#1627=LINE('',#10163,#2152);
#1628=LINE('',#10166,#2153);
#1629=LINE('',#10167,#2154);
#1630=LINE('',#10170,#2155);
#1631=LINE('',#10171,#2156);
#1632=LINE('',#10179,#2157);
#1633=LINE('',#10180,#2158);
#1634=LINE('',#10181,#2159);
#1635=LINE('',#10185,#2160);
#1636=LINE('',#10188,#2161);
#1637=LINE('',#10189,#2162);
#1638=LINE('',#10192,#2163);
#1639=LINE('',#10193,#2164);
#1640=LINE('',#10199,#2165);
#1641=LINE('',#10203,#2166);
#1642=LINE('',#10204,#2167);
#1643=LINE('',#10205,#2168);
#1644=LINE('',#10209,#2169);
#1645=LINE('',#10212,#2170);
#1646=LINE('',#10213,#2171);
#1647=LINE('',#10216,#2172);
#1648=LINE('',#10217,#2173);
#1649=LINE('',#10223,#2174);
#1650=LINE('',#10227,#2175);
#1651=LINE('',#10228,#2176);
#1652=LINE('',#10229,#2177);
#1653=LINE('',#10233,#2178);
#1654=LINE('',#10236,#2179);
#1655=LINE('',#10237,#2180);
#1656=LINE('',#10241,#2181);
#1657=LINE('',#10242,#2182);
#1658=LINE('',#10243,#2183);
#1659=LINE('',#10249,#2184);
#1660=LINE('',#10253,#2185);
#1661=LINE('',#10254,#2186);
#1662=LINE('',#10255,#2187);
#1663=LINE('',#10259,#2188);
#1664=LINE('',#10262,#2189);
#1665=LINE('',#10263,#2190);
#1666=LINE('',#10267,#2191);
#1667=LINE('',#10268,#2192);
#1668=LINE('',#10269,#2193);
#1669=LINE('',#10277,#2194);
#1670=LINE('',#10278,#2195);
#1671=LINE('',#10279,#2196);
#1672=LINE('',#10283,#2197);
#1673=LINE('',#10286,#2198);
#1674=LINE('',#10287,#2199);
#1675=LINE('',#10290,#2200);
#1676=LINE('',#10291,#2201);
#1677=LINE('',#10297,#2202);
#1678=LINE('',#10301,#2203);
#1679=LINE('',#10302,#2204);
#1680=LINE('',#10303,#2205);
#1681=LINE('',#10307,#2206);
#1682=LINE('',#10310,#2207);
#1683=LINE('',#10311,#2208);
#1684=LINE('',#10315,#2209);
#1685=LINE('',#10316,#2210);
#1686=LINE('',#10317,#2211);
#1687=LINE('',#10325,#2212);
#1688=LINE('',#10326,#2213);
#1689=LINE('',#10327,#2214);
#1690=LINE('',#10331,#2215);
#1691=LINE('',#10334,#2216);
#1692=LINE('',#10335,#2217);
#1693=LINE('',#10339,#2218);
#1694=LINE('',#10340,#2219);
#1695=LINE('',#10341,#2220);
#1696=LINE('',#10349,#2221);
#1697=LINE('',#10350,#2222);
#1698=LINE('',#10351,#2223);
#1699=LINE('',#10355,#2224);
#1700=LINE('',#10358,#2225);
#1701=LINE('',#10359,#2226);
#1702=LINE('',#10362,#2227);
#1703=LINE('',#10363,#2228);
#1704=LINE('',#10371,#2229);
#1705=LINE('',#10372,#2230);
#1706=LINE('',#10373,#2231);
#1707=LINE('',#10377,#2232);
#1708=LINE('',#10380,#2233);
#1709=LINE('',#10381,#2234);
#1710=LINE('',#10385,#2235);
#1711=LINE('',#10386,#2236);
#1712=LINE('',#10387,#2237);
#1713=LINE('',#10395,#2238);
#1714=LINE('',#10396,#2239);
#1715=LINE('',#10397,#2240);
#1716=LINE('',#10401,#2241);
#1717=LINE('',#10404,#2242);
#1718=LINE('',#10405,#2243);
#1719=LINE('',#10408,#2244);
#1720=LINE('',#10409,#2245);
#1721=LINE('',#10417,#2246);
#1722=LINE('',#10418,#2247);
#1723=LINE('',#10419,#2248);
#1724=LINE('',#10423,#2249);
#1725=LINE('',#10426,#2250);
#1726=LINE('',#10427,#2251);
#1727=LINE('',#10431,#2252);
#1728=LINE('',#10432,#2253);
#1729=LINE('',#10433,#2254);
#1730=LINE('',#10439,#2255);
#1731=LINE('',#10443,#2256);
#1732=LINE('',#10444,#2257);
#1733=LINE('',#10445,#2258);
#1734=LINE('',#10449,#2259);
#1735=LINE('',#10452,#2260);
#1736=LINE('',#10453,#2261);
#1737=LINE('',#10457,#2262);
#1738=LINE('',#10458,#2263);
#1739=LINE('',#10459,#2264);
#1740=LINE('',#10467,#2265);
#1741=LINE('',#10468,#2266);
#1742=LINE('',#10469,#2267);
#1743=LINE('',#10473,#2268);
#1744=LINE('',#10476,#2269);
#1745=LINE('',#10477,#2270);
#1746=LINE('',#10481,#2271);
#1747=LINE('',#10482,#2272);
#1748=LINE('',#10483,#2273);
#1749=LINE('',#10491,#2274);
#1750=LINE('',#10492,#2275);
#1751=LINE('',#10493,#2276);
#1752=LINE('',#10497,#2277);
#1753=LINE('',#10500,#2278);
#1754=LINE('',#10501,#2279);
#1755=LINE('',#10505,#2280);
#1756=LINE('',#10506,#2281);
#1757=LINE('',#10507,#2282);
#1758=LINE('',#10515,#2283);
#1759=LINE('',#10516,#2284);
#1760=LINE('',#10517,#2285);
#1761=LINE('',#10521,#2286);
#1762=LINE('',#10524,#2287);
#1763=LINE('',#10525,#2288);
#1764=LINE('',#10529,#2289);
#1765=LINE('',#10530,#2290);
#1766=LINE('',#10531,#2291);
#1767=LINE('',#10539,#2292);
#1768=LINE('',#10540,#2293);
#1769=LINE('',#10541,#2294);
#1770=LINE('',#10545,#2295);
#1771=LINE('',#10548,#2296);
#1772=LINE('',#10549,#2297);
#1773=LINE('',#10552,#2298);
#1774=LINE('',#10553,#2299);
#1775=LINE('',#10561,#2300);
#1776=LINE('',#10562,#2301);
#1777=LINE('',#10563,#2302);
#1778=LINE('',#10567,#2303);
#1779=LINE('',#10570,#2304);
#1780=LINE('',#10571,#2305);
#1781=LINE('',#10575,#2306);
#1782=LINE('',#10576,#2307);
#1783=LINE('',#10577,#2308);
#1784=LINE('',#10585,#2309);
#1785=LINE('',#10586,#2310);
#1786=LINE('',#10587,#2311);
#1787=LINE('',#10591,#2312);
#1788=LINE('',#10594,#2313);
#1789=LINE('',#10595,#2314);
#1790=LINE('',#10598,#2315);
#1791=LINE('',#10599,#2316);
#1792=LINE('',#10607,#2317);
#1793=LINE('',#10608,#2318);
#1794=LINE('',#10609,#2319);
#1795=LINE('',#10613,#2320);
#1796=LINE('',#10616,#2321);
#1797=LINE('',#10617,#2322);
#1798=LINE('',#10620,#2323);
#1799=LINE('',#10621,#2324);
#1800=LINE('',#10626,#2325);
#1801=LINE('',#10635,#2326);
#1802=LINE('',#10643,#2327);
#1803=LINE('',#10647,#2328);
#1804=LINE('',#10655,#2329);
#1805=LINE('',#10660,#2330);
#1806=LINE('',#10681,#2331);
#1807=LINE('',#10682,#2332);
#1808=LINE('',#10693,#2333);
#1809=LINE('',#10707,#2334);
#1810=LINE('',#10710,#2335);
#1811=LINE('',#10713,#2336);
#1812=LINE('',#10714,#2337);
#1813=LINE('',#10717,#2338);
#1814=LINE('',#10721,#2339);
#1815=LINE('',#10725,#2340);
#1816=LINE('',#10729,#2341);
#1817=LINE('',#10730,#2342);
#1818=LINE('',#10733,#2343);
#1819=LINE('',#10751,#2344);
#1820=LINE('',#10762,#2345);
#1821=LINE('',#10763,#2346);
#1822=LINE('',#10779,#2347);
#1823=LINE('',#10782,#2348);
#1824=LINE('',#10785,#2349);
#1825=LINE('',#10786,#2350);
#1826=LINE('',#10789,#2351);
#1827=LINE('',#10793,#2352);
#1828=LINE('',#10797,#2353);
#1829=LINE('',#10801,#2354);
#1830=LINE('',#10802,#2355);
#1831=LINE('',#10805,#2356);
#1832=LINE('',#10823,#2357);
#1833=LINE('',#10833,#2358);
#1834=LINE('',#10847,#2359);
#1835=LINE('',#10850,#2360);
#1836=LINE('',#10853,#2361);
#1837=LINE('',#10854,#2362);
#1838=LINE('',#10857,#2363);
#1839=LINE('',#10861,#2364);
#1840=LINE('',#10865,#2365);
#1841=LINE('',#10869,#2366);
#1842=LINE('',#10870,#2367);
#1843=LINE('',#10873,#2368);
#1844=LINE('',#10891,#2369);
#1845=LINE('',#10907,#2370);
#1846=LINE('',#10925,#2371);
#1847=LINE('',#10933,#2372);
#1848=LINE('',#10941,#2373);
#1849=LINE('',#10949,#2374);
#1850=LINE('',#11028,#2375);
#1851=LINE('',#11036,#2376);
#1852=LINE('',#11042,#2377);
#1853=LINE('',#11063,#2378);
#1854=LINE('',#11068,#2379);
#1855=LINE('',#11074,#2380);
#1856=LINE('',#11082,#2381);
#1857=LINE('',#11094,#2382);
#1858=LINE('',#11104,#2383);
#1859=LINE('',#11108,#2384);
#1860=VECTOR('',#7081,10.);
#1861=VECTOR('',#7086,10.);
#1862=VECTOR('',#7087,10.);
#1863=VECTOR('',#7090,10.);
#1864=VECTOR('',#7093,10.);
#1865=VECTOR('',#7096,10.);
#1866=VECTOR('',#7129,10.);
#1867=VECTOR('',#7132,10.);
#1868=VECTOR('',#7135,10.);
#1869=VECTOR('',#7138,10.);
#1870=VECTOR('',#7141,10.);
#1871=VECTOR('',#7144,10.);
#1872=VECTOR('',#7147,10.);
#1873=VECTOR('',#7150,10.);
#1874=VECTOR('',#7153,10.);
#1875=VECTOR('',#7156,10.);
#1876=VECTOR('',#7159,10.);
#1877=VECTOR('',#7162,10.);
#1878=VECTOR('',#7165,10.);
#1879=VECTOR('',#7168,10.);
#1880=VECTOR('',#7171,10.);
#1881=VECTOR('',#7174,10.);
#1882=VECTOR('',#7177,10.);
#1883=VECTOR('',#7180,10.);
#1884=VECTOR('',#7183,10.);
#1885=VECTOR('',#7186,10.);
#1886=VECTOR('',#7189,10.);
#1887=VECTOR('',#7192,10.);
#1888=VECTOR('',#7195,10.);
#1889=VECTOR('',#7198,10.);
#1890=VECTOR('',#7201,10.);
#1891=VECTOR('',#7204,10.);
#1892=VECTOR('',#7207,10.);
#1893=VECTOR('',#7210,10.);
#1894=VECTOR('',#7213,10.);
#1895=VECTOR('',#7216,10.);
#1896=VECTOR('',#7219,10.);
#1897=VECTOR('',#7222,10.);
#1898=VECTOR('',#7225,10.);
#1899=VECTOR('',#7228,10.);
#1900=VECTOR('',#7231,10.);
#1901=VECTOR('',#7234,10.);
#1902=VECTOR('',#7237,10.);
#1903=VECTOR('',#7240,10.);
#1904=VECTOR('',#7243,10.);
#1905=VECTOR('',#7246,10.);
#1906=VECTOR('',#7249,10.);
#1907=VECTOR('',#7252,10.);
#1908=VECTOR('',#7255,10.);
#1909=VECTOR('',#7258,10.);
#1910=VECTOR('',#7261,10.);
#1911=VECTOR('',#7264,10.);
#1912=VECTOR('',#7267,10.);
#1913=VECTOR('',#7270,10.);
#1914=VECTOR('',#7273,10.);
#1915=VECTOR('',#7276,10.);
#1916=VECTOR('',#7279,10.);
#1917=VECTOR('',#7282,10.);
#1918=VECTOR('',#7285,10.);
#1919=VECTOR('',#7288,10.);
#1920=VECTOR('',#7291,10.);
#1921=VECTOR('',#7294,10.);
#1922=VECTOR('',#7297,10.);
#1923=VECTOR('',#7300,10.);
#1924=VECTOR('',#7303,10.);
#1925=VECTOR('',#7306,10.);
#1926=VECTOR('',#7309,10.);
#1927=VECTOR('',#7312,10.);
#1928=VECTOR('',#7315,10.);
#1929=VECTOR('',#7318,10.);
#1930=VECTOR('',#7321,10.);
#1931=VECTOR('',#7324,10.);
#1932=VECTOR('',#7327,10.);
#1933=VECTOR('',#7330,10.);
#1934=VECTOR('',#7333,10.);
#1935=VECTOR('',#7336,10.);
#1936=VECTOR('',#7339,10.);
#1937=VECTOR('',#7342,10.);
#1938=VECTOR('',#7345,10.);
#1939=VECTOR('',#7348,10.);
#1940=VECTOR('',#7351,10.);
#1941=VECTOR('',#7354,10.);
#1942=VECTOR('',#7357,10.);
#1943=VECTOR('',#7360,10.);
#1944=VECTOR('',#7363,10.);
#1945=VECTOR('',#7366,10.);
#1946=VECTOR('',#7369,10.);
#1947=VECTOR('',#7372,10.);
#1948=VECTOR('',#7375,10.);
#1949=VECTOR('',#7378,10.);
#1950=VECTOR('',#7381,10.);
#1951=VECTOR('',#7384,10.);
#1952=VECTOR('',#7387,10.);
#1953=VECTOR('',#7390,10.);
#1954=VECTOR('',#7393,10.);
#1955=VECTOR('',#7396,10.);
#1956=VECTOR('',#7399,10.);
#1957=VECTOR('',#7402,10.);
#1958=VECTOR('',#7405,10.);
#1959=VECTOR('',#7408,10.);
#1960=VECTOR('',#7411,10.);
#1961=VECTOR('',#7414,10.);
#1962=VECTOR('',#7417,10.);
#1963=VECTOR('',#7420,10.);
#1964=VECTOR('',#7423,10.);
#1965=VECTOR('',#7426,10.);
#1966=VECTOR('',#7429,10.);
#1967=VECTOR('',#7432,10.);
#1968=VECTOR('',#7435,10.);
#1969=VECTOR('',#7438,10.);
#1970=VECTOR('',#7441,10.);
#1971=VECTOR('',#7444,10.);
#1972=VECTOR('',#7447,10.);
#1973=VECTOR('',#7450,10.);
#1974=VECTOR('',#7453,10.);
#1975=VECTOR('',#7456,10.);
#1976=VECTOR('',#7459,10.);
#1977=VECTOR('',#7462,10.);
#1978=VECTOR('',#7465,10.);
#1979=VECTOR('',#7468,10.);
#1980=VECTOR('',#7475,8.25);
#1981=VECTOR('',#7484,12.0000001788139);
#1982=VECTOR('',#7491,12.0000001788139);
#1983=VECTOR('',#7538,10.);
#1984=VECTOR('',#7539,10.);
#1985=VECTOR('',#7540,10.);
#1986=VECTOR('',#7545,10.);
#1987=VECTOR('',#7548,10.);
#1988=VECTOR('',#7549,10.);
#1989=VECTOR('',#7552,10.);
#1990=VECTOR('',#7553,10.);
#1991=VECTOR('',#7554,10.);
#1992=VECTOR('',#7563,10.);
#1993=VECTOR('',#7566,10.);
#1994=VECTOR('',#7567,10.);
#1995=VECTOR('',#7568,10.);
#1996=VECTOR('',#7573,10.);
#1997=VECTOR('',#7576,10.);
#1998=VECTOR('',#7577,10.);
#1999=VECTOR('',#7580,10.);
#2000=VECTOR('',#7581,10.);
#2001=VECTOR('',#7590,10.);
#2002=VECTOR('',#7593,10.);
#2003=VECTOR('',#7594,10.);
#2004=VECTOR('',#7595,10.);
#2005=VECTOR('',#7600,10.);
#2006=VECTOR('',#7603,10.);
#2007=VECTOR('',#7604,10.);
#2008=VECTOR('',#7607,10.);
#2009=VECTOR('',#7608,10.);
#2010=VECTOR('',#7609,10.);
#2011=VECTOR('',#7618,10.);
#2012=VECTOR('',#7621,10.);
#2013=VECTOR('',#7622,10.);
#2014=VECTOR('',#7623,10.);
#2015=VECTOR('',#7628,10.);
#2016=VECTOR('',#7631,10.);
#2017=VECTOR('',#7632,10.);
#2018=VECTOR('',#7635,10.);
#2019=VECTOR('',#7636,10.);
#2020=VECTOR('',#7637,10.);
#2021=VECTOR('',#7646,10.);
#2022=VECTOR('',#7649,10.);
#2023=VECTOR('',#7650,10.);
#2024=VECTOR('',#7651,10.);
#2025=VECTOR('',#7656,10.);
#2026=VECTOR('',#7659,10.);
#2027=VECTOR('',#7660,10.);
#2028=VECTOR('',#7663,10.);
#2029=VECTOR('',#7664,10.);
#2030=VECTOR('',#7665,10.);
#2031=VECTOR('',#7676,10.);
#2032=VECTOR('',#7677,10.);
#2033=VECTOR('',#7678,10.);
#2034=VECTOR('',#7683,10.);
#2035=VECTOR('',#7686,10.);
#2036=VECTOR('',#7687,10.);
#2037=VECTOR('',#7690,10.);
#2038=VECTOR('',#7691,10.);
#2039=VECTOR('',#7692,10.);
#2040=VECTOR('',#7703,10.);
#2041=VECTOR('',#7704,10.);
#2042=VECTOR('',#7705,10.);
#2043=VECTOR('',#7710,10.);
#2044=VECTOR('',#7713,10.);
#2045=VECTOR('',#7714,10.);
#2046=VECTOR('',#7717,10.);
#2047=VECTOR('',#7718,10.);
#2048=VECTOR('',#7729,10.);
#2049=VECTOR('',#7730,10.);
#2050=VECTOR('',#7731,10.);
#2051=VECTOR('',#7736,10.);
#2052=VECTOR('',#7739,10.);
#2053=VECTOR('',#7740,10.);
#2054=VECTOR('',#7743,10.);
#2055=VECTOR('',#7744,10.);
#2056=VECTOR('',#7745,10.);
#2057=VECTOR('',#7754,10.);
#2058=VECTOR('',#7757,10.);
#2059=VECTOR('',#7758,10.);
#2060=VECTOR('',#7759,10.);
#2061=VECTOR('',#7764,10.);
#2062=VECTOR('',#7767,10.);
#2063=VECTOR('',#7768,10.);
#2064=VECTOR('',#7771,10.);
#2065=VECTOR('',#7772,10.);
#2066=VECTOR('',#7783,10.);
#2067=VECTOR('',#7784,10.);
#2068=VECTOR('',#7785,10.);
#2069=VECTOR('',#7790,10.);
#2070=VECTOR('',#7793,10.);
#2071=VECTOR('',#7794,10.);
#2072=VECTOR('',#7797,10.);
#2073=VECTOR('',#7798,10.);
#2074=VECTOR('',#7809,10.);
#2075=VECTOR('',#7810,10.);
#2076=VECTOR('',#7811,10.);
#2077=VECTOR('',#7816,10.);
#2078=VECTOR('',#7819,10.);
#2079=VECTOR('',#7820,10.);
#2080=VECTOR('',#7823,10.);
#2081=VECTOR('',#7824,10.);
#2082=VECTOR('',#7825,10.);
#2083=VECTOR('',#7834,10.);
#2084=VECTOR('',#7837,10.);
#2085=VECTOR('',#7838,10.);
#2086=VECTOR('',#7839,10.);
#2087=VECTOR('',#7844,10.);
#2088=VECTOR('',#7847,10.);
#2089=VECTOR('',#7848,10.);
#2090=VECTOR('',#7851,10.);
#2091=VECTOR('',#7852,10.);
#2092=VECTOR('',#7853,10.);
#2093=VECTOR('',#7864,10.);
#2094=VECTOR('',#7865,10.);
#2095=VECTOR('',#7866,10.);
#2096=VECTOR('',#7871,10.);
#2097=VECTOR('',#7874,10.);
#2098=VECTOR('',#7875,10.);
#2099=VECTOR('',#7878,10.);
#2100=VECTOR('',#7879,10.);
#2101=VECTOR('',#7888,10.);
#2102=VECTOR('',#7891,10.);
#2103=VECTOR('',#7892,10.);
#2104=VECTOR('',#7893,10.);
#2105=VECTOR('',#7898,10.);
#2106=VECTOR('',#7901,10.);
#2107=VECTOR('',#7902,10.);
#2108=VECTOR('',#7905,10.);
#2109=VECTOR('',#7906,10.);
#2110=VECTOR('',#7907,10.);
#2111=VECTOR('',#7916,10.);
#2112=VECTOR('',#7919,10.);
#2113=VECTOR('',#7920,10.);
#2114=VECTOR('',#7921,10.);
#2115=VECTOR('',#7926,10.);
#2116=VECTOR('',#7929,10.);
#2117=VECTOR('',#7930,10.);
#2118=VECTOR('',#7933,10.);
#2119=VECTOR('',#7934,10.);
#2120=VECTOR('',#7943,10.);
#2121=VECTOR('',#7946,10.);
#2122=VECTOR('',#7947,10.);
#2123=VECTOR('',#7948,10.);
#2124=VECTOR('',#7953,10.);
#2125=VECTOR('',#7956,10.);
#2126=VECTOR('',#7957,10.);
#2127=VECTOR('',#7960,10.);
#2128=VECTOR('',#7961,10.);
#2129=VECTOR('',#7962,10.);
#2130=VECTOR('',#7971,10.);
#2131=VECTOR('',#7974,10.);
#2132=VECTOR('',#7975,10.);
#2133=VECTOR('',#7976,10.);
#2134=VECTOR('',#7981,10.);
#2135=VECTOR('',#7984,10.);
#2136=VECTOR('',#7985,10.);
#2137=VECTOR('',#7988,10.);
#2138=VECTOR('',#7989,10.);
#2139=VECTOR('',#7990,10.);
#2140=VECTOR('',#8001,10.);
#2141=VECTOR('',#8002,10.);
#2142=VECTOR('',#8003,10.);
#2143=VECTOR('',#8008,10.);
#2144=VECTOR('',#8011,10.);
#2145=VECTOR('',#8012,10.);
#2146=VECTOR('',#8015,10.);
#2147=VECTOR('',#8016,10.);
#2148=VECTOR('',#8017,10.);
#2149=VECTOR('',#8028,10.);
#2150=VECTOR('',#8029,10.);
#2151=VECTOR('',#8030,10.);
#2152=VECTOR('',#8035,10.);
#2153=VECTOR('',#8038,10.);
#2154=VECTOR('',#8039,10.);
#2155=VECTOR('',#8042,10.);
#2156=VECTOR('',#8043,10.);
#2157=VECTOR('',#8054,10.);
#2158=VECTOR('',#8055,10.);
#2159=VECTOR('',#8056,10.);
#2160=VECTOR('',#8061,10.);
#2161=VECTOR('',#8064,10.);
#2162=VECTOR('',#8065,10.);
#2163=VECTOR('',#8068,10.);
#2164=VECTOR('',#8069,10.);
#2165=VECTOR('',#8078,10.);
#2166=VECTOR('',#8081,10.);
#2167=VECTOR('',#8082,10.);
#2168=VECTOR('',#8083,10.);
#2169=VECTOR('',#8088,10.);
#2170=VECTOR('',#8091,10.);
#2171=VECTOR('',#8092,10.);
#2172=VECTOR('',#8095,10.);
#2173=VECTOR('',#8096,10.);
#2174=VECTOR('',#8105,10.);
#2175=VECTOR('',#8108,10.);
#2176=VECTOR('',#8109,10.);
#2177=VECTOR('',#8110,10.);
#2178=VECTOR('',#8115,10.);
#2179=VECTOR('',#8118,10.);
#2180=VECTOR('',#8119,10.);
#2181=VECTOR('',#8122,10.);
#2182=VECTOR('',#8123,10.);
#2183=VECTOR('',#8124,10.);
#2184=VECTOR('',#8133,10.);
#2185=VECTOR('',#8136,10.);
#2186=VECTOR('',#8137,10.);
#2187=VECTOR('',#8138,10.);
#2188=VECTOR('',#8143,10.);
#2189=VECTOR('',#8146,10.);
#2190=VECTOR('',#8147,10.);
#2191=VECTOR('',#8150,10.);
#2192=VECTOR('',#8151,10.);
#2193=VECTOR('',#8152,10.);
#2194=VECTOR('',#8163,10.);
#2195=VECTOR('',#8164,10.);
#2196=VECTOR('',#8165,10.);
#2197=VECTOR('',#8170,10.);
#2198=VECTOR('',#8173,10.);
#2199=VECTOR('',#8174,10.);
#2200=VECTOR('',#8177,10.);
#2201=VECTOR('',#8178,10.);
#2202=VECTOR('',#8187,10.);
#2203=VECTOR('',#8190,10.);
#2204=VECTOR('',#8191,10.);
#2205=VECTOR('',#8192,10.);
#2206=VECTOR('',#8197,10.);
#2207=VECTOR('',#8200,10.);
#2208=VECTOR('',#8201,10.);
#2209=VECTOR('',#8204,10.);
#2210=VECTOR('',#8205,10.);
#2211=VECTOR('',#8206,10.);
#2212=VECTOR('',#8217,10.);
#2213=VECTOR('',#8218,10.);
#2214=VECTOR('',#8219,10.);
#2215=VECTOR('',#8224,10.);
#2216=VECTOR('',#8227,10.);
#2217=VECTOR('',#8228,10.);
#2218=VECTOR('',#8231,10.);
#2219=VECTOR('',#8232,10.);
#2220=VECTOR('',#8233,10.);
#2221=VECTOR('',#8244,10.);
#2222=VECTOR('',#8245,10.);
#2223=VECTOR('',#8246,10.);
#2224=VECTOR('',#8251,10.);
#2225=VECTOR('',#8254,10.);
#2226=VECTOR('',#8255,10.);
#2227=VECTOR('',#8258,10.);
#2228=VECTOR('',#8259,10.);
#2229=VECTOR('',#8270,10.);
#2230=VECTOR('',#8271,10.);
#2231=VECTOR('',#8272,10.);
#2232=VECTOR('',#8277,10.);
#2233=VECTOR('',#8280,10.);
#2234=VECTOR('',#8281,10.);
#2235=VECTOR('',#8284,10.);
#2236=VECTOR('',#8285,10.);
#2237=VECTOR('',#8286,10.);
#2238=VECTOR('',#8297,10.);
#2239=VECTOR('',#8298,10.);
#2240=VECTOR('',#8299,10.);
#2241=VECTOR('',#8304,10.);
#2242=VECTOR('',#8307,10.);
#2243=VECTOR('',#8308,10.);
#2244=VECTOR('',#8311,10.);
#2245=VECTOR('',#8312,10.);
#2246=VECTOR('',#8323,10.);
#2247=VECTOR('',#8324,10.);
#2248=VECTOR('',#8325,10.);
#2249=VECTOR('',#8330,10.);
#2250=VECTOR('',#8333,10.);
#2251=VECTOR('',#8334,10.);
#2252=VECTOR('',#8337,10.);
#2253=VECTOR('',#8338,10.);
#2254=VECTOR('',#8339,10.);
#2255=VECTOR('',#8348,10.);
#2256=VECTOR('',#8351,10.);
#2257=VECTOR('',#8352,10.);
#2258=VECTOR('',#8353,10.);
#2259=VECTOR('',#8358,10.);
#2260=VECTOR('',#8361,10.);
#2261=VECTOR('',#8362,10.);
#2262=VECTOR('',#8365,10.);
#2263=VECTOR('',#8366,10.);
#2264=VECTOR('',#8367,10.);
#2265=VECTOR('',#8378,10.);
#2266=VECTOR('',#8379,10.);
#2267=VECTOR('',#8380,10.);
#2268=VECTOR('',#8385,10.);
#2269=VECTOR('',#8388,10.);
#2270=VECTOR('',#8389,10.);
#2271=VECTOR('',#8392,10.);
#2272=VECTOR('',#8393,10.);
#2273=VECTOR('',#8394,10.);
#2274=VECTOR('',#8405,10.);
#2275=VECTOR('',#8406,10.);
#2276=VECTOR('',#8407,10.);
#2277=VECTOR('',#8412,10.);
#2278=VECTOR('',#8415,10.);
#2279=VECTOR('',#8416,10.);
#2280=VECTOR('',#8419,10.);
#2281=VECTOR('',#8420,10.);
#2282=VECTOR('',#8421,10.);
#2283=VECTOR('',#8432,10.);
#2284=VECTOR('',#8433,10.);
#2285=VECTOR('',#8434,10.);
#2286=VECTOR('',#8439,10.);
#2287=VECTOR('',#8442,10.);
#2288=VECTOR('',#8443,10.);
#2289=VECTOR('',#8446,10.);
#2290=VECTOR('',#8447,10.);
#2291=VECTOR('',#8448,10.);
#2292=VECTOR('',#8459,10.);
#2293=VECTOR('',#8460,10.);
#2294=VECTOR('',#8461,10.);
#2295=VECTOR('',#8466,10.);
#2296=VECTOR('',#8469,10.);
#2297=VECTOR('',#8470,10.);
#2298=VECTOR('',#8473,10.);
#2299=VECTOR('',#8474,10.);
#2300=VECTOR('',#8485,10.);
#2301=VECTOR('',#8486,10.);
#2302=VECTOR('',#8487,10.);
#2303=VECTOR('',#8492,10.);
#2304=VECTOR('',#8495,10.);
#2305=VECTOR('',#8496,10.);
#2306=VECTOR('',#8499,10.);
#2307=VECTOR('',#8500,10.);
#2308=VECTOR('',#8501,10.);
#2309=VECTOR('',#8512,10.);
#2310=VECTOR('',#8513,10.);
#2311=VECTOR('',#8514,10.);
#2312=VECTOR('',#8519,10.);
#2313=VECTOR('',#8522,10.);
#2314=VECTOR('',#8523,10.);
#2315=VECTOR('',#8526,10.);
#2316=VECTOR('',#8527,10.);
#2317=VECTOR('',#8538,10.);
#2318=VECTOR('',#8539,10.);
#2319=VECTOR('',#8540,10.);
#2320=VECTOR('',#8545,10.);
#2321=VECTOR('',#8548,10.);
#2322=VECTOR('',#8549,10.);
#2323=VECTOR('',#8552,10.);
#2324=VECTOR('',#8553,10.);
#2325=VECTOR('',#8560,8.25);
#2326=VECTOR('',#8573,10.);
#2327=VECTOR('',#8580,10.);
#2328=VECTOR('',#8585,10.);
#2329=VECTOR('',#8592,10.);
#2330=VECTOR('',#8599,8.25);
#2331=VECTOR('',#8612,10.);
#2332=VECTOR('',#8613,10.);
#2333=VECTOR('',#8630,10.);
#2334=VECTOR('',#8637,10.);
#2335=VECTOR('',#8640,10.);
#2336=VECTOR('',#8643,10.);
#2337=VECTOR('',#8644,10.);
#2338=VECTOR('',#8647,10.);
#2339=VECTOR('',#8652,10.);
#2340=VECTOR('',#8657,10.);
#2341=VECTOR('',#8662,10.);
#2342=VECTOR('',#8663,10.);
#2343=VECTOR('',#8666,10.);
#2344=VECTOR('',#8679,10.);
#2345=VECTOR('',#8694,10.);
#2346=VECTOR('',#8695,10.);
#2347=VECTOR('',#8704,10.);
#2348=VECTOR('',#8707,10.);
#2349=VECTOR('',#8710,10.);
#2350=VECTOR('',#8711,10.);
#2351=VECTOR('',#8714,10.);
#2352=VECTOR('',#8719,10.);
#2353=VECTOR('',#8724,10.);
#2354=VECTOR('',#8729,10.);
#2355=VECTOR('',#8730,10.);
#2356=VECTOR('',#8733,10.);
#2357=VECTOR('',#8746,10.);
#2358=VECTOR('',#8761,10.);
#2359=VECTOR('',#8768,10.);
#2360=VECTOR('',#8771,10.);
#2361=VECTOR('',#8774,10.);
#2362=VECTOR('',#8775,10.);
#2363=VECTOR('',#8778,10.);
#2364=VECTOR('',#8783,10.);
#2365=VECTOR('',#8788,10.);
#2366=VECTOR('',#8793,10.);
#2367=VECTOR('',#8794,10.);
#2368=VECTOR('',#8797,10.);
#2369=VECTOR('',#8810,10.);
#2370=VECTOR('',#8833,10.);
#2371=VECTOR('',#8844,10.);
#2372=VECTOR('',#8851,10.);
#2373=VECTOR('',#8858,10.);
#2374=VECTOR('',#8865,10.);
#2375=VECTOR('',#8948,35.0000005215406);
#2376=VECTOR('',#8959,33.0000004917383);
#2377=VECTOR('',#8966,35.0000005215406);
#2378=VECTOR('',#8999,33.7500004917383);
#2379=VECTOR('',#9006,33.0000004917383);
#2380=VECTOR('',#9013,33.7500004917383);
#2381=VECTOR('',#9024,35.0000005215406);
#2382=VECTOR('',#9041,35.0000005215406);
#2383=VECTOR('',#9054,7.00000010430813);
#2384=VECTOR('',#9059,8.);
#2385=VERTEX_POINT('',#9071);
#2386=VERTEX_POINT('',#9072);
#2387=VERTEX_POINT('',#9074);
#2388=VERTEX_POINT('',#9076);
#2389=VERTEX_POINT('',#9086);
#2390=VERTEX_POINT('',#9088);
#2391=VERTEX_POINT('',#9097);
#2392=VERTEX_POINT('',#9098);
#2393=VERTEX_POINT('',#9100);
#2394=VERTEX_POINT('',#9102);
#2395=VERTEX_POINT('',#9111);
#2396=VERTEX_POINT('',#9113);
#2397=VERTEX_POINT('',#9123);
#2398=VERTEX_POINT('',#9128);
#2399=VERTEX_POINT('',#9132);
#2400=VERTEX_POINT('',#9134);
#2401=VERTEX_POINT('',#9141);
#2402=VERTEX_POINT('',#9143);
#2403=VERTEX_POINT('',#9144);
#2404=VERTEX_POINT('',#9146);
#2405=VERTEX_POINT('',#9148);
#2406=VERTEX_POINT('',#9150);
#2407=VERTEX_POINT('',#9152);
#2408=VERTEX_POINT('',#9154);
#2409=VERTEX_POINT('',#9156);
#2410=VERTEX_POINT('',#9158);
#2411=VERTEX_POINT('',#9160);
#2412=VERTEX_POINT('',#9162);
#2413=VERTEX_POINT('',#9164);
#2414=VERTEX_POINT('',#9166);
#2415=VERTEX_POINT('',#9168);
#2416=VERTEX_POINT('',#9170);
#2417=VERTEX_POINT('',#9172);
#2418=VERTEX_POINT('',#9174);
#2419=VERTEX_POINT('',#9176);
#2420=VERTEX_POINT('',#9178);
#2421=VERTEX_POINT('',#9180);
#2422=VERTEX_POINT('',#9182);
#2423=VERTEX_POINT('',#9184);
#2424=VERTEX_POINT('',#9186);
#2425=VERTEX_POINT('',#9188);
#2426=VERTEX_POINT('',#9190);
#2427=VERTEX_POINT('',#9192);
#2428=VERTEX_POINT('',#9194);
#2429=VERTEX_POINT('',#9196);
#2430=VERTEX_POINT('',#9198);
#2431=VERTEX_POINT('',#9200);
#2432=VERTEX_POINT('',#9202);
#2433=VERTEX_POINT('',#9204);
#2434=VERTEX_POINT('',#9206);
#2435=VERTEX_POINT('',#9208);
#2436=VERTEX_POINT('',#9210);
#2437=VERTEX_POINT('',#9212);
#2438=VERTEX_POINT('',#9214);
#2439=VERTEX_POINT('',#9216);
#2440=VERTEX_POINT('',#9218);
#2441=VERTEX_POINT('',#9220);
#2442=VERTEX_POINT('',#9222);
#2443=VERTEX_POINT('',#9224);
#2444=VERTEX_POINT('',#9226);
#2445=VERTEX_POINT('',#9228);
#2446=VERTEX_POINT('',#9230);
#2447=VERTEX_POINT('',#9232);
#2448=VERTEX_POINT('',#9234);
#2449=VERTEX_POINT('',#9236);
#2450=VERTEX_POINT('',#9238);
#2451=VERTEX_POINT('',#9240);
#2452=VERTEX_POINT('',#9242);
#2453=VERTEX_POINT('',#9244);
#2454=VERTEX_POINT('',#9246);
#2455=VERTEX_POINT('',#9248);
#2456=VERTEX_POINT('',#9250);
#2457=VERTEX_POINT('',#9252);
#2458=VERTEX_POINT('',#9254);
#2459=VERTEX_POINT('',#9256);
#2460=VERTEX_POINT('',#9258);
#2461=VERTEX_POINT('',#9260);
#2462=VERTEX_POINT('',#9262);
#2463=VERTEX_POINT('',#9264);
#2464=VERTEX_POINT('',#9266);
#2465=VERTEX_POINT('',#9268);
#2466=VERTEX_POINT('',#9270);
#2467=VERTEX_POINT('',#9272);
#2468=VERTEX_POINT('',#9274);
#2469=VERTEX_POINT('',#9276);
#2470=VERTEX_POINT('',#9278);
#2471=VERTEX_POINT('',#9280);
#2472=VERTEX_POINT('',#9282);
#2473=VERTEX_POINT('',#9284);
#2474=VERTEX_POINT('',#9286);
#2475=VERTEX_POINT('',#9288);
#2476=VERTEX_POINT('',#9290);
#2477=VERTEX_POINT('',#9292);
#2478=VERTEX_POINT('',#9294);
#2479=VERTEX_POINT('',#9296);
#2480=VERTEX_POINT('',#9298);
#2481=VERTEX_POINT('',#9300);
#2482=VERTEX_POINT('',#9302);
#2483=VERTEX_POINT('',#9304);
#2484=VERTEX_POINT('',#9306);
#2485=VERTEX_POINT('',#9308);
#2486=VERTEX_POINT('',#9310);
#2487=VERTEX_POINT('',#9312);
#2488=VERTEX_POINT('',#9314);
#2489=VERTEX_POINT('',#9316);
#2490=VERTEX_POINT('',#9318);
#2491=VERTEX_POINT('',#9320);
#2492=VERTEX_POINT('',#9322);
#2493=VERTEX_POINT('',#9324);
#2494=VERTEX_POINT('',#9326);
#2495=VERTEX_POINT('',#9328);
#2496=VERTEX_POINT('',#9330);
#2497=VERTEX_POINT('',#9332);
#2498=VERTEX_POINT('',#9334);
#2499=VERTEX_POINT('',#9336);
#2500=VERTEX_POINT('',#9338);
#2501=VERTEX_POINT('',#9340);
#2502=VERTEX_POINT('',#9342);
#2503=VERTEX_POINT('',#9344);
#2504=VERTEX_POINT('',#9346);
#2505=VERTEX_POINT('',#9348);
#2506=VERTEX_POINT('',#9350);
#2507=VERTEX_POINT('',#9352);
#2508=VERTEX_POINT('',#9354);
#2509=VERTEX_POINT('',#9356);
#2510=VERTEX_POINT('',#9358);
#2511=VERTEX_POINT('',#9360);
#2512=VERTEX_POINT('',#9362);
#2513=VERTEX_POINT('',#9364);
#2514=VERTEX_POINT('',#9366);
#2515=VERTEX_POINT('',#9368);
#2516=VERTEX_POINT('',#9370);
#2517=VERTEX_POINT('',#9372);
#2518=VERTEX_POINT('',#9374);
#2519=VERTEX_POINT('',#9376);
#2520=VERTEX_POINT('',#9378);
#2521=VERTEX_POINT('',#9380);
#2522=VERTEX_POINT('',#9382);
#2523=VERTEX_POINT('',#9384);
#2524=VERTEX_POINT('',#9386);
#2525=VERTEX_POINT('',#9388);
#2526=VERTEX_POINT('',#9390);
#2527=VERTEX_POINT('',#9392);
#2528=VERTEX_POINT('',#9394);
#2529=VERTEX_POINT('',#9396);
#2530=VERTEX_POINT('',#9398);
#2531=VERTEX_POINT('',#9400);
#2532=VERTEX_POINT('',#9402);
#2533=VERTEX_POINT('',#9404);
#2534=VERTEX_POINT('',#9406);
#2535=VERTEX_POINT('',#9408);
#2536=VERTEX_POINT('',#9410);
#2537=VERTEX_POINT('',#9412);
#2538=VERTEX_POINT('',#9414);
#2539=VERTEX_POINT('',#9416);
#2540=VERTEX_POINT('',#9418);
#2541=VERTEX_POINT('',#9420);
#2542=VERTEX_POINT('',#9422);
#2543=VERTEX_POINT('',#9424);
#2544=VERTEX_POINT('',#9426);
#2545=VERTEX_POINT('',#9428);
#2546=VERTEX_POINT('',#9430);
#2547=VERTEX_POINT('',#9432);
#2548=VERTEX_POINT('',#9434);
#2549=VERTEX_POINT('',#9436);
#2550=VERTEX_POINT('',#9438);
#2551=VERTEX_POINT('',#9440);
#2552=VERTEX_POINT('',#9442);
#2553=VERTEX_POINT('',#9444);
#2554=VERTEX_POINT('',#9446);
#2555=VERTEX_POINT('',#9448);
#2556=VERTEX_POINT('',#9450);
#2557=VERTEX_POINT('',#9452);
#2558=VERTEX_POINT('',#9454);
#2559=VERTEX_POINT('',#9456);
#2560=VERTEX_POINT('',#9458);
#2561=VERTEX_POINT('',#9460);
#2562=VERTEX_POINT('',#9462);
#2563=VERTEX_POINT('',#9464);
#2564=VERTEX_POINT('',#9466);
#2565=VERTEX_POINT('',#9468);
#2566=VERTEX_POINT('',#9470);
#2567=VERTEX_POINT('',#9472);
#2568=VERTEX_POINT('',#9474);
#2569=VERTEX_POINT('',#9476);
#2570=VERTEX_POINT('',#9478);
#2571=VERTEX_POINT('',#9480);
#2572=VERTEX_POINT('',#9482);
#2573=VERTEX_POINT('',#9484);
#2574=VERTEX_POINT('',#9486);
#2575=VERTEX_POINT('',#9488);
#2576=VERTEX_POINT('',#9490);
#2577=VERTEX_POINT('',#9492);
#2578=VERTEX_POINT('',#9494);
#2579=VERTEX_POINT('',#9496);
#2580=VERTEX_POINT('',#9498);
#2581=VERTEX_POINT('',#9500);
#2582=VERTEX_POINT('',#9502);
#2583=VERTEX_POINT('',#9504);
#2584=VERTEX_POINT('',#9506);
#2585=VERTEX_POINT('',#9508);
#2586=VERTEX_POINT('',#9510);
#2587=VERTEX_POINT('',#9512);
#2588=VERTEX_POINT('',#9514);
#2589=VERTEX_POINT('',#9516);
#2590=VERTEX_POINT('',#9518);
#2591=VERTEX_POINT('',#9520);
#2592=VERTEX_POINT('',#9522);
#2593=VERTEX_POINT('',#9524);
#2594=VERTEX_POINT('',#9526);
#2595=VERTEX_POINT('',#9528);
#2596=VERTEX_POINT('',#9530);
#2597=VERTEX_POINT('',#9532);
#2598=VERTEX_POINT('',#9534);
#2599=VERTEX_POINT('',#9536);
#2600=VERTEX_POINT('',#9538);
#2601=VERTEX_POINT('',#9540);
#2602=VERTEX_POINT('',#9542);
#2603=VERTEX_POINT('',#9544);
#2604=VERTEX_POINT('',#9546);
#2605=VERTEX_POINT('',#9548);
#2606=VERTEX_POINT('',#9550);
#2607=VERTEX_POINT('',#9552);
#2608=VERTEX_POINT('',#9554);
#2609=VERTEX_POINT('',#9556);
#2610=VERTEX_POINT('',#9558);
#2611=VERTEX_POINT('',#9560);
#2612=VERTEX_POINT('',#9562);
#2613=VERTEX_POINT('',#9564);
#2614=VERTEX_POINT('',#9566);
#2615=VERTEX_POINT('',#9568);
#2616=VERTEX_POINT('',#9570);
#2617=VERTEX_POINT('',#9572);
#2618=VERTEX_POINT('',#9574);
#2619=VERTEX_POINT('',#9576);
#2620=VERTEX_POINT('',#9578);
#2621=VERTEX_POINT('',#9580);
#2622=VERTEX_POINT('',#9582);
#2623=VERTEX_POINT('',#9584);
#2624=VERTEX_POINT('',#9586);
#2625=VERTEX_POINT('',#9588);
#2626=VERTEX_POINT('',#9590);
#2627=VERTEX_POINT('',#9592);
#2628=VERTEX_POINT('',#9594);
#2629=VERTEX_POINT('',#9596);
#2630=VERTEX_POINT('',#9600);
#2631=VERTEX_POINT('',#9602);
#2632=VERTEX_POINT('',#9604);
#2633=VERTEX_POINT('',#9608);
#2634=VERTEX_POINT('',#9613);
#2635=VERTEX_POINT('',#9615);
#2636=VERTEX_POINT('',#9617);
#2637=VERTEX_POINT('',#9619);
#2638=VERTEX_POINT('',#9628);
#2639=VERTEX_POINT('',#9630);
#2640=VERTEX_POINT('',#9641);
#2641=VERTEX_POINT('',#9643);
#2642=VERTEX_POINT('',#9652);
#2643=VERTEX_POINT('',#9654);
#2644=VERTEX_POINT('',#9665);
#2645=VERTEX_POINT('',#9667);
#2646=VERTEX_POINT('',#9678);
#2647=VERTEX_POINT('',#9680);
#2648=VERTEX_POINT('',#9691);
#2649=VERTEX_POINT('',#9693);
#2650=VERTEX_POINT('',#9695);
#2651=VERTEX_POINT('',#9699);
#2652=VERTEX_POINT('',#9701);
#2653=VERTEX_POINT('',#9703);
#2654=VERTEX_POINT('',#9707);
#2655=VERTEX_POINT('',#9709);
#2656=VERTEX_POINT('',#9711);
#2657=VERTEX_POINT('',#9715);
#2658=VERTEX_POINT('',#9716);
#2659=VERTEX_POINT('',#9721);
#2660=VERTEX_POINT('',#9725);
#2661=VERTEX_POINT('',#9729);
#2662=VERTEX_POINT('',#9730);
#2663=VERTEX_POINT('',#9737);
#2664=VERTEX_POINT('',#9741);
#2665=VERTEX_POINT('',#9742);
#2666=VERTEX_POINT('',#9747);
#2667=VERTEX_POINT('',#9751);
#2668=VERTEX_POINT('',#9755);
#2669=VERTEX_POINT('',#9761);
#2670=VERTEX_POINT('',#9765);
#2671=VERTEX_POINT('',#9766);
#2672=VERTEX_POINT('',#9771);
#2673=VERTEX_POINT('',#9775);
#2674=VERTEX_POINT('',#9779);
#2675=VERTEX_POINT('',#9780);
#2676=VERTEX_POINT('',#9787);
#2677=VERTEX_POINT('',#9791);
#2678=VERTEX_POINT('',#9792);
#2679=VERTEX_POINT('',#9797);
#2680=VERTEX_POINT('',#9801);
#2681=VERTEX_POINT('',#9805);
#2682=VERTEX_POINT('',#9806);
#2683=VERTEX_POINT('',#9813);
#2684=VERTEX_POINT('',#9817);
#2685=VERTEX_POINT('',#9818);
#2686=VERTEX_POINT('',#9823);
#2687=VERTEX_POINT('',#9827);
#2688=VERTEX_POINT('',#9831);
#2689=VERTEX_POINT('',#9832);
#2690=VERTEX_POINT('',#9841);
#2691=VERTEX_POINT('',#9842);
#2692=VERTEX_POINT('',#9847);
#2693=VERTEX_POINT('',#9851);
#2694=VERTEX_POINT('',#9855);
#2695=VERTEX_POINT('',#9856);
#2696=VERTEX_POINT('',#9865);
#2697=VERTEX_POINT('',#9866);
#2698=VERTEX_POINT('',#9871);
#2699=VERTEX_POINT('',#9875);
#2700=VERTEX_POINT('',#9879);
#2701=VERTEX_POINT('',#9887);
#2702=VERTEX_POINT('',#9888);
#2703=VERTEX_POINT('',#9893);
#2704=VERTEX_POINT('',#9897);
#2705=VERTEX_POINT('',#9901);
#2706=VERTEX_POINT('',#9902);
#2707=VERTEX_POINT('',#9909);
#2708=VERTEX_POINT('',#9913);
#2709=VERTEX_POINT('',#9914);
#2710=VERTEX_POINT('',#9919);
#2711=VERTEX_POINT('',#9923);
#2712=VERTEX_POINT('',#9927);
#2713=VERTEX_POINT('',#9935);
#2714=VERTEX_POINT('',#9936);
#2715=VERTEX_POINT('',#9941);
#2716=VERTEX_POINT('',#9945);
#2717=VERTEX_POINT('',#9949);
#2718=VERTEX_POINT('',#9957);
#2719=VERTEX_POINT('',#9958);
#2720=VERTEX_POINT('',#9963);
#2721=VERTEX_POINT('',#9967);
#2722=VERTEX_POINT('',#9971);
#2723=VERTEX_POINT('',#9972);
#2724=VERTEX_POINT('',#9979);
#2725=VERTEX_POINT('',#9983);
#2726=VERTEX_POINT('',#9984);
#2727=VERTEX_POINT('',#9989);
#2728=VERTEX_POINT('',#9993);
#2729=VERTEX_POINT('',#9997);
#2730=VERTEX_POINT('',#9998);
#2731=VERTEX_POINT('',#10007);
#2732=VERTEX_POINT('',#10008);
#2733=VERTEX_POINT('',#10013);
#2734=VERTEX_POINT('',#10017);
#2735=VERTEX_POINT('',#10021);
#2736=VERTEX_POINT('',#10027);
#2737=VERTEX_POINT('',#10031);
#2738=VERTEX_POINT('',#10032);
#2739=VERTEX_POINT('',#10037);
#2740=VERTEX_POINT('',#10041);
#2741=VERTEX_POINT('',#10045);
#2742=VERTEX_POINT('',#10046);
#2743=VERTEX_POINT('',#10053);
#2744=VERTEX_POINT('',#10057);
#2745=VERTEX_POINT('',#10058);
#2746=VERTEX_POINT('',#10063);
#2747=VERTEX_POINT('',#10067);
#2748=VERTEX_POINT('',#10071);
#2749=VERTEX_POINT('',#10077);
#2750=VERTEX_POINT('',#10081);
#2751=VERTEX_POINT('',#10082);
#2752=VERTEX_POINT('',#10087);
#2753=VERTEX_POINT('',#10091);
#2754=VERTEX_POINT('',#10095);
#2755=VERTEX_POINT('',#10096);
#2756=VERTEX_POINT('',#10103);
#2757=VERTEX_POINT('',#10107);
#2758=VERTEX_POINT('',#10108);
#2759=VERTEX_POINT('',#10113);
#2760=VERTEX_POINT('',#10117);
#2761=VERTEX_POINT('',#10121);
#2762=VERTEX_POINT('',#10122);
#2763=VERTEX_POINT('',#10131);
#2764=VERTEX_POINT('',#10132);
#2765=VERTEX_POINT('',#10137);
#2766=VERTEX_POINT('',#10141);
#2767=VERTEX_POINT('',#10145);
#2768=VERTEX_POINT('',#10146);
#2769=VERTEX_POINT('',#10155);
#2770=VERTEX_POINT('',#10156);
#2771=VERTEX_POINT('',#10161);
#2772=VERTEX_POINT('',#10165);
#2773=VERTEX_POINT('',#10169);
#2774=VERTEX_POINT('',#10177);
#2775=VERTEX_POINT('',#10178);
#2776=VERTEX_POINT('',#10183);
#2777=VERTEX_POINT('',#10187);
#2778=VERTEX_POINT('',#10191);
#2779=VERTEX_POINT('',#10197);
#2780=VERTEX_POINT('',#10201);
#2781=VERTEX_POINT('',#10202);
#2782=VERTEX_POINT('',#10207);
#2783=VERTEX_POINT('',#10211);
#2784=VERTEX_POINT('',#10215);
#2785=VERTEX_POINT('',#10221);
#2786=VERTEX_POINT('',#10225);
#2787=VERTEX_POINT('',#10226);
#2788=VERTEX_POINT('',#10231);
#2789=VERTEX_POINT('',#10235);
#2790=VERTEX_POINT('',#10239);
#2791=VERTEX_POINT('',#10240);
#2792=VERTEX_POINT('',#10247);
#2793=VERTEX_POINT('',#10251);
#2794=VERTEX_POINT('',#10252);
#2795=VERTEX_POINT('',#10257);
#2796=VERTEX_POINT('',#10261);
#2797=VERTEX_POINT('',#10265);
#2798=VERTEX_POINT('',#10266);
#2799=VERTEX_POINT('',#10275);
#2800=VERTEX_POINT('',#10276);
#2801=VERTEX_POINT('',#10281);
#2802=VERTEX_POINT('',#10285);
#2803=VERTEX_POINT('',#10289);
#2804=VERTEX_POINT('',#10295);
#2805=VERTEX_POINT('',#10299);
#2806=VERTEX_POINT('',#10300);
#2807=VERTEX_POINT('',#10305);
#2808=VERTEX_POINT('',#10309);
#2809=VERTEX_POINT('',#10313);
#2810=VERTEX_POINT('',#10314);
#2811=VERTEX_POINT('',#10323);
#2812=VERTEX_POINT('',#10324);
#2813=VERTEX_POINT('',#10329);
#2814=VERTEX_POINT('',#10333);
#2815=VERTEX_POINT('',#10337);
#2816=VERTEX_POINT('',#10338);
#2817=VERTEX_POINT('',#10347);
#2818=VERTEX_POINT('',#10348);
#2819=VERTEX_POINT('',#10353);
#2820=VERTEX_POINT('',#10357);
#2821=VERTEX_POINT('',#10361);
#2822=VERTEX_POINT('',#10369);
#2823=VERTEX_POINT('',#10370);
#2824=VERTEX_POINT('',#10375);
#2825=VERTEX_POINT('',#10379);
#2826=VERTEX_POINT('',#10383);
#2827=VERTEX_POINT('',#10384);
#2828=VERTEX_POINT('',#10393);
#2829=VERTEX_POINT('',#10394);
#2830=VERTEX_POINT('',#10399);
#2831=VERTEX_POINT('',#10403);
#2832=VERTEX_POINT('',#10407);
#2833=VERTEX_POINT('',#10415);
#2834=VERTEX_POINT('',#10416);
#2835=VERTEX_POINT('',#10421);
#2836=VERTEX_POINT('',#10425);
#2837=VERTEX_POINT('',#10429);
#2838=VERTEX_POINT('',#10430);
#2839=VERTEX_POINT('',#10437);
#2840=VERTEX_POINT('',#10441);
#2841=VERTEX_POINT('',#10442);
#2842=VERTEX_POINT('',#10447);
#2843=VERTEX_POINT('',#10451);
#2844=VERTEX_POINT('',#10455);
#2845=VERTEX_POINT('',#10456);
#2846=VERTEX_POINT('',#10465);
#2847=VERTEX_POINT('',#10466);
#2848=VERTEX_POINT('',#10471);
#2849=VERTEX_POINT('',#10475);
#2850=VERTEX_POINT('',#10479);
#2851=VERTEX_POINT('',#10480);
#2852=VERTEX_POINT('',#10489);
#2853=VERTEX_POINT('',#10490);
#2854=VERTEX_POINT('',#10495);
#2855=VERTEX_POINT('',#10499);
#2856=VERTEX_POINT('',#10503);
#2857=VERTEX_POINT('',#10504);
#2858=VERTEX_POINT('',#10513);
#2859=VERTEX_POINT('',#10514);
#2860=VERTEX_POINT('',#10519);
#2861=VERTEX_POINT('',#10523);
#2862=VERTEX_POINT('',#10527);
#2863=VERTEX_POINT('',#10528);
#2864=VERTEX_POINT('',#10537);
#2865=VERTEX_POINT('',#10538);
#2866=VERTEX_POINT('',#10543);
#2867=VERTEX_POINT('',#10547);
#2868=VERTEX_POINT('',#10551);
#2869=VERTEX_POINT('',#10559);
#2870=VERTEX_POINT('',#10560);
#2871=VERTEX_POINT('',#10565);
#2872=VERTEX_POINT('',#10569);
#2873=VERTEX_POINT('',#10573);
#2874=VERTEX_POINT('',#10574);
#2875=VERTEX_POINT('',#10583);
#2876=VERTEX_POINT('',#10584);
#2877=VERTEX_POINT('',#10589);
#2878=VERTEX_POINT('',#10593);
#2879=VERTEX_POINT('',#10597);
#2880=VERTEX_POINT('',#10605);
#2881=VERTEX_POINT('',#10606);
#2882=VERTEX_POINT('',#10611);
#2883=VERTEX_POINT('',#10615);
#2884=VERTEX_POINT('',#10619);
#2885=VERTEX_POINT('',#10625);
#2886=VERTEX_POINT('',#10627);
#2887=VERTEX_POINT('',#10634);
#2888=VERTEX_POINT('',#10636);
#2889=VERTEX_POINT('',#10638);
#2890=VERTEX_POINT('',#10640);
#2891=VERTEX_POINT('',#10642);
#2892=VERTEX_POINT('',#10646);
#2893=VERTEX_POINT('',#10648);
#2894=VERTEX_POINT('',#10650);
#2895=VERTEX_POINT('',#10652);
#2896=VERTEX_POINT('',#10654);
#2897=VERTEX_POINT('',#10658);
#2898=VERTEX_POINT('',#10662);
#2899=VERTEX_POINT('',#10663);
#2900=VERTEX_POINT('',#10672);
#2901=VERTEX_POINT('',#10674);
#2902=VERTEX_POINT('',#10678);
#2903=VERTEX_POINT('',#10679);
#2904=VERTEX_POINT('',#10685);
#2905=VERTEX_POINT('',#10691);
#2906=VERTEX_POINT('',#10695);
#2907=VERTEX_POINT('',#10706);
#2908=VERTEX_POINT('',#10708);
#2909=VERTEX_POINT('',#10712);
#2910=VERTEX_POINT('',#10716);
#2911=VERTEX_POINT('',#10720);
#2912=VERTEX_POINT('',#10724);
#2913=VERTEX_POINT('',#10728);
#2914=VERTEX_POINT('',#10732);
#2915=VERTEX_POINT('',#10736);
#2916=VERTEX_POINT('',#10745);
#2917=VERTEX_POINT('',#10749);
#2918=VERTEX_POINT('',#10753);
#2919=VERTEX_POINT('',#10759);
#2920=VERTEX_POINT('',#10760);
#2921=VERTEX_POINT('',#10765);
#2922=VERTEX_POINT('',#10766);
#2923=VERTEX_POINT('',#10778);
#2924=VERTEX_POINT('',#10780);
#2925=VERTEX_POINT('',#10784);
#2926=VERTEX_POINT('',#10788);
#2927=VERTEX_POINT('',#10792);
#2928=VERTEX_POINT('',#10796);
#2929=VERTEX_POINT('',#10800);
#2930=VERTEX_POINT('',#10804);
#2931=VERTEX_POINT('',#10808);
#2932=VERTEX_POINT('',#10817);
#2933=VERTEX_POINT('',#10821);
#2934=VERTEX_POINT('',#10825);
#2935=VERTEX_POINT('',#10831);
#2936=VERTEX_POINT('',#10835);
#2937=VERTEX_POINT('',#10846);
#2938=VERTEX_POINT('',#10848);
#2939=VERTEX_POINT('',#10852);
#2940=VERTEX_POINT('',#10856);
#2941=VERTEX_POINT('',#10860);
#2942=VERTEX_POINT('',#10864);
#2943=VERTEX_POINT('',#10868);
#2944=VERTEX_POINT('',#10872);
#2945=VERTEX_POINT('',#10876);
#2946=VERTEX_POINT('',#10885);
#2947=VERTEX_POINT('',#10889);
#2948=VERTEX_POINT('',#10893);
#2949=VERTEX_POINT('',#10897);
#2950=VERTEX_POINT('',#10901);
#2951=VERTEX_POINT('',#10905);
#2952=VERTEX_POINT('',#10909);
#2953=VERTEX_POINT('',#10920);
#2954=VERTEX_POINT('',#10922);
#2955=VERTEX_POINT('',#10924);
#2956=VERTEX_POINT('',#10926);
#2957=VERTEX_POINT('',#10928);
#2958=VERTEX_POINT('',#10930);
#2959=VERTEX_POINT('',#10932);
#2960=VERTEX_POINT('',#10934);
#2961=VERTEX_POINT('',#10936);
#2962=VERTEX_POINT('',#10938);
#2963=VERTEX_POINT('',#10940);
#2964=VERTEX_POINT('',#10942);
#2965=VERTEX_POINT('',#10944);
#2966=VERTEX_POINT('',#10946);
#2967=VERTEX_POINT('',#10948);
#2968=VERTEX_POINT('',#10950);
#2969=VERTEX_POINT('',#11015);
#2970=VERTEX_POINT('',#11018);
#2971=VERTEX_POINT('',#11024);
#2972=VERTEX_POINT('',#11027);
#2973=VERTEX_POINT('',#11031);
#2974=VERTEX_POINT('',#11034);
#2975=VERTEX_POINT('',#11038);
#2976=VERTEX_POINT('',#11041);
#2977=VERTEX_POINT('',#11046);
#2978=VERTEX_POINT('',#11054);
#2979=VERTEX_POINT('',#11060);
#2980=VERTEX_POINT('',#11062);
#2981=VERTEX_POINT('',#11066);
#2982=VERTEX_POINT('',#11070);
#2983=VERTEX_POINT('',#11073);
#2984=VERTEX_POINT('',#11077);
#2985=VERTEX_POINT('',#11080);
#2986=VERTEX_POINT('',#11084);
#2987=VERTEX_POINT('',#11087);
#2988=VERTEX_POINT('',#11091);
#2989=VERTEX_POINT('',#11097);
#2990=VERTEX_POINT('',#11099);
#2991=VERTEX_POINT('',#11102);
#2992=VERTEX_POINT('',#11106);
#2993=EDGE_CURVE('',#2385,#2386,#1335,.T.);
#2994=EDGE_CURVE('',#2385,#2387,#947,.T.);
#2995=EDGE_CURVE('',#2388,#2387,#923,.T.);
#2996=EDGE_CURVE('',#2386,#2388,#924,.T.);
#2997=EDGE_CURVE('',#2389,#2385,#1336,.T.);
#2998=EDGE_CURVE('',#2390,#2389,#1337,.T.);
#2999=EDGE_CURVE('',#2387,#2390,#925,.T.);
#3000=EDGE_CURVE('',#2391,#2392,#1338,.T.);
#3001=EDGE_CURVE('',#2393,#2391,#948,.T.);
#3002=EDGE_CURVE('',#2394,#2393,#926,.T.);
#3003=EDGE_CURVE('',#2392,#2394,#1339,.T.);
#3004=EDGE_CURVE('',#2395,#2391,#1340,.T.);
#3005=EDGE_CURVE('',#2396,#2395,#927,.T.);
#3006=EDGE_CURVE('',#2393,#2396,#928,.T.);
#3007=EDGE_CURVE('',#2394,#2397,#949,.T.);
#3008=EDGE_CURVE('',#2397,#2396,#950,.T.);
#3009=EDGE_CURVE('',#2392,#2395,#951,.T.);
#3010=EDGE_CURVE('',#2398,#2398,#952,.T.);
#3011=EDGE_CURVE('',#2398,#2397,#953,.T.);
#3012=EDGE_CURVE('',#2390,#2399,#954,.T.);
#3013=EDGE_CURVE('',#2399,#2400,#955,.T.);
#3014=EDGE_CURVE('',#2400,#2400,#956,.T.);
#3015=EDGE_CURVE('',#2399,#2388,#957,.T.);
#3016=EDGE_CURVE('',#2389,#2386,#958,.T.);
#3017=EDGE_CURVE('',#2401,#2401,#959,.T.);
#3018=EDGE_CURVE('',#2402,#2403,#1341,.T.);
#3019=EDGE_CURVE('',#2403,#2404,#960,.T.);
#3020=EDGE_CURVE('',#2404,#2405,#1342,.T.);
#3021=EDGE_CURVE('',#2405,#2406,#961,.T.);
#3022=EDGE_CURVE('',#2406,#2407,#1343,.T.);
#3023=EDGE_CURVE('',#2407,#2408,#962,.T.);
#3024=EDGE_CURVE('',#2408,#2409,#1344,.T.);
#3025=EDGE_CURVE('',#2409,#2410,#963,.T.);
#3026=EDGE_CURVE('',#2410,#2411,#1345,.T.);
#3027=EDGE_CURVE('',#2411,#2412,#964,.T.);
#3028=EDGE_CURVE('',#2412,#2413,#1346,.T.);
#3029=EDGE_CURVE('',#2413,#2414,#965,.T.);
#3030=EDGE_CURVE('',#2414,#2415,#1347,.T.);
#3031=EDGE_CURVE('',#2415,#2416,#966,.T.);
#3032=EDGE_CURVE('',#2416,#2417,#1348,.T.);
#3033=EDGE_CURVE('',#2417,#2418,#967,.T.);
#3034=EDGE_CURVE('',#2418,#2419,#1349,.T.);
#3035=EDGE_CURVE('',#2419,#2420,#968,.T.);
#3036=EDGE_CURVE('',#2420,#2421,#1350,.T.);
#3037=EDGE_CURVE('',#2421,#2422,#969,.T.);
#3038=EDGE_CURVE('',#2422,#2423,#1351,.T.);
#3039=EDGE_CURVE('',#2423,#2424,#970,.T.);
#3040=EDGE_CURVE('',#2424,#2425,#1352,.T.);
#3041=EDGE_CURVE('',#2425,#2426,#971,.T.);
#3042=EDGE_CURVE('',#2426,#2427,#1353,.T.);
#3043=EDGE_CURVE('',#2427,#2428,#972,.T.);
#3044=EDGE_CURVE('',#2428,#2429,#1354,.T.);
#3045=EDGE_CURVE('',#2429,#2430,#973,.T.);
#3046=EDGE_CURVE('',#2430,#2431,#1355,.T.);
#3047=EDGE_CURVE('',#2431,#2432,#974,.T.);
#3048=EDGE_CURVE('',#2432,#2433,#1356,.T.);
#3049=EDGE_CURVE('',#2433,#2434,#975,.T.);
#3050=EDGE_CURVE('',#2434,#2435,#1357,.T.);
#3051=EDGE_CURVE('',#2435,#2436,#976,.T.);
#3052=EDGE_CURVE('',#2436,#2437,#1358,.T.);
#3053=EDGE_CURVE('',#2437,#2438,#977,.T.);
#3054=EDGE_CURVE('',#2438,#2439,#1359,.T.);
#3055=EDGE_CURVE('',#2439,#2440,#978,.T.);
#3056=EDGE_CURVE('',#2440,#2441,#1360,.T.);
#3057=EDGE_CURVE('',#2441,#2442,#979,.T.);
#3058=EDGE_CURVE('',#2442,#2443,#1361,.T.);
#3059=EDGE_CURVE('',#2443,#2444,#980,.T.);
#3060=EDGE_CURVE('',#2444,#2445,#1362,.T.);
#3061=EDGE_CURVE('',#2445,#2446,#981,.T.);
#3062=EDGE_CURVE('',#2446,#2447,#1363,.T.);
#3063=EDGE_CURVE('',#2447,#2448,#982,.T.);
#3064=EDGE_CURVE('',#2448,#2449,#1364,.T.);
#3065=EDGE_CURVE('',#2449,#2450,#983,.T.);
#3066=EDGE_CURVE('',#2450,#2451,#1365,.T.);
#3067=EDGE_CURVE('',#2451,#2452,#984,.T.);
#3068=EDGE_CURVE('',#2452,#2453,#1366,.T.);
#3069=EDGE_CURVE('',#2453,#2454,#985,.T.);
#3070=EDGE_CURVE('',#2454,#2455,#1367,.T.);
#3071=EDGE_CURVE('',#2455,#2456,#986,.T.);
#3072=EDGE_CURVE('',#2456,#2457,#1368,.T.);
#3073=EDGE_CURVE('',#2457,#2458,#987,.T.);
#3074=EDGE_CURVE('',#2458,#2459,#1369,.T.);
#3075=EDGE_CURVE('',#2459,#2460,#988,.T.);
#3076=EDGE_CURVE('',#2460,#2461,#1370,.T.);
#3077=EDGE_CURVE('',#2461,#2462,#989,.T.);
#3078=EDGE_CURVE('',#2462,#2463,#1371,.T.);
#3079=EDGE_CURVE('',#2463,#2464,#990,.T.);
#3080=EDGE_CURVE('',#2464,#2465,#1372,.T.);
#3081=EDGE_CURVE('',#2465,#2466,#991,.T.);
#3082=EDGE_CURVE('',#2466,#2467,#1373,.T.);
#3083=EDGE_CURVE('',#2467,#2468,#992,.T.);
#3084=EDGE_CURVE('',#2468,#2469,#1374,.T.);
#3085=EDGE_CURVE('',#2469,#2470,#993,.T.);
#3086=EDGE_CURVE('',#2470,#2471,#1375,.T.);
#3087=EDGE_CURVE('',#2471,#2472,#994,.T.);
#3088=EDGE_CURVE('',#2472,#2473,#1376,.T.);
#3089=EDGE_CURVE('',#2473,#2474,#995,.T.);
#3090=EDGE_CURVE('',#2474,#2475,#1377,.T.);
#3091=EDGE_CURVE('',#2475,#2476,#996,.T.);
#3092=EDGE_CURVE('',#2476,#2477,#1378,.T.);
#3093=EDGE_CURVE('',#2477,#2478,#997,.T.);
#3094=EDGE_CURVE('',#2478,#2479,#1379,.T.);
#3095=EDGE_CURVE('',#2479,#2480,#998,.T.);
#3096=EDGE_CURVE('',#2480,#2481,#1380,.T.);
#3097=EDGE_CURVE('',#2481,#2482,#999,.T.);
#3098=EDGE_CURVE('',#2482,#2483,#1381,.T.);
#3099=EDGE_CURVE('',#2483,#2484,#1000,.T.);
#3100=EDGE_CURVE('',#2484,#2485,#1382,.T.);
#3101=EDGE_CURVE('',#2485,#2486,#1001,.T.);
#3102=EDGE_CURVE('',#2486,#2487,#1383,.T.);
#3103=EDGE_CURVE('',#2487,#2488,#1002,.T.);
#3104=EDGE_CURVE('',#2488,#2489,#1384,.T.);
#3105=EDGE_CURVE('',#2489,#2490,#1003,.T.);
#3106=EDGE_CURVE('',#2490,#2491,#1385,.T.);
#3107=EDGE_CURVE('',#2491,#2492,#1004,.T.);
#3108=EDGE_CURVE('',#2492,#2493,#1386,.T.);
#3109=EDGE_CURVE('',#2493,#2494,#1005,.T.);
#3110=EDGE_CURVE('',#2494,#2495,#1387,.T.);
#3111=EDGE_CURVE('',#2495,#2496,#1006,.T.);
#3112=EDGE_CURVE('',#2496,#2497,#1388,.T.);
#3113=EDGE_CURVE('',#2497,#2498,#1007,.T.);
#3114=EDGE_CURVE('',#2498,#2499,#1389,.T.);
#3115=EDGE_CURVE('',#2499,#2500,#1008,.T.);
#3116=EDGE_CURVE('',#2500,#2501,#1390,.T.);
#3117=EDGE_CURVE('',#2501,#2502,#1009,.T.);
#3118=EDGE_CURVE('',#2502,#2503,#1391,.T.);
#3119=EDGE_CURVE('',#2503,#2504,#1010,.T.);
#3120=EDGE_CURVE('',#2504,#2505,#1392,.T.);
#3121=EDGE_CURVE('',#2505,#2506,#1011,.T.);
#3122=EDGE_CURVE('',#2506,#2507,#1393,.T.);
#3123=EDGE_CURVE('',#2507,#2508,#1012,.T.);
#3124=EDGE_CURVE('',#2508,#2509,#1394,.T.);
#3125=EDGE_CURVE('',#2509,#2510,#1013,.T.);
#3126=EDGE_CURVE('',#2510,#2511,#1395,.T.);
#3127=EDGE_CURVE('',#2511,#2512,#1014,.T.);
#3128=EDGE_CURVE('',#2512,#2513,#1396,.T.);
#3129=EDGE_CURVE('',#2513,#2514,#1015,.T.);
#3130=EDGE_CURVE('',#2514,#2515,#1397,.T.);
#3131=EDGE_CURVE('',#2515,#2516,#1016,.T.);
#3132=EDGE_CURVE('',#2516,#2517,#1398,.T.);
#3133=EDGE_CURVE('',#2517,#2518,#1017,.T.);
#3134=EDGE_CURVE('',#2518,#2519,#1399,.T.);
#3135=EDGE_CURVE('',#2519,#2520,#1018,.T.);
#3136=EDGE_CURVE('',#2520,#2521,#1400,.T.);
#3137=EDGE_CURVE('',#2521,#2522,#1019,.T.);
#3138=EDGE_CURVE('',#2522,#2523,#1401,.T.);
#3139=EDGE_CURVE('',#2523,#2524,#1020,.T.);
#3140=EDGE_CURVE('',#2524,#2525,#1402,.T.);
#3141=EDGE_CURVE('',#2525,#2526,#1021,.T.);
#3142=EDGE_CURVE('',#2526,#2527,#1403,.T.);
#3143=EDGE_CURVE('',#2527,#2528,#1022,.T.);
#3144=EDGE_CURVE('',#2528,#2529,#1404,.T.);
#3145=EDGE_CURVE('',#2529,#2530,#1023,.T.);
#3146=EDGE_CURVE('',#2530,#2531,#1405,.T.);
#3147=EDGE_CURVE('',#2531,#2532,#1024,.T.);
#3148=EDGE_CURVE('',#2532,#2533,#1406,.T.);
#3149=EDGE_CURVE('',#2533,#2534,#1025,.T.);
#3150=EDGE_CURVE('',#2534,#2535,#1407,.T.);
#3151=EDGE_CURVE('',#2535,#2536,#1026,.T.);
#3152=EDGE_CURVE('',#2536,#2537,#1408,.T.);
#3153=EDGE_CURVE('',#2537,#2538,#1027,.T.);
#3154=EDGE_CURVE('',#2538,#2539,#1409,.T.);
#3155=EDGE_CURVE('',#2539,#2540,#1028,.T.);
#3156=EDGE_CURVE('',#2540,#2541,#1410,.T.);
#3157=EDGE_CURVE('',#2541,#2542,#1029,.T.);
#3158=EDGE_CURVE('',#2542,#2543,#1411,.T.);
#3159=EDGE_CURVE('',#2543,#2544,#1030,.T.);
#3160=EDGE_CURVE('',#2544,#2545,#1412,.T.);
#3161=EDGE_CURVE('',#2545,#2546,#1031,.T.);
#3162=EDGE_CURVE('',#2546,#2547,#1413,.T.);
#3163=EDGE_CURVE('',#2547,#2548,#1032,.T.);
#3164=EDGE_CURVE('',#2548,#2549,#1414,.T.);
#3165=EDGE_CURVE('',#2549,#2550,#1033,.T.);
#3166=EDGE_CURVE('',#2550,#2551,#1415,.T.);
#3167=EDGE_CURVE('',#2551,#2552,#1034,.T.);
#3168=EDGE_CURVE('',#2552,#2553,#1416,.T.);
#3169=EDGE_CURVE('',#2553,#2554,#1035,.T.);
#3170=EDGE_CURVE('',#2554,#2555,#1417,.T.);
#3171=EDGE_CURVE('',#2555,#2556,#1036,.T.);
#3172=EDGE_CURVE('',#2556,#2557,#1418,.T.);
#3173=EDGE_CURVE('',#2557,#2558,#1037,.T.);
#3174=EDGE_CURVE('',#2558,#2559,#1419,.T.);
#3175=EDGE_CURVE('',#2559,#2560,#1038,.T.);
#3176=EDGE_CURVE('',#2560,#2561,#1420,.T.);
#3177=EDGE_CURVE('',#2561,#2562,#1039,.T.);
#3178=EDGE_CURVE('',#2562,#2563,#1421,.T.);
#3179=EDGE_CURVE('',#2563,#2564,#1040,.T.);
#3180=EDGE_CURVE('',#2564,#2565,#1422,.T.);
#3181=EDGE_CURVE('',#2565,#2566,#1041,.T.);
#3182=EDGE_CURVE('',#2566,#2567,#1423,.T.);
#3183=EDGE_CURVE('',#2567,#2568,#1042,.T.);
#3184=EDGE_CURVE('',#2568,#2569,#1424,.T.);
#3185=EDGE_CURVE('',#2569,#2570,#1043,.T.);
#3186=EDGE_CURVE('',#2570,#2571,#1425,.T.);
#3187=EDGE_CURVE('',#2571,#2572,#1044,.T.);
#3188=EDGE_CURVE('',#2572,#2573,#1426,.T.);
#3189=EDGE_CURVE('',#2573,#2574,#1045,.T.);
#3190=EDGE_CURVE('',#2574,#2575,#1427,.T.);
#3191=EDGE_CURVE('',#2575,#2576,#1046,.T.);
#3192=EDGE_CURVE('',#2576,#2577,#1428,.T.);
#3193=EDGE_CURVE('',#2577,#2578,#1047,.T.);
#3194=EDGE_CURVE('',#2578,#2579,#1429,.T.);
#3195=EDGE_CURVE('',#2579,#2580,#1048,.T.);
#3196=EDGE_CURVE('',#2580,#2581,#1430,.T.);
#3197=EDGE_CURVE('',#2581,#2582,#1049,.T.);
#3198=EDGE_CURVE('',#2582,#2583,#1431,.T.);
#3199=EDGE_CURVE('',#2583,#2584,#1050,.T.);
#3200=EDGE_CURVE('',#2584,#2585,#1432,.T.);
#3201=EDGE_CURVE('',#2585,#2586,#1051,.T.);
#3202=EDGE_CURVE('',#2586,#2587,#1433,.T.);
#3203=EDGE_CURVE('',#2587,#2588,#1052,.T.);
#3204=EDGE_CURVE('',#2588,#2589,#1434,.T.);
#3205=EDGE_CURVE('',#2589,#2590,#1053,.T.);
#3206=EDGE_CURVE('',#2590,#2591,#1435,.T.);
#3207=EDGE_CURVE('',#2591,#2592,#1054,.T.);
#3208=EDGE_CURVE('',#2592,#2593,#1436,.T.);
#3209=EDGE_CURVE('',#2593,#2594,#1055,.T.);
#3210=EDGE_CURVE('',#2594,#2595,#1437,.T.);
#3211=EDGE_CURVE('',#2595,#2596,#1056,.T.);
#3212=EDGE_CURVE('',#2596,#2597,#1438,.T.);
#3213=EDGE_CURVE('',#2597,#2598,#1057,.T.);
#3214=EDGE_CURVE('',#2598,#2599,#1439,.T.);
#3215=EDGE_CURVE('',#2599,#2600,#1058,.T.);
#3216=EDGE_CURVE('',#2600,#2601,#1440,.T.);
#3217=EDGE_CURVE('',#2601,#2602,#1059,.T.);
#3218=EDGE_CURVE('',#2602,#2603,#1441,.T.);
#3219=EDGE_CURVE('',#2603,#2604,#1060,.T.);
#3220=EDGE_CURVE('',#2604,#2605,#1442,.T.);
#3221=EDGE_CURVE('',#2605,#2606,#1061,.T.);
#3222=EDGE_CURVE('',#2606,#2607,#1443,.T.);
#3223=EDGE_CURVE('',#2607,#2608,#1062,.T.);
#3224=EDGE_CURVE('',#2608,#2609,#1444,.T.);
#3225=EDGE_CURVE('',#2609,#2610,#1063,.T.);
#3226=EDGE_CURVE('',#2610,#2611,#1445,.T.);
#3227=EDGE_CURVE('',#2611,#2612,#1064,.T.);
#3228=EDGE_CURVE('',#2612,#2613,#1446,.T.);
#3229=EDGE_CURVE('',#2613,#2614,#1065,.T.);
#3230=EDGE_CURVE('',#2614,#2615,#1447,.T.);
#3231=EDGE_CURVE('',#2615,#2616,#1066,.T.);
#3232=EDGE_CURVE('',#2616,#2617,#1448,.T.);
#3233=EDGE_CURVE('',#2617,#2618,#1067,.T.);
#3234=EDGE_CURVE('',#2618,#2619,#1449,.T.);
#3235=EDGE_CURVE('',#2619,#2620,#1068,.T.);
#3236=EDGE_CURVE('',#2620,#2621,#1450,.T.);
#3237=EDGE_CURVE('',#2621,#2622,#1069,.T.);
#3238=EDGE_CURVE('',#2622,#2623,#1451,.T.);
#3239=EDGE_CURVE('',#2623,#2624,#1070,.T.);
#3240=EDGE_CURVE('',#2624,#2625,#1452,.T.);
#3241=EDGE_CURVE('',#2625,#2626,#1071,.T.);
#3242=EDGE_CURVE('',#2626,#2627,#1453,.T.);
#3243=EDGE_CURVE('',#2627,#2628,#1072,.T.);
#3244=EDGE_CURVE('',#2628,#2629,#1454,.T.);
#3245=EDGE_CURVE('',#2629,#2402,#1073,.T.);
#3246=EDGE_CURVE('',#2630,#2630,#1074,.T.);
#3247=EDGE_CURVE('',#2630,#2631,#1455,.T.);
#3248=EDGE_CURVE('',#2631,#2632,#1075,.T.);
#3249=EDGE_CURVE('',#2632,#2631,#1076,.T.);
#3250=EDGE_CURVE('',#2633,#2633,#1077,.T.);
#3251=EDGE_CURVE('',#2633,#2401,#1456,.T.);
#3252=EDGE_CURVE('',#2634,#2634,#1078,.F.);
#3253=EDGE_CURVE('',#2634,#2635,#1457,.T.);
#3254=EDGE_CURVE('',#2636,#2635,#1079,.T.);
#3255=EDGE_CURVE('',#2637,#2636,#929,.T.);
#3256=EDGE_CURVE('',#2638,#2637,#1080,.T.);
#3257=EDGE_CURVE('',#2639,#2638,#930,.T.);
#3258=EDGE_CURVE('',#2640,#2639,#1081,.T.);
#3259=EDGE_CURVE('',#2641,#2640,#931,.T.);
#3260=EDGE_CURVE('',#2642,#2641,#1082,.T.);
#3261=EDGE_CURVE('',#2643,#2642,#932,.T.);
#3262=EDGE_CURVE('',#2644,#2643,#1083,.T.);
#3263=EDGE_CURVE('',#2645,#2644,#933,.T.);
#3264=EDGE_CURVE('',#2646,#2645,#1084,.T.);
#3265=EDGE_CURVE('',#2647,#2646,#934,.T.);
#3266=EDGE_CURVE('',#2635,#2647,#1085,.T.);
#3267=EDGE_CURVE('',#2648,#2644,#1086,.T.);
#3268=EDGE_CURVE('',#2648,#2649,#1087,.T.);
#3269=EDGE_CURVE('',#2649,#2650,#1088,.T.);
#3270=EDGE_CURVE('',#2650,#2645,#1089,.T.);
#3271=EDGE_CURVE('',#2651,#2640,#1090,.T.);
#3272=EDGE_CURVE('',#2651,#2652,#1091,.T.);
#3273=EDGE_CURVE('',#2652,#2653,#1092,.T.);
#3274=EDGE_CURVE('',#2653,#2641,#1093,.T.);
#3275=EDGE_CURVE('',#2654,#2636,#1094,.T.);
#3276=EDGE_CURVE('',#2654,#2655,#1095,.T.);
#3277=EDGE_CURVE('',#2655,#2656,#1096,.T.);
#3278=EDGE_CURVE('',#2656,#2637,#1097,.T.);
#3279=EDGE_CURVE('',#2657,#2658,#1458,.T.);
#3280=EDGE_CURVE('',#2657,#2409,#1459,.T.);
#3281=EDGE_CURVE('',#2658,#2408,#1460,.T.);
#3282=EDGE_CURVE('',#2659,#2657,#1098,.T.);
#3283=EDGE_CURVE('',#2659,#2410,#1461,.T.);
#3284=EDGE_CURVE('',#2660,#2659,#1462,.T.);
#3285=EDGE_CURVE('',#2411,#2660,#1463,.T.);
#3286=EDGE_CURVE('',#2661,#2662,#1464,.T.);
#3287=EDGE_CURVE('',#2661,#2407,#1465,.T.);
#3288=EDGE_CURVE('',#2662,#2406,#1466,.T.);
#3289=EDGE_CURVE('',#2658,#2661,#1099,.T.);
#3290=EDGE_CURVE('',#2663,#2660,#1100,.T.);
#3291=EDGE_CURVE('',#2663,#2412,#1467,.T.);
#3292=EDGE_CURVE('',#2664,#2665,#1468,.T.);
#3293=EDGE_CURVE('',#2664,#2415,#1469,.T.);
#3294=EDGE_CURVE('',#2665,#2414,#1470,.T.);
#3295=EDGE_CURVE('',#2666,#2664,#1101,.T.);
#3296=EDGE_CURVE('',#2666,#2416,#1471,.T.);
#3297=EDGE_CURVE('',#2667,#2666,#1472,.T.);
#3298=EDGE_CURVE('',#2417,#2667,#1473,.T.);
#3299=EDGE_CURVE('',#2668,#2663,#1474,.T.);
#3300=EDGE_CURVE('',#2668,#2413,#1475,.T.);
#3301=EDGE_CURVE('',#2665,#2668,#1102,.T.);
#3302=EDGE_CURVE('',#2669,#2667,#1103,.T.);
#3303=EDGE_CURVE('',#2669,#2418,#1476,.T.);
#3304=EDGE_CURVE('',#2670,#2671,#1477,.T.);
#3305=EDGE_CURVE('',#2670,#2439,#1478,.T.);
#3306=EDGE_CURVE('',#2671,#2438,#1479,.T.);
#3307=EDGE_CURVE('',#2672,#2670,#1104,.T.);
#3308=EDGE_CURVE('',#2672,#2440,#1480,.T.);
#3309=EDGE_CURVE('',#2673,#2672,#1481,.T.);
#3310=EDGE_CURVE('',#2441,#2673,#1482,.T.);
#3311=EDGE_CURVE('',#2674,#2675,#1483,.T.);
#3312=EDGE_CURVE('',#2674,#2437,#1484,.T.);
#3313=EDGE_CURVE('',#2675,#2436,#1485,.T.);
#3314=EDGE_CURVE('',#2671,#2674,#1105,.T.);
#3315=EDGE_CURVE('',#2676,#2673,#1106,.T.);
#3316=EDGE_CURVE('',#2676,#2442,#1486,.T.);
#3317=EDGE_CURVE('',#2677,#2678,#1487,.T.);
#3318=EDGE_CURVE('',#2677,#2463,#1488,.T.);
#3319=EDGE_CURVE('',#2678,#2462,#1489,.T.);
#3320=EDGE_CURVE('',#2679,#2677,#1107,.T.);
#3321=EDGE_CURVE('',#2679,#2464,#1490,.T.);
#3322=EDGE_CURVE('',#2680,#2679,#1491,.T.);
#3323=EDGE_CURVE('',#2465,#2680,#1492,.T.);
#3324=EDGE_CURVE('',#2681,#2682,#1493,.T.);
#3325=EDGE_CURVE('',#2681,#2461,#1494,.T.);
#3326=EDGE_CURVE('',#2682,#2460,#1495,.T.);
#3327=EDGE_CURVE('',#2678,#2681,#1108,.T.);
#3328=EDGE_CURVE('',#2683,#2680,#1109,.T.);
#3329=EDGE_CURVE('',#2683,#2466,#1496,.T.);
#3330=EDGE_CURVE('',#2684,#2685,#1497,.T.);
#3331=EDGE_CURVE('',#2684,#2457,#1498,.T.);
#3332=EDGE_CURVE('',#2685,#2456,#1499,.T.);
#3333=EDGE_CURVE('',#2686,#2684,#1110,.T.);
#3334=EDGE_CURVE('',#2686,#2458,#1500,.T.);
#3335=EDGE_CURVE('',#2687,#2686,#1501,.T.);
#3336=EDGE_CURVE('',#2459,#2687,#1502,.T.);
#3337=EDGE_CURVE('',#2688,#2689,#1503,.T.);
#3338=EDGE_CURVE('',#2688,#2455,#1504,.T.);
#3339=EDGE_CURVE('',#2689,#2454,#1505,.T.);
#3340=EDGE_CURVE('',#2685,#2688,#1111,.T.);
#3341=EDGE_CURVE('',#2682,#2687,#1112,.T.);
#3342=EDGE_CURVE('',#2690,#2691,#1506,.T.);
#3343=EDGE_CURVE('',#2690,#2451,#1507,.T.);
#3344=EDGE_CURVE('',#2691,#2450,#1508,.T.);
#3345=EDGE_CURVE('',#2692,#2690,#1113,.T.);
#3346=EDGE_CURVE('',#2692,#2452,#1509,.T.);
#3347=EDGE_CURVE('',#2693,#2692,#1510,.T.);
#3348=EDGE_CURVE('',#2453,#2693,#1511,.T.);
#3349=EDGE_CURVE('',#2694,#2695,#1512,.T.);
#3350=EDGE_CURVE('',#2694,#2449,#1513,.T.);
#3351=EDGE_CURVE('',#2695,#2448,#1514,.T.);
#3352=EDGE_CURVE('',#2691,#2694,#1114,.T.);
#3353=EDGE_CURVE('',#2689,#2693,#1115,.T.);
#3354=EDGE_CURVE('',#2696,#2697,#1515,.T.);
#3355=EDGE_CURVE('',#2696,#2445,#1516,.T.);
#3356=EDGE_CURVE('',#2697,#2444,#1517,.T.);
#3357=EDGE_CURVE('',#2698,#2696,#1116,.T.);
#3358=EDGE_CURVE('',#2698,#2446,#1518,.T.);
#3359=EDGE_CURVE('',#2699,#2698,#1519,.T.);
#3360=EDGE_CURVE('',#2447,#2699,#1520,.T.);
#3361=EDGE_CURVE('',#2700,#2676,#1521,.T.);
#3362=EDGE_CURVE('',#2700,#2443,#1522,.T.);
#3363=EDGE_CURVE('',#2697,#2700,#1117,.T.);
#3364=EDGE_CURVE('',#2695,#2699,#1118,.T.);
#3365=EDGE_CURVE('',#2701,#2702,#1523,.T.);
#3366=EDGE_CURVE('',#2701,#2427,#1524,.T.);
#3367=EDGE_CURVE('',#2702,#2426,#1525,.T.);
#3368=EDGE_CURVE('',#2703,#2701,#1119,.T.);
#3369=EDGE_CURVE('',#2703,#2428,#1526,.T.);
#3370=EDGE_CURVE('',#2704,#2703,#1527,.T.);
#3371=EDGE_CURVE('',#2429,#2704,#1528,.T.);
#3372=EDGE_CURVE('',#2705,#2706,#1529,.T.);
#3373=EDGE_CURVE('',#2705,#2425,#1530,.T.);
#3374=EDGE_CURVE('',#2706,#2424,#1531,.T.);
#3375=EDGE_CURVE('',#2702,#2705,#1120,.T.);
#3376=EDGE_CURVE('',#2707,#2704,#1121,.T.);
#3377=EDGE_CURVE('',#2707,#2430,#1532,.T.);
#3378=EDGE_CURVE('',#2708,#2709,#1533,.T.);
#3379=EDGE_CURVE('',#2708,#2433,#1534,.T.);
#3380=EDGE_CURVE('',#2709,#2432,#1535,.T.);
#3381=EDGE_CURVE('',#2710,#2708,#1122,.T.);
#3382=EDGE_CURVE('',#2710,#2434,#1536,.T.);
#3383=EDGE_CURVE('',#2711,#2710,#1537,.T.);
#3384=EDGE_CURVE('',#2435,#2711,#1538,.T.);
#3385=EDGE_CURVE('',#2712,#2707,#1539,.T.);
#3386=EDGE_CURVE('',#2712,#2431,#1540,.T.);
#3387=EDGE_CURVE('',#2709,#2712,#1123,.T.);
#3388=EDGE_CURVE('',#2675,#2711,#1124,.T.);
#3389=EDGE_CURVE('',#2713,#2714,#1541,.T.);
#3390=EDGE_CURVE('',#2713,#2421,#1542,.T.);
#3391=EDGE_CURVE('',#2714,#2420,#1543,.T.);
#3392=EDGE_CURVE('',#2715,#2713,#1125,.T.);
#3393=EDGE_CURVE('',#2715,#2422,#1544,.T.);
#3394=EDGE_CURVE('',#2716,#2715,#1545,.T.);
#3395=EDGE_CURVE('',#2423,#2716,#1546,.T.);
#3396=EDGE_CURVE('',#2717,#2669,#1547,.T.);
#3397=EDGE_CURVE('',#2717,#2419,#1548,.T.);
#3398=EDGE_CURVE('',#2714,#2717,#1126,.T.);
#3399=EDGE_CURVE('',#2706,#2716,#1127,.T.);
#3400=EDGE_CURVE('',#2718,#2719,#1549,.T.);
#3401=EDGE_CURVE('',#2718,#2619,#1550,.T.);
#3402=EDGE_CURVE('',#2719,#2618,#1551,.T.);
#3403=EDGE_CURVE('',#2720,#2718,#1128,.T.);
#3404=EDGE_CURVE('',#2720,#2620,#1552,.T.);
#3405=EDGE_CURVE('',#2721,#2720,#1553,.T.);
#3406=EDGE_CURVE('',#2621,#2721,#1554,.T.);
#3407=EDGE_CURVE('',#2722,#2723,#1555,.T.);
#3408=EDGE_CURVE('',#2722,#2617,#1556,.T.);
#3409=EDGE_CURVE('',#2723,#2616,#1557,.T.);
#3410=EDGE_CURVE('',#2719,#2722,#1129,.T.);
#3411=EDGE_CURVE('',#2724,#2721,#1130,.T.);
#3412=EDGE_CURVE('',#2724,#2622,#1558,.T.);
#3413=EDGE_CURVE('',#2725,#2726,#1559,.T.);
#3414=EDGE_CURVE('',#2725,#2613,#1560,.T.);
#3415=EDGE_CURVE('',#2726,#2612,#1561,.T.);
#3416=EDGE_CURVE('',#2727,#2725,#1131,.T.);
#3417=EDGE_CURVE('',#2727,#2614,#1562,.T.);
#3418=EDGE_CURVE('',#2728,#2727,#1563,.T.);
#3419=EDGE_CURVE('',#2615,#2728,#1564,.T.);
#3420=EDGE_CURVE('',#2729,#2730,#1565,.T.);
#3421=EDGE_CURVE('',#2729,#2611,#1566,.T.);
#3422=EDGE_CURVE('',#2730,#2610,#1567,.T.);
#3423=EDGE_CURVE('',#2726,#2729,#1132,.T.);
#3424=EDGE_CURVE('',#2723,#2728,#1133,.T.);
#3425=EDGE_CURVE('',#2731,#2732,#1568,.T.);
#3426=EDGE_CURVE('',#2731,#2625,#1569,.T.);
#3427=EDGE_CURVE('',#2732,#2624,#1570,.T.);
#3428=EDGE_CURVE('',#2733,#2731,#1134,.T.);
#3429=EDGE_CURVE('',#2733,#2626,#1571,.T.);
#3430=EDGE_CURVE('',#2734,#2733,#1572,.T.);
#3431=EDGE_CURVE('',#2627,#2734,#1573,.T.);
#3432=EDGE_CURVE('',#2735,#2724,#1574,.T.);
#3433=EDGE_CURVE('',#2735,#2623,#1575,.T.);
#3434=EDGE_CURVE('',#2732,#2735,#1135,.T.);
#3435=EDGE_CURVE('',#2736,#2734,#1136,.T.);
#3436=EDGE_CURVE('',#2736,#2628,#1576,.T.);
#3437=EDGE_CURVE('',#2737,#2738,#1577,.T.);
#3438=EDGE_CURVE('',#2737,#2529,#1578,.T.);
#3439=EDGE_CURVE('',#2738,#2528,#1579,.T.);
#3440=EDGE_CURVE('',#2739,#2737,#1137,.T.);
#3441=EDGE_CURVE('',#2739,#2530,#1580,.T.);
#3442=EDGE_CURVE('',#2740,#2739,#1581,.T.);
#3443=EDGE_CURVE('',#2531,#2740,#1582,.T.);
#3444=EDGE_CURVE('',#2741,#2742,#1583,.T.);
#3445=EDGE_CURVE('',#2741,#2527,#1584,.T.);
#3446=EDGE_CURVE('',#2742,#2526,#1585,.T.);
#3447=EDGE_CURVE('',#2738,#2741,#1138,.T.);
#3448=EDGE_CURVE('',#2743,#2740,#1139,.T.);
#3449=EDGE_CURVE('',#2743,#2532,#1586,.T.);
#3450=EDGE_CURVE('',#2744,#2745,#1587,.T.);
#3451=EDGE_CURVE('',#2744,#2535,#1588,.T.);
#3452=EDGE_CURVE('',#2745,#2534,#1589,.T.);
#3453=EDGE_CURVE('',#2746,#2744,#1140,.T.);
#3454=EDGE_CURVE('',#2746,#2536,#1590,.T.);
#3455=EDGE_CURVE('',#2747,#2746,#1591,.T.);
#3456=EDGE_CURVE('',#2537,#2747,#1592,.T.);
#3457=EDGE_CURVE('',#2748,#2743,#1593,.T.);
#3458=EDGE_CURVE('',#2748,#2533,#1594,.T.);
#3459=EDGE_CURVE('',#2745,#2748,#1141,.T.);
#3460=EDGE_CURVE('',#2749,#2747,#1142,.T.);
#3461=EDGE_CURVE('',#2749,#2538,#1595,.T.);
#3462=EDGE_CURVE('',#2750,#2751,#1596,.T.);
#3463=EDGE_CURVE('',#2750,#2547,#1597,.T.);
#3464=EDGE_CURVE('',#2751,#2546,#1598,.T.);
#3465=EDGE_CURVE('',#2752,#2750,#1143,.T.);
#3466=EDGE_CURVE('',#2752,#2548,#1599,.T.);
#3467=EDGE_CURVE('',#2753,#2752,#1600,.T.);
#3468=EDGE_CURVE('',#2549,#2753,#1601,.T.);
#3469=EDGE_CURVE('',#2754,#2755,#1602,.T.);
#3470=EDGE_CURVE('',#2754,#2545,#1603,.T.);
#3471=EDGE_CURVE('',#2755,#2544,#1604,.T.);
#3472=EDGE_CURVE('',#2751,#2754,#1144,.T.);
#3473=EDGE_CURVE('',#2756,#2753,#1145,.T.);
#3474=EDGE_CURVE('',#2756,#2550,#1605,.T.);
#3475=EDGE_CURVE('',#2757,#2758,#1606,.T.);
#3476=EDGE_CURVE('',#2757,#2523,#1607,.T.);
#3477=EDGE_CURVE('',#2758,#2522,#1608,.T.);
#3478=EDGE_CURVE('',#2759,#2757,#1146,.T.);
#3479=EDGE_CURVE('',#2759,#2524,#1609,.T.);
#3480=EDGE_CURVE('',#2760,#2759,#1610,.T.);
#3481=EDGE_CURVE('',#2525,#2760,#1611,.T.);
#3482=EDGE_CURVE('',#2761,#2762,#1612,.T.);
#3483=EDGE_CURVE('',#2761,#2521,#1613,.T.);
#3484=EDGE_CURVE('',#2762,#2520,#1614,.T.);
#3485=EDGE_CURVE('',#2758,#2761,#1147,.T.);
#3486=EDGE_CURVE('',#2742,#2760,#1148,.T.);
#3487=EDGE_CURVE('',#2763,#2764,#1615,.T.);
#3488=EDGE_CURVE('',#2763,#2517,#1616,.T.);
#3489=EDGE_CURVE('',#2764,#2516,#1617,.T.);
#3490=EDGE_CURVE('',#2765,#2763,#1149,.T.);
#3491=EDGE_CURVE('',#2765,#2518,#1618,.T.);
#3492=EDGE_CURVE('',#2766,#2765,#1619,.T.);
#3493=EDGE_CURVE('',#2519,#2766,#1620,.T.);
#3494=EDGE_CURVE('',#2767,#2768,#1621,.T.);
#3495=EDGE_CURVE('',#2767,#2515,#1622,.T.);
#3496=EDGE_CURVE('',#2768,#2514,#1623,.T.);
#3497=EDGE_CURVE('',#2764,#2767,#1150,.T.);
#3498=EDGE_CURVE('',#2762,#2766,#1151,.T.);
#3499=EDGE_CURVE('',#2769,#2770,#1624,.T.);
#3500=EDGE_CURVE('',#2769,#2541,#1625,.T.);
#3501=EDGE_CURVE('',#2770,#2540,#1626,.T.);
#3502=EDGE_CURVE('',#2771,#2769,#1152,.T.);
#3503=EDGE_CURVE('',#2771,#2542,#1627,.T.);
#3504=EDGE_CURVE('',#2772,#2771,#1628,.T.);
#3505=EDGE_CURVE('',#2543,#2772,#1629,.T.);
#3506=EDGE_CURVE('',#2773,#2749,#1630,.T.);
#3507=EDGE_CURVE('',#2773,#2539,#1631,.T.);
#3508=EDGE_CURVE('',#2770,#2773,#1153,.T.);
#3509=EDGE_CURVE('',#2755,#2772,#1154,.T.);
#3510=EDGE_CURVE('',#2774,#2775,#1632,.T.);
#3511=EDGE_CURVE('',#2774,#2553,#1633,.T.);
#3512=EDGE_CURVE('',#2775,#2552,#1634,.T.);
#3513=EDGE_CURVE('',#2776,#2774,#1155,.T.);
#3514=EDGE_CURVE('',#2776,#2554,#1635,.T.);
#3515=EDGE_CURVE('',#2777,#2776,#1636,.T.);
#3516=EDGE_CURVE('',#2555,#2777,#1637,.T.);
#3517=EDGE_CURVE('',#2778,#2756,#1638,.T.);
#3518=EDGE_CURVE('',#2778,#2551,#1639,.T.);
#3519=EDGE_CURVE('',#2775,#2778,#1156,.T.);
#3520=EDGE_CURVE('',#2779,#2777,#1157,.T.);
#3521=EDGE_CURVE('',#2779,#2556,#1640,.T.);
#3522=EDGE_CURVE('',#2780,#2781,#1641,.T.);
#3523=EDGE_CURVE('',#2780,#2559,#1642,.T.);
#3524=EDGE_CURVE('',#2781,#2558,#1643,.T.);
#3525=EDGE_CURVE('',#2782,#2780,#1158,.T.);
#3526=EDGE_CURVE('',#2782,#2560,#1644,.T.);
#3527=EDGE_CURVE('',#2783,#2782,#1645,.T.);
#3528=EDGE_CURVE('',#2561,#2783,#1646,.T.);
#3529=EDGE_CURVE('',#2784,#2779,#1647,.T.);
#3530=EDGE_CURVE('',#2784,#2557,#1648,.T.);
#3531=EDGE_CURVE('',#2781,#2784,#1159,.T.);
#3532=EDGE_CURVE('',#2785,#2783,#1160,.T.);
#3533=EDGE_CURVE('',#2785,#2562,#1649,.T.);
#3534=EDGE_CURVE('',#2786,#2787,#1650,.T.);
#3535=EDGE_CURVE('',#2786,#2595,#1651,.T.);
#3536=EDGE_CURVE('',#2787,#2594,#1652,.T.);
#3537=EDGE_CURVE('',#2788,#2786,#1161,.T.);
#3538=EDGE_CURVE('',#2788,#2596,#1653,.T.);
#3539=EDGE_CURVE('',#2789,#2788,#1654,.T.);
#3540=EDGE_CURVE('',#2597,#2789,#1655,.T.);
#3541=EDGE_CURVE('',#2790,#2791,#1656,.T.);
#3542=EDGE_CURVE('',#2790,#2593,#1657,.T.);
#3543=EDGE_CURVE('',#2791,#2592,#1658,.T.);
#3544=EDGE_CURVE('',#2787,#2790,#1162,.T.);
#3545=EDGE_CURVE('',#2792,#2789,#1163,.T.);
#3546=EDGE_CURVE('',#2792,#2598,#1659,.T.);
#3547=EDGE_CURVE('',#2793,#2794,#1660,.T.);
#3548=EDGE_CURVE('',#2793,#2589,#1661,.T.);
#3549=EDGE_CURVE('',#2794,#2588,#1662,.T.);
#3550=EDGE_CURVE('',#2795,#2793,#1164,.T.);
#3551=EDGE_CURVE('',#2795,#2590,#1663,.T.);
#3552=EDGE_CURVE('',#2796,#2795,#1664,.T.);
#3553=EDGE_CURVE('',#2591,#2796,#1665,.T.);
#3554=EDGE_CURVE('',#2797,#2798,#1666,.T.);
#3555=EDGE_CURVE('',#2797,#2587,#1667,.T.);
#3556=EDGE_CURVE('',#2798,#2586,#1668,.T.);
#3557=EDGE_CURVE('',#2794,#2797,#1165,.T.);
#3558=EDGE_CURVE('',#2791,#2796,#1166,.T.);
#3559=EDGE_CURVE('',#2799,#2800,#1669,.T.);
#3560=EDGE_CURVE('',#2799,#2565,#1670,.T.);
#3561=EDGE_CURVE('',#2800,#2564,#1671,.T.);
#3562=EDGE_CURVE('',#2801,#2799,#1167,.T.);
#3563=EDGE_CURVE('',#2801,#2566,#1672,.T.);
#3564=EDGE_CURVE('',#2802,#2801,#1673,.T.);
#3565=EDGE_CURVE('',#2567,#2802,#1674,.T.);
#3566=EDGE_CURVE('',#2803,#2785,#1675,.T.);
#3567=EDGE_CURVE('',#2803,#2563,#1676,.T.);
#3568=EDGE_CURVE('',#2800,#2803,#1168,.T.);
#3569=EDGE_CURVE('',#2804,#2802,#1169,.T.);
#3570=EDGE_CURVE('',#2804,#2568,#1677,.T.);
#3571=EDGE_CURVE('',#2805,#2806,#1678,.T.);
#3572=EDGE_CURVE('',#2805,#2583,#1679,.T.);
#3573=EDGE_CURVE('',#2806,#2582,#1680,.T.);
#3574=EDGE_CURVE('',#2807,#2805,#1170,.T.);
#3575=EDGE_CURVE('',#2807,#2584,#1681,.T.);
#3576=EDGE_CURVE('',#2808,#2807,#1682,.T.);
#3577=EDGE_CURVE('',#2585,#2808,#1683,.T.);
#3578=EDGE_CURVE('',#2809,#2810,#1684,.T.);
#3579=EDGE_CURVE('',#2809,#2581,#1685,.T.);
#3580=EDGE_CURVE('',#2810,#2580,#1686,.T.);
#3581=EDGE_CURVE('',#2806,#2809,#1171,.T.);
#3582=EDGE_CURVE('',#2798,#2808,#1172,.T.);
#3583=EDGE_CURVE('',#2811,#2812,#1687,.T.);
#3584=EDGE_CURVE('',#2811,#2607,#1688,.T.);
#3585=EDGE_CURVE('',#2812,#2606,#1689,.T.);
#3586=EDGE_CURVE('',#2813,#2811,#1173,.T.);
#3587=EDGE_CURVE('',#2813,#2608,#1690,.T.);
#3588=EDGE_CURVE('',#2814,#2813,#1691,.T.);
#3589=EDGE_CURVE('',#2609,#2814,#1692,.T.);
#3590=EDGE_CURVE('',#2815,#2816,#1693,.T.);
#3591=EDGE_CURVE('',#2815,#2605,#1694,.T.);
#3592=EDGE_CURVE('',#2816,#2604,#1695,.T.);
#3593=EDGE_CURVE('',#2812,#2815,#1174,.T.);
#3594=EDGE_CURVE('',#2730,#2814,#1175,.T.);
#3595=EDGE_CURVE('',#2817,#2818,#1696,.T.);
#3596=EDGE_CURVE('',#2817,#2601,#1697,.T.);
#3597=EDGE_CURVE('',#2818,#2600,#1698,.T.);
#3598=EDGE_CURVE('',#2819,#2817,#1176,.T.);
#3599=EDGE_CURVE('',#2819,#2602,#1699,.T.);
#3600=EDGE_CURVE('',#2820,#2819,#1700,.T.);
#3601=EDGE_CURVE('',#2603,#2820,#1701,.T.);
#3602=EDGE_CURVE('',#2821,#2792,#1702,.T.);
#3603=EDGE_CURVE('',#2821,#2599,#1703,.T.);
#3604=EDGE_CURVE('',#2818,#2821,#1177,.T.);
#3605=EDGE_CURVE('',#2816,#2820,#1178,.T.);
#3606=EDGE_CURVE('',#2822,#2823,#1704,.T.);
#3607=EDGE_CURVE('',#2822,#2577,#1705,.T.);
#3608=EDGE_CURVE('',#2823,#2576,#1706,.T.);
#3609=EDGE_CURVE('',#2824,#2822,#1179,.T.);
#3610=EDGE_CURVE('',#2824,#2578,#1707,.T.);
#3611=EDGE_CURVE('',#2825,#2824,#1708,.T.);
#3612=EDGE_CURVE('',#2579,#2825,#1709,.T.);
#3613=EDGE_CURVE('',#2826,#2827,#1710,.T.);
#3614=EDGE_CURVE('',#2826,#2575,#1711,.T.);
#3615=EDGE_CURVE('',#2827,#2574,#1712,.T.);
#3616=EDGE_CURVE('',#2823,#2826,#1180,.T.);
#3617=EDGE_CURVE('',#2810,#2825,#1181,.T.);
#3618=EDGE_CURVE('',#2828,#2829,#1713,.T.);
#3619=EDGE_CURVE('',#2828,#2571,#1714,.T.);
#3620=EDGE_CURVE('',#2829,#2570,#1715,.T.);
#3621=EDGE_CURVE('',#2830,#2828,#1182,.T.);
#3622=EDGE_CURVE('',#2830,#2572,#1716,.T.);
#3623=EDGE_CURVE('',#2831,#2830,#1717,.T.);
#3624=EDGE_CURVE('',#2573,#2831,#1718,.T.);
#3625=EDGE_CURVE('',#2832,#2804,#1719,.T.);
#3626=EDGE_CURVE('',#2832,#2569,#1720,.T.);
#3627=EDGE_CURVE('',#2829,#2832,#1183,.T.);
#3628=EDGE_CURVE('',#2827,#2831,#1184,.T.);
#3629=EDGE_CURVE('',#2833,#2834,#1721,.T.);
#3630=EDGE_CURVE('',#2833,#2499,#1722,.T.);
#3631=EDGE_CURVE('',#2834,#2498,#1723,.T.);
#3632=EDGE_CURVE('',#2835,#2833,#1185,.T.);
#3633=EDGE_CURVE('',#2835,#2500,#1724,.T.);
#3634=EDGE_CURVE('',#2836,#2835,#1725,.T.);
#3635=EDGE_CURVE('',#2501,#2836,#1726,.T.);
#3636=EDGE_CURVE('',#2837,#2838,#1727,.T.);
#3637=EDGE_CURVE('',#2837,#2497,#1728,.T.);
#3638=EDGE_CURVE('',#2838,#2496,#1729,.T.);
#3639=EDGE_CURVE('',#2834,#2837,#1186,.T.);
#3640=EDGE_CURVE('',#2839,#2836,#1187,.T.);
#3641=EDGE_CURVE('',#2839,#2502,#1730,.T.);
#3642=EDGE_CURVE('',#2840,#2841,#1731,.T.);
#3643=EDGE_CURVE('',#2840,#2493,#1732,.T.);
#3644=EDGE_CURVE('',#2841,#2492,#1733,.T.);
#3645=EDGE_CURVE('',#2842,#2840,#1188,.T.);
#3646=EDGE_CURVE('',#2842,#2494,#1734,.T.);
#3647=EDGE_CURVE('',#2843,#2842,#1735,.T.);
#3648=EDGE_CURVE('',#2495,#2843,#1736,.T.);
#3649=EDGE_CURVE('',#2844,#2845,#1737,.T.);
#3650=EDGE_CURVE('',#2844,#2491,#1738,.T.);
#3651=EDGE_CURVE('',#2845,#2490,#1739,.T.);
#3652=EDGE_CURVE('',#2841,#2844,#1189,.T.);
#3653=EDGE_CURVE('',#2838,#2843,#1190,.T.);
#3654=EDGE_CURVE('',#2846,#2847,#1740,.T.);
#3655=EDGE_CURVE('',#2846,#2487,#1741,.T.);
#3656=EDGE_CURVE('',#2847,#2486,#1742,.T.);
#3657=EDGE_CURVE('',#2848,#2846,#1191,.T.);
#3658=EDGE_CURVE('',#2848,#2488,#1743,.T.);
#3659=EDGE_CURVE('',#2849,#2848,#1744,.T.);
#3660=EDGE_CURVE('',#2489,#2849,#1745,.T.);
#3661=EDGE_CURVE('',#2850,#2851,#1746,.T.);
#3662=EDGE_CURVE('',#2850,#2485,#1747,.T.);
#3663=EDGE_CURVE('',#2851,#2484,#1748,.T.);
#3664=EDGE_CURVE('',#2847,#2850,#1192,.T.);
#3665=EDGE_CURVE('',#2845,#2849,#1193,.T.);
#3666=EDGE_CURVE('',#2852,#2853,#1749,.T.);
#3667=EDGE_CURVE('',#2852,#2481,#1750,.T.);
#3668=EDGE_CURVE('',#2853,#2480,#1751,.T.);
#3669=EDGE_CURVE('',#2854,#2852,#1194,.T.);
#3670=EDGE_CURVE('',#2854,#2482,#1752,.T.);
#3671=EDGE_CURVE('',#2855,#2854,#1753,.T.);
#3672=EDGE_CURVE('',#2483,#2855,#1754,.T.);
#3673=EDGE_CURVE('',#2856,#2857,#1755,.T.);
#3674=EDGE_CURVE('',#2856,#2479,#1756,.T.);
#3675=EDGE_CURVE('',#2857,#2478,#1757,.T.);
#3676=EDGE_CURVE('',#2853,#2856,#1195,.T.);
#3677=EDGE_CURVE('',#2851,#2855,#1196,.T.);
#3678=EDGE_CURVE('',#2858,#2859,#1758,.T.);
#3679=EDGE_CURVE('',#2858,#2475,#1759,.T.);
#3680=EDGE_CURVE('',#2859,#2474,#1760,.T.);
#3681=EDGE_CURVE('',#2860,#2858,#1197,.T.);
#3682=EDGE_CURVE('',#2860,#2476,#1761,.T.);
#3683=EDGE_CURVE('',#2861,#2860,#1762,.T.);
#3684=EDGE_CURVE('',#2477,#2861,#1763,.T.);
#3685=EDGE_CURVE('',#2862,#2863,#1764,.T.);
#3686=EDGE_CURVE('',#2862,#2473,#1765,.T.);
#3687=EDGE_CURVE('',#2863,#2472,#1766,.T.);
#3688=EDGE_CURVE('',#2859,#2862,#1198,.T.);
#3689=EDGE_CURVE('',#2857,#2861,#1199,.T.);
#3690=EDGE_CURVE('',#2864,#2865,#1767,.T.);
#3691=EDGE_CURVE('',#2864,#2469,#1768,.T.);
#3692=EDGE_CURVE('',#2865,#2468,#1769,.T.);
#3693=EDGE_CURVE('',#2866,#2864,#1200,.T.);
#3694=EDGE_CURVE('',#2866,#2470,#1770,.T.);
#3695=EDGE_CURVE('',#2867,#2866,#1771,.T.);
#3696=EDGE_CURVE('',#2471,#2867,#1772,.T.);
#3697=EDGE_CURVE('',#2868,#2683,#1773,.T.);
#3698=EDGE_CURVE('',#2868,#2467,#1774,.T.);
#3699=EDGE_CURVE('',#2865,#2868,#1201,.T.);
#3700=EDGE_CURVE('',#2863,#2867,#1202,.T.);
#3701=EDGE_CURVE('',#2869,#2870,#1775,.T.);
#3702=EDGE_CURVE('',#2869,#2511,#1776,.T.);
#3703=EDGE_CURVE('',#2870,#2510,#1777,.T.);
#3704=EDGE_CURVE('',#2871,#2869,#1203,.T.);
#3705=EDGE_CURVE('',#2871,#2512,#1778,.T.);
#3706=EDGE_CURVE('',#2872,#2871,#1779,.T.);
#3707=EDGE_CURVE('',#2513,#2872,#1780,.T.);
#3708=EDGE_CURVE('',#2873,#2874,#1781,.T.);
#3709=EDGE_CURVE('',#2873,#2509,#1782,.T.);
#3710=EDGE_CURVE('',#2874,#2508,#1783,.T.);
#3711=EDGE_CURVE('',#2870,#2873,#1204,.T.);
#3712=EDGE_CURVE('',#2768,#2872,#1205,.T.);
#3713=EDGE_CURVE('',#2875,#2876,#1784,.T.);
#3714=EDGE_CURVE('',#2875,#2505,#1785,.T.);
#3715=EDGE_CURVE('',#2876,#2504,#1786,.T.);
#3716=EDGE_CURVE('',#2877,#2875,#1206,.T.);
#3717=EDGE_CURVE('',#2877,#2506,#1787,.T.);
#3718=EDGE_CURVE('',#2878,#2877,#1788,.T.);
#3719=EDGE_CURVE('',#2507,#2878,#1789,.T.);
#3720=EDGE_CURVE('',#2879,#2839,#1790,.T.);
#3721=EDGE_CURVE('',#2879,#2503,#1791,.T.);
#3722=EDGE_CURVE('',#2876,#2879,#1207,.T.);
#3723=EDGE_CURVE('',#2874,#2878,#1208,.T.);
#3724=EDGE_CURVE('',#2880,#2881,#1792,.T.);
#3725=EDGE_CURVE('',#2880,#2403,#1793,.T.);
#3726=EDGE_CURVE('',#2881,#2402,#1794,.T.);
#3727=EDGE_CURVE('',#2882,#2880,#1209,.T.);
#3728=EDGE_CURVE('',#2882,#2404,#1795,.T.);
#3729=EDGE_CURVE('',#2883,#2882,#1796,.T.);
#3730=EDGE_CURVE('',#2405,#2883,#1797,.T.);
#3731=EDGE_CURVE('',#2884,#2736,#1798,.T.);
#3732=EDGE_CURVE('',#2884,#2629,#1799,.T.);
#3733=EDGE_CURVE('',#2881,#2884,#1210,.T.);
#3734=EDGE_CURVE('',#2632,#2885,#1800,.T.);
#3735=EDGE_CURVE('',#2885,#2886,#1211,.T.);
#3736=EDGE_CURVE('',#2886,#2885,#1212,.T.);
#3737=EDGE_CURVE('',#2662,#2883,#1213,.T.);
#3738=EDGE_CURVE('',#2887,#2653,#1801,.T.);
#3739=EDGE_CURVE('',#2888,#2887,#1214,.T.);
#3740=EDGE_CURVE('',#2889,#2888,#1215,.T.);
#3741=EDGE_CURVE('',#2890,#2889,#1216,.T.);
#3742=EDGE_CURVE('',#2891,#2890,#1802,.T.);
#3743=EDGE_CURVE('',#2642,#2891,#1217,.T.);
#3744=EDGE_CURVE('',#2892,#2650,#1803,.T.);
#3745=EDGE_CURVE('',#2893,#2892,#1218,.T.);
#3746=EDGE_CURVE('',#2894,#2893,#1219,.T.);
#3747=EDGE_CURVE('',#2895,#2894,#1220,.T.);
#3748=EDGE_CURVE('',#2896,#2895,#1804,.T.);
#3749=EDGE_CURVE('',#2646,#2896,#1221,.T.);
#3750=EDGE_CURVE('',#2897,#2897,#1222,.T.);
#3751=EDGE_CURVE('',#2897,#2886,#1805,.T.);
#3752=EDGE_CURVE('',#2898,#2899,#935,.T.);
#3753=EDGE_CURVE('',#2898,#2900,#1223,.T.);
#3754=EDGE_CURVE('',#2900,#2901,#1224,.T.);
#3755=EDGE_CURVE('',#2901,#2899,#1225,.T.);
#3756=EDGE_CURVE('',#2902,#2903,#1226,.T.);
#3757=EDGE_CURVE('',#2903,#2901,#1806,.T.);
#3758=EDGE_CURVE('',#2900,#2902,#1807,.T.);
#3759=EDGE_CURVE('',#2638,#2903,#1227,.T.);
#3760=EDGE_CURVE('',#2902,#2904,#1228,.T.);
#3761=EDGE_CURVE('',#2904,#2639,#1229,.T.);
#3762=EDGE_CURVE('',#2904,#2651,#1230,.T.);
#3763=EDGE_CURVE('',#2905,#2887,#1231,.T.);
#3764=EDGE_CURVE('',#2652,#2905,#1808,.T.);
#3765=EDGE_CURVE('',#2906,#2888,#936,.F.);
#3766=EDGE_CURVE('',#2905,#2906,#1232,.T.);
#3767=EDGE_CURVE('',#2905,#2907,#1809,.T.);
#3768=EDGE_CURVE('',#2908,#2907,#1233,.T.);
#3769=EDGE_CURVE('',#2908,#2906,#1810,.T.);
#3770=EDGE_CURVE('',#2909,#2652,#1811,.T.);
#3771=EDGE_CURVE('',#2907,#2909,#1812,.T.);
#3772=EDGE_CURVE('',#2651,#2910,#1813,.T.);
#3773=EDGE_CURVE('',#2909,#2910,#1234,.T.);
#3774=EDGE_CURVE('',#2911,#2904,#1814,.T.);
#3775=EDGE_CURVE('',#2910,#2911,#1235,.T.);
#3776=EDGE_CURVE('',#2902,#2912,#1815,.T.);
#3777=EDGE_CURVE('',#2911,#2912,#1236,.T.);
#3778=EDGE_CURVE('',#2913,#2900,#1816,.T.);
#3779=EDGE_CURVE('',#2912,#2913,#1817,.T.);
#3780=EDGE_CURVE('',#2898,#2914,#1818,.T.);
#3781=EDGE_CURVE('',#2913,#2914,#1237,.T.);
#3782=EDGE_CURVE('',#2894,#2915,#937,.F.);
#3783=EDGE_CURVE('',#2915,#2916,#1238,.T.);
#3784=EDGE_CURVE('',#2916,#2895,#1239,.T.);
#3785=EDGE_CURVE('',#2917,#2896,#1240,.T.);
#3786=EDGE_CURVE('',#2916,#2917,#1819,.T.);
#3787=EDGE_CURVE('',#2917,#2918,#1241,.T.);
#3788=EDGE_CURVE('',#2918,#2647,#1242,.T.);
#3789=EDGE_CURVE('',#2918,#2654,#1243,.T.);
#3790=EDGE_CURVE('',#2919,#2920,#1244,.T.);
#3791=EDGE_CURVE('',#2920,#2656,#1820,.T.);
#3792=EDGE_CURVE('',#2655,#2919,#1821,.T.);
#3793=EDGE_CURVE('',#2921,#2922,#938,.T.);
#3794=EDGE_CURVE('',#2921,#2920,#1245,.T.);
#3795=EDGE_CURVE('',#2919,#2922,#1246,.T.);
#3796=EDGE_CURVE('',#2919,#2923,#1822,.T.);
#3797=EDGE_CURVE('',#2924,#2923,#1247,.T.);
#3798=EDGE_CURVE('',#2924,#2922,#1823,.T.);
#3799=EDGE_CURVE('',#2925,#2655,#1824,.T.);
#3800=EDGE_CURVE('',#2923,#2925,#1825,.T.);
#3801=EDGE_CURVE('',#2654,#2926,#1826,.T.);
#3802=EDGE_CURVE('',#2925,#2926,#1248,.T.);
#3803=EDGE_CURVE('',#2927,#2918,#1827,.T.);
#3804=EDGE_CURVE('',#2926,#2927,#1249,.T.);
#3805=EDGE_CURVE('',#2917,#2928,#1828,.T.);
#3806=EDGE_CURVE('',#2927,#2928,#1250,.T.);
#3807=EDGE_CURVE('',#2929,#2916,#1829,.T.);
#3808=EDGE_CURVE('',#2928,#2929,#1830,.T.);
#3809=EDGE_CURVE('',#2915,#2930,#1831,.T.);
#3810=EDGE_CURVE('',#2929,#2930,#1251,.T.);
#3811=EDGE_CURVE('',#2889,#2931,#939,.F.);
#3812=EDGE_CURVE('',#2931,#2932,#1252,.T.);
#3813=EDGE_CURVE('',#2932,#2890,#1253,.T.);
#3814=EDGE_CURVE('',#2933,#2891,#1254,.T.);
#3815=EDGE_CURVE('',#2932,#2933,#1832,.T.);
#3816=EDGE_CURVE('',#2933,#2934,#1255,.T.);
#3817=EDGE_CURVE('',#2934,#2643,#1256,.T.);
#3818=EDGE_CURVE('',#2934,#2648,#1257,.T.);
#3819=EDGE_CURVE('',#2935,#2892,#1258,.T.);
#3820=EDGE_CURVE('',#2649,#2935,#1833,.T.);
#3821=EDGE_CURVE('',#2893,#2936,#940,.T.);
#3822=EDGE_CURVE('',#2935,#2936,#1259,.T.);
#3823=EDGE_CURVE('',#2935,#2937,#1834,.T.);
#3824=EDGE_CURVE('',#2938,#2937,#1260,.T.);
#3825=EDGE_CURVE('',#2938,#2936,#1835,.T.);
#3826=EDGE_CURVE('',#2939,#2649,#1836,.T.);
#3827=EDGE_CURVE('',#2937,#2939,#1837,.T.);
#3828=EDGE_CURVE('',#2648,#2940,#1838,.T.);
#3829=EDGE_CURVE('',#2939,#2940,#1261,.T.);
#3830=EDGE_CURVE('',#2941,#2934,#1839,.T.);
#3831=EDGE_CURVE('',#2940,#2941,#1262,.T.);
#3832=EDGE_CURVE('',#2933,#2942,#1840,.T.);
#3833=EDGE_CURVE('',#2941,#2942,#1263,.T.);
#3834=EDGE_CURVE('',#2943,#2932,#1841,.T.);
#3835=EDGE_CURVE('',#2942,#2943,#1842,.T.);
#3836=EDGE_CURVE('',#2931,#2944,#1843,.T.);
#3837=EDGE_CURVE('',#2943,#2944,#1264,.T.);
#3838=EDGE_CURVE('',#2930,#2945,#941,.F.);
#3839=EDGE_CURVE('',#2945,#2946,#1265,.T.);
#3840=EDGE_CURVE('',#2946,#2929,#1266,.T.);
#3841=EDGE_CURVE('',#2947,#2928,#1267,.T.);
#3842=EDGE_CURVE('',#2946,#2947,#1844,.T.);
#3843=EDGE_CURVE('',#2948,#2927,#1268,.T.);
#3844=EDGE_CURVE('',#2947,#2948,#1269,.T.);
#3845=EDGE_CURVE('',#2949,#2926,#1270,.T.);
#3846=EDGE_CURVE('',#2948,#2949,#1271,.T.);
#3847=EDGE_CURVE('',#2950,#2925,#1272,.T.);
#3848=EDGE_CURVE('',#2949,#2950,#1273,.T.);
#3849=EDGE_CURVE('',#2951,#2923,#1274,.T.);
#3850=EDGE_CURVE('',#2950,#2951,#1845,.T.);
#3851=EDGE_CURVE('',#2924,#2952,#942,.T.);
#3852=EDGE_CURVE('',#2951,#2952,#1275,.T.);
#3853=EDGE_CURVE('',#2945,#2953,#1276,.T.);
#3854=EDGE_CURVE('',#2954,#2953,#1277,.T.);
#3855=EDGE_CURVE('',#2955,#2954,#1846,.T.);
#3856=EDGE_CURVE('',#2956,#2955,#1278,.T.);
#3857=EDGE_CURVE('',#2957,#2956,#1279,.T.);
#3858=EDGE_CURVE('',#2958,#2957,#1280,.T.);
#3859=EDGE_CURVE('',#2959,#2958,#1847,.T.);
#3860=EDGE_CURVE('',#2960,#2959,#1281,.T.);
#3861=EDGE_CURVE('',#2960,#2961,#1282,.T.);
#3862=EDGE_CURVE('',#2962,#2961,#1283,.T.);
#3863=EDGE_CURVE('',#2963,#2962,#1848,.T.);
#3864=EDGE_CURVE('',#2964,#2963,#1284,.T.);
#3865=EDGE_CURVE('',#2965,#2964,#1285,.T.);
#3866=EDGE_CURVE('',#2966,#2965,#1286,.T.);
#3867=EDGE_CURVE('',#2967,#2966,#1849,.T.);
#3868=EDGE_CURVE('',#2968,#2967,#1287,.T.);
#3869=EDGE_CURVE('',#2968,#2952,#1288,.T.);
#3870=EDGE_CURVE('',#2938,#2953,#943,.T.);
#3871=EDGE_CURVE('',#2937,#2954,#1289,.T.);
#3872=EDGE_CURVE('',#2939,#2955,#1290,.T.);
#3873=EDGE_CURVE('',#2940,#2956,#1291,.T.);
#3874=EDGE_CURVE('',#2941,#2957,#1292,.T.);
#3875=EDGE_CURVE('',#2942,#2958,#1293,.T.);
#3876=EDGE_CURVE('',#2943,#2959,#1294,.T.);
#3877=EDGE_CURVE('',#2944,#2960,#944,.F.);
#3878=EDGE_CURVE('',#2908,#2961,#945,.T.);
#3879=EDGE_CURVE('',#2907,#2962,#1295,.T.);
#3880=EDGE_CURVE('',#2909,#2963,#1296,.T.);
#3881=EDGE_CURVE('',#2910,#2964,#1297,.T.);
#3882=EDGE_CURVE('',#2911,#2965,#1298,.T.);
#3883=EDGE_CURVE('',#2912,#2966,#1299,.T.);
#3884=EDGE_CURVE('',#2913,#2967,#1300,.T.);
#3885=EDGE_CURVE('',#2914,#2968,#946,.F.);
#3886=EDGE_CURVE('',#2888,#2899,#1301,.T.);
#3887=EDGE_CURVE('',#2961,#2968,#1302,.T.);
#3888=EDGE_CURVE('',#2953,#2969,#1303,.T.);
#3889=EDGE_CURVE('',#2969,#2960,#1304,.T.);
#3890=EDGE_CURVE('',#2970,#2889,#1305,.T.);
#3891=EDGE_CURVE('',#2893,#2970,#1306,.T.);
#3892=EDGE_CURVE('',#2899,#2921,#1307,.T.);
#3893=EDGE_CURVE('',#2971,#2971,#1308,.T.);
#3894=EDGE_CURVE('',#2971,#2972,#1850,.T.);
#3895=EDGE_CURVE('',#2972,#2972,#1309,.T.);
#3896=EDGE_CURVE('',#2973,#2973,#1310,.T.);
#3897=EDGE_CURVE('',#2974,#2974,#1311,.T.);
#3898=EDGE_CURVE('',#2974,#2973,#1851,.T.);
#3899=EDGE_CURVE('',#2975,#2975,#1312,.T.);
#3900=EDGE_CURVE('',#2975,#2976,#1852,.T.);
#3901=EDGE_CURVE('',#2976,#2976,#1313,.T.);
#3902=EDGE_CURVE('',#2977,#2977,#1314,.T.);
#3903=EDGE_CURVE('',#2977,#2969,#1315,.T.);
#3904=EDGE_CURVE('',#2952,#2945,#1316,.T.);
#3905=EDGE_CURVE('',#2921,#2894,#1317,.T.);
#3906=EDGE_CURVE('',#2970,#2978,#1318,.T.);
#3907=EDGE_CURVE('',#2978,#2978,#1319,.T.);
#3908=EDGE_CURVE('',#2979,#2979,#1320,.T.);
#3909=EDGE_CURVE('',#2979,#2980,#1853,.T.);
#3910=EDGE_CURVE('',#2980,#2980,#1321,.T.);
#3911=EDGE_CURVE('',#2981,#2981,#1322,.T.);
#3912=EDGE_CURVE('',#2981,#2980,#1854,.T.);
#3913=EDGE_CURVE('',#2982,#2982,#1323,.F.);
#3914=EDGE_CURVE('',#2981,#2983,#1855,.T.);
#3915=EDGE_CURVE('',#2983,#2983,#1324,.T.);
#3916=EDGE_CURVE('',#2984,#2984,#1325,.T.);
#3917=EDGE_CURVE('',#2985,#2985,#1326,.T.);
#3918=EDGE_CURVE('',#2985,#2982,#1856,.T.);
#3919=EDGE_CURVE('',#2986,#2986,#1327,.T.);
#3920=EDGE_CURVE('',#2986,#2987,#1328,.T.);
#3921=EDGE_CURVE('',#2987,#2987,#1329,.T.);
#3922=EDGE_CURVE('',#2988,#2988,#1330,.T.);
#3923=EDGE_CURVE('',#2984,#2988,#1857,.T.);
#3924=EDGE_CURVE('',#2989,#2989,#1331,.T.);
#3925=EDGE_CURVE('',#2990,#2990,#1332,.T.);
#3926=EDGE_CURVE('',#2991,#2991,#1333,.T.);
#3927=EDGE_CURVE('',#2991,#2990,#1858,.T.);
#3928=EDGE_CURVE('',#2992,#2992,#1334,.T.);
#3929=EDGE_CURVE('',#2992,#2989,#1859,.T.);
#3930=ORIENTED_EDGE('',*,*,#2993,.F.);
#3931=ORIENTED_EDGE('',*,*,#2994,.T.);
#3932=ORIENTED_EDGE('',*,*,#2995,.F.);
#3933=ORIENTED_EDGE('',*,*,#2996,.F.);
#3934=ORIENTED_EDGE('',*,*,#2997,.F.);
#3935=ORIENTED_EDGE('',*,*,#2998,.F.);
#3936=ORIENTED_EDGE('',*,*,#2999,.F.);
#3937=ORIENTED_EDGE('',*,*,#2994,.F.);
#3938=ORIENTED_EDGE('',*,*,#3000,.F.);
#3939=ORIENTED_EDGE('',*,*,#3001,.F.);
#3940=ORIENTED_EDGE('',*,*,#3002,.F.);
#3941=ORIENTED_EDGE('',*,*,#3003,.F.);
#3942=ORIENTED_EDGE('',*,*,#3004,.F.);
#3943=ORIENTED_EDGE('',*,*,#3005,.F.);
#3944=ORIENTED_EDGE('',*,*,#3006,.F.);
#3945=ORIENTED_EDGE('',*,*,#3001,.T.);
#3946=ORIENTED_EDGE('',*,*,#3003,.T.);
#3947=ORIENTED_EDGE('',*,*,#3007,.T.);
#3948=ORIENTED_EDGE('',*,*,#3008,.T.);
#3949=ORIENTED_EDGE('',*,*,#3005,.T.);
#3950=ORIENTED_EDGE('',*,*,#3009,.F.);
#3951=ORIENTED_EDGE('',*,*,#3010,.T.);
#3952=ORIENTED_EDGE('',*,*,#3011,.T.);
#3953=ORIENTED_EDGE('',*,*,#3007,.F.);
#3954=ORIENTED_EDGE('',*,*,#3002,.T.);
#3955=ORIENTED_EDGE('',*,*,#3006,.T.);
#3956=ORIENTED_EDGE('',*,*,#3008,.F.);
#3957=ORIENTED_EDGE('',*,*,#3011,.F.);
#3958=ORIENTED_EDGE('',*,*,#2995,.T.);
#3959=ORIENTED_EDGE('',*,*,#2999,.T.);
#3960=ORIENTED_EDGE('',*,*,#3012,.T.);
#3961=ORIENTED_EDGE('',*,*,#3013,.T.);
#3962=ORIENTED_EDGE('',*,*,#3014,.F.);
#3963=ORIENTED_EDGE('',*,*,#3013,.F.);
#3964=ORIENTED_EDGE('',*,*,#3015,.T.);
#3965=ORIENTED_EDGE('',*,*,#2996,.T.);
#3966=ORIENTED_EDGE('',*,*,#3015,.F.);
#3967=ORIENTED_EDGE('',*,*,#3012,.F.);
#3968=ORIENTED_EDGE('',*,*,#2998,.T.);
#3969=ORIENTED_EDGE('',*,*,#3016,.T.);
#3970=ORIENTED_EDGE('',*,*,#3017,.F.);
#3971=ORIENTED_EDGE('',*,*,#3018,.T.);
#3972=ORIENTED_EDGE('',*,*,#3019,.T.);
#3973=ORIENTED_EDGE('',*,*,#3020,.T.);
#3974=ORIENTED_EDGE('',*,*,#3021,.T.);
#3975=ORIENTED_EDGE('',*,*,#3022,.T.);
#3976=ORIENTED_EDGE('',*,*,#3023,.T.);
#3977=ORIENTED_EDGE('',*,*,#3024,.T.);
#3978=ORIENTED_EDGE('',*,*,#3025,.T.);
#3979=ORIENTED_EDGE('',*,*,#3026,.T.);
#3980=ORIENTED_EDGE('',*,*,#3027,.T.);
#3981=ORIENTED_EDGE('',*,*,#3028,.T.);
#3982=ORIENTED_EDGE('',*,*,#3029,.T.);
#3983=ORIENTED_EDGE('',*,*,#3030,.T.);
#3984=ORIENTED_EDGE('',*,*,#3031,.T.);
#3985=ORIENTED_EDGE('',*,*,#3032,.T.);
#3986=ORIENTED_EDGE('',*,*,#3033,.T.);
#3987=ORIENTED_EDGE('',*,*,#3034,.T.);
#3988=ORIENTED_EDGE('',*,*,#3035,.T.);
#3989=ORIENTED_EDGE('',*,*,#3036,.T.);
#3990=ORIENTED_EDGE('',*,*,#3037,.T.);
#3991=ORIENTED_EDGE('',*,*,#3038,.T.);
#3992=ORIENTED_EDGE('',*,*,#3039,.T.);
#3993=ORIENTED_EDGE('',*,*,#3040,.T.);
#3994=ORIENTED_EDGE('',*,*,#3041,.T.);
#3995=ORIENTED_EDGE('',*,*,#3042,.T.);
#3996=ORIENTED_EDGE('',*,*,#3043,.T.);
#3997=ORIENTED_EDGE('',*,*,#3044,.T.);
#3998=ORIENTED_EDGE('',*,*,#3045,.T.);
#3999=ORIENTED_EDGE('',*,*,#3046,.T.);
#4000=ORIENTED_EDGE('',*,*,#3047,.T.);
#4001=ORIENTED_EDGE('',*,*,#3048,.T.);
#4002=ORIENTED_EDGE('',*,*,#3049,.T.);
#4003=ORIENTED_EDGE('',*,*,#3050,.T.);
#4004=ORIENTED_EDGE('',*,*,#3051,.T.);
#4005=ORIENTED_EDGE('',*,*,#3052,.T.);
#4006=ORIENTED_EDGE('',*,*,#3053,.T.);
#4007=ORIENTED_EDGE('',*,*,#3054,.T.);
#4008=ORIENTED_EDGE('',*,*,#3055,.T.);
#4009=ORIENTED_EDGE('',*,*,#3056,.T.);
#4010=ORIENTED_EDGE('',*,*,#3057,.T.);
#4011=ORIENTED_EDGE('',*,*,#3058,.T.);
#4012=ORIENTED_EDGE('',*,*,#3059,.T.);
#4013=ORIENTED_EDGE('',*,*,#3060,.T.);
#4014=ORIENTED_EDGE('',*,*,#3061,.T.);
#4015=ORIENTED_EDGE('',*,*,#3062,.T.);
#4016=ORIENTED_EDGE('',*,*,#3063,.T.);
#4017=ORIENTED_EDGE('',*,*,#3064,.T.);
#4018=ORIENTED_EDGE('',*,*,#3065,.T.);
#4019=ORIENTED_EDGE('',*,*,#3066,.T.);
#4020=ORIENTED_EDGE('',*,*,#3067,.T.);
#4021=ORIENTED_EDGE('',*,*,#3068,.T.);
#4022=ORIENTED_EDGE('',*,*,#3069,.T.);
#4023=ORIENTED_EDGE('',*,*,#3070,.T.);
#4024=ORIENTED_EDGE('',*,*,#3071,.T.);
#4025=ORIENTED_EDGE('',*,*,#3072,.T.);
#4026=ORIENTED_EDGE('',*,*,#3073,.T.);
#4027=ORIENTED_EDGE('',*,*,#3074,.T.);
#4028=ORIENTED_EDGE('',*,*,#3075,.T.);
#4029=ORIENTED_EDGE('',*,*,#3076,.T.);
#4030=ORIENTED_EDGE('',*,*,#3077,.T.);
#4031=ORIENTED_EDGE('',*,*,#3078,.T.);
#4032=ORIENTED_EDGE('',*,*,#3079,.T.);
#4033=ORIENTED_EDGE('',*,*,#3080,.T.);
#4034=ORIENTED_EDGE('',*,*,#3081,.T.);
#4035=ORIENTED_EDGE('',*,*,#3082,.T.);
#4036=ORIENTED_EDGE('',*,*,#3083,.T.);
#4037=ORIENTED_EDGE('',*,*,#3084,.T.);
#4038=ORIENTED_EDGE('',*,*,#3085,.T.);
#4039=ORIENTED_EDGE('',*,*,#3086,.T.);
#4040=ORIENTED_EDGE('',*,*,#3087,.T.);
#4041=ORIENTED_EDGE('',*,*,#3088,.T.);
#4042=ORIENTED_EDGE('',*,*,#3089,.T.);
#4043=ORIENTED_EDGE('',*,*,#3090,.T.);
#4044=ORIENTED_EDGE('',*,*,#3091,.T.);
#4045=ORIENTED_EDGE('',*,*,#3092,.T.);
#4046=ORIENTED_EDGE('',*,*,#3093,.T.);
#4047=ORIENTED_EDGE('',*,*,#3094,.T.);
#4048=ORIENTED_EDGE('',*,*,#3095,.T.);
#4049=ORIENTED_EDGE('',*,*,#3096,.T.);
#4050=ORIENTED_EDGE('',*,*,#3097,.T.);
#4051=ORIENTED_EDGE('',*,*,#3098,.T.);
#4052=ORIENTED_EDGE('',*,*,#3099,.T.);
#4053=ORIENTED_EDGE('',*,*,#3100,.T.);
#4054=ORIENTED_EDGE('',*,*,#3101,.T.);
#4055=ORIENTED_EDGE('',*,*,#3102,.T.);
#4056=ORIENTED_EDGE('',*,*,#3103,.T.);
#4057=ORIENTED_EDGE('',*,*,#3104,.T.);
#4058=ORIENTED_EDGE('',*,*,#3105,.T.);
#4059=ORIENTED_EDGE('',*,*,#3106,.T.);
#4060=ORIENTED_EDGE('',*,*,#3107,.T.);
#4061=ORIENTED_EDGE('',*,*,#3108,.T.);
#4062=ORIENTED_EDGE('',*,*,#3109,.T.);
#4063=ORIENTED_EDGE('',*,*,#3110,.T.);
#4064=ORIENTED_EDGE('',*,*,#3111,.T.);
#4065=ORIENTED_EDGE('',*,*,#3112,.T.);
#4066=ORIENTED_EDGE('',*,*,#3113,.T.);
#4067=ORIENTED_EDGE('',*,*,#3114,.T.);
#4068=ORIENTED_EDGE('',*,*,#3115,.T.);
#4069=ORIENTED_EDGE('',*,*,#3116,.T.);
#4070=ORIENTED_EDGE('',*,*,#3117,.T.);
#4071=ORIENTED_EDGE('',*,*,#3118,.T.);
#4072=ORIENTED_EDGE('',*,*,#3119,.T.);
#4073=ORIENTED_EDGE('',*,*,#3120,.T.);
#4074=ORIENTED_EDGE('',*,*,#3121,.T.);
#4075=ORIENTED_EDGE('',*,*,#3122,.T.);
#4076=ORIENTED_EDGE('',*,*,#3123,.T.);
#4077=ORIENTED_EDGE('',*,*,#3124,.T.);
#4078=ORIENTED_EDGE('',*,*,#3125,.T.);
#4079=ORIENTED_EDGE('',*,*,#3126,.T.);
#4080=ORIENTED_EDGE('',*,*,#3127,.T.);
#4081=ORIENTED_EDGE('',*,*,#3128,.T.);
#4082=ORIENTED_EDGE('',*,*,#3129,.T.);
#4083=ORIENTED_EDGE('',*,*,#3130,.T.);
#4084=ORIENTED_EDGE('',*,*,#3131,.T.);
#4085=ORIENTED_EDGE('',*,*,#3132,.T.);
#4086=ORIENTED_EDGE('',*,*,#3133,.T.);
#4087=ORIENTED_EDGE('',*,*,#3134,.T.);
#4088=ORIENTED_EDGE('',*,*,#3135,.T.);
#4089=ORIENTED_EDGE('',*,*,#3136,.T.);
#4090=ORIENTED_EDGE('',*,*,#3137,.T.);
#4091=ORIENTED_EDGE('',*,*,#3138,.T.);
#4092=ORIENTED_EDGE('',*,*,#3139,.T.);
#4093=ORIENTED_EDGE('',*,*,#3140,.T.);
#4094=ORIENTED_EDGE('',*,*,#3141,.T.);
#4095=ORIENTED_EDGE('',*,*,#3142,.T.);
#4096=ORIENTED_EDGE('',*,*,#3143,.T.);
#4097=ORIENTED_EDGE('',*,*,#3144,.T.);
#4098=ORIENTED_EDGE('',*,*,#3145,.T.);
#4099=ORIENTED_EDGE('',*,*,#3146,.T.);
#4100=ORIENTED_EDGE('',*,*,#3147,.T.);
#4101=ORIENTED_EDGE('',*,*,#3148,.T.);
#4102=ORIENTED_EDGE('',*,*,#3149,.T.);
#4103=ORIENTED_EDGE('',*,*,#3150,.T.);
#4104=ORIENTED_EDGE('',*,*,#3151,.T.);
#4105=ORIENTED_EDGE('',*,*,#3152,.T.);
#4106=ORIENTED_EDGE('',*,*,#3153,.T.);
#4107=ORIENTED_EDGE('',*,*,#3154,.T.);
#4108=ORIENTED_EDGE('',*,*,#3155,.T.);
#4109=ORIENTED_EDGE('',*,*,#3156,.T.);
#4110=ORIENTED_EDGE('',*,*,#3157,.T.);
#4111=ORIENTED_EDGE('',*,*,#3158,.T.);
#4112=ORIENTED_EDGE('',*,*,#3159,.T.);
#4113=ORIENTED_EDGE('',*,*,#3160,.T.);
#4114=ORIENTED_EDGE('',*,*,#3161,.T.);
#4115=ORIENTED_EDGE('',*,*,#3162,.T.);
#4116=ORIENTED_EDGE('',*,*,#3163,.T.);
#4117=ORIENTED_EDGE('',*,*,#3164,.T.);
#4118=ORIENTED_EDGE('',*,*,#3165,.T.);
#4119=ORIENTED_EDGE('',*,*,#3166,.T.);
#4120=ORIENTED_EDGE('',*,*,#3167,.T.);
#4121=ORIENTED_EDGE('',*,*,#3168,.T.);
#4122=ORIENTED_EDGE('',*,*,#3169,.T.);
#4123=ORIENTED_EDGE('',*,*,#3170,.T.);
#4124=ORIENTED_EDGE('',*,*,#3171,.T.);
#4125=ORIENTED_EDGE('',*,*,#3172,.T.);
#4126=ORIENTED_EDGE('',*,*,#3173,.T.);
#4127=ORIENTED_EDGE('',*,*,#3174,.T.);
#4128=ORIENTED_EDGE('',*,*,#3175,.T.);
#4129=ORIENTED_EDGE('',*,*,#3176,.T.);
#4130=ORIENTED_EDGE('',*,*,#3177,.T.);
#4131=ORIENTED_EDGE('',*,*,#3178,.T.);
#4132=ORIENTED_EDGE('',*,*,#3179,.T.);
#4133=ORIENTED_EDGE('',*,*,#3180,.T.);
#4134=ORIENTED_EDGE('',*,*,#3181,.T.);
#4135=ORIENTED_EDGE('',*,*,#3182,.T.);
#4136=ORIENTED_EDGE('',*,*,#3183,.T.);
#4137=ORIENTED_EDGE('',*,*,#3184,.T.);
#4138=ORIENTED_EDGE('',*,*,#3185,.T.);
#4139=ORIENTED_EDGE('',*,*,#3186,.T.);
#4140=ORIENTED_EDGE('',*,*,#3187,.T.);
#4141=ORIENTED_EDGE('',*,*,#3188,.T.);
#4142=ORIENTED_EDGE('',*,*,#3189,.T.);
#4143=ORIENTED_EDGE('',*,*,#3190,.T.);
#4144=ORIENTED_EDGE('',*,*,#3191,.T.);
#4145=ORIENTED_EDGE('',*,*,#3192,.T.);
#4146=ORIENTED_EDGE('',*,*,#3193,.T.);
#4147=ORIENTED_EDGE('',*,*,#3194,.T.);
#4148=ORIENTED_EDGE('',*,*,#3195,.T.);
#4149=ORIENTED_EDGE('',*,*,#3196,.T.);
#4150=ORIENTED_EDGE('',*,*,#3197,.T.);
#4151=ORIENTED_EDGE('',*,*,#3198,.T.);
#4152=ORIENTED_EDGE('',*,*,#3199,.T.);
#4153=ORIENTED_EDGE('',*,*,#3200,.T.);
#4154=ORIENTED_EDGE('',*,*,#3201,.T.);
#4155=ORIENTED_EDGE('',*,*,#3202,.T.);
#4156=ORIENTED_EDGE('',*,*,#3203,.T.);
#4157=ORIENTED_EDGE('',*,*,#3204,.T.);
#4158=ORIENTED_EDGE('',*,*,#3205,.T.);
#4159=ORIENTED_EDGE('',*,*,#3206,.T.);
#4160=ORIENTED_EDGE('',*,*,#3207,.T.);
#4161=ORIENTED_EDGE('',*,*,#3208,.T.);
#4162=ORIENTED_EDGE('',*,*,#3209,.T.);
#4163=ORIENTED_EDGE('',*,*,#3210,.T.);
#4164=ORIENTED_EDGE('',*,*,#3211,.T.);
#4165=ORIENTED_EDGE('',*,*,#3212,.T.);
#4166=ORIENTED_EDGE('',*,*,#3213,.T.);
#4167=ORIENTED_EDGE('',*,*,#3214,.T.);
#4168=ORIENTED_EDGE('',*,*,#3215,.T.);
#4169=ORIENTED_EDGE('',*,*,#3216,.T.);
#4170=ORIENTED_EDGE('',*,*,#3217,.T.);
#4171=ORIENTED_EDGE('',*,*,#3218,.T.);
#4172=ORIENTED_EDGE('',*,*,#3219,.T.);
#4173=ORIENTED_EDGE('',*,*,#3220,.T.);
#4174=ORIENTED_EDGE('',*,*,#3221,.T.);
#4175=ORIENTED_EDGE('',*,*,#3222,.T.);
#4176=ORIENTED_EDGE('',*,*,#3223,.T.);
#4177=ORIENTED_EDGE('',*,*,#3224,.T.);
#4178=ORIENTED_EDGE('',*,*,#3225,.T.);
#4179=ORIENTED_EDGE('',*,*,#3226,.T.);
#4180=ORIENTED_EDGE('',*,*,#3227,.T.);
#4181=ORIENTED_EDGE('',*,*,#3228,.T.);
#4182=ORIENTED_EDGE('',*,*,#3229,.T.);
#4183=ORIENTED_EDGE('',*,*,#3230,.T.);
#4184=ORIENTED_EDGE('',*,*,#3231,.T.);
#4185=ORIENTED_EDGE('',*,*,#3232,.T.);
#4186=ORIENTED_EDGE('',*,*,#3233,.T.);
#4187=ORIENTED_EDGE('',*,*,#3234,.T.);
#4188=ORIENTED_EDGE('',*,*,#3235,.T.);
#4189=ORIENTED_EDGE('',*,*,#3236,.T.);
#4190=ORIENTED_EDGE('',*,*,#3237,.T.);
#4191=ORIENTED_EDGE('',*,*,#3238,.T.);
#4192=ORIENTED_EDGE('',*,*,#3239,.T.);
#4193=ORIENTED_EDGE('',*,*,#3240,.T.);
#4194=ORIENTED_EDGE('',*,*,#3241,.T.);
#4195=ORIENTED_EDGE('',*,*,#3242,.T.);
#4196=ORIENTED_EDGE('',*,*,#3243,.T.);
#4197=ORIENTED_EDGE('',*,*,#3244,.T.);
#4198=ORIENTED_EDGE('',*,*,#3245,.T.);
#4199=ORIENTED_EDGE('',*,*,#3246,.F.);
#4200=ORIENTED_EDGE('',*,*,#3247,.T.);
#4201=ORIENTED_EDGE('',*,*,#3248,.T.);
#4202=ORIENTED_EDGE('',*,*,#3249,.T.);
#4203=ORIENTED_EDGE('',*,*,#3247,.F.);
#4204=ORIENTED_EDGE('',*,*,#3250,.F.);
#4205=ORIENTED_EDGE('',*,*,#3251,.T.);
#4206=ORIENTED_EDGE('',*,*,#3017,.T.);
#4207=ORIENTED_EDGE('',*,*,#3251,.F.);
#4208=ORIENTED_EDGE('',*,*,#3250,.T.);
#4209=ORIENTED_EDGE('',*,*,#3246,.T.);
#4210=ORIENTED_EDGE('',*,*,#3252,.F.);
#4211=ORIENTED_EDGE('',*,*,#3253,.T.);
#4212=ORIENTED_EDGE('',*,*,#3254,.F.);
#4213=ORIENTED_EDGE('',*,*,#3255,.F.);
#4214=ORIENTED_EDGE('',*,*,#3256,.F.);
#4215=ORIENTED_EDGE('',*,*,#3257,.F.);
#4216=ORIENTED_EDGE('',*,*,#3258,.F.);
#4217=ORIENTED_EDGE('',*,*,#3259,.F.);
#4218=ORIENTED_EDGE('',*,*,#3260,.F.);
#4219=ORIENTED_EDGE('',*,*,#3261,.F.);
#4220=ORIENTED_EDGE('',*,*,#3262,.F.);
#4221=ORIENTED_EDGE('',*,*,#3263,.F.);
#4222=ORIENTED_EDGE('',*,*,#3264,.F.);
#4223=ORIENTED_EDGE('',*,*,#3265,.F.);
#4224=ORIENTED_EDGE('',*,*,#3266,.F.);
#4225=ORIENTED_EDGE('',*,*,#3253,.F.);
#4226=ORIENTED_EDGE('',*,*,#3263,.T.);
#4227=ORIENTED_EDGE('',*,*,#3267,.F.);
#4228=ORIENTED_EDGE('',*,*,#3268,.T.);
#4229=ORIENTED_EDGE('',*,*,#3269,.T.);
#4230=ORIENTED_EDGE('',*,*,#3270,.T.);
#4231=ORIENTED_EDGE('',*,*,#3259,.T.);
#4232=ORIENTED_EDGE('',*,*,#3271,.F.);
#4233=ORIENTED_EDGE('',*,*,#3272,.T.);
#4234=ORIENTED_EDGE('',*,*,#3273,.T.);
#4235=ORIENTED_EDGE('',*,*,#3274,.T.);
#4236=ORIENTED_EDGE('',*,*,#3255,.T.);
#4237=ORIENTED_EDGE('',*,*,#3275,.F.);
#4238=ORIENTED_EDGE('',*,*,#3276,.T.);
#4239=ORIENTED_EDGE('',*,*,#3277,.T.);
#4240=ORIENTED_EDGE('',*,*,#3278,.T.);
#4241=ORIENTED_EDGE('',*,*,#3279,.F.);
#4242=ORIENTED_EDGE('',*,*,#3280,.T.);
#4243=ORIENTED_EDGE('',*,*,#3024,.F.);
#4244=ORIENTED_EDGE('',*,*,#3281,.F.);
#4245=ORIENTED_EDGE('',*,*,#3282,.F.);
#4246=ORIENTED_EDGE('',*,*,#3283,.T.);
#4247=ORIENTED_EDGE('',*,*,#3025,.F.);
#4248=ORIENTED_EDGE('',*,*,#3280,.F.);
#4249=ORIENTED_EDGE('',*,*,#3284,.F.);
#4250=ORIENTED_EDGE('',*,*,#3285,.F.);
#4251=ORIENTED_EDGE('',*,*,#3026,.F.);
#4252=ORIENTED_EDGE('',*,*,#3283,.F.);
#4253=ORIENTED_EDGE('',*,*,#3286,.F.);
#4254=ORIENTED_EDGE('',*,*,#3287,.T.);
#4255=ORIENTED_EDGE('',*,*,#3022,.F.);
#4256=ORIENTED_EDGE('',*,*,#3288,.F.);
#4257=ORIENTED_EDGE('',*,*,#3289,.F.);
#4258=ORIENTED_EDGE('',*,*,#3281,.T.);
#4259=ORIENTED_EDGE('',*,*,#3023,.F.);
#4260=ORIENTED_EDGE('',*,*,#3287,.F.);
#4261=ORIENTED_EDGE('',*,*,#3285,.T.);
#4262=ORIENTED_EDGE('',*,*,#3290,.F.);
#4263=ORIENTED_EDGE('',*,*,#3291,.T.);
#4264=ORIENTED_EDGE('',*,*,#3027,.F.);
#4265=ORIENTED_EDGE('',*,*,#3292,.F.);
#4266=ORIENTED_EDGE('',*,*,#3293,.T.);
#4267=ORIENTED_EDGE('',*,*,#3030,.F.);
#4268=ORIENTED_EDGE('',*,*,#3294,.F.);
#4269=ORIENTED_EDGE('',*,*,#3295,.F.);
#4270=ORIENTED_EDGE('',*,*,#3296,.T.);
#4271=ORIENTED_EDGE('',*,*,#3031,.F.);
#4272=ORIENTED_EDGE('',*,*,#3293,.F.);
#4273=ORIENTED_EDGE('',*,*,#3297,.F.);
#4274=ORIENTED_EDGE('',*,*,#3298,.F.);
#4275=ORIENTED_EDGE('',*,*,#3032,.F.);
#4276=ORIENTED_EDGE('',*,*,#3296,.F.);
#4277=ORIENTED_EDGE('',*,*,#3299,.F.);
#4278=ORIENTED_EDGE('',*,*,#3300,.T.);
#4279=ORIENTED_EDGE('',*,*,#3028,.F.);
#4280=ORIENTED_EDGE('',*,*,#3291,.F.);
#4281=ORIENTED_EDGE('',*,*,#3301,.F.);
#4282=ORIENTED_EDGE('',*,*,#3294,.T.);
#4283=ORIENTED_EDGE('',*,*,#3029,.F.);
#4284=ORIENTED_EDGE('',*,*,#3300,.F.);
#4285=ORIENTED_EDGE('',*,*,#3298,.T.);
#4286=ORIENTED_EDGE('',*,*,#3302,.F.);
#4287=ORIENTED_EDGE('',*,*,#3303,.T.);
#4288=ORIENTED_EDGE('',*,*,#3033,.F.);
#4289=ORIENTED_EDGE('',*,*,#3304,.F.);
#4290=ORIENTED_EDGE('',*,*,#3305,.T.);
#4291=ORIENTED_EDGE('',*,*,#3054,.F.);
#4292=ORIENTED_EDGE('',*,*,#3306,.F.);
#4293=ORIENTED_EDGE('',*,*,#3307,.F.);
#4294=ORIENTED_EDGE('',*,*,#3308,.T.);
#4295=ORIENTED_EDGE('',*,*,#3055,.F.);
#4296=ORIENTED_EDGE('',*,*,#3305,.F.);
#4297=ORIENTED_EDGE('',*,*,#3309,.F.);
#4298=ORIENTED_EDGE('',*,*,#3310,.F.);
#4299=ORIENTED_EDGE('',*,*,#3056,.F.);
#4300=ORIENTED_EDGE('',*,*,#3308,.F.);
#4301=ORIENTED_EDGE('',*,*,#3311,.F.);
#4302=ORIENTED_EDGE('',*,*,#3312,.T.);
#4303=ORIENTED_EDGE('',*,*,#3052,.F.);
#4304=ORIENTED_EDGE('',*,*,#3313,.F.);
#4305=ORIENTED_EDGE('',*,*,#3314,.F.);
#4306=ORIENTED_EDGE('',*,*,#3306,.T.);
#4307=ORIENTED_EDGE('',*,*,#3053,.F.);
#4308=ORIENTED_EDGE('',*,*,#3312,.F.);
#4309=ORIENTED_EDGE('',*,*,#3310,.T.);
#4310=ORIENTED_EDGE('',*,*,#3315,.F.);
#4311=ORIENTED_EDGE('',*,*,#3316,.T.);
#4312=ORIENTED_EDGE('',*,*,#3057,.F.);
#4313=ORIENTED_EDGE('',*,*,#3317,.F.);
#4314=ORIENTED_EDGE('',*,*,#3318,.T.);
#4315=ORIENTED_EDGE('',*,*,#3078,.F.);
#4316=ORIENTED_EDGE('',*,*,#3319,.F.);
#4317=ORIENTED_EDGE('',*,*,#3320,.F.);
#4318=ORIENTED_EDGE('',*,*,#3321,.T.);
#4319=ORIENTED_EDGE('',*,*,#3079,.F.);
#4320=ORIENTED_EDGE('',*,*,#3318,.F.);
#4321=ORIENTED_EDGE('',*,*,#3322,.F.);
#4322=ORIENTED_EDGE('',*,*,#3323,.F.);
#4323=ORIENTED_EDGE('',*,*,#3080,.F.);
#4324=ORIENTED_EDGE('',*,*,#3321,.F.);
#4325=ORIENTED_EDGE('',*,*,#3324,.F.);
#4326=ORIENTED_EDGE('',*,*,#3325,.T.);
#4327=ORIENTED_EDGE('',*,*,#3076,.F.);
#4328=ORIENTED_EDGE('',*,*,#3326,.F.);
#4329=ORIENTED_EDGE('',*,*,#3327,.F.);
#4330=ORIENTED_EDGE('',*,*,#3319,.T.);
#4331=ORIENTED_EDGE('',*,*,#3077,.F.);
#4332=ORIENTED_EDGE('',*,*,#3325,.F.);
#4333=ORIENTED_EDGE('',*,*,#3323,.T.);
#4334=ORIENTED_EDGE('',*,*,#3328,.F.);
#4335=ORIENTED_EDGE('',*,*,#3329,.T.);
#4336=ORIENTED_EDGE('',*,*,#3081,.F.);
#4337=ORIENTED_EDGE('',*,*,#3330,.F.);
#4338=ORIENTED_EDGE('',*,*,#3331,.T.);
#4339=ORIENTED_EDGE('',*,*,#3072,.F.);
#4340=ORIENTED_EDGE('',*,*,#3332,.F.);
#4341=ORIENTED_EDGE('',*,*,#3333,.F.);
#4342=ORIENTED_EDGE('',*,*,#3334,.T.);
#4343=ORIENTED_EDGE('',*,*,#3073,.F.);
#4344=ORIENTED_EDGE('',*,*,#3331,.F.);
#4345=ORIENTED_EDGE('',*,*,#3335,.F.);
#4346=ORIENTED_EDGE('',*,*,#3336,.F.);
#4347=ORIENTED_EDGE('',*,*,#3074,.F.);
#4348=ORIENTED_EDGE('',*,*,#3334,.F.);
#4349=ORIENTED_EDGE('',*,*,#3337,.F.);
#4350=ORIENTED_EDGE('',*,*,#3338,.T.);
#4351=ORIENTED_EDGE('',*,*,#3070,.F.);
#4352=ORIENTED_EDGE('',*,*,#3339,.F.);
#4353=ORIENTED_EDGE('',*,*,#3340,.F.);
#4354=ORIENTED_EDGE('',*,*,#3332,.T.);
#4355=ORIENTED_EDGE('',*,*,#3071,.F.);
#4356=ORIENTED_EDGE('',*,*,#3338,.F.);
#4357=ORIENTED_EDGE('',*,*,#3326,.T.);
#4358=ORIENTED_EDGE('',*,*,#3075,.F.);
#4359=ORIENTED_EDGE('',*,*,#3336,.T.);
#4360=ORIENTED_EDGE('',*,*,#3341,.F.);
#4361=ORIENTED_EDGE('',*,*,#3342,.F.);
#4362=ORIENTED_EDGE('',*,*,#3343,.T.);
#4363=ORIENTED_EDGE('',*,*,#3066,.F.);
#4364=ORIENTED_EDGE('',*,*,#3344,.F.);
#4365=ORIENTED_EDGE('',*,*,#3345,.F.);
#4366=ORIENTED_EDGE('',*,*,#3346,.T.);
#4367=ORIENTED_EDGE('',*,*,#3067,.F.);
#4368=ORIENTED_EDGE('',*,*,#3343,.F.);
#4369=ORIENTED_EDGE('',*,*,#3347,.F.);
#4370=ORIENTED_EDGE('',*,*,#3348,.F.);
#4371=ORIENTED_EDGE('',*,*,#3068,.F.);
#4372=ORIENTED_EDGE('',*,*,#3346,.F.);
#4373=ORIENTED_EDGE('',*,*,#3349,.F.);
#4374=ORIENTED_EDGE('',*,*,#3350,.T.);
#4375=ORIENTED_EDGE('',*,*,#3064,.F.);
#4376=ORIENTED_EDGE('',*,*,#3351,.F.);
#4377=ORIENTED_EDGE('',*,*,#3352,.F.);
#4378=ORIENTED_EDGE('',*,*,#3344,.T.);
#4379=ORIENTED_EDGE('',*,*,#3065,.F.);
#4380=ORIENTED_EDGE('',*,*,#3350,.F.);
#4381=ORIENTED_EDGE('',*,*,#3339,.T.);
#4382=ORIENTED_EDGE('',*,*,#3069,.F.);
#4383=ORIENTED_EDGE('',*,*,#3348,.T.);
#4384=ORIENTED_EDGE('',*,*,#3353,.F.);
#4385=ORIENTED_EDGE('',*,*,#3354,.F.);
#4386=ORIENTED_EDGE('',*,*,#3355,.T.);
#4387=ORIENTED_EDGE('',*,*,#3060,.F.);
#4388=ORIENTED_EDGE('',*,*,#3356,.F.);
#4389=ORIENTED_EDGE('',*,*,#3357,.F.);
#4390=ORIENTED_EDGE('',*,*,#3358,.T.);
#4391=ORIENTED_EDGE('',*,*,#3061,.F.);
#4392=ORIENTED_EDGE('',*,*,#3355,.F.);
#4393=ORIENTED_EDGE('',*,*,#3359,.F.);
#4394=ORIENTED_EDGE('',*,*,#3360,.F.);
#4395=ORIENTED_EDGE('',*,*,#3062,.F.);
#4396=ORIENTED_EDGE('',*,*,#3358,.F.);
#4397=ORIENTED_EDGE('',*,*,#3361,.F.);
#4398=ORIENTED_EDGE('',*,*,#3362,.T.);
#4399=ORIENTED_EDGE('',*,*,#3058,.F.);
#4400=ORIENTED_EDGE('',*,*,#3316,.F.);
#4401=ORIENTED_EDGE('',*,*,#3363,.F.);
#4402=ORIENTED_EDGE('',*,*,#3356,.T.);
#4403=ORIENTED_EDGE('',*,*,#3059,.F.);
#4404=ORIENTED_EDGE('',*,*,#3362,.F.);
#4405=ORIENTED_EDGE('',*,*,#3351,.T.);
#4406=ORIENTED_EDGE('',*,*,#3063,.F.);
#4407=ORIENTED_EDGE('',*,*,#3360,.T.);
#4408=ORIENTED_EDGE('',*,*,#3364,.F.);
#4409=ORIENTED_EDGE('',*,*,#3365,.F.);
#4410=ORIENTED_EDGE('',*,*,#3366,.T.);
#4411=ORIENTED_EDGE('',*,*,#3042,.F.);
#4412=ORIENTED_EDGE('',*,*,#3367,.F.);
#4413=ORIENTED_EDGE('',*,*,#3368,.F.);
#4414=ORIENTED_EDGE('',*,*,#3369,.T.);
#4415=ORIENTED_EDGE('',*,*,#3043,.F.);
#4416=ORIENTED_EDGE('',*,*,#3366,.F.);
#4417=ORIENTED_EDGE('',*,*,#3370,.F.);
#4418=ORIENTED_EDGE('',*,*,#3371,.F.);
#4419=ORIENTED_EDGE('',*,*,#3044,.F.);
#4420=ORIENTED_EDGE('',*,*,#3369,.F.);
#4421=ORIENTED_EDGE('',*,*,#3372,.F.);
#4422=ORIENTED_EDGE('',*,*,#3373,.T.);
#4423=ORIENTED_EDGE('',*,*,#3040,.F.);
#4424=ORIENTED_EDGE('',*,*,#3374,.F.);
#4425=ORIENTED_EDGE('',*,*,#3375,.F.);
#4426=ORIENTED_EDGE('',*,*,#3367,.T.);
#4427=ORIENTED_EDGE('',*,*,#3041,.F.);
#4428=ORIENTED_EDGE('',*,*,#3373,.F.);
#4429=ORIENTED_EDGE('',*,*,#3371,.T.);
#4430=ORIENTED_EDGE('',*,*,#3376,.F.);
#4431=ORIENTED_EDGE('',*,*,#3377,.T.);
#4432=ORIENTED_EDGE('',*,*,#3045,.F.);
#4433=ORIENTED_EDGE('',*,*,#3378,.F.);
#4434=ORIENTED_EDGE('',*,*,#3379,.T.);
#4435=ORIENTED_EDGE('',*,*,#3048,.F.);
#4436=ORIENTED_EDGE('',*,*,#3380,.F.);
#4437=ORIENTED_EDGE('',*,*,#3381,.F.);
#4438=ORIENTED_EDGE('',*,*,#3382,.T.);
#4439=ORIENTED_EDGE('',*,*,#3049,.F.);
#4440=ORIENTED_EDGE('',*,*,#3379,.F.);
#4441=ORIENTED_EDGE('',*,*,#3383,.F.);
#4442=ORIENTED_EDGE('',*,*,#3384,.F.);
#4443=ORIENTED_EDGE('',*,*,#3050,.F.);
#4444=ORIENTED_EDGE('',*,*,#3382,.F.);
#4445=ORIENTED_EDGE('',*,*,#3385,.F.);
#4446=ORIENTED_EDGE('',*,*,#3386,.T.);
#4447=ORIENTED_EDGE('',*,*,#3046,.F.);
#4448=ORIENTED_EDGE('',*,*,#3377,.F.);
#4449=ORIENTED_EDGE('',*,*,#3387,.F.);
#4450=ORIENTED_EDGE('',*,*,#3380,.T.);
#4451=ORIENTED_EDGE('',*,*,#3047,.F.);
#4452=ORIENTED_EDGE('',*,*,#3386,.F.);
#4453=ORIENTED_EDGE('',*,*,#3313,.T.);
#4454=ORIENTED_EDGE('',*,*,#3051,.F.);
#4455=ORIENTED_EDGE('',*,*,#3384,.T.);
#4456=ORIENTED_EDGE('',*,*,#3388,.F.);
#4457=ORIENTED_EDGE('',*,*,#3389,.F.);
#4458=ORIENTED_EDGE('',*,*,#3390,.T.);
#4459=ORIENTED_EDGE('',*,*,#3036,.F.);
#4460=ORIENTED_EDGE('',*,*,#3391,.F.);
#4461=ORIENTED_EDGE('',*,*,#3392,.F.);
#4462=ORIENTED_EDGE('',*,*,#3393,.T.);
#4463=ORIENTED_EDGE('',*,*,#3037,.F.);
#4464=ORIENTED_EDGE('',*,*,#3390,.F.);
#4465=ORIENTED_EDGE('',*,*,#3394,.F.);
#4466=ORIENTED_EDGE('',*,*,#3395,.F.);
#4467=ORIENTED_EDGE('',*,*,#3038,.F.);
#4468=ORIENTED_EDGE('',*,*,#3393,.F.);
#4469=ORIENTED_EDGE('',*,*,#3396,.F.);
#4470=ORIENTED_EDGE('',*,*,#3397,.T.);
#4471=ORIENTED_EDGE('',*,*,#3034,.F.);
#4472=ORIENTED_EDGE('',*,*,#3303,.F.);
#4473=ORIENTED_EDGE('',*,*,#3398,.F.);
#4474=ORIENTED_EDGE('',*,*,#3391,.T.);
#4475=ORIENTED_EDGE('',*,*,#3035,.F.);
#4476=ORIENTED_EDGE('',*,*,#3397,.F.);
#4477=ORIENTED_EDGE('',*,*,#3374,.T.);
#4478=ORIENTED_EDGE('',*,*,#3039,.F.);
#4479=ORIENTED_EDGE('',*,*,#3395,.T.);
#4480=ORIENTED_EDGE('',*,*,#3399,.F.);
#4481=ORIENTED_EDGE('',*,*,#3400,.F.);
#4482=ORIENTED_EDGE('',*,*,#3401,.T.);
#4483=ORIENTED_EDGE('',*,*,#3234,.F.);
#4484=ORIENTED_EDGE('',*,*,#3402,.F.);
#4485=ORIENTED_EDGE('',*,*,#3403,.F.);
#4486=ORIENTED_EDGE('',*,*,#3404,.T.);
#4487=ORIENTED_EDGE('',*,*,#3235,.F.);
#4488=ORIENTED_EDGE('',*,*,#3401,.F.);
#4489=ORIENTED_EDGE('',*,*,#3405,.F.);
#4490=ORIENTED_EDGE('',*,*,#3406,.F.);
#4491=ORIENTED_EDGE('',*,*,#3236,.F.);
#4492=ORIENTED_EDGE('',*,*,#3404,.F.);
#4493=ORIENTED_EDGE('',*,*,#3407,.F.);
#4494=ORIENTED_EDGE('',*,*,#3408,.T.);
#4495=ORIENTED_EDGE('',*,*,#3232,.F.);
#4496=ORIENTED_EDGE('',*,*,#3409,.F.);
#4497=ORIENTED_EDGE('',*,*,#3410,.F.);
#4498=ORIENTED_EDGE('',*,*,#3402,.T.);
#4499=ORIENTED_EDGE('',*,*,#3233,.F.);
#4500=ORIENTED_EDGE('',*,*,#3408,.F.);
#4501=ORIENTED_EDGE('',*,*,#3406,.T.);
#4502=ORIENTED_EDGE('',*,*,#3411,.F.);
#4503=ORIENTED_EDGE('',*,*,#3412,.T.);
#4504=ORIENTED_EDGE('',*,*,#3237,.F.);
#4505=ORIENTED_EDGE('',*,*,#3413,.F.);
#4506=ORIENTED_EDGE('',*,*,#3414,.T.);
#4507=ORIENTED_EDGE('',*,*,#3228,.F.);
#4508=ORIENTED_EDGE('',*,*,#3415,.F.);
#4509=ORIENTED_EDGE('',*,*,#3416,.F.);
#4510=ORIENTED_EDGE('',*,*,#3417,.T.);
#4511=ORIENTED_EDGE('',*,*,#3229,.F.);
#4512=ORIENTED_EDGE('',*,*,#3414,.F.);
#4513=ORIENTED_EDGE('',*,*,#3418,.F.);
#4514=ORIENTED_EDGE('',*,*,#3419,.F.);
#4515=ORIENTED_EDGE('',*,*,#3230,.F.);
#4516=ORIENTED_EDGE('',*,*,#3417,.F.);
#4517=ORIENTED_EDGE('',*,*,#3420,.F.);
#4518=ORIENTED_EDGE('',*,*,#3421,.T.);
#4519=ORIENTED_EDGE('',*,*,#3226,.F.);
#4520=ORIENTED_EDGE('',*,*,#3422,.F.);
#4521=ORIENTED_EDGE('',*,*,#3423,.F.);
#4522=ORIENTED_EDGE('',*,*,#3415,.T.);
#4523=ORIENTED_EDGE('',*,*,#3227,.F.);
#4524=ORIENTED_EDGE('',*,*,#3421,.F.);
#4525=ORIENTED_EDGE('',*,*,#3409,.T.);
#4526=ORIENTED_EDGE('',*,*,#3231,.F.);
#4527=ORIENTED_EDGE('',*,*,#3419,.T.);
#4528=ORIENTED_EDGE('',*,*,#3424,.F.);
#4529=ORIENTED_EDGE('',*,*,#3425,.F.);
#4530=ORIENTED_EDGE('',*,*,#3426,.T.);
#4531=ORIENTED_EDGE('',*,*,#3240,.F.);
#4532=ORIENTED_EDGE('',*,*,#3427,.F.);
#4533=ORIENTED_EDGE('',*,*,#3428,.F.);
#4534=ORIENTED_EDGE('',*,*,#3429,.T.);
#4535=ORIENTED_EDGE('',*,*,#3241,.F.);
#4536=ORIENTED_EDGE('',*,*,#3426,.F.);
#4537=ORIENTED_EDGE('',*,*,#3430,.F.);
#4538=ORIENTED_EDGE('',*,*,#3431,.F.);
#4539=ORIENTED_EDGE('',*,*,#3242,.F.);
#4540=ORIENTED_EDGE('',*,*,#3429,.F.);
#4541=ORIENTED_EDGE('',*,*,#3432,.F.);
#4542=ORIENTED_EDGE('',*,*,#3433,.T.);
#4543=ORIENTED_EDGE('',*,*,#3238,.F.);
#4544=ORIENTED_EDGE('',*,*,#3412,.F.);
#4545=ORIENTED_EDGE('',*,*,#3434,.F.);
#4546=ORIENTED_EDGE('',*,*,#3427,.T.);
#4547=ORIENTED_EDGE('',*,*,#3239,.F.);
#4548=ORIENTED_EDGE('',*,*,#3433,.F.);
#4549=ORIENTED_EDGE('',*,*,#3431,.T.);
#4550=ORIENTED_EDGE('',*,*,#3435,.F.);
#4551=ORIENTED_EDGE('',*,*,#3436,.T.);
#4552=ORIENTED_EDGE('',*,*,#3243,.F.);
#4553=ORIENTED_EDGE('',*,*,#3437,.F.);
#4554=ORIENTED_EDGE('',*,*,#3438,.T.);
#4555=ORIENTED_EDGE('',*,*,#3144,.F.);
#4556=ORIENTED_EDGE('',*,*,#3439,.F.);
#4557=ORIENTED_EDGE('',*,*,#3440,.F.);
#4558=ORIENTED_EDGE('',*,*,#3441,.T.);
#4559=ORIENTED_EDGE('',*,*,#3145,.F.);
#4560=ORIENTED_EDGE('',*,*,#3438,.F.);
#4561=ORIENTED_EDGE('',*,*,#3442,.F.);
#4562=ORIENTED_EDGE('',*,*,#3443,.F.);
#4563=ORIENTED_EDGE('',*,*,#3146,.F.);
#4564=ORIENTED_EDGE('',*,*,#3441,.F.);
#4565=ORIENTED_EDGE('',*,*,#3444,.F.);
#4566=ORIENTED_EDGE('',*,*,#3445,.T.);
#4567=ORIENTED_EDGE('',*,*,#3142,.F.);
#4568=ORIENTED_EDGE('',*,*,#3446,.F.);
#4569=ORIENTED_EDGE('',*,*,#3447,.F.);
#4570=ORIENTED_EDGE('',*,*,#3439,.T.);
#4571=ORIENTED_EDGE('',*,*,#3143,.F.);
#4572=ORIENTED_EDGE('',*,*,#3445,.F.);
#4573=ORIENTED_EDGE('',*,*,#3443,.T.);
#4574=ORIENTED_EDGE('',*,*,#3448,.F.);
#4575=ORIENTED_EDGE('',*,*,#3449,.T.);
#4576=ORIENTED_EDGE('',*,*,#3147,.F.);
#4577=ORIENTED_EDGE('',*,*,#3450,.F.);
#4578=ORIENTED_EDGE('',*,*,#3451,.T.);
#4579=ORIENTED_EDGE('',*,*,#3150,.F.);
#4580=ORIENTED_EDGE('',*,*,#3452,.F.);
#4581=ORIENTED_EDGE('',*,*,#3453,.F.);
#4582=ORIENTED_EDGE('',*,*,#3454,.T.);
#4583=ORIENTED_EDGE('',*,*,#3151,.F.);
#4584=ORIENTED_EDGE('',*,*,#3451,.F.);
#4585=ORIENTED_EDGE('',*,*,#3455,.F.);
#4586=ORIENTED_EDGE('',*,*,#3456,.F.);
#4587=ORIENTED_EDGE('',*,*,#3152,.F.);
#4588=ORIENTED_EDGE('',*,*,#3454,.F.);
#4589=ORIENTED_EDGE('',*,*,#3457,.F.);
#4590=ORIENTED_EDGE('',*,*,#3458,.T.);
#4591=ORIENTED_EDGE('',*,*,#3148,.F.);
#4592=ORIENTED_EDGE('',*,*,#3449,.F.);
#4593=ORIENTED_EDGE('',*,*,#3459,.F.);
#4594=ORIENTED_EDGE('',*,*,#3452,.T.);
#4595=ORIENTED_EDGE('',*,*,#3149,.F.);
#4596=ORIENTED_EDGE('',*,*,#3458,.F.);
#4597=ORIENTED_EDGE('',*,*,#3456,.T.);
#4598=ORIENTED_EDGE('',*,*,#3460,.F.);
#4599=ORIENTED_EDGE('',*,*,#3461,.T.);
#4600=ORIENTED_EDGE('',*,*,#3153,.F.);
#4601=ORIENTED_EDGE('',*,*,#3462,.F.);
#4602=ORIENTED_EDGE('',*,*,#3463,.T.);
#4603=ORIENTED_EDGE('',*,*,#3162,.F.);
#4604=ORIENTED_EDGE('',*,*,#3464,.F.);
#4605=ORIENTED_EDGE('',*,*,#3465,.F.);
#4606=ORIENTED_EDGE('',*,*,#3466,.T.);
#4607=ORIENTED_EDGE('',*,*,#3163,.F.);
#4608=ORIENTED_EDGE('',*,*,#3463,.F.);
#4609=ORIENTED_EDGE('',*,*,#3467,.F.);
#4610=ORIENTED_EDGE('',*,*,#3468,.F.);
#4611=ORIENTED_EDGE('',*,*,#3164,.F.);
#4612=ORIENTED_EDGE('',*,*,#3466,.F.);
#4613=ORIENTED_EDGE('',*,*,#3469,.F.);
#4614=ORIENTED_EDGE('',*,*,#3470,.T.);
#4615=ORIENTED_EDGE('',*,*,#3160,.F.);
#4616=ORIENTED_EDGE('',*,*,#3471,.F.);
#4617=ORIENTED_EDGE('',*,*,#3472,.F.);
#4618=ORIENTED_EDGE('',*,*,#3464,.T.);
#4619=ORIENTED_EDGE('',*,*,#3161,.F.);
#4620=ORIENTED_EDGE('',*,*,#3470,.F.);
#4621=ORIENTED_EDGE('',*,*,#3468,.T.);
#4622=ORIENTED_EDGE('',*,*,#3473,.F.);
#4623=ORIENTED_EDGE('',*,*,#3474,.T.);
#4624=ORIENTED_EDGE('',*,*,#3165,.F.);
#4625=ORIENTED_EDGE('',*,*,#3475,.F.);
#4626=ORIENTED_EDGE('',*,*,#3476,.T.);
#4627=ORIENTED_EDGE('',*,*,#3138,.F.);
#4628=ORIENTED_EDGE('',*,*,#3477,.F.);
#4629=ORIENTED_EDGE('',*,*,#3478,.F.);
#4630=ORIENTED_EDGE('',*,*,#3479,.T.);
#4631=ORIENTED_EDGE('',*,*,#3139,.F.);
#4632=ORIENTED_EDGE('',*,*,#3476,.F.);
#4633=ORIENTED_EDGE('',*,*,#3480,.F.);
#4634=ORIENTED_EDGE('',*,*,#3481,.F.);
#4635=ORIENTED_EDGE('',*,*,#3140,.F.);
#4636=ORIENTED_EDGE('',*,*,#3479,.F.);
#4637=ORIENTED_EDGE('',*,*,#3482,.F.);
#4638=ORIENTED_EDGE('',*,*,#3483,.T.);
#4639=ORIENTED_EDGE('',*,*,#3136,.F.);
#4640=ORIENTED_EDGE('',*,*,#3484,.F.);
#4641=ORIENTED_EDGE('',*,*,#3485,.F.);
#4642=ORIENTED_EDGE('',*,*,#3477,.T.);
#4643=ORIENTED_EDGE('',*,*,#3137,.F.);
#4644=ORIENTED_EDGE('',*,*,#3483,.F.);
#4645=ORIENTED_EDGE('',*,*,#3446,.T.);
#4646=ORIENTED_EDGE('',*,*,#3141,.F.);
#4647=ORIENTED_EDGE('',*,*,#3481,.T.);
#4648=ORIENTED_EDGE('',*,*,#3486,.F.);
#4649=ORIENTED_EDGE('',*,*,#3487,.F.);
#4650=ORIENTED_EDGE('',*,*,#3488,.T.);
#4651=ORIENTED_EDGE('',*,*,#3132,.F.);
#4652=ORIENTED_EDGE('',*,*,#3489,.F.);
#4653=ORIENTED_EDGE('',*,*,#3490,.F.);
#4654=ORIENTED_EDGE('',*,*,#3491,.T.);
#4655=ORIENTED_EDGE('',*,*,#3133,.F.);
#4656=ORIENTED_EDGE('',*,*,#3488,.F.);
#4657=ORIENTED_EDGE('',*,*,#3492,.F.);
#4658=ORIENTED_EDGE('',*,*,#3493,.F.);
#4659=ORIENTED_EDGE('',*,*,#3134,.F.);
#4660=ORIENTED_EDGE('',*,*,#3491,.F.);
#4661=ORIENTED_EDGE('',*,*,#3494,.F.);
#4662=ORIENTED_EDGE('',*,*,#3495,.T.);
#4663=ORIENTED_EDGE('',*,*,#3130,.F.);
#4664=ORIENTED_EDGE('',*,*,#3496,.F.);
#4665=ORIENTED_EDGE('',*,*,#3497,.F.);
#4666=ORIENTED_EDGE('',*,*,#3489,.T.);
#4667=ORIENTED_EDGE('',*,*,#3131,.F.);
#4668=ORIENTED_EDGE('',*,*,#3495,.F.);
#4669=ORIENTED_EDGE('',*,*,#3484,.T.);
#4670=ORIENTED_EDGE('',*,*,#3135,.F.);
#4671=ORIENTED_EDGE('',*,*,#3493,.T.);
#4672=ORIENTED_EDGE('',*,*,#3498,.F.);
#4673=ORIENTED_EDGE('',*,*,#3499,.F.);
#4674=ORIENTED_EDGE('',*,*,#3500,.T.);
#4675=ORIENTED_EDGE('',*,*,#3156,.F.);
#4676=ORIENTED_EDGE('',*,*,#3501,.F.);
#4677=ORIENTED_EDGE('',*,*,#3502,.F.);
#4678=ORIENTED_EDGE('',*,*,#3503,.T.);
#4679=ORIENTED_EDGE('',*,*,#3157,.F.);
#4680=ORIENTED_EDGE('',*,*,#3500,.F.);
#4681=ORIENTED_EDGE('',*,*,#3504,.F.);
#4682=ORIENTED_EDGE('',*,*,#3505,.F.);
#4683=ORIENTED_EDGE('',*,*,#3158,.F.);
#4684=ORIENTED_EDGE('',*,*,#3503,.F.);
#4685=ORIENTED_EDGE('',*,*,#3506,.F.);
#4686=ORIENTED_EDGE('',*,*,#3507,.T.);
#4687=ORIENTED_EDGE('',*,*,#3154,.F.);
#4688=ORIENTED_EDGE('',*,*,#3461,.F.);
#4689=ORIENTED_EDGE('',*,*,#3508,.F.);
#4690=ORIENTED_EDGE('',*,*,#3501,.T.);
#4691=ORIENTED_EDGE('',*,*,#3155,.F.);
#4692=ORIENTED_EDGE('',*,*,#3507,.F.);
#4693=ORIENTED_EDGE('',*,*,#3471,.T.);
#4694=ORIENTED_EDGE('',*,*,#3159,.F.);
#4695=ORIENTED_EDGE('',*,*,#3505,.T.);
#4696=ORIENTED_EDGE('',*,*,#3509,.F.);
#4697=ORIENTED_EDGE('',*,*,#3510,.F.);
#4698=ORIENTED_EDGE('',*,*,#3511,.T.);
#4699=ORIENTED_EDGE('',*,*,#3168,.F.);
#4700=ORIENTED_EDGE('',*,*,#3512,.F.);
#4701=ORIENTED_EDGE('',*,*,#3513,.F.);
#4702=ORIENTED_EDGE('',*,*,#3514,.T.);
#4703=ORIENTED_EDGE('',*,*,#3169,.F.);
#4704=ORIENTED_EDGE('',*,*,#3511,.F.);
#4705=ORIENTED_EDGE('',*,*,#3515,.F.);
#4706=ORIENTED_EDGE('',*,*,#3516,.F.);
#4707=ORIENTED_EDGE('',*,*,#3170,.F.);
#4708=ORIENTED_EDGE('',*,*,#3514,.F.);
#4709=ORIENTED_EDGE('',*,*,#3517,.F.);
#4710=ORIENTED_EDGE('',*,*,#3518,.T.);
#4711=ORIENTED_EDGE('',*,*,#3166,.F.);
#4712=ORIENTED_EDGE('',*,*,#3474,.F.);
#4713=ORIENTED_EDGE('',*,*,#3519,.F.);
#4714=ORIENTED_EDGE('',*,*,#3512,.T.);
#4715=ORIENTED_EDGE('',*,*,#3167,.F.);
#4716=ORIENTED_EDGE('',*,*,#3518,.F.);
#4717=ORIENTED_EDGE('',*,*,#3516,.T.);
#4718=ORIENTED_EDGE('',*,*,#3520,.F.);
#4719=ORIENTED_EDGE('',*,*,#3521,.T.);
#4720=ORIENTED_EDGE('',*,*,#3171,.F.);
#4721=ORIENTED_EDGE('',*,*,#3522,.F.);
#4722=ORIENTED_EDGE('',*,*,#3523,.T.);
#4723=ORIENTED_EDGE('',*,*,#3174,.F.);
#4724=ORIENTED_EDGE('',*,*,#3524,.F.);
#4725=ORIENTED_EDGE('',*,*,#3525,.F.);
#4726=ORIENTED_EDGE('',*,*,#3526,.T.);
#4727=ORIENTED_EDGE('',*,*,#3175,.F.);
#4728=ORIENTED_EDGE('',*,*,#3523,.F.);
#4729=ORIENTED_EDGE('',*,*,#3527,.F.);
#4730=ORIENTED_EDGE('',*,*,#3528,.F.);
#4731=ORIENTED_EDGE('',*,*,#3176,.F.);
#4732=ORIENTED_EDGE('',*,*,#3526,.F.);
#4733=ORIENTED_EDGE('',*,*,#3529,.F.);
#4734=ORIENTED_EDGE('',*,*,#3530,.T.);
#4735=ORIENTED_EDGE('',*,*,#3172,.F.);
#4736=ORIENTED_EDGE('',*,*,#3521,.F.);
#4737=ORIENTED_EDGE('',*,*,#3531,.F.);
#4738=ORIENTED_EDGE('',*,*,#3524,.T.);
#4739=ORIENTED_EDGE('',*,*,#3173,.F.);
#4740=ORIENTED_EDGE('',*,*,#3530,.F.);
#4741=ORIENTED_EDGE('',*,*,#3528,.T.);
#4742=ORIENTED_EDGE('',*,*,#3532,.F.);
#4743=ORIENTED_EDGE('',*,*,#3533,.T.);
#4744=ORIENTED_EDGE('',*,*,#3177,.F.);
#4745=ORIENTED_EDGE('',*,*,#3534,.F.);
#4746=ORIENTED_EDGE('',*,*,#3535,.T.);
#4747=ORIENTED_EDGE('',*,*,#3210,.F.);
#4748=ORIENTED_EDGE('',*,*,#3536,.F.);
#4749=ORIENTED_EDGE('',*,*,#3537,.F.);
#4750=ORIENTED_EDGE('',*,*,#3538,.T.);
#4751=ORIENTED_EDGE('',*,*,#3211,.F.);
#4752=ORIENTED_EDGE('',*,*,#3535,.F.);
#4753=ORIENTED_EDGE('',*,*,#3539,.F.);
#4754=ORIENTED_EDGE('',*,*,#3540,.F.);
#4755=ORIENTED_EDGE('',*,*,#3212,.F.);
#4756=ORIENTED_EDGE('',*,*,#3538,.F.);
#4757=ORIENTED_EDGE('',*,*,#3541,.F.);
#4758=ORIENTED_EDGE('',*,*,#3542,.T.);
#4759=ORIENTED_EDGE('',*,*,#3208,.F.);
#4760=ORIENTED_EDGE('',*,*,#3543,.F.);
#4761=ORIENTED_EDGE('',*,*,#3544,.F.);
#4762=ORIENTED_EDGE('',*,*,#3536,.T.);
#4763=ORIENTED_EDGE('',*,*,#3209,.F.);
#4764=ORIENTED_EDGE('',*,*,#3542,.F.);
#4765=ORIENTED_EDGE('',*,*,#3540,.T.);
#4766=ORIENTED_EDGE('',*,*,#3545,.F.);
#4767=ORIENTED_EDGE('',*,*,#3546,.T.);
#4768=ORIENTED_EDGE('',*,*,#3213,.F.);
#4769=ORIENTED_EDGE('',*,*,#3547,.F.);
#4770=ORIENTED_EDGE('',*,*,#3548,.T.);
#4771=ORIENTED_EDGE('',*,*,#3204,.F.);
#4772=ORIENTED_EDGE('',*,*,#3549,.F.);
#4773=ORIENTED_EDGE('',*,*,#3550,.F.);
#4774=ORIENTED_EDGE('',*,*,#3551,.T.);
#4775=ORIENTED_EDGE('',*,*,#3205,.F.);
#4776=ORIENTED_EDGE('',*,*,#3548,.F.);
#4777=ORIENTED_EDGE('',*,*,#3552,.F.);
#4778=ORIENTED_EDGE('',*,*,#3553,.F.);
#4779=ORIENTED_EDGE('',*,*,#3206,.F.);
#4780=ORIENTED_EDGE('',*,*,#3551,.F.);
#4781=ORIENTED_EDGE('',*,*,#3554,.F.);
#4782=ORIENTED_EDGE('',*,*,#3555,.T.);
#4783=ORIENTED_EDGE('',*,*,#3202,.F.);
#4784=ORIENTED_EDGE('',*,*,#3556,.F.);
#4785=ORIENTED_EDGE('',*,*,#3557,.F.);
#4786=ORIENTED_EDGE('',*,*,#3549,.T.);
#4787=ORIENTED_EDGE('',*,*,#3203,.F.);
#4788=ORIENTED_EDGE('',*,*,#3555,.F.);
#4789=ORIENTED_EDGE('',*,*,#3543,.T.);
#4790=ORIENTED_EDGE('',*,*,#3207,.F.);
#4791=ORIENTED_EDGE('',*,*,#3553,.T.);
#4792=ORIENTED_EDGE('',*,*,#3558,.F.);
#4793=ORIENTED_EDGE('',*,*,#3559,.F.);
#4794=ORIENTED_EDGE('',*,*,#3560,.T.);
#4795=ORIENTED_EDGE('',*,*,#3180,.F.);
#4796=ORIENTED_EDGE('',*,*,#3561,.F.);
#4797=ORIENTED_EDGE('',*,*,#3562,.F.);
#4798=ORIENTED_EDGE('',*,*,#3563,.T.);
#4799=ORIENTED_EDGE('',*,*,#3181,.F.);
#4800=ORIENTED_EDGE('',*,*,#3560,.F.);
#4801=ORIENTED_EDGE('',*,*,#3564,.F.);
#4802=ORIENTED_EDGE('',*,*,#3565,.F.);
#4803=ORIENTED_EDGE('',*,*,#3182,.F.);
#4804=ORIENTED_EDGE('',*,*,#3563,.F.);
#4805=ORIENTED_EDGE('',*,*,#3566,.F.);
#4806=ORIENTED_EDGE('',*,*,#3567,.T.);
#4807=ORIENTED_EDGE('',*,*,#3178,.F.);
#4808=ORIENTED_EDGE('',*,*,#3533,.F.);
#4809=ORIENTED_EDGE('',*,*,#3568,.F.);
#4810=ORIENTED_EDGE('',*,*,#3561,.T.);
#4811=ORIENTED_EDGE('',*,*,#3179,.F.);
#4812=ORIENTED_EDGE('',*,*,#3567,.F.);
#4813=ORIENTED_EDGE('',*,*,#3565,.T.);
#4814=ORIENTED_EDGE('',*,*,#3569,.F.);
#4815=ORIENTED_EDGE('',*,*,#3570,.T.);
#4816=ORIENTED_EDGE('',*,*,#3183,.F.);
#4817=ORIENTED_EDGE('',*,*,#3571,.F.);
#4818=ORIENTED_EDGE('',*,*,#3572,.T.);
#4819=ORIENTED_EDGE('',*,*,#3198,.F.);
#4820=ORIENTED_EDGE('',*,*,#3573,.F.);
#4821=ORIENTED_EDGE('',*,*,#3574,.F.);
#4822=ORIENTED_EDGE('',*,*,#3575,.T.);
#4823=ORIENTED_EDGE('',*,*,#3199,.F.);
#4824=ORIENTED_EDGE('',*,*,#3572,.F.);
#4825=ORIENTED_EDGE('',*,*,#3576,.F.);
#4826=ORIENTED_EDGE('',*,*,#3577,.F.);
#4827=ORIENTED_EDGE('',*,*,#3200,.F.);
#4828=ORIENTED_EDGE('',*,*,#3575,.F.);
#4829=ORIENTED_EDGE('',*,*,#3578,.F.);
#4830=ORIENTED_EDGE('',*,*,#3579,.T.);
#4831=ORIENTED_EDGE('',*,*,#3196,.F.);
#4832=ORIENTED_EDGE('',*,*,#3580,.F.);
#4833=ORIENTED_EDGE('',*,*,#3581,.F.);
#4834=ORIENTED_EDGE('',*,*,#3573,.T.);
#4835=ORIENTED_EDGE('',*,*,#3197,.F.);
#4836=ORIENTED_EDGE('',*,*,#3579,.F.);
#4837=ORIENTED_EDGE('',*,*,#3556,.T.);
#4838=ORIENTED_EDGE('',*,*,#3201,.F.);
#4839=ORIENTED_EDGE('',*,*,#3577,.T.);
#4840=ORIENTED_EDGE('',*,*,#3582,.F.);
#4841=ORIENTED_EDGE('',*,*,#3583,.F.);
#4842=ORIENTED_EDGE('',*,*,#3584,.T.);
#4843=ORIENTED_EDGE('',*,*,#3222,.F.);
#4844=ORIENTED_EDGE('',*,*,#3585,.F.);
#4845=ORIENTED_EDGE('',*,*,#3586,.F.);
#4846=ORIENTED_EDGE('',*,*,#3587,.T.);
#4847=ORIENTED_EDGE('',*,*,#3223,.F.);
#4848=ORIENTED_EDGE('',*,*,#3584,.F.);
#4849=ORIENTED_EDGE('',*,*,#3588,.F.);
#4850=ORIENTED_EDGE('',*,*,#3589,.F.);
#4851=ORIENTED_EDGE('',*,*,#3224,.F.);
#4852=ORIENTED_EDGE('',*,*,#3587,.F.);
#4853=ORIENTED_EDGE('',*,*,#3590,.F.);
#4854=ORIENTED_EDGE('',*,*,#3591,.T.);
#4855=ORIENTED_EDGE('',*,*,#3220,.F.);
#4856=ORIENTED_EDGE('',*,*,#3592,.F.);
#4857=ORIENTED_EDGE('',*,*,#3593,.F.);
#4858=ORIENTED_EDGE('',*,*,#3585,.T.);
#4859=ORIENTED_EDGE('',*,*,#3221,.F.);
#4860=ORIENTED_EDGE('',*,*,#3591,.F.);
#4861=ORIENTED_EDGE('',*,*,#3422,.T.);
#4862=ORIENTED_EDGE('',*,*,#3225,.F.);
#4863=ORIENTED_EDGE('',*,*,#3589,.T.);
#4864=ORIENTED_EDGE('',*,*,#3594,.F.);
#4865=ORIENTED_EDGE('',*,*,#3595,.F.);
#4866=ORIENTED_EDGE('',*,*,#3596,.T.);
#4867=ORIENTED_EDGE('',*,*,#3216,.F.);
#4868=ORIENTED_EDGE('',*,*,#3597,.F.);
#4869=ORIENTED_EDGE('',*,*,#3598,.F.);
#4870=ORIENTED_EDGE('',*,*,#3599,.T.);
#4871=ORIENTED_EDGE('',*,*,#3217,.F.);
#4872=ORIENTED_EDGE('',*,*,#3596,.F.);
#4873=ORIENTED_EDGE('',*,*,#3600,.F.);
#4874=ORIENTED_EDGE('',*,*,#3601,.F.);
#4875=ORIENTED_EDGE('',*,*,#3218,.F.);
#4876=ORIENTED_EDGE('',*,*,#3599,.F.);
#4877=ORIENTED_EDGE('',*,*,#3602,.F.);
#4878=ORIENTED_EDGE('',*,*,#3603,.T.);
#4879=ORIENTED_EDGE('',*,*,#3214,.F.);
#4880=ORIENTED_EDGE('',*,*,#3546,.F.);
#4881=ORIENTED_EDGE('',*,*,#3604,.F.);
#4882=ORIENTED_EDGE('',*,*,#3597,.T.);
#4883=ORIENTED_EDGE('',*,*,#3215,.F.);
#4884=ORIENTED_EDGE('',*,*,#3603,.F.);
#4885=ORIENTED_EDGE('',*,*,#3592,.T.);
#4886=ORIENTED_EDGE('',*,*,#3219,.F.);
#4887=ORIENTED_EDGE('',*,*,#3601,.T.);
#4888=ORIENTED_EDGE('',*,*,#3605,.F.);
#4889=ORIENTED_EDGE('',*,*,#3606,.F.);
#4890=ORIENTED_EDGE('',*,*,#3607,.T.);
#4891=ORIENTED_EDGE('',*,*,#3192,.F.);
#4892=ORIENTED_EDGE('',*,*,#3608,.F.);
#4893=ORIENTED_EDGE('',*,*,#3609,.F.);
#4894=ORIENTED_EDGE('',*,*,#3610,.T.);
#4895=ORIENTED_EDGE('',*,*,#3193,.F.);
#4896=ORIENTED_EDGE('',*,*,#3607,.F.);
#4897=ORIENTED_EDGE('',*,*,#3611,.F.);
#4898=ORIENTED_EDGE('',*,*,#3612,.F.);
#4899=ORIENTED_EDGE('',*,*,#3194,.F.);
#4900=ORIENTED_EDGE('',*,*,#3610,.F.);
#4901=ORIENTED_EDGE('',*,*,#3613,.F.);
#4902=ORIENTED_EDGE('',*,*,#3614,.T.);
#4903=ORIENTED_EDGE('',*,*,#3190,.F.);
#4904=ORIENTED_EDGE('',*,*,#3615,.F.);
#4905=ORIENTED_EDGE('',*,*,#3616,.F.);
#4906=ORIENTED_EDGE('',*,*,#3608,.T.);
#4907=ORIENTED_EDGE('',*,*,#3191,.F.);
#4908=ORIENTED_EDGE('',*,*,#3614,.F.);
#4909=ORIENTED_EDGE('',*,*,#3580,.T.);
#4910=ORIENTED_EDGE('',*,*,#3195,.F.);
#4911=ORIENTED_EDGE('',*,*,#3612,.T.);
#4912=ORIENTED_EDGE('',*,*,#3617,.F.);
#4913=ORIENTED_EDGE('',*,*,#3618,.F.);
#4914=ORIENTED_EDGE('',*,*,#3619,.T.);
#4915=ORIENTED_EDGE('',*,*,#3186,.F.);
#4916=ORIENTED_EDGE('',*,*,#3620,.F.);
#4917=ORIENTED_EDGE('',*,*,#3621,.F.);
#4918=ORIENTED_EDGE('',*,*,#3622,.T.);
#4919=ORIENTED_EDGE('',*,*,#3187,.F.);
#4920=ORIENTED_EDGE('',*,*,#3619,.F.);
#4921=ORIENTED_EDGE('',*,*,#3623,.F.);
#4922=ORIENTED_EDGE('',*,*,#3624,.F.);
#4923=ORIENTED_EDGE('',*,*,#3188,.F.);
#4924=ORIENTED_EDGE('',*,*,#3622,.F.);
#4925=ORIENTED_EDGE('',*,*,#3625,.F.);
#4926=ORIENTED_EDGE('',*,*,#3626,.T.);
#4927=ORIENTED_EDGE('',*,*,#3184,.F.);
#4928=ORIENTED_EDGE('',*,*,#3570,.F.);
#4929=ORIENTED_EDGE('',*,*,#3627,.F.);
#4930=ORIENTED_EDGE('',*,*,#3620,.T.);
#4931=ORIENTED_EDGE('',*,*,#3185,.F.);
#4932=ORIENTED_EDGE('',*,*,#3626,.F.);
#4933=ORIENTED_EDGE('',*,*,#3615,.T.);
#4934=ORIENTED_EDGE('',*,*,#3189,.F.);
#4935=ORIENTED_EDGE('',*,*,#3624,.T.);
#4936=ORIENTED_EDGE('',*,*,#3628,.F.);
#4937=ORIENTED_EDGE('',*,*,#3629,.F.);
#4938=ORIENTED_EDGE('',*,*,#3630,.T.);
#4939=ORIENTED_EDGE('',*,*,#3114,.F.);
#4940=ORIENTED_EDGE('',*,*,#3631,.F.);
#4941=ORIENTED_EDGE('',*,*,#3632,.F.);
#4942=ORIENTED_EDGE('',*,*,#3633,.T.);
#4943=ORIENTED_EDGE('',*,*,#3115,.F.);
#4944=ORIENTED_EDGE('',*,*,#3630,.F.);
#4945=ORIENTED_EDGE('',*,*,#3634,.F.);
#4946=ORIENTED_EDGE('',*,*,#3635,.F.);
#4947=ORIENTED_EDGE('',*,*,#3116,.F.);
#4948=ORIENTED_EDGE('',*,*,#3633,.F.);
#4949=ORIENTED_EDGE('',*,*,#3636,.F.);
#4950=ORIENTED_EDGE('',*,*,#3637,.T.);
#4951=ORIENTED_EDGE('',*,*,#3112,.F.);
#4952=ORIENTED_EDGE('',*,*,#3638,.F.);
#4953=ORIENTED_EDGE('',*,*,#3639,.F.);
#4954=ORIENTED_EDGE('',*,*,#3631,.T.);
#4955=ORIENTED_EDGE('',*,*,#3113,.F.);
#4956=ORIENTED_EDGE('',*,*,#3637,.F.);
#4957=ORIENTED_EDGE('',*,*,#3635,.T.);
#4958=ORIENTED_EDGE('',*,*,#3640,.F.);
#4959=ORIENTED_EDGE('',*,*,#3641,.T.);
#4960=ORIENTED_EDGE('',*,*,#3117,.F.);
#4961=ORIENTED_EDGE('',*,*,#3642,.F.);
#4962=ORIENTED_EDGE('',*,*,#3643,.T.);
#4963=ORIENTED_EDGE('',*,*,#3108,.F.);
#4964=ORIENTED_EDGE('',*,*,#3644,.F.);
#4965=ORIENTED_EDGE('',*,*,#3645,.F.);
#4966=ORIENTED_EDGE('',*,*,#3646,.T.);
#4967=ORIENTED_EDGE('',*,*,#3109,.F.);
#4968=ORIENTED_EDGE('',*,*,#3643,.F.);
#4969=ORIENTED_EDGE('',*,*,#3647,.F.);
#4970=ORIENTED_EDGE('',*,*,#3648,.F.);
#4971=ORIENTED_EDGE('',*,*,#3110,.F.);
#4972=ORIENTED_EDGE('',*,*,#3646,.F.);
#4973=ORIENTED_EDGE('',*,*,#3649,.F.);
#4974=ORIENTED_EDGE('',*,*,#3650,.T.);
#4975=ORIENTED_EDGE('',*,*,#3106,.F.);
#4976=ORIENTED_EDGE('',*,*,#3651,.F.);
#4977=ORIENTED_EDGE('',*,*,#3652,.F.);
#4978=ORIENTED_EDGE('',*,*,#3644,.T.);
#4979=ORIENTED_EDGE('',*,*,#3107,.F.);
#4980=ORIENTED_EDGE('',*,*,#3650,.F.);
#4981=ORIENTED_EDGE('',*,*,#3638,.T.);
#4982=ORIENTED_EDGE('',*,*,#3111,.F.);
#4983=ORIENTED_EDGE('',*,*,#3648,.T.);
#4984=ORIENTED_EDGE('',*,*,#3653,.F.);
#4985=ORIENTED_EDGE('',*,*,#3654,.F.);
#4986=ORIENTED_EDGE('',*,*,#3655,.T.);
#4987=ORIENTED_EDGE('',*,*,#3102,.F.);
#4988=ORIENTED_EDGE('',*,*,#3656,.F.);
#4989=ORIENTED_EDGE('',*,*,#3657,.F.);
#4990=ORIENTED_EDGE('',*,*,#3658,.T.);
#4991=ORIENTED_EDGE('',*,*,#3103,.F.);
#4992=ORIENTED_EDGE('',*,*,#3655,.F.);
#4993=ORIENTED_EDGE('',*,*,#3659,.F.);
#4994=ORIENTED_EDGE('',*,*,#3660,.F.);
#4995=ORIENTED_EDGE('',*,*,#3104,.F.);
#4996=ORIENTED_EDGE('',*,*,#3658,.F.);
#4997=ORIENTED_EDGE('',*,*,#3661,.F.);
#4998=ORIENTED_EDGE('',*,*,#3662,.T.);
#4999=ORIENTED_EDGE('',*,*,#3100,.F.);
#5000=ORIENTED_EDGE('',*,*,#3663,.F.);
#5001=ORIENTED_EDGE('',*,*,#3664,.F.);
#5002=ORIENTED_EDGE('',*,*,#3656,.T.);
#5003=ORIENTED_EDGE('',*,*,#3101,.F.);
#5004=ORIENTED_EDGE('',*,*,#3662,.F.);
#5005=ORIENTED_EDGE('',*,*,#3651,.T.);
#5006=ORIENTED_EDGE('',*,*,#3105,.F.);
#5007=ORIENTED_EDGE('',*,*,#3660,.T.);
#5008=ORIENTED_EDGE('',*,*,#3665,.F.);
#5009=ORIENTED_EDGE('',*,*,#3666,.F.);
#5010=ORIENTED_EDGE('',*,*,#3667,.T.);
#5011=ORIENTED_EDGE('',*,*,#3096,.F.);
#5012=ORIENTED_EDGE('',*,*,#3668,.F.);
#5013=ORIENTED_EDGE('',*,*,#3669,.F.);
#5014=ORIENTED_EDGE('',*,*,#3670,.T.);
#5015=ORIENTED_EDGE('',*,*,#3097,.F.);
#5016=ORIENTED_EDGE('',*,*,#3667,.F.);
#5017=ORIENTED_EDGE('',*,*,#3671,.F.);
#5018=ORIENTED_EDGE('',*,*,#3672,.F.);
#5019=ORIENTED_EDGE('',*,*,#3098,.F.);
#5020=ORIENTED_EDGE('',*,*,#3670,.F.);
#5021=ORIENTED_EDGE('',*,*,#3673,.F.);
#5022=ORIENTED_EDGE('',*,*,#3674,.T.);
#5023=ORIENTED_EDGE('',*,*,#3094,.F.);
#5024=ORIENTED_EDGE('',*,*,#3675,.F.);
#5025=ORIENTED_EDGE('',*,*,#3676,.F.);
#5026=ORIENTED_EDGE('',*,*,#3668,.T.);
#5027=ORIENTED_EDGE('',*,*,#3095,.F.);
#5028=ORIENTED_EDGE('',*,*,#3674,.F.);
#5029=ORIENTED_EDGE('',*,*,#3663,.T.);
#5030=ORIENTED_EDGE('',*,*,#3099,.F.);
#5031=ORIENTED_EDGE('',*,*,#3672,.T.);
#5032=ORIENTED_EDGE('',*,*,#3677,.F.);
#5033=ORIENTED_EDGE('',*,*,#3678,.F.);
#5034=ORIENTED_EDGE('',*,*,#3679,.T.);
#5035=ORIENTED_EDGE('',*,*,#3090,.F.);
#5036=ORIENTED_EDGE('',*,*,#3680,.F.);
#5037=ORIENTED_EDGE('',*,*,#3681,.F.);
#5038=ORIENTED_EDGE('',*,*,#3682,.T.);
#5039=ORIENTED_EDGE('',*,*,#3091,.F.);
#5040=ORIENTED_EDGE('',*,*,#3679,.F.);
#5041=ORIENTED_EDGE('',*,*,#3683,.F.);
#5042=ORIENTED_EDGE('',*,*,#3684,.F.);
#5043=ORIENTED_EDGE('',*,*,#3092,.F.);
#5044=ORIENTED_EDGE('',*,*,#3682,.F.);
#5045=ORIENTED_EDGE('',*,*,#3685,.F.);
#5046=ORIENTED_EDGE('',*,*,#3686,.T.);
#5047=ORIENTED_EDGE('',*,*,#3088,.F.);
#5048=ORIENTED_EDGE('',*,*,#3687,.F.);
#5049=ORIENTED_EDGE('',*,*,#3688,.F.);
#5050=ORIENTED_EDGE('',*,*,#3680,.T.);
#5051=ORIENTED_EDGE('',*,*,#3089,.F.);
#5052=ORIENTED_EDGE('',*,*,#3686,.F.);
#5053=ORIENTED_EDGE('',*,*,#3675,.T.);
#5054=ORIENTED_EDGE('',*,*,#3093,.F.);
#5055=ORIENTED_EDGE('',*,*,#3684,.T.);
#5056=ORIENTED_EDGE('',*,*,#3689,.F.);
#5057=ORIENTED_EDGE('',*,*,#3690,.F.);
#5058=ORIENTED_EDGE('',*,*,#3691,.T.);
#5059=ORIENTED_EDGE('',*,*,#3084,.F.);
#5060=ORIENTED_EDGE('',*,*,#3692,.F.);
#5061=ORIENTED_EDGE('',*,*,#3693,.F.);
#5062=ORIENTED_EDGE('',*,*,#3694,.T.);
#5063=ORIENTED_EDGE('',*,*,#3085,.F.);
#5064=ORIENTED_EDGE('',*,*,#3691,.F.);
#5065=ORIENTED_EDGE('',*,*,#3695,.F.);
#5066=ORIENTED_EDGE('',*,*,#3696,.F.);
#5067=ORIENTED_EDGE('',*,*,#3086,.F.);
#5068=ORIENTED_EDGE('',*,*,#3694,.F.);
#5069=ORIENTED_EDGE('',*,*,#3697,.F.);
#5070=ORIENTED_EDGE('',*,*,#3698,.T.);
#5071=ORIENTED_EDGE('',*,*,#3082,.F.);
#5072=ORIENTED_EDGE('',*,*,#3329,.F.);
#5073=ORIENTED_EDGE('',*,*,#3699,.F.);
#5074=ORIENTED_EDGE('',*,*,#3692,.T.);
#5075=ORIENTED_EDGE('',*,*,#3083,.F.);
#5076=ORIENTED_EDGE('',*,*,#3698,.F.);
#5077=ORIENTED_EDGE('',*,*,#3687,.T.);
#5078=ORIENTED_EDGE('',*,*,#3087,.F.);
#5079=ORIENTED_EDGE('',*,*,#3696,.T.);
#5080=ORIENTED_EDGE('',*,*,#3700,.F.);
#5081=ORIENTED_EDGE('',*,*,#3701,.F.);
#5082=ORIENTED_EDGE('',*,*,#3702,.T.);
#5083=ORIENTED_EDGE('',*,*,#3126,.F.);
#5084=ORIENTED_EDGE('',*,*,#3703,.F.);
#5085=ORIENTED_EDGE('',*,*,#3704,.F.);
#5086=ORIENTED_EDGE('',*,*,#3705,.T.);
#5087=ORIENTED_EDGE('',*,*,#3127,.F.);
#5088=ORIENTED_EDGE('',*,*,#3702,.F.);
#5089=ORIENTED_EDGE('',*,*,#3706,.F.);
#5090=ORIENTED_EDGE('',*,*,#3707,.F.);
#5091=ORIENTED_EDGE('',*,*,#3128,.F.);
#5092=ORIENTED_EDGE('',*,*,#3705,.F.);
#5093=ORIENTED_EDGE('',*,*,#3708,.F.);
#5094=ORIENTED_EDGE('',*,*,#3709,.T.);
#5095=ORIENTED_EDGE('',*,*,#3124,.F.);
#5096=ORIENTED_EDGE('',*,*,#3710,.F.);
#5097=ORIENTED_EDGE('',*,*,#3711,.F.);
#5098=ORIENTED_EDGE('',*,*,#3703,.T.);
#5099=ORIENTED_EDGE('',*,*,#3125,.F.);
#5100=ORIENTED_EDGE('',*,*,#3709,.F.);
#5101=ORIENTED_EDGE('',*,*,#3496,.T.);
#5102=ORIENTED_EDGE('',*,*,#3129,.F.);
#5103=ORIENTED_EDGE('',*,*,#3707,.T.);
#5104=ORIENTED_EDGE('',*,*,#3712,.F.);
#5105=ORIENTED_EDGE('',*,*,#3713,.F.);
#5106=ORIENTED_EDGE('',*,*,#3714,.T.);
#5107=ORIENTED_EDGE('',*,*,#3120,.F.);
#5108=ORIENTED_EDGE('',*,*,#3715,.F.);
#5109=ORIENTED_EDGE('',*,*,#3716,.F.);
#5110=ORIENTED_EDGE('',*,*,#3717,.T.);
#5111=ORIENTED_EDGE('',*,*,#3121,.F.);
#5112=ORIENTED_EDGE('',*,*,#3714,.F.);
#5113=ORIENTED_EDGE('',*,*,#3718,.F.);
#5114=ORIENTED_EDGE('',*,*,#3719,.F.);
#5115=ORIENTED_EDGE('',*,*,#3122,.F.);
#5116=ORIENTED_EDGE('',*,*,#3717,.F.);
#5117=ORIENTED_EDGE('',*,*,#3720,.F.);
#5118=ORIENTED_EDGE('',*,*,#3721,.T.);
#5119=ORIENTED_EDGE('',*,*,#3118,.F.);
#5120=ORIENTED_EDGE('',*,*,#3641,.F.);
#5121=ORIENTED_EDGE('',*,*,#3722,.F.);
#5122=ORIENTED_EDGE('',*,*,#3715,.T.);
#5123=ORIENTED_EDGE('',*,*,#3119,.F.);
#5124=ORIENTED_EDGE('',*,*,#3721,.F.);
#5125=ORIENTED_EDGE('',*,*,#3710,.T.);
#5126=ORIENTED_EDGE('',*,*,#3123,.F.);
#5127=ORIENTED_EDGE('',*,*,#3719,.T.);
#5128=ORIENTED_EDGE('',*,*,#3723,.F.);
#5129=ORIENTED_EDGE('',*,*,#3724,.F.);
#5130=ORIENTED_EDGE('',*,*,#3725,.T.);
#5131=ORIENTED_EDGE('',*,*,#3018,.F.);
#5132=ORIENTED_EDGE('',*,*,#3726,.F.);
#5133=ORIENTED_EDGE('',*,*,#3727,.F.);
#5134=ORIENTED_EDGE('',*,*,#3728,.T.);
#5135=ORIENTED_EDGE('',*,*,#3019,.F.);
#5136=ORIENTED_EDGE('',*,*,#3725,.F.);
#5137=ORIENTED_EDGE('',*,*,#3729,.F.);
#5138=ORIENTED_EDGE('',*,*,#3730,.F.);
#5139=ORIENTED_EDGE('',*,*,#3020,.F.);
#5140=ORIENTED_EDGE('',*,*,#3728,.F.);
#5141=ORIENTED_EDGE('',*,*,#3731,.F.);
#5142=ORIENTED_EDGE('',*,*,#3732,.T.);
#5143=ORIENTED_EDGE('',*,*,#3244,.F.);
#5144=ORIENTED_EDGE('',*,*,#3436,.F.);
#5145=ORIENTED_EDGE('',*,*,#3733,.F.);
#5146=ORIENTED_EDGE('',*,*,#3726,.T.);
#5147=ORIENTED_EDGE('',*,*,#3245,.F.);
#5148=ORIENTED_EDGE('',*,*,#3732,.F.);
#5149=ORIENTED_EDGE('',*,*,#3248,.F.);
#5150=ORIENTED_EDGE('',*,*,#3249,.F.);
#5151=ORIENTED_EDGE('',*,*,#3734,.T.);
#5152=ORIENTED_EDGE('',*,*,#3735,.T.);
#5153=ORIENTED_EDGE('',*,*,#3736,.T.);
#5154=ORIENTED_EDGE('',*,*,#3734,.F.);
#5155=ORIENTED_EDGE('',*,*,#3288,.T.);
#5156=ORIENTED_EDGE('',*,*,#3021,.F.);
#5157=ORIENTED_EDGE('',*,*,#3730,.T.);
#5158=ORIENTED_EDGE('',*,*,#3737,.F.);
#5159=ORIENTED_EDGE('',*,*,#3252,.T.);
#5160=ORIENTED_EDGE('',*,*,#3724,.T.);
#5161=ORIENTED_EDGE('',*,*,#3733,.T.);
#5162=ORIENTED_EDGE('',*,*,#3731,.T.);
#5163=ORIENTED_EDGE('',*,*,#3435,.T.);
#5164=ORIENTED_EDGE('',*,*,#3430,.T.);
#5165=ORIENTED_EDGE('',*,*,#3428,.T.);
#5166=ORIENTED_EDGE('',*,*,#3425,.T.);
#5167=ORIENTED_EDGE('',*,*,#3434,.T.);
#5168=ORIENTED_EDGE('',*,*,#3432,.T.);
#5169=ORIENTED_EDGE('',*,*,#3411,.T.);
#5170=ORIENTED_EDGE('',*,*,#3405,.T.);
#5171=ORIENTED_EDGE('',*,*,#3403,.T.);
#5172=ORIENTED_EDGE('',*,*,#3400,.T.);
#5173=ORIENTED_EDGE('',*,*,#3410,.T.);
#5174=ORIENTED_EDGE('',*,*,#3407,.T.);
#5175=ORIENTED_EDGE('',*,*,#3424,.T.);
#5176=ORIENTED_EDGE('',*,*,#3418,.T.);
#5177=ORIENTED_EDGE('',*,*,#3416,.T.);
#5178=ORIENTED_EDGE('',*,*,#3413,.T.);
#5179=ORIENTED_EDGE('',*,*,#3423,.T.);
#5180=ORIENTED_EDGE('',*,*,#3420,.T.);
#5181=ORIENTED_EDGE('',*,*,#3594,.T.);
#5182=ORIENTED_EDGE('',*,*,#3588,.T.);
#5183=ORIENTED_EDGE('',*,*,#3586,.T.);
#5184=ORIENTED_EDGE('',*,*,#3583,.T.);
#5185=ORIENTED_EDGE('',*,*,#3593,.T.);
#5186=ORIENTED_EDGE('',*,*,#3590,.T.);
#5187=ORIENTED_EDGE('',*,*,#3605,.T.);
#5188=ORIENTED_EDGE('',*,*,#3600,.T.);
#5189=ORIENTED_EDGE('',*,*,#3598,.T.);
#5190=ORIENTED_EDGE('',*,*,#3595,.T.);
#5191=ORIENTED_EDGE('',*,*,#3604,.T.);
#5192=ORIENTED_EDGE('',*,*,#3602,.T.);
#5193=ORIENTED_EDGE('',*,*,#3545,.T.);
#5194=ORIENTED_EDGE('',*,*,#3539,.T.);
#5195=ORIENTED_EDGE('',*,*,#3537,.T.);
#5196=ORIENTED_EDGE('',*,*,#3534,.T.);
#5197=ORIENTED_EDGE('',*,*,#3544,.T.);
#5198=ORIENTED_EDGE('',*,*,#3541,.T.);
#5199=ORIENTED_EDGE('',*,*,#3558,.T.);
#5200=ORIENTED_EDGE('',*,*,#3552,.T.);
#5201=ORIENTED_EDGE('',*,*,#3550,.T.);
#5202=ORIENTED_EDGE('',*,*,#3547,.T.);
#5203=ORIENTED_EDGE('',*,*,#3557,.T.);
#5204=ORIENTED_EDGE('',*,*,#3554,.T.);
#5205=ORIENTED_EDGE('',*,*,#3582,.T.);
#5206=ORIENTED_EDGE('',*,*,#3576,.T.);
#5207=ORIENTED_EDGE('',*,*,#3574,.T.);
#5208=ORIENTED_EDGE('',*,*,#3571,.T.);
#5209=ORIENTED_EDGE('',*,*,#3581,.T.);
#5210=ORIENTED_EDGE('',*,*,#3578,.T.);
#5211=ORIENTED_EDGE('',*,*,#3617,.T.);
#5212=ORIENTED_EDGE('',*,*,#3611,.T.);
#5213=ORIENTED_EDGE('',*,*,#3609,.T.);
#5214=ORIENTED_EDGE('',*,*,#3606,.T.);
#5215=ORIENTED_EDGE('',*,*,#3616,.T.);
#5216=ORIENTED_EDGE('',*,*,#3613,.T.);
#5217=ORIENTED_EDGE('',*,*,#3628,.T.);
#5218=ORIENTED_EDGE('',*,*,#3623,.T.);
#5219=ORIENTED_EDGE('',*,*,#3621,.T.);
#5220=ORIENTED_EDGE('',*,*,#3618,.T.);
#5221=ORIENTED_EDGE('',*,*,#3627,.T.);
#5222=ORIENTED_EDGE('',*,*,#3625,.T.);
#5223=ORIENTED_EDGE('',*,*,#3569,.T.);
#5224=ORIENTED_EDGE('',*,*,#3564,.T.);
#5225=ORIENTED_EDGE('',*,*,#3562,.T.);
#5226=ORIENTED_EDGE('',*,*,#3559,.T.);
#5227=ORIENTED_EDGE('',*,*,#3568,.T.);
#5228=ORIENTED_EDGE('',*,*,#3566,.T.);
#5229=ORIENTED_EDGE('',*,*,#3532,.T.);
#5230=ORIENTED_EDGE('',*,*,#3527,.T.);
#5231=ORIENTED_EDGE('',*,*,#3525,.T.);
#5232=ORIENTED_EDGE('',*,*,#3522,.T.);
#5233=ORIENTED_EDGE('',*,*,#3531,.T.);
#5234=ORIENTED_EDGE('',*,*,#3529,.T.);
#5235=ORIENTED_EDGE('',*,*,#3520,.T.);
#5236=ORIENTED_EDGE('',*,*,#3515,.T.);
#5237=ORIENTED_EDGE('',*,*,#3513,.T.);
#5238=ORIENTED_EDGE('',*,*,#3510,.T.);
#5239=ORIENTED_EDGE('',*,*,#3519,.T.);
#5240=ORIENTED_EDGE('',*,*,#3517,.T.);
#5241=ORIENTED_EDGE('',*,*,#3473,.T.);
#5242=ORIENTED_EDGE('',*,*,#3467,.T.);
#5243=ORIENTED_EDGE('',*,*,#3465,.T.);
#5244=ORIENTED_EDGE('',*,*,#3462,.T.);
#5245=ORIENTED_EDGE('',*,*,#3472,.T.);
#5246=ORIENTED_EDGE('',*,*,#3469,.T.);
#5247=ORIENTED_EDGE('',*,*,#3509,.T.);
#5248=ORIENTED_EDGE('',*,*,#3504,.T.);
#5249=ORIENTED_EDGE('',*,*,#3502,.T.);
#5250=ORIENTED_EDGE('',*,*,#3499,.T.);
#5251=ORIENTED_EDGE('',*,*,#3508,.T.);
#5252=ORIENTED_EDGE('',*,*,#3506,.T.);
#5253=ORIENTED_EDGE('',*,*,#3460,.T.);
#5254=ORIENTED_EDGE('',*,*,#3455,.T.);
#5255=ORIENTED_EDGE('',*,*,#3453,.T.);
#5256=ORIENTED_EDGE('',*,*,#3450,.T.);
#5257=ORIENTED_EDGE('',*,*,#3459,.T.);
#5258=ORIENTED_EDGE('',*,*,#3457,.T.);
#5259=ORIENTED_EDGE('',*,*,#3448,.T.);
#5260=ORIENTED_EDGE('',*,*,#3442,.T.);
#5261=ORIENTED_EDGE('',*,*,#3440,.T.);
#5262=ORIENTED_EDGE('',*,*,#3437,.T.);
#5263=ORIENTED_EDGE('',*,*,#3447,.T.);
#5264=ORIENTED_EDGE('',*,*,#3444,.T.);
#5265=ORIENTED_EDGE('',*,*,#3486,.T.);
#5266=ORIENTED_EDGE('',*,*,#3480,.T.);
#5267=ORIENTED_EDGE('',*,*,#3478,.T.);
#5268=ORIENTED_EDGE('',*,*,#3475,.T.);
#5269=ORIENTED_EDGE('',*,*,#3485,.T.);
#5270=ORIENTED_EDGE('',*,*,#3482,.T.);
#5271=ORIENTED_EDGE('',*,*,#3498,.T.);
#5272=ORIENTED_EDGE('',*,*,#3492,.T.);
#5273=ORIENTED_EDGE('',*,*,#3490,.T.);
#5274=ORIENTED_EDGE('',*,*,#3487,.T.);
#5275=ORIENTED_EDGE('',*,*,#3497,.T.);
#5276=ORIENTED_EDGE('',*,*,#3494,.T.);
#5277=ORIENTED_EDGE('',*,*,#3712,.T.);
#5278=ORIENTED_EDGE('',*,*,#3706,.T.);
#5279=ORIENTED_EDGE('',*,*,#3704,.T.);
#5280=ORIENTED_EDGE('',*,*,#3701,.T.);
#5281=ORIENTED_EDGE('',*,*,#3711,.T.);
#5282=ORIENTED_EDGE('',*,*,#3708,.T.);
#5283=ORIENTED_EDGE('',*,*,#3723,.T.);
#5284=ORIENTED_EDGE('',*,*,#3718,.T.);
#5285=ORIENTED_EDGE('',*,*,#3716,.T.);
#5286=ORIENTED_EDGE('',*,*,#3713,.T.);
#5287=ORIENTED_EDGE('',*,*,#3722,.T.);
#5288=ORIENTED_EDGE('',*,*,#3720,.T.);
#5289=ORIENTED_EDGE('',*,*,#3640,.T.);
#5290=ORIENTED_EDGE('',*,*,#3634,.T.);
#5291=ORIENTED_EDGE('',*,*,#3632,.T.);
#5292=ORIENTED_EDGE('',*,*,#3629,.T.);
#5293=ORIENTED_EDGE('',*,*,#3639,.T.);
#5294=ORIENTED_EDGE('',*,*,#3636,.T.);
#5295=ORIENTED_EDGE('',*,*,#3653,.T.);
#5296=ORIENTED_EDGE('',*,*,#3647,.T.);
#5297=ORIENTED_EDGE('',*,*,#3645,.T.);
#5298=ORIENTED_EDGE('',*,*,#3642,.T.);
#5299=ORIENTED_EDGE('',*,*,#3652,.T.);
#5300=ORIENTED_EDGE('',*,*,#3649,.T.);
#5301=ORIENTED_EDGE('',*,*,#3665,.T.);
#5302=ORIENTED_EDGE('',*,*,#3659,.T.);
#5303=ORIENTED_EDGE('',*,*,#3657,.T.);
#5304=ORIENTED_EDGE('',*,*,#3654,.T.);
#5305=ORIENTED_EDGE('',*,*,#3664,.T.);
#5306=ORIENTED_EDGE('',*,*,#3661,.T.);
#5307=ORIENTED_EDGE('',*,*,#3677,.T.);
#5308=ORIENTED_EDGE('',*,*,#3671,.T.);
#5309=ORIENTED_EDGE('',*,*,#3669,.T.);
#5310=ORIENTED_EDGE('',*,*,#3666,.T.);
#5311=ORIENTED_EDGE('',*,*,#3676,.T.);
#5312=ORIENTED_EDGE('',*,*,#3673,.T.);
#5313=ORIENTED_EDGE('',*,*,#3689,.T.);
#5314=ORIENTED_EDGE('',*,*,#3683,.T.);
#5315=ORIENTED_EDGE('',*,*,#3681,.T.);
#5316=ORIENTED_EDGE('',*,*,#3678,.T.);
#5317=ORIENTED_EDGE('',*,*,#3688,.T.);
#5318=ORIENTED_EDGE('',*,*,#3685,.T.);
#5319=ORIENTED_EDGE('',*,*,#3700,.T.);
#5320=ORIENTED_EDGE('',*,*,#3695,.T.);
#5321=ORIENTED_EDGE('',*,*,#3693,.T.);
#5322=ORIENTED_EDGE('',*,*,#3690,.T.);
#5323=ORIENTED_EDGE('',*,*,#3699,.T.);
#5324=ORIENTED_EDGE('',*,*,#3697,.T.);
#5325=ORIENTED_EDGE('',*,*,#3328,.T.);
#5326=ORIENTED_EDGE('',*,*,#3322,.T.);
#5327=ORIENTED_EDGE('',*,*,#3320,.T.);
#5328=ORIENTED_EDGE('',*,*,#3317,.T.);
#5329=ORIENTED_EDGE('',*,*,#3327,.T.);
#5330=ORIENTED_EDGE('',*,*,#3324,.T.);
#5331=ORIENTED_EDGE('',*,*,#3341,.T.);
#5332=ORIENTED_EDGE('',*,*,#3335,.T.);
#5333=ORIENTED_EDGE('',*,*,#3333,.T.);
#5334=ORIENTED_EDGE('',*,*,#3330,.T.);
#5335=ORIENTED_EDGE('',*,*,#3340,.T.);
#5336=ORIENTED_EDGE('',*,*,#3337,.T.);
#5337=ORIENTED_EDGE('',*,*,#3353,.T.);
#5338=ORIENTED_EDGE('',*,*,#3347,.T.);
#5339=ORIENTED_EDGE('',*,*,#3345,.T.);
#5340=ORIENTED_EDGE('',*,*,#3342,.T.);
#5341=ORIENTED_EDGE('',*,*,#3352,.T.);
#5342=ORIENTED_EDGE('',*,*,#3349,.T.);
#5343=ORIENTED_EDGE('',*,*,#3364,.T.);
#5344=ORIENTED_EDGE('',*,*,#3359,.T.);
#5345=ORIENTED_EDGE('',*,*,#3357,.T.);
#5346=ORIENTED_EDGE('',*,*,#3354,.T.);
#5347=ORIENTED_EDGE('',*,*,#3363,.T.);
#5348=ORIENTED_EDGE('',*,*,#3361,.T.);
#5349=ORIENTED_EDGE('',*,*,#3315,.T.);
#5350=ORIENTED_EDGE('',*,*,#3309,.T.);
#5351=ORIENTED_EDGE('',*,*,#3307,.T.);
#5352=ORIENTED_EDGE('',*,*,#3304,.T.);
#5353=ORIENTED_EDGE('',*,*,#3314,.T.);
#5354=ORIENTED_EDGE('',*,*,#3311,.T.);
#5355=ORIENTED_EDGE('',*,*,#3388,.T.);
#5356=ORIENTED_EDGE('',*,*,#3383,.T.);
#5357=ORIENTED_EDGE('',*,*,#3381,.T.);
#5358=ORIENTED_EDGE('',*,*,#3378,.T.);
#5359=ORIENTED_EDGE('',*,*,#3387,.T.);
#5360=ORIENTED_EDGE('',*,*,#3385,.T.);
#5361=ORIENTED_EDGE('',*,*,#3376,.T.);
#5362=ORIENTED_EDGE('',*,*,#3370,.T.);
#5363=ORIENTED_EDGE('',*,*,#3368,.T.);
#5364=ORIENTED_EDGE('',*,*,#3365,.T.);
#5365=ORIENTED_EDGE('',*,*,#3375,.T.);
#5366=ORIENTED_EDGE('',*,*,#3372,.T.);
#5367=ORIENTED_EDGE('',*,*,#3399,.T.);
#5368=ORIENTED_EDGE('',*,*,#3394,.T.);
#5369=ORIENTED_EDGE('',*,*,#3392,.T.);
#5370=ORIENTED_EDGE('',*,*,#3389,.T.);
#5371=ORIENTED_EDGE('',*,*,#3398,.T.);
#5372=ORIENTED_EDGE('',*,*,#3396,.T.);
#5373=ORIENTED_EDGE('',*,*,#3302,.T.);
#5374=ORIENTED_EDGE('',*,*,#3297,.T.);
#5375=ORIENTED_EDGE('',*,*,#3295,.T.);
#5376=ORIENTED_EDGE('',*,*,#3292,.T.);
#5377=ORIENTED_EDGE('',*,*,#3301,.T.);
#5378=ORIENTED_EDGE('',*,*,#3299,.T.);
#5379=ORIENTED_EDGE('',*,*,#3290,.T.);
#5380=ORIENTED_EDGE('',*,*,#3284,.T.);
#5381=ORIENTED_EDGE('',*,*,#3282,.T.);
#5382=ORIENTED_EDGE('',*,*,#3279,.T.);
#5383=ORIENTED_EDGE('',*,*,#3289,.T.);
#5384=ORIENTED_EDGE('',*,*,#3286,.T.);
#5385=ORIENTED_EDGE('',*,*,#3737,.T.);
#5386=ORIENTED_EDGE('',*,*,#3729,.T.);
#5387=ORIENTED_EDGE('',*,*,#3727,.T.);
#5388=ORIENTED_EDGE('',*,*,#3260,.T.);
#5389=ORIENTED_EDGE('',*,*,#3274,.F.);
#5390=ORIENTED_EDGE('',*,*,#3738,.F.);
#5391=ORIENTED_EDGE('',*,*,#3739,.F.);
#5392=ORIENTED_EDGE('',*,*,#3740,.F.);
#5393=ORIENTED_EDGE('',*,*,#3741,.F.);
#5394=ORIENTED_EDGE('',*,*,#3742,.F.);
#5395=ORIENTED_EDGE('',*,*,#3743,.F.);
#5396=ORIENTED_EDGE('',*,*,#3264,.T.);
#5397=ORIENTED_EDGE('',*,*,#3270,.F.);
#5398=ORIENTED_EDGE('',*,*,#3744,.F.);
#5399=ORIENTED_EDGE('',*,*,#3745,.F.);
#5400=ORIENTED_EDGE('',*,*,#3746,.F.);
#5401=ORIENTED_EDGE('',*,*,#3747,.F.);
#5402=ORIENTED_EDGE('',*,*,#3748,.F.);
#5403=ORIENTED_EDGE('',*,*,#3749,.F.);
#5404=ORIENTED_EDGE('',*,*,#3750,.F.);
#5405=ORIENTED_EDGE('',*,*,#3751,.T.);
#5406=ORIENTED_EDGE('',*,*,#3735,.F.);
#5407=ORIENTED_EDGE('',*,*,#3736,.F.);
#5408=ORIENTED_EDGE('',*,*,#3751,.F.);
#5409=ORIENTED_EDGE('',*,*,#3752,.F.);
#5410=ORIENTED_EDGE('',*,*,#3753,.T.);
#5411=ORIENTED_EDGE('',*,*,#3754,.T.);
#5412=ORIENTED_EDGE('',*,*,#3755,.T.);
#5413=ORIENTED_EDGE('',*,*,#3756,.T.);
#5414=ORIENTED_EDGE('',*,*,#3757,.T.);
#5415=ORIENTED_EDGE('',*,*,#3754,.F.);
#5416=ORIENTED_EDGE('',*,*,#3758,.T.);
#5417=ORIENTED_EDGE('',*,*,#3257,.T.);
#5418=ORIENTED_EDGE('',*,*,#3759,.T.);
#5419=ORIENTED_EDGE('',*,*,#3756,.F.);
#5420=ORIENTED_EDGE('',*,*,#3760,.T.);
#5421=ORIENTED_EDGE('',*,*,#3761,.T.);
#5422=ORIENTED_EDGE('',*,*,#3258,.T.);
#5423=ORIENTED_EDGE('',*,*,#3761,.F.);
#5424=ORIENTED_EDGE('',*,*,#3762,.T.);
#5425=ORIENTED_EDGE('',*,*,#3271,.T.);
#5426=ORIENTED_EDGE('',*,*,#3763,.T.);
#5427=ORIENTED_EDGE('',*,*,#3738,.T.);
#5428=ORIENTED_EDGE('',*,*,#3273,.F.);
#5429=ORIENTED_EDGE('',*,*,#3764,.T.);
#5430=ORIENTED_EDGE('',*,*,#3765,.T.);
#5431=ORIENTED_EDGE('',*,*,#3739,.T.);
#5432=ORIENTED_EDGE('',*,*,#3763,.F.);
#5433=ORIENTED_EDGE('',*,*,#3766,.T.);
#5434=ORIENTED_EDGE('',*,*,#3766,.F.);
#5435=ORIENTED_EDGE('',*,*,#3767,.T.);
#5436=ORIENTED_EDGE('',*,*,#3768,.F.);
#5437=ORIENTED_EDGE('',*,*,#3769,.T.);
#5438=ORIENTED_EDGE('',*,*,#3764,.F.);
#5439=ORIENTED_EDGE('',*,*,#3770,.F.);
#5440=ORIENTED_EDGE('',*,*,#3771,.F.);
#5441=ORIENTED_EDGE('',*,*,#3767,.F.);
#5442=ORIENTED_EDGE('',*,*,#3272,.F.);
#5443=ORIENTED_EDGE('',*,*,#3772,.T.);
#5444=ORIENTED_EDGE('',*,*,#3773,.F.);
#5445=ORIENTED_EDGE('',*,*,#3770,.T.);
#5446=ORIENTED_EDGE('',*,*,#3762,.F.);
#5447=ORIENTED_EDGE('',*,*,#3774,.F.);
#5448=ORIENTED_EDGE('',*,*,#3775,.F.);
#5449=ORIENTED_EDGE('',*,*,#3772,.F.);
#5450=ORIENTED_EDGE('',*,*,#3760,.F.);
#5451=ORIENTED_EDGE('',*,*,#3776,.T.);
#5452=ORIENTED_EDGE('',*,*,#3777,.F.);
#5453=ORIENTED_EDGE('',*,*,#3774,.T.);
#5454=ORIENTED_EDGE('',*,*,#3758,.F.);
#5455=ORIENTED_EDGE('',*,*,#3778,.F.);
#5456=ORIENTED_EDGE('',*,*,#3779,.F.);
#5457=ORIENTED_EDGE('',*,*,#3776,.F.);
#5458=ORIENTED_EDGE('',*,*,#3753,.F.);
#5459=ORIENTED_EDGE('',*,*,#3780,.T.);
#5460=ORIENTED_EDGE('',*,*,#3781,.F.);
#5461=ORIENTED_EDGE('',*,*,#3778,.T.);
#5462=ORIENTED_EDGE('',*,*,#3782,.T.);
#5463=ORIENTED_EDGE('',*,*,#3783,.T.);
#5464=ORIENTED_EDGE('',*,*,#3784,.T.);
#5465=ORIENTED_EDGE('',*,*,#3747,.T.);
#5466=ORIENTED_EDGE('',*,*,#3785,.T.);
#5467=ORIENTED_EDGE('',*,*,#3748,.T.);
#5468=ORIENTED_EDGE('',*,*,#3784,.F.);
#5469=ORIENTED_EDGE('',*,*,#3786,.T.);
#5470=ORIENTED_EDGE('',*,*,#3265,.T.);
#5471=ORIENTED_EDGE('',*,*,#3749,.T.);
#5472=ORIENTED_EDGE('',*,*,#3785,.F.);
#5473=ORIENTED_EDGE('',*,*,#3787,.T.);
#5474=ORIENTED_EDGE('',*,*,#3788,.T.);
#5475=ORIENTED_EDGE('',*,*,#3788,.F.);
#5476=ORIENTED_EDGE('',*,*,#3789,.T.);
#5477=ORIENTED_EDGE('',*,*,#3275,.T.);
#5478=ORIENTED_EDGE('',*,*,#3254,.T.);
#5479=ORIENTED_EDGE('',*,*,#3266,.T.);
#5480=ORIENTED_EDGE('',*,*,#3790,.T.);
#5481=ORIENTED_EDGE('',*,*,#3791,.T.);
#5482=ORIENTED_EDGE('',*,*,#3277,.F.);
#5483=ORIENTED_EDGE('',*,*,#3792,.T.);
#5484=ORIENTED_EDGE('',*,*,#3793,.F.);
#5485=ORIENTED_EDGE('',*,*,#3794,.T.);
#5486=ORIENTED_EDGE('',*,*,#3790,.F.);
#5487=ORIENTED_EDGE('',*,*,#3795,.T.);
#5488=ORIENTED_EDGE('',*,*,#3795,.F.);
#5489=ORIENTED_EDGE('',*,*,#3796,.T.);
#5490=ORIENTED_EDGE('',*,*,#3797,.F.);
#5491=ORIENTED_EDGE('',*,*,#3798,.T.);
#5492=ORIENTED_EDGE('',*,*,#3792,.F.);
#5493=ORIENTED_EDGE('',*,*,#3799,.F.);
#5494=ORIENTED_EDGE('',*,*,#3800,.F.);
#5495=ORIENTED_EDGE('',*,*,#3796,.F.);
#5496=ORIENTED_EDGE('',*,*,#3276,.F.);
#5497=ORIENTED_EDGE('',*,*,#3801,.T.);
#5498=ORIENTED_EDGE('',*,*,#3802,.F.);
#5499=ORIENTED_EDGE('',*,*,#3799,.T.);
#5500=ORIENTED_EDGE('',*,*,#3789,.F.);
#5501=ORIENTED_EDGE('',*,*,#3803,.F.);
#5502=ORIENTED_EDGE('',*,*,#3804,.F.);
#5503=ORIENTED_EDGE('',*,*,#3801,.F.);
#5504=ORIENTED_EDGE('',*,*,#3787,.F.);
#5505=ORIENTED_EDGE('',*,*,#3805,.T.);
#5506=ORIENTED_EDGE('',*,*,#3806,.F.);
#5507=ORIENTED_EDGE('',*,*,#3803,.T.);
#5508=ORIENTED_EDGE('',*,*,#3786,.F.);
#5509=ORIENTED_EDGE('',*,*,#3807,.F.);
#5510=ORIENTED_EDGE('',*,*,#3808,.F.);
#5511=ORIENTED_EDGE('',*,*,#3805,.F.);
#5512=ORIENTED_EDGE('',*,*,#3783,.F.);
#5513=ORIENTED_EDGE('',*,*,#3809,.T.);
#5514=ORIENTED_EDGE('',*,*,#3810,.F.);
#5515=ORIENTED_EDGE('',*,*,#3807,.T.);
#5516=ORIENTED_EDGE('',*,*,#3811,.T.);
#5517=ORIENTED_EDGE('',*,*,#3812,.T.);
#5518=ORIENTED_EDGE('',*,*,#3813,.T.);
#5519=ORIENTED_EDGE('',*,*,#3741,.T.);
#5520=ORIENTED_EDGE('',*,*,#3814,.T.);
#5521=ORIENTED_EDGE('',*,*,#3742,.T.);
#5522=ORIENTED_EDGE('',*,*,#3813,.F.);
#5523=ORIENTED_EDGE('',*,*,#3815,.T.);
#5524=ORIENTED_EDGE('',*,*,#3261,.T.);
#5525=ORIENTED_EDGE('',*,*,#3743,.T.);
#5526=ORIENTED_EDGE('',*,*,#3814,.F.);
#5527=ORIENTED_EDGE('',*,*,#3816,.T.);
#5528=ORIENTED_EDGE('',*,*,#3817,.T.);
#5529=ORIENTED_EDGE('',*,*,#3262,.T.);
#5530=ORIENTED_EDGE('',*,*,#3817,.F.);
#5531=ORIENTED_EDGE('',*,*,#3818,.T.);
#5532=ORIENTED_EDGE('',*,*,#3267,.T.);
#5533=ORIENTED_EDGE('',*,*,#3819,.T.);
#5534=ORIENTED_EDGE('',*,*,#3744,.T.);
#5535=ORIENTED_EDGE('',*,*,#3269,.F.);
#5536=ORIENTED_EDGE('',*,*,#3820,.T.);
#5537=ORIENTED_EDGE('',*,*,#3821,.F.);
#5538=ORIENTED_EDGE('',*,*,#3745,.T.);
#5539=ORIENTED_EDGE('',*,*,#3819,.F.);
#5540=ORIENTED_EDGE('',*,*,#3822,.T.);
#5541=ORIENTED_EDGE('',*,*,#3822,.F.);
#5542=ORIENTED_EDGE('',*,*,#3823,.T.);
#5543=ORIENTED_EDGE('',*,*,#3824,.F.);
#5544=ORIENTED_EDGE('',*,*,#3825,.T.);
#5545=ORIENTED_EDGE('',*,*,#3820,.F.);
#5546=ORIENTED_EDGE('',*,*,#3826,.F.);
#5547=ORIENTED_EDGE('',*,*,#3827,.F.);
#5548=ORIENTED_EDGE('',*,*,#3823,.F.);
#5549=ORIENTED_EDGE('',*,*,#3268,.F.);
#5550=ORIENTED_EDGE('',*,*,#3828,.T.);
#5551=ORIENTED_EDGE('',*,*,#3829,.F.);
#5552=ORIENTED_EDGE('',*,*,#3826,.T.);
#5553=ORIENTED_EDGE('',*,*,#3818,.F.);
#5554=ORIENTED_EDGE('',*,*,#3830,.F.);
#5555=ORIENTED_EDGE('',*,*,#3831,.F.);
#5556=ORIENTED_EDGE('',*,*,#3828,.F.);
#5557=ORIENTED_EDGE('',*,*,#3816,.F.);
#5558=ORIENTED_EDGE('',*,*,#3832,.T.);
#5559=ORIENTED_EDGE('',*,*,#3833,.F.);
#5560=ORIENTED_EDGE('',*,*,#3830,.T.);
#5561=ORIENTED_EDGE('',*,*,#3815,.F.);
#5562=ORIENTED_EDGE('',*,*,#3834,.F.);
#5563=ORIENTED_EDGE('',*,*,#3835,.F.);
#5564=ORIENTED_EDGE('',*,*,#3832,.F.);
#5565=ORIENTED_EDGE('',*,*,#3812,.F.);
#5566=ORIENTED_EDGE('',*,*,#3836,.T.);
#5567=ORIENTED_EDGE('',*,*,#3837,.F.);
#5568=ORIENTED_EDGE('',*,*,#3834,.T.);
#5569=ORIENTED_EDGE('',*,*,#3838,.T.);
#5570=ORIENTED_EDGE('',*,*,#3839,.T.);
#5571=ORIENTED_EDGE('',*,*,#3840,.T.);
#5572=ORIENTED_EDGE('',*,*,#3810,.T.);
#5573=ORIENTED_EDGE('',*,*,#3841,.T.);
#5574=ORIENTED_EDGE('',*,*,#3808,.T.);
#5575=ORIENTED_EDGE('',*,*,#3840,.F.);
#5576=ORIENTED_EDGE('',*,*,#3842,.T.);
#5577=ORIENTED_EDGE('',*,*,#3843,.T.);
#5578=ORIENTED_EDGE('',*,*,#3806,.T.);
#5579=ORIENTED_EDGE('',*,*,#3841,.F.);
#5580=ORIENTED_EDGE('',*,*,#3844,.T.);
#5581=ORIENTED_EDGE('',*,*,#3845,.T.);
#5582=ORIENTED_EDGE('',*,*,#3804,.T.);
#5583=ORIENTED_EDGE('',*,*,#3843,.F.);
#5584=ORIENTED_EDGE('',*,*,#3846,.T.);
#5585=ORIENTED_EDGE('',*,*,#3847,.T.);
#5586=ORIENTED_EDGE('',*,*,#3802,.T.);
#5587=ORIENTED_EDGE('',*,*,#3845,.F.);
#5588=ORIENTED_EDGE('',*,*,#3848,.T.);
#5589=ORIENTED_EDGE('',*,*,#3849,.T.);
#5590=ORIENTED_EDGE('',*,*,#3800,.T.);
#5591=ORIENTED_EDGE('',*,*,#3847,.F.);
#5592=ORIENTED_EDGE('',*,*,#3850,.T.);
#5593=ORIENTED_EDGE('',*,*,#3851,.F.);
#5594=ORIENTED_EDGE('',*,*,#3797,.T.);
#5595=ORIENTED_EDGE('',*,*,#3849,.F.);
#5596=ORIENTED_EDGE('',*,*,#3852,.T.);
#5597=ORIENTED_EDGE('',*,*,#3852,.F.);
#5598=ORIENTED_EDGE('',*,*,#3850,.F.);
#5599=ORIENTED_EDGE('',*,*,#3848,.F.);
#5600=ORIENTED_EDGE('',*,*,#3846,.F.);
#5601=ORIENTED_EDGE('',*,*,#3844,.F.);
#5602=ORIENTED_EDGE('',*,*,#3842,.F.);
#5603=ORIENTED_EDGE('',*,*,#3839,.F.);
#5604=ORIENTED_EDGE('',*,*,#3853,.T.);
#5605=ORIENTED_EDGE('',*,*,#3854,.F.);
#5606=ORIENTED_EDGE('',*,*,#3855,.F.);
#5607=ORIENTED_EDGE('',*,*,#3856,.F.);
#5608=ORIENTED_EDGE('',*,*,#3857,.F.);
#5609=ORIENTED_EDGE('',*,*,#3858,.F.);
#5610=ORIENTED_EDGE('',*,*,#3859,.F.);
#5611=ORIENTED_EDGE('',*,*,#3860,.F.);
#5612=ORIENTED_EDGE('',*,*,#3861,.T.);
#5613=ORIENTED_EDGE('',*,*,#3862,.F.);
#5614=ORIENTED_EDGE('',*,*,#3863,.F.);
#5615=ORIENTED_EDGE('',*,*,#3864,.F.);
#5616=ORIENTED_EDGE('',*,*,#3865,.F.);
#5617=ORIENTED_EDGE('',*,*,#3866,.F.);
#5618=ORIENTED_EDGE('',*,*,#3867,.F.);
#5619=ORIENTED_EDGE('',*,*,#3868,.F.);
#5620=ORIENTED_EDGE('',*,*,#3869,.T.);
#5621=ORIENTED_EDGE('',*,*,#3750,.T.);
#5622=ORIENTED_EDGE('',*,*,#3870,.F.);
#5623=ORIENTED_EDGE('',*,*,#3824,.T.);
#5624=ORIENTED_EDGE('',*,*,#3871,.T.);
#5625=ORIENTED_EDGE('',*,*,#3854,.T.);
#5626=ORIENTED_EDGE('',*,*,#3872,.T.);
#5627=ORIENTED_EDGE('',*,*,#3855,.T.);
#5628=ORIENTED_EDGE('',*,*,#3871,.F.);
#5629=ORIENTED_EDGE('',*,*,#3827,.T.);
#5630=ORIENTED_EDGE('',*,*,#3873,.T.);
#5631=ORIENTED_EDGE('',*,*,#3856,.T.);
#5632=ORIENTED_EDGE('',*,*,#3872,.F.);
#5633=ORIENTED_EDGE('',*,*,#3829,.T.);
#5634=ORIENTED_EDGE('',*,*,#3874,.T.);
#5635=ORIENTED_EDGE('',*,*,#3857,.T.);
#5636=ORIENTED_EDGE('',*,*,#3873,.F.);
#5637=ORIENTED_EDGE('',*,*,#3831,.T.);
#5638=ORIENTED_EDGE('',*,*,#3875,.T.);
#5639=ORIENTED_EDGE('',*,*,#3858,.T.);
#5640=ORIENTED_EDGE('',*,*,#3874,.F.);
#5641=ORIENTED_EDGE('',*,*,#3833,.T.);
#5642=ORIENTED_EDGE('',*,*,#3876,.T.);
#5643=ORIENTED_EDGE('',*,*,#3859,.T.);
#5644=ORIENTED_EDGE('',*,*,#3875,.F.);
#5645=ORIENTED_EDGE('',*,*,#3835,.T.);
#5646=ORIENTED_EDGE('',*,*,#3877,.T.);
#5647=ORIENTED_EDGE('',*,*,#3860,.T.);
#5648=ORIENTED_EDGE('',*,*,#3876,.F.);
#5649=ORIENTED_EDGE('',*,*,#3837,.T.);
#5650=ORIENTED_EDGE('',*,*,#3878,.F.);
#5651=ORIENTED_EDGE('',*,*,#3768,.T.);
#5652=ORIENTED_EDGE('',*,*,#3879,.T.);
#5653=ORIENTED_EDGE('',*,*,#3862,.T.);
#5654=ORIENTED_EDGE('',*,*,#3880,.T.);
#5655=ORIENTED_EDGE('',*,*,#3863,.T.);
#5656=ORIENTED_EDGE('',*,*,#3879,.F.);
#5657=ORIENTED_EDGE('',*,*,#3771,.T.);
#5658=ORIENTED_EDGE('',*,*,#3881,.T.);
#5659=ORIENTED_EDGE('',*,*,#3864,.T.);
#5660=ORIENTED_EDGE('',*,*,#3880,.F.);
#5661=ORIENTED_EDGE('',*,*,#3773,.T.);
#5662=ORIENTED_EDGE('',*,*,#3882,.T.);
#5663=ORIENTED_EDGE('',*,*,#3865,.T.);
#5664=ORIENTED_EDGE('',*,*,#3881,.F.);
#5665=ORIENTED_EDGE('',*,*,#3775,.T.);
#5666=ORIENTED_EDGE('',*,*,#3883,.T.);
#5667=ORIENTED_EDGE('',*,*,#3866,.T.);
#5668=ORIENTED_EDGE('',*,*,#3882,.F.);
#5669=ORIENTED_EDGE('',*,*,#3777,.T.);
#5670=ORIENTED_EDGE('',*,*,#3884,.T.);
#5671=ORIENTED_EDGE('',*,*,#3867,.T.);
#5672=ORIENTED_EDGE('',*,*,#3883,.F.);
#5673=ORIENTED_EDGE('',*,*,#3779,.T.);
#5674=ORIENTED_EDGE('',*,*,#3885,.T.);
#5675=ORIENTED_EDGE('',*,*,#3868,.T.);
#5676=ORIENTED_EDGE('',*,*,#3884,.F.);
#5677=ORIENTED_EDGE('',*,*,#3781,.T.);
#5678=ORIENTED_EDGE('',*,*,#3886,.F.);
#5679=ORIENTED_EDGE('',*,*,#3765,.F.);
#5680=ORIENTED_EDGE('',*,*,#3769,.F.);
#5681=ORIENTED_EDGE('',*,*,#3878,.T.);
#5682=ORIENTED_EDGE('',*,*,#3887,.T.);
#5683=ORIENTED_EDGE('',*,*,#3885,.F.);
#5684=ORIENTED_EDGE('',*,*,#3780,.F.);
#5685=ORIENTED_EDGE('',*,*,#3752,.T.);
#5686=ORIENTED_EDGE('',*,*,#3888,.T.);
#5687=ORIENTED_EDGE('',*,*,#3889,.T.);
#5688=ORIENTED_EDGE('',*,*,#3877,.F.);
#5689=ORIENTED_EDGE('',*,*,#3836,.F.);
#5690=ORIENTED_EDGE('',*,*,#3811,.F.);
#5691=ORIENTED_EDGE('',*,*,#3890,.F.);
#5692=ORIENTED_EDGE('',*,*,#3891,.F.);
#5693=ORIENTED_EDGE('',*,*,#3821,.T.);
#5694=ORIENTED_EDGE('',*,*,#3825,.F.);
#5695=ORIENTED_EDGE('',*,*,#3870,.T.);
#5696=ORIENTED_EDGE('',*,*,#3278,.F.);
#5697=ORIENTED_EDGE('',*,*,#3791,.F.);
#5698=ORIENTED_EDGE('',*,*,#3794,.F.);
#5699=ORIENTED_EDGE('',*,*,#3892,.F.);
#5700=ORIENTED_EDGE('',*,*,#3755,.F.);
#5701=ORIENTED_EDGE('',*,*,#3757,.F.);
#5702=ORIENTED_EDGE('',*,*,#3759,.F.);
#5703=ORIENTED_EDGE('',*,*,#3256,.T.);
#5704=ORIENTED_EDGE('',*,*,#3014,.T.);
#5705=ORIENTED_EDGE('',*,*,#3893,.F.);
#5706=ORIENTED_EDGE('',*,*,#3893,.T.);
#5707=ORIENTED_EDGE('',*,*,#3894,.T.);
#5708=ORIENTED_EDGE('',*,*,#3895,.F.);
#5709=ORIENTED_EDGE('',*,*,#3894,.F.);
#5710=ORIENTED_EDGE('',*,*,#3895,.T.);
#5711=ORIENTED_EDGE('',*,*,#3896,.F.);
#5712=ORIENTED_EDGE('',*,*,#3897,.F.);
#5713=ORIENTED_EDGE('',*,*,#3898,.T.);
#5714=ORIENTED_EDGE('',*,*,#3896,.T.);
#5715=ORIENTED_EDGE('',*,*,#3898,.F.);
#5716=ORIENTED_EDGE('',*,*,#3899,.F.);
#5717=ORIENTED_EDGE('',*,*,#3897,.T.);
#5718=ORIENTED_EDGE('',*,*,#3899,.T.);
#5719=ORIENTED_EDGE('',*,*,#3900,.T.);
#5720=ORIENTED_EDGE('',*,*,#3901,.F.);
#5721=ORIENTED_EDGE('',*,*,#3900,.F.);
#5722=ORIENTED_EDGE('',*,*,#3010,.F.);
#5723=ORIENTED_EDGE('',*,*,#3901,.T.);
#5724=ORIENTED_EDGE('',*,*,#3000,.T.);
#5725=ORIENTED_EDGE('',*,*,#3009,.T.);
#5726=ORIENTED_EDGE('',*,*,#3004,.T.);
#5727=ORIENTED_EDGE('',*,*,#3902,.F.);
#5728=ORIENTED_EDGE('',*,*,#3902,.T.);
#5729=ORIENTED_EDGE('',*,*,#3903,.T.);
#5730=ORIENTED_EDGE('',*,*,#3888,.F.);
#5731=ORIENTED_EDGE('',*,*,#3853,.F.);
#5732=ORIENTED_EDGE('',*,*,#3904,.F.);
#5733=ORIENTED_EDGE('',*,*,#3869,.F.);
#5734=ORIENTED_EDGE('',*,*,#3887,.F.);
#5735=ORIENTED_EDGE('',*,*,#3861,.F.);
#5736=ORIENTED_EDGE('',*,*,#3889,.F.);
#5737=ORIENTED_EDGE('',*,*,#3903,.F.);
#5738=ORIENTED_EDGE('',*,*,#3905,.F.);
#5739=ORIENTED_EDGE('',*,*,#3793,.T.);
#5740=ORIENTED_EDGE('',*,*,#3798,.F.);
#5741=ORIENTED_EDGE('',*,*,#3851,.T.);
#5742=ORIENTED_EDGE('',*,*,#3904,.T.);
#5743=ORIENTED_EDGE('',*,*,#3838,.F.);
#5744=ORIENTED_EDGE('',*,*,#3809,.F.);
#5745=ORIENTED_EDGE('',*,*,#3782,.F.);
#5746=ORIENTED_EDGE('',*,*,#3905,.T.);
#5747=ORIENTED_EDGE('',*,*,#3746,.T.);
#5748=ORIENTED_EDGE('',*,*,#3891,.T.);
#5749=ORIENTED_EDGE('',*,*,#3906,.T.);
#5750=ORIENTED_EDGE('',*,*,#3907,.F.);
#5751=ORIENTED_EDGE('',*,*,#3906,.F.);
#5752=ORIENTED_EDGE('',*,*,#3890,.T.);
#5753=ORIENTED_EDGE('',*,*,#3740,.T.);
#5754=ORIENTED_EDGE('',*,*,#3886,.T.);
#5755=ORIENTED_EDGE('',*,*,#3892,.T.);
#5756=ORIENTED_EDGE('',*,*,#2993,.T.);
#5757=ORIENTED_EDGE('',*,*,#3016,.F.);
#5758=ORIENTED_EDGE('',*,*,#2997,.T.);
#5759=ORIENTED_EDGE('',*,*,#3907,.T.);
#5760=ORIENTED_EDGE('',*,*,#3908,.T.);
#5761=ORIENTED_EDGE('',*,*,#3909,.T.);
#5762=ORIENTED_EDGE('',*,*,#3910,.T.);
#5763=ORIENTED_EDGE('',*,*,#3909,.F.);
#5764=ORIENTED_EDGE('',*,*,#3911,.F.);
#5765=ORIENTED_EDGE('',*,*,#3912,.T.);
#5766=ORIENTED_EDGE('',*,*,#3910,.F.);
#5767=ORIENTED_EDGE('',*,*,#3912,.F.);
#5768=ORIENTED_EDGE('',*,*,#3913,.F.);
#5769=ORIENTED_EDGE('',*,*,#3908,.F.);
#5770=ORIENTED_EDGE('',*,*,#3911,.T.);
#5771=ORIENTED_EDGE('',*,*,#3914,.T.);
#5772=ORIENTED_EDGE('',*,*,#3915,.T.);
#5773=ORIENTED_EDGE('',*,*,#3914,.F.);
#5774=ORIENTED_EDGE('',*,*,#3916,.T.);
#5775=ORIENTED_EDGE('',*,*,#3915,.F.);
#5776=ORIENTED_EDGE('',*,*,#3917,.F.);
#5777=ORIENTED_EDGE('',*,*,#3918,.T.);
#5778=ORIENTED_EDGE('',*,*,#3913,.T.);
#5779=ORIENTED_EDGE('',*,*,#3918,.F.);
#5780=ORIENTED_EDGE('',*,*,#3919,.F.);
#5781=ORIENTED_EDGE('',*,*,#3917,.T.);
#5782=ORIENTED_EDGE('',*,*,#3919,.T.);
#5783=ORIENTED_EDGE('',*,*,#3920,.T.);
#5784=ORIENTED_EDGE('',*,*,#3921,.F.);
#5785=ORIENTED_EDGE('',*,*,#3920,.F.);
#5786=ORIENTED_EDGE('',*,*,#3921,.T.);
#5787=ORIENTED_EDGE('',*,*,#3922,.F.);
#5788=ORIENTED_EDGE('',*,*,#3916,.F.);
#5789=ORIENTED_EDGE('',*,*,#3923,.T.);
#5790=ORIENTED_EDGE('',*,*,#3922,.T.);
#5791=ORIENTED_EDGE('',*,*,#3923,.F.);
#5792=ORIENTED_EDGE('',*,*,#3924,.T.);
#5793=ORIENTED_EDGE('',*,*,#3925,.T.);
#5794=ORIENTED_EDGE('',*,*,#3926,.F.);
#5795=ORIENTED_EDGE('',*,*,#3927,.T.);
#5796=ORIENTED_EDGE('',*,*,#3925,.F.);
#5797=ORIENTED_EDGE('',*,*,#3927,.F.);
#5798=ORIENTED_EDGE('',*,*,#3928,.F.);
#5799=ORIENTED_EDGE('',*,*,#3929,.T.);
#5800=ORIENTED_EDGE('',*,*,#3924,.F.);
#5801=ORIENTED_EDGE('',*,*,#3929,.F.);
#5802=ORIENTED_EDGE('',*,*,#3928,.T.);
#5803=ORIENTED_EDGE('',*,*,#3926,.T.);
#5804=CYLINDRICAL_SURFACE('',#6343,62.000000923872);
#5805=CYLINDRICAL_SURFACE('',#6348,62.000000923872);
#5806=CYLINDRICAL_SURFACE('',#6349,43.0096799691258);
#5807=CYLINDRICAL_SURFACE('',#6361,43.0096799691258);
#5808=CYLINDRICAL_SURFACE('',#6479,8.25);
#5809=CYLINDRICAL_SURFACE('',#6483,12.0000001788139);
#5810=CYLINDRICAL_SURFACE('',#6486,12.5000001788139);
#5811=CYLINDRICAL_SURFACE('',#6511,0.649999999999997);
#5812=CYLINDRICAL_SURFACE('',#6515,0.649999999999997);
#5813=CYLINDRICAL_SURFACE('',#6517,11.84);
#5814=CYLINDRICAL_SURFACE('',#6520,0.649999999999997);
#5815=CYLINDRICAL_SURFACE('',#6524,0.649999999999997);
#5816=CYLINDRICAL_SURFACE('',#6526,11.84);
#5817=CYLINDRICAL_SURFACE('',#6529,0.649999999999997);
#5818=CYLINDRICAL_SURFACE('',#6533,0.649999999999997);
#5819=CYLINDRICAL_SURFACE('',#6535,11.84);
#5820=CYLINDRICAL_SURFACE('',#6538,0.649999999999997);
#5821=CYLINDRICAL_SURFACE('',#6542,0.649999999999997);
#5822=CYLINDRICAL_SURFACE('',#6544,11.84);
#5823=CYLINDRICAL_SURFACE('',#6547,0.649999999999997);
#5824=CYLINDRICAL_SURFACE('',#6551,0.649999999999997);
#5825=CYLINDRICAL_SURFACE('',#6553,11.84);
#5826=CYLINDRICAL_SURFACE('',#6556,0.649999999999997);
#5827=CYLINDRICAL_SURFACE('',#6560,0.649999999999997);
#5828=CYLINDRICAL_SURFACE('',#6562,11.84);
#5829=CYLINDRICAL_SURFACE('',#6565,0.649999999999997);
#5830=CYLINDRICAL_SURFACE('',#6569,0.649999999999997);
#5831=CYLINDRICAL_SURFACE('',#6571,11.84);
#5832=CYLINDRICAL_SURFACE('',#6574,0.649999999999997);
#5833=CYLINDRICAL_SURFACE('',#6578,0.649999999999997);
#5834=CYLINDRICAL_SURFACE('',#6580,11.84);
#5835=CYLINDRICAL_SURFACE('',#6583,0.649999999999997);
#5836=CYLINDRICAL_SURFACE('',#6587,0.649999999999997);
#5837=CYLINDRICAL_SURFACE('',#6589,11.84);
#5838=CYLINDRICAL_SURFACE('',#6592,0.649999999999997);
#5839=CYLINDRICAL_SURFACE('',#6596,0.649999999999997);
#5840=CYLINDRICAL_SURFACE('',#6598,11.84);
#5841=CYLINDRICAL_SURFACE('',#6601,0.649999999999997);
#5842=CYLINDRICAL_SURFACE('',#6605,0.649999999999997);
#5843=CYLINDRICAL_SURFACE('',#6607,11.84);
#5844=CYLINDRICAL_SURFACE('',#6610,0.649999999999997);
#5845=CYLINDRICAL_SURFACE('',#6614,0.649999999999997);
#5846=CYLINDRICAL_SURFACE('',#6616,11.84);
#5847=CYLINDRICAL_SURFACE('',#6619,0.649999999999997);
#5848=CYLINDRICAL_SURFACE('',#6623,0.649999999999997);
#5849=CYLINDRICAL_SURFACE('',#6625,11.84);
#5850=CYLINDRICAL_SURFACE('',#6628,0.649999999999997);
#5851=CYLINDRICAL_SURFACE('',#6632,0.649999999999997);
#5852=CYLINDRICAL_SURFACE('',#6634,11.84);
#5853=CYLINDRICAL_SURFACE('',#6637,0.649999999999997);
#5854=CYLINDRICAL_SURFACE('',#6641,0.649999999999997);
#5855=CYLINDRICAL_SURFACE('',#6643,11.84);
#5856=CYLINDRICAL_SURFACE('',#6646,0.649999999999997);
#5857=CYLINDRICAL_SURFACE('',#6650,0.649999999999997);
#5858=CYLINDRICAL_SURFACE('',#6652,11.84);
#5859=CYLINDRICAL_SURFACE('',#6655,0.649999999999997);
#5860=CYLINDRICAL_SURFACE('',#6659,0.649999999999997);
#5861=CYLINDRICAL_SURFACE('',#6661,11.84);
#5862=CYLINDRICAL_SURFACE('',#6664,0.649999999999997);
#5863=CYLINDRICAL_SURFACE('',#6668,0.649999999999997);
#5864=CYLINDRICAL_SURFACE('',#6670,11.84);
#5865=CYLINDRICAL_SURFACE('',#6673,0.649999999999997);
#5866=CYLINDRICAL_SURFACE('',#6677,0.649999999999997);
#5867=CYLINDRICAL_SURFACE('',#6679,11.84);
#5868=CYLINDRICAL_SURFACE('',#6682,0.649999999999997);
#5869=CYLINDRICAL_SURFACE('',#6686,0.649999999999997);
#5870=CYLINDRICAL_SURFACE('',#6688,11.84);
#5871=CYLINDRICAL_SURFACE('',#6691,0.649999999999997);
#5872=CYLINDRICAL_SURFACE('',#6695,0.649999999999997);
#5873=CYLINDRICAL_SURFACE('',#6697,11.84);
#5874=CYLINDRICAL_SURFACE('',#6700,0.649999999999997);
#5875=CYLINDRICAL_SURFACE('',#6704,0.649999999999997);
#5876=CYLINDRICAL_SURFACE('',#6706,11.84);
#5877=CYLINDRICAL_SURFACE('',#6709,0.649999999999997);
#5878=CYLINDRICAL_SURFACE('',#6713,0.649999999999997);
#5879=CYLINDRICAL_SURFACE('',#6715,11.84);
#5880=CYLINDRICAL_SURFACE('',#6718,0.649999999999997);
#5881=CYLINDRICAL_SURFACE('',#6722,0.649999999999997);
#5882=CYLINDRICAL_SURFACE('',#6724,11.84);
#5883=CYLINDRICAL_SURFACE('',#6727,0.649999999999997);
#5884=CYLINDRICAL_SURFACE('',#6731,0.649999999999997);
#5885=CYLINDRICAL_SURFACE('',#6733,11.84);
#5886=CYLINDRICAL_SURFACE('',#6736,0.649999999999997);
#5887=CYLINDRICAL_SURFACE('',#6740,0.649999999999997);
#5888=CYLINDRICAL_SURFACE('',#6742,11.84);
#5889=CYLINDRICAL_SURFACE('',#6745,0.649999999999997);
#5890=CYLINDRICAL_SURFACE('',#6749,0.649999999999997);
#5891=CYLINDRICAL_SURFACE('',#6751,11.84);
#5892=CYLINDRICAL_SURFACE('',#6754,0.649999999999997);
#5893=CYLINDRICAL_SURFACE('',#6758,0.649999999999997);
#5894=CYLINDRICAL_SURFACE('',#6760,11.84);
#5895=CYLINDRICAL_SURFACE('',#6763,0.649999999999997);
#5896=CYLINDRICAL_SURFACE('',#6767,0.649999999999997);
#5897=CYLINDRICAL_SURFACE('',#6769,11.84);
#5898=CYLINDRICAL_SURFACE('',#6772,0.649999999999997);
#5899=CYLINDRICAL_SURFACE('',#6776,0.649999999999997);
#5900=CYLINDRICAL_SURFACE('',#6778,11.84);
#5901=CYLINDRICAL_SURFACE('',#6781,0.649999999999997);
#5902=CYLINDRICAL_SURFACE('',#6785,0.649999999999997);
#5903=CYLINDRICAL_SURFACE('',#6787,11.84);
#5904=CYLINDRICAL_SURFACE('',#6790,0.649999999999997);
#5905=CYLINDRICAL_SURFACE('',#6794,0.649999999999997);
#5906=CYLINDRICAL_SURFACE('',#6796,11.84);
#5907=CYLINDRICAL_SURFACE('',#6799,0.649999999999997);
#5908=CYLINDRICAL_SURFACE('',#6803,0.649999999999997);
#5909=CYLINDRICAL_SURFACE('',#6805,11.84);
#5910=CYLINDRICAL_SURFACE('',#6808,0.649999999999997);
#5911=CYLINDRICAL_SURFACE('',#6812,0.649999999999997);
#5912=CYLINDRICAL_SURFACE('',#6814,11.84);
#5913=CYLINDRICAL_SURFACE('',#6817,0.649999999999997);
#5914=CYLINDRICAL_SURFACE('',#6821,0.649999999999997);
#5915=CYLINDRICAL_SURFACE('',#6823,11.84);
#5916=CYLINDRICAL_SURFACE('',#6826,0.649999999999997);
#5917=CYLINDRICAL_SURFACE('',#6830,0.649999999999997);
#5918=CYLINDRICAL_SURFACE('',#6832,11.84);
#5919=CYLINDRICAL_SURFACE('',#6835,0.649999999999997);
#5920=CYLINDRICAL_SURFACE('',#6839,0.649999999999997);
#5921=CYLINDRICAL_SURFACE('',#6841,11.84);
#5922=CYLINDRICAL_SURFACE('',#6844,0.649999999999997);
#5923=CYLINDRICAL_SURFACE('',#6848,0.649999999999997);
#5924=CYLINDRICAL_SURFACE('',#6850,8.25);
#5925=CYLINDRICAL_SURFACE('',#6853,11.84);
#5926=CYLINDRICAL_SURFACE('',#6866,8.25);
#5927=CYLINDRICAL_SURFACE('',#6872,2.);
#5928=CYLINDRICAL_SURFACE('',#6880,2.);
#5929=CYLINDRICAL_SURFACE('',#6884,5.);
#5930=CYLINDRICAL_SURFACE('',#6887,7.5);
#5931=CYLINDRICAL_SURFACE('',#6889,14.);
#5932=CYLINDRICAL_SURFACE('',#6891,7.5);
#5933=CYLINDRICAL_SURFACE('',#6894,5.);
#5934=CYLINDRICAL_SURFACE('',#6899,2.);
#5935=CYLINDRICAL_SURFACE('',#6906,2.);
#5936=CYLINDRICAL_SURFACE('',#6911,5.);
#5937=CYLINDRICAL_SURFACE('',#6914,7.5);
#5938=CYLINDRICAL_SURFACE('',#6916,14.);
#5939=CYLINDRICAL_SURFACE('',#6918,7.5);
#5940=CYLINDRICAL_SURFACE('',#6921,5.);
#5941=CYLINDRICAL_SURFACE('',#6926,2.);
#5942=CYLINDRICAL_SURFACE('',#6933,2.);
#5943=CYLINDRICAL_SURFACE('',#6937,5.);
#5944=CYLINDRICAL_SURFACE('',#6940,7.5);
#5945=CYLINDRICAL_SURFACE('',#6942,14.);
#5946=CYLINDRICAL_SURFACE('',#6944,7.5);
#5947=CYLINDRICAL_SURFACE('',#6947,5.);
#5948=CYLINDRICAL_SURFACE('',#6952,2.);
#5949=CYLINDRICAL_SURFACE('',#6963,2.);
#5950=CYLINDRICAL_SURFACE('',#6983,2.);
#5951=CYLINDRICAL_SURFACE('',#6991,2.);
#5952=CYLINDRICAL_SURFACE('',#6996,2.);
#5953=CYLINDRICAL_SURFACE('',#7004,2.);
#5954=CYLINDRICAL_SURFACE('',#7007,28.0444848810739);
#5955=CYLINDRICAL_SURFACE('',#7010,28.0444848810739);
#5956=CYLINDRICAL_SURFACE('',#7019,35.0000005215406);
#5957=CYLINDRICAL_SURFACE('',#7023,33.0000004917383);
#5958=CYLINDRICAL_SURFACE('',#7027,35.0000005215406);
#5959=CYLINDRICAL_SURFACE('',#7035,28.0444848810739);
#5960=CYLINDRICAL_SURFACE('',#7045,33.0000004917383);
#5961=CYLINDRICAL_SURFACE('',#7053,35.0000005215406);
#5962=CYLINDRICAL_SURFACE('',#7062,35.0000005215406);
#5963=CYLINDRICAL_SURFACE('',#7067,7.00000010430813);
#5964=CYLINDRICAL_SURFACE('',#7069,8.);
#5965=ADVANCED_FACE('',(#229),#5804,.T.);
#5966=ADVANCED_FACE('',(#230),#88,.T.);
#5967=ADVANCED_FACE('',(#231),#89,.T.);
#5968=ADVANCED_FACE('',(#232),#5805,.T.);
#5969=ADVANCED_FACE('',(#233),#5806,.T.);
#5970=ADVANCED_FACE('',(#234),#53,.F.);
#5971=ADVANCED_FACE('',(#235),#54,.F.);
#5972=ADVANCED_FACE('',(#236),#5807,.T.);
#5973=ADVANCED_FACE('',(#237,#37),#90,.F.);
#5974=ADVANCED_FACE('',(#238),#5808,.F.);
#5975=ADVANCED_FACE('',(#239),#5809,.T.);
#5976=ADVANCED_FACE('',(#240,#38),#91,.T.);
#5977=ADVANCED_FACE('',(#241),#5810,.T.);
#5978=ADVANCED_FACE('',(#242),#55,.T.);
#5979=ADVANCED_FACE('',(#243),#56,.T.);
#5980=ADVANCED_FACE('',(#244),#57,.T.);
#5981=ADVANCED_FACE('',(#245),#92,.F.);
#5982=ADVANCED_FACE('',(#246),#5811,.F.);
#5983=ADVANCED_FACE('',(#247),#93,.F.);
#5984=ADVANCED_FACE('',(#248),#94,.F.);
#5985=ADVANCED_FACE('',(#249),#5812,.F.);
#5986=ADVANCED_FACE('',(#250),#5813,.T.);
#5987=ADVANCED_FACE('',(#251),#95,.F.);
#5988=ADVANCED_FACE('',(#252),#5814,.F.);
#5989=ADVANCED_FACE('',(#253),#96,.F.);
#5990=ADVANCED_FACE('',(#254),#97,.F.);
#5991=ADVANCED_FACE('',(#255),#5815,.F.);
#5992=ADVANCED_FACE('',(#256),#5816,.T.);
#5993=ADVANCED_FACE('',(#257),#98,.F.);
#5994=ADVANCED_FACE('',(#258),#5817,.F.);
#5995=ADVANCED_FACE('',(#259),#99,.F.);
#5996=ADVANCED_FACE('',(#260),#100,.F.);
#5997=ADVANCED_FACE('',(#261),#5818,.F.);
#5998=ADVANCED_FACE('',(#262),#5819,.T.);
#5999=ADVANCED_FACE('',(#263),#101,.F.);
#6000=ADVANCED_FACE('',(#264),#5820,.F.);
#6001=ADVANCED_FACE('',(#265),#102,.F.);
#6002=ADVANCED_FACE('',(#266),#103,.F.);
#6003=ADVANCED_FACE('',(#267),#5821,.F.);
#6004=ADVANCED_FACE('',(#268),#5822,.T.);
#6005=ADVANCED_FACE('',(#269),#104,.F.);
#6006=ADVANCED_FACE('',(#270),#5823,.F.);
#6007=ADVANCED_FACE('',(#271),#105,.F.);
#6008=ADVANCED_FACE('',(#272),#106,.F.);
#6009=ADVANCED_FACE('',(#273),#5824,.F.);
#6010=ADVANCED_FACE('',(#274),#5825,.T.);
#6011=ADVANCED_FACE('',(#275),#107,.F.);
#6012=ADVANCED_FACE('',(#276),#5826,.F.);
#6013=ADVANCED_FACE('',(#277),#108,.F.);
#6014=ADVANCED_FACE('',(#278),#109,.F.);
#6015=ADVANCED_FACE('',(#279),#5827,.F.);
#6016=ADVANCED_FACE('',(#280),#5828,.T.);
#6017=ADVANCED_FACE('',(#281),#110,.F.);
#6018=ADVANCED_FACE('',(#282),#5829,.F.);
#6019=ADVANCED_FACE('',(#283),#111,.F.);
#6020=ADVANCED_FACE('',(#284),#112,.F.);
#6021=ADVANCED_FACE('',(#285),#5830,.F.);
#6022=ADVANCED_FACE('',(#286),#5831,.T.);
#6023=ADVANCED_FACE('',(#287),#113,.F.);
#6024=ADVANCED_FACE('',(#288),#5832,.F.);
#6025=ADVANCED_FACE('',(#289),#114,.F.);
#6026=ADVANCED_FACE('',(#290),#115,.F.);
#6027=ADVANCED_FACE('',(#291),#5833,.F.);
#6028=ADVANCED_FACE('',(#292),#5834,.T.);
#6029=ADVANCED_FACE('',(#293),#116,.F.);
#6030=ADVANCED_FACE('',(#294),#5835,.F.);
#6031=ADVANCED_FACE('',(#295),#117,.F.);
#6032=ADVANCED_FACE('',(#296),#118,.F.);
#6033=ADVANCED_FACE('',(#297),#5836,.F.);
#6034=ADVANCED_FACE('',(#298),#5837,.T.);
#6035=ADVANCED_FACE('',(#299),#119,.F.);
#6036=ADVANCED_FACE('',(#300),#5838,.F.);
#6037=ADVANCED_FACE('',(#301),#120,.F.);
#6038=ADVANCED_FACE('',(#302),#121,.F.);
#6039=ADVANCED_FACE('',(#303),#5839,.F.);
#6040=ADVANCED_FACE('',(#304),#5840,.T.);
#6041=ADVANCED_FACE('',(#305),#122,.F.);
#6042=ADVANCED_FACE('',(#306),#5841,.F.);
#6043=ADVANCED_FACE('',(#307),#123,.F.);
#6044=ADVANCED_FACE('',(#308),#124,.F.);
#6045=ADVANCED_FACE('',(#309),#5842,.F.);
#6046=ADVANCED_FACE('',(#310),#5843,.T.);
#6047=ADVANCED_FACE('',(#311),#125,.F.);
#6048=ADVANCED_FACE('',(#312),#5844,.F.);
#6049=ADVANCED_FACE('',(#313),#126,.F.);
#6050=ADVANCED_FACE('',(#314),#127,.F.);
#6051=ADVANCED_FACE('',(#315),#5845,.F.);
#6052=ADVANCED_FACE('',(#316),#5846,.T.);
#6053=ADVANCED_FACE('',(#317),#128,.F.);
#6054=ADVANCED_FACE('',(#318),#5847,.F.);
#6055=ADVANCED_FACE('',(#319),#129,.F.);
#6056=ADVANCED_FACE('',(#320),#130,.F.);
#6057=ADVANCED_FACE('',(#321),#5848,.F.);
#6058=ADVANCED_FACE('',(#322),#5849,.T.);
#6059=ADVANCED_FACE('',(#323),#131,.F.);
#6060=ADVANCED_FACE('',(#324),#5850,.F.);
#6061=ADVANCED_FACE('',(#325),#132,.F.);
#6062=ADVANCED_FACE('',(#326),#133,.F.);
#6063=ADVANCED_FACE('',(#327),#5851,.F.);
#6064=ADVANCED_FACE('',(#328),#5852,.T.);
#6065=ADVANCED_FACE('',(#329),#134,.F.);
#6066=ADVANCED_FACE('',(#330),#5853,.F.);
#6067=ADVANCED_FACE('',(#331),#135,.F.);
#6068=ADVANCED_FACE('',(#332),#136,.F.);
#6069=ADVANCED_FACE('',(#333),#5854,.F.);
#6070=ADVANCED_FACE('',(#334),#5855,.T.);
#6071=ADVANCED_FACE('',(#335),#137,.F.);
#6072=ADVANCED_FACE('',(#336),#5856,.F.);
#6073=ADVANCED_FACE('',(#337),#138,.F.);
#6074=ADVANCED_FACE('',(#338),#139,.F.);
#6075=ADVANCED_FACE('',(#339),#5857,.F.);
#6076=ADVANCED_FACE('',(#340),#5858,.T.);
#6077=ADVANCED_FACE('',(#341),#140,.F.);
#6078=ADVANCED_FACE('',(#342),#5859,.F.);
#6079=ADVANCED_FACE('',(#343),#141,.F.);
#6080=ADVANCED_FACE('',(#344),#142,.F.);
#6081=ADVANCED_FACE('',(#345),#5860,.F.);
#6082=ADVANCED_FACE('',(#346),#5861,.T.);
#6083=ADVANCED_FACE('',(#347),#143,.F.);
#6084=ADVANCED_FACE('',(#348),#5862,.F.);
#6085=ADVANCED_FACE('',(#349),#144,.F.);
#6086=ADVANCED_FACE('',(#350),#145,.F.);
#6087=ADVANCED_FACE('',(#351),#5863,.F.);
#6088=ADVANCED_FACE('',(#352),#5864,.T.);
#6089=ADVANCED_FACE('',(#353),#146,.F.);
#6090=ADVANCED_FACE('',(#354),#5865,.F.);
#6091=ADVANCED_FACE('',(#355),#147,.F.);
#6092=ADVANCED_FACE('',(#356),#148,.F.);
#6093=ADVANCED_FACE('',(#357),#5866,.F.);
#6094=ADVANCED_FACE('',(#358),#5867,.T.);
#6095=ADVANCED_FACE('',(#359),#149,.F.);
#6096=ADVANCED_FACE('',(#360),#5868,.F.);
#6097=ADVANCED_FACE('',(#361),#150,.F.);
#6098=ADVANCED_FACE('',(#362),#151,.F.);
#6099=ADVANCED_FACE('',(#363),#5869,.F.);
#6100=ADVANCED_FACE('',(#364),#5870,.T.);
#6101=ADVANCED_FACE('',(#365),#152,.F.);
#6102=ADVANCED_FACE('',(#366),#5871,.F.);
#6103=ADVANCED_FACE('',(#367),#153,.F.);
#6104=ADVANCED_FACE('',(#368),#154,.F.);
#6105=ADVANCED_FACE('',(#369),#5872,.F.);
#6106=ADVANCED_FACE('',(#370),#5873,.T.);
#6107=ADVANCED_FACE('',(#371),#155,.F.);
#6108=ADVANCED_FACE('',(#372),#5874,.F.);
#6109=ADVANCED_FACE('',(#373),#156,.F.);
#6110=ADVANCED_FACE('',(#374),#157,.F.);
#6111=ADVANCED_FACE('',(#375),#5875,.F.);
#6112=ADVANCED_FACE('',(#376),#5876,.T.);
#6113=ADVANCED_FACE('',(#377),#158,.F.);
#6114=ADVANCED_FACE('',(#378),#5877,.F.);
#6115=ADVANCED_FACE('',(#379),#159,.F.);
#6116=ADVANCED_FACE('',(#380),#160,.F.);
#6117=ADVANCED_FACE('',(#381),#5878,.F.);
#6118=ADVANCED_FACE('',(#382),#5879,.T.);
#6119=ADVANCED_FACE('',(#383),#161,.F.);
#6120=ADVANCED_FACE('',(#384),#5880,.F.);
#6121=ADVANCED_FACE('',(#385),#162,.F.);
#6122=ADVANCED_FACE('',(#386),#163,.F.);
#6123=ADVANCED_FACE('',(#387),#5881,.F.);
#6124=ADVANCED_FACE('',(#388),#5882,.T.);
#6125=ADVANCED_FACE('',(#389),#164,.F.);
#6126=ADVANCED_FACE('',(#390),#5883,.F.);
#6127=ADVANCED_FACE('',(#391),#165,.F.);
#6128=ADVANCED_FACE('',(#392),#166,.F.);
#6129=ADVANCED_FACE('',(#393),#5884,.F.);
#6130=ADVANCED_FACE('',(#394),#5885,.T.);
#6131=ADVANCED_FACE('',(#395),#167,.F.);
#6132=ADVANCED_FACE('',(#396),#5886,.F.);
#6133=ADVANCED_FACE('',(#397),#168,.F.);
#6134=ADVANCED_FACE('',(#398),#169,.F.);
#6135=ADVANCED_FACE('',(#399),#5887,.F.);
#6136=ADVANCED_FACE('',(#400),#5888,.T.);
#6137=ADVANCED_FACE('',(#401),#170,.F.);
#6138=ADVANCED_FACE('',(#402),#5889,.F.);
#6139=ADVANCED_FACE('',(#403),#171,.F.);
#6140=ADVANCED_FACE('',(#404),#172,.F.);
#6141=ADVANCED_FACE('',(#405),#5890,.F.);
#6142=ADVANCED_FACE('',(#406),#5891,.T.);
#6143=ADVANCED_FACE('',(#407),#173,.F.);
#6144=ADVANCED_FACE('',(#408),#5892,.F.);
#6145=ADVANCED_FACE('',(#409),#174,.F.);
#6146=ADVANCED_FACE('',(#410),#175,.F.);
#6147=ADVANCED_FACE('',(#411),#5893,.F.);
#6148=ADVANCED_FACE('',(#412),#5894,.T.);
#6149=ADVANCED_FACE('',(#413),#176,.F.);
#6150=ADVANCED_FACE('',(#414),#5895,.F.);
#6151=ADVANCED_FACE('',(#415),#177,.F.);
#6152=ADVANCED_FACE('',(#416),#178,.F.);
#6153=ADVANCED_FACE('',(#417),#5896,.F.);
#6154=ADVANCED_FACE('',(#418),#5897,.T.);
#6155=ADVANCED_FACE('',(#419),#179,.F.);
#6156=ADVANCED_FACE('',(#420),#5898,.F.);
#6157=ADVANCED_FACE('',(#421),#180,.F.);
#6158=ADVANCED_FACE('',(#422),#181,.F.);
#6159=ADVANCED_FACE('',(#423),#5899,.F.);
#6160=ADVANCED_FACE('',(#424),#5900,.T.);
#6161=ADVANCED_FACE('',(#425),#182,.F.);
#6162=ADVANCED_FACE('',(#426),#5901,.F.);
#6163=ADVANCED_FACE('',(#427),#183,.F.);
#6164=ADVANCED_FACE('',(#428),#184,.F.);
#6165=ADVANCED_FACE('',(#429),#5902,.F.);
#6166=ADVANCED_FACE('',(#430),#5903,.T.);
#6167=ADVANCED_FACE('',(#431),#185,.F.);
#6168=ADVANCED_FACE('',(#432),#5904,.F.);
#6169=ADVANCED_FACE('',(#433),#186,.F.);
#6170=ADVANCED_FACE('',(#434),#187,.F.);
#6171=ADVANCED_FACE('',(#435),#5905,.F.);
#6172=ADVANCED_FACE('',(#436),#5906,.T.);
#6173=ADVANCED_FACE('',(#437),#188,.F.);
#6174=ADVANCED_FACE('',(#438),#5907,.F.);
#6175=ADVANCED_FACE('',(#439),#189,.F.);
#6176=ADVANCED_FACE('',(#440),#190,.F.);
#6177=ADVANCED_FACE('',(#441),#5908,.F.);
#6178=ADVANCED_FACE('',(#442),#5909,.T.);
#6179=ADVANCED_FACE('',(#443),#191,.F.);
#6180=ADVANCED_FACE('',(#444),#5910,.F.);
#6181=ADVANCED_FACE('',(#445),#192,.F.);
#6182=ADVANCED_FACE('',(#446),#193,.F.);
#6183=ADVANCED_FACE('',(#447),#5911,.F.);
#6184=ADVANCED_FACE('',(#448),#5912,.T.);
#6185=ADVANCED_FACE('',(#449),#194,.F.);
#6186=ADVANCED_FACE('',(#450),#5913,.F.);
#6187=ADVANCED_FACE('',(#451),#195,.F.);
#6188=ADVANCED_FACE('',(#452),#196,.F.);
#6189=ADVANCED_FACE('',(#453),#5914,.F.);
#6190=ADVANCED_FACE('',(#454),#5915,.T.);
#6191=ADVANCED_FACE('',(#455),#197,.F.);
#6192=ADVANCED_FACE('',(#456),#5916,.F.);
#6193=ADVANCED_FACE('',(#457),#198,.F.);
#6194=ADVANCED_FACE('',(#458),#199,.F.);
#6195=ADVANCED_FACE('',(#459),#5917,.F.);
#6196=ADVANCED_FACE('',(#460),#5918,.T.);
#6197=ADVANCED_FACE('',(#461),#200,.F.);
#6198=ADVANCED_FACE('',(#462),#5919,.F.);
#6199=ADVANCED_FACE('',(#463),#201,.F.);
#6200=ADVANCED_FACE('',(#464),#202,.F.);
#6201=ADVANCED_FACE('',(#465),#5920,.F.);
#6202=ADVANCED_FACE('',(#466),#5921,.T.);
#6203=ADVANCED_FACE('',(#467),#203,.F.);
#6204=ADVANCED_FACE('',(#468),#5922,.F.);
#6205=ADVANCED_FACE('',(#469),#204,.F.);
#6206=ADVANCED_FACE('',(#470),#205,.F.);
#6207=ADVANCED_FACE('',(#471),#5923,.F.);
#6208=ADVANCED_FACE('',(#472),#5924,.F.);
#6209=ADVANCED_FACE('',(#473),#5925,.T.);
#6210=ADVANCED_FACE('',(#474,#39),#206,.T.);
#6211=ADVANCED_FACE('',(#475),#207,.T.);
#6212=ADVANCED_FACE('',(#476),#208,.T.);
#6213=ADVANCED_FACE('',(#477),#5926,.F.);
#6214=ADVANCED_FACE('',(#478),#58,.T.);
#6215=ADVANCED_FACE('',(#479),#5927,.T.);
#6216=ADVANCED_FACE('',(#480),#59,.T.);
#6217=ADVANCED_FACE('',(#481),#60,.T.);
#6218=ADVANCED_FACE('',(#482),#5928,.T.);
#6219=ADVANCED_FACE('',(#483),#61,.T.);
#6220=ADVANCED_FACE('',(#484),#5929,.F.);
#6221=ADVANCED_FACE('',(#485),#209,.T.);
#6222=ADVANCED_FACE('',(#486),#5930,.F.);
#6223=ADVANCED_FACE('',(#487),#5931,.T.);
#6224=ADVANCED_FACE('',(#488),#5932,.F.);
#6225=ADVANCED_FACE('',(#489),#210,.F.);
#6226=ADVANCED_FACE('',(#490),#5933,.F.);
#6227=ADVANCED_FACE('',(#491),#62,.T.);
#6228=ADVANCED_FACE('',(#492),#5934,.T.);
#6229=ADVANCED_FACE('',(#493),#63,.T.);
#6230=ADVANCED_FACE('',(#494),#64,.T.);
#6231=ADVANCED_FACE('',(#495),#5935,.T.);
#6232=ADVANCED_FACE('',(#496),#65,.T.);
#6233=ADVANCED_FACE('',(#497),#5936,.F.);
#6234=ADVANCED_FACE('',(#498),#211,.T.);
#6235=ADVANCED_FACE('',(#499),#5937,.F.);
#6236=ADVANCED_FACE('',(#500),#5938,.T.);
#6237=ADVANCED_FACE('',(#501),#5939,.F.);
#6238=ADVANCED_FACE('',(#502),#212,.F.);
#6239=ADVANCED_FACE('',(#503),#5940,.F.);
#6240=ADVANCED_FACE('',(#504),#66,.T.);
#6241=ADVANCED_FACE('',(#505),#5941,.T.);
#6242=ADVANCED_FACE('',(#506),#67,.T.);
#6243=ADVANCED_FACE('',(#507),#68,.T.);
#6244=ADVANCED_FACE('',(#508),#5942,.T.);
#6245=ADVANCED_FACE('',(#509),#69,.T.);
#6246=ADVANCED_FACE('',(#510),#5943,.F.);
#6247=ADVANCED_FACE('',(#511),#213,.T.);
#6248=ADVANCED_FACE('',(#512),#5944,.F.);
#6249=ADVANCED_FACE('',(#513),#5945,.T.);
#6250=ADVANCED_FACE('',(#514),#5946,.F.);
#6251=ADVANCED_FACE('',(#515),#214,.F.);
#6252=ADVANCED_FACE('',(#516),#5947,.F.);
#6253=ADVANCED_FACE('',(#517),#70,.T.);
#6254=ADVANCED_FACE('',(#518),#5948,.T.);
#6255=ADVANCED_FACE('',(#519),#71,.T.);
#6256=ADVANCED_FACE('',(#520),#72,.T.);
#6257=ADVANCED_FACE('',(#521),#73,.T.);
#6258=ADVANCED_FACE('',(#522),#5949,.T.);
#6259=ADVANCED_FACE('',(#523),#74,.T.);
#6260=ADVANCED_FACE('',(#524,#40),#215,.T.);
#6261=ADVANCED_FACE('',(#525),#75,.T.);
#6262=ADVANCED_FACE('',(#526),#5950,.T.);
#6263=ADVANCED_FACE('',(#527),#76,.T.);
#6264=ADVANCED_FACE('',(#528),#77,.T.);
#6265=ADVANCED_FACE('',(#529),#78,.T.);
#6266=ADVANCED_FACE('',(#530),#5951,.T.);
#6267=ADVANCED_FACE('',(#531),#79,.T.);
#6268=ADVANCED_FACE('',(#532),#80,.T.);
#6269=ADVANCED_FACE('',(#533),#5952,.T.);
#6270=ADVANCED_FACE('',(#534),#81,.T.);
#6271=ADVANCED_FACE('',(#535),#82,.T.);
#6272=ADVANCED_FACE('',(#536),#83,.T.);
#6273=ADVANCED_FACE('',(#537),#5953,.T.);
#6274=ADVANCED_FACE('',(#538),#84,.T.);
#6275=ADVANCED_FACE('',(#539),#5954,.F.);
#6276=ADVANCED_FACE('',(#540),#5955,.F.);
#6277=ADVANCED_FACE('',(#541),#216,.T.);
#6278=ADVANCED_FACE('',(#542,#41),#217,.T.);
#6279=ADVANCED_FACE('',(#543),#5956,.F.);
#6280=ADVANCED_FACE('',(#544,#42),#218,.T.);
#6281=ADVANCED_FACE('',(#545),#5957,.T.);
#6282=ADVANCED_FACE('',(#546,#43),#219,.T.);
#6283=ADVANCED_FACE('',(#547),#5958,.F.);
#6284=ADVANCED_FACE('',(#548,#44),#220,.T.);
#6285=ADVANCED_FACE('',(#549,#45),#221,.T.);
#6286=ADVANCED_FACE('',(#550),#85,.F.);
#6287=ADVANCED_FACE('',(#551),#5959,.F.);
#6288=ADVANCED_FACE('',(#552),#86,.F.);
#6289=ADVANCED_FACE('',(#553,#46),#222,.T.);
#6290=ADVANCED_FACE('',(#554),#23,.F.);
#6291=ADVANCED_FACE('',(#555),#5960,.F.);
#6292=ADVANCED_FACE('',(#556,#47),#223,.T.);
#6293=ADVANCED_FACE('',(#557),#24,.F.);
#6294=ADVANCED_FACE('',(#558,#48),#224,.T.);
#6295=ADVANCED_FACE('',(#559),#5961,.T.);
#6296=ADVANCED_FACE('',(#560,#49),#225,.T.);
#6297=ADVANCED_FACE('',(#561),#87,.F.);
#6298=ADVANCED_FACE('',(#562,#50),#226,.T.);
#6299=ADVANCED_FACE('',(#563),#5962,.T.);
#6300=ADVANCED_FACE('',(#564,#51),#227,.F.);
#6301=ADVANCED_FACE('',(#565),#5963,.F.);
#6302=ADVANCED_FACE('',(#566),#5964,.T.);
#6303=ADVANCED_FACE('',(#567,#52),#228,.T.);
#6304=CLOSED_SHELL('',(#5965,#5966,#5967,#5968,#5969,#5970,#5971,#5972,
#5973,#5974,#5975,#5976,#5977,#5978,#5979,#5980,#5981,#5982,#5983,#5984,
#5985,#5986,#5987,#5988,#5989,#5990,#5991,#5992,#5993,#5994,#5995,#5996,
#5997,#5998,#5999,#6000,#6001,#6002,#6003,#6004,#6005,#6006,#6007,#6008,
#6009,#6010,#6011,#6012,#6013,#6014,#6015,#6016,#6017,#6018,#6019,#6020,
#6021,#6022,#6023,#6024,#6025,#6026,#6027,#6028,#6029,#6030,#6031,#6032,
#6033,#6034,#6035,#6036,#6037,#6038,#6039,#6040,#6041,#6042,#6043,#6044,
#6045,#6046,#6047,#6048,#6049,#6050,#6051,#6052,#6053,#6054,#6055,#6056,
#6057,#6058,#6059,#6060,#6061,#6062,#6063,#6064,#6065,#6066,#6067,#6068,
#6069,#6070,#6071,#6072,#6073,#6074,#6075,#6076,#6077,#6078,#6079,#6080,
#6081,#6082,#6083,#6084,#6085,#6086,#6087,#6088,#6089,#6090,#6091,#6092,
#6093,#6094,#6095,#6096,#6097,#6098,#6099,#6100,#6101,#6102,#6103,#6104,
#6105,#6106,#6107,#6108,#6109,#6110,#6111,#6112,#6113,#6114,#6115,#6116,
#6117,#6118,#6119,#6120,#6121,#6122,#6123,#6124,#6125,#6126,#6127,#6128,
#6129,#6130,#6131,#6132,#6133,#6134,#6135,#6136,#6137,#6138,#6139,#6140,
#6141,#6142,#6143,#6144,#6145,#6146,#6147,#6148,#6149,#6150,#6151,#6152,
#6153,#6154,#6155,#6156,#6157,#6158,#6159,#6160,#6161,#6162,#6163,#6164,
#6165,#6166,#6167,#6168,#6169,#6170,#6171,#6172,#6173,#6174,#6175,#6176,
#6177,#6178,#6179,#6180,#6181,#6182,#6183,#6184,#6185,#6186,#6187,#6188,
#6189,#6190,#6191,#6192,#6193,#6194,#6195,#6196,#6197,#6198,#6199,#6200,
#6201,#6202,#6203,#6204,#6205,#6206,#6207,#6208,#6209,#6210,#6211,#6212,
#6213,#6214,#6215,#6216,#6217,#6218,#6219,#6220,#6221,#6222,#6223,#6224,
#6225,#6226,#6227,#6228,#6229,#6230,#6231,#6232,#6233,#6234,#6235,#6236,
#6237,#6238,#6239,#6240,#6241,#6242,#6243,#6244,#6245,#6246,#6247,#6248,
#6249,#6250,#6251,#6252,#6253,#6254,#6255,#6256,#6257,#6258,#6259,#6260,
#6261,#6262,#6263,#6264,#6265,#6266,#6267,#6268,#6269,#6270,#6271,#6272,
#6273,#6274,#6275,#6276,#6277,#6278,#6279,#6280,#6281,#6282,#6283,#6284,
#6285,#6286,#6287,#6288,#6289));
#6305=CLOSED_SHELL('',(#6290,#6291,#6292,#6293,#6294,#6295,#6296,#6297,
#6298,#6299));
#6306=CLOSED_SHELL('',(#6300,#6301,#6302,#6303));
#6307=DERIVED_UNIT_ELEMENT(#6313,1.);
#6308=DERIVED_UNIT_ELEMENT(#11124,-3.);
#6309=DERIVED_UNIT_ELEMENT(#6313,1.);
#6310=DERIVED_UNIT_ELEMENT(#11124,-3.);
#6311=DERIVED_UNIT_ELEMENT(#6313,1.);
#6312=DERIVED_UNIT_ELEMENT(#11124,-3.);
#6313=(
MASS_UNIT()
NAMED_UNIT(*)
SI_UNIT(.KILO.,.GRAM.)
);
#6314=DERIVED_UNIT((#6307,#6308));
#6315=DERIVED_UNIT((#6309,#6310));
#6316=DERIVED_UNIT((#6311,#6312));
#6317=MEASURE_REPRESENTATION_ITEM('density measure',
POSITIVE_RATIO_MEASURE(7850.),#6314);
#6318=MEASURE_REPRESENTATION_ITEM('density measure',
POSITIVE_RATIO_MEASURE(7850.),#6315);
#6319=MEASURE_REPRESENTATION_ITEM('density measure',
POSITIVE_RATIO_MEASURE(7850.),#6316);
#6320=PROPERTY_DEFINITION_REPRESENTATION(#6335,#6326);
#6321=PROPERTY_DEFINITION_REPRESENTATION(#6336,#6327);
#6322=PROPERTY_DEFINITION_REPRESENTATION(#6337,#6328);
#6323=PROPERTY_DEFINITION_REPRESENTATION(#6338,#6329);
#6324=PROPERTY_DEFINITION_REPRESENTATION(#6339,#6330);
#6325=PROPERTY_DEFINITION_REPRESENTATION(#6340,#6331);
#6326=REPRESENTATION('material name',(#6332),#11119);
#6327=REPRESENTATION('density',(#6317),#11119);
#6328=REPRESENTATION('material name',(#6333),#11120);
#6329=REPRESENTATION('density',(#6318),#11120);
#6330=REPRESENTATION('material name',(#6334),#11121);
#6331=REPRESENTATION('density',(#6319),#11121);
#6332=DESCRIPTIVE_REPRESENTATION_ITEM('Stahl','Stahl');
#6333=DESCRIPTIVE_REPRESENTATION_ITEM('Stahl','Stahl');
#6334=DESCRIPTIVE_REPRESENTATION_ITEM('Stahl','Stahl');
#6335=PROPERTY_DEFINITION('material property','material name',#11144);
#6336=PROPERTY_DEFINITION('material property','density of part',#11144);
#6337=PROPERTY_DEFINITION('material property','material name',#11145);
#6338=PROPERTY_DEFINITION('material property','density of part',#11145);
#6339=PROPERTY_DEFINITION('material property','material name',#11146);
#6340=PROPERTY_DEFINITION('material property','density of part',#11146);
#6341=AXIS2_PLACEMENT_3D('',#9068,#7075,#7076);
#6342=AXIS2_PLACEMENT_3D('',#9069,#7077,#7078);
#6343=AXIS2_PLACEMENT_3D('',#9070,#7079,#7080);
#6344=AXIS2_PLACEMENT_3D('',#9075,#7082,#7083);
#6345=AXIS2_PLACEMENT_3D('',#9085,#7084,#7085);
#6346=AXIS2_PLACEMENT_3D('',#9096,#7088,#7089);
#6347=AXIS2_PLACEMENT_3D('',#9101,#7091,#7092);
#6348=AXIS2_PLACEMENT_3D('',#9110,#7094,#7095);
#6349=AXIS2_PLACEMENT_3D('',#9122,#7097,#7098);
#6350=AXIS2_PLACEMENT_3D('',#9124,#7099,#7100);
#6351=AXIS2_PLACEMENT_3D('',#9125,#7101,#7102);
#6352=AXIS2_PLACEMENT_3D('',#9126,#7103,#7104);
#6353=AXIS2_PLACEMENT_3D('',#9127,#7105,#7106);
#6354=AXIS2_PLACEMENT_3D('',#9129,#7107,#7108);
#6355=AXIS2_PLACEMENT_3D('',#9130,#7109,#7110);
#6356=AXIS2_PLACEMENT_3D('',#9131,#7111,#7112);
#6357=AXIS2_PLACEMENT_3D('',#9133,#7113,#7114);
#6358=AXIS2_PLACEMENT_3D('',#9135,#7115,#7116);
#6359=AXIS2_PLACEMENT_3D('',#9136,#7117,#7118);
#6360=AXIS2_PLACEMENT_3D('',#9137,#7119,#7120);
#6361=AXIS2_PLACEMENT_3D('',#9138,#7121,#7122);
#6362=AXIS2_PLACEMENT_3D('',#9139,#7123,#7124);
#6363=AXIS2_PLACEMENT_3D('',#9140,#7125,#7126);
#6364=AXIS2_PLACEMENT_3D('',#9142,#7127,#7128);
#6365=AXIS2_PLACEMENT_3D('',#9147,#7130,#7131);
#6366=AXIS2_PLACEMENT_3D('',#9151,#7133,#7134);
#6367=AXIS2_PLACEMENT_3D('',#9155,#7136,#7137);
#6368=AXIS2_PLACEMENT_3D('',#9159,#7139,#7140);
#6369=AXIS2_PLACEMENT_3D('',#9163,#7142,#7143);
#6370=AXIS2_PLACEMENT_3D('',#9167,#7145,#7146);
#6371=AXIS2_PLACEMENT_3D('',#9171,#7148,#7149);
#6372=AXIS2_PLACEMENT_3D('',#9175,#7151,#7152);
#6373=AXIS2_PLACEMENT_3D('',#9179,#7154,#7155);
#6374=AXIS2_PLACEMENT_3D('',#9183,#7157,#7158);
#6375=AXIS2_PLACEMENT_3D('',#9187,#7160,#7161);
#6376=AXIS2_PLACEMENT_3D('',#9191,#7163,#7164);
#6377=AXIS2_PLACEMENT_3D('',#9195,#7166,#7167);
#6378=AXIS2_PLACEMENT_3D('',#9199,#7169,#7170);
#6379=AXIS2_PLACEMENT_3D('',#9203,#7172,#7173);
#6380=AXIS2_PLACEMENT_3D('',#9207,#7175,#7176);
#6381=AXIS2_PLACEMENT_3D('',#9211,#7178,#7179);
#6382=AXIS2_PLACEMENT_3D('',#9215,#7181,#7182);
#6383=AXIS2_PLACEMENT_3D('',#9219,#7184,#7185);
#6384=AXIS2_PLACEMENT_3D('',#9223,#7187,#7188);
#6385=AXIS2_PLACEMENT_3D('',#9227,#7190,#7191);
#6386=AXIS2_PLACEMENT_3D('',#9231,#7193,#7194);
#6387=AXIS2_PLACEMENT_3D('',#9235,#7196,#7197);
#6388=AXIS2_PLACEMENT_3D('',#9239,#7199,#7200);
#6389=AXIS2_PLACEMENT_3D('',#9243,#7202,#7203);
#6390=AXIS2_PLACEMENT_3D('',#9247,#7205,#7206);
#6391=AXIS2_PLACEMENT_3D('',#9251,#7208,#7209);
#6392=AXIS2_PLACEMENT_3D('',#9255,#7211,#7212);
#6393=AXIS2_PLACEMENT_3D('',#9259,#7214,#7215);
#6394=AXIS2_PLACEMENT_3D('',#9263,#7217,#7218);
#6395=AXIS2_PLACEMENT_3D('',#9267,#7220,#7221);
#6396=AXIS2_PLACEMENT_3D('',#9271,#7223,#7224);
#6397=AXIS2_PLACEMENT_3D('',#9275,#7226,#7227);
#6398=AXIS2_PLACEMENT_3D('',#9279,#7229,#7230);
#6399=AXIS2_PLACEMENT_3D('',#9283,#7232,#7233);
#6400=AXIS2_PLACEMENT_3D('',#9287,#7235,#7236);
#6401=AXIS2_PLACEMENT_3D('',#9291,#7238,#7239);
#6402=AXIS2_PLACEMENT_3D('',#9295,#7241,#7242);
#6403=AXIS2_PLACEMENT_3D('',#9299,#7244,#7245);
#6404=AXIS2_PLACEMENT_3D('',#9303,#7247,#7248);
#6405=AXIS2_PLACEMENT_3D('',#9307,#7250,#7251);
#6406=AXIS2_PLACEMENT_3D('',#9311,#7253,#7254);
#6407=AXIS2_PLACEMENT_3D('',#9315,#7256,#7257);
#6408=AXIS2_PLACEMENT_3D('',#9319,#7259,#7260);
#6409=AXIS2_PLACEMENT_3D('',#9323,#7262,#7263);
#6410=AXIS2_PLACEMENT_3D('',#9327,#7265,#7266);
#6411=AXIS2_PLACEMENT_3D('',#9331,#7268,#7269);
#6412=AXIS2_PLACEMENT_3D('',#9335,#7271,#7272);
#6413=AXIS2_PLACEMENT_3D('',#9339,#7274,#7275);
#6414=AXIS2_PLACEMENT_3D('',#9343,#7277,#7278);
#6415=AXIS2_PLACEMENT_3D('',#9347,#7280,#7281);
#6416=AXIS2_PLACEMENT_3D('',#9351,#7283,#7284);
#6417=AXIS2_PLACEMENT_3D('',#9355,#7286,#7287);
#6418=AXIS2_PLACEMENT_3D('',#9359,#7289,#7290);
#6419=AXIS2_PLACEMENT_3D('',#9363,#7292,#7293);
#6420=AXIS2_PLACEMENT_3D('',#9367,#7295,#7296);
#6421=AXIS2_PLACEMENT_3D('',#9371,#7298,#7299);
#6422=AXIS2_PLACEMENT_3D('',#9375,#7301,#7302);
#6423=AXIS2_PLACEMENT_3D('',#9379,#7304,#7305);
#6424=AXIS2_PLACEMENT_3D('',#9383,#7307,#7308);
#6425=AXIS2_PLACEMENT_3D('',#9387,#7310,#7311);
#6426=AXIS2_PLACEMENT_3D('',#9391,#7313,#7314);
#6427=AXIS2_PLACEMENT_3D('',#9395,#7316,#7317);
#6428=AXIS2_PLACEMENT_3D('',#9399,#7319,#7320);
#6429=AXIS2_PLACEMENT_3D('',#9403,#7322,#7323);
#6430=AXIS2_PLACEMENT_3D('',#9407,#7325,#7326);
#6431=AXIS2_PLACEMENT_3D('',#9411,#7328,#7329);
#6432=AXIS2_PLACEMENT_3D('',#9415,#7331,#7332);
#6433=AXIS2_PLACEMENT_3D('',#9419,#7334,#7335);
#6434=AXIS2_PLACEMENT_3D('',#9423,#7337,#7338);
#6435=AXIS2_PLACEMENT_3D('',#9427,#7340,#7341);
#6436=AXIS2_PLACEMENT_3D('',#9431,#7343,#7344);
#6437=AXIS2_PLACEMENT_3D('',#9435,#7346,#7347);
#6438=AXIS2_PLACEMENT_3D('',#9439,#7349,#7350);
#6439=AXIS2_PLACEMENT_3D('',#9443,#7352,#7353);
#6440=AXIS2_PLACEMENT_3D('',#9447,#7355,#7356);
#6441=AXIS2_PLACEMENT_3D('',#9451,#7358,#7359);
#6442=AXIS2_PLACEMENT_3D('',#9455,#7361,#7362);
#6443=AXIS2_PLACEMENT_3D('',#9459,#7364,#7365);
#6444=AXIS2_PLACEMENT_3D('',#9463,#7367,#7368);
#6445=AXIS2_PLACEMENT_3D('',#9467,#7370,#7371);
#6446=AXIS2_PLACEMENT_3D('',#9471,#7373,#7374);
#6447=AXIS2_PLACEMENT_3D('',#9475,#7376,#7377);
#6448=AXIS2_PLACEMENT_3D('',#9479,#7379,#7380);
#6449=AXIS2_PLACEMENT_3D('',#9483,#7382,#7383);
#6450=AXIS2_PLACEMENT_3D('',#9487,#7385,#7386);
#6451=AXIS2_PLACEMENT_3D('',#9491,#7388,#7389);
#6452=AXIS2_PLACEMENT_3D('',#9495,#7391,#7392);
#6453=AXIS2_PLACEMENT_3D('',#9499,#7394,#7395);
#6454=AXIS2_PLACEMENT_3D('',#9503,#7397,#7398);
#6455=AXIS2_PLACEMENT_3D('',#9507,#7400,#7401);
#6456=AXIS2_PLACEMENT_3D('',#9511,#7403,#7404);
#6457=AXIS2_PLACEMENT_3D('',#9515,#7406,#7407);
#6458=AXIS2_PLACEMENT_3D('',#9519,#7409,#7410);
#6459=AXIS2_PLACEMENT_3D('',#9523,#7412,#7413);
#6460=AXIS2_PLACEMENT_3D('',#9527,#7415,#7416);
#6461=AXIS2_PLACEMENT_3D('',#9531,#7418,#7419);
#6462=AXIS2_PLACEMENT_3D('',#9535,#7421,#7422);
#6463=AXIS2_PLACEMENT_3D('',#9539,#7424,#7425);
#6464=AXIS2_PLACEMENT_3D('',#9543,#7427,#7428);
#6465=AXIS2_PLACEMENT_3D('',#9547,#7430,#7431);
#6466=AXIS2_PLACEMENT_3D('',#9551,#7433,#7434);
#6467=AXIS2_PLACEMENT_3D('',#9555,#7436,#7437);
#6468=AXIS2_PLACEMENT_3D('',#9559,#7439,#7440);
#6469=AXIS2_PLACEMENT_3D('',#9563,#7442,#7443);
#6470=AXIS2_PLACEMENT_3D('',#9567,#7445,#7446);
#6471=AXIS2_PLACEMENT_3D('',#9571,#7448,#7449);
#6472=AXIS2_PLACEMENT_3D('',#9575,#7451,#7452);
#6473=AXIS2_PLACEMENT_3D('',#9579,#7454,#7455);
#6474=AXIS2_PLACEMENT_3D('',#9583,#7457,#7458);
#6475=AXIS2_PLACEMENT_3D('',#9587,#7460,#7461);
#6476=AXIS2_PLACEMENT_3D('',#9591,#7463,#7464);
#6477=AXIS2_PLACEMENT_3D('',#9595,#7466,#7467);
#6478=AXIS2_PLACEMENT_3D('',#9598,#7469,#7470);
#6479=AXIS2_PLACEMENT_3D('',#9599,#7471,#7472);
#6480=AXIS2_PLACEMENT_3D('',#9601,#7473,#7474);
#6481=AXIS2_PLACEMENT_3D('',#9605,#7476,#7477);
#6482=AXIS2_PLACEMENT_3D('',#9606,#7478,#7479);
#6483=AXIS2_PLACEMENT_3D('',#9607,#7480,#7481);
#6484=AXIS2_PLACEMENT_3D('',#9609,#7482,#7483);
#6485=AXIS2_PLACEMENT_3D('',#9611,#7485,#7486);
#6486=AXIS2_PLACEMENT_3D('',#9612,#7487,#7488);
#6487=AXIS2_PLACEMENT_3D('',#9614,#7489,#7490);
#6488=AXIS2_PLACEMENT_3D('',#9618,#7492,#7493);
#6489=AXIS2_PLACEMENT_3D('',#9629,#7494,#7495);
#6490=AXIS2_PLACEMENT_3D('',#9642,#7496,#7497);
#6491=AXIS2_PLACEMENT_3D('',#9653,#7498,#7499);
#6492=AXIS2_PLACEMENT_3D('',#9666,#7500,#7501);
#6493=AXIS2_PLACEMENT_3D('',#9679,#7502,#7503);
#6494=AXIS2_PLACEMENT_3D('',#9689,#7504,#7505);
#6495=AXIS2_PLACEMENT_3D('',#9690,#7506,#7507);
#6496=AXIS2_PLACEMENT_3D('',#9692,#7508,#7509);
#6497=AXIS2_PLACEMENT_3D('',#9694,#7510,#7511);
#6498=AXIS2_PLACEMENT_3D('',#9696,#7512,#7513);
#6499=AXIS2_PLACEMENT_3D('',#9697,#7514,#7515);
#6500=AXIS2_PLACEMENT_3D('',#9698,#7516,#7517);
#6501=AXIS2_PLACEMENT_3D('',#9700,#7518,#7519);
#6502=AXIS2_PLACEMENT_3D('',#9702,#7520,#7521);
#6503=AXIS2_PLACEMENT_3D('',#9704,#7522,#7523);
#6504=AXIS2_PLACEMENT_3D('',#9705,#7524,#7525);
#6505=AXIS2_PLACEMENT_3D('',#9706,#7526,#7527);
#6506=AXIS2_PLACEMENT_3D('',#9708,#7528,#7529);
#6507=AXIS2_PLACEMENT_3D('',#9710,#7530,#7531);
#6508=AXIS2_PLACEMENT_3D('',#9712,#7532,#7533);
#6509=AXIS2_PLACEMENT_3D('',#9713,#7534,#7535);
#6510=AXIS2_PLACEMENT_3D('',#9714,#7536,#7537);
#6511=AXIS2_PLACEMENT_3D('',#9720,#7541,#7542);
#6512=AXIS2_PLACEMENT_3D('',#9722,#7543,#7544);
#6513=AXIS2_PLACEMENT_3D('',#9724,#7546,#7547);
#6514=AXIS2_PLACEMENT_3D('',#9728,#7550,#7551);
#6515=AXIS2_PLACEMENT_3D('',#9734,#7555,#7556);
#6516=AXIS2_PLACEMENT_3D('',#9735,#7557,#7558);
#6517=AXIS2_PLACEMENT_3D('',#9736,#7559,#7560);
#6518=AXIS2_PLACEMENT_3D('',#9738,#7561,#7562);
#6519=AXIS2_PLACEMENT_3D('',#9740,#7564,#7565);
#6520=AXIS2_PLACEMENT_3D('',#9746,#7569,#7570);
#6521=AXIS2_PLACEMENT_3D('',#9748,#7571,#7572);
#6522=AXIS2_PLACEMENT_3D('',#9750,#7574,#7575);
#6523=AXIS2_PLACEMENT_3D('',#9754,#7578,#7579);
#6524=AXIS2_PLACEMENT_3D('',#9758,#7582,#7583);
#6525=AXIS2_PLACEMENT_3D('',#9759,#7584,#7585);
#6526=AXIS2_PLACEMENT_3D('',#9760,#7586,#7587);
#6527=AXIS2_PLACEMENT_3D('',#9762,#7588,#7589);
#6528=AXIS2_PLACEMENT_3D('',#9764,#7591,#7592);
#6529=AXIS2_PLACEMENT_3D('',#9770,#7596,#7597);
#6530=AXIS2_PLACEMENT_3D('',#9772,#7598,#7599);
#6531=AXIS2_PLACEMENT_3D('',#9774,#7601,#7602);
#6532=AXIS2_PLACEMENT_3D('',#9778,#7605,#7606);
#6533=AXIS2_PLACEMENT_3D('',#9784,#7610,#7611);
#6534=AXIS2_PLACEMENT_3D('',#9785,#7612,#7613);
#6535=AXIS2_PLACEMENT_3D('',#9786,#7614,#7615);
#6536=AXIS2_PLACEMENT_3D('',#9788,#7616,#7617);
#6537=AXIS2_PLACEMENT_3D('',#9790,#7619,#7620);
#6538=AXIS2_PLACEMENT_3D('',#9796,#7624,#7625);
#6539=AXIS2_PLACEMENT_3D('',#9798,#7626,#7627);
#6540=AXIS2_PLACEMENT_3D('',#9800,#7629,#7630);
#6541=AXIS2_PLACEMENT_3D('',#9804,#7633,#7634);
#6542=AXIS2_PLACEMENT_3D('',#9810,#7638,#7639);
#6543=AXIS2_PLACEMENT_3D('',#9811,#7640,#7641);
#6544=AXIS2_PLACEMENT_3D('',#9812,#7642,#7643);
#6545=AXIS2_PLACEMENT_3D('',#9814,#7644,#7645);
#6546=AXIS2_PLACEMENT_3D('',#9816,#7647,#7648);
#6547=AXIS2_PLACEMENT_3D('',#9822,#7652,#7653);
#6548=AXIS2_PLACEMENT_3D('',#9824,#7654,#7655);
#6549=AXIS2_PLACEMENT_3D('',#9826,#7657,#7658);
#6550=AXIS2_PLACEMENT_3D('',#9830,#7661,#7662);
#6551=AXIS2_PLACEMENT_3D('',#9836,#7666,#7667);
#6552=AXIS2_PLACEMENT_3D('',#9837,#7668,#7669);
#6553=AXIS2_PLACEMENT_3D('',#9838,#7670,#7671);
#6554=AXIS2_PLACEMENT_3D('',#9839,#7672,#7673);
#6555=AXIS2_PLACEMENT_3D('',#9840,#7674,#7675);
#6556=AXIS2_PLACEMENT_3D('',#9846,#7679,#7680);
#6557=AXIS2_PLACEMENT_3D('',#9848,#7681,#7682);
#6558=AXIS2_PLACEMENT_3D('',#9850,#7684,#7685);
#6559=AXIS2_PLACEMENT_3D('',#9854,#7688,#7689);
#6560=AXIS2_PLACEMENT_3D('',#9860,#7693,#7694);
#6561=AXIS2_PLACEMENT_3D('',#9861,#7695,#7696);
#6562=AXIS2_PLACEMENT_3D('',#9862,#7697,#7698);
#6563=AXIS2_PLACEMENT_3D('',#9863,#7699,#7700);
#6564=AXIS2_PLACEMENT_3D('',#9864,#7701,#7702);
#6565=AXIS2_PLACEMENT_3D('',#9870,#7706,#7707);
#6566=AXIS2_PLACEMENT_3D('',#9872,#7708,#7709);
#6567=AXIS2_PLACEMENT_3D('',#9874,#7711,#7712);
#6568=AXIS2_PLACEMENT_3D('',#9878,#7715,#7716);
#6569=AXIS2_PLACEMENT_3D('',#9882,#7719,#7720);
#6570=AXIS2_PLACEMENT_3D('',#9883,#7721,#7722);
#6571=AXIS2_PLACEMENT_3D('',#9884,#7723,#7724);
#6572=AXIS2_PLACEMENT_3D('',#9885,#7725,#7726);
#6573=AXIS2_PLACEMENT_3D('',#9886,#7727,#7728);
#6574=AXIS2_PLACEMENT_3D('',#9892,#7732,#7733);
#6575=AXIS2_PLACEMENT_3D('',#9894,#7734,#7735);
#6576=AXIS2_PLACEMENT_3D('',#9896,#7737,#7738);
#6577=AXIS2_PLACEMENT_3D('',#9900,#7741,#7742);
#6578=AXIS2_PLACEMENT_3D('',#9906,#7746,#7747);
#6579=AXIS2_PLACEMENT_3D('',#9907,#7748,#7749);
#6580=AXIS2_PLACEMENT_3D('',#9908,#7750,#7751);
#6581=AXIS2_PLACEMENT_3D('',#9910,#7752,#7753);
#6582=AXIS2_PLACEMENT_3D('',#9912,#7755,#7756);
#6583=AXIS2_PLACEMENT_3D('',#9918,#7760,#7761);
#6584=AXIS2_PLACEMENT_3D('',#9920,#7762,#7763);
#6585=AXIS2_PLACEMENT_3D('',#9922,#7765,#7766);
#6586=AXIS2_PLACEMENT_3D('',#9926,#7769,#7770);
#6587=AXIS2_PLACEMENT_3D('',#9930,#7773,#7774);
#6588=AXIS2_PLACEMENT_3D('',#9931,#7775,#7776);
#6589=AXIS2_PLACEMENT_3D('',#9932,#7777,#7778);
#6590=AXIS2_PLACEMENT_3D('',#9933,#7779,#7780);
#6591=AXIS2_PLACEMENT_3D('',#9934,#7781,#7782);
#6592=AXIS2_PLACEMENT_3D('',#9940,#7786,#7787);
#6593=AXIS2_PLACEMENT_3D('',#9942,#7788,#7789);
#6594=AXIS2_PLACEMENT_3D('',#9944,#7791,#7792);
#6595=AXIS2_PLACEMENT_3D('',#9948,#7795,#7796);
#6596=AXIS2_PLACEMENT_3D('',#9952,#7799,#7800);
#6597=AXIS2_PLACEMENT_3D('',#9953,#7801,#7802);
#6598=AXIS2_PLACEMENT_3D('',#9954,#7803,#7804);
#6599=AXIS2_PLACEMENT_3D('',#9955,#7805,#7806);
#6600=AXIS2_PLACEMENT_3D('',#9956,#7807,#7808);
#6601=AXIS2_PLACEMENT_3D('',#9962,#7812,#7813);
#6602=AXIS2_PLACEMENT_3D('',#9964,#7814,#7815);
#6603=AXIS2_PLACEMENT_3D('',#9966,#7817,#7818);
#6604=AXIS2_PLACEMENT_3D('',#9970,#7821,#7822);
#6605=AXIS2_PLACEMENT_3D('',#9976,#7826,#7827);
#6606=AXIS2_PLACEMENT_3D('',#9977,#7828,#7829);
#6607=AXIS2_PLACEMENT_3D('',#9978,#7830,#7831);
#6608=AXIS2_PLACEMENT_3D('',#9980,#7832,#7833);
#6609=AXIS2_PLACEMENT_3D('',#9982,#7835,#7836);
#6610=AXIS2_PLACEMENT_3D('',#9988,#7840,#7841);
#6611=AXIS2_PLACEMENT_3D('',#9990,#7842,#7843);
#6612=AXIS2_PLACEMENT_3D('',#9992,#7845,#7846);
#6613=AXIS2_PLACEMENT_3D('',#9996,#7849,#7850);
#6614=AXIS2_PLACEMENT_3D('',#10002,#7854,#7855);
#6615=AXIS2_PLACEMENT_3D('',#10003,#7856,#7857);
#6616=AXIS2_PLACEMENT_3D('',#10004,#7858,#7859);
#6617=AXIS2_PLACEMENT_3D('',#10005,#7860,#7861);
#6618=AXIS2_PLACEMENT_3D('',#10006,#7862,#7863);
#6619=AXIS2_PLACEMENT_3D('',#10012,#7867,#7868);
#6620=AXIS2_PLACEMENT_3D('',#10014,#7869,#7870);
#6621=AXIS2_PLACEMENT_3D('',#10016,#7872,#7873);
#6622=AXIS2_PLACEMENT_3D('',#10020,#7876,#7877);
#6623=AXIS2_PLACEMENT_3D('',#10024,#7880,#7881);
#6624=AXIS2_PLACEMENT_3D('',#10025,#7882,#7883);
#6625=AXIS2_PLACEMENT_3D('',#10026,#7884,#7885);
#6626=AXIS2_PLACEMENT_3D('',#10028,#7886,#7887);
#6627=AXIS2_PLACEMENT_3D('',#10030,#7889,#7890);
#6628=AXIS2_PLACEMENT_3D('',#10036,#7894,#7895);
#6629=AXIS2_PLACEMENT_3D('',#10038,#7896,#7897);
#6630=AXIS2_PLACEMENT_3D('',#10040,#7899,#7900);
#6631=AXIS2_PLACEMENT_3D('',#10044,#7903,#7904);
#6632=AXIS2_PLACEMENT_3D('',#10050,#7908,#7909);
#6633=AXIS2_PLACEMENT_3D('',#10051,#7910,#7911);
#6634=AXIS2_PLACEMENT_3D('',#10052,#7912,#7913);
#6635=AXIS2_PLACEMENT_3D('',#10054,#7914,#7915);
#6636=AXIS2_PLACEMENT_3D('',#10056,#7917,#7918);
#6637=AXIS2_PLACEMENT_3D('',#10062,#7922,#7923);
#6638=AXIS2_PLACEMENT_3D('',#10064,#7924,#7925);
#6639=AXIS2_PLACEMENT_3D('',#10066,#7927,#7928);
#6640=AXIS2_PLACEMENT_3D('',#10070,#7931,#7932);
#6641=AXIS2_PLACEMENT_3D('',#10074,#7935,#7936);
#6642=AXIS2_PLACEMENT_3D('',#10075,#7937,#7938);
#6643=AXIS2_PLACEMENT_3D('',#10076,#7939,#7940);
#6644=AXIS2_PLACEMENT_3D('',#10078,#7941,#7942);
#6645=AXIS2_PLACEMENT_3D('',#10080,#7944,#7945);
#6646=AXIS2_PLACEMENT_3D('',#10086,#7949,#7950);
#6647=AXIS2_PLACEMENT_3D('',#10088,#7951,#7952);
#6648=AXIS2_PLACEMENT_3D('',#10090,#7954,#7955);
#6649=AXIS2_PLACEMENT_3D('',#10094,#7958,#7959);
#6650=AXIS2_PLACEMENT_3D('',#10100,#7963,#7964);
#6651=AXIS2_PLACEMENT_3D('',#10101,#7965,#7966);
#6652=AXIS2_PLACEMENT_3D('',#10102,#7967,#7968);
#6653=AXIS2_PLACEMENT_3D('',#10104,#7969,#7970);
#6654=AXIS2_PLACEMENT_3D('',#10106,#7972,#7973);
#6655=AXIS2_PLACEMENT_3D('',#10112,#7977,#7978);
#6656=AXIS2_PLACEMENT_3D('',#10114,#7979,#7980);
#6657=AXIS2_PLACEMENT_3D('',#10116,#7982,#7983);
#6658=AXIS2_PLACEMENT_3D('',#10120,#7986,#7987);
#6659=AXIS2_PLACEMENT_3D('',#10126,#7991,#7992);
#6660=AXIS2_PLACEMENT_3D('',#10127,#7993,#7994);
#6661=AXIS2_PLACEMENT_3D('',#10128,#7995,#7996);
#6662=AXIS2_PLACEMENT_3D('',#10129,#7997,#7998);
#6663=AXIS2_PLACEMENT_3D('',#10130,#7999,#8000);
#6664=AXIS2_PLACEMENT_3D('',#10136,#8004,#8005);
#6665=AXIS2_PLACEMENT_3D('',#10138,#8006,#8007);
#6666=AXIS2_PLACEMENT_3D('',#10140,#8009,#8010);
#6667=AXIS2_PLACEMENT_3D('',#10144,#8013,#8014);
#6668=AXIS2_PLACEMENT_3D('',#10150,#8018,#8019);
#6669=AXIS2_PLACEMENT_3D('',#10151,#8020,#8021);
#6670=AXIS2_PLACEMENT_3D('',#10152,#8022,#8023);
#6671=AXIS2_PLACEMENT_3D('',#10153,#8024,#8025);
#6672=AXIS2_PLACEMENT_3D('',#10154,#8026,#8027);
#6673=AXIS2_PLACEMENT_3D('',#10160,#8031,#8032);
#6674=AXIS2_PLACEMENT_3D('',#10162,#8033,#8034);
#6675=AXIS2_PLACEMENT_3D('',#10164,#8036,#8037);
#6676=AXIS2_PLACEMENT_3D('',#10168,#8040,#8041);
#6677=AXIS2_PLACEMENT_3D('',#10172,#8044,#8045);
#6678=AXIS2_PLACEMENT_3D('',#10173,#8046,#8047);
#6679=AXIS2_PLACEMENT_3D('',#10174,#8048,#8049);
#6680=AXIS2_PLACEMENT_3D('',#10175,#8050,#8051);
#6681=AXIS2_PLACEMENT_3D('',#10176,#8052,#8053);
#6682=AXIS2_PLACEMENT_3D('',#10182,#8057,#8058);
#6683=AXIS2_PLACEMENT_3D('',#10184,#8059,#8060);
#6684=AXIS2_PLACEMENT_3D('',#10186,#8062,#8063);
#6685=AXIS2_PLACEMENT_3D('',#10190,#8066,#8067);
#6686=AXIS2_PLACEMENT_3D('',#10194,#8070,#8071);
#6687=AXIS2_PLACEMENT_3D('',#10195,#8072,#8073);
#6688=AXIS2_PLACEMENT_3D('',#10196,#8074,#8075);
#6689=AXIS2_PLACEMENT_3D('',#10198,#8076,#8077);
#6690=AXIS2_PLACEMENT_3D('',#10200,#8079,#8080);
#6691=AXIS2_PLACEMENT_3D('',#10206,#8084,#8085);
#6692=AXIS2_PLACEMENT_3D('',#10208,#8086,#8087);
#6693=AXIS2_PLACEMENT_3D('',#10210,#8089,#8090);
#6694=AXIS2_PLACEMENT_3D('',#10214,#8093,#8094);
#6695=AXIS2_PLACEMENT_3D('',#10218,#8097,#8098);
#6696=AXIS2_PLACEMENT_3D('',#10219,#8099,#8100);
#6697=AXIS2_PLACEMENT_3D('',#10220,#8101,#8102);
#6698=AXIS2_PLACEMENT_3D('',#10222,#8103,#8104);
#6699=AXIS2_PLACEMENT_3D('',#10224,#8106,#8107);
#6700=AXIS2_PLACEMENT_3D('',#10230,#8111,#8112);
#6701=AXIS2_PLACEMENT_3D('',#10232,#8113,#8114);
#6702=AXIS2_PLACEMENT_3D('',#10234,#8116,#8117);
#6703=AXIS2_PLACEMENT_3D('',#10238,#8120,#8121);
#6704=AXIS2_PLACEMENT_3D('',#10244,#8125,#8126);
#6705=AXIS2_PLACEMENT_3D('',#10245,#8127,#8128);
#6706=AXIS2_PLACEMENT_3D('',#10246,#8129,#8130);
#6707=AXIS2_PLACEMENT_3D('',#10248,#8131,#8132);
#6708=AXIS2_PLACEMENT_3D('',#10250,#8134,#8135);
#6709=AXIS2_PLACEMENT_3D('',#10256,#8139,#8140);
#6710=AXIS2_PLACEMENT_3D('',#10258,#8141,#8142);
#6711=AXIS2_PLACEMENT_3D('',#10260,#8144,#8145);
#6712=AXIS2_PLACEMENT_3D('',#10264,#8148,#8149);
#6713=AXIS2_PLACEMENT_3D('',#10270,#8153,#8154);
#6714=AXIS2_PLACEMENT_3D('',#10271,#8155,#8156);
#6715=AXIS2_PLACEMENT_3D('',#10272,#8157,#8158);
#6716=AXIS2_PLACEMENT_3D('',#10273,#8159,#8160);
#6717=AXIS2_PLACEMENT_3D('',#10274,#8161,#8162);
#6718=AXIS2_PLACEMENT_3D('',#10280,#8166,#8167);
#6719=AXIS2_PLACEMENT_3D('',#10282,#8168,#8169);
#6720=AXIS2_PLACEMENT_3D('',#10284,#8171,#8172);
#6721=AXIS2_PLACEMENT_3D('',#10288,#8175,#8176);
#6722=AXIS2_PLACEMENT_3D('',#10292,#8179,#8180);
#6723=AXIS2_PLACEMENT_3D('',#10293,#8181,#8182);
#6724=AXIS2_PLACEMENT_3D('',#10294,#8183,#8184);
#6725=AXIS2_PLACEMENT_3D('',#10296,#8185,#8186);
#6726=AXIS2_PLACEMENT_3D('',#10298,#8188,#8189);
#6727=AXIS2_PLACEMENT_3D('',#10304,#8193,#8194);
#6728=AXIS2_PLACEMENT_3D('',#10306,#8195,#8196);
#6729=AXIS2_PLACEMENT_3D('',#10308,#8198,#8199);
#6730=AXIS2_PLACEMENT_3D('',#10312,#8202,#8203);
#6731=AXIS2_PLACEMENT_3D('',#10318,#8207,#8208);
#6732=AXIS2_PLACEMENT_3D('',#10319,#8209,#8210);
#6733=AXIS2_PLACEMENT_3D('',#10320,#8211,#8212);
#6734=AXIS2_PLACEMENT_3D('',#10321,#8213,#8214);
#6735=AXIS2_PLACEMENT_3D('',#10322,#8215,#8216);
#6736=AXIS2_PLACEMENT_3D('',#10328,#8220,#8221);
#6737=AXIS2_PLACEMENT_3D('',#10330,#8222,#8223);
#6738=AXIS2_PLACEMENT_3D('',#10332,#8225,#8226);
#6739=AXIS2_PLACEMENT_3D('',#10336,#8229,#8230);
#6740=AXIS2_PLACEMENT_3D('',#10342,#8234,#8235);
#6741=AXIS2_PLACEMENT_3D('',#10343,#8236,#8237);
#6742=AXIS2_PLACEMENT_3D('',#10344,#8238,#8239);
#6743=AXIS2_PLACEMENT_3D('',#10345,#8240,#8241);
#6744=AXIS2_PLACEMENT_3D('',#10346,#8242,#8243);
#6745=AXIS2_PLACEMENT_3D('',#10352,#8247,#8248);
#6746=AXIS2_PLACEMENT_3D('',#10354,#8249,#8250);
#6747=AXIS2_PLACEMENT_3D('',#10356,#8252,#8253);
#6748=AXIS2_PLACEMENT_3D('',#10360,#8256,#8257);
#6749=AXIS2_PLACEMENT_3D('',#10364,#8260,#8261);
#6750=AXIS2_PLACEMENT_3D('',#10365,#8262,#8263);
#6751=AXIS2_PLACEMENT_3D('',#10366,#8264,#8265);
#6752=AXIS2_PLACEMENT_3D('',#10367,#8266,#8267);
#6753=AXIS2_PLACEMENT_3D('',#10368,#8268,#8269);
#6754=AXIS2_PLACEMENT_3D('',#10374,#8273,#8274);
#6755=AXIS2_PLACEMENT_3D('',#10376,#8275,#8276);
#6756=AXIS2_PLACEMENT_3D('',#10378,#8278,#8279);
#6757=AXIS2_PLACEMENT_3D('',#10382,#8282,#8283);
#6758=AXIS2_PLACEMENT_3D('',#10388,#8287,#8288);
#6759=AXIS2_PLACEMENT_3D('',#10389,#8289,#8290);
#6760=AXIS2_PLACEMENT_3D('',#10390,#8291,#8292);
#6761=AXIS2_PLACEMENT_3D('',#10391,#8293,#8294);
#6762=AXIS2_PLACEMENT_3D('',#10392,#8295,#8296);
#6763=AXIS2_PLACEMENT_3D('',#10398,#8300,#8301);
#6764=AXIS2_PLACEMENT_3D('',#10400,#8302,#8303);
#6765=AXIS2_PLACEMENT_3D('',#10402,#8305,#8306);
#6766=AXIS2_PLACEMENT_3D('',#10406,#8309,#8310);
#6767=AXIS2_PLACEMENT_3D('',#10410,#8313,#8314);
#6768=AXIS2_PLACEMENT_3D('',#10411,#8315,#8316);
#6769=AXIS2_PLACEMENT_3D('',#10412,#8317,#8318);
#6770=AXIS2_PLACEMENT_3D('',#10413,#8319,#8320);
#6771=AXIS2_PLACEMENT_3D('',#10414,#8321,#8322);
#6772=AXIS2_PLACEMENT_3D('',#10420,#8326,#8327);
#6773=AXIS2_PLACEMENT_3D('',#10422,#8328,#8329);
#6774=AXIS2_PLACEMENT_3D('',#10424,#8331,#8332);
#6775=AXIS2_PLACEMENT_3D('',#10428,#8335,#8336);
#6776=AXIS2_PLACEMENT_3D('',#10434,#8340,#8341);
#6777=AXIS2_PLACEMENT_3D('',#10435,#8342,#8343);
#6778=AXIS2_PLACEMENT_3D('',#10436,#8344,#8345);
#6779=AXIS2_PLACEMENT_3D('',#10438,#8346,#8347);
#6780=AXIS2_PLACEMENT_3D('',#10440,#8349,#8350);
#6781=AXIS2_PLACEMENT_3D('',#10446,#8354,#8355);
#6782=AXIS2_PLACEMENT_3D('',#10448,#8356,#8357);
#6783=AXIS2_PLACEMENT_3D('',#10450,#8359,#8360);
#6784=AXIS2_PLACEMENT_3D('',#10454,#8363,#8364);
#6785=AXIS2_PLACEMENT_3D('',#10460,#8368,#8369);
#6786=AXIS2_PLACEMENT_3D('',#10461,#8370,#8371);
#6787=AXIS2_PLACEMENT_3D('',#10462,#8372,#8373);
#6788=AXIS2_PLACEMENT_3D('',#10463,#8374,#8375);
#6789=AXIS2_PLACEMENT_3D('',#10464,#8376,#8377);
#6790=AXIS2_PLACEMENT_3D('',#10470,#8381,#8382);
#6791=AXIS2_PLACEMENT_3D('',#10472,#8383,#8384);
#6792=AXIS2_PLACEMENT_3D('',#10474,#8386,#8387);
#6793=AXIS2_PLACEMENT_3D('',#10478,#8390,#8391);
#6794=AXIS2_PLACEMENT_3D('',#10484,#8395,#8396);
#6795=AXIS2_PLACEMENT_3D('',#10485,#8397,#8398);
#6796=AXIS2_PLACEMENT_3D('',#10486,#8399,#8400);
#6797=AXIS2_PLACEMENT_3D('',#10487,#8401,#8402);
#6798=AXIS2_PLACEMENT_3D('',#10488,#8403,#8404);
#6799=AXIS2_PLACEMENT_3D('',#10494,#8408,#8409);
#6800=AXIS2_PLACEMENT_3D('',#10496,#8410,#8411);
#6801=AXIS2_PLACEMENT_3D('',#10498,#8413,#8414);
#6802=AXIS2_PLACEMENT_3D('',#10502,#8417,#8418);
#6803=AXIS2_PLACEMENT_3D('',#10508,#8422,#8423);
#6804=AXIS2_PLACEMENT_3D('',#10509,#8424,#8425);
#6805=AXIS2_PLACEMENT_3D('',#10510,#8426,#8427);
#6806=AXIS2_PLACEMENT_3D('',#10511,#8428,#8429);
#6807=AXIS2_PLACEMENT_3D('',#10512,#8430,#8431);
#6808=AXIS2_PLACEMENT_3D('',#10518,#8435,#8436);
#6809=AXIS2_PLACEMENT_3D('',#10520,#8437,#8438);
#6810=AXIS2_PLACEMENT_3D('',#10522,#8440,#8441);
#6811=AXIS2_PLACEMENT_3D('',#10526,#8444,#8445);
#6812=AXIS2_PLACEMENT_3D('',#10532,#8449,#8450);
#6813=AXIS2_PLACEMENT_3D('',#10533,#8451,#8452);
#6814=AXIS2_PLACEMENT_3D('',#10534,#8453,#8454);
#6815=AXIS2_PLACEMENT_3D('',#10535,#8455,#8456);
#6816=AXIS2_PLACEMENT_3D('',#10536,#8457,#8458);
#6817=AXIS2_PLACEMENT_3D('',#10542,#8462,#8463);
#6818=AXIS2_PLACEMENT_3D('',#10544,#8464,#8465);
#6819=AXIS2_PLACEMENT_3D('',#10546,#8467,#8468);
#6820=AXIS2_PLACEMENT_3D('',#10550,#8471,#8472);
#6821=AXIS2_PLACEMENT_3D('',#10554,#8475,#8476);
#6822=AXIS2_PLACEMENT_3D('',#10555,#8477,#8478);
#6823=AXIS2_PLACEMENT_3D('',#10556,#8479,#8480);
#6824=AXIS2_PLACEMENT_3D('',#10557,#8481,#8482);
#6825=AXIS2_PLACEMENT_3D('',#10558,#8483,#8484);
#6826=AXIS2_PLACEMENT_3D('',#10564,#8488,#8489);
#6827=AXIS2_PLACEMENT_3D('',#10566,#8490,#8491);
#6828=AXIS2_PLACEMENT_3D('',#10568,#8493,#8494);
#6829=AXIS2_PLACEMENT_3D('',#10572,#8497,#8498);
#6830=AXIS2_PLACEMENT_3D('',#10578,#8502,#8503);
#6831=AXIS2_PLACEMENT_3D('',#10579,#8504,#8505);
#6832=AXIS2_PLACEMENT_3D('',#10580,#8506,#8507);
#6833=AXIS2_PLACEMENT_3D('',#10581,#8508,#8509);
#6834=AXIS2_PLACEMENT_3D('',#10582,#8510,#8511);
#6835=AXIS2_PLACEMENT_3D('',#10588,#8515,#8516);
#6836=AXIS2_PLACEMENT_3D('',#10590,#8517,#8518);
#6837=AXIS2_PLACEMENT_3D('',#10592,#8520,#8521);
#6838=AXIS2_PLACEMENT_3D('',#10596,#8524,#8525);
#6839=AXIS2_PLACEMENT_3D('',#10600,#8528,#8529);
#6840=AXIS2_PLACEMENT_3D('',#10601,#8530,#8531);
#6841=AXIS2_PLACEMENT_3D('',#10602,#8532,#8533);
#6842=AXIS2_PLACEMENT_3D('',#10603,#8534,#8535);
#6843=AXIS2_PLACEMENT_3D('',#10604,#8536,#8537);
#6844=AXIS2_PLACEMENT_3D('',#10610,#8541,#8542);
#6845=AXIS2_PLACEMENT_3D('',#10612,#8543,#8544);
#6846=AXIS2_PLACEMENT_3D('',#10614,#8546,#8547);
#6847=AXIS2_PLACEMENT_3D('',#10618,#8550,#8551);
#6848=AXIS2_PLACEMENT_3D('',#10622,#8554,#8555);
#6849=AXIS2_PLACEMENT_3D('',#10623,#8556,#8557);
#6850=AXIS2_PLACEMENT_3D('',#10624,#8558,#8559);
#6851=AXIS2_PLACEMENT_3D('',#10628,#8561,#8562);
#6852=AXIS2_PLACEMENT_3D('',#10629,#8563,#8564);
#6853=AXIS2_PLACEMENT_3D('',#10630,#8565,#8566);
#6854=AXIS2_PLACEMENT_3D('',#10631,#8567,#8568);
#6855=AXIS2_PLACEMENT_3D('',#10632,#8569,#8570);
#6856=AXIS2_PLACEMENT_3D('',#10633,#8571,#8572);
#6857=AXIS2_PLACEMENT_3D('',#10637,#8574,#8575);
#6858=AXIS2_PLACEMENT_3D('',#10639,#8576,#8577);
#6859=AXIS2_PLACEMENT_3D('',#10641,#8578,#8579);
#6860=AXIS2_PLACEMENT_3D('',#10644,#8581,#8582);
#6861=AXIS2_PLACEMENT_3D('',#10645,#8583,#8584);
#6862=AXIS2_PLACEMENT_3D('',#10649,#8586,#8587);
#6863=AXIS2_PLACEMENT_3D('',#10651,#8588,#8589);
#6864=AXIS2_PLACEMENT_3D('',#10653,#8590,#8591);
#6865=AXIS2_PLACEMENT_3D('',#10656,#8593,#8594);
#6866=AXIS2_PLACEMENT_3D('',#10657,#8595,#8596);
#6867=AXIS2_PLACEMENT_3D('',#10659,#8597,#8598);
#6868=AXIS2_PLACEMENT_3D('',#10661,#8600,#8601);
#6869=AXIS2_PLACEMENT_3D('',#10673,#8602,#8603);
#6870=AXIS2_PLACEMENT_3D('',#10675,#8604,#8605);
#6871=AXIS2_PLACEMENT_3D('',#10676,#8606,#8607);
#6872=AXIS2_PLACEMENT_3D('',#10677,#8608,#8609);
#6873=AXIS2_PLACEMENT_3D('',#10680,#8610,#8611);
#6874=AXIS2_PLACEMENT_3D('',#10683,#8614,#8615);
#6875=AXIS2_PLACEMENT_3D('',#10684,#8616,#8617);
#6876=AXIS2_PLACEMENT_3D('',#10686,#8618,#8619);
#6877=AXIS2_PLACEMENT_3D('',#10687,#8620,#8621);
#6878=AXIS2_PLACEMENT_3D('',#10688,#8622,#8623);
#6879=AXIS2_PLACEMENT_3D('',#10689,#8624,#8625);
#6880=AXIS2_PLACEMENT_3D('',#10690,#8626,#8627);
#6881=AXIS2_PLACEMENT_3D('',#10692,#8628,#8629);
#6882=AXIS2_PLACEMENT_3D('',#10694,#8631,#8632);
#6883=AXIS2_PLACEMENT_3D('',#10704,#8633,#8634);
#6884=AXIS2_PLACEMENT_3D('',#10705,#8635,#8636);
#6885=AXIS2_PLACEMENT_3D('',#10709,#8638,#8639);
#6886=AXIS2_PLACEMENT_3D('',#10711,#8641,#8642);
#6887=AXIS2_PLACEMENT_3D('',#10715,#8645,#8646);
#6888=AXIS2_PLACEMENT_3D('',#10718,#8648,#8649);
#6889=AXIS2_PLACEMENT_3D('',#10719,#8650,#8651);
#6890=AXIS2_PLACEMENT_3D('',#10722,#8653,#8654);
#6891=AXIS2_PLACEMENT_3D('',#10723,#8655,#8656);
#6892=AXIS2_PLACEMENT_3D('',#10726,#8658,#8659);
#6893=AXIS2_PLACEMENT_3D('',#10727,#8660,#8661);
#6894=AXIS2_PLACEMENT_3D('',#10731,#8664,#8665);
#6895=AXIS2_PLACEMENT_3D('',#10734,#8667,#8668);
#6896=AXIS2_PLACEMENT_3D('',#10735,#8669,#8670);
#6897=AXIS2_PLACEMENT_3D('',#10746,#8671,#8672);
#6898=AXIS2_PLACEMENT_3D('',#10747,#8673,#8674);
#6899=AXIS2_PLACEMENT_3D('',#10748,#8675,#8676);
#6900=AXIS2_PLACEMENT_3D('',#10750,#8677,#8678);
#6901=AXIS2_PLACEMENT_3D('',#10752,#8680,#8681);
#6902=AXIS2_PLACEMENT_3D('',#10754,#8682,#8683);
#6903=AXIS2_PLACEMENT_3D('',#10755,#8684,#8685);
#6904=AXIS2_PLACEMENT_3D('',#10756,#8686,#8687);
#6905=AXIS2_PLACEMENT_3D('',#10757,#8688,#8689);
#6906=AXIS2_PLACEMENT_3D('',#10758,#8690,#8691);
#6907=AXIS2_PLACEMENT_3D('',#10761,#8692,#8693);
#6908=AXIS2_PLACEMENT_3D('',#10764,#8696,#8697);
#6909=AXIS2_PLACEMENT_3D('',#10775,#8698,#8699);
#6910=AXIS2_PLACEMENT_3D('',#10776,#8700,#8701);
#6911=AXIS2_PLACEMENT_3D('',#10777,#8702,#8703);
#6912=AXIS2_PLACEMENT_3D('',#10781,#8705,#8706);
#6913=AXIS2_PLACEMENT_3D('',#10783,#8708,#8709);
#6914=AXIS2_PLACEMENT_3D('',#10787,#8712,#8713);
#6915=AXIS2_PLACEMENT_3D('',#10790,#8715,#8716);
#6916=AXIS2_PLACEMENT_3D('',#10791,#8717,#8718);
#6917=AXIS2_PLACEMENT_3D('',#10794,#8720,#8721);
#6918=AXIS2_PLACEMENT_3D('',#10795,#8722,#8723);
#6919=AXIS2_PLACEMENT_3D('',#10798,#8725,#8726);
#6920=AXIS2_PLACEMENT_3D('',#10799,#8727,#8728);
#6921=AXIS2_PLACEMENT_3D('',#10803,#8731,#8732);
#6922=AXIS2_PLACEMENT_3D('',#10806,#8734,#8735);
#6923=AXIS2_PLACEMENT_3D('',#10807,#8736,#8737);
#6924=AXIS2_PLACEMENT_3D('',#10818,#8738,#8739);
#6925=AXIS2_PLACEMENT_3D('',#10819,#8740,#8741);
#6926=AXIS2_PLACEMENT_3D('',#10820,#8742,#8743);
#6927=AXIS2_PLACEMENT_3D('',#10822,#8744,#8745);
#6928=AXIS2_PLACEMENT_3D('',#10824,#8747,#8748);
#6929=AXIS2_PLACEMENT_3D('',#10826,#8749,#8750);
#6930=AXIS2_PLACEMENT_3D('',#10827,#8751,#8752);
#6931=AXIS2_PLACEMENT_3D('',#10828,#8753,#8754);
#6932=AXIS2_PLACEMENT_3D('',#10829,#8755,#8756);
#6933=AXIS2_PLACEMENT_3D('',#10830,#8757,#8758);
#6934=AXIS2_PLACEMENT_3D('',#10832,#8759,#8760);
#6935=AXIS2_PLACEMENT_3D('',#10834,#8762,#8763);
#6936=AXIS2_PLACEMENT_3D('',#10844,#8764,#8765);
#6937=AXIS2_PLACEMENT_3D('',#10845,#8766,#8767);
#6938=AXIS2_PLACEMENT_3D('',#10849,#8769,#8770);
#6939=AXIS2_PLACEMENT_3D('',#10851,#8772,#8773);
#6940=AXIS2_PLACEMENT_3D('',#10855,#8776,#8777);
#6941=AXIS2_PLACEMENT_3D('',#10858,#8779,#8780);
#6942=AXIS2_PLACEMENT_3D('',#10859,#8781,#8782);
#6943=AXIS2_PLACEMENT_3D('',#10862,#8784,#8785);
#6944=AXIS2_PLACEMENT_3D('',#10863,#8786,#8787);
#6945=AXIS2_PLACEMENT_3D('',#10866,#8789,#8790);
#6946=AXIS2_PLACEMENT_3D('',#10867,#8791,#8792);
#6947=AXIS2_PLACEMENT_3D('',#10871,#8795,#8796);
#6948=AXIS2_PLACEMENT_3D('',#10874,#8798,#8799);
#6949=AXIS2_PLACEMENT_3D('',#10875,#8800,#8801);
#6950=AXIS2_PLACEMENT_3D('',#10886,#8802,#8803);
#6951=AXIS2_PLACEMENT_3D('',#10887,#8804,#8805);
#6952=AXIS2_PLACEMENT_3D('',#10888,#8806,#8807);
#6953=AXIS2_PLACEMENT_3D('',#10890,#8808,#8809);
#6954=AXIS2_PLACEMENT_3D('',#10892,#8811,#8812);
#6955=AXIS2_PLACEMENT_3D('',#10894,#8813,#8814);
#6956=AXIS2_PLACEMENT_3D('',#10895,#8815,#8816);
#6957=AXIS2_PLACEMENT_3D('',#10896,#8817,#8818);
#6958=AXIS2_PLACEMENT_3D('',#10898,#8819,#8820);
#6959=AXIS2_PLACEMENT_3D('',#10899,#8821,#8822);
#6960=AXIS2_PLACEMENT_3D('',#10900,#8823,#8824);
#6961=AXIS2_PLACEMENT_3D('',#10902,#8825,#8826);
#6962=AXIS2_PLACEMENT_3D('',#10903,#8827,#8828);
#6963=AXIS2_PLACEMENT_3D('',#10904,#8829,#8830);
#6964=AXIS2_PLACEMENT_3D('',#10906,#8831,#8832);
#6965=AXIS2_PLACEMENT_3D('',#10908,#8834,#8835);
#6966=AXIS2_PLACEMENT_3D('',#10918,#8836,#8837);
#6967=AXIS2_PLACEMENT_3D('',#10919,#8838,#8839);
#6968=AXIS2_PLACEMENT_3D('',#10921,#8840,#8841);
#6969=AXIS2_PLACEMENT_3D('',#10923,#8842,#8843);
#6970=AXIS2_PLACEMENT_3D('',#10927,#8845,#8846);
#6971=AXIS2_PLACEMENT_3D('',#10929,#8847,#8848);
#6972=AXIS2_PLACEMENT_3D('',#10931,#8849,#8850);
#6973=AXIS2_PLACEMENT_3D('',#10935,#8852,#8853);
#6974=AXIS2_PLACEMENT_3D('',#10937,#8854,#8855);
#6975=AXIS2_PLACEMENT_3D('',#10939,#8856,#8857);
#6976=AXIS2_PLACEMENT_3D('',#10943,#8859,#8860);
#6977=AXIS2_PLACEMENT_3D('',#10945,#8861,#8862);
#6978=AXIS2_PLACEMENT_3D('',#10947,#8863,#8864);
#6979=AXIS2_PLACEMENT_3D('',#10951,#8866,#8867);
#6980=AXIS2_PLACEMENT_3D('',#10952,#8868,#8869);
#6981=AXIS2_PLACEMENT_3D('',#10953,#8870,#8871);
#6982=AXIS2_PLACEMENT_3D('',#10962,#8872,#8873);
#6983=AXIS2_PLACEMENT_3D('',#10963,#8874,#8875);
#6984=AXIS2_PLACEMENT_3D('',#10964,#8876,#8877);
#6985=AXIS2_PLACEMENT_3D('',#10965,#8878,#8879);
#6986=AXIS2_PLACEMENT_3D('',#10966,#8880,#8881);
#6987=AXIS2_PLACEMENT_3D('',#10967,#8882,#8883);
#6988=AXIS2_PLACEMENT_3D('',#10968,#8884,#8885);
#6989=AXIS2_PLACEMENT_3D('',#10969,#8886,#8887);
#6990=AXIS2_PLACEMENT_3D('',#10970,#8888,#8889);
#6991=AXIS2_PLACEMENT_3D('',#10971,#8890,#8891);
#6992=AXIS2_PLACEMENT_3D('',#10972,#8892,#8893);
#6993=AXIS2_PLACEMENT_3D('',#10973,#8894,#8895);
#6994=AXIS2_PLACEMENT_3D('',#10982,#8896,#8897);
#6995=AXIS2_PLACEMENT_3D('',#10991,#8898,#8899);
#6996=AXIS2_PLACEMENT_3D('',#10992,#8900,#8901);
#6997=AXIS2_PLACEMENT_3D('',#10993,#8902,#8903);
#6998=AXIS2_PLACEMENT_3D('',#10994,#8904,#8905);
#6999=AXIS2_PLACEMENT_3D('',#10995,#8906,#8907);
#7000=AXIS2_PLACEMENT_3D('',#10996,#8908,#8909);
#7001=AXIS2_PLACEMENT_3D('',#10997,#8910,#8911);
#7002=AXIS2_PLACEMENT_3D('',#10998,#8912,#8913);
#7003=AXIS2_PLACEMENT_3D('',#10999,#8914,#8915);
#7004=AXIS2_PLACEMENT_3D('',#11000,#8916,#8917);
#7005=AXIS2_PLACEMENT_3D('',#11001,#8918,#8919);
#7006=AXIS2_PLACEMENT_3D('',#11002,#8920,#8921);
#7007=AXIS2_PLACEMENT_3D('',#11011,#8922,#8923);
#7008=AXIS2_PLACEMENT_3D('',#11012,#8924,#8925);
#7009=AXIS2_PLACEMENT_3D('',#11013,#8926,#8927);
#7010=AXIS2_PLACEMENT_3D('',#11014,#8928,#8929);
#7011=AXIS2_PLACEMENT_3D('',#11016,#8930,#8931);
#7012=AXIS2_PLACEMENT_3D('',#11017,#8932,#8933);
#7013=AXIS2_PLACEMENT_3D('',#11019,#8934,#8935);
#7014=AXIS2_PLACEMENT_3D('',#11020,#8936,#8937);
#7015=AXIS2_PLACEMENT_3D('',#11021,#8938,#8939);
#7016=AXIS2_PLACEMENT_3D('',#11022,#8940,#8941);
#7017=AXIS2_PLACEMENT_3D('',#11023,#8942,#8943);
#7018=AXIS2_PLACEMENT_3D('',#11025,#8944,#8945);
#7019=AXIS2_PLACEMENT_3D('',#11026,#8946,#8947);
#7020=AXIS2_PLACEMENT_3D('',#11029,#8949,#8950);
#7021=AXIS2_PLACEMENT_3D('',#11030,#8951,#8952);
#7022=AXIS2_PLACEMENT_3D('',#11032,#8953,#8954);
#7023=AXIS2_PLACEMENT_3D('',#11033,#8955,#8956);
#7024=AXIS2_PLACEMENT_3D('',#11035,#8957,#8958);
#7025=AXIS2_PLACEMENT_3D('',#11037,#8960,#8961);
#7026=AXIS2_PLACEMENT_3D('',#11039,#8962,#8963);
#7027=AXIS2_PLACEMENT_3D('',#11040,#8964,#8965);
#7028=AXIS2_PLACEMENT_3D('',#11043,#8967,#8968);
#7029=AXIS2_PLACEMENT_3D('',#11044,#8969,#8970);
#7030=AXIS2_PLACEMENT_3D('',#11045,#8971,#8972);
#7031=AXIS2_PLACEMENT_3D('',#11047,#8973,#8974);
#7032=AXIS2_PLACEMENT_3D('',#11048,#8975,#8976);
#7033=AXIS2_PLACEMENT_3D('',#11049,#8977,#8978);
#7034=AXIS2_PLACEMENT_3D('',#11050,#8979,#8980);
#7035=AXIS2_PLACEMENT_3D('',#11051,#8981,#8982);
#7036=AXIS2_PLACEMENT_3D('',#11052,#8983,#8984);
#7037=AXIS2_PLACEMENT_3D('',#11053,#8985,#8986);
#7038=AXIS2_PLACEMENT_3D('',#11055,#8987,#8988);
#7039=AXIS2_PLACEMENT_3D('',#11056,#8989,#8990);
#7040=AXIS2_PLACEMENT_3D('',#11057,#8991,#8992);
#7041=AXIS2_PLACEMENT_3D('',#11058,#8993,#8994);
#7042=AXIS2_PLACEMENT_3D('',#11059,#8995,#8996);
#7043=AXIS2_PLACEMENT_3D('',#11061,#8997,#8998);
#7044=AXIS2_PLACEMENT_3D('',#11064,#9000,#9001);
#7045=AXIS2_PLACEMENT_3D('',#11065,#9002,#9003);
#7046=AXIS2_PLACEMENT_3D('',#11067,#9004,#9005);
#7047=AXIS2_PLACEMENT_3D('',#11069,#9007,#9008);
#7048=AXIS2_PLACEMENT_3D('',#11071,#9009,#9010);
#7049=AXIS2_PLACEMENT_3D('',#11072,#9011,#9012);
#7050=AXIS2_PLACEMENT_3D('',#11075,#9014,#9015);
#7051=AXIS2_PLACEMENT_3D('',#11076,#9016,#9017);
#7052=AXIS2_PLACEMENT_3D('',#11078,#9018,#9019);
#7053=AXIS2_PLACEMENT_3D('',#11079,#9020,#9021);
#7054=AXIS2_PLACEMENT_3D('',#11081,#9022,#9023);
#7055=AXIS2_PLACEMENT_3D('',#11083,#9025,#9026);
#7056=AXIS2_PLACEMENT_3D('',#11085,#9027,#9028);
#7057=AXIS2_PLACEMENT_3D('',#11086,#9029,#9030);
#7058=AXIS2_PLACEMENT_3D('',#11088,#9031,#9032);
#7059=AXIS2_PLACEMENT_3D('',#11089,#9033,#9034);
#7060=AXIS2_PLACEMENT_3D('',#11090,#9035,#9036);
#7061=AXIS2_PLACEMENT_3D('',#11092,#9037,#9038);
#7062=AXIS2_PLACEMENT_3D('',#11093,#9039,#9040);
#7063=AXIS2_PLACEMENT_3D('',#11095,#9042,#9043);
#7064=AXIS2_PLACEMENT_3D('',#11096,#9044,#9045);
#7065=AXIS2_PLACEMENT_3D('',#11098,#9046,#9047);
#7066=AXIS2_PLACEMENT_3D('',#11100,#9048,#9049);
#7067=AXIS2_PLACEMENT_3D('',#11101,#9050,#9051);
#7068=AXIS2_PLACEMENT_3D('',#11103,#9052,#9053);
#7069=AXIS2_PLACEMENT_3D('',#11105,#9055,#9056);
#7070=AXIS2_PLACEMENT_3D('',#11107,#9057,#9058);
#7071=AXIS2_PLACEMENT_3D('',#11109,#9060,#9061);
#7072=AXIS2_PLACEMENT_3D('',#11110,#9062,#9063);
#7073=AXIS2_PLACEMENT_3D('',#11111,#9064,#9065);
#7074=AXIS2_PLACEMENT_3D('',#11112,#9066,#9067);
#7075=DIRECTION('axis',(0.,0.,1.));
#7076=DIRECTION('refdir',(1.,0.,0.));
#7077=DIRECTION('axis',(0.,0.,1.));
#7078=DIRECTION('refdir',(1.,0.,0.));
#7079=DIRECTION('center_axis',(-1.,0.,0.));
#7080=DIRECTION('ref_axis',(0.,1.,0.));
#7081=DIRECTION('',(1.,0.,0.));
#7082=DIRECTION('center_axis',(1.,0.,0.));
#7083=DIRECTION('ref_axis',(0.,1.,0.));
#7084=DIRECTION('center_axis',(1.,0.,0.));
#7085=DIRECTION('ref_axis',(0.,1.,0.));
#7086=DIRECTION('',(0.,0.,-1.));
#7087=DIRECTION('',(0.,1.,0.));
#7088=DIRECTION('center_axis',(1.,0.,0.));
#7089=DIRECTION('ref_axis',(0.,1.,0.));
#7090=DIRECTION('',(0.,0.,1.));
#7091=DIRECTION('center_axis',(1.,0.,0.));
#7092=DIRECTION('ref_axis',(0.,1.,0.));
#7093=DIRECTION('',(0.,1.,0.));
#7094=DIRECTION('center_axis',(-1.,0.,0.));
#7095=DIRECTION('ref_axis',(0.,1.,0.));
#7096=DIRECTION('',(-1.,0.,0.));
#7097=DIRECTION('center_axis',(0.,-1.,0.));
#7098=DIRECTION('ref_axis',(-0.933676117025868,0.,-0.358118567649735));
#7099=DIRECTION('center_axis',(0.,-1.,0.));
#7100=DIRECTION('ref_axis',(1.,0.,0.));
#7101=DIRECTION('center_axis',(0.,-1.,0.));
#7102=DIRECTION('ref_axis',(1.,0.,0.));
#7103=DIRECTION('center_axis',(0.,-1.,0.));
#7104=DIRECTION('ref_axis',(1.,0.,0.));
#7105=DIRECTION('center_axis',(0.,-1.,0.));
#7106=DIRECTION('ref_axis',(0.,0.,-1.));
#7107=DIRECTION('center_axis',(0.,-1.,0.));
#7108=DIRECTION('ref_axis',(1.,0.,0.));
#7109=DIRECTION('center_axis',(-1.,0.,-1.22464679914735E-16));
#7110=DIRECTION('ref_axis',(-1.22464679914735E-16,0.,1.));
#7111=DIRECTION('center_axis',(0.,-1.,0.));
#7112=DIRECTION('ref_axis',(0.,0.,-1.));
#7113=DIRECTION('center_axis',(0.,-1.,0.));
#7114=DIRECTION('ref_axis',(1.,0.,0.));
#7115=DIRECTION('center_axis',(-1.,0.,-1.22464679914735E-16));
#7116=DIRECTION('ref_axis',(-1.22464679914735E-16,0.,1.));
#7117=DIRECTION('center_axis',(0.,-1.,0.));
#7118=DIRECTION('ref_axis',(1.,0.,0.));
#7119=DIRECTION('center_axis',(0.,-1.,0.));
#7120=DIRECTION('ref_axis',(1.,0.,0.));
#7121=DIRECTION('center_axis',(0.,-1.,0.));
#7122=DIRECTION('ref_axis',(-0.933676117025868,0.,-0.358118567649736));
#7123=DIRECTION('center_axis',(0.,-1.,0.));
#7124=DIRECTION('ref_axis',(1.,0.,0.));
#7125=DIRECTION('center_axis',(0.,1.,0.));
#7126=DIRECTION('ref_axis',(-1.,0.,0.));
#7127=DIRECTION('center_axis',(0.,1.,0.));
#7128=DIRECTION('ref_axis',(-1.,0.,0.));
#7129=DIRECTION('',(-1.,0.,0.));
#7130=DIRECTION('center_axis',(0.,-1.,-9.02056207507939E-16));
#7131=DIRECTION('ref_axis',(-1.,3.08148791101959E-30,-3.4160708450005E-15));
#7132=DIRECTION('',(0.,9.02056207507939E-16,-1.));
#7133=DIRECTION('center_axis',(0.,1.,9.02056207507939E-16));
#7134=DIRECTION('ref_axis',(1.,0.,0.));
#7135=DIRECTION('',(0.164594590280735,-8.89753336580047E-16,0.986361303402722));
#7136=DIRECTION('center_axis',(0.,-1.,-9.02056207507939E-16));
#7137=DIRECTION('ref_axis',(0.16459459028073,-8.89753336580048E-16,0.986361303402723));
#7138=DIRECTION('',(-0.986361303402722,-1.48473571884962E-16,0.164594590280734));
#7139=DIRECTION('center_axis',(0.,-1.,-9.02056207507939E-16));
#7140=DIRECTION('ref_axis',(-0.986361303402723,-1.48473571884959E-16,0.164594590280731));
#7141=DIRECTION('',(-0.164594590280734,8.89753336580048E-16,-0.986361303402722));
#7142=DIRECTION('center_axis',(0.,1.,9.02056207507939E-16));
#7143=DIRECTION('ref_axis',(1.,0.,0.));
#7144=DIRECTION('',(0.324699469204685,-8.53180314044094E-16,0.945817241700634));
#7145=DIRECTION('center_axis',(0.,-1.,-9.02056207507939E-16));
#7146=DIRECTION('ref_axis',(0.324699469204679,-8.53180314044096E-16,0.945817241700636));
#7147=DIRECTION('',(-0.945817241700635,-2.92897171770618E-16,0.324699469204684));
#7148=DIRECTION('center_axis',(0.,-1.,-9.02056207507939E-16));
#7149=DIRECTION('ref_axis',(-0.945817241700636,-2.92897171770615E-16,0.32469946920468));
#7150=DIRECTION('',(-0.324699469204684,8.53180314044095E-16,-0.945817241700635));
#7151=DIRECTION('center_axis',(0.,1.,9.02056207507939E-16));
#7152=DIRECTION('ref_axis',(1.,0.,0.));
#7153=DIRECTION('',(0.475947393037075,-7.93334756616106E-16,0.879473751206488));
#7154=DIRECTION('center_axis',(0.,-1.,-9.02056207507939E-16));
#7155=DIRECTION('ref_axis',(0.47594739303707,-7.93334756616108E-16,0.879473751206491));
#7156=DIRECTION('',(-0.879473751206489,-4.29331300336313E-16,0.475947393037074));
#7157=DIRECTION('center_axis',(0.,-1.,-9.02056207507939E-16));
#7158=DIRECTION('ref_axis',(-0.879473751206491,-4.2933130033631E-16,0.475947393037071));
#7159=DIRECTION('',(-0.475947393037074,7.93334756616106E-16,-0.879473751206489));
#7160=DIRECTION('center_axis',(0.,1.,9.02056207507939E-16));
#7161=DIRECTION('ref_axis',(1.,0.,0.));
#7162=DIRECTION('',(0.614212712689669,-7.11849095096993E-16,0.789140509396393));
#7163=DIRECTION('center_axis',(0.,-1.,-9.02056207507939E-16));
#7164=DIRECTION('ref_axis',(0.614212712689664,-7.11849095096997E-16,0.789140509396396));
#7165=DIRECTION('',(-0.789140509396394,-5.54054390212005E-16,0.614212712689668));
#7166=DIRECTION('center_axis',(0.,-1.,-9.02056207507939E-16));
#7167=DIRECTION('ref_axis',(-0.789140509396396,-5.54054390212003E-16,0.614212712689665));
#7168=DIRECTION('',(-0.614212712689668,7.11849095096994E-16,-0.789140509396394));
#7169=DIRECTION('center_axis',(0.,1.,9.02056207507939E-16));
#7170=DIRECTION('ref_axis',(1.,0.,0.));
#7171=DIRECTION('',(0.735723910673132,-6.10946045915732E-16,0.67728157162574));
#7172=DIRECTION('center_axis',(0.,-1.,-9.02056207507939E-16));
#7173=DIRECTION('ref_axis',(0.735723910673129,-6.10946045915736E-16,0.677281571625744));
#7174=DIRECTION('',(-0.677281571625741,-6.63664320634715E-16,0.735723910673132));
#7175=DIRECTION('center_axis',(0.,-1.,-9.02056207507939E-16));
#7176=DIRECTION('ref_axis',(-0.677281571625744,-6.63664320634713E-16,0.735723910673129));
#7177=DIRECTION('',(-0.735723910673132,6.10946045915733E-16,-0.677281571625741));
#7178=DIRECTION('center_axis',(0.,1.,9.02056207507939E-16));
#7179=DIRECTION('ref_axis',(1.,0.,0.));
#7180=DIRECTION('',(0.837166478262529,-4.93377981219368E-16,0.546948158122426));
#7181=DIRECTION('center_axis',(0.,-1.,-9.02056207507939E-16));
#7182=DIRECTION('ref_axis',(0.837166478262526,-4.93377981219372E-16,0.546948158122431));
#7183=DIRECTION('',(-0.546948158122427,-7.55171218434274E-16,0.837166478262529));
#7184=DIRECTION('center_axis',(0.,-1.,-9.02056207507939E-16));
#7185=DIRECTION('ref_axis',(-0.54694815812243,-7.55171218434273E-16,0.837166478262527));
#7186=DIRECTION('',(-0.837166478262529,4.93377981219369E-16,-0.546948158122427));
#7187=DIRECTION('center_axis',(0.,1.,9.02056207507939E-16));
#7188=DIRECTION('ref_axis',(1.,0.,0.));
#7189=DIRECTION('',(0.915773326655058,-3.62351851335748E-16,0.401695424652968));
#7190=DIRECTION('center_axis',(0.,-1.,-9.02056207507939E-16));
#7191=DIRECTION('ref_axis',(0.915773326655056,-3.62351851335753E-16,0.401695424652974));
#7192=DIRECTION('',(-0.40169542465297,-8.2607901397939E-16,0.915773326655057));
#7193=DIRECTION('center_axis',(0.,-1.,-9.02056207507939E-16));
#7194=DIRECTION('ref_axis',(-0.401695424652973,-8.26079013979389E-16,0.915773326655056));
#7195=DIRECTION('',(-0.915773326655057,3.62351851335749E-16,-0.40169542465297));
#7196=DIRECTION('center_axis',(0.,1.,9.02056207507939E-16));
#7197=DIRECTION('ref_axis',(1.,0.,0.));
#7198=DIRECTION('',(0.969400265939331,-2.21441707528467E-16,0.245485487140798));
#7199=DIRECTION('center_axis',(0.,-1.,-9.02056207507939E-16));
#7200=DIRECTION('ref_axis',(0.969400265939329,-2.21441707528472E-16,0.245485487140803));
#7201=DIRECTION('',(-0.245485487140799,-8.7445352745042E-16,0.96940026593933));
#7202=DIRECTION('center_axis',(0.,-1.,-9.02056207507939E-16));
#7203=DIRECTION('ref_axis',(-0.245485487140803,-8.74453527450419E-16,0.96940026593933));
#7204=DIRECTION('',(-0.96940026593933,2.21441707528468E-16,-0.245485487140799));
#7205=DIRECTION('center_axis',(0.,1.,9.02056207507939E-16));
#7206=DIRECTION('ref_axis',(1.,0.,0.));
#7207=DIRECTION('',(0.99658449300667,-7.44912111952588E-17,0.082579345472331));
#7208=DIRECTION('center_axis',(0.,-1.,-9.02056207507939E-16));
#7209=DIRECTION('ref_axis',(0.99658449300667,-7.4491211195264E-17,0.0825793454723367));
#7210=DIRECTION('',(-0.0825793454723324,-8.98975228222819E-16,0.99658449300667));
#7211=DIRECTION('center_axis',(0.,-1.,-9.02056207507939E-16));
#7212=DIRECTION('ref_axis',(-0.0825793454723358,-8.98975228222819E-16,0.99658449300667));
#7213=DIRECTION('',(-0.99658449300667,7.44912111952601E-17,-0.0825793454723324));
#7214=DIRECTION('center_axis',(0.,1.,9.02056207507939E-16));
#7215=DIRECTION('ref_axis',(1.,0.,0.));
#7216=DIRECTION('',(0.99658449300667,7.44912111952612E-17,-0.0825793454723337));
#7217=DIRECTION('center_axis',(0.,-1.,-9.02056207507939E-16));
#7218=DIRECTION('ref_axis',(0.99658449300667,7.44912111952561E-17,-0.0825793454723279));
#7219=DIRECTION('',(0.0825793454723323,-8.98975228222819E-16,0.99658449300667));
#7220=DIRECTION('center_axis',(0.,-1.,-9.02056207507939E-16));
#7221=DIRECTION('ref_axis',(0.0825793454723289,-8.98975228222819E-16,0.99658449300667));
#7222=DIRECTION('',(-0.99658449300667,-7.449121119526E-17,0.0825793454723323));
#7223=DIRECTION('center_axis',(0.,1.,9.02056207507939E-16));
#7224=DIRECTION('ref_axis',(1.,0.,0.));
#7225=DIRECTION('',(0.96940026593933,2.2144170752847E-16,-0.2454854871408));
#7226=DIRECTION('center_axis',(0.,-1.,-9.02056207507939E-16));
#7227=DIRECTION('ref_axis',(0.969400265939331,2.21441707528464E-16,-0.245485487140795));
#7228=DIRECTION('',(0.245485487140799,-8.7445352745042E-16,0.96940026593933));
#7229=DIRECTION('center_axis',(0.,-1.,-9.02056207507939E-16));
#7230=DIRECTION('ref_axis',(0.245485487140796,-8.74453527450421E-16,0.969400265939331));
#7231=DIRECTION('',(-0.96940026593933,-2.21441707528468E-16,0.245485487140799));
#7232=DIRECTION('center_axis',(0.,1.,9.02056207507939E-16));
#7233=DIRECTION('ref_axis',(1.,0.,0.));
#7234=DIRECTION('',(0.915773326655057,3.6235185133575E-16,-0.401695424652971));
#7235=DIRECTION('center_axis',(0.,-1.,-9.02056207507939E-16));
#7236=DIRECTION('ref_axis',(0.915773326655059,3.62351851335745E-16,-0.401695424652965));
#7237=DIRECTION('',(0.401695424652969,-8.2607901397939E-16,0.915773326655058));
#7238=DIRECTION('center_axis',(0.,-1.,-9.02056207507939E-16));
#7239=DIRECTION('ref_axis',(0.401695424652966,-8.26079013979392E-16,0.915773326655059));
#7240=DIRECTION('',(-0.915773326655058,-3.62351851335749E-16,0.401695424652969));
#7241=DIRECTION('center_axis',(0.,1.,9.02056207507939E-16));
#7242=DIRECTION('ref_axis',(1.,0.,0.));
#7243=DIRECTION('',(0.837166478262528,4.9337798121937E-16,-0.546948158122428));
#7244=DIRECTION('center_axis',(0.,-1.,-9.02056207507939E-16));
#7245=DIRECTION('ref_axis',(0.837166478262531,4.93377981219366E-16,-0.546948158122423));
#7246=DIRECTION('',(0.546948158122427,-7.55171218434274E-16,0.837166478262529));
#7247=DIRECTION('center_axis',(0.,-1.,-9.02056207507939E-16));
#7248=DIRECTION('ref_axis',(0.546948158122424,-7.55171218434276E-16,0.837166478262531));
#7249=DIRECTION('',(-0.837166478262529,-4.93377981219369E-16,0.546948158122427));
#7250=DIRECTION('center_axis',(0.,1.,9.02056207507939E-16));
#7251=DIRECTION('ref_axis',(1.,0.,0.));
#7252=DIRECTION('',(0.735723910673131,6.10946045915733E-16,-0.677281571625742));
#7253=DIRECTION('center_axis',(0.,-1.,-9.02056207507939E-16));
#7254=DIRECTION('ref_axis',(0.735723910673135,6.1094604591573E-16,-0.677281571625738));
#7255=DIRECTION('',(0.677281571625741,-6.63664320634715E-16,0.735723910673132));
#7256=DIRECTION('center_axis',(0.,-1.,-9.02056207507939E-16));
#7257=DIRECTION('ref_axis',(0.677281571625738,-6.63664320634717E-16,0.735723910673134));
#7258=DIRECTION('',(-0.735723910673132,-6.10946045915733E-16,0.677281571625741));
#7259=DIRECTION('center_axis',(0.,1.,9.02056207507939E-16));
#7260=DIRECTION('ref_axis',(1.,0.,0.));
#7261=DIRECTION('',(0.614212712689667,7.11849095096995E-16,-0.789140509396394));
#7262=DIRECTION('center_axis',(0.,-1.,-9.02056207507939E-16));
#7263=DIRECTION('ref_axis',(0.614212712689671,7.11849095096992E-16,-0.789140509396391));
#7264=DIRECTION('',(0.789140509396393,-5.54054390212005E-16,0.614212712689668));
#7265=DIRECTION('center_axis',(0.,-1.,-9.02056207507939E-16));
#7266=DIRECTION('ref_axis',(0.789140509396391,-5.54054390212008E-16,0.61421271268967));
#7267=DIRECTION('',(-0.614212712689668,-7.11849095096994E-16,0.789140509396393));
#7268=DIRECTION('center_axis',(0.,1.,9.02056207507939E-16));
#7269=DIRECTION('ref_axis',(1.,0.,0.));
#7270=DIRECTION('',(0.475947393037073,7.93334756616107E-16,-0.87947375120649));
#7271=DIRECTION('center_axis',(0.,-1.,-9.02056207507939E-16));
#7272=DIRECTION('ref_axis',(0.475947393037077,7.93334756616105E-16,-0.879473751206487));
#7273=DIRECTION('',(0.879473751206489,-4.29331300336313E-16,0.475947393037074));
#7274=DIRECTION('center_axis',(0.,-1.,-9.02056207507939E-16));
#7275=DIRECTION('ref_axis',(0.879473751206487,-4.29331300336316E-16,0.475947393037077));
#7276=DIRECTION('',(-0.475947393037074,-7.93334756616106E-16,0.879473751206489));
#7277=DIRECTION('center_axis',(0.,1.,9.02056207507939E-16));
#7278=DIRECTION('ref_axis',(1.,0.,0.));
#7279=DIRECTION('',(0.324699469204682,8.53180314044095E-16,-0.945817241700635));
#7280=DIRECTION('center_axis',(0.,-1.,-9.02056207507939E-16));
#7281=DIRECTION('ref_axis',(0.324699469204688,8.53180314044093E-16,-0.945817241700633));
#7282=DIRECTION('',(0.945817241700635,-2.92897171770618E-16,0.324699469204684));
#7283=DIRECTION('center_axis',(0.,-1.,-9.02056207507939E-16));
#7284=DIRECTION('ref_axis',(0.945817241700634,-2.92897171770621E-16,0.324699469204687));
#7285=DIRECTION('',(-0.324699469204684,-8.53180314044094E-16,0.945817241700635));
#7286=DIRECTION('center_axis',(0.,1.,9.02056207507939E-16));
#7287=DIRECTION('ref_axis',(1.,0.,0.));
#7288=DIRECTION('',(0.164594590280733,8.89753336580048E-16,-0.986361303402723));
#7289=DIRECTION('center_axis',(0.,-1.,-9.02056207507939E-16));
#7290=DIRECTION('ref_axis',(0.164594590280738,8.89753336580047E-16,-0.986361303402722));
#7291=DIRECTION('',(0.986361303402722,-1.48473571884962E-16,0.164594590280734));
#7292=DIRECTION('center_axis',(0.,-1.,-9.02056207507939E-16));
#7293=DIRECTION('ref_axis',(0.986361303402722,-1.48473571884965E-16,0.164594590280737));
#7294=DIRECTION('',(-0.164594590280734,-8.89753336580047E-16,0.986361303402722));
#7295=DIRECTION('center_axis',(0.,1.,9.02056207507939E-16));
#7296=DIRECTION('ref_axis',(1.,0.,0.));
#7297=DIRECTION('',(-1.26531410086671E-15,9.02056207507939E-16,-1.));
#7298=DIRECTION('center_axis',(0.,-1.,-9.02056207507939E-16));
#7299=DIRECTION('ref_axis',(4.47261739659505E-15,9.02056207507939E-16,-1.));
#7300=DIRECTION('',(1.,-1.1047002471756E-31,1.22464679914735E-16));
#7301=DIRECTION('center_axis',(0.,-1.,-9.02056207507939E-16));
#7302=DIRECTION('ref_axis',(1.,-3.19195793573715E-30,3.53853552491523E-15));
#7303=DIRECTION('',(-1.22464679914735E-16,-9.02056207507939E-16,1.));
#7304=DIRECTION('center_axis',(0.,1.,9.02056207507939E-16));
#7305=DIRECTION('ref_axis',(1.,0.,0.));
#7306=DIRECTION('',(-0.164594590280735,8.89753336580047E-16,-0.986361303402722));
#7307=DIRECTION('center_axis',(0.,-1.,-9.02056207507939E-16));
#7308=DIRECTION('ref_axis',(-0.164594590280729,8.89753336580048E-16,-0.986361303402723));
#7309=DIRECTION('',(0.986361303402722,1.48473571884962E-16,-0.164594590280734));
#7310=DIRECTION('center_axis',(0.,-1.,-9.02056207507939E-16));
#7311=DIRECTION('ref_axis',(0.986361303402723,1.48473571884959E-16,-0.16459459028073));
#7312=DIRECTION('',(0.164594590280734,-8.89753336580048E-16,0.986361303402722));
#7313=DIRECTION('center_axis',(0.,1.,9.02056207507939E-16));
#7314=DIRECTION('ref_axis',(1.,0.,0.));
#7315=DIRECTION('',(-0.324699469204685,8.53180314044094E-16,-0.945817241700634));
#7316=DIRECTION('center_axis',(0.,-1.,-9.02056207507939E-16));
#7317=DIRECTION('ref_axis',(-0.324699469204679,8.53180314044096E-16,-0.945817241700636));
#7318=DIRECTION('',(0.945817241700635,2.92897171770618E-16,-0.324699469204683));
#7319=DIRECTION('center_axis',(0.,-1.,-9.02056207507939E-16));
#7320=DIRECTION('ref_axis',(0.945817241700636,2.92897171770615E-16,-0.32469946920468));
#7321=DIRECTION('',(0.324699469204683,-8.53180314044095E-16,0.945817241700635));
#7322=DIRECTION('center_axis',(0.,1.,9.02056207507939E-16));
#7323=DIRECTION('ref_axis',(1.,0.,0.));
#7324=DIRECTION('',(-0.475947393037075,7.93334756616106E-16,-0.879473751206488));
#7325=DIRECTION('center_axis',(0.,-1.,-9.02056207507939E-16));
#7326=DIRECTION('ref_axis',(-0.47594739303707,7.93334756616108E-16,-0.879473751206491));
#7327=DIRECTION('',(0.879473751206489,4.29331300336313E-16,-0.475947393037074));
#7328=DIRECTION('center_axis',(0.,-1.,-9.02056207507939E-16));
#7329=DIRECTION('ref_axis',(0.879473751206491,4.2933130033631E-16,-0.47594739303707));
#7330=DIRECTION('',(0.475947393037074,-7.93334756616106E-16,0.879473751206489));
#7331=DIRECTION('center_axis',(0.,1.,9.02056207507939E-16));
#7332=DIRECTION('ref_axis',(1.,0.,0.));
#7333=DIRECTION('',(-0.614212712689669,7.11849095096993E-16,-0.789140509396393));
#7334=DIRECTION('center_axis',(0.,-1.,-9.02056207507939E-16));
#7335=DIRECTION('ref_axis',(-0.614212712689664,7.11849095096997E-16,-0.789140509396396));
#7336=DIRECTION('',(0.789140509396394,5.54054390212005E-16,-0.614212712689668));
#7337=DIRECTION('center_axis',(0.,-1.,-9.02056207507939E-16));
#7338=DIRECTION('ref_axis',(0.789140509396396,5.54054390212003E-16,-0.614212712689665));
#7339=DIRECTION('',(0.614212712689668,-7.11849095096994E-16,0.789140509396394));
#7340=DIRECTION('center_axis',(0.,1.,9.02056207507939E-16));
#7341=DIRECTION('ref_axis',(1.,0.,0.));
#7342=DIRECTION('',(-0.735723910673132,6.10946045915732E-16,-0.677281571625741));
#7343=DIRECTION('center_axis',(0.,-1.,-9.02056207507939E-16));
#7344=DIRECTION('ref_axis',(-0.735723910673128,6.10946045915736E-16,-0.677281571625745));
#7345=DIRECTION('',(0.677281571625741,6.63664320634715E-16,-0.735723910673131));
#7346=DIRECTION('center_axis',(0.,-1.,-9.02056207507939E-16));
#7347=DIRECTION('ref_axis',(0.677281571625744,6.63664320634712E-16,-0.735723910673129));
#7348=DIRECTION('',(0.735723910673131,-6.10946045915733E-16,0.677281571625741));
#7349=DIRECTION('center_axis',(0.,1.,9.02056207507939E-16));
#7350=DIRECTION('ref_axis',(1.,0.,0.));
#7351=DIRECTION('',(-0.837166478262529,4.93377981219368E-16,-0.546948158122426));
#7352=DIRECTION('center_axis',(0.,-1.,-9.02056207507939E-16));
#7353=DIRECTION('ref_axis',(-0.837166478262526,4.93377981219372E-16,-0.546948158122431));
#7354=DIRECTION('',(0.546948158122427,7.55171218434274E-16,-0.837166478262529));
#7355=DIRECTION('center_axis',(0.,-1.,-9.02056207507939E-16));
#7356=DIRECTION('ref_axis',(0.54694815812243,7.55171218434273E-16,-0.837166478262527));
#7357=DIRECTION('',(0.837166478262529,-4.93377981219369E-16,0.546948158122427));
#7358=DIRECTION('center_axis',(0.,1.,9.02056207507939E-16));
#7359=DIRECTION('ref_axis',(1.,0.,0.));
#7360=DIRECTION('',(-0.915773326655058,3.62351851335748E-16,-0.401695424652968));
#7361=DIRECTION('center_axis',(0.,-1.,-9.02056207507939E-16));
#7362=DIRECTION('ref_axis',(-0.915773326655056,3.62351851335753E-16,-0.401695424652974));
#7363=DIRECTION('',(0.40169542465297,8.2607901397939E-16,-0.915773326655057));
#7364=DIRECTION('center_axis',(0.,-1.,-9.02056207507939E-16));
#7365=DIRECTION('ref_axis',(0.401695424652973,8.26079013979389E-16,-0.915773326655056));
#7366=DIRECTION('',(0.915773326655057,-3.62351851335749E-16,0.40169542465297));
#7367=DIRECTION('center_axis',(0.,1.,9.02056207507939E-16));
#7368=DIRECTION('ref_axis',(1.,0.,0.));
#7369=DIRECTION('',(-0.969400265939331,2.21441707528467E-16,-0.245485487140798));
#7370=DIRECTION('center_axis',(0.,-1.,-9.02056207507939E-16));
#7371=DIRECTION('ref_axis',(-0.969400265939329,2.21441707528472E-16,-0.245485487140803));
#7372=DIRECTION('',(0.245485487140799,8.7445352745042E-16,-0.96940026593933));
#7373=DIRECTION('center_axis',(0.,-1.,-9.02056207507939E-16));
#7374=DIRECTION('ref_axis',(0.245485487140802,8.74453527450419E-16,-0.96940026593933));
#7375=DIRECTION('',(0.96940026593933,-2.21441707528468E-16,0.245485487140799));
#7376=DIRECTION('center_axis',(0.,1.,9.02056207507939E-16));
#7377=DIRECTION('ref_axis',(1.,0.,0.));
#7378=DIRECTION('',(-0.99658449300667,7.44912111952591E-17,-0.0825793454723314));
#7379=DIRECTION('center_axis',(0.,-1.,-9.02056207507939E-16));
#7380=DIRECTION('ref_axis',(-0.99658449300667,7.44912111952643E-17,-0.0825793454723371));
#7381=DIRECTION('',(0.0825793454723327,8.98975228222819E-16,-0.99658449300667));
#7382=DIRECTION('center_axis',(0.,-1.,-9.02056207507939E-16));
#7383=DIRECTION('ref_axis',(0.0825793454723362,8.98975228222819E-16,-0.99658449300667));
#7384=DIRECTION('',(0.99658449300667,-7.44912111952604E-17,0.0825793454723327));
#7385=DIRECTION('center_axis',(0.,1.,9.02056207507939E-16));
#7386=DIRECTION('ref_axis',(1.,0.,0.));
#7387=DIRECTION('',(-0.99658449300667,-7.44912111952613E-17,0.0825793454723338));
#7388=DIRECTION('center_axis',(0.,-1.,-9.02056207507939E-16));
#7389=DIRECTION('ref_axis',(-0.99658449300667,-7.44912111952562E-17,0.082579345472328));
#7390=DIRECTION('',(-0.0825793454723324,8.98975228222819E-16,-0.99658449300667));
#7391=DIRECTION('center_axis',(0.,-1.,-9.02056207507939E-16));
#7392=DIRECTION('ref_axis',(-0.082579345472329,8.98975228222819E-16,-0.99658449300667));
#7393=DIRECTION('',(0.99658449300667,7.449121119526E-17,-0.0825793454723324));
#7394=DIRECTION('center_axis',(0.,1.,9.02056207507939E-16));
#7395=DIRECTION('ref_axis',(1.,0.,0.));
#7396=DIRECTION('',(-0.96940026593933,-2.21441707528469E-16,0.2454854871408));
#7397=DIRECTION('center_axis',(0.,-1.,-9.02056207507939E-16));
#7398=DIRECTION('ref_axis',(-0.969400265939331,-2.21441707528464E-16,0.245485487140795));
#7399=DIRECTION('',(-0.245485487140799,8.7445352745042E-16,-0.969400265939331));
#7400=DIRECTION('center_axis',(0.,-1.,-9.02056207507939E-16));
#7401=DIRECTION('ref_axis',(-0.245485487140795,8.74453527450421E-16,-0.969400265939331));
#7402=DIRECTION('',(0.969400265939331,2.21441707528468E-16,-0.245485487140799));
#7403=DIRECTION('center_axis',(0.,1.,9.02056207507939E-16));
#7404=DIRECTION('ref_axis',(1.,0.,0.));
#7405=DIRECTION('',(-0.915773326655057,-3.6235185133575E-16,0.401695424652971));
#7406=DIRECTION('center_axis',(0.,-1.,-9.02056207507939E-16));
#7407=DIRECTION('ref_axis',(-0.915773326655059,-3.62351851335745E-16,0.401695424652966));
#7408=DIRECTION('',(-0.40169542465297,8.2607901397939E-16,-0.915773326655057));
#7409=DIRECTION('center_axis',(0.,-1.,-9.02056207507939E-16));
#7410=DIRECTION('ref_axis',(-0.401695424652966,8.26079013979392E-16,-0.915773326655059));
#7411=DIRECTION('',(0.915773326655057,3.62351851335749E-16,-0.40169542465297));
#7412=DIRECTION('center_axis',(0.,1.,9.02056207507939E-16));
#7413=DIRECTION('ref_axis',(1.,0.,0.));
#7414=DIRECTION('',(-0.837166478262528,-4.9337798121937E-16,0.546948158122428));
#7415=DIRECTION('center_axis',(0.,-1.,-9.02056207507939E-16));
#7416=DIRECTION('ref_axis',(-0.837166478262531,-4.93377981219366E-16,0.546948158122423));
#7417=DIRECTION('',(-0.546948158122427,7.55171218434274E-16,-0.837166478262529));
#7418=DIRECTION('center_axis',(0.,-1.,-9.02056207507939E-16));
#7419=DIRECTION('ref_axis',(-0.546948158122424,7.55171218434276E-16,-0.837166478262531));
#7420=DIRECTION('',(0.837166478262529,4.93377981219369E-16,-0.546948158122427));
#7421=DIRECTION('center_axis',(0.,1.,9.02056207507939E-16));
#7422=DIRECTION('ref_axis',(1.,0.,0.));
#7423=DIRECTION('',(-0.735723910673131,-6.10946045915733E-16,0.677281571625742));
#7424=DIRECTION('center_axis',(0.,-1.,-9.02056207507939E-16));
#7425=DIRECTION('ref_axis',(-0.735723910673135,-6.10946045915729E-16,0.677281571625737));
#7426=DIRECTION('',(-0.677281571625741,6.63664320634715E-16,-0.735723910673132));
#7427=DIRECTION('center_axis',(0.,-1.,-9.02056207507939E-16));
#7428=DIRECTION('ref_axis',(-0.677281571625738,6.63664320634718E-16,-0.735723910673134));
#7429=DIRECTION('',(0.735723910673132,6.10946045915732E-16,-0.677281571625741));
#7430=DIRECTION('center_axis',(0.,1.,9.02056207507939E-16));
#7431=DIRECTION('ref_axis',(1.,0.,0.));
#7432=DIRECTION('',(-0.614212712689667,-7.11849095096995E-16,0.789140509396394));
#7433=DIRECTION('center_axis',(0.,-1.,-9.02056207507939E-16));
#7434=DIRECTION('ref_axis',(-0.614212712689671,-7.11849095096992E-16,0.789140509396391));
#7435=DIRECTION('',(-0.789140509396393,5.54054390212006E-16,-0.614212712689668));
#7436=DIRECTION('center_axis',(0.,-1.,-9.02056207507939E-16));
#7437=DIRECTION('ref_axis',(-0.789140509396391,5.54054390212008E-16,-0.614212712689671));
#7438=DIRECTION('',(0.614212712689668,7.11849095096994E-16,-0.789140509396393));
#7439=DIRECTION('center_axis',(0.,1.,9.02056207507939E-16));
#7440=DIRECTION('ref_axis',(1.,0.,0.));
#7441=DIRECTION('',(-0.475947393037073,-7.93334756616107E-16,0.87947375120649));
#7442=DIRECTION('center_axis',(0.,-1.,-9.02056207507939E-16));
#7443=DIRECTION('ref_axis',(-0.475947393037078,-7.93334756616104E-16,0.879473751206487));
#7444=DIRECTION('',(-0.879473751206489,4.29331300336314E-16,-0.475947393037074));
#7445=DIRECTION('center_axis',(0.,-1.,-9.02056207507939E-16));
#7446=DIRECTION('ref_axis',(-0.879473751206487,4.29331300336316E-16,-0.475947393037077));
#7447=DIRECTION('',(0.475947393037074,7.93334756616106E-16,-0.879473751206489));
#7448=DIRECTION('center_axis',(0.,1.,9.02056207507939E-16));
#7449=DIRECTION('ref_axis',(1.,0.,0.));
#7450=DIRECTION('',(-0.324699469204682,-8.53180314044095E-16,0.945817241700635));
#7451=DIRECTION('center_axis',(0.,-1.,-9.02056207507939E-16));
#7452=DIRECTION('ref_axis',(-0.324699469204688,-8.53180314044093E-16,0.945817241700633));
#7453=DIRECTION('',(-0.945817241700635,2.92897171770618E-16,-0.324699469204684));
#7454=DIRECTION('center_axis',(0.,-1.,-9.02056207507939E-16));
#7455=DIRECTION('ref_axis',(-0.945817241700634,2.92897171770621E-16,-0.324699469204687));
#7456=DIRECTION('',(0.324699469204684,8.53180314044094E-16,-0.945817241700635));
#7457=DIRECTION('center_axis',(0.,1.,9.02056207507939E-16));
#7458=DIRECTION('ref_axis',(1.,0.,0.));
#7459=DIRECTION('',(-0.164594590280733,-8.89753336580048E-16,0.986361303402722));
#7460=DIRECTION('center_axis',(0.,-1.,-9.02056207507939E-16));
#7461=DIRECTION('ref_axis',(-0.164594590280739,-8.89753336580047E-16,0.986361303402722));
#7462=DIRECTION('',(-0.986361303402722,1.48473571884963E-16,-0.164594590280735));
#7463=DIRECTION('center_axis',(0.,-1.,-9.02056207507939E-16));
#7464=DIRECTION('ref_axis',(-0.986361303402722,1.48473571884966E-16,-0.164594590280738));
#7465=DIRECTION('',(0.164594590280735,8.89753336580047E-16,-0.986361303402722));
#7466=DIRECTION('center_axis',(0.,1.,9.02056207507939E-16));
#7467=DIRECTION('ref_axis',(1.,0.,0.));
#7468=DIRECTION('',(1.38777878078144E-15,-9.02056207507939E-16,1.));
#7469=DIRECTION('center_axis',(0.,-1.,-9.02056207507939E-16));
#7470=DIRECTION('ref_axis',(-4.35015271668032E-15,-9.02056207507939E-16,
1.));
#7471=DIRECTION('center_axis',(0.,1.,0.));
#7472=DIRECTION('ref_axis',(-1.,0.,0.));
#7473=DIRECTION('center_axis',(0.,-1.,0.));
#7474=DIRECTION('ref_axis',(-1.,0.,0.));
#7475=DIRECTION('',(0.,-1.,0.));
#7476=DIRECTION('center_axis',(0.,-1.,-9.02056207507939E-16));
#7477=DIRECTION('ref_axis',(1.,0.,0.));
#7478=DIRECTION('center_axis',(0.,-1.,-9.02056207507939E-16));
#7479=DIRECTION('ref_axis',(1.,0.,0.));
#7480=DIRECTION('center_axis',(0.,1.,0.));
#7481=DIRECTION('ref_axis',(-1.,0.,0.));
#7482=DIRECTION('center_axis',(0.,1.,0.));
#7483=DIRECTION('ref_axis',(-1.,0.,0.));
#7484=DIRECTION('',(0.,-1.,0.));
#7485=DIRECTION('center_axis',(0.,1.,0.));
#7486=DIRECTION('ref_axis',(-1.,0.,0.));
#7487=DIRECTION('center_axis',(0.,1.,0.));
#7488=DIRECTION('ref_axis',(-1.,0.,0.));
#7489=DIRECTION('center_axis',(0.,-1.,0.));
#7490=DIRECTION('ref_axis',(-1.,0.,0.));
#7491=DIRECTION('',(0.,-1.,0.));
#7492=DIRECTION('center_axis',(0.,-1.,0.));
#7493=DIRECTION('ref_axis',(-1.,0.,0.));
#7494=DIRECTION('center_axis',(0.,-1.,0.));
#7495=DIRECTION('ref_axis',(-1.,0.,0.));
#7496=DIRECTION('center_axis',(0.,-1.,0.));
#7497=DIRECTION('ref_axis',(-1.,0.,0.));
#7498=DIRECTION('center_axis',(0.,-1.,0.));
#7499=DIRECTION('ref_axis',(-1.,0.,0.));
#7500=DIRECTION('center_axis',(0.,-1.,0.));
#7501=DIRECTION('ref_axis',(-1.,0.,0.));
#7502=DIRECTION('center_axis',(0.,-1.,0.));
#7503=DIRECTION('ref_axis',(-1.,0.,0.));
#7504=DIRECTION('center_axis',(0.,-1.,0.));
#7505=DIRECTION('ref_axis',(-1.,0.,0.));
#7506=DIRECTION('center_axis',(0.,1.,0.));
#7507=DIRECTION('ref_axis',(0.345430954823341,0.,-0.938444167465404));
#7508=DIRECTION('center_axis',(-0.967780447244982,0.,0.251795563762159));
#7509=DIRECTION('ref_axis',(0.251795563762159,0.,0.967780447244982));
#7510=DIRECTION('center_axis',(0.,-1.,0.));
#7511=DIRECTION('ref_axis',(0.345430954823342,0.,-0.938444167465404));
#7512=DIRECTION('center_axis',(-0.573576436351045,0.,-0.819152044288992));
#7513=DIRECTION('ref_axis',(-0.819152044288992,0.,0.573576436351045));
#7514=DIRECTION('center_axis',(0.,1.,0.));
#7515=DIRECTION('ref_axis',(0.345430954823342,0.,-0.938444167465404));
#7516=DIRECTION('center_axis',(0.,1.,0.));
#7517=DIRECTION('ref_axis',(0.,0.,1.));
#7518=DIRECTION('center_axis',(0.265828868844236,0.,-0.9640202344811));
#7519=DIRECTION('ref_axis',(-0.9640202344811,0.,-0.265828868844236));
#7520=DIRECTION('center_axis',(0.,-1.,0.));
#7521=DIRECTION('ref_axis',(0.640001011646708,0.,0.76837406586323));
#7522=DIRECTION('center_axis',(0.996194698091746,0.,-0.0871557427476575));
#7523=DIRECTION('ref_axis',(-0.0871557427476575,0.,-0.996194698091746));
#7524=DIRECTION('center_axis',(0.,1.,0.));
#7525=DIRECTION('ref_axis',(0.640001011646708,0.,0.76837406586323));
#7526=DIRECTION('center_axis',(0.,1.,0.));
#7527=DIRECTION('ref_axis',(0.,0.,1.));
#7528=DIRECTION('center_axis',(0.701951578400746,0.,0.71222467071894));
#7529=DIRECTION('ref_axis',(0.712224670718939,0.,-0.701951578400746));
#7530=DIRECTION('center_axis',(0.,-1.,0.));
#7531=DIRECTION('ref_axis',(-0.985431966470048,0.,0.170070101602174));
#7532=DIRECTION('center_axis',(-0.422618261740701,0.,0.906307787036649));
#7533=DIRECTION('ref_axis',(0.906307787036649,0.,0.422618261740701));
#7534=DIRECTION('center_axis',(0.,1.,0.));
#7535=DIRECTION('ref_axis',(-0.985431966470048,0.,0.170070101602174));
#7536=DIRECTION('center_axis',(0.164594590280734,-8.89753336580048E-16,
0.986361303402722));
#7537=DIRECTION('ref_axis',(0.986361303402722,1.48473571884962E-16,-0.164594590280734));
#7538=DIRECTION('',(0.986361303402722,0.,-0.164594590280734));
#7539=DIRECTION('',(0.,1.,9.02056207507939E-16));
#7540=DIRECTION('',(0.,1.,9.02056207507939E-16));
#7541=DIRECTION('center_axis',(0.,1.,9.02056207507939E-16));
#7542=DIRECTION('ref_axis',(-0.986361303402723,-1.48473571884959E-16,0.164594590280731));
#7543=DIRECTION('center_axis',(0.,1.,0.));
#7544=DIRECTION('ref_axis',(-0.986361303402723,-1.48473571884959E-16,0.164594590280731));
#7545=DIRECTION('',(0.,1.,9.02056207507939E-16));
#7546=DIRECTION('center_axis',(-0.986361303402722,-1.48473571884962E-16,
0.164594590280734));
#7547=DIRECTION('ref_axis',(0.164594590280734,-8.89753336580048E-16,0.986361303402722));
#7548=DIRECTION('',(0.164594590280734,0.,0.986361303402722));
#7549=DIRECTION('',(0.,-1.,-9.02056207507939E-16));
#7550=DIRECTION('center_axis',(0.986361303402722,1.48473571884963E-16,-0.164594590280735));
#7551=DIRECTION('ref_axis',(-0.164594590280735,8.89753336580047E-16,-0.986361303402722));
#7552=DIRECTION('',(-0.164594590280735,0.,-0.986361303402722));
#7553=DIRECTION('',(0.,1.,9.02056207507939E-16));
#7554=DIRECTION('',(0.,1.,9.02056207507939E-16));
#7555=DIRECTION('center_axis',(0.,1.,9.02056207507939E-16));
#7556=DIRECTION('ref_axis',(0.16459459028073,-8.89753336580048E-16,0.986361303402723));
#7557=DIRECTION('center_axis',(0.,1.,0.));
#7558=DIRECTION('ref_axis',(0.16459459028073,-8.89753336580048E-16,0.986361303402723));
#7559=DIRECTION('center_axis',(0.,1.,9.02056207507939E-16));
#7560=DIRECTION('ref_axis',(1.,0.,0.));
#7561=DIRECTION('center_axis',(0.,-1.,0.));
#7562=DIRECTION('ref_axis',(1.,0.,0.));
#7563=DIRECTION('',(0.,1.,9.02056207507939E-16));
#7564=DIRECTION('center_axis',(0.324699469204684,-8.53180314044095E-16,
0.945817241700635));
#7565=DIRECTION('ref_axis',(0.945817241700635,2.92897171770618E-16,-0.324699469204684));
#7566=DIRECTION('',(0.945817241700635,0.,-0.324699469204684));
#7567=DIRECTION('',(0.,1.,9.02056207507939E-16));
#7568=DIRECTION('',(0.,1.,9.02056207507939E-16));
#7569=DIRECTION('center_axis',(0.,1.,9.02056207507939E-16));
#7570=DIRECTION('ref_axis',(-0.945817241700636,-2.92897171770615E-16,0.32469946920468));
#7571=DIRECTION('center_axis',(0.,1.,0.));
#7572=DIRECTION('ref_axis',(-0.945817241700636,-2.92897171770615E-16,0.32469946920468));
#7573=DIRECTION('',(0.,1.,9.02056207507939E-16));
#7574=DIRECTION('center_axis',(-0.945817241700635,-2.92897171770618E-16,
0.324699469204684));
#7575=DIRECTION('ref_axis',(0.324699469204684,-8.53180314044095E-16,0.945817241700635));
#7576=DIRECTION('',(0.324699469204684,0.,0.945817241700635));
#7577=DIRECTION('',(0.,-1.,-9.02056207507939E-16));
#7578=DIRECTION('center_axis',(0.945817241700634,2.92897171770619E-16,-0.324699469204685));
#7579=DIRECTION('ref_axis',(-0.324699469204685,8.53180314044094E-16,-0.945817241700634));
#7580=DIRECTION('',(-0.324699469204685,0.,-0.945817241700634));
#7581=DIRECTION('',(0.,1.,9.02056207507939E-16));
#7582=DIRECTION('center_axis',(0.,1.,9.02056207507939E-16));
#7583=DIRECTION('ref_axis',(0.324699469204679,-8.53180314044096E-16,0.945817241700636));
#7584=DIRECTION('center_axis',(0.,1.,0.));
#7585=DIRECTION('ref_axis',(0.324699469204679,-8.53180314044096E-16,0.945817241700636));
#7586=DIRECTION('center_axis',(0.,1.,9.02056207507939E-16));
#7587=DIRECTION('ref_axis',(1.,0.,0.));
#7588=DIRECTION('center_axis',(0.,-1.,0.));
#7589=DIRECTION('ref_axis',(1.,0.,0.));
#7590=DIRECTION('',(0.,1.,9.02056207507939E-16));
#7591=DIRECTION('center_axis',(0.837166478262529,-4.93377981219369E-16,
0.546948158122427));
#7592=DIRECTION('ref_axis',(0.546948158122427,7.55171218434274E-16,-0.837166478262529));
#7593=DIRECTION('',(0.546948158122427,0.,-0.837166478262529));
#7594=DIRECTION('',(0.,1.,9.02056207507939E-16));
#7595=DIRECTION('',(0.,1.,9.02056207507939E-16));
#7596=DIRECTION('center_axis',(0.,1.,9.02056207507939E-16));
#7597=DIRECTION('ref_axis',(-0.54694815812243,-7.55171218434273E-16,0.837166478262527));
#7598=DIRECTION('center_axis',(0.,1.,0.));
#7599=DIRECTION('ref_axis',(-0.54694815812243,-7.55171218434273E-16,0.837166478262527));
#7600=DIRECTION('',(0.,1.,9.02056207507939E-16));
#7601=DIRECTION('center_axis',(-0.546948158122427,-7.55171218434274E-16,
0.837166478262529));
#7602=DIRECTION('ref_axis',(0.837166478262529,-4.93377981219369E-16,0.546948158122427));
#7603=DIRECTION('',(0.837166478262529,0.,0.546948158122427));
#7604=DIRECTION('',(0.,-1.,-9.02056207507939E-16));
#7605=DIRECTION('center_axis',(0.546948158122426,7.55171218434275E-16,-0.837166478262529));
#7606=DIRECTION('ref_axis',(-0.837166478262529,4.93377981219368E-16,-0.546948158122426));
#7607=DIRECTION('',(-0.837166478262529,0.,-0.546948158122426));
#7608=DIRECTION('',(0.,1.,9.02056207507939E-16));
#7609=DIRECTION('',(0.,1.,9.02056207507939E-16));
#7610=DIRECTION('center_axis',(0.,1.,9.02056207507939E-16));
#7611=DIRECTION('ref_axis',(0.837166478262526,-4.93377981219372E-16,0.546948158122431));
#7612=DIRECTION('center_axis',(0.,1.,0.));
#7613=DIRECTION('ref_axis',(0.837166478262526,-4.93377981219372E-16,0.546948158122431));
#7614=DIRECTION('center_axis',(0.,1.,9.02056207507939E-16));
#7615=DIRECTION('ref_axis',(1.,0.,0.));
#7616=DIRECTION('center_axis',(0.,-1.,0.));
#7617=DIRECTION('ref_axis',(1.,0.,0.));
#7618=DIRECTION('',(0.,1.,9.02056207507939E-16));
#7619=DIRECTION('center_axis',(0.99658449300667,7.449121119526E-17,-0.0825793454723323));
#7620=DIRECTION('ref_axis',(-0.0825793454723323,8.98975228222819E-16,-0.99658449300667));
#7621=DIRECTION('',(-0.0825793454723323,0.,-0.99658449300667));
#7622=DIRECTION('',(0.,1.,9.02056207507939E-16));
#7623=DIRECTION('',(0.,1.,9.02056207507939E-16));
#7624=DIRECTION('center_axis',(0.,1.,9.02056207507939E-16));
#7625=DIRECTION('ref_axis',(0.0825793454723289,-8.98975228222819E-16,0.99658449300667));
#7626=DIRECTION('center_axis',(0.,1.,0.));
#7627=DIRECTION('ref_axis',(0.0825793454723289,-8.98975228222819E-16,0.99658449300667));
#7628=DIRECTION('',(0.,1.,9.02056207507939E-16));
#7629=DIRECTION('center_axis',(0.0825793454723323,-8.98975228222819E-16,
0.99658449300667));
#7630=DIRECTION('ref_axis',(0.99658449300667,7.449121119526E-17,-0.0825793454723323));
#7631=DIRECTION('',(0.99658449300667,0.,-0.0825793454723323));
#7632=DIRECTION('',(0.,-1.,-9.02056207507939E-16));
#7633=DIRECTION('center_axis',(-0.0825793454723337,8.98975228222819E-16,
-0.99658449300667));
#7634=DIRECTION('ref_axis',(-0.99658449300667,-7.44912111952612E-17,0.0825793454723337));
#7635=DIRECTION('',(-0.99658449300667,0.,0.0825793454723337));
#7636=DIRECTION('',(0.,1.,9.02056207507939E-16));
#7637=DIRECTION('',(0.,1.,9.02056207507939E-16));
#7638=DIRECTION('center_axis',(0.,1.,9.02056207507939E-16));
#7639=DIRECTION('ref_axis',(0.99658449300667,7.44912111952561E-17,-0.0825793454723279));
#7640=DIRECTION('center_axis',(0.,1.,0.));
#7641=DIRECTION('ref_axis',(0.99658449300667,7.44912111952561E-17,-0.0825793454723279));
#7642=DIRECTION('center_axis',(0.,1.,9.02056207507939E-16));
#7643=DIRECTION('ref_axis',(1.,0.,0.));
#7644=DIRECTION('center_axis',(0.,-1.,0.));
#7645=DIRECTION('ref_axis',(1.,0.,0.));
#7646=DIRECTION('',(0.,1.,9.02056207507939E-16));
#7647=DIRECTION('center_axis',(0.99658449300667,-7.44912111952601E-17,0.0825793454723324));
#7648=DIRECTION('ref_axis',(0.0825793454723324,8.98975228222819E-16,-0.99658449300667));
#7649=DIRECTION('',(0.0825793454723324,0.,-0.99658449300667));
#7650=DIRECTION('',(0.,1.,9.02056207507939E-16));
#7651=DIRECTION('',(0.,1.,9.02056207507939E-16));
#7652=DIRECTION('center_axis',(0.,1.,9.02056207507939E-16));
#7653=DIRECTION('ref_axis',(-0.0825793454723358,-8.98975228222819E-16,0.99658449300667));
#7654=DIRECTION('center_axis',(0.,1.,0.));
#7655=DIRECTION('ref_axis',(-0.0825793454723358,-8.98975228222819E-16,0.99658449300667));
#7656=DIRECTION('',(0.,1.,9.02056207507939E-16));
#7657=DIRECTION('center_axis',(-0.0825793454723324,-8.98975228222819E-16,
0.99658449300667));
#7658=DIRECTION('ref_axis',(0.99658449300667,-7.44912111952601E-17,0.0825793454723324));
#7659=DIRECTION('',(0.99658449300667,0.,0.0825793454723324));
#7660=DIRECTION('',(0.,-1.,-9.02056207507939E-16));
#7661=DIRECTION('center_axis',(0.082579345472331,8.98975228222819E-16,-0.99658449300667));
#7662=DIRECTION('ref_axis',(-0.99658449300667,7.44912111952588E-17,-0.082579345472331));
#7663=DIRECTION('',(-0.99658449300667,0.,-0.082579345472331));
#7664=DIRECTION('',(0.,1.,9.02056207507939E-16));
#7665=DIRECTION('',(0.,1.,9.02056207507939E-16));
#7666=DIRECTION('center_axis',(0.,1.,9.02056207507939E-16));
#7667=DIRECTION('ref_axis',(0.99658449300667,-7.4491211195264E-17,0.0825793454723367));
#7668=DIRECTION('center_axis',(0.,1.,0.));
#7669=DIRECTION('ref_axis',(0.99658449300667,-7.4491211195264E-17,0.0825793454723367));
#7670=DIRECTION('center_axis',(0.,1.,9.02056207507939E-16));
#7671=DIRECTION('ref_axis',(-1.,-1.1047002471756E-31,1.22464679914735E-16));
#7672=DIRECTION('center_axis',(0.,-1.,0.));
#7673=DIRECTION('ref_axis',(1.,0.,0.));
#7674=DIRECTION('center_axis',(0.96940026593933,-2.21441707528468E-16,0.245485487140799));
#7675=DIRECTION('ref_axis',(0.245485487140799,8.7445352745042E-16,-0.96940026593933));
#7676=DIRECTION('',(0.245485487140799,0.,-0.96940026593933));
#7677=DIRECTION('',(0.,1.,9.02056207507939E-16));
#7678=DIRECTION('',(0.,1.,9.02056207507939E-16));
#7679=DIRECTION('center_axis',(0.,1.,9.02056207507939E-16));
#7680=DIRECTION('ref_axis',(-0.245485487140803,-8.74453527450419E-16,0.96940026593933));
#7681=DIRECTION('center_axis',(0.,1.,0.));
#7682=DIRECTION('ref_axis',(-0.245485487140803,-8.74453527450419E-16,0.96940026593933));
#7683=DIRECTION('',(0.,1.,9.02056207507939E-16));
#7684=DIRECTION('center_axis',(-0.245485487140799,-8.7445352745042E-16,
0.96940026593933));
#7685=DIRECTION('ref_axis',(0.96940026593933,-2.21441707528468E-16,0.245485487140799));
#7686=DIRECTION('',(0.96940026593933,0.,0.245485487140799));
#7687=DIRECTION('',(0.,-1.,-9.02056207507939E-16));
#7688=DIRECTION('center_axis',(0.245485487140798,8.7445352745042E-16,-0.969400265939331));
#7689=DIRECTION('ref_axis',(-0.969400265939331,2.21441707528467E-16,-0.245485487140798));
#7690=DIRECTION('',(-0.969400265939331,0.,-0.245485487140798));
#7691=DIRECTION('',(0.,1.,9.02056207507939E-16));
#7692=DIRECTION('',(0.,1.,9.02056207507939E-16));
#7693=DIRECTION('center_axis',(0.,1.,9.02056207507939E-16));
#7694=DIRECTION('ref_axis',(0.969400265939329,-2.21441707528472E-16,0.245485487140803));
#7695=DIRECTION('center_axis',(0.,1.,0.));
#7696=DIRECTION('ref_axis',(0.969400265939329,-2.21441707528472E-16,0.245485487140803));
#7697=DIRECTION('center_axis',(0.,1.,9.02056207507939E-16));
#7698=DIRECTION('ref_axis',(1.,0.,0.));
#7699=DIRECTION('center_axis',(0.,-1.,0.));
#7700=DIRECTION('ref_axis',(1.,0.,0.));
#7701=DIRECTION('center_axis',(0.915773326655057,-3.62351851335749E-16,
0.40169542465297));
#7702=DIRECTION('ref_axis',(0.40169542465297,8.2607901397939E-16,-0.915773326655057));
#7703=DIRECTION('',(0.40169542465297,0.,-0.915773326655057));
#7704=DIRECTION('',(0.,1.,9.02056207507939E-16));
#7705=DIRECTION('',(0.,1.,9.02056207507939E-16));
#7706=DIRECTION('center_axis',(0.,1.,9.02056207507939E-16));
#7707=DIRECTION('ref_axis',(-0.401695424652973,-8.26079013979389E-16,0.915773326655056));
#7708=DIRECTION('center_axis',(0.,1.,0.));
#7709=DIRECTION('ref_axis',(-0.401695424652973,-8.26079013979389E-16,0.915773326655056));
#7710=DIRECTION('',(0.,1.,9.02056207507939E-16));
#7711=DIRECTION('center_axis',(-0.40169542465297,-8.2607901397939E-16,0.915773326655057));
#7712=DIRECTION('ref_axis',(0.915773326655057,-3.62351851335749E-16,0.40169542465297));
#7713=DIRECTION('',(0.915773326655057,0.,0.40169542465297));
#7714=DIRECTION('',(0.,-1.,-9.02056207507939E-16));
#7715=DIRECTION('center_axis',(0.401695424652968,8.26079013979391E-16,-0.915773326655058));
#7716=DIRECTION('ref_axis',(-0.915773326655058,3.62351851335748E-16,-0.401695424652968));
#7717=DIRECTION('',(-0.915773326655058,0.,-0.401695424652968));
#7718=DIRECTION('',(0.,1.,9.02056207507939E-16));
#7719=DIRECTION('center_axis',(0.,1.,9.02056207507939E-16));
#7720=DIRECTION('ref_axis',(0.915773326655056,-3.62351851335753E-16,0.401695424652974));
#7721=DIRECTION('center_axis',(0.,1.,0.));
#7722=DIRECTION('ref_axis',(0.915773326655056,-3.62351851335753E-16,0.401695424652974));
#7723=DIRECTION('center_axis',(0.,1.,9.02056207507939E-16));
#7724=DIRECTION('ref_axis',(1.,0.,0.));
#7725=DIRECTION('center_axis',(0.,-1.,0.));
#7726=DIRECTION('ref_axis',(1.,0.,0.));
#7727=DIRECTION('center_axis',(0.614212712689668,-7.11849095096994E-16,
0.789140509396394));
#7728=DIRECTION('ref_axis',(0.789140509396394,5.54054390212005E-16,-0.614212712689668));
#7729=DIRECTION('',(0.789140509396394,0.,-0.614212712689668));
#7730=DIRECTION('',(0.,1.,9.02056207507939E-16));
#7731=DIRECTION('',(0.,1.,9.02056207507939E-16));
#7732=DIRECTION('center_axis',(0.,1.,9.02056207507939E-16));
#7733=DIRECTION('ref_axis',(-0.789140509396396,-5.54054390212003E-16,0.614212712689665));
#7734=DIRECTION('center_axis',(0.,1.,0.));
#7735=DIRECTION('ref_axis',(-0.789140509396396,-5.54054390212003E-16,0.614212712689665));
#7736=DIRECTION('',(0.,1.,9.02056207507939E-16));
#7737=DIRECTION('center_axis',(-0.789140509396394,-5.54054390212005E-16,
0.614212712689668));
#7738=DIRECTION('ref_axis',(0.614212712689668,-7.11849095096994E-16,0.789140509396394));
#7739=DIRECTION('',(0.614212712689668,0.,0.789140509396394));
#7740=DIRECTION('',(0.,-1.,-9.02056207507939E-16));
#7741=DIRECTION('center_axis',(0.789140509396393,5.54054390212006E-16,-0.614212712689669));
#7742=DIRECTION('ref_axis',(-0.614212712689669,7.11849095096993E-16,-0.789140509396393));
#7743=DIRECTION('',(-0.614212712689669,0.,-0.789140509396393));
#7744=DIRECTION('',(0.,1.,9.02056207507939E-16));
#7745=DIRECTION('',(0.,1.,9.02056207507939E-16));
#7746=DIRECTION('center_axis',(0.,1.,9.02056207507939E-16));
#7747=DIRECTION('ref_axis',(0.614212712689664,-7.11849095096997E-16,0.789140509396396));
#7748=DIRECTION('center_axis',(0.,1.,0.));
#7749=DIRECTION('ref_axis',(0.614212712689664,-7.11849095096997E-16,0.789140509396396));
#7750=DIRECTION('center_axis',(0.,1.,9.02056207507939E-16));
#7751=DIRECTION('ref_axis',(1.,0.,0.));
#7752=DIRECTION('center_axis',(0.,-1.,0.));
#7753=DIRECTION('ref_axis',(1.,0.,0.));
#7754=DIRECTION('',(0.,1.,9.02056207507939E-16));
#7755=DIRECTION('center_axis',(0.735723910673132,-6.10946045915733E-16,
0.677281571625741));
#7756=DIRECTION('ref_axis',(0.677281571625741,6.63664320634715E-16,-0.735723910673132));
#7757=DIRECTION('',(0.677281571625741,0.,-0.735723910673132));
#7758=DIRECTION('',(0.,1.,9.02056207507939E-16));
#7759=DIRECTION('',(0.,1.,9.02056207507939E-16));
#7760=DIRECTION('center_axis',(0.,1.,9.02056207507939E-16));
#7761=DIRECTION('ref_axis',(-0.677281571625744,-6.63664320634713E-16,0.735723910673129));
#7762=DIRECTION('center_axis',(0.,1.,0.));
#7763=DIRECTION('ref_axis',(-0.677281571625744,-6.63664320634713E-16,0.735723910673129));
#7764=DIRECTION('',(0.,1.,9.02056207507939E-16));
#7765=DIRECTION('center_axis',(-0.677281571625741,-6.63664320634715E-16,
0.735723910673132));
#7766=DIRECTION('ref_axis',(0.735723910673132,-6.10946045915733E-16,0.677281571625741));
#7767=DIRECTION('',(0.735723910673132,0.,0.677281571625741));
#7768=DIRECTION('',(0.,-1.,-9.02056207507939E-16));
#7769=DIRECTION('center_axis',(0.67728157162574,6.63664320634716E-16,-0.735723910673132));
#7770=DIRECTION('ref_axis',(-0.735723910673132,6.10946045915732E-16,-0.67728157162574));
#7771=DIRECTION('',(-0.735723910673132,0.,-0.67728157162574));
#7772=DIRECTION('',(0.,1.,9.02056207507939E-16));
#7773=DIRECTION('center_axis',(0.,1.,9.02056207507939E-16));
#7774=DIRECTION('ref_axis',(0.735723910673129,-6.10946045915736E-16,0.677281571625744));
#7775=DIRECTION('center_axis',(0.,1.,0.));
#7776=DIRECTION('ref_axis',(0.735723910673129,-6.10946045915736E-16,0.677281571625744));
#7777=DIRECTION('center_axis',(0.,1.,9.02056207507939E-16));
#7778=DIRECTION('ref_axis',(1.,0.,0.));
#7779=DIRECTION('center_axis',(0.,-1.,0.));
#7780=DIRECTION('ref_axis',(1.,0.,0.));
#7781=DIRECTION('center_axis',(0.475947393037074,-7.93334756616106E-16,
0.879473751206489));
#7782=DIRECTION('ref_axis',(0.879473751206489,4.29331300336313E-16,-0.475947393037074));
#7783=DIRECTION('',(0.879473751206489,0.,-0.475947393037074));
#7784=DIRECTION('',(0.,1.,9.02056207507939E-16));
#7785=DIRECTION('',(0.,1.,9.02056207507939E-16));
#7786=DIRECTION('center_axis',(0.,1.,9.02056207507939E-16));
#7787=DIRECTION('ref_axis',(-0.879473751206491,-4.2933130033631E-16,0.475947393037071));
#7788=DIRECTION('center_axis',(0.,1.,0.));
#7789=DIRECTION('ref_axis',(-0.879473751206491,-4.2933130033631E-16,0.475947393037071));
#7790=DIRECTION('',(0.,1.,9.02056207507939E-16));
#7791=DIRECTION('center_axis',(-0.879473751206489,-4.29331300336313E-16,
0.475947393037074));
#7792=DIRECTION('ref_axis',(0.475947393037074,-7.93334756616106E-16,0.879473751206489));
#7793=DIRECTION('',(0.475947393037074,0.,0.879473751206489));
#7794=DIRECTION('',(0.,-1.,-9.02056207507939E-16));
#7795=DIRECTION('center_axis',(0.879473751206489,4.29331300336314E-16,-0.475947393037075));
#7796=DIRECTION('ref_axis',(-0.475947393037075,7.93334756616106E-16,-0.879473751206488));
#7797=DIRECTION('',(-0.475947393037075,0.,-0.879473751206488));
#7798=DIRECTION('',(0.,1.,9.02056207507939E-16));
#7799=DIRECTION('center_axis',(0.,1.,9.02056207507939E-16));
#7800=DIRECTION('ref_axis',(0.47594739303707,-7.93334756616108E-16,0.879473751206491));
#7801=DIRECTION('center_axis',(0.,1.,0.));
#7802=DIRECTION('ref_axis',(0.47594739303707,-7.93334756616108E-16,0.879473751206491));
#7803=DIRECTION('center_axis',(0.,1.,9.02056207507939E-16));
#7804=DIRECTION('ref_axis',(1.,0.,0.));
#7805=DIRECTION('center_axis',(0.,-1.,0.));
#7806=DIRECTION('ref_axis',(1.,0.,0.));
#7807=DIRECTION('center_axis',(-0.324699469204684,-8.53180314044094E-16,
0.945817241700635));
#7808=DIRECTION('ref_axis',(0.945817241700635,-2.92897171770618E-16,0.324699469204684));
#7809=DIRECTION('',(0.945817241700635,0.,0.324699469204684));
#7810=DIRECTION('',(0.,1.,9.02056207507939E-16));
#7811=DIRECTION('',(0.,1.,9.02056207507939E-16));
#7812=DIRECTION('center_axis',(0.,1.,9.02056207507939E-16));
#7813=DIRECTION('ref_axis',(-0.945817241700634,2.92897171770621E-16,-0.324699469204687));
#7814=DIRECTION('center_axis',(0.,1.,0.));
#7815=DIRECTION('ref_axis',(-0.945817241700634,2.92897171770621E-16,-0.324699469204687));
#7816=DIRECTION('',(0.,1.,9.02056207507939E-16));
#7817=DIRECTION('center_axis',(-0.945817241700635,2.92897171770618E-16,
-0.324699469204684));
#7818=DIRECTION('ref_axis',(-0.324699469204684,-8.53180314044094E-16,0.945817241700635));
#7819=DIRECTION('',(-0.324699469204684,0.,0.945817241700635));
#7820=DIRECTION('',(0.,-1.,-9.02056207507939E-16));
#7821=DIRECTION('center_axis',(0.945817241700635,-2.92897171770617E-16,
0.324699469204682));
#7822=DIRECTION('ref_axis',(0.324699469204682,8.53180314044095E-16,-0.945817241700635));
#7823=DIRECTION('',(0.324699469204682,0.,-0.945817241700635));
#7824=DIRECTION('',(0.,1.,9.02056207507939E-16));
#7825=DIRECTION('',(0.,1.,9.02056207507939E-16));
#7826=DIRECTION('center_axis',(0.,1.,9.02056207507939E-16));
#7827=DIRECTION('ref_axis',(-0.324699469204688,-8.53180314044093E-16,0.945817241700633));
#7828=DIRECTION('center_axis',(0.,1.,0.));
#7829=DIRECTION('ref_axis',(-0.324699469204688,-8.53180314044093E-16,0.945817241700633));
#7830=DIRECTION('center_axis',(0.,1.,9.02056207507939E-16));
#7831=DIRECTION('ref_axis',(1.,0.,0.));
#7832=DIRECTION('center_axis',(0.,-1.,0.));
#7833=DIRECTION('ref_axis',(1.,0.,0.));
#7834=DIRECTION('',(0.,1.,9.02056207507939E-16));
#7835=DIRECTION('center_axis',(-0.475947393037074,-7.93334756616106E-16,
0.879473751206489));
#7836=DIRECTION('ref_axis',(0.879473751206489,-4.29331300336314E-16,0.475947393037074));
#7837=DIRECTION('',(0.879473751206489,0.,0.475947393037074));
#7838=DIRECTION('',(0.,1.,9.02056207507939E-16));
#7839=DIRECTION('',(0.,1.,9.02056207507939E-16));
#7840=DIRECTION('center_axis',(0.,1.,9.02056207507939E-16));
#7841=DIRECTION('ref_axis',(-0.879473751206487,4.29331300336316E-16,-0.475947393037077));
#7842=DIRECTION('center_axis',(0.,1.,0.));
#7843=DIRECTION('ref_axis',(-0.879473751206487,4.29331300336316E-16,-0.475947393037077));
#7844=DIRECTION('',(0.,1.,9.02056207507939E-16));
#7845=DIRECTION('center_axis',(-0.879473751206489,4.29331300336314E-16,
-0.475947393037074));
#7846=DIRECTION('ref_axis',(-0.475947393037074,-7.93334756616106E-16,0.879473751206489));
#7847=DIRECTION('',(-0.475947393037074,0.,0.879473751206489));
#7848=DIRECTION('',(0.,-1.,-9.02056207507939E-16));
#7849=DIRECTION('center_axis',(0.879473751206489,-4.29331300336313E-16,
0.475947393037073));
#7850=DIRECTION('ref_axis',(0.475947393037073,7.93334756616107E-16,-0.87947375120649));
#7851=DIRECTION('',(0.475947393037073,0.,-0.87947375120649));
#7852=DIRECTION('',(0.,1.,9.02056207507939E-16));
#7853=DIRECTION('',(0.,1.,9.02056207507939E-16));
#7854=DIRECTION('center_axis',(0.,1.,9.02056207507939E-16));
#7855=DIRECTION('ref_axis',(-0.475947393037078,-7.93334756616104E-16,0.879473751206487));
#7856=DIRECTION('center_axis',(0.,1.,0.));
#7857=DIRECTION('ref_axis',(-0.475947393037078,-7.93334756616104E-16,0.879473751206487));
#7858=DIRECTION('center_axis',(0.,1.,9.02056207507939E-16));
#7859=DIRECTION('ref_axis',(1.,0.,0.));
#7860=DIRECTION('center_axis',(0.,-1.,0.));
#7861=DIRECTION('ref_axis',(1.,0.,0.));
#7862=DIRECTION('center_axis',(-0.164594590280735,-8.89753336580047E-16,
0.986361303402722));
#7863=DIRECTION('ref_axis',(0.986361303402722,-1.48473571884963E-16,0.164594590280735));
#7864=DIRECTION('',(0.986361303402722,0.,0.164594590280735));
#7865=DIRECTION('',(0.,1.,9.02056207507939E-16));
#7866=DIRECTION('',(0.,1.,9.02056207507939E-16));
#7867=DIRECTION('center_axis',(0.,1.,9.02056207507939E-16));
#7868=DIRECTION('ref_axis',(-0.986361303402722,1.48473571884966E-16,-0.164594590280738));
#7869=DIRECTION('center_axis',(0.,1.,0.));
#7870=DIRECTION('ref_axis',(-0.986361303402722,1.48473571884966E-16,-0.164594590280738));
#7871=DIRECTION('',(0.,1.,9.02056207507939E-16));
#7872=DIRECTION('center_axis',(-0.986361303402722,1.48473571884963E-16,
-0.164594590280735));
#7873=DIRECTION('ref_axis',(-0.164594590280735,-8.89753336580047E-16,0.986361303402722));
#7874=DIRECTION('',(-0.164594590280735,0.,0.986361303402722));
#7875=DIRECTION('',(0.,-1.,-9.02056207507939E-16));
#7876=DIRECTION('center_axis',(0.986361303402723,-1.48473571884961E-16,
0.164594590280733));
#7877=DIRECTION('ref_axis',(0.164594590280733,8.89753336580048E-16,-0.986361303402722));
#7878=DIRECTION('',(0.164594590280733,0.,-0.986361303402722));
#7879=DIRECTION('',(0.,1.,9.02056207507939E-16));
#7880=DIRECTION('center_axis',(0.,1.,9.02056207507939E-16));
#7881=DIRECTION('ref_axis',(-0.164594590280739,-8.89753336580047E-16,0.986361303402722));
#7882=DIRECTION('center_axis',(0.,1.,0.));
#7883=DIRECTION('ref_axis',(-0.164594590280739,-8.89753336580047E-16,0.986361303402722));
#7884=DIRECTION('center_axis',(0.,1.,9.02056207507939E-16));
#7885=DIRECTION('ref_axis',(1.,0.,0.));
#7886=DIRECTION('center_axis',(0.,-1.,0.));
#7887=DIRECTION('ref_axis',(1.,0.,0.));
#7888=DIRECTION('',(0.,1.,9.02056207507939E-16));
#7889=DIRECTION('center_axis',(-0.324699469204683,8.53180314044095E-16,
-0.945817241700635));
#7890=DIRECTION('ref_axis',(-0.945817241700635,-2.92897171770618E-16,0.324699469204683));
#7891=DIRECTION('',(-0.945817241700635,0.,0.324699469204683));
#7892=DIRECTION('',(0.,1.,9.02056207507939E-16));
#7893=DIRECTION('',(0.,1.,9.02056207507939E-16));
#7894=DIRECTION('center_axis',(0.,1.,9.02056207507939E-16));
#7895=DIRECTION('ref_axis',(0.945817241700636,2.92897171770615E-16,-0.32469946920468));
#7896=DIRECTION('center_axis',(0.,1.,0.));
#7897=DIRECTION('ref_axis',(0.945817241700636,2.92897171770615E-16,-0.32469946920468));
#7898=DIRECTION('',(0.,1.,9.02056207507939E-16));
#7899=DIRECTION('center_axis',(0.945817241700635,2.92897171770618E-16,-0.324699469204683));
#7900=DIRECTION('ref_axis',(-0.324699469204683,8.53180314044095E-16,-0.945817241700635));
#7901=DIRECTION('',(-0.324699469204683,0.,-0.945817241700635));
#7902=DIRECTION('',(0.,-1.,-9.02056207507939E-16));
#7903=DIRECTION('center_axis',(-0.945817241700634,-2.92897171770619E-16,
0.324699469204685));
#7904=DIRECTION('ref_axis',(0.324699469204685,-8.53180314044094E-16,0.945817241700634));
#7905=DIRECTION('',(0.324699469204685,0.,0.945817241700634));
#7906=DIRECTION('',(0.,1.,9.02056207507939E-16));
#7907=DIRECTION('',(0.,1.,9.02056207507939E-16));
#7908=DIRECTION('center_axis',(0.,1.,9.02056207507939E-16));
#7909=DIRECTION('ref_axis',(-0.324699469204679,8.53180314044096E-16,-0.945817241700636));
#7910=DIRECTION('center_axis',(0.,1.,0.));
#7911=DIRECTION('ref_axis',(-0.324699469204679,8.53180314044096E-16,-0.945817241700636));
#7912=DIRECTION('center_axis',(0.,1.,9.02056207507939E-16));
#7913=DIRECTION('ref_axis',(1.,0.,0.));
#7914=DIRECTION('center_axis',(0.,-1.,0.));
#7915=DIRECTION('ref_axis',(1.,0.,0.));
#7916=DIRECTION('',(0.,1.,9.02056207507939E-16));
#7917=DIRECTION('center_axis',(-0.475947393037073,7.93334756616106E-16,
-0.879473751206489));
#7918=DIRECTION('ref_axis',(-0.879473751206489,-4.29331300336313E-16,0.475947393037074));
#7919=DIRECTION('',(-0.879473751206489,0.,0.475947393037074));
#7920=DIRECTION('',(0.,1.,9.02056207507939E-16));
#7921=DIRECTION('',(0.,1.,9.02056207507939E-16));
#7922=DIRECTION('center_axis',(0.,1.,9.02056207507939E-16));
#7923=DIRECTION('ref_axis',(0.879473751206491,4.2933130033631E-16,-0.47594739303707));
#7924=DIRECTION('center_axis',(0.,1.,0.));
#7925=DIRECTION('ref_axis',(0.879473751206491,4.2933130033631E-16,-0.47594739303707));
#7926=DIRECTION('',(0.,1.,9.02056207507939E-16));
#7927=DIRECTION('center_axis',(0.879473751206489,4.29331300336313E-16,-0.475947393037073));
#7928=DIRECTION('ref_axis',(-0.475947393037074,7.93334756616106E-16,-0.879473751206489));
#7929=DIRECTION('',(-0.475947393037074,0.,-0.879473751206489));
#7930=DIRECTION('',(0.,-1.,-9.02056207507939E-16));
#7931=DIRECTION('center_axis',(-0.879473751206489,-4.29331300336314E-16,
0.475947393037075));
#7932=DIRECTION('ref_axis',(0.475947393037075,-7.93334756616106E-16,0.879473751206488));
#7933=DIRECTION('',(0.475947393037075,0.,0.879473751206488));
#7934=DIRECTION('',(0.,1.,9.02056207507939E-16));
#7935=DIRECTION('center_axis',(0.,1.,9.02056207507939E-16));
#7936=DIRECTION('ref_axis',(-0.47594739303707,7.93334756616108E-16,-0.879473751206491));
#7937=DIRECTION('center_axis',(0.,1.,0.));
#7938=DIRECTION('ref_axis',(-0.47594739303707,7.93334756616108E-16,-0.879473751206491));
#7939=DIRECTION('center_axis',(0.,1.,9.02056207507939E-16));
#7940=DIRECTION('ref_axis',(1.,0.,0.));
#7941=DIRECTION('center_axis',(0.,-1.,0.));
#7942=DIRECTION('ref_axis',(1.,0.,0.));
#7943=DIRECTION('',(0.,1.,9.02056207507939E-16));
#7944=DIRECTION('center_axis',(-0.735723910673131,6.10946045915733E-16,
-0.677281571625742));
#7945=DIRECTION('ref_axis',(-0.677281571625741,-6.63664320634715E-16,0.735723910673131));
#7946=DIRECTION('',(-0.677281571625741,0.,0.735723910673131));
#7947=DIRECTION('',(0.,1.,9.02056207507939E-16));
#7948=DIRECTION('',(0.,1.,9.02056207507939E-16));
#7949=DIRECTION('center_axis',(0.,1.,9.02056207507939E-16));
#7950=DIRECTION('ref_axis',(0.677281571625744,6.63664320634712E-16,-0.735723910673129));
#7951=DIRECTION('center_axis',(0.,1.,0.));
#7952=DIRECTION('ref_axis',(0.677281571625744,6.63664320634712E-16,-0.735723910673129));
#7953=DIRECTION('',(0.,1.,9.02056207507939E-16));
#7954=DIRECTION('center_axis',(0.677281571625742,6.63664320634715E-16,-0.735723910673131));
#7955=DIRECTION('ref_axis',(-0.735723910673131,6.10946045915733E-16,-0.677281571625741));
#7956=DIRECTION('',(-0.735723910673131,0.,-0.677281571625741));
#7957=DIRECTION('',(0.,-1.,-9.02056207507939E-16));
#7958=DIRECTION('center_axis',(-0.677281571625741,-6.63664320634716E-16,
0.735723910673132));
#7959=DIRECTION('ref_axis',(0.735723910673132,-6.10946045915732E-16,0.677281571625741));
#7960=DIRECTION('',(0.735723910673132,0.,0.677281571625741));
#7961=DIRECTION('',(0.,1.,9.02056207507939E-16));
#7962=DIRECTION('',(0.,1.,9.02056207507939E-16));
#7963=DIRECTION('center_axis',(0.,1.,9.02056207507939E-16));
#7964=DIRECTION('ref_axis',(-0.735723910673128,6.10946045915736E-16,-0.677281571625745));
#7965=DIRECTION('center_axis',(0.,1.,0.));
#7966=DIRECTION('ref_axis',(-0.735723910673128,6.10946045915736E-16,-0.677281571625745));
#7967=DIRECTION('center_axis',(0.,1.,9.02056207507939E-16));
#7968=DIRECTION('ref_axis',(1.,0.,0.));
#7969=DIRECTION('center_axis',(0.,-1.,0.));
#7970=DIRECTION('ref_axis',(1.,0.,0.));
#7971=DIRECTION('',(0.,1.,9.02056207507939E-16));
#7972=DIRECTION('center_axis',(-0.164594590280734,8.89753336580048E-16,
-0.986361303402722));
#7973=DIRECTION('ref_axis',(-0.986361303402722,-1.48473571884962E-16,0.164594590280734));
#7974=DIRECTION('',(-0.986361303402722,0.,0.164594590280734));
#7975=DIRECTION('',(0.,1.,9.02056207507939E-16));
#7976=DIRECTION('',(0.,1.,9.02056207507939E-16));
#7977=DIRECTION('center_axis',(0.,1.,9.02056207507939E-16));
#7978=DIRECTION('ref_axis',(0.986361303402723,1.48473571884959E-16,-0.16459459028073));
#7979=DIRECTION('center_axis',(0.,1.,0.));
#7980=DIRECTION('ref_axis',(0.986361303402723,1.48473571884959E-16,-0.16459459028073));
#7981=DIRECTION('',(0.,1.,9.02056207507939E-16));
#7982=DIRECTION('center_axis',(0.986361303402722,1.48473571884962E-16,-0.164594590280734));
#7983=DIRECTION('ref_axis',(-0.164594590280734,8.89753336580048E-16,-0.986361303402722));
#7984=DIRECTION('',(-0.164594590280734,0.,-0.986361303402722));
#7985=DIRECTION('',(0.,-1.,-9.02056207507939E-16));
#7986=DIRECTION('center_axis',(-0.986361303402722,-1.48473571884963E-16,
0.164594590280735));
#7987=DIRECTION('ref_axis',(0.164594590280735,-8.89753336580047E-16,0.986361303402722));
#7988=DIRECTION('',(0.164594590280735,0.,0.986361303402722));
#7989=DIRECTION('',(0.,1.,9.02056207507939E-16));
#7990=DIRECTION('',(0.,1.,9.02056207507939E-16));
#7991=DIRECTION('center_axis',(0.,1.,9.02056207507939E-16));
#7992=DIRECTION('ref_axis',(-0.164594590280729,8.89753336580048E-16,-0.986361303402723));
#7993=DIRECTION('center_axis',(0.,1.,0.));
#7994=DIRECTION('ref_axis',(-0.164594590280729,8.89753336580048E-16,-0.986361303402723));
#7995=DIRECTION('center_axis',(0.,1.,9.02056207507939E-16));
#7996=DIRECTION('ref_axis',(1.,0.,0.));
#7997=DIRECTION('center_axis',(0.,-1.,0.));
#7998=DIRECTION('ref_axis',(1.,0.,0.));
#7999=DIRECTION('center_axis',(1.22464679914735E-16,9.02056207507939E-16,
-1.));
#8000=DIRECTION('ref_axis',(-1.,1.1047002471756E-31,-1.22464679914735E-16));
#8001=DIRECTION('',(-1.,0.,-1.22464679914735E-16));
#8002=DIRECTION('',(0.,1.,9.02056207507939E-16));
#8003=DIRECTION('',(0.,1.,9.02056207507939E-16));
#8004=DIRECTION('center_axis',(0.,1.,9.02056207507939E-16));
#8005=DIRECTION('ref_axis',(1.,-3.19195793573715E-30,3.53853552491523E-15));
#8006=DIRECTION('center_axis',(0.,1.,0.));
#8007=DIRECTION('ref_axis',(1.,-3.19195793573715E-30,3.53853552491523E-15));
#8008=DIRECTION('',(0.,1.,9.02056207507939E-16));
#8009=DIRECTION('center_axis',(1.,-1.1047002471756E-31,1.22464679914735E-16));
#8010=DIRECTION('ref_axis',(1.22464679914735E-16,9.02056207507939E-16,-1.));
#8011=DIRECTION('',(1.22464679914735E-16,0.,-1.));
#8012=DIRECTION('',(0.,-1.,-9.02056207507939E-16));
#8013=DIRECTION('center_axis',(-1.,-1.14138443913414E-30,1.26531410086671E-15));
#8014=DIRECTION('ref_axis',(1.26531410086671E-15,-9.02056207507939E-16,
1.));
#8015=DIRECTION('',(1.26531410086671E-15,0.,1.));
#8016=DIRECTION('',(0.,1.,9.02056207507939E-16));
#8017=DIRECTION('',(0.,1.,9.02056207507939E-16));
#8018=DIRECTION('center_axis',(0.,1.,9.02056207507939E-16));
#8019=DIRECTION('ref_axis',(4.47261739659505E-15,9.02056207507939E-16,-1.));
#8020=DIRECTION('center_axis',(0.,1.,0.));
#8021=DIRECTION('ref_axis',(4.47261739659505E-15,9.02056207507939E-16,-1.));
#8022=DIRECTION('center_axis',(0.,1.,9.02056207507939E-16));
#8023=DIRECTION('ref_axis',(1.,0.,0.));
#8024=DIRECTION('center_axis',(0.,-1.,0.));
#8025=DIRECTION('ref_axis',(1.,0.,0.));
#8026=DIRECTION('center_axis',(-0.614212712689668,7.11849095096994E-16,
-0.789140509396394));
#8027=DIRECTION('ref_axis',(-0.789140509396394,-5.54054390212005E-16,0.614212712689668));
#8028=DIRECTION('',(-0.789140509396394,0.,0.614212712689668));
#8029=DIRECTION('',(0.,1.,9.02056207507939E-16));
#8030=DIRECTION('',(0.,1.,9.02056207507939E-16));
#8031=DIRECTION('center_axis',(0.,1.,9.02056207507939E-16));
#8032=DIRECTION('ref_axis',(0.789140509396396,5.54054390212003E-16,-0.614212712689665));
#8033=DIRECTION('center_axis',(0.,1.,0.));
#8034=DIRECTION('ref_axis',(0.789140509396396,5.54054390212003E-16,-0.614212712689665));
#8035=DIRECTION('',(0.,1.,9.02056207507939E-16));
#8036=DIRECTION('center_axis',(0.789140509396394,5.54054390212005E-16,-0.614212712689668));
#8037=DIRECTION('ref_axis',(-0.614212712689668,7.11849095096994E-16,-0.789140509396394));
#8038=DIRECTION('',(-0.614212712689668,0.,-0.789140509396394));
#8039=DIRECTION('',(0.,-1.,-9.02056207507939E-16));
#8040=DIRECTION('center_axis',(-0.789140509396393,-5.54054390212006E-16,
0.614212712689669));
#8041=DIRECTION('ref_axis',(0.614212712689669,-7.11849095096993E-16,0.789140509396393));
#8042=DIRECTION('',(0.614212712689669,0.,0.789140509396393));
#8043=DIRECTION('',(0.,1.,9.02056207507939E-16));
#8044=DIRECTION('center_axis',(0.,1.,9.02056207507939E-16));
#8045=DIRECTION('ref_axis',(-0.614212712689664,7.11849095096997E-16,-0.789140509396396));
#8046=DIRECTION('center_axis',(0.,1.,0.));
#8047=DIRECTION('ref_axis',(-0.614212712689664,7.11849095096997E-16,-0.789140509396396));
#8048=DIRECTION('center_axis',(0.,1.,9.02056207507939E-16));
#8049=DIRECTION('ref_axis',(1.,0.,0.));
#8050=DIRECTION('center_axis',(0.,-1.,0.));
#8051=DIRECTION('ref_axis',(1.,0.,0.));
#8052=DIRECTION('center_axis',(-0.837166478262529,4.93377981219369E-16,
-0.546948158122427));
#8053=DIRECTION('ref_axis',(-0.546948158122427,-7.55171218434274E-16,0.837166478262529));
#8054=DIRECTION('',(-0.546948158122427,0.,0.837166478262529));
#8055=DIRECTION('',(0.,1.,9.02056207507939E-16));
#8056=DIRECTION('',(0.,1.,9.02056207507939E-16));
#8057=DIRECTION('center_axis',(0.,1.,9.02056207507939E-16));
#8058=DIRECTION('ref_axis',(0.54694815812243,7.55171218434273E-16,-0.837166478262527));
#8059=DIRECTION('center_axis',(0.,1.,0.));
#8060=DIRECTION('ref_axis',(0.54694815812243,7.55171218434273E-16,-0.837166478262527));
#8061=DIRECTION('',(0.,1.,9.02056207507939E-16));
#8062=DIRECTION('center_axis',(0.546948158122427,7.55171218434274E-16,-0.837166478262529));
#8063=DIRECTION('ref_axis',(-0.837166478262529,4.93377981219369E-16,-0.546948158122427));
#8064=DIRECTION('',(-0.837166478262529,0.,-0.546948158122427));
#8065=DIRECTION('',(0.,-1.,-9.02056207507939E-16));
#8066=DIRECTION('center_axis',(-0.546948158122426,-7.55171218434275E-16,
0.837166478262529));
#8067=DIRECTION('ref_axis',(0.837166478262529,-4.93377981219368E-16,0.546948158122426));
#8068=DIRECTION('',(0.837166478262529,0.,0.546948158122426));
#8069=DIRECTION('',(0.,1.,9.02056207507939E-16));
#8070=DIRECTION('center_axis',(0.,1.,9.02056207507939E-16));
#8071=DIRECTION('ref_axis',(-0.837166478262526,4.93377981219372E-16,-0.546948158122431));
#8072=DIRECTION('center_axis',(0.,1.,0.));
#8073=DIRECTION('ref_axis',(-0.837166478262526,4.93377981219372E-16,-0.546948158122431));
#8074=DIRECTION('center_axis',(0.,1.,9.02056207507939E-16));
#8075=DIRECTION('ref_axis',(1.,0.,0.));
#8076=DIRECTION('center_axis',(0.,-1.,0.));
#8077=DIRECTION('ref_axis',(1.,0.,0.));
#8078=DIRECTION('',(0.,1.,9.02056207507939E-16));
#8079=DIRECTION('center_axis',(-0.915773326655057,3.62351851335749E-16,
-0.40169542465297));
#8080=DIRECTION('ref_axis',(-0.40169542465297,-8.2607901397939E-16,0.915773326655057));
#8081=DIRECTION('',(-0.40169542465297,0.,0.915773326655057));
#8082=DIRECTION('',(0.,1.,9.02056207507939E-16));
#8083=DIRECTION('',(0.,1.,9.02056207507939E-16));
#8084=DIRECTION('center_axis',(0.,1.,9.02056207507939E-16));
#8085=DIRECTION('ref_axis',(0.401695424652973,8.26079013979389E-16,-0.915773326655056));
#8086=DIRECTION('center_axis',(0.,1.,0.));
#8087=DIRECTION('ref_axis',(0.401695424652973,8.26079013979389E-16,-0.915773326655056));
#8088=DIRECTION('',(0.,1.,9.02056207507939E-16));
#8089=DIRECTION('center_axis',(0.40169542465297,8.2607901397939E-16,-0.915773326655057));
#8090=DIRECTION('ref_axis',(-0.915773326655057,3.62351851335749E-16,-0.40169542465297));
#8091=DIRECTION('',(-0.915773326655057,0.,-0.40169542465297));
#8092=DIRECTION('',(0.,-1.,-9.02056207507939E-16));
#8093=DIRECTION('center_axis',(-0.401695424652969,-8.26079013979391E-16,
0.915773326655058));
#8094=DIRECTION('ref_axis',(0.915773326655058,-3.62351851335748E-16,0.401695424652968));
#8095=DIRECTION('',(0.915773326655058,0.,0.401695424652968));
#8096=DIRECTION('',(0.,1.,9.02056207507939E-16));
#8097=DIRECTION('center_axis',(0.,1.,9.02056207507939E-16));
#8098=DIRECTION('ref_axis',(-0.915773326655056,3.62351851335753E-16,-0.401695424652974));
#8099=DIRECTION('center_axis',(0.,1.,0.));
#8100=DIRECTION('ref_axis',(-0.915773326655056,3.62351851335753E-16,-0.401695424652974));
#8101=DIRECTION('center_axis',(0.,1.,9.02056207507939E-16));
#8102=DIRECTION('ref_axis',(1.,0.,0.));
#8103=DIRECTION('center_axis',(0.,-1.,0.));
#8104=DIRECTION('ref_axis',(1.,0.,0.));
#8105=DIRECTION('',(0.,1.,9.02056207507939E-16));
#8106=DIRECTION('center_axis',(-0.837166478262529,-4.93377981219369E-16,
0.546948158122427));
#8107=DIRECTION('ref_axis',(0.546948158122427,-7.55171218434274E-16,0.837166478262529));
#8108=DIRECTION('',(0.546948158122427,0.,0.837166478262529));
#8109=DIRECTION('',(0.,1.,9.02056207507939E-16));
#8110=DIRECTION('',(0.,1.,9.02056207507939E-16));
#8111=DIRECTION('center_axis',(0.,1.,9.02056207507939E-16));
#8112=DIRECTION('ref_axis',(-0.546948158122424,7.55171218434276E-16,-0.837166478262531));
#8113=DIRECTION('center_axis',(0.,1.,0.));
#8114=DIRECTION('ref_axis',(-0.546948158122424,7.55171218434276E-16,-0.837166478262531));
#8115=DIRECTION('',(0.,1.,9.02056207507939E-16));
#8116=DIRECTION('center_axis',(-0.546948158122427,7.55171218434274E-16,
-0.837166478262529));
#8117=DIRECTION('ref_axis',(-0.837166478262529,-4.93377981219369E-16,0.546948158122427));
#8118=DIRECTION('',(-0.837166478262529,0.,0.546948158122427));
#8119=DIRECTION('',(0.,-1.,-9.02056207507939E-16));
#8120=DIRECTION('center_axis',(0.546948158122428,-7.55171218434274E-16,
0.837166478262528));
#8121=DIRECTION('ref_axis',(0.837166478262528,4.9337798121937E-16,-0.546948158122428));
#8122=DIRECTION('',(0.837166478262528,0.,-0.546948158122428));
#8123=DIRECTION('',(0.,1.,9.02056207507939E-16));
#8124=DIRECTION('',(0.,1.,9.02056207507939E-16));
#8125=DIRECTION('center_axis',(0.,1.,9.02056207507939E-16));
#8126=DIRECTION('ref_axis',(-0.837166478262531,-4.93377981219366E-16,0.546948158122423));
#8127=DIRECTION('center_axis',(0.,1.,0.));
#8128=DIRECTION('ref_axis',(-0.837166478262531,-4.93377981219366E-16,0.546948158122423));
#8129=DIRECTION('center_axis',(0.,1.,9.02056207507939E-16));
#8130=DIRECTION('ref_axis',(1.,0.,0.));
#8131=DIRECTION('center_axis',(0.,-1.,0.));
#8132=DIRECTION('ref_axis',(1.,0.,0.));
#8133=DIRECTION('',(0.,1.,9.02056207507939E-16));
#8134=DIRECTION('center_axis',(-0.915773326655057,-3.62351851335749E-16,
0.40169542465297));
#8135=DIRECTION('ref_axis',(0.40169542465297,-8.2607901397939E-16,0.915773326655057));
#8136=DIRECTION('',(0.40169542465297,0.,0.915773326655057));
#8137=DIRECTION('',(0.,1.,9.02056207507939E-16));
#8138=DIRECTION('',(0.,1.,9.02056207507939E-16));
#8139=DIRECTION('center_axis',(0.,1.,9.02056207507939E-16));
#8140=DIRECTION('ref_axis',(-0.401695424652966,8.26079013979392E-16,-0.915773326655059));
#8141=DIRECTION('center_axis',(0.,1.,0.));
#8142=DIRECTION('ref_axis',(-0.401695424652966,8.26079013979392E-16,-0.915773326655059));
#8143=DIRECTION('',(0.,1.,9.02056207507939E-16));
#8144=DIRECTION('center_axis',(-0.40169542465297,8.2607901397939E-16,-0.915773326655057));
#8145=DIRECTION('ref_axis',(-0.915773326655057,-3.62351851335749E-16,0.40169542465297));
#8146=DIRECTION('',(-0.915773326655057,0.,0.40169542465297));
#8147=DIRECTION('',(0.,-1.,-9.02056207507939E-16));
#8148=DIRECTION('center_axis',(0.401695424652971,-8.2607901397939E-16,0.915773326655057));
#8149=DIRECTION('ref_axis',(0.915773326655057,3.6235185133575E-16,-0.401695424652971));
#8150=DIRECTION('',(0.915773326655057,0.,-0.401695424652971));
#8151=DIRECTION('',(0.,1.,9.02056207507939E-16));
#8152=DIRECTION('',(0.,1.,9.02056207507939E-16));
#8153=DIRECTION('center_axis',(0.,1.,9.02056207507939E-16));
#8154=DIRECTION('ref_axis',(-0.915773326655059,-3.62351851335745E-16,0.401695424652966));
#8155=DIRECTION('center_axis',(0.,1.,0.));
#8156=DIRECTION('ref_axis',(-0.915773326655059,-3.62351851335745E-16,0.401695424652966));
#8157=DIRECTION('center_axis',(0.,1.,9.02056207507939E-16));
#8158=DIRECTION('ref_axis',(1.,0.,0.));
#8159=DIRECTION('center_axis',(0.,-1.,0.));
#8160=DIRECTION('ref_axis',(1.,0.,0.));
#8161=DIRECTION('center_axis',(-0.96940026593933,2.21441707528468E-16,-0.245485487140799));
#8162=DIRECTION('ref_axis',(-0.245485487140799,-8.7445352745042E-16,0.96940026593933));
#8163=DIRECTION('',(-0.245485487140799,0.,0.96940026593933));
#8164=DIRECTION('',(0.,1.,9.02056207507939E-16));
#8165=DIRECTION('',(0.,1.,9.02056207507939E-16));
#8166=DIRECTION('center_axis',(0.,1.,9.02056207507939E-16));
#8167=DIRECTION('ref_axis',(0.245485487140802,8.74453527450419E-16,-0.96940026593933));
#8168=DIRECTION('center_axis',(0.,1.,0.));
#8169=DIRECTION('ref_axis',(0.245485487140802,8.74453527450419E-16,-0.96940026593933));
#8170=DIRECTION('',(0.,1.,9.02056207507939E-16));
#8171=DIRECTION('center_axis',(0.245485487140799,8.7445352745042E-16,-0.96940026593933));
#8172=DIRECTION('ref_axis',(-0.96940026593933,2.21441707528468E-16,-0.245485487140799));
#8173=DIRECTION('',(-0.96940026593933,0.,-0.245485487140799));
#8174=DIRECTION('',(0.,-1.,-9.02056207507939E-16));
#8175=DIRECTION('center_axis',(-0.245485487140798,-8.74453527450421E-16,
0.969400265939331));
#8176=DIRECTION('ref_axis',(0.969400265939331,-2.21441707528467E-16,0.245485487140798));
#8177=DIRECTION('',(0.969400265939331,0.,0.245485487140798));
#8178=DIRECTION('',(0.,1.,9.02056207507939E-16));
#8179=DIRECTION('center_axis',(0.,1.,9.02056207507939E-16));
#8180=DIRECTION('ref_axis',(-0.969400265939329,2.21441707528472E-16,-0.245485487140803));
#8181=DIRECTION('center_axis',(0.,1.,0.));
#8182=DIRECTION('ref_axis',(-0.969400265939329,2.21441707528472E-16,-0.245485487140803));
#8183=DIRECTION('center_axis',(0.,1.,9.02056207507939E-16));
#8184=DIRECTION('ref_axis',(1.,0.,0.));
#8185=DIRECTION('center_axis',(0.,-1.,0.));
#8186=DIRECTION('ref_axis',(1.,0.,0.));
#8187=DIRECTION('',(0.,1.,9.02056207507939E-16));
#8188=DIRECTION('center_axis',(-0.96940026593933,-2.21441707528468E-16,
0.245485487140799));
#8189=DIRECTION('ref_axis',(0.245485487140799,-8.7445352745042E-16,0.969400265939331));
#8190=DIRECTION('',(0.245485487140799,0.,0.969400265939331));
#8191=DIRECTION('',(0.,1.,9.02056207507939E-16));
#8192=DIRECTION('',(0.,1.,9.02056207507939E-16));
#8193=DIRECTION('center_axis',(0.,1.,9.02056207507939E-16));
#8194=DIRECTION('ref_axis',(-0.245485487140795,8.74453527450421E-16,-0.969400265939331));
#8195=DIRECTION('center_axis',(0.,1.,0.));
#8196=DIRECTION('ref_axis',(-0.245485487140795,8.74453527450421E-16,-0.969400265939331));
#8197=DIRECTION('',(0.,1.,9.02056207507939E-16));
#8198=DIRECTION('center_axis',(-0.245485487140799,8.7445352745042E-16,-0.96940026593933));
#8199=DIRECTION('ref_axis',(-0.969400265939331,-2.21441707528468E-16,0.245485487140799));
#8200=DIRECTION('',(-0.969400265939331,0.,0.245485487140799));
#8201=DIRECTION('',(0.,-1.,-9.02056207507939E-16));
#8202=DIRECTION('center_axis',(0.2454854871408,-8.7445352745042E-16,0.96940026593933));
#8203=DIRECTION('ref_axis',(0.96940026593933,2.21441707528469E-16,-0.2454854871408));
#8204=DIRECTION('',(0.96940026593933,0.,-0.2454854871408));
#8205=DIRECTION('',(0.,1.,9.02056207507939E-16));
#8206=DIRECTION('',(0.,1.,9.02056207507939E-16));
#8207=DIRECTION('center_axis',(0.,1.,9.02056207507939E-16));
#8208=DIRECTION('ref_axis',(-0.969400265939331,-2.21441707528464E-16,0.245485487140795));
#8209=DIRECTION('center_axis',(0.,1.,0.));
#8210=DIRECTION('ref_axis',(-0.969400265939331,-2.21441707528464E-16,0.245485487140795));
#8211=DIRECTION('center_axis',(0.,1.,9.02056207507939E-16));
#8212=DIRECTION('ref_axis',(1.,0.,0.));
#8213=DIRECTION('center_axis',(0.,-1.,0.));
#8214=DIRECTION('ref_axis',(1.,0.,0.));
#8215=DIRECTION('center_axis',(-0.614212712689668,-7.11849095096994E-16,
0.789140509396393));
#8216=DIRECTION('ref_axis',(0.789140509396393,-5.54054390212006E-16,0.614212712689668));
#8217=DIRECTION('',(0.789140509396393,0.,0.614212712689668));
#8218=DIRECTION('',(0.,1.,9.02056207507939E-16));
#8219=DIRECTION('',(0.,1.,9.02056207507939E-16));
#8220=DIRECTION('center_axis',(0.,1.,9.02056207507939E-16));
#8221=DIRECTION('ref_axis',(-0.789140509396391,5.54054390212008E-16,-0.614212712689671));
#8222=DIRECTION('center_axis',(0.,1.,0.));
#8223=DIRECTION('ref_axis',(-0.789140509396391,5.54054390212008E-16,-0.614212712689671));
#8224=DIRECTION('',(0.,1.,9.02056207507939E-16));
#8225=DIRECTION('center_axis',(-0.789140509396393,5.54054390212006E-16,
-0.614212712689668));
#8226=DIRECTION('ref_axis',(-0.614212712689668,-7.11849095096994E-16,0.789140509396393));
#8227=DIRECTION('',(-0.614212712689668,0.,0.789140509396393));
#8228=DIRECTION('',(0.,-1.,-9.02056207507939E-16));
#8229=DIRECTION('center_axis',(0.789140509396394,-5.54054390212005E-16,
0.614212712689667));
#8230=DIRECTION('ref_axis',(0.614212712689667,7.11849095096995E-16,-0.789140509396394));
#8231=DIRECTION('',(0.614212712689667,0.,-0.789140509396394));
#8232=DIRECTION('',(0.,1.,9.02056207507939E-16));
#8233=DIRECTION('',(0.,1.,9.02056207507939E-16));
#8234=DIRECTION('center_axis',(0.,1.,9.02056207507939E-16));
#8235=DIRECTION('ref_axis',(-0.614212712689671,-7.11849095096992E-16,0.789140509396391));
#8236=DIRECTION('center_axis',(0.,1.,0.));
#8237=DIRECTION('ref_axis',(-0.614212712689671,-7.11849095096992E-16,0.789140509396391));
#8238=DIRECTION('center_axis',(0.,1.,9.02056207507939E-16));
#8239=DIRECTION('ref_axis',(1.,0.,0.));
#8240=DIRECTION('center_axis',(0.,-1.,0.));
#8241=DIRECTION('ref_axis',(1.,0.,0.));
#8242=DIRECTION('center_axis',(-0.735723910673132,-6.10946045915732E-16,
0.677281571625741));
#8243=DIRECTION('ref_axis',(0.677281571625741,-6.63664320634715E-16,0.735723910673132));
#8244=DIRECTION('',(0.677281571625741,0.,0.735723910673132));
#8245=DIRECTION('',(0.,1.,9.02056207507939E-16));
#8246=DIRECTION('',(0.,1.,9.02056207507939E-16));
#8247=DIRECTION('center_axis',(0.,1.,9.02056207507939E-16));
#8248=DIRECTION('ref_axis',(-0.677281571625738,6.63664320634718E-16,-0.735723910673134));
#8249=DIRECTION('center_axis',(0.,1.,0.));
#8250=DIRECTION('ref_axis',(-0.677281571625738,6.63664320634718E-16,-0.735723910673134));
#8251=DIRECTION('',(0.,1.,9.02056207507939E-16));
#8252=DIRECTION('center_axis',(-0.677281571625741,6.63664320634715E-16,
-0.735723910673132));
#8253=DIRECTION('ref_axis',(-0.735723910673132,-6.10946045915732E-16,0.677281571625741));
#8254=DIRECTION('',(-0.735723910673132,0.,0.677281571625741));
#8255=DIRECTION('',(0.,-1.,-9.02056207507939E-16));
#8256=DIRECTION('center_axis',(0.677281571625742,-6.63664320634715E-16,
0.735723910673131));
#8257=DIRECTION('ref_axis',(0.735723910673131,6.10946045915733E-16,-0.677281571625742));
#8258=DIRECTION('',(0.735723910673131,0.,-0.677281571625742));
#8259=DIRECTION('',(0.,1.,9.02056207507939E-16));
#8260=DIRECTION('center_axis',(0.,1.,9.02056207507939E-16));
#8261=DIRECTION('ref_axis',(-0.735723910673135,-6.10946045915729E-16,0.677281571625737));
#8262=DIRECTION('center_axis',(0.,1.,0.));
#8263=DIRECTION('ref_axis',(-0.735723910673135,-6.10946045915729E-16,0.677281571625737));
#8264=DIRECTION('center_axis',(0.,1.,9.02056207507939E-16));
#8265=DIRECTION('ref_axis',(1.,0.,0.));
#8266=DIRECTION('center_axis',(0.,-1.,0.));
#8267=DIRECTION('ref_axis',(1.,0.,0.));
#8268=DIRECTION('center_axis',(-0.99658449300667,-7.449121119526E-17,0.0825793454723324));
#8269=DIRECTION('ref_axis',(0.0825793454723324,-8.98975228222819E-16,0.99658449300667));
#8270=DIRECTION('',(0.0825793454723324,0.,0.99658449300667));
#8271=DIRECTION('',(0.,1.,9.02056207507939E-16));
#8272=DIRECTION('',(0.,1.,9.02056207507939E-16));
#8273=DIRECTION('center_axis',(0.,1.,9.02056207507939E-16));
#8274=DIRECTION('ref_axis',(-0.082579345472329,8.98975228222819E-16,-0.99658449300667));
#8275=DIRECTION('center_axis',(0.,1.,0.));
#8276=DIRECTION('ref_axis',(-0.082579345472329,8.98975228222819E-16,-0.99658449300667));
#8277=DIRECTION('',(0.,1.,9.02056207507939E-16));
#8278=DIRECTION('center_axis',(-0.0825793454723324,8.98975228222819E-16,
-0.99658449300667));
#8279=DIRECTION('ref_axis',(-0.99658449300667,-7.449121119526E-17,0.0825793454723324));
#8280=DIRECTION('',(-0.99658449300667,0.,0.0825793454723324));
#8281=DIRECTION('',(0.,-1.,-9.02056207507939E-16));
#8282=DIRECTION('center_axis',(0.0825793454723338,-8.98975228222819E-16,
0.99658449300667));
#8283=DIRECTION('ref_axis',(0.99658449300667,7.44912111952613E-17,-0.0825793454723338));
#8284=DIRECTION('',(0.99658449300667,0.,-0.0825793454723338));
#8285=DIRECTION('',(0.,1.,9.02056207507939E-16));
#8286=DIRECTION('',(0.,1.,9.02056207507939E-16));
#8287=DIRECTION('center_axis',(0.,1.,9.02056207507939E-16));
#8288=DIRECTION('ref_axis',(-0.99658449300667,-7.44912111952562E-17,0.082579345472328));
#8289=DIRECTION('center_axis',(0.,1.,0.));
#8290=DIRECTION('ref_axis',(-0.99658449300667,-7.44912111952562E-17,0.082579345472328));
#8291=DIRECTION('center_axis',(0.,1.,9.02056207507939E-16));
#8292=DIRECTION('ref_axis',(1.,0.,0.));
#8293=DIRECTION('center_axis',(0.,-1.,0.));
#8294=DIRECTION('ref_axis',(1.,0.,0.));
#8295=DIRECTION('center_axis',(-0.99658449300667,7.44912111952604E-17,-0.0825793454723327));
#8296=DIRECTION('ref_axis',(-0.0825793454723327,-8.98975228222819E-16,0.99658449300667));
#8297=DIRECTION('',(-0.0825793454723327,0.,0.99658449300667));
#8298=DIRECTION('',(0.,1.,9.02056207507939E-16));
#8299=DIRECTION('',(0.,1.,9.02056207507939E-16));
#8300=DIRECTION('center_axis',(0.,1.,9.02056207507939E-16));
#8301=DIRECTION('ref_axis',(0.0825793454723362,8.98975228222819E-16,-0.99658449300667));
#8302=DIRECTION('center_axis',(0.,1.,0.));
#8303=DIRECTION('ref_axis',(0.0825793454723362,8.98975228222819E-16,-0.99658449300667));
#8304=DIRECTION('',(0.,1.,9.02056207507939E-16));
#8305=DIRECTION('center_axis',(0.0825793454723327,8.98975228222819E-16,
-0.99658449300667));
#8306=DIRECTION('ref_axis',(-0.99658449300667,7.44912111952604E-17,-0.0825793454723327));
#8307=DIRECTION('',(-0.99658449300667,0.,-0.0825793454723327));
#8308=DIRECTION('',(0.,-1.,-9.02056207507939E-16));
#8309=DIRECTION('center_axis',(-0.0825793454723314,-8.98975228222819E-16,
0.99658449300667));
#8310=DIRECTION('ref_axis',(0.99658449300667,-7.44912111952591E-17,0.0825793454723314));
#8311=DIRECTION('',(0.99658449300667,0.,0.0825793454723314));
#8312=DIRECTION('',(0.,1.,9.02056207507939E-16));
#8313=DIRECTION('center_axis',(0.,1.,9.02056207507939E-16));
#8314=DIRECTION('ref_axis',(-0.99658449300667,7.44912111952643E-17,-0.0825793454723371));
#8315=DIRECTION('center_axis',(0.,1.,0.));
#8316=DIRECTION('ref_axis',(-0.99658449300667,7.44912111952643E-17,-0.0825793454723371));
#8317=DIRECTION('center_axis',(0.,1.,9.02056207507939E-16));
#8318=DIRECTION('ref_axis',(1.,0.,0.));
#8319=DIRECTION('center_axis',(0.,-1.,0.));
#8320=DIRECTION('ref_axis',(1.,0.,0.));
#8321=DIRECTION('center_axis',(0.475947393037074,7.93334756616106E-16,-0.879473751206489));
#8322=DIRECTION('ref_axis',(-0.879473751206489,4.29331300336313E-16,-0.475947393037074));
#8323=DIRECTION('',(-0.879473751206489,0.,-0.475947393037074));
#8324=DIRECTION('',(0.,1.,9.02056207507939E-16));
#8325=DIRECTION('',(0.,1.,9.02056207507939E-16));
#8326=DIRECTION('center_axis',(0.,1.,9.02056207507939E-16));
#8327=DIRECTION('ref_axis',(0.879473751206487,-4.29331300336316E-16,0.475947393037077));
#8328=DIRECTION('center_axis',(0.,1.,0.));
#8329=DIRECTION('ref_axis',(0.879473751206487,-4.29331300336316E-16,0.475947393037077));
#8330=DIRECTION('',(0.,1.,9.02056207507939E-16));
#8331=DIRECTION('center_axis',(0.879473751206489,-4.29331300336313E-16,
0.475947393037074));
#8332=DIRECTION('ref_axis',(0.475947393037074,7.93334756616106E-16,-0.879473751206489));
#8333=DIRECTION('',(0.475947393037074,0.,-0.879473751206489));
#8334=DIRECTION('',(0.,-1.,-9.02056207507939E-16));
#8335=DIRECTION('center_axis',(-0.87947375120649,4.29331300336312E-16,-0.475947393037073));
#8336=DIRECTION('ref_axis',(-0.475947393037073,-7.93334756616107E-16,0.87947375120649));
#8337=DIRECTION('',(-0.475947393037073,0.,0.87947375120649));
#8338=DIRECTION('',(0.,1.,9.02056207507939E-16));
#8339=DIRECTION('',(0.,1.,9.02056207507939E-16));
#8340=DIRECTION('center_axis',(0.,1.,9.02056207507939E-16));
#8341=DIRECTION('ref_axis',(0.475947393037077,7.93334756616105E-16,-0.879473751206487));
#8342=DIRECTION('center_axis',(0.,1.,0.));
#8343=DIRECTION('ref_axis',(0.475947393037077,7.93334756616105E-16,-0.879473751206487));
#8344=DIRECTION('center_axis',(0.,1.,9.02056207507939E-16));
#8345=DIRECTION('ref_axis',(1.,0.,0.));
#8346=DIRECTION('center_axis',(0.,-1.,0.));
#8347=DIRECTION('ref_axis',(1.,0.,0.));
#8348=DIRECTION('',(0.,1.,9.02056207507939E-16));
#8349=DIRECTION('center_axis',(0.614212712689668,7.11849095096994E-16,-0.789140509396393));
#8350=DIRECTION('ref_axis',(-0.789140509396393,5.54054390212005E-16,-0.614212712689668));
#8351=DIRECTION('',(-0.789140509396393,0.,-0.614212712689668));
#8352=DIRECTION('',(0.,1.,9.02056207507939E-16));
#8353=DIRECTION('',(0.,1.,9.02056207507939E-16));
#8354=DIRECTION('center_axis',(0.,1.,9.02056207507939E-16));
#8355=DIRECTION('ref_axis',(0.789140509396391,-5.54054390212008E-16,0.61421271268967));
#8356=DIRECTION('center_axis',(0.,1.,0.));
#8357=DIRECTION('ref_axis',(0.789140509396391,-5.54054390212008E-16,0.61421271268967));
#8358=DIRECTION('',(0.,1.,9.02056207507939E-16));
#8359=DIRECTION('center_axis',(0.789140509396393,-5.54054390212005E-16,
0.614212712689668));
#8360=DIRECTION('ref_axis',(0.614212712689668,7.11849095096994E-16,-0.789140509396393));
#8361=DIRECTION('',(0.614212712689668,0.,-0.789140509396393));
#8362=DIRECTION('',(0.,-1.,-9.02056207507939E-16));
#8363=DIRECTION('center_axis',(-0.789140509396394,5.54054390212004E-16,
-0.614212712689667));
#8364=DIRECTION('ref_axis',(-0.614212712689667,-7.11849095096995E-16,0.789140509396394));
#8365=DIRECTION('',(-0.614212712689667,0.,0.789140509396394));
#8366=DIRECTION('',(0.,1.,9.02056207507939E-16));
#8367=DIRECTION('',(0.,1.,9.02056207507939E-16));
#8368=DIRECTION('center_axis',(0.,1.,9.02056207507939E-16));
#8369=DIRECTION('ref_axis',(0.614212712689671,7.11849095096992E-16,-0.789140509396391));
#8370=DIRECTION('center_axis',(0.,1.,0.));
#8371=DIRECTION('ref_axis',(0.614212712689671,7.11849095096992E-16,-0.789140509396391));
#8372=DIRECTION('center_axis',(0.,1.,9.02056207507939E-16));
#8373=DIRECTION('ref_axis',(1.,0.,0.));
#8374=DIRECTION('center_axis',(0.,-1.,0.));
#8375=DIRECTION('ref_axis',(1.,0.,0.));
#8376=DIRECTION('center_axis',(0.735723910673132,6.10946045915733E-16,-0.677281571625741));
#8377=DIRECTION('ref_axis',(-0.677281571625741,6.63664320634715E-16,-0.735723910673132));
#8378=DIRECTION('',(-0.677281571625741,0.,-0.735723910673132));
#8379=DIRECTION('',(0.,1.,9.02056207507939E-16));
#8380=DIRECTION('',(0.,1.,9.02056207507939E-16));
#8381=DIRECTION('center_axis',(0.,1.,9.02056207507939E-16));
#8382=DIRECTION('ref_axis',(0.677281571625738,-6.63664320634717E-16,0.735723910673134));
#8383=DIRECTION('center_axis',(0.,1.,0.));
#8384=DIRECTION('ref_axis',(0.677281571625738,-6.63664320634717E-16,0.735723910673134));
#8385=DIRECTION('',(0.,1.,9.02056207507939E-16));
#8386=DIRECTION('center_axis',(0.677281571625741,-6.63664320634715E-16,
0.735723910673132));
#8387=DIRECTION('ref_axis',(0.735723910673132,6.10946045915733E-16,-0.677281571625741));
#8388=DIRECTION('',(0.735723910673132,0.,-0.677281571625741));
#8389=DIRECTION('',(0.,-1.,-9.02056207507939E-16));
#8390=DIRECTION('center_axis',(-0.677281571625742,6.63664320634714E-16,
-0.735723910673131));
#8391=DIRECTION('ref_axis',(-0.735723910673131,-6.10946045915733E-16,0.677281571625742));
#8392=DIRECTION('',(-0.735723910673131,0.,0.677281571625742));
#8393=DIRECTION('',(0.,1.,9.02056207507939E-16));
#8394=DIRECTION('',(0.,1.,9.02056207507939E-16));
#8395=DIRECTION('center_axis',(0.,1.,9.02056207507939E-16));
#8396=DIRECTION('ref_axis',(0.735723910673135,6.1094604591573E-16,-0.677281571625738));
#8397=DIRECTION('center_axis',(0.,1.,0.));
#8398=DIRECTION('ref_axis',(0.735723910673135,6.1094604591573E-16,-0.677281571625738));
#8399=DIRECTION('center_axis',(0.,1.,9.02056207507939E-16));
#8400=DIRECTION('ref_axis',(1.,0.,0.));
#8401=DIRECTION('center_axis',(0.,-1.,0.));
#8402=DIRECTION('ref_axis',(1.,0.,0.));
#8403=DIRECTION('center_axis',(0.837166478262529,4.93377981219369E-16,-0.546948158122427));
#8404=DIRECTION('ref_axis',(-0.546948158122427,7.55171218434274E-16,-0.837166478262529));
#8405=DIRECTION('',(-0.546948158122427,0.,-0.837166478262529));
#8406=DIRECTION('',(0.,1.,9.02056207507939E-16));
#8407=DIRECTION('',(0.,1.,9.02056207507939E-16));
#8408=DIRECTION('center_axis',(0.,1.,9.02056207507939E-16));
#8409=DIRECTION('ref_axis',(0.546948158122424,-7.55171218434276E-16,0.837166478262531));
#8410=DIRECTION('center_axis',(0.,1.,0.));
#8411=DIRECTION('ref_axis',(0.546948158122424,-7.55171218434276E-16,0.837166478262531));
#8412=DIRECTION('',(0.,1.,9.02056207507939E-16));
#8413=DIRECTION('center_axis',(0.546948158122427,-7.55171218434274E-16,
0.837166478262529));
#8414=DIRECTION('ref_axis',(0.837166478262529,4.93377981219369E-16,-0.546948158122427));
#8415=DIRECTION('',(0.837166478262529,0.,-0.546948158122427));
#8416=DIRECTION('',(0.,-1.,-9.02056207507939E-16));
#8417=DIRECTION('center_axis',(-0.546948158122428,7.55171218434274E-16,
-0.837166478262528));
#8418=DIRECTION('ref_axis',(-0.837166478262528,-4.9337798121937E-16,0.546948158122428));
#8419=DIRECTION('',(-0.837166478262528,0.,0.546948158122428));
#8420=DIRECTION('',(0.,1.,9.02056207507939E-16));
#8421=DIRECTION('',(0.,1.,9.02056207507939E-16));
#8422=DIRECTION('center_axis',(0.,1.,9.02056207507939E-16));
#8423=DIRECTION('ref_axis',(0.837166478262531,4.93377981219366E-16,-0.546948158122423));
#8424=DIRECTION('center_axis',(0.,1.,0.));
#8425=DIRECTION('ref_axis',(0.837166478262531,4.93377981219366E-16,-0.546948158122423));
#8426=DIRECTION('center_axis',(0.,1.,9.02056207507939E-16));
#8427=DIRECTION('ref_axis',(1.,0.,0.));
#8428=DIRECTION('center_axis',(0.,-1.,0.));
#8429=DIRECTION('ref_axis',(1.,0.,0.));
#8430=DIRECTION('center_axis',(0.915773326655058,3.62351851335749E-16,-0.401695424652969));
#8431=DIRECTION('ref_axis',(-0.401695424652969,8.2607901397939E-16,-0.915773326655058));
#8432=DIRECTION('',(-0.401695424652969,0.,-0.915773326655058));
#8433=DIRECTION('',(0.,1.,9.02056207507939E-16));
#8434=DIRECTION('',(0.,1.,9.02056207507939E-16));
#8435=DIRECTION('center_axis',(0.,1.,9.02056207507939E-16));
#8436=DIRECTION('ref_axis',(0.401695424652966,-8.26079013979392E-16,0.915773326655059));
#8437=DIRECTION('center_axis',(0.,1.,0.));
#8438=DIRECTION('ref_axis',(0.401695424652966,-8.26079013979392E-16,0.915773326655059));
#8439=DIRECTION('',(0.,1.,9.02056207507939E-16));
#8440=DIRECTION('center_axis',(0.401695424652969,-8.2607901397939E-16,0.915773326655058));
#8441=DIRECTION('ref_axis',(0.915773326655058,3.62351851335749E-16,-0.401695424652969));
#8442=DIRECTION('',(0.915773326655058,0.,-0.401695424652969));
#8443=DIRECTION('',(0.,-1.,-9.02056207507939E-16));
#8444=DIRECTION('center_axis',(-0.401695424652971,8.2607901397939E-16,-0.915773326655057));
#8445=DIRECTION('ref_axis',(-0.915773326655057,-3.6235185133575E-16,0.401695424652971));
#8446=DIRECTION('',(-0.915773326655057,0.,0.401695424652971));
#8447=DIRECTION('',(0.,1.,9.02056207507939E-16));
#8448=DIRECTION('',(0.,1.,9.02056207507939E-16));
#8449=DIRECTION('center_axis',(0.,1.,9.02056207507939E-16));
#8450=DIRECTION('ref_axis',(0.915773326655059,3.62351851335745E-16,-0.401695424652965));
#8451=DIRECTION('center_axis',(0.,1.,0.));
#8452=DIRECTION('ref_axis',(0.915773326655059,3.62351851335745E-16,-0.401695424652965));
#8453=DIRECTION('center_axis',(0.,1.,9.02056207507939E-16));
#8454=DIRECTION('ref_axis',(1.,0.,0.));
#8455=DIRECTION('center_axis',(0.,-1.,0.));
#8456=DIRECTION('ref_axis',(1.,0.,0.));
#8457=DIRECTION('center_axis',(0.96940026593933,2.21441707528468E-16,-0.245485487140799));
#8458=DIRECTION('ref_axis',(-0.245485487140799,8.7445352745042E-16,-0.96940026593933));
#8459=DIRECTION('',(-0.245485487140799,0.,-0.96940026593933));
#8460=DIRECTION('',(0.,1.,9.02056207507939E-16));
#8461=DIRECTION('',(0.,1.,9.02056207507939E-16));
#8462=DIRECTION('center_axis',(0.,1.,9.02056207507939E-16));
#8463=DIRECTION('ref_axis',(0.245485487140796,-8.74453527450421E-16,0.969400265939331));
#8464=DIRECTION('center_axis',(0.,1.,0.));
#8465=DIRECTION('ref_axis',(0.245485487140796,-8.74453527450421E-16,0.969400265939331));
#8466=DIRECTION('',(0.,1.,9.02056207507939E-16));
#8467=DIRECTION('center_axis',(0.245485487140799,-8.7445352745042E-16,0.96940026593933));
#8468=DIRECTION('ref_axis',(0.96940026593933,2.21441707528468E-16,-0.245485487140799));
#8469=DIRECTION('',(0.96940026593933,0.,-0.245485487140799));
#8470=DIRECTION('',(0.,-1.,-9.02056207507939E-16));
#8471=DIRECTION('center_axis',(-0.2454854871408,8.7445352745042E-16,-0.96940026593933));
#8472=DIRECTION('ref_axis',(-0.96940026593933,-2.2144170752847E-16,0.2454854871408));
#8473=DIRECTION('',(-0.96940026593933,0.,0.2454854871408));
#8474=DIRECTION('',(0.,1.,9.02056207507939E-16));
#8475=DIRECTION('center_axis',(0.,1.,9.02056207507939E-16));
#8476=DIRECTION('ref_axis',(0.969400265939331,2.21441707528464E-16,-0.245485487140795));
#8477=DIRECTION('center_axis',(0.,1.,0.));
#8478=DIRECTION('ref_axis',(0.969400265939331,2.21441707528464E-16,-0.245485487140795));
#8479=DIRECTION('center_axis',(0.,1.,9.02056207507939E-16));
#8480=DIRECTION('ref_axis',(1.,0.,0.));
#8481=DIRECTION('center_axis',(0.,-1.,0.));
#8482=DIRECTION('ref_axis',(1.,0.,0.));
#8483=DIRECTION('center_axis',(0.164594590280734,8.89753336580047E-16,-0.986361303402722));
#8484=DIRECTION('ref_axis',(-0.986361303402722,1.48473571884962E-16,-0.164594590280734));
#8485=DIRECTION('',(-0.986361303402722,0.,-0.164594590280734));
#8486=DIRECTION('',(0.,1.,9.02056207507939E-16));
#8487=DIRECTION('',(0.,1.,9.02056207507939E-16));
#8488=DIRECTION('center_axis',(0.,1.,9.02056207507939E-16));
#8489=DIRECTION('ref_axis',(0.986361303402722,-1.48473571884965E-16,0.164594590280737));
#8490=DIRECTION('center_axis',(0.,1.,0.));
#8491=DIRECTION('ref_axis',(0.986361303402722,-1.48473571884965E-16,0.164594590280737));
#8492=DIRECTION('',(0.,1.,9.02056207507939E-16));
#8493=DIRECTION('center_axis',(0.986361303402722,-1.48473571884962E-16,
0.164594590280734));
#8494=DIRECTION('ref_axis',(0.164594590280734,8.89753336580047E-16,-0.986361303402722));
#8495=DIRECTION('',(0.164594590280734,0.,-0.986361303402722));
#8496=DIRECTION('',(0.,-1.,-9.02056207507939E-16));
#8497=DIRECTION('center_axis',(-0.986361303402723,1.48473571884961E-16,
-0.164594590280733));
#8498=DIRECTION('ref_axis',(-0.164594590280733,-8.89753336580048E-16,0.986361303402723));
#8499=DIRECTION('',(-0.164594590280733,0.,0.986361303402723));
#8500=DIRECTION('',(0.,1.,9.02056207507939E-16));
#8501=DIRECTION('',(0.,1.,9.02056207507939E-16));
#8502=DIRECTION('center_axis',(0.,1.,9.02056207507939E-16));
#8503=DIRECTION('ref_axis',(0.164594590280738,8.89753336580047E-16,-0.986361303402722));
#8504=DIRECTION('center_axis',(0.,1.,0.));
#8505=DIRECTION('ref_axis',(0.164594590280738,8.89753336580047E-16,-0.986361303402722));
#8506=DIRECTION('center_axis',(0.,1.,9.02056207507939E-16));
#8507=DIRECTION('ref_axis',(1.,0.,0.));
#8508=DIRECTION('center_axis',(0.,-1.,0.));
#8509=DIRECTION('ref_axis',(1.,0.,0.));
#8510=DIRECTION('center_axis',(0.324699469204684,8.53180314044094E-16,-0.945817241700635));
#8511=DIRECTION('ref_axis',(-0.945817241700635,2.92897171770618E-16,-0.324699469204684));
#8512=DIRECTION('',(-0.945817241700635,0.,-0.324699469204684));
#8513=DIRECTION('',(0.,1.,9.02056207507939E-16));
#8514=DIRECTION('',(0.,1.,9.02056207507939E-16));
#8515=DIRECTION('center_axis',(0.,1.,9.02056207507939E-16));
#8516=DIRECTION('ref_axis',(0.945817241700634,-2.92897171770621E-16,0.324699469204687));
#8517=DIRECTION('center_axis',(0.,1.,0.));
#8518=DIRECTION('ref_axis',(0.945817241700634,-2.92897171770621E-16,0.324699469204687));
#8519=DIRECTION('',(0.,1.,9.02056207507939E-16));
#8520=DIRECTION('center_axis',(0.945817241700635,-2.92897171770618E-16,
0.324699469204684));
#8521=DIRECTION('ref_axis',(0.324699469204684,8.53180314044094E-16,-0.945817241700635));
#8522=DIRECTION('',(0.324699469204684,0.,-0.945817241700635));
#8523=DIRECTION('',(0.,-1.,-9.02056207507939E-16));
#8524=DIRECTION('center_axis',(-0.945817241700635,2.92897171770617E-16,
-0.324699469204682));
#8525=DIRECTION('ref_axis',(-0.324699469204682,-8.53180314044095E-16,0.945817241700635));
#8526=DIRECTION('',(-0.324699469204682,0.,0.945817241700635));
#8527=DIRECTION('',(0.,1.,9.02056207507939E-16));
#8528=DIRECTION('center_axis',(0.,1.,9.02056207507939E-16));
#8529=DIRECTION('ref_axis',(0.324699469204688,8.53180314044093E-16,-0.945817241700633));
#8530=DIRECTION('center_axis',(0.,1.,0.));
#8531=DIRECTION('ref_axis',(0.324699469204688,8.53180314044093E-16,-0.945817241700633));
#8532=DIRECTION('center_axis',(0.,1.,9.02056207507939E-16));
#8533=DIRECTION('ref_axis',(1.,0.,0.));
#8534=DIRECTION('center_axis',(0.,-1.,0.));
#8535=DIRECTION('ref_axis',(1.,0.,0.));
#8536=DIRECTION('center_axis',(0.,-9.02056207507939E-16,1.));
#8537=DIRECTION('ref_axis',(1.,0.,0.));
#8538=DIRECTION('',(1.,0.,0.));
#8539=DIRECTION('',(0.,1.,9.02056207507939E-16));
#8540=DIRECTION('',(0.,1.,9.02056207507939E-16));
#8541=DIRECTION('center_axis',(0.,1.,9.02056207507939E-16));
#8542=DIRECTION('ref_axis',(-1.,3.08148791101959E-30,-3.4160708450005E-15));
#8543=DIRECTION('center_axis',(0.,1.,0.));
#8544=DIRECTION('ref_axis',(-1.,3.08148791101959E-30,-3.4160708450005E-15));
#8545=DIRECTION('',(0.,1.,9.02056207507939E-16));
#8546=DIRECTION('center_axis',(-1.,0.,0.));
#8547=DIRECTION('ref_axis',(0.,-9.02056207507939E-16,1.));
#8548=DIRECTION('',(0.,0.,1.));
#8549=DIRECTION('',(0.,-1.,-9.02056207507939E-16));
#8550=DIRECTION('center_axis',(1.,1.2518544638517E-30,-1.38777878078144E-15));
#8551=DIRECTION('ref_axis',(-1.38777878078144E-15,9.02056207507939E-16,
-1.));
#8552=DIRECTION('',(-1.38777878078144E-15,0.,-1.));
#8553=DIRECTION('',(0.,1.,9.02056207507939E-16));
#8554=DIRECTION('center_axis',(0.,1.,9.02056207507939E-16));
#8555=DIRECTION('ref_axis',(-4.35015271668032E-15,-9.02056207507939E-16,
1.));
#8556=DIRECTION('center_axis',(0.,1.,0.));
#8557=DIRECTION('ref_axis',(-4.35015271668032E-15,-9.02056207507939E-16,
1.));
#8558=DIRECTION('center_axis',(0.,1.,9.02056207507939E-16));
#8559=DIRECTION('ref_axis',(1.,0.,0.));
#8560=DIRECTION('',(0.,-1.,-9.02056207507939E-16));
#8561=DIRECTION('center_axis',(0.,-1.,0.));
#8562=DIRECTION('ref_axis',(-1.,0.,0.));
#8563=DIRECTION('center_axis',(0.,-1.,0.));
#8564=DIRECTION('ref_axis',(-1.,0.,0.));
#8565=DIRECTION('center_axis',(0.,1.,9.02056207507939E-16));
#8566=DIRECTION('ref_axis',(1.,0.,0.));
#8567=DIRECTION('center_axis',(0.,-1.,0.));
#8568=DIRECTION('ref_axis',(1.,0.,0.));
#8569=DIRECTION('center_axis',(0.,1.,0.));
#8570=DIRECTION('ref_axis',(-1.,0.,0.));
#8571=DIRECTION('center_axis',(0.,1.,0.));
#8572=DIRECTION('ref_axis',(-0.866025403784438,0.,-0.5));
#8573=DIRECTION('',(0.996194698091746,0.,-0.0871557427476579));
#8574=DIRECTION('center_axis',(0.,1.,0.));
#8575=DIRECTION('ref_axis',(-0.722552369322359,0.,0.691316189298823));
#8576=DIRECTION('center_axis',(0.,-1.,0.));
#8577=DIRECTION('ref_axis',(1.,0.,0.));
#8578=DIRECTION('center_axis',(0.,1.,0.));
#8579=DIRECTION('ref_axis',(-0.988402926686069,0.,-0.151854056641282));
#8580=DIRECTION('',(-0.866025403784439,0.,0.5));
#8581=DIRECTION('center_axis',(0.,1.,0.));
#8582=DIRECTION('ref_axis',(0.0835368785550283,0.,-0.996504686351892));
#8583=DIRECTION('center_axis',(0.,1.,0.));
#8584=DIRECTION('ref_axis',(-0.866025403784438,0.,-0.5));
#8585=DIRECTION('',(-0.573576436351046,0.,-0.819152044288992));
#8586=DIRECTION('center_axis',(0.,1.,0.));
#8587=DIRECTION('ref_axis',(0.959973566641411,0.,0.28009061274839));
#8588=DIRECTION('center_axis',(0.,-1.,0.));
#8589=DIRECTION('ref_axis',(1.,0.,0.));
#8590=DIRECTION('center_axis',(0.,1.,0.));
#8591=DIRECTION('ref_axis',(0.362691992623963,0.,0.931909072005665));
#8592=DIRECTION('',(0.866025403784438,0.,0.5));
#8593=DIRECTION('center_axis',(0.,1.,0.));
#8594=DIRECTION('ref_axis',(-0.904766812648497,0.,0.425907284194436));
#8595=DIRECTION('center_axis',(0.,1.,0.));
#8596=DIRECTION('ref_axis',(0.,0.,-1.));
#8597=DIRECTION('center_axis',(0.,1.,0.));
#8598=DIRECTION('ref_axis',(0.,0.,-1.));
#8599=DIRECTION('',(0.,1.,0.));
#8600=DIRECTION('center_axis',(0.,1.,0.));
#8601=DIRECTION('ref_axis',(0.625710934062106,0.,-0.780055015364383));
#8602=DIRECTION('center_axis',(0.,-1.,0.));
#8603=DIRECTION('ref_axis',(0.625710934062106,0.,-0.780055015364383));
#8604=DIRECTION('center_axis',(0.,0.,-1.));
#8605=DIRECTION('ref_axis',(-1.,0.,0.));
#8606=DIRECTION('center_axis',(0.,1.,0.));
#8607=DIRECTION('ref_axis',(0.625710934062106,0.,-0.780055015364383));
#8608=DIRECTION('center_axis',(0.,0.,-1.));
#8609=DIRECTION('ref_axis',(-0.707106781186548,0.707106781186548,0.));
#8610=DIRECTION('center_axis',(0.,0.,-1.));
#8611=DIRECTION('ref_axis',(-1.,0.,0.));
#8612=DIRECTION('',(0.,0.,-1.));
#8613=DIRECTION('',(0.,0.,1.));
#8614=DIRECTION('center_axis',(0.,1.,0.));
#8615=DIRECTION('ref_axis',(0.,0.,1.));
#8616=DIRECTION('center_axis',(0.,1.,0.));
#8617=DIRECTION('ref_axis',(0.821229934093468,0.,0.570597402157456));
#8618=DIRECTION('center_axis',(0.,-1.,0.));
#8619=DIRECTION('ref_axis',(0.821229934093469,0.,0.570597402157456));
#8620=DIRECTION('center_axis',(0.937183333935344,0.,-0.348837209302325));
#8621=DIRECTION('ref_axis',(-0.348837209302325,0.,-0.937183333935344));
#8622=DIRECTION('center_axis',(0.,-1.,0.));
#8623=DIRECTION('ref_axis',(0.,0.,-1.));
#8624=DIRECTION('center_axis',(0.,1.,0.));
#8625=DIRECTION('ref_axis',(-0.737277336810124,0.,-0.67559020761566));
#8626=DIRECTION('center_axis',(0.996194698091746,0.,-0.0871557427476579));
#8627=DIRECTION('ref_axis',(-0.0616284167162188,0.707106781186549,-0.704416026402758));
#8628=DIRECTION('center_axis',(0.996194698091746,0.,-0.0871557427476579));
#8629=DIRECTION('ref_axis',(-0.0871557427476579,0.,-0.996194698091746));
#8630=DIRECTION('',(-0.996194698091746,0.,0.0871557427476579));
#8631=DIRECTION('center_axis',(0.,-1.,0.));
#8632=DIRECTION('ref_axis',(-0.722552369322359,0.,0.691316189298823));
#8633=DIRECTION('center_axis',(0.,-1.,0.));
#8634=DIRECTION('ref_axis',(-0.722552369322359,0.,0.691316189298823));
#8635=DIRECTION('center_axis',(0.,-1.,0.));
#8636=DIRECTION('ref_axis',(-0.722552369322361,0.,0.691316189298821));
#8637=DIRECTION('',(0.,-1.,0.));
#8638=DIRECTION('center_axis',(0.,1.,0.));
#8639=DIRECTION('ref_axis',(-0.722552369322359,0.,0.691316189298823));
#8640=DIRECTION('',(0.,1.,0.));
#8641=DIRECTION('center_axis',(-0.0871557427476579,0.,-0.996194698091746));
#8642=DIRECTION('ref_axis',(0.,1.,0.));
#8643=DIRECTION('',(0.,1.,0.));
#8644=DIRECTION('',(0.996194698091746,0.,-0.0871557427476579));
#8645=DIRECTION('center_axis',(0.,1.,0.));
#8646=DIRECTION('ref_axis',(0.640001011646708,0.,0.768374065863229));
#8647=DIRECTION('',(0.,-1.,0.));
#8648=DIRECTION('center_axis',(0.,1.,0.));
#8649=DIRECTION('ref_axis',(0.640001011646707,0.,0.76837406586323));
#8650=DIRECTION('center_axis',(0.,-1.,0.));
#8651=DIRECTION('ref_axis',(0.,0.,-1.));
#8652=DIRECTION('',(0.,1.,0.));
#8653=DIRECTION('center_axis',(0.,-1.,0.));
#8654=DIRECTION('ref_axis',(-0.737277336810124,0.,-0.67559020761566));
#8655=DIRECTION('center_axis',(0.,-1.,0.));
#8656=DIRECTION('ref_axis',(0.821229934093469,0.,0.570597402157456));
#8657=DIRECTION('',(0.,-1.,0.));
#8658=DIRECTION('center_axis',(0.,1.,0.));
#8659=DIRECTION('ref_axis',(0.821229934093469,0.,0.570597402157456));
#8660=DIRECTION('center_axis',(1.,0.,0.));
#8661=DIRECTION('ref_axis',(0.,1.,0.));
#8662=DIRECTION('',(0.,1.,0.));
#8663=DIRECTION('',(0.,0.,-1.));
#8664=DIRECTION('center_axis',(0.,1.,0.));
#8665=DIRECTION('ref_axis',(0.625710934062106,0.,-0.780055015364383));
#8666=DIRECTION('',(0.,-1.,0.));
#8667=DIRECTION('center_axis',(0.,1.,0.));
#8668=DIRECTION('ref_axis',(0.625710934062106,0.,-0.780055015364383));
#8669=DIRECTION('center_axis',(0.,1.,0.));
#8670=DIRECTION('ref_axis',(0.,0.,1.));
#8671=DIRECTION('center_axis',(0.,-1.,0.));
#8672=DIRECTION('ref_axis',(0.362691992623963,0.,0.931909072005665));
#8673=DIRECTION('center_axis',(0.866025403784439,0.,0.499999999999999));
#8674=DIRECTION('ref_axis',(0.499999999999999,0.,-0.86602540378444));
#8675=DIRECTION('center_axis',(0.866025403784438,0.,0.5));
#8676=DIRECTION('ref_axis',(0.353553390593276,0.707106781186549,-0.612372435695792));
#8677=DIRECTION('center_axis',(0.866025403784438,0.,0.500000000000002));
#8678=DIRECTION('ref_axis',(0.500000000000002,0.,-0.866025403784438));
#8679=DIRECTION('',(-0.866025403784438,0.,-0.5));
#8680=DIRECTION('center_axis',(0.,1.,0.));
#8681=DIRECTION('ref_axis',(0.,0.,1.));
#8682=DIRECTION('center_axis',(0.,-1.,0.));
#8683=DIRECTION('ref_axis',(-0.904766812648497,0.,0.425907284194436));
#8684=DIRECTION('center_axis',(-0.166489781926589,0.,0.986043179842565));
#8685=DIRECTION('ref_axis',(0.986043179842565,0.,0.166489781926589));
#8686=DIRECTION('center_axis',(0.,-1.,0.));
#8687=DIRECTION('ref_axis',(0.,0.,-1.));
#8688=DIRECTION('center_axis',(0.,1.,0.));
#8689=DIRECTION('ref_axis',(0.953716950748227,0.,-0.300705799504273));
#8690=DIRECTION('center_axis',(-0.422618261740699,0.,0.90630778703665));
#8691=DIRECTION('ref_axis',(0.640856382055788,0.707106781186548,0.29883623873012));
#8692=DIRECTION('center_axis',(-0.422618261740698,0.,0.906307787036651));
#8693=DIRECTION('ref_axis',(0.906307787036651,0.,0.422618261740698));
#8694=DIRECTION('',(-0.422618261740699,0.,0.90630778703665));
#8695=DIRECTION('',(0.422618261740699,0.,-0.90630778703665));
#8696=DIRECTION('center_axis',(0.,-1.,0.));
#8697=DIRECTION('ref_axis',(0.,0.,-1.));
#8698=DIRECTION('center_axis',(0.,1.,0.));
#8699=DIRECTION('ref_axis',(-0.237421197319053,0.,-0.97140680204721));
#8700=DIRECTION('center_axis',(0.,-1.,0.));
#8701=DIRECTION('ref_axis',(-0.237421197319053,0.,-0.97140680204721));
#8702=DIRECTION('center_axis',(0.,-1.,0.));
#8703=DIRECTION('ref_axis',(-0.237421197319053,0.,-0.97140680204721));
#8704=DIRECTION('',(0.,-1.,0.));
#8705=DIRECTION('center_axis',(0.,1.,0.));
#8706=DIRECTION('ref_axis',(-0.237421197319053,0.,-0.97140680204721));
#8707=DIRECTION('',(0.,1.,0.));
#8708=DIRECTION('center_axis',(0.90630778703665,0.,0.422618261740699));
#8709=DIRECTION('ref_axis',(0.,1.,0.));
#8710=DIRECTION('',(0.,1.,0.));
#8711=DIRECTION('',(-0.422618261740699,0.,0.90630778703665));
#8712=DIRECTION('center_axis',(0.,1.,0.));
#8713=DIRECTION('ref_axis',(-0.985431966470048,0.,0.170070101602174));
#8714=DIRECTION('',(0.,-1.,0.));
#8715=DIRECTION('center_axis',(0.,1.,0.));
#8716=DIRECTION('ref_axis',(-0.985431966470048,0.,0.170070101602174));
#8717=DIRECTION('center_axis',(0.,-1.,0.));
#8718=DIRECTION('ref_axis',(0.,0.,-1.));
#8719=DIRECTION('',(0.,1.,0.));
#8720=DIRECTION('center_axis',(0.,-1.,0.));
#8721=DIRECTION('ref_axis',(0.953716950748227,0.,-0.300705799504273));
#8722=DIRECTION('center_axis',(0.,1.,0.));
#8723=DIRECTION('ref_axis',(-0.904766812648497,0.,0.425907284194436));
#8724=DIRECTION('',(0.,-1.,0.));
#8725=DIRECTION('center_axis',(0.,1.,0.));
#8726=DIRECTION('ref_axis',(-0.904766812648497,0.,0.425907284194436));
#8727=DIRECTION('center_axis',(-0.5,0.,0.866025403784438));
#8728=DIRECTION('ref_axis',(0.,1.,0.));
#8729=DIRECTION('',(0.,1.,0.));
#8730=DIRECTION('',(0.866025403784438,0.,0.5));
#8731=DIRECTION('center_axis',(0.,1.,0.));
#8732=DIRECTION('ref_axis',(0.362691992623962,0.,0.931909072005665));
#8733=DIRECTION('',(0.,-1.,0.));
#8734=DIRECTION('center_axis',(0.,1.,0.));
#8735=DIRECTION('ref_axis',(0.362691992623963,0.,0.931909072005665));
#8736=DIRECTION('center_axis',(0.,1.,0.));
#8737=DIRECTION('ref_axis',(0.,0.,1.));
#8738=DIRECTION('center_axis',(0.,-1.,0.));
#8739=DIRECTION('ref_axis',(-0.988402926686069,0.,-0.151854056641282));
#8740=DIRECTION('center_axis',(-0.866025403784439,0.,0.499999999999999));
#8741=DIRECTION('ref_axis',(0.499999999999999,0.,0.866025403784439));
#8742=DIRECTION('center_axis',(-0.866025403784439,0.,0.5));
#8743=DIRECTION('ref_axis',(0.353553390593274,0.707106781186546,0.612372435695796));
#8744=DIRECTION('center_axis',(-0.866025403784437,0.,0.500000000000002));
#8745=DIRECTION('ref_axis',(0.500000000000002,0.,0.866025403784437));
#8746=DIRECTION('',(0.866025403784439,0.,-0.5));
#8747=DIRECTION('center_axis',(0.,1.,0.));
#8748=DIRECTION('ref_axis',(0.0835368785550283,0.,-0.996504686351892));
#8749=DIRECTION('center_axis',(0.,-1.,0.));
#8750=DIRECTION('ref_axis',(0.0835368785550283,0.,-0.996504686351892));
#8751=DIRECTION('center_axis',(-0.770693552008756,0.,-0.637205970540238));
#8752=DIRECTION('ref_axis',(-0.637205970540238,0.,0.770693552008756));
#8753=DIRECTION('center_axis',(0.,-1.,0.));
#8754=DIRECTION('ref_axis',(-0.216439613938103,0.,0.976296007119933));
#8755=DIRECTION('center_axis',(0.,1.,0.));
#8756=DIRECTION('ref_axis',(-0.216439613938104,0.,0.976296007119933));
#8757=DIRECTION('center_axis',(-0.573576436351046,0.,-0.819152044288992));
#8758=DIRECTION('ref_axis',(-0.57922796533957,0.707106781186549,0.405579787672635));
#8759=DIRECTION('center_axis',(-0.573576436351044,0.,-0.819152044288994));
#8760=DIRECTION('ref_axis',(-0.819152044288993,0.,0.573576436351044));
#8761=DIRECTION('',(0.573576436351046,0.,0.819152044288992));
#8762=DIRECTION('center_axis',(0.,-1.,0.));
#8763=DIRECTION('ref_axis',(0.,0.,-1.));
#8764=DIRECTION('center_axis',(0.,-1.,0.));
#8765=DIRECTION('ref_axis',(0.959973566641411,0.,0.28009061274839));
#8766=DIRECTION('center_axis',(0.,-1.,0.));
#8767=DIRECTION('ref_axis',(0.959973566641411,0.,0.280090612748391));
#8768=DIRECTION('',(0.,-1.,0.));
#8769=DIRECTION('center_axis',(0.,1.,0.));
#8770=DIRECTION('ref_axis',(0.959973566641411,0.,0.28009061274839));
#8771=DIRECTION('',(0.,1.,0.));
#8772=DIRECTION('center_axis',(-0.819152044288992,0.,0.573576436351046));
#8773=DIRECTION('ref_axis',(0.,1.,0.));
#8774=DIRECTION('',(0.,1.,0.));
#8775=DIRECTION('',(-0.573576436351046,0.,-0.819152044288992));
#8776=DIRECTION('center_axis',(0.,-1.,0.));
#8777=DIRECTION('ref_axis',(0.345430954823341,0.,-0.938444167465404));
#8778=DIRECTION('',(0.,-1.,0.));
#8779=DIRECTION('center_axis',(0.,1.,0.));
#8780=DIRECTION('ref_axis',(0.345430954823342,0.,-0.938444167465404));
#8781=DIRECTION('center_axis',(0.,-1.,0.));
#8782=DIRECTION('ref_axis',(-0.216439613938103,0.,0.976296007119933));
#8783=DIRECTION('',(0.,1.,0.));
#8784=DIRECTION('center_axis',(0.,-1.,0.));
#8785=DIRECTION('ref_axis',(-0.216439613938104,0.,0.976296007119933));
#8786=DIRECTION('center_axis',(0.,-1.,0.));
#8787=DIRECTION('ref_axis',(0.0835368785550287,0.,-0.996504686351892));
#8788=DIRECTION('',(0.,-1.,0.));
#8789=DIRECTION('center_axis',(0.,1.,0.));
#8790=DIRECTION('ref_axis',(0.0835368785550283,0.,-0.996504686351892));
#8791=DIRECTION('center_axis',(-0.5,0.,-0.866025403784439));
#8792=DIRECTION('ref_axis',(0.,1.,0.));
#8793=DIRECTION('',(0.,1.,0.));
#8794=DIRECTION('',(-0.866025403784439,0.,0.5));
#8795=DIRECTION('center_axis',(0.,1.,0.));
#8796=DIRECTION('ref_axis',(-0.988402926686069,0.,-0.151854056641281));
#8797=DIRECTION('',(0.,-1.,0.));
#8798=DIRECTION('center_axis',(0.,1.,0.));
#8799=DIRECTION('ref_axis',(-0.988402926686069,0.,-0.151854056641282));
#8800=DIRECTION('center_axis',(0.,1.,0.));
#8801=DIRECTION('ref_axis',(0.,0.,1.));
#8802=DIRECTION('center_axis',(0.,-1.,0.));
#8803=DIRECTION('ref_axis',(0.362691992623963,0.,0.931909072005665));
#8804=DIRECTION('center_axis',(0.866025403784439,0.,0.499999999999999));
#8805=DIRECTION('ref_axis',(0.,-1.,0.));
#8806=DIRECTION('center_axis',(-0.866025403784438,0.,-0.5));
#8807=DIRECTION('ref_axis',(0.353553390593275,-0.707106781186549,-0.612372435695792));
#8808=DIRECTION('center_axis',(0.866025403784438,0.,0.5));
#8809=DIRECTION('ref_axis',(0.,-1.,0.));
#8810=DIRECTION('',(-0.866025403784438,0.,-0.5));
#8811=DIRECTION('center_axis',(0.,-1.,0.));
#8812=DIRECTION('ref_axis',(0.,0.,-1.));
#8813=DIRECTION('center_axis',(-0.166489781926589,0.,0.986043179842565));
#8814=DIRECTION('ref_axis',(0.,-1.,0.));
#8815=DIRECTION('center_axis',(0.,-1.,0.));
#8816=DIRECTION('ref_axis',(-0.904766812648497,0.,0.425907284194436));
#8817=DIRECTION('center_axis',(0.,-1.,0.));
#8818=DIRECTION('ref_axis',(0.,0.,-1.));
#8819=DIRECTION('center_axis',(0.701951578400746,0.,0.71222467071894));
#8820=DIRECTION('ref_axis',(0.,-1.,0.));
#8821=DIRECTION('center_axis',(0.,1.,0.));
#8822=DIRECTION('ref_axis',(0.953716950748227,0.,-0.300705799504273));
#8823=DIRECTION('center_axis',(0.,-1.,0.));
#8824=DIRECTION('ref_axis',(0.,0.,-1.));
#8825=DIRECTION('center_axis',(-0.422618261740701,0.,0.906307787036649));
#8826=DIRECTION('ref_axis',(0.,-1.,0.));
#8827=DIRECTION('center_axis',(0.,-1.,0.));
#8828=DIRECTION('ref_axis',(-0.985431966470048,0.,0.170070101602174));
#8829=DIRECTION('center_axis',(0.422618261740699,0.,-0.90630778703665));
#8830=DIRECTION('ref_axis',(0.640856382055788,-0.707106781186548,0.29883623873012));
#8831=DIRECTION('center_axis',(-0.4226182617407,0.,0.90630778703665));
#8832=DIRECTION('ref_axis',(0.,-1.,0.));
#8833=DIRECTION('',(0.422618261740699,0.,-0.90630778703665));
#8834=DIRECTION('center_axis',(0.,-1.,0.));
#8835=DIRECTION('ref_axis',(0.,0.,-1.));
#8836=DIRECTION('center_axis',(0.,-1.,0.));
#8837=DIRECTION('ref_axis',(-0.237421197319053,0.,-0.97140680204721));
#8838=DIRECTION('center_axis',(0.,-1.,0.));
#8839=DIRECTION('ref_axis',(0.866025403784438,0.,0.5));
#8840=DIRECTION('center_axis',(0.,-1.,0.));
#8841=DIRECTION('ref_axis',(1.,0.,0.));
#8842=DIRECTION('center_axis',(0.,-1.,0.));
#8843=DIRECTION('ref_axis',(0.959973566641411,0.,0.28009061274839));
#8844=DIRECTION('',(0.573576436351046,0.,0.819152044288992));
#8845=DIRECTION('center_axis',(0.,-1.,0.));
#8846=DIRECTION('ref_axis',(0.345430954823342,0.,-0.938444167465404));
#8847=DIRECTION('center_axis',(0.,1.,0.));
#8848=DIRECTION('ref_axis',(-0.216439613938104,0.,0.976296007119933));
#8849=DIRECTION('center_axis',(0.,-1.,0.));
#8850=DIRECTION('ref_axis',(0.0835368785550283,0.,-0.996504686351892));
#8851=DIRECTION('',(0.866025403784439,0.,-0.5));
#8852=DIRECTION('center_axis',(0.,-1.,0.));
#8853=DIRECTION('ref_axis',(-0.988402926686069,0.,-0.151854056641282));
#8854=DIRECTION('center_axis',(0.,-1.,0.));
#8855=DIRECTION('ref_axis',(1.,0.,0.));
#8856=DIRECTION('center_axis',(0.,-1.,0.));
#8857=DIRECTION('ref_axis',(-0.722552369322359,0.,0.691316189298823));
#8858=DIRECTION('',(-0.996194698091746,0.,0.0871557427476579));
#8859=DIRECTION('center_axis',(0.,-1.,0.));
#8860=DIRECTION('ref_axis',(0.640001011646707,0.,0.76837406586323));
#8861=DIRECTION('center_axis',(0.,1.,0.));
#8862=DIRECTION('ref_axis',(-0.737277336810124,0.,-0.67559020761566));
#8863=DIRECTION('center_axis',(0.,-1.,0.));
#8864=DIRECTION('ref_axis',(0.821229934093468,0.,0.570597402157456));
#8865=DIRECTION('',(0.,0.,1.));
#8866=DIRECTION('center_axis',(0.,-1.,0.));
#8867=DIRECTION('ref_axis',(0.625710934062106,0.,-0.780055015364383));
#8868=DIRECTION('center_axis',(0.,-1.,0.));
#8869=DIRECTION('ref_axis',(1.,0.,0.));
#8870=DIRECTION('center_axis',(0.,-1.,0.));
#8871=DIRECTION('ref_axis',(0.,0.,-1.));
#8872=DIRECTION('center_axis',(0.573576436351044,0.,0.819152044288993));
#8873=DIRECTION('ref_axis',(-0.819152044288993,0.,0.573576436351044));
#8874=DIRECTION('center_axis',(0.573576436351046,0.,0.819152044288992));
#8875=DIRECTION('ref_axis',(-0.579227965339568,-0.707106781186548,0.40557978767264));
#8876=DIRECTION('center_axis',(0.573576436351045,0.,0.819152044288992));
#8877=DIRECTION('ref_axis',(-0.819152044288992,0.,0.573576436351045));
#8878=DIRECTION('center_axis',(0.,-1.,0.));
#8879=DIRECTION('ref_axis',(0.,0.,-1.));
#8880=DIRECTION('center_axis',(0.967780447244982,0.,-0.251795563762159));
#8881=DIRECTION('ref_axis',(0.251795563762159,0.,0.967780447244982));
#8882=DIRECTION('center_axis',(0.,-1.,0.));
#8883=DIRECTION('ref_axis',(-0.216439613938104,0.,0.976296007119933));
#8884=DIRECTION('center_axis',(0.770693552008754,0.,0.637205970540241));
#8885=DIRECTION('ref_axis',(-0.637205970540241,0.,0.770693552008754));
#8886=DIRECTION('center_axis',(0.,-1.,0.));
#8887=DIRECTION('ref_axis',(0.,0.,-1.));
#8888=DIRECTION('center_axis',(0.866025403784439,0.,-0.5));
#8889=DIRECTION('ref_axis',(0.5,0.,0.866025403784439));
#8890=DIRECTION('center_axis',(0.866025403784439,0.,-0.5));
#8891=DIRECTION('ref_axis',(0.353553390593274,-0.707106781186546,0.612372435695796));
#8892=DIRECTION('center_axis',(0.866025403784439,0.,-0.499999999999999));
#8893=DIRECTION('ref_axis',(0.499999999999999,0.,0.866025403784439));
#8894=DIRECTION('center_axis',(0.,1.,0.));
#8895=DIRECTION('ref_axis',(0.,0.,1.));
#8896=DIRECTION('center_axis',(0.,-1.,0.));
#8897=DIRECTION('ref_axis',(-0.722552369322359,0.,0.691316189298823));
#8898=DIRECTION('center_axis',(-0.996194698091745,0.,0.0871557427476593));
#8899=DIRECTION('ref_axis',(-0.0871557427476593,0.,-0.996194698091746));
#8900=DIRECTION('center_axis',(-0.996194698091746,0.,0.0871557427476579));
#8901=DIRECTION('ref_axis',(-0.0616284167162191,-0.707106781186549,-0.704416026402758));
#8902=DIRECTION('center_axis',(-0.996194698091746,0.,0.0871557427476579));
#8903=DIRECTION('ref_axis',(-0.0871557427476579,0.,-0.996194698091746));
#8904=DIRECTION('center_axis',(0.,-1.,0.));
#8905=DIRECTION('ref_axis',(0.,0.,-1.));
#8906=DIRECTION('center_axis',(-0.265828868844236,0.,0.9640202344811));
#8907=DIRECTION('ref_axis',(-0.9640202344811,0.,-0.265828868844236));
#8908=DIRECTION('center_axis',(0.,-1.,0.));
#8909=DIRECTION('ref_axis',(0.,0.,-1.));
#8910=DIRECTION('center_axis',(-0.937183333935343,0.,0.348837209302326));
#8911=DIRECTION('ref_axis',(-0.348837209302326,0.,-0.937183333935344));
#8912=DIRECTION('center_axis',(0.,-1.,0.));
#8913=DIRECTION('ref_axis',(0.,0.,-1.));
#8914=DIRECTION('center_axis',(0.,0.,1.));
#8915=DIRECTION('ref_axis',(-1.,0.,0.));
#8916=DIRECTION('center_axis',(0.,0.,1.));
#8917=DIRECTION('ref_axis',(-0.707106781186547,-0.707106781186548,0.));
#8918=DIRECTION('center_axis',(0.,0.,1.));
#8919=DIRECTION('ref_axis',(-1.,0.,0.));
#8920=DIRECTION('center_axis',(0.,1.,0.));
#8921=DIRECTION('ref_axis',(0.625710934062106,0.,-0.780055015364382));
#8922=DIRECTION('center_axis',(0.,-1.,0.));
#8923=DIRECTION('ref_axis',(0.,0.,-1.));
#8924=DIRECTION('center_axis',(0.,-1.,0.));
#8925=DIRECTION('ref_axis',(1.,0.,0.));
#8926=DIRECTION('center_axis',(0.,-1.,0.));
#8927=DIRECTION('ref_axis',(1.,0.,0.));
#8928=DIRECTION('center_axis',(0.,-1.,0.));
#8929=DIRECTION('ref_axis',(-0.216439613938103,0.,0.976296007119933));
#8930=DIRECTION('center_axis',(0.,-1.,0.));
#8931=DIRECTION('ref_axis',(1.,0.,0.));
#8932=DIRECTION('center_axis',(0.,-1.,0.));
#8933=DIRECTION('ref_axis',(1.,0.,0.));
#8934=DIRECTION('center_axis',(0.,-1.,0.));
#8935=DIRECTION('ref_axis',(1.,0.,0.));
#8936=DIRECTION('center_axis',(0.,-1.,0.));
#8937=DIRECTION('ref_axis',(1.,0.,0.));
#8938=DIRECTION('center_axis',(0.,1.,0.));
#8939=DIRECTION('ref_axis',(-0.866025403784438,0.,-0.5));
#8940=DIRECTION('center_axis',(0.,-1.,0.));
#8941=DIRECTION('ref_axis',(1.,0.,0.));
#8942=DIRECTION('center_axis',(0.,-1.,0.));
#8943=DIRECTION('ref_axis',(0.,0.,-1.));
#8944=DIRECTION('center_axis',(0.,-1.,0.));
#8945=DIRECTION('ref_axis',(1.,0.,0.));
#8946=DIRECTION('center_axis',(0.,-1.,0.));
#8947=DIRECTION('ref_axis',(0.,0.,-1.));
#8948=DIRECTION('',(0.,1.,0.));
#8949=DIRECTION('center_axis',(0.,-1.,0.));
#8950=DIRECTION('ref_axis',(1.,0.,0.));
#8951=DIRECTION('center_axis',(0.,-1.,0.));
#8952=DIRECTION('ref_axis',(0.,0.,-1.));
#8953=DIRECTION('center_axis',(0.,-1.,0.));
#8954=DIRECTION('ref_axis',(1.,0.,0.));
#8955=DIRECTION('center_axis',(0.,-1.,0.));
#8956=DIRECTION('ref_axis',(0.,0.,-1.));
#8957=DIRECTION('center_axis',(0.,-1.,0.));
#8958=DIRECTION('ref_axis',(1.,0.,0.));
#8959=DIRECTION('',(0.,1.,0.));
#8960=DIRECTION('center_axis',(0.,1.,0.));
#8961=DIRECTION('ref_axis',(0.,0.,1.));
#8962=DIRECTION('center_axis',(0.,-1.,0.));
#8963=DIRECTION('ref_axis',(1.,0.,0.));
#8964=DIRECTION('center_axis',(0.,-1.,0.));
#8965=DIRECTION('ref_axis',(0.,0.,-1.));
#8966=DIRECTION('',(0.,1.,0.));
#8967=DIRECTION('center_axis',(0.,-1.,0.));
#8968=DIRECTION('ref_axis',(1.,0.,0.));
#8969=DIRECTION('center_axis',(0.,1.,0.));
#8970=DIRECTION('ref_axis',(0.,0.,1.));
#8971=DIRECTION('center_axis',(0.,-1.,0.));
#8972=DIRECTION('ref_axis',(0.,0.,-1.));
#8973=DIRECTION('center_axis',(0.,-1.,0.));
#8974=DIRECTION('ref_axis',(1.,0.,0.));
#8975=DIRECTION('center_axis',(0.,-1.,0.));
#8976=DIRECTION('ref_axis',(0.,0.,-1.));
#8977=DIRECTION('center_axis',(-1.,0.,-1.22464679914735E-16));
#8978=DIRECTION('ref_axis',(-1.22464679914735E-16,0.,1.));
#8979=DIRECTION('center_axis',(0.,-1.,0.));
#8980=DIRECTION('ref_axis',(1.,0.,0.));
#8981=DIRECTION('center_axis',(0.,-1.,0.));
#8982=DIRECTION('ref_axis',(0.,0.,-1.));
#8983=DIRECTION('center_axis',(0.,-1.,0.));
#8984=DIRECTION('ref_axis',(1.,0.,0.));
#8985=DIRECTION('center_axis',(0.,-1.,0.));
#8986=DIRECTION('ref_axis',(0.,0.,-1.));
#8987=DIRECTION('center_axis',(-1.,0.,-1.22464679914735E-16));
#8988=DIRECTION('ref_axis',(-1.22464679914735E-16,0.,1.));
#8989=DIRECTION('center_axis',(0.,-1.,0.));
#8990=DIRECTION('ref_axis',(1.,0.,0.));
#8991=DIRECTION('center_axis',(0.,1.,0.));
#8992=DIRECTION('ref_axis',(0.,0.,1.));
#8993=DIRECTION('axis',(0.,0.,1.));
#8994=DIRECTION('refdir',(1.,0.,0.));
#8995=DIRECTION('center_axis',(0.,1.,0.));
#8996=DIRECTION('ref_axis',(0.,0.,-1.));
#8997=DIRECTION('center_axis',(0.,1.,0.));
#8998=DIRECTION('ref_axis',(0.,0.,-1.));
#8999=DIRECTION('',(-8.65956056235493E-17,-0.707106781186548,-0.707106781186547));
#9000=DIRECTION('center_axis',(0.,-1.,0.));
#9001=DIRECTION('ref_axis',(0.,0.,-1.));
#9002=DIRECTION('center_axis',(0.,-1.,0.));
#9003=DIRECTION('ref_axis',(0.,0.,-1.));
#9004=DIRECTION('center_axis',(0.,1.,0.));
#9005=DIRECTION('ref_axis',(0.,0.,-1.));
#9006=DIRECTION('',(0.,1.,0.));
#9007=DIRECTION('center_axis',(0.,1.,0.));
#9008=DIRECTION('ref_axis',(0.,0.,1.));
#9009=DIRECTION('center_axis',(0.,1.,0.));
#9010=DIRECTION('ref_axis',(0.,0.,-1.));
#9011=DIRECTION('center_axis',(0.,-1.,0.));
#9012=DIRECTION('ref_axis',(0.,0.,-1.));
#9013=DIRECTION('',(8.65956056235493E-17,-0.707106781186548,0.707106781186547));
#9014=DIRECTION('center_axis',(0.,-1.,0.));
#9015=DIRECTION('ref_axis',(0.,0.,-1.));
#9016=DIRECTION('center_axis',(0.,-1.,0.));
#9017=DIRECTION('ref_axis',(0.,0.,-1.));
#9018=DIRECTION('center_axis',(0.,-1.,0.));
#9019=DIRECTION('ref_axis',(0.,0.,-1.));
#9020=DIRECTION('center_axis',(0.,-1.,0.));
#9021=DIRECTION('ref_axis',(0.,0.,-1.));
#9022=DIRECTION('center_axis',(0.,-1.,0.));
#9023=DIRECTION('ref_axis',(1.,0.,0.));
#9024=DIRECTION('',(0.,1.,0.));
#9025=DIRECTION('center_axis',(0.,1.,0.));
#9026=DIRECTION('ref_axis',(0.,0.,1.));
#9027=DIRECTION('center_axis',(0.,-1.,0.));
#9028=DIRECTION('ref_axis',(1.,0.,0.));
#9029=DIRECTION('center_axis',(0.,-1.,0.));
#9030=DIRECTION('ref_axis',(0.,0.,-1.));
#9031=DIRECTION('center_axis',(-1.,0.,-1.22464679914735E-16));
#9032=DIRECTION('ref_axis',(-1.22464679914735E-16,0.,1.));
#9033=DIRECTION('center_axis',(0.,-1.,0.));
#9034=DIRECTION('ref_axis',(1.,0.,0.));
#9035=DIRECTION('center_axis',(0.,-1.,0.));
#9036=DIRECTION('ref_axis',(0.,0.,-1.));
#9037=DIRECTION('center_axis',(0.,-1.,0.));
#9038=DIRECTION('ref_axis',(1.,0.,0.));
#9039=DIRECTION('center_axis',(0.,-1.,0.));
#9040=DIRECTION('ref_axis',(0.,0.,-1.));
#9041=DIRECTION('',(0.,1.,0.));
#9042=DIRECTION('axis',(0.,0.,1.));
#9043=DIRECTION('refdir',(1.,0.,0.));
#9044=DIRECTION('center_axis',(0.,1.,0.));
#9045=DIRECTION('ref_axis',(1.,0.,0.));
#9046=DIRECTION('center_axis',(0.,-1.,0.));
#9047=DIRECTION('ref_axis',(1.,0.,0.));
#9048=DIRECTION('center_axis',(0.,1.,0.));
#9049=DIRECTION('ref_axis',(1.,0.,0.));
#9050=DIRECTION('center_axis',(0.,1.,0.));
#9051=DIRECTION('ref_axis',(1.,0.,0.));
#9052=DIRECTION('center_axis',(0.,-1.,0.));
#9053=DIRECTION('ref_axis',(1.,0.,0.));
#9054=DIRECTION('',(0.,-1.,0.));
#9055=DIRECTION('center_axis',(0.,1.,0.));
#9056=DIRECTION('ref_axis',(1.,0.,0.));
#9057=DIRECTION('center_axis',(0.,1.,0.));
#9058=DIRECTION('ref_axis',(1.,0.,0.));
#9059=DIRECTION('',(0.,-1.,0.));
#9060=DIRECTION('center_axis',(0.,1.,0.));
#9061=DIRECTION('ref_axis',(1.,0.,0.));
#9062=DIRECTION('',(1.0482071200617E-83,-2.53345958565262E-50,1.));
#9063=DIRECTION('',(1.,4.13745348849401E-34,0.));
#9064=DIRECTION('',(1.0482071200617E-83,-2.53345958565262E-50,1.));
#9065=DIRECTION('',(1.,4.13745348849401E-34,0.));
#9066=DIRECTION('',(1.0482071200617E-83,-2.53345958565262E-50,1.));
#9067=DIRECTION('',(1.,4.13745348849401E-34,0.));
#9068=CARTESIAN_POINT('',(0.,0.,0.));
#9069=CARTESIAN_POINT('',(0.,0.,0.));
#9070=CARTESIAN_POINT('Origin',(100.,0.,0.));
#9071=CARTESIAN_POINT('',(40.,13.0000001937151,60.6217791682456));
#9072=CARTESIAN_POINT('',(40.447943891461,13.0000001937151,60.6217791682456));
#9073=CARTESIAN_POINT('',(100.,13.0000001937151,60.6217791682456));
#9074=CARTESIAN_POINT('',(40.,11.0235954545489,61.0121336933448));
#9075=CARTESIAN_POINT('Origin',(40.,0.,0.));
#9076=CARTESIAN_POINT('',(40.3101512266563,11.1044127270875,60.9974764440844));
#9077=CARTESIAN_POINT('Ctrl Pts',(40.3101512266563,11.1044127270875,60.9974764440843));
#9078=CARTESIAN_POINT('Ctrl Pts',(40.206466816307,11.0786837498565,61.0021603293674));
#9079=CARTESIAN_POINT('Ctrl Pts',(40.1030748849495,11.051740695008,61.0070484467551));
#9080=CARTESIAN_POINT('Ctrl Pts',(40.,11.0235954545489,61.0121336933448));
#9081=CARTESIAN_POINT('Ctrl Pts',(40.447943891461,13.0000001937151,60.6217791682456));
#9082=CARTESIAN_POINT('Ctrl Pts',(40.3990195416424,12.3688879118913,60.7571176538284));
#9083=CARTESIAN_POINT('Ctrl Pts',(40.3529841255648,11.7368100165294,60.8823503615178));
#9084=CARTESIAN_POINT('Ctrl Pts',(40.3101512266563,11.1044127270875,60.9974764440843));
#9085=CARTESIAN_POINT('Origin',(40.,0.,0.));
#9086=CARTESIAN_POINT('',(40.,13.0000001937151,61.806093531145));
#9087=CARTESIAN_POINT('',(40.,13.0000001937151,1.4951603581638));
#9088=CARTESIAN_POINT('',(40.,11.1044127270875,61.806093531145));
#9089=CARTESIAN_POINT('',(40.,12.0522064604013,61.806093531145));
#9090=CARTESIAN_POINT('Ctrl Pts',(40.,11.0235954545489,61.0121336933448));
#9091=CARTESIAN_POINT('Ctrl Pts',(40.,11.0392391172562,61.1619597179806));
#9092=CARTESIAN_POINT('Ctrl Pts',(40.,11.0545908701311,61.3109567672493));
#9093=CARTESIAN_POINT('Ctrl Pts',(40.,11.0812491470285,61.573610834293));
#9094=CARTESIAN_POINT('Ctrl Pts',(40.,11.0928566707619,61.6893241017537));
#9095=CARTESIAN_POINT('Ctrl Pts',(40.,11.1044127270875,61.806093531145));
#9096=CARTESIAN_POINT('Origin',(40.,0.,0.));
#9097=CARTESIAN_POINT('',(40.,-13.0000001937151,60.6217791682456));
#9098=CARTESIAN_POINT('',(40.,-13.0000001937151,61.806093531145));
#9099=CARTESIAN_POINT('',(40.,-13.0000001937151,7.40289887025788));
#9100=CARTESIAN_POINT('',(40.,-11.0235954545489,61.0121336933448));
#9101=CARTESIAN_POINT('Origin',(40.,0.,0.));
#9102=CARTESIAN_POINT('',(40.,-11.1044127270875,61.806093531145));
#9103=CARTESIAN_POINT('Ctrl Pts',(40.,-11.1044127270875,61.806093531145));
#9104=CARTESIAN_POINT('Ctrl Pts',(40.,-11.0928566707619,61.6893241017538));
#9105=CARTESIAN_POINT('Ctrl Pts',(40.,-11.0812491470285,61.573610834293));
#9106=CARTESIAN_POINT('Ctrl Pts',(40.,-11.0545908701311,61.3109567672493));
#9107=CARTESIAN_POINT('Ctrl Pts',(40.,-11.0392391172562,61.1619597179806));
#9108=CARTESIAN_POINT('Ctrl Pts',(40.,-11.0235954545489,61.0121336933448));
#9109=CARTESIAN_POINT('',(40.,-12.0522064604013,61.806093531145));
#9110=CARTESIAN_POINT('Origin',(100.,0.,0.));
#9111=CARTESIAN_POINT('',(40.447943891461,-13.0000001937151,60.6217791682456));
#9112=CARTESIAN_POINT('',(100.,-13.0000001937151,60.6217791682456));
#9113=CARTESIAN_POINT('',(40.3101512266563,-11.1044127270875,60.9974764440843));
#9114=CARTESIAN_POINT('Ctrl Pts',(40.3101512266563,-11.1044127270875,60.9974764440844));
#9115=CARTESIAN_POINT('Ctrl Pts',(40.3529839930386,-11.736808059874,60.8823507177212));
#9116=CARTESIAN_POINT('Ctrl Pts',(40.3990195959461,-12.3688886123954,60.7571175036092));
#9117=CARTESIAN_POINT('Ctrl Pts',(40.447943891461,-13.0000001937151,60.6217791682456));
#9118=CARTESIAN_POINT('Ctrl Pts',(40.,-11.0235954545489,61.0121336933448));
#9119=CARTESIAN_POINT('Ctrl Pts',(40.1030748849495,-11.051740695008,61.0070484467551));
#9120=CARTESIAN_POINT('Ctrl Pts',(40.206466816307,-11.0786837498565,61.0021603293674));
#9121=CARTESIAN_POINT('Ctrl Pts',(40.3101512266563,-11.1044127270875,60.9974764440843));
#9122=CARTESIAN_POINT('Origin',(0.,-12.0522064604013,46.0000006854534));
#9123=CARTESIAN_POINT('',(-5.2671666906542E-15,-11.1044127270875,89.0096806545792));
#9124=CARTESIAN_POINT('Origin',(0.,-11.1044127270875,46.0000006854534));
#9125=CARTESIAN_POINT('Origin',(0.,-11.1044127270875,46.0000006854534));
#9126=CARTESIAN_POINT('Origin',(0.,-13.0000001937151,46.0000006854534));
#9127=CARTESIAN_POINT('Origin',(0.,0.,46.0000006854534));
#9128=CARTESIAN_POINT('',(-4.75034014595469E-15,-8.95869751525163,84.789471651793));
#9129=CARTESIAN_POINT('Origin',(0.,-8.95869751525163,46.0000006854534));
#9130=CARTESIAN_POINT('Origin',(-5.63337536002166E-15,0.,92.0000013709068));
#9131=CARTESIAN_POINT('Origin',(0.,0.,46.0000006854534));
#9132=CARTESIAN_POINT('',(-5.2671666906542E-15,11.1044127270875,89.0096806545792));
#9133=CARTESIAN_POINT('Origin',(0.,11.1044127270875,46.0000006854534));
#9134=CARTESIAN_POINT('',(-4.75034014595469E-15,8.95869751525163,84.789471651793));
#9135=CARTESIAN_POINT('Origin',(-5.63337536002166E-15,0.,92.0000013709068));
#9136=CARTESIAN_POINT('Origin',(0.,8.95869751525163,46.0000006854534));
#9137=CARTESIAN_POINT('Origin',(0.,11.1044127270875,46.0000006854534));
#9138=CARTESIAN_POINT('Origin',(0.,12.0522064604013,46.0000006854534));
#9139=CARTESIAN_POINT('Origin',(0.,13.0000001937151,46.0000006854534));
#9140=CARTESIAN_POINT('Origin',(-4.44089209850063E-15,24.091417678654,46.0000006854534));
#9141=CARTESIAN_POINT('',(12.0000001788139,24.091417678654,46.0000006854534));
#9142=CARTESIAN_POINT('Origin',(-4.30072818774468E-15,24.091417678654,46.0000006854534));
#9143=CARTESIAN_POINT('',(0.095,24.0914172018169,34.9099994376302));
#9144=CARTESIAN_POINT('',(-0.0950000000000001,24.0914172018169,34.9099994376302));
#9145=CARTESIAN_POINT('',(-0.0475,24.0914172018169,34.9099994376302));
#9146=CARTESIAN_POINT('',(-0.745,24.0914172018169,34.2599994376302));
#9147=CARTESIAN_POINT('Origin',(-0.0950000000000027,24.0914172018169,34.2599994376302));
#9148=CARTESIAN_POINT('',(-0.745,24.0914172018169,34.1834618013566));
#9149=CARTESIAN_POINT('',(-0.745,24.0914172018169,40.0917309006783));
#9150=CARTESIAN_POINT('',(-1.21009909230733,24.0914172018169,34.2220010109189));
#9151=CARTESIAN_POINT('Origin',(0.,24.0914172018169,46.));
#9152=CARTESIAN_POINT('',(-1.19750141142382,24.0914172018169,34.2974947735931));
#9153=CARTESIAN_POINT('',(-0.231331120194387,24.0914172018169,40.087435901917));
#9154=CARTESIAN_POINT('',(-1.73164977495311,24.0914172018169,35.0456161044873));
#9155=CARTESIAN_POINT('Origin',(-1.83863625863559,24.0914172018169,34.4044812572756));
#9156=CARTESIAN_POINT('',(-1.91905842259963,24.0914172018169,35.0768890766407));
#9157=CARTESIAN_POINT('',(-1.872206260688,24.0914172018169,35.0690708336023));
#9158=CARTESIAN_POINT('',(-2.66717975349388,24.0914172018169,34.5427407131114));
#9159=CARTESIAN_POINT('Origin',(-2.02604490628211,24.0914172018169,34.4357542294289));
#9160=CARTESIAN_POINT('',(-2.67977743437739,24.0914172018169,34.4672469504372));
#9161=CARTESIAN_POINT('',(-1.70730830270621,24.0914172018169,40.2949349600982));
#9162=CARTESIAN_POINT('',(-3.13218983586943,24.0914172018169,34.5818133299514));
#9163=CARTESIAN_POINT('Origin',(0.,24.0914172018169,46.));
#9164=CARTESIAN_POINT('',(-3.10733810599719,24.0914172018169,34.654203945978));
#9165=CARTESIAN_POINT('',(-1.2013521304651,24.0914172018169,40.2061514207103));
#9166=CARTESIAN_POINT('',(-3.51106465811956,24.0914172018169,35.4800398080665));
#9167=CARTESIAN_POINT('Origin',(-3.7221193131026,24.0914172018169,34.8652586009611));
#9168=CARTESIAN_POINT('',(-3.69076993404268,24.0914172018169,35.5417327072154));
#9169=CARTESIAN_POINT('',(-3.6458436150619,24.0914172018169,35.5263094824281));
#9170=CARTESIAN_POINT('',(-4.51660579613114,24.0914172018169,35.138006155093));
#9171=CARTESIAN_POINT('Origin',(-3.90182458902573,24.0914172018169,34.92695150011));
#9172=CARTESIAN_POINT('',(-4.54145752600337,24.0914172018169,35.0656155390664));
#9173=CARTESIAN_POINT('',(-2.62304568553517,24.0914172018169,40.6537583218119));
#9174=CARTESIAN_POINT('',(-4.96884260571852,24.0914172018169,35.2530840163517));
#9175=CARTESIAN_POINT('Origin',(0.,24.0914172018169,46.));
#9176=CARTESIAN_POINT('',(-4.93241471726486,24.0914172018169,35.3203968584337));
#9177=CARTESIAN_POINT('',(-2.13860338630801,24.0914172018169,40.4829080253106));
#9178=CARTESIAN_POINT('',(-5.19470685007498,24.0914172018169,36.201420602192));
#9179=CARTESIAN_POINT('Origin',(-5.50407265554908,24.0914172018169,35.6297626639078));
#9180=CARTESIAN_POINT('',(-5.36180686280421,24.0914172018169,36.2918506068691));
#9181=CARTESIAN_POINT('',(-5.32003185962191,24.0914172018169,36.2692431056998));
#9182=CARTESIAN_POINT('',(-6.24283060656253,24.0914172018169,36.029558474059));
#9183=CARTESIAN_POINT('Origin',(-5.67117266827831,24.0914172018169,35.7201926685849));
#9184=CARTESIAN_POINT('',(-6.27925849501619,24.0914172018169,35.9622456319769));
#9185=CARTESIAN_POINT('',(-3.46723321983251,24.0914172018169,41.1584132198948));
#9186=CARTESIAN_POINT('',(-6.66995830208957,24.0914172018169,36.2175025556668));
#9187=CARTESIAN_POINT('Origin',(0.,24.0914172018169,46.));
#9188=CARTESIAN_POINT('',(-6.62294791289108,24.0914172018169,36.2779015049438));
#9189=CARTESIAN_POINT('',(-3.01751911669538,24.0914172018169,40.910156516995));
#9190=CARTESIAN_POINT('',(-6.73665098075045,24.0914172018169,37.1900810992997));
#9191=CARTESIAN_POINT('Origin',(-7.13588924399873,24.0914172018169,36.677139768192));
#9192=CARTESIAN_POINT('',(-6.88658767753577,24.0914172018169,37.3067815147107));
#9193=CARTESIAN_POINT('',(-6.84910350333944,24.0914172018169,37.277606410858));
#9194=CARTESIAN_POINT('',(-7.79876727189171,24.0914172018169,37.1930784468514));
#9195=CARTESIAN_POINT('Origin',(-7.28582594078405,24.0914172018169,36.7938401836031));
#9196=CARTESIAN_POINT('',(-7.84577766109019,24.0914172018169,37.1326794975744));
#9197=CARTESIAN_POINT('',(-4.21684367029525,24.0914172018169,41.7951339842641));
#9198=CARTESIAN_POINT('',(-8.18913492326323,24.0914172018169,37.4487621241957));
#9199=CARTESIAN_POINT('Origin',(0.,24.0914172018169,46.));
#9200=CARTESIAN_POINT('',(-8.13282435419031,24.0914172018169,37.5005996547796));
#9201=CARTESIAN_POINT('',(-3.81412479166456,24.0914172018169,41.4762426706641));
#9202=CARTESIAN_POINT('',(-8.09483683380951,24.0914172018169,38.4190532182739));
#9203=CARTESIAN_POINT('Origin',(-8.57305737574704,24.0914172018169,37.9788201967172));
#9204=CARTESIAN_POINT('',(-8.2235203324184,24.0914172018169,38.5588407613018));
#9205=CARTESIAN_POINT('',(-8.19134945776618,24.0914172018169,38.5238938755448));
#9206=CARTESIAN_POINT('',(-9.14197389591267,24.0914172018169,38.5968282816826));
#9207=CARTESIAN_POINT('Origin',(-8.70174087435594,24.0914172018169,38.1186077397451));
#9208=CARTESIAN_POINT('',(-9.19828446498558,24.0914172018169,38.5449907510987));
#9209=CARTESIAN_POINT('',(-4.85142961792338,24.0914172018169,42.5465525322751));
#9210=CARTESIAN_POINT('',(-9.48493329121178,24.0914172018169,38.9132771705631));
#9211=CARTESIAN_POINT('Origin',(0.,24.0914172018169,46.));
#9212=CARTESIAN_POINT('',(-9.42085854779804,24.0914172018169,38.95513928975));
#9213=CARTESIAN_POINT('',(-4.50669108499841,24.0914172018169,42.1657251317222));
#9214=CARTESIAN_POINT('',(-9.23221663970698,24.0914172018169,39.8548138034002));
#9215=CARTESIAN_POINT('Origin',(-9.77637485057762,24.0914172018169,39.4992975006207));
#9216=CARTESIAN_POINT('',(-9.33613678975024,24.0914172018169,40.0138754342701));
#9217=CARTESIAN_POINT('',(-9.31015675223942,24.0914172018169,39.9741100265527));
#9218=CARTESIAN_POINT('',(-10.2358113034005,24.0914172018169,40.2025173423612));
#9219=CARTESIAN_POINT('Origin',(-9.88029500062088,24.0914172018169,39.6583591314905));
#9220=CARTESIAN_POINT('',(-10.2998860468142,24.0914172018169,40.1606552231743));
#9221=CARTESIAN_POINT('',(-5.3536812123077,24.0914172018169,43.3921721247399));
#9222=CARTESIAN_POINT('',(-10.5220074043518,24.0914172018169,40.5710995420099));
#9223=CARTESIAN_POINT('Origin',(0.,24.0914172018169,46.));
#9224=CARTESIAN_POINT('',(-10.4519162785672,24.0914172018169,40.6018443603148));
#9225=CARTESIAN_POINT('',(-5.07632659360036,24.0914172018169,42.9597966159784));
#9226=CARTESIAN_POINT('',(-10.1177656422658,24.0914172018169,41.458199048665));
#9227=CARTESIAN_POINT('Origin',(-10.7130183045916,24.0914172018169,41.1970970226405));
#9228=CARTESIAN_POINT('',(-10.1940877729499,24.0914172018169,41.6321959807294));
#9229=CARTESIAN_POINT('',(-10.1750072402789,24.0914172018169,41.5886967477133));
#9230=CARTESIAN_POINT('',(-11.0504424613001,24.0914172018169,41.9663466170308));
#9231=CARTESIAN_POINT('Origin',(-10.7893404352757,24.0914172018169,41.371093954705));
#9232=CARTESIAN_POINT('',(-11.1205335870847,24.0914172018169,41.9356017987259));
#9233=CARTESIAN_POINT('',(-5.7098983392256,24.0914172018169,44.308926463542));
#9234=CARTESIAN_POINT('',(-11.2720685843273,24.0914172018169,42.3770081658634));
#9235=CARTESIAN_POINT('Origin',(0.,24.0914172018169,46.));
#9236=CARTESIAN_POINT('',(-11.1978729793693,24.0914172018169,42.3957970447886));
#9237=CARTESIAN_POINT('',(-5.5074931457247,24.0914172018169,43.8367969233319));
#9238=CARTESIAN_POINT('',(-10.7273283731503,24.0914172018169,43.1854727842907));
#9239=CARTESIAN_POINT('Origin',(-11.3574385460108,24.0914172018169,43.0259072176492));
#9240=CARTESIAN_POINT('',(-10.773970615707,24.0914172018169,43.3696588348192));
#9241=CARTESIAN_POINT('',(-10.7623100550678,24.0914172018169,43.3236123221871));
#9242=CARTESIAN_POINT('',(-11.5636463552091,24.0914172018169,43.8402034410382));
#9243=CARTESIAN_POINT('Origin',(-11.4040807885676,24.0914172018169,43.2100932681777));
#9244=CARTESIAN_POINT('',(-11.6378419601671,24.0914172018169,43.821414562113));
#9245=CARTESIAN_POINT('',(-5.91036432404351,24.0914172018169,45.2718088801189));
#9246=CARTESIAN_POINT('',(-11.7146571174122,24.0914172018169,44.2817425625173));
#9247=CARTESIAN_POINT('Origin',(0.,24.0914172018169,46.));
#9248=CARTESIAN_POINT('',(-11.6383808959705,24.0914172018169,44.2880629904247));
#9249=CARTESIAN_POINT('',(-5.78842964179679,24.0914172018169,44.7728037715674));
#9250=CARTESIAN_POINT('',(-11.0442775500731,24.0914172018169,44.9895194854361));
#9251=CARTESIAN_POINT('Origin',(-11.6920574705275,24.0914172018169,44.9358429108791));
#9252=CARTESIAN_POINT('',(-11.0599676257129,24.0914172018169,45.1788705391074));
#9253=CARTESIAN_POINT('',(-11.0560451068029,24.0914172018169,45.1315327756895));
#9254=CARTESIAN_POINT('',(-11.7614241207242,24.0914172018169,45.7729738850047));
#9255=CARTESIAN_POINT('Origin',(-11.7077475461672,24.0914172018169,45.1251939645503));
#9256=CARTESIAN_POINT('',(-11.8377003421659,24.0914172018169,45.7666534570972));
#9257=CARTESIAN_POINT('',(-5.94961097727141,24.0914172018169,46.2545544521936));
#9258=CARTESIAN_POINT('',(-11.8377003421659,24.0914172018169,46.2333465429029));
#9259=CARTESIAN_POINT('Origin',(0.,24.0914172018169,46.));
#9260=CARTESIAN_POINT('',(-11.7614241207242,24.0914172018169,46.2270261149954));
#9261=CARTESIAN_POINT('',(-5.91147286655056,24.0914172018169,45.7422853338527));
#9262=CARTESIAN_POINT('',(-11.0599676257129,24.0914172018169,46.8211294608927));
#9263=CARTESIAN_POINT('Origin',(-11.7077475461672,24.0914172018169,46.8748060354497));
#9264=CARTESIAN_POINT('',(-11.0442775500731,24.0914172018169,47.010480514564));
#9265=CARTESIAN_POINT('',(-11.0482000689831,24.0914172018169,46.9631427511462));
#9266=CARTESIAN_POINT('',(-11.6383808959705,24.0914172018169,47.7119370095753));
#9267=CARTESIAN_POINT('Origin',(-11.6920574705275,24.0914172018169,47.064157089121));
#9268=CARTESIAN_POINT('',(-11.7146571174122,24.0914172018169,47.7182574374828));
#9269=CARTESIAN_POINT('',(-5.82656775251763,24.0914172018169,47.2303564423864));
#9270=CARTESIAN_POINT('',(-11.6378419601671,24.0914172018169,48.1785854378871));
#9271=CARTESIAN_POINT('Origin',(0.,24.0914172018169,46.));
#9272=CARTESIAN_POINT('',(-11.5636463552091,24.0914172018169,48.1597965589618));
#9273=CARTESIAN_POINT('',(-5.8732665215645,24.0914172018169,46.7187966804185));
#9274=CARTESIAN_POINT('',(-10.773970615707,24.0914172018169,48.6303411651809));
#9275=CARTESIAN_POINT('Origin',(-11.4040807885676,24.0914172018169,48.7899067318224));
#9276=CARTESIAN_POINT('',(-10.7273283731503,24.0914172018169,48.8145272157094));
#9277=CARTESIAN_POINT('',(-10.7389889337894,24.0914172018169,48.7684807030772));
#9278=CARTESIAN_POINT('',(-11.1978729793693,24.0914172018169,49.6042029552114));
#9279=CARTESIAN_POINT('Origin',(-11.3574385460108,24.0914172018169,48.9740927823509));
#9280=CARTESIAN_POINT('',(-11.2720685843273,24.0914172018169,49.6229918341367));
#9281=CARTESIAN_POINT('',(-5.54459094820372,24.0914172018169,48.1725975161308));
#9282=CARTESIAN_POINT('',(-11.1205335870847,24.0914172018169,50.0643982012741));
#9283=CARTESIAN_POINT('Origin',(0.,24.0914172018169,46.));
#9284=CARTESIAN_POINT('',(-11.0504424613001,24.0914172018169,50.0336533829693));
#9285=CARTESIAN_POINT('',(-5.67485277633329,24.0914172018169,47.6757011273056));
#9286=CARTESIAN_POINT('',(-10.1940877729499,24.0914172018169,50.3678040192706));
#9287=CARTESIAN_POINT('Origin',(-10.7893404352757,24.0914172018169,50.628906045295));
#9288=CARTESIAN_POINT('',(-10.1177656422658,24.0914172018169,50.5418009513351));
#9289=CARTESIAN_POINT('',(-10.1368461749369,24.0914172018169,50.498301718319));
#9290=CARTESIAN_POINT('',(-10.4519162785672,24.0914172018169,51.3981556396853));
#9291=CARTESIAN_POINT('Origin',(-10.7130183045916,24.0914172018169,50.8029029773595));
#9292=CARTESIAN_POINT('',(-10.5220074043518,24.0914172018169,51.4289004579902));
#9293=CARTESIAN_POINT('',(-5.11137215649268,24.0914172018169,49.0555757931741));
#9294=CARTESIAN_POINT('',(-10.2998860468142,24.0914172018169,51.8393447768258));
#9295=CARTESIAN_POINT('Origin',(0.,24.0914172018169,46.));
#9296=CARTESIAN_POINT('',(-10.2358113034005,24.0914172018169,51.7974826576389));
#9297=CARTESIAN_POINT('',(-5.32164384060084,24.0914172018169,48.5868968156667));
#9298=CARTESIAN_POINT('',(-9.33613678975024,24.0914172018169,51.9861245657299));
#9299=CARTESIAN_POINT('Origin',(-9.88029500062088,24.0914172018169,52.3416408685095));
#9300=CARTESIAN_POINT('',(-9.23221663970698,24.0914172018169,52.1451861965998));
#9301=CARTESIAN_POINT('',(-9.25819667721779,24.0914172018169,52.1054207888824));
#9302=CARTESIAN_POINT('',(-9.42085854779804,24.0914172018169,53.04486071025));
#9303=CARTESIAN_POINT('Origin',(-9.77637485057762,24.0914172018169,52.5007024993794));
#9304=CARTESIAN_POINT('',(-9.48493329121178,24.0914172018169,53.086722829437));
#9305=CARTESIAN_POINT('',(-4.53872845670529,24.0914172018169,49.8552059278713));
#9306=CARTESIAN_POINT('',(-9.19828446498559,24.0914172018169,53.4550092489014));
#9307=CARTESIAN_POINT('Origin',(0.,24.0914172018169,46.));
#9308=CARTESIAN_POINT('',(-9.14197389591267,24.0914172018169,53.4031717183175));
#9309=CARTESIAN_POINT('',(-4.82327433338693,24.0914172018169,49.427528702433));
#9310=CARTESIAN_POINT('',(-8.2235203324184,24.0914172018169,53.4411592386983));
#9311=CARTESIAN_POINT('Origin',(-8.70174087435594,24.0914172018169,53.881392260255));
#9312=CARTESIAN_POINT('',(-8.09483683380951,24.0914172018169,53.5809467817262));
#9313=CARTESIAN_POINT('',(-8.12700770846174,24.0914172018169,53.5459998959692));
#9314=CARTESIAN_POINT('',(-8.13282435419032,24.0914172018169,54.4994003452204));
#9315=CARTESIAN_POINT('Origin',(-8.57305737574704,24.0914172018169,54.0211798032829));
#9316=CARTESIAN_POINT('',(-8.18913492326323,24.0914172018169,54.5512378758044));
#9317=CARTESIAN_POINT('',(-3.84228007620103,24.0914172018169,50.5496760946279));
#9318=CARTESIAN_POINT('',(-7.84577766109019,24.0914172018169,54.8673205024257));
#9319=CARTESIAN_POINT('Origin',(0.,24.0914172018169,46.));
#9320=CARTESIAN_POINT('',(-7.79876727189171,24.0914172018169,54.8069215531487));
#9321=CARTESIAN_POINT('',(-4.19333847569602,24.0914172018169,50.1746665410975));
#9322=CARTESIAN_POINT('',(-6.88658767753577,24.0914172018169,54.6932184852893));
#9323=CARTESIAN_POINT('Origin',(-7.28582594078406,24.0914172018169,55.206159816397));
#9324=CARTESIAN_POINT('',(-6.73665098075046,24.0914172018169,54.8099189007004));
#9325=CARTESIAN_POINT('',(-6.77413515494678,24.0914172018169,54.7807437968476));
#9326=CARTESIAN_POINT('',(-6.62294791289108,24.0914172018169,55.7220984950563));
#9327=CARTESIAN_POINT('Origin',(-7.13588924399874,24.0914172018169,55.322860231808));
#9328=CARTESIAN_POINT('',(-6.66995830208957,24.0914172018169,55.7824974443333));
#9329=CARTESIAN_POINT('',(-3.04102431129463,24.0914172018169,51.1200429576436));
#9330=CARTESIAN_POINT('',(-6.27925849501619,24.0914172018169,56.0377543680231));
#9331=CARTESIAN_POINT('Origin',(0.,24.0914172018169,46.));
#9332=CARTESIAN_POINT('',(-6.24283060656253,24.0914172018169,55.9704415259411));
#9333=CARTESIAN_POINT('',(-3.44901927560569,24.0914172018169,50.8079303590642));
#9334=CARTESIAN_POINT('',(-5.36180686280422,24.0914172018169,55.708149393131));
#9335=CARTESIAN_POINT('Origin',(-5.67117266827831,24.0914172018169,56.2798073314152));
#9336=CARTESIAN_POINT('',(-5.19470685007498,24.0914172018169,55.798579397808));
#9337=CARTESIAN_POINT('',(-5.23648185325729,24.0914172018169,55.7759718966388));
#9338=CARTESIAN_POINT('',(-4.93241471726486,24.0914172018169,56.6796031415663));
#9339=CARTESIAN_POINT('Origin',(-5.50407265554908,24.0914172018169,56.3702373360922));
#9340=CARTESIAN_POINT('',(-4.96884260571852,24.0914172018169,56.7469159836484));
#9341=CARTESIAN_POINT('',(-2.15681733053484,24.0914172018169,51.5507483957305));
#9342=CARTESIAN_POINT('',(-4.54145752600337,24.0914172018169,56.9343844609337));
#9343=CARTESIAN_POINT('Origin',(0.,24.0914172018169,46.));
#9344=CARTESIAN_POINT('',(-4.51660579613114,24.0914172018169,56.8619938449071));
#9345=CARTESIAN_POINT('',(-2.61061982059906,24.0914172018169,51.3100463701748));
#9346=CARTESIAN_POINT('',(-3.69076993404269,24.0914172018169,56.4582672927847));
#9347=CARTESIAN_POINT('Origin',(-3.90182458902573,24.0914172018169,57.0730484998901));
#9348=CARTESIAN_POINT('',(-3.51106465811956,24.0914172018169,56.5199601919336));
#9349=CARTESIAN_POINT('',(-3.55599097710034,24.0914172018169,56.5045369671464));
#9350=CARTESIAN_POINT('',(-3.1073381059972,24.0914172018169,57.345796054022));
#9351=CARTESIAN_POINT('Origin',(-3.72211931310261,24.0914172018169,57.134741399039));
#9352=CARTESIAN_POINT('',(-3.13218983586943,24.0914172018169,57.4181866700487));
#9353=CARTESIAN_POINT('',(-1.21377799540123,24.0914172018169,51.8300438873031));
#9354=CARTESIAN_POINT('',(-2.67977743437739,24.0914172018169,57.5327530495629));
#9355=CARTESIAN_POINT('Origin',(0.,24.0914172018169,46.));
#9356=CARTESIAN_POINT('',(-2.66717975349388,24.0914172018169,57.4572592868887));
#9357=CARTESIAN_POINT('',(-1.70100946226446,24.0914172018169,51.6673181585648));
#9358=CARTESIAN_POINT('',(-1.91905842259963,24.0914172018169,56.9231109233594));
#9359=CARTESIAN_POINT('Origin',(-2.02604490628211,24.0914172018169,57.5642457705711));
#9360=CARTESIAN_POINT('',(-1.73164977495311,24.0914172018169,56.9543838955127));
#9361=CARTESIAN_POINT('',(-1.77850193686474,24.0914172018169,56.9465656524744));
#9362=CARTESIAN_POINT('',(-1.19750141142382,24.0914172018169,57.702505226407));
#9363=CARTESIAN_POINT('Origin',(-1.83863625863559,24.0914172018169,57.5955187427245));
#9364=CARTESIAN_POINT('',(-1.21009909230733,24.0914172018169,57.7779989890812));
#9365=CARTESIAN_POINT('',(-0.237629960636153,24.0914172018169,51.9503109794202));
#9366=CARTESIAN_POINT('',(-0.745000000000001,24.0914172018169,57.8165381986435));
#9367=CARTESIAN_POINT('Origin',(0.,24.0914172018169,46.));
#9368=CARTESIAN_POINT('',(-0.745000000000001,24.0914172018169,57.7400005623699));
#9369=CARTESIAN_POINT('',(-0.745000000000009,24.0914172018169,51.8700002811849));
#9370=CARTESIAN_POINT('',(-0.0950000000000013,24.0914172018169,57.0900005623699));
#9371=CARTESIAN_POINT('Origin',(-0.0950000000000042,24.0914172018169,57.7400005623699));
#9372=CARTESIAN_POINT('',(0.0949999999999987,24.0914172018169,57.0900005623699));
#9373=CARTESIAN_POINT('',(0.0474999999999987,24.0914172018169,57.0900005623699));
#9374=CARTESIAN_POINT('',(0.744999999999999,24.0914172018169,57.7400005623699));
#9375=CARTESIAN_POINT('Origin',(0.0950000000000013,24.0914172018169,57.7400005623699));
#9376=CARTESIAN_POINT('',(0.744999999999999,24.0914172018169,57.8165381986435));
#9377=CARTESIAN_POINT('',(0.744999999999999,24.0914172018169,51.9082690993218));
#9378=CARTESIAN_POINT('',(1.21009909230733,24.0914172018169,57.7779989890812));
#9379=CARTESIAN_POINT('Origin',(0.,24.0914172018169,46.));
#9380=CARTESIAN_POINT('',(1.19750141142382,24.0914172018169,57.702505226407));
#9381=CARTESIAN_POINT('',(0.231331120194386,24.0914172018169,51.9125640980831));
#9382=CARTESIAN_POINT('',(1.73164977495311,24.0914172018169,56.9543838955127));
#9383=CARTESIAN_POINT('Origin',(1.83863625863558,24.0914172018169,57.5955187427245));
#9384=CARTESIAN_POINT('',(1.91905842259963,24.0914172018169,56.9231109233594));
#9385=CARTESIAN_POINT('',(1.872206260688,24.0914172018169,56.9309291663977));
#9386=CARTESIAN_POINT('',(2.66717975349387,24.0914172018169,57.4572592868887));
#9387=CARTESIAN_POINT('Origin',(2.02604490628211,24.0914172018169,57.5642457705711));
#9388=CARTESIAN_POINT('',(2.67977743437739,24.0914172018169,57.5327530495629));
#9389=CARTESIAN_POINT('',(1.70730830270621,24.0914172018169,51.7050650399019));
#9390=CARTESIAN_POINT('',(3.13218983586942,24.0914172018169,57.4181866700487));
#9391=CARTESIAN_POINT('Origin',(0.,24.0914172018169,46.));
#9392=CARTESIAN_POINT('',(3.10733810599719,24.0914172018169,57.345796054022));
#9393=CARTESIAN_POINT('',(1.2013521304651,24.0914172018169,51.7938485792898));
#9394=CARTESIAN_POINT('',(3.51106465811956,24.0914172018169,56.5199601919336));
#9395=CARTESIAN_POINT('Origin',(3.7221193131026,24.0914172018169,57.134741399039));
#9396=CARTESIAN_POINT('',(3.69076993404268,24.0914172018169,56.4582672927847));
#9397=CARTESIAN_POINT('',(3.6458436150619,24.0914172018169,56.4736905175719));
#9398=CARTESIAN_POINT('',(4.51660579613114,24.0914172018169,56.8619938449071));
#9399=CARTESIAN_POINT('Origin',(3.90182458902573,24.0914172018169,57.0730484998901));
#9400=CARTESIAN_POINT('',(4.54145752600337,24.0914172018169,56.9343844609337));
#9401=CARTESIAN_POINT('',(2.62304568553517,24.0914172018169,51.3462416781881));
#9402=CARTESIAN_POINT('',(4.96884260571852,24.0914172018169,56.7469159836484));
#9403=CARTESIAN_POINT('Origin',(0.,24.0914172018169,46.));
#9404=CARTESIAN_POINT('',(4.93241471726486,24.0914172018169,56.6796031415663));
#9405=CARTESIAN_POINT('',(2.13860338630801,24.0914172018169,51.5170919746895));
#9406=CARTESIAN_POINT('',(5.19470685007498,24.0914172018169,55.798579397808));
#9407=CARTESIAN_POINT('Origin',(5.50407265554907,24.0914172018169,56.3702373360922));
#9408=CARTESIAN_POINT('',(5.36180686280421,24.0914172018169,55.708149393131));
#9409=CARTESIAN_POINT('',(5.3200318596219,24.0914172018169,55.7307568943002));
#9410=CARTESIAN_POINT('',(6.24283060656253,24.0914172018169,55.9704415259411));
#9411=CARTESIAN_POINT('Origin',(5.67117266827831,24.0914172018169,56.2798073314152));
#9412=CARTESIAN_POINT('',(6.27925849501618,24.0914172018169,56.0377543680231));
#9413=CARTESIAN_POINT('',(3.46723321983251,24.0914172018169,50.8415867801053));
#9414=CARTESIAN_POINT('',(6.66995830208957,24.0914172018169,55.7824974443333));
#9415=CARTESIAN_POINT('Origin',(0.,24.0914172018169,46.));
#9416=CARTESIAN_POINT('',(6.62294791289108,24.0914172018169,55.7220984950563));
#9417=CARTESIAN_POINT('',(3.01751911669538,24.0914172018169,51.0898434830051));
#9418=CARTESIAN_POINT('',(6.73665098075045,24.0914172018169,54.8099189007004));
#9419=CARTESIAN_POINT('Origin',(7.13588924399873,24.0914172018169,55.322860231808));
#9420=CARTESIAN_POINT('',(6.88658767753577,24.0914172018169,54.6932184852893));
#9421=CARTESIAN_POINT('',(6.84910350333944,24.0914172018169,54.7223935891421));
#9422=CARTESIAN_POINT('',(7.79876727189171,24.0914172018169,54.8069215531487));
#9423=CARTESIAN_POINT('Origin',(7.28582594078405,24.0914172018169,55.206159816397));
#9424=CARTESIAN_POINT('',(7.84577766109019,24.0914172018169,54.8673205024257));
#9425=CARTESIAN_POINT('',(4.21684367029525,24.0914172018169,50.204866015736));
#9426=CARTESIAN_POINT('',(8.18913492326323,24.0914172018169,54.5512378758044));
#9427=CARTESIAN_POINT('Origin',(0.,24.0914172018169,46.));
#9428=CARTESIAN_POINT('',(8.13282435419031,24.0914172018169,54.4994003452204));
#9429=CARTESIAN_POINT('',(3.81412479166456,24.0914172018169,50.523757329336));
#9430=CARTESIAN_POINT('',(8.09483683380951,24.0914172018169,53.5809467817262));
#9431=CARTESIAN_POINT('Origin',(8.57305737574704,24.0914172018169,54.0211798032829));
#9432=CARTESIAN_POINT('',(8.2235203324184,24.0914172018169,53.4411592386983));
#9433=CARTESIAN_POINT('',(8.19134945776618,24.0914172018169,53.4761061244552));
#9434=CARTESIAN_POINT('',(9.14197389591267,24.0914172018169,53.4031717183175));
#9435=CARTESIAN_POINT('Origin',(8.70174087435593,24.0914172018169,53.881392260255));
#9436=CARTESIAN_POINT('',(9.19828446498558,24.0914172018169,53.4550092489014));
#9437=CARTESIAN_POINT('',(4.85142961792338,24.0914172018169,49.453447467725));
#9438=CARTESIAN_POINT('',(9.48493329121178,24.0914172018169,53.086722829437));
#9439=CARTESIAN_POINT('Origin',(0.,24.0914172018169,46.));
#9440=CARTESIAN_POINT('',(9.42085854779804,24.0914172018169,53.04486071025));
#9441=CARTESIAN_POINT('',(4.50669108499841,24.0914172018169,49.8342748682778));
#9442=CARTESIAN_POINT('',(9.23221663970698,24.0914172018169,52.1451861965998));
#9443=CARTESIAN_POINT('Origin',(9.77637485057762,24.0914172018169,52.5007024993794));
#9444=CARTESIAN_POINT('',(9.33613678975024,24.0914172018169,51.9861245657299));
#9445=CARTESIAN_POINT('',(9.31015675223942,24.0914172018169,52.0258899734474));
#9446=CARTESIAN_POINT('',(10.2358113034005,24.0914172018169,51.7974826576389));
#9447=CARTESIAN_POINT('Origin',(9.88029500062088,24.0914172018169,52.3416408685095));
#9448=CARTESIAN_POINT('',(10.2998860468142,24.0914172018169,51.8393447768258));
#9449=CARTESIAN_POINT('',(5.3536812123077,24.0914172018169,48.6078278752601));
#9450=CARTESIAN_POINT('',(10.5220074043518,24.0914172018169,51.4289004579902));
#9451=CARTESIAN_POINT('Origin',(0.,24.0914172018169,46.));
#9452=CARTESIAN_POINT('',(10.4519162785672,24.0914172018169,51.3981556396853));
#9453=CARTESIAN_POINT('',(5.07632659360036,24.0914172018169,49.0402033840217));
#9454=CARTESIAN_POINT('',(10.1177656422658,24.0914172018169,50.5418009513351));
#9455=CARTESIAN_POINT('Origin',(10.7130183045916,24.0914172018169,50.8029029773595));
#9456=CARTESIAN_POINT('',(10.1940877729499,24.0914172018169,50.3678040192706));
#9457=CARTESIAN_POINT('',(10.1750072402789,24.0914172018169,50.4113032522867));
#9458=CARTESIAN_POINT('',(11.0504424613001,24.0914172018169,50.0336533829693));
#9459=CARTESIAN_POINT('Origin',(10.7893404352757,24.0914172018169,50.6289060452951));
#9460=CARTESIAN_POINT('',(11.1205335870847,24.0914172018169,50.0643982012741));
#9461=CARTESIAN_POINT('',(5.7098983392256,24.0914172018169,47.6910735364581));
#9462=CARTESIAN_POINT('',(11.2720685843273,24.0914172018169,49.6229918341367));
#9463=CARTESIAN_POINT('Origin',(0.,24.0914172018169,46.));
#9464=CARTESIAN_POINT('',(11.1978729793693,24.0914172018169,49.6042029552114));
#9465=CARTESIAN_POINT('',(5.5074931457247,24.0914172018169,48.1632030766681));
#9466=CARTESIAN_POINT('',(10.7273283731503,24.0914172018169,48.8145272157094));
#9467=CARTESIAN_POINT('Origin',(11.3574385460108,24.0914172018169,48.9740927823509));
#9468=CARTESIAN_POINT('',(10.773970615707,24.0914172018169,48.6303411651809));
#9469=CARTESIAN_POINT('',(10.7623100550678,24.0914172018169,48.676387677813));
#9470=CARTESIAN_POINT('',(11.5636463552091,24.0914172018169,48.1597965589618));
#9471=CARTESIAN_POINT('Origin',(11.4040807885676,24.0914172018169,48.7899067318224));
#9472=CARTESIAN_POINT('',(11.6378419601671,24.0914172018169,48.1785854378871));
#9473=CARTESIAN_POINT('',(5.91036432404351,24.0914172018169,46.7281911198812));
#9474=CARTESIAN_POINT('',(11.7146571174122,24.0914172018169,47.7182574374828));
#9475=CARTESIAN_POINT('Origin',(0.,24.0914172018169,46.));
#9476=CARTESIAN_POINT('',(11.6383808959705,24.0914172018169,47.7119370095753));
#9477=CARTESIAN_POINT('',(5.78842964179679,24.0914172018169,47.2271962284327));
#9478=CARTESIAN_POINT('',(11.0442775500731,24.0914172018169,47.010480514564));
#9479=CARTESIAN_POINT('Origin',(11.6920574705275,24.0914172018169,47.064157089121));
#9480=CARTESIAN_POINT('',(11.0599676257129,24.0914172018169,46.8211294608927));
#9481=CARTESIAN_POINT('',(11.0560451068029,24.0914172018169,46.8684672243105));
#9482=CARTESIAN_POINT('',(11.7614241207242,24.0914172018169,46.2270261149954));
#9483=CARTESIAN_POINT('Origin',(11.7077475461672,24.0914172018169,46.8748060354497));
#9484=CARTESIAN_POINT('',(11.8377003421659,24.0914172018169,46.2333465429029));
#9485=CARTESIAN_POINT('',(5.94961097727141,24.0914172018169,45.7454455478065));
#9486=CARTESIAN_POINT('',(11.8377003421659,24.0914172018169,45.7666534570972));
#9487=CARTESIAN_POINT('Origin',(0.,24.0914172018169,46.));
#9488=CARTESIAN_POINT('',(11.7614241207242,24.0914172018169,45.7729738850047));
#9489=CARTESIAN_POINT('',(5.91147286655056,24.0914172018169,46.2577146661474));
#9490=CARTESIAN_POINT('',(11.0599676257129,24.0914172018169,45.1788705391074));
#9491=CARTESIAN_POINT('Origin',(11.7077475461672,24.0914172018169,45.1251939645503));
#9492=CARTESIAN_POINT('',(11.0442775500731,24.0914172018169,44.9895194854361));
#9493=CARTESIAN_POINT('',(11.0482000689831,24.0914172018169,45.0368572488539));
#9494=CARTESIAN_POINT('',(11.6383808959705,24.0914172018169,44.2880629904247));
#9495=CARTESIAN_POINT('Origin',(11.6920574705275,24.0914172018169,44.9358429108791));
#9496=CARTESIAN_POINT('',(11.7146571174122,24.0914172018169,44.2817425625173));
#9497=CARTESIAN_POINT('',(5.82656775251763,24.0914172018169,44.7696435576137));
#9498=CARTESIAN_POINT('',(11.6378419601671,24.0914172018169,43.821414562113));
#9499=CARTESIAN_POINT('Origin',(0.,24.0914172018169,46.));
#9500=CARTESIAN_POINT('',(11.5636463552091,24.0914172018169,43.8402034410382));
#9501=CARTESIAN_POINT('',(5.8732665215645,24.0914172018169,45.2812033195815));
#9502=CARTESIAN_POINT('',(10.773970615707,24.0914172018169,43.3696588348192));
#9503=CARTESIAN_POINT('Origin',(11.4040807885676,24.0914172018169,43.2100932681777));
#9504=CARTESIAN_POINT('',(10.7273283731503,24.0914172018169,43.1854727842907));
#9505=CARTESIAN_POINT('',(10.7389889337894,24.0914172018169,43.2315192969228));
#9506=CARTESIAN_POINT('',(11.1978729793693,24.0914172018169,42.3957970447886));
#9507=CARTESIAN_POINT('Origin',(11.3574385460108,24.0914172018169,43.0259072176492));
#9508=CARTESIAN_POINT('',(11.2720685843273,24.0914172018169,42.3770081658634));
#9509=CARTESIAN_POINT('',(5.54459094820372,24.0914172018169,43.8274024838693));
#9510=CARTESIAN_POINT('',(11.1205335870847,24.0914172018169,41.9356017987259));
#9511=CARTESIAN_POINT('Origin',(0.,24.0914172018169,46.));
#9512=CARTESIAN_POINT('',(11.0504424613001,24.0914172018169,41.9663466170308));
#9513=CARTESIAN_POINT('',(5.6748527763333,24.0914172018169,44.3242988726944));
#9514=CARTESIAN_POINT('',(10.1940877729499,24.0914172018169,41.6321959807294));
#9515=CARTESIAN_POINT('Origin',(10.7893404352757,24.0914172018169,41.371093954705));
#9516=CARTESIAN_POINT('',(10.1177656422658,24.0914172018169,41.458199048665));
#9517=CARTESIAN_POINT('',(10.1368461749369,24.0914172018169,41.5016982816811));
#9518=CARTESIAN_POINT('',(10.4519162785672,24.0914172018169,40.6018443603148));
#9519=CARTESIAN_POINT('Origin',(10.7130183045916,24.0914172018169,41.1970970226405));
#9520=CARTESIAN_POINT('',(10.5220074043518,24.0914172018169,40.5710995420099));
#9521=CARTESIAN_POINT('',(5.11137215649268,24.0914172018169,42.944424206826));
#9522=CARTESIAN_POINT('',(10.2998860468142,24.0914172018169,40.1606552231743));
#9523=CARTESIAN_POINT('Origin',(0.,24.0914172018169,46.));
#9524=CARTESIAN_POINT('',(10.2358113034005,24.0914172018169,40.2025173423612));
#9525=CARTESIAN_POINT('',(5.32164384060084,24.0914172018169,43.4131031843334));
#9526=CARTESIAN_POINT('',(9.33613678975024,24.0914172018169,40.0138754342701));
#9527=CARTESIAN_POINT('Origin',(9.88029500062088,24.0914172018169,39.6583591314905));
#9528=CARTESIAN_POINT('',(9.23221663970698,24.0914172018169,39.8548138034002));
#9529=CARTESIAN_POINT('',(9.25819667721779,24.0914172018169,39.8945792111177));
#9530=CARTESIAN_POINT('',(9.42085854779804,24.0914172018169,38.95513928975));
#9531=CARTESIAN_POINT('Origin',(9.77637485057762,24.0914172018169,39.4992975006207));
#9532=CARTESIAN_POINT('',(9.48493329121178,24.0914172018169,38.9132771705631));
#9533=CARTESIAN_POINT('',(4.53872845670529,24.0914172018169,42.1447940721288));
#9534=CARTESIAN_POINT('',(9.19828446498559,24.0914172018169,38.5449907510987));
#9535=CARTESIAN_POINT('Origin',(0.,24.0914172018169,46.));
#9536=CARTESIAN_POINT('',(9.14197389591267,24.0914172018169,38.5968282816826));
#9537=CARTESIAN_POINT('',(4.82327433338693,24.0914172018169,42.5724712975671));
#9538=CARTESIAN_POINT('',(8.22352033241841,24.0914172018169,38.5588407613018));
#9539=CARTESIAN_POINT('Origin',(8.70174087435594,24.0914172018169,38.1186077397451));
#9540=CARTESIAN_POINT('',(8.09483683380952,24.0914172018169,38.4190532182739));
#9541=CARTESIAN_POINT('',(8.12700770846174,24.0914172018169,38.4540001040309));
#9542=CARTESIAN_POINT('',(8.13282435419032,24.0914172018169,37.5005996547796));
#9543=CARTESIAN_POINT('Origin',(8.57305737574705,24.0914172018169,37.9788201967172));
#9544=CARTESIAN_POINT('',(8.18913492326324,24.0914172018169,37.4487621241957));
#9545=CARTESIAN_POINT('',(3.84228007620103,24.0914172018169,41.4503239053721));
#9546=CARTESIAN_POINT('',(7.8457776610902,24.0914172018169,37.1326794975744));
#9547=CARTESIAN_POINT('Origin',(0.,24.0914172018169,46.));
#9548=CARTESIAN_POINT('',(7.79876727189171,24.0914172018169,37.1930784468514));
#9549=CARTESIAN_POINT('',(4.19333847569602,24.0914172018169,41.8253334589026));
#9550=CARTESIAN_POINT('',(6.88658767753577,24.0914172018169,37.3067815147107));
#9551=CARTESIAN_POINT('Origin',(7.28582594078406,24.0914172018169,36.7938401836031));
#9552=CARTESIAN_POINT('',(6.73665098075046,24.0914172018169,37.1900810992997));
#9553=CARTESIAN_POINT('',(6.77413515494679,24.0914172018169,37.2192562031525));
#9554=CARTESIAN_POINT('',(6.62294791289109,24.0914172018169,36.2779015049438));
#9555=CARTESIAN_POINT('Origin',(7.13588924399874,24.0914172018169,36.677139768192));
#9556=CARTESIAN_POINT('',(6.66995830208957,24.0914172018169,36.2175025556668));
#9557=CARTESIAN_POINT('',(3.04102431129463,24.0914172018169,40.8799570423565));
#9558=CARTESIAN_POINT('',(6.27925849501619,24.0914172018169,35.9622456319769));
#9559=CARTESIAN_POINT('Origin',(0.,24.0914172018169,46.));
#9560=CARTESIAN_POINT('',(6.24283060656254,24.0914172018169,36.029558474059));
#9561=CARTESIAN_POINT('',(3.44901927560569,24.0914172018169,41.1920696409358));
#9562=CARTESIAN_POINT('',(5.36180686280422,24.0914172018169,36.2918506068691));
#9563=CARTESIAN_POINT('Origin',(5.67117266827832,24.0914172018169,35.7201926685849));
#9564=CARTESIAN_POINT('',(5.19470685007499,24.0914172018169,36.2014206021921));
#9565=CARTESIAN_POINT('',(5.2364818532573,24.0914172018169,36.2240281033613));
#9566=CARTESIAN_POINT('',(4.93241471726487,24.0914172018169,35.3203968584337));
#9567=CARTESIAN_POINT('Origin',(5.50407265554908,24.0914172018169,35.6297626639078));
#9568=CARTESIAN_POINT('',(4.96884260571852,24.0914172018169,35.2530840163517));
#9569=CARTESIAN_POINT('',(2.15681733053485,24.0914172018169,40.4492516042695));
#9570=CARTESIAN_POINT('',(4.54145752600337,24.0914172018169,35.0656155390664));
#9571=CARTESIAN_POINT('Origin',(0.,24.0914172018169,46.));
#9572=CARTESIAN_POINT('',(4.51660579613114,24.0914172018169,35.138006155093));
#9573=CARTESIAN_POINT('',(2.61061982059907,24.0914172018169,40.6899536298253));
#9574=CARTESIAN_POINT('',(3.69076993404269,24.0914172018169,35.5417327072154));
#9575=CARTESIAN_POINT('Origin',(3.90182458902573,24.0914172018169,34.92695150011));
#9576=CARTESIAN_POINT('',(3.51106465811957,24.0914172018169,35.4800398080665));
#9577=CARTESIAN_POINT('',(3.55599097710035,24.0914172018169,35.4954630328537));
#9578=CARTESIAN_POINT('',(3.1073381059972,24.0914172018169,34.654203945978));
#9579=CARTESIAN_POINT('Origin',(3.72211931310261,24.0914172018169,34.8652586009611));
#9580=CARTESIAN_POINT('',(3.13218983586943,24.0914172018169,34.5818133299514));
#9581=CARTESIAN_POINT('',(1.21377799540123,24.0914172018169,40.169956112697));
#9582=CARTESIAN_POINT('',(2.6797774343774,24.0914172018169,34.4672469504372));
#9583=CARTESIAN_POINT('Origin',(0.,24.0914172018169,46.));
#9584=CARTESIAN_POINT('',(2.66717975349388,24.0914172018169,34.5427407131114));
#9585=CARTESIAN_POINT('',(1.70100946226446,24.0914172018169,40.3326818414353));
#9586=CARTESIAN_POINT('',(1.91905842259964,24.0914172018169,35.0768890766407));
#9587=CARTESIAN_POINT('Origin',(2.02604490628212,24.0914172018169,34.4357542294289));
#9588=CARTESIAN_POINT('',(1.73164977495312,24.0914172018169,35.0456161044873));
#9589=CARTESIAN_POINT('',(1.77850193686475,24.0914172018169,35.0534343475257));
#9590=CARTESIAN_POINT('',(1.19750141142383,24.0914172018169,34.2974947735931));
#9591=CARTESIAN_POINT('Origin',(1.83863625863559,24.0914172018169,34.4044812572756));
#9592=CARTESIAN_POINT('',(1.21009909230734,24.0914172018169,34.2220010109189));
#9593=CARTESIAN_POINT('',(0.237629960636157,24.0914172018169,40.0496890205799));
#9594=CARTESIAN_POINT('',(0.745,24.0914172018169,34.1834618013566));
#9595=CARTESIAN_POINT('Origin',(0.,24.0914172018169,46.));
#9596=CARTESIAN_POINT('',(0.745,24.0914172018169,34.2599994376302));
#9597=CARTESIAN_POINT('',(0.745000000000008,24.0914172018169,40.1299997188151));
#9598=CARTESIAN_POINT('Origin',(0.0950000000000028,24.0914172018169,34.2599994376302));
#9599=CARTESIAN_POINT('Origin',(-4.30072818774468E-15,24.091417678654,46.0000006854534));
#9600=CARTESIAN_POINT('',(8.25,25.091417678654,46.0000006854534));
#9601=CARTESIAN_POINT('Origin',(-4.30072818774468E-15,25.091417678654,46.0000006854534));
#9602=CARTESIAN_POINT('',(8.25,24.091417678654,46.0000006854534));
#9603=CARTESIAN_POINT('',(8.25,24.091417678654,46.0000006854534));
#9604=CARTESIAN_POINT('',(-8.25,24.0914172018169,46.));
#9605=CARTESIAN_POINT('Origin',(0.,24.0914172018169,46.));
#9606=CARTESIAN_POINT('Origin',(0.,24.0914172018169,46.));
#9607=CARTESIAN_POINT('Origin',(-4.30072818774468E-15,24.091417678654,46.0000006854534));
#9608=CARTESIAN_POINT('',(12.0000001788139,25.091417678654,46.0000006854534));
#9609=CARTESIAN_POINT('Origin',(-4.30072818774468E-15,25.091417678654,46.0000006854534));
#9610=CARTESIAN_POINT('',(12.0000001788139,24.091417678654,46.0000006854534));
#9611=CARTESIAN_POINT('Origin',(-4.44089209850063E-15,25.091417678654,46.0000006854534));
#9612=CARTESIAN_POINT('Origin',(-4.30072818774468E-15,9.09141720181686,
46.0000006854534));
#9613=CARTESIAN_POINT('',(12.5000001788139,14.0914172018169,46.0000006854534));
#9614=CARTESIAN_POINT('Origin',(-4.30072818774468E-15,14.0914172018169,
46.0000006854534));
#9615=CARTESIAN_POINT('',(12.5000001788139,9.02790882875099,46.0000006854534));
#9616=CARTESIAN_POINT('',(12.5000001788139,9.09141720181686,46.0000006854534));
#9617=CARTESIAN_POINT('',(8.90280851134245,9.02790882875099,37.2256058299254));
#9618=CARTESIAN_POINT('Origin',(0.,9.027908828751,46.0000006854534));
#9619=CARTESIAN_POINT('',(7.12876790448006,9.09141720181686,35.732056751325));
#9620=CARTESIAN_POINT('Ctrl Pts',(7.12876790447969,9.09141720181686,35.7320567513248));
#9621=CARTESIAN_POINT('Ctrl Pts',(7.1694476700539,9.09141720181686,35.7602996604259));
#9622=CARTESIAN_POINT('Ctrl Pts',(7.21068806405702,9.09109517439443,35.7892897901198));
#9623=CARTESIAN_POINT('Ctrl Pts',(7.62673759434743,9.08491911616832,36.0856672220925));
#9624=CARTESIAN_POINT('Ctrl Pts',(7.98556016920265,9.05787216544795,36.3718038652291));
#9625=CARTESIAN_POINT('Ctrl Pts',(8.53252705536385,9.03318225622603,36.8613218254415));
#9626=CARTESIAN_POINT('Ctrl Pts',(8.72027797756533,9.02790882875099,37.0404039537336));
#9627=CARTESIAN_POINT('Ctrl Pts',(8.90280851134245,9.02790882875099,37.2256058299254));
#9628=CARTESIAN_POINT('',(-2.12143724671493,9.09141720181686,33.6813356409529));
#9629=CARTESIAN_POINT('Origin',(-4.30072818774468E-15,9.09141720181686,
46.0000006854534));
#9630=CARTESIAN_POINT('',(-4.36046517865603,9.027908828751,34.2852088436802));
#9631=CARTESIAN_POINT('Ctrl Pts',(-4.36046517865603,9.02790882875099,34.2852088436802));
#9632=CARTESIAN_POINT('Ctrl Pts',(-4.3244154541405,9.02790882875099,34.2717904602745));
#9633=CARTESIAN_POINT('Ctrl Pts',(-4.28819365790715,9.02801846465391,34.2584974118443));
#9634=CARTESIAN_POINT('Ctrl Pts',(-4.09569572636892,9.02918451518797,34.1888690540965));
#9635=CARTESIAN_POINT('Ctrl Pts',(-3.93778459240648,9.03220104215851,34.1352449596703));
#9636=CARTESIAN_POINT('Ctrl Pts',(-3.52717517634843,9.04426171549758,34.0051046390329));
#9637=CARTESIAN_POINT('Ctrl Pts',(-3.27373680451258,9.0557588535856,33.9334212044695));
#9638=CARTESIAN_POINT('Ctrl Pts',(-2.71492784236832,9.07974385910092,33.7944108163492));
#9639=CARTESIAN_POINT('Ctrl Pts',(-2.41583164579782,9.09141720181686,33.7320342549003));
#9640=CARTESIAN_POINT('Ctrl Pts',(-2.12143724671493,9.09141720181686,33.6813356409529));
#9641=CARTESIAN_POINT('',(-12.050253103394,9.02790882875099,42.6771397773666));
#9642=CARTESIAN_POINT('Origin',(0.,9.02790882875099,46.0000006854534));
#9643=CARTESIAN_POINT('',(-12.4566842438295,9.09141720181686,44.9602785495547));
#9644=CARTESIAN_POINT('Ctrl Pts',(-12.4566842438295,9.09141720181686,44.9602785495547));
#9645=CARTESIAN_POINT('Ctrl Pts',(-12.4330541920392,9.09141720181686,44.6771720505633));
#9646=CARTESIAN_POINT('Ctrl Pts',(-12.3990824495632,9.08077820628683,44.3864338666079));
#9647=CARTESIAN_POINT('Ctrl Pts',(-12.2997533226839,9.0539417217481,43.7444954642082));
#9648=CARTESIAN_POINT('Ctrl Pts',(-12.2305935136135,9.03782123057346,43.3931260084764));
#9649=CARTESIAN_POINT('Ctrl Pts',(-12.1146084440836,9.02907055852558,42.9175037331959));
#9650=CARTESIAN_POINT('Ctrl Pts',(-12.0833698401024,9.02790882875099,42.7972366066749));
#9651=CARTESIAN_POINT('Ctrl Pts',(-12.050253103394,9.02790882875099,42.6771397773666));
#9652=CARTESIAN_POINT('',(-9.60755824589134,9.09141720181686,53.9965517558933));
#9653=CARTESIAN_POINT('Origin',(-4.30072818774468E-15,9.09141720181686,
46.0000006854534));
#9654=CARTESIAN_POINT('',(-7.96507474569431,9.027908828751,55.6336702233736));
#9655=CARTESIAN_POINT('Ctrl Pts',(-7.96507474569431,9.027908828751,55.6336702233736));
#9656=CARTESIAN_POINT('Ctrl Pts',(-7.99472026885907,9.027908828751,55.6091594378465));
#9657=CARTESIAN_POINT('Ctrl Pts',(-8.02434328461004,9.02801846465392,55.5844369663529));
#9658=CARTESIAN_POINT('Ctrl Pts',(-8.18089217701274,9.02918451518798,55.4525430463386));
#9659=CARTESIAN_POINT('Ctrl Pts',(-8.30628757202214,9.03220104215852,55.3426000399997));
#9660=CARTESIAN_POINT('Ctrl Pts',(-8.62429710377939,9.04426171549758,55.0520720149793));
#9661=CARTESIAN_POINT('Ctrl Pts',(-8.81309596505972,9.0557588535856,54.8684296639575));
#9662=CARTESIAN_POINT('Ctrl Pts',(-9.2128869736341,9.07974385910092,54.4539921009381));
#9663=CARTESIAN_POINT('Ctrl Pts',(-9.4164547587348,9.09141720181686,54.2261554772572));
#9664=CARTESIAN_POINT('Ctrl Pts',(-9.60755824589134,9.09141720181686,53.9965517558933));
#9665=CARTESIAN_POINT('',(3.14744459205155,9.02790882875099,58.0972564490683));
#9666=CARTESIAN_POINT('Origin',(0.,9.02790882875099,46.0000006854534));
#9667=CARTESIAN_POINT('',(5.32791633934939,9.09141720181686,57.3076667554805));
#9668=CARTESIAN_POINT('Ctrl Pts',(5.32791633934939,9.09141720181686,57.3076667554805));
#9669=CARTESIAN_POINT('Ctrl Pts',(5.02083089179783,9.09141720181685,57.4523584684701));
#9670=CARTESIAN_POINT('Ctrl Pts',(4.69744765813167,9.0762368887711,57.5894695975779));
#9671=CARTESIAN_POINT('Ctrl Pts',(4.13359508914061,9.05096493147023,57.7991658183122));
#9672=CARTESIAN_POINT('Ctrl Pts',(3.90470273544494,9.0411282085108,57.8770141573214));
#9673=CARTESIAN_POINT('Ctrl Pts',(3.51650436066884,9.03092391449469,57.9962531619769));
#9674=CARTESIAN_POINT('Ctrl Pts',(3.3609619244328,9.02844673770972,58.0408021595863));
#9675=CARTESIAN_POINT('Ctrl Pts',(3.18400031895802,9.02793527205998,58.0877011554427));
#9676=CARTESIAN_POINT('Ctrl Pts',(3.16573461836742,9.027908828751,58.0924977793715));
#9677=CARTESIAN_POINT('Ctrl Pts',(3.14744459205154,9.027908828751,58.0972564490683));
#9678=CARTESIAN_POINT('',(11.7289954926063,9.09141720181686,50.322114659514));
#9679=CARTESIAN_POINT('Origin',(-4.30072818774468E-15,9.09141720181686,
46.0000006854534));
#9680=CARTESIAN_POINT('',(12.3255399243503,9.027908828751,48.0811229893065));
#9681=CARTESIAN_POINT('Ctrl Pts',(12.3255399243503,9.027908828751,48.0811229893065));
#9682=CARTESIAN_POINT('Ctrl Pts',(12.3018476932126,9.027908828751,48.2214412878729));
#9683=CARTESIAN_POINT('Ctrl Pts',(12.275674860147,9.02943216267385,48.3619148856793));
#9684=CARTESIAN_POINT('Ctrl Pts',(12.1604309527989,9.04114617878975,48.925715280651));
#9685=CARTESIAN_POINT('Ctrl Pts',(12.056107939971,9.06289025445311,49.3277196593212));
#9686=CARTESIAN_POINT('Ctrl Pts',(11.8678883349892,9.08586715178241,49.9305854172065));
#9687=CARTESIAN_POINT('Ctrl Pts',(11.8000054157118,9.09141720181686,50.1294138022406));
#9688=CARTESIAN_POINT('Ctrl Pts',(11.7289954926063,9.09141720181686,50.322114659514));
#9689=CARTESIAN_POINT('Origin',(0.,9.027908828751,46.0000006854534));
#9690=CARTESIAN_POINT('Origin',(5.41360462088642,7.09141720181686,66.8072803012205));
#9691=CARTESIAN_POINT('',(3.52513789267023,7.09141720181686,59.5489269468832));
#9692=CARTESIAN_POINT('Origin',(3.02154676514591,7.09141720181686,57.6133660523932));
#9693=CARTESIAN_POINT('',(11.5572449530539,7.09141720181686,62.5054570285877));
#9694=CARTESIAN_POINT('Origin',(5.41360462088642,7.09141720181686,66.8072803012205));
#9695=CARTESIAN_POINT('',(13.1955490416318,9.09141720181686,61.3583041558856));
#9696=CARTESIAN_POINT('Origin',(13.1955490416318,7.09141720181686,61.3583041558856));
#9697=CARTESIAN_POINT('Origin',(5.41360462088642,9.09141720181686,66.8072803012205));
#9698=CARTESIAN_POINT('Origin',(-20.7264350413436,7.09141720181686,40.2846800053023));
#9699=CARTESIAN_POINT('',(-13.4962832827354,7.09141720181686,42.2783965216341));
#9700=CARTESIAN_POINT('Origin',(-11.5682428137732,7.09141720181686,42.8100542593226));
#9701=CARTESIAN_POINT('',(-20.0727669707362,7.09141720181686,47.7561402409904));
#9702=CARTESIAN_POINT('Origin',(-20.7264350413436,7.09141720181686,40.2846800053023));
#9703=CARTESIAN_POINT('',(-19.8984554852409,9.09141720181686,49.7485296371739));
#9704=CARTESIAN_POINT('Origin',(-19.8984554852409,7.09141720181686,49.7485296371739));
#9705=CARTESIAN_POINT('Origin',(-20.7264350413436,9.09141720181686,40.2846800053023));
#9706=CARTESIAN_POINT('Origin',(15.3128304204572,7.09141720181686,30.9080417498374));
#9707=CARTESIAN_POINT('',(9.97114539006516,7.09141720181686,36.172678587843));
#9708=CARTESIAN_POINT('Origin',(8.54669604862728,7.09141720181686,37.5765817446445));
#9709=CARTESIAN_POINT('',(8.51552201768233,7.09141720181686,27.7384047867821));
#9710=CARTESIAN_POINT('Origin',(15.3128304204572,7.09141720181686,30.9080417498374));
#9711=CARTESIAN_POINT('',(6.70290644360903,9.09141720181686,26.8931682633007));
#9712=CARTESIAN_POINT('Origin',(6.70290644360903,7.09141720181686,26.8931682633007));
#9713=CARTESIAN_POINT('Origin',(15.3128304204572,9.09141720181686,30.9080417498374));
#9714=CARTESIAN_POINT('Origin',(-1.91905842259963,14.0914172018169,35.0768890766407));
#9715=CARTESIAN_POINT('',(-1.91905842259963,14.0914172018169,35.0768890766407));
#9716=CARTESIAN_POINT('',(-1.73164977495311,14.0914172018169,35.0456161044873));
#9717=CARTESIAN_POINT('',(-1.87220631632959,14.0914172018169,35.0690708428873));
#9718=CARTESIAN_POINT('',(-1.91905842259963,14.0914172018169,35.0768890766407));
#9719=CARTESIAN_POINT('',(-1.73164977495311,14.0914172018169,35.0456161044873));
#9720=CARTESIAN_POINT('Origin',(-2.02604490628211,14.0914172018169,34.4357542294289));
#9721=CARTESIAN_POINT('',(-2.66717975349388,14.0914172018169,34.5427407131114));
#9722=CARTESIAN_POINT('Origin',(-2.02604490628211,14.0914172018169,34.4357542294289));
#9723=CARTESIAN_POINT('',(-2.66717975349388,14.0914172018169,34.5427407131114));
#9724=CARTESIAN_POINT('Origin',(-2.67977743437739,14.0914172018169,34.4672469504372));
#9725=CARTESIAN_POINT('',(-2.67977743437739,14.0914172018169,34.4672469504372));
#9726=CARTESIAN_POINT('',(-1.70730824706462,14.0914172018169,40.2949352935399));
#9727=CARTESIAN_POINT('',(-2.67977743437739,14.0914172018169,34.4672469504372));
#9728=CARTESIAN_POINT('Origin',(-1.19750141142382,14.0914172018169,34.2974947735931));
#9729=CARTESIAN_POINT('',(-1.19750141142382,14.0914172018169,34.2974947735931));
#9730=CARTESIAN_POINT('',(-1.21009909230733,14.0914172018169,34.2220010109189));
#9731=CARTESIAN_POINT('',(-0.2313310645528,14.0914172018169,40.0874362353587));
#9732=CARTESIAN_POINT('',(-1.19750141142382,14.0914172018169,34.2974947735931));
#9733=CARTESIAN_POINT('',(-1.21009909230733,14.0914172018169,34.2220010109189));
#9734=CARTESIAN_POINT('Origin',(-1.83863625863559,14.0914172018169,34.4044812572756));
#9735=CARTESIAN_POINT('Origin',(-1.83863625863559,14.0914172018169,34.4044812572756));
#9736=CARTESIAN_POINT('Origin',(0.,14.0914172018169,46.));
#9737=CARTESIAN_POINT('',(-3.13218983586943,14.0914172018169,34.5818133299514));
#9738=CARTESIAN_POINT('Origin',(0.,14.0914172018169,46.));
#9739=CARTESIAN_POINT('',(-3.13218983586943,14.0914172018169,34.5818133299514));
#9740=CARTESIAN_POINT('Origin',(-3.69076993404268,14.0914172018169,35.5417327072154));
#9741=CARTESIAN_POINT('',(-3.69076993404268,14.0914172018169,35.5417327072154));
#9742=CARTESIAN_POINT('',(-3.51106465811956,14.0914172018169,35.4800398080665));
#9743=CARTESIAN_POINT('',(-3.64584372031545,14.0914172018169,35.5263095185617));
#9744=CARTESIAN_POINT('',(-3.69076993404268,14.0914172018169,35.5417327072154));
#9745=CARTESIAN_POINT('',(-3.51106465811956,14.0914172018169,35.4800398080665));
#9746=CARTESIAN_POINT('Origin',(-3.90182458902573,14.0914172018169,34.9269515001099));
#9747=CARTESIAN_POINT('',(-4.51660579613114,14.0914172018169,35.138006155093));
#9748=CARTESIAN_POINT('Origin',(-3.90182458902573,14.0914172018169,34.9269515001099));
#9749=CARTESIAN_POINT('',(-4.51660579613114,14.0914172018169,35.138006155093));
#9750=CARTESIAN_POINT('Origin',(-4.54145752600337,14.0914172018169,35.0656155390664));
#9751=CARTESIAN_POINT('',(-4.54145752600337,14.0914172018169,35.0656155390664));
#9752=CARTESIAN_POINT('',(-2.62304558028163,14.0914172018169,40.653758628405));
#9753=CARTESIAN_POINT('',(-4.54145752600337,14.0914172018169,35.0656155390664));
#9754=CARTESIAN_POINT('Origin',(-3.10733810599719,14.0914172018169,34.654203945978));
#9755=CARTESIAN_POINT('',(-3.10733810599719,14.0914172018169,34.654203945978));
#9756=CARTESIAN_POINT('',(-1.20135202521156,14.0914172018169,40.2061517273034));
#9757=CARTESIAN_POINT('',(-3.10733810599719,14.0914172018169,34.654203945978));
#9758=CARTESIAN_POINT('Origin',(-3.7221193131026,14.0914172018169,34.865258600961));
#9759=CARTESIAN_POINT('Origin',(-3.7221193131026,14.0914172018169,34.865258600961));
#9760=CARTESIAN_POINT('Origin',(0.,14.0914172018169,46.));
#9761=CARTESIAN_POINT('',(-4.96884260571852,14.0914172018169,35.2530840163517));
#9762=CARTESIAN_POINT('Origin',(0.,14.0914172018169,46.));
#9763=CARTESIAN_POINT('',(-4.96884260571852,14.0914172018169,35.2530840163517));
#9764=CARTESIAN_POINT('Origin',(-9.33613678975024,14.0914172018169,40.0138754342701));
#9765=CARTESIAN_POINT('',(-9.33613678975024,14.0914172018169,40.0138754342701));
#9766=CARTESIAN_POINT('',(-9.23221663970698,14.0914172018169,39.8548138034002));
#9767=CARTESIAN_POINT('',(-9.3101569091694,14.0914172018169,39.9741102667519));
#9768=CARTESIAN_POINT('',(-9.33613678975024,14.0914172018169,40.0138754342701));
#9769=CARTESIAN_POINT('',(-9.23221663970698,14.0914172018169,39.8548138034002));
#9770=CARTESIAN_POINT('Origin',(-9.88029500062088,14.0914172018169,39.6583591314905));
#9771=CARTESIAN_POINT('',(-10.2358113034005,14.0914172018169,40.2025173423612));
#9772=CARTESIAN_POINT('Origin',(-9.88029500062088,14.0914172018169,39.6583591314905));
#9773=CARTESIAN_POINT('',(-10.2358113034005,14.0914172018169,40.2025173423612));
#9774=CARTESIAN_POINT('Origin',(-10.2998860468142,14.0914172018169,40.1606552231743));
#9775=CARTESIAN_POINT('',(-10.2998860468142,14.0914172018169,40.1606552231743));
#9776=CARTESIAN_POINT('',(-5.35368105537772,14.0914172018169,43.3921722272674));
#9777=CARTESIAN_POINT('',(-10.2998860468142,14.0914172018169,40.1606552231743));
#9778=CARTESIAN_POINT('Origin',(-9.42085854779804,14.0914172018169,38.95513928975));
#9779=CARTESIAN_POINT('',(-9.42085854779804,14.0914172018169,38.95513928975));
#9780=CARTESIAN_POINT('',(-9.48493329121178,14.0914172018169,38.9132771705631));
#9781=CARTESIAN_POINT('',(-4.50669092806843,14.0914172018169,42.1657252342497));
#9782=CARTESIAN_POINT('',(-9.42085854779804,14.0914172018169,38.95513928975));
#9783=CARTESIAN_POINT('',(-9.48493329121178,14.0914172018169,38.9132771705631));
#9784=CARTESIAN_POINT('Origin',(-9.77637485057762,14.0914172018169,39.4992975006206));
#9785=CARTESIAN_POINT('Origin',(-9.77637485057762,14.0914172018169,39.4992975006206));
#9786=CARTESIAN_POINT('Origin',(0.,14.0914172018169,46.));
#9787=CARTESIAN_POINT('',(-10.5220074043518,14.0914172018169,40.5710995420099));
#9788=CARTESIAN_POINT('Origin',(0.,14.0914172018169,46.));
#9789=CARTESIAN_POINT('',(-10.5220074043518,14.0914172018169,40.5710995420099));
#9790=CARTESIAN_POINT('Origin',(-11.0442775500731,14.0914172018169,47.010480514564));
#9791=CARTESIAN_POINT('',(-11.0442775500731,14.0914172018169,47.010480514564));
#9792=CARTESIAN_POINT('',(-11.0599676257129,14.0914172018169,46.8211294608927));
#9793=CARTESIAN_POINT('',(-11.0482000407776,14.0914172018169,46.9631430915357));
#9794=CARTESIAN_POINT('',(-11.0442775500731,14.0914172018169,47.010480514564));
#9795=CARTESIAN_POINT('',(-11.0599676257129,14.0914172018169,46.8211294608927));
#9796=CARTESIAN_POINT('Origin',(-11.6920574705275,14.0914172018169,47.064157089121));
#9797=CARTESIAN_POINT('',(-11.6383808959705,14.0914172018169,47.7119370095753));
#9798=CARTESIAN_POINT('Origin',(-11.6920574705275,14.0914172018169,47.064157089121));
#9799=CARTESIAN_POINT('',(-11.6383808959705,14.0914172018169,47.7119370095753));
#9800=CARTESIAN_POINT('Origin',(-11.7146571174122,14.0914172018169,47.7182574374828));
#9801=CARTESIAN_POINT('',(-11.7146571174122,14.0914172018169,47.7182574374828));
#9802=CARTESIAN_POINT('',(-5.82656778072311,14.0914172018169,47.2303564447236));
#9803=CARTESIAN_POINT('',(-11.7146571174122,14.0914172018169,47.7182574374828));
#9804=CARTESIAN_POINT('Origin',(-11.7614241207242,14.0914172018169,46.2270261149954));
#9805=CARTESIAN_POINT('',(-11.7614241207242,14.0914172018169,46.2270261149954));
#9806=CARTESIAN_POINT('',(-11.8377003421659,14.0914172018169,46.2333465429028));
#9807=CARTESIAN_POINT('',(-5.91147289475605,14.0914172018169,45.7422853361899));
#9808=CARTESIAN_POINT('',(-11.7614241207242,14.0914172018169,46.2270261149954));
#9809=CARTESIAN_POINT('',(-11.8377003421659,14.0914172018169,46.2333465429028));
#9810=CARTESIAN_POINT('Origin',(-11.7077475461672,14.0914172018169,46.8748060354497));
#9811=CARTESIAN_POINT('Origin',(-11.7077475461672,14.0914172018169,46.8748060354497));
#9812=CARTESIAN_POINT('Origin',(0.,14.0914172018169,46.));
#9813=CARTESIAN_POINT('',(-11.6378419601671,14.0914172018169,48.1785854378871));
#9814=CARTESIAN_POINT('Origin',(0.,14.0914172018169,46.));
#9815=CARTESIAN_POINT('',(-11.6378419601671,14.0914172018169,48.1785854378871));
#9816=CARTESIAN_POINT('Origin',(-11.0599676257129,14.0914172018169,45.1788705391074));
#9817=CARTESIAN_POINT('',(-11.0599676257129,14.0914172018169,45.1788705391074));
#9818=CARTESIAN_POINT('',(-11.0442775500731,14.0914172018169,44.9895194854361));
#9819=CARTESIAN_POINT('',(-11.0560451350084,14.0914172018169,45.1315331160791));
#9820=CARTESIAN_POINT('',(-11.0599676257129,14.0914172018169,45.1788705391074));
#9821=CARTESIAN_POINT('',(-11.0442775500731,14.0914172018169,44.9895194854361));
#9822=CARTESIAN_POINT('Origin',(-11.7077475461672,14.0914172018169,45.1251939645503));
#9823=CARTESIAN_POINT('',(-11.7614241207242,14.0914172018169,45.7729738850047));
#9824=CARTESIAN_POINT('Origin',(-11.7077475461672,14.0914172018169,45.1251939645503));
#9825=CARTESIAN_POINT('',(-11.7614241207242,14.0914172018169,45.7729738850047));
#9826=CARTESIAN_POINT('Origin',(-11.8377003421659,14.0914172018169,45.7666534570972));
#9827=CARTESIAN_POINT('',(-11.8377003421659,14.0914172018169,45.7666534570972));
#9828=CARTESIAN_POINT('',(-5.94961094906593,14.0914172018169,46.2545544545308));
#9829=CARTESIAN_POINT('',(-11.8377003421659,14.0914172018169,45.7666534570972));
#9830=CARTESIAN_POINT('Origin',(-11.6383808959705,14.0914172018169,44.2880629904247));
#9831=CARTESIAN_POINT('',(-11.6383808959705,14.0914172018169,44.2880629904247));
#9832=CARTESIAN_POINT('',(-11.7146571174122,14.0914172018169,44.2817425625173));
#9833=CARTESIAN_POINT('',(-5.78842961359131,14.0914172018169,44.7728037739046));
#9834=CARTESIAN_POINT('',(-11.6383808959705,14.0914172018169,44.2880629904247));
#9835=CARTESIAN_POINT('',(-11.7146571174122,14.0914172018169,44.2817425625173));
#9836=CARTESIAN_POINT('Origin',(-11.6920574705275,14.0914172018169,44.9358429108791));
#9837=CARTESIAN_POINT('Origin',(-11.6920574705275,14.0914172018169,44.9358429108791));
#9838=CARTESIAN_POINT('Origin',(0.,14.0914172018169,46.));
#9839=CARTESIAN_POINT('Origin',(0.,14.0914172018169,46.));
#9840=CARTESIAN_POINT('Origin',(-10.773970615707,14.0914172018169,43.3696588348192));
#9841=CARTESIAN_POINT('',(-10.773970615707,14.0914172018169,43.3696588348192));
#9842=CARTESIAN_POINT('',(-10.7273283731503,14.0914172018169,43.1854727842907));
#9843=CARTESIAN_POINT('',(-10.7623101366278,14.0914172018169,43.32361264426));
#9844=CARTESIAN_POINT('',(-10.773970615707,14.0914172018169,43.3696588348192));
#9845=CARTESIAN_POINT('',(-10.7273283731503,14.0914172018169,43.1854727842907));
#9846=CARTESIAN_POINT('Origin',(-11.4040807885676,14.0914172018169,43.2100932681777));
#9847=CARTESIAN_POINT('',(-11.5636463552091,14.0914172018169,43.8402034410382));
#9848=CARTESIAN_POINT('Origin',(-11.4040807885676,14.0914172018169,43.2100932681777));
#9849=CARTESIAN_POINT('',(-11.5636463552091,14.0914172018169,43.8402034410382));
#9850=CARTESIAN_POINT('Origin',(-11.6378419601671,14.0914172018169,43.821414562113));
#9851=CARTESIAN_POINT('',(-11.6378419601671,14.0914172018169,43.821414562113));
#9852=CARTESIAN_POINT('',(-5.91036424248357,14.0914172018169,45.2718089007727));
#9853=CARTESIAN_POINT('',(-11.6378419601671,14.0914172018169,43.821414562113));
#9854=CARTESIAN_POINT('Origin',(-11.1978729793693,14.0914172018169,42.3957970447886));
#9855=CARTESIAN_POINT('',(-11.1978729793693,14.0914172018169,42.3957970447886));
#9856=CARTESIAN_POINT('',(-11.2720685843273,14.0914172018169,42.3770081658634));
#9857=CARTESIAN_POINT('',(-5.50749306416476,14.0914172018169,43.8367969439857));
#9858=CARTESIAN_POINT('',(-11.1978729793693,14.0914172018169,42.3957970447886));
#9859=CARTESIAN_POINT('',(-11.2720685843273,14.0914172018169,42.3770081658634));
#9860=CARTESIAN_POINT('Origin',(-11.3574385460108,14.0914172018169,43.0259072176492));
#9861=CARTESIAN_POINT('Origin',(-11.3574385460108,14.0914172018169,43.0259072176492));
#9862=CARTESIAN_POINT('Origin',(0.,14.0914172018169,46.));
#9863=CARTESIAN_POINT('Origin',(0.,14.0914172018169,46.));
#9864=CARTESIAN_POINT('Origin',(-10.1940877729499,14.0914172018169,41.6321959807294));
#9865=CARTESIAN_POINT('',(-10.1940877729499,14.0914172018169,41.6321959807294));
#9866=CARTESIAN_POINT('',(-10.1177656422658,14.0914172018169,41.458199048665));
#9867=CARTESIAN_POINT('',(-10.175007366355,14.0914172018169,41.5886970351379));
#9868=CARTESIAN_POINT('',(-10.1940877729499,14.0914172018169,41.6321959807294));
#9869=CARTESIAN_POINT('',(-10.1177656422658,14.0914172018169,41.458199048665));
#9870=CARTESIAN_POINT('Origin',(-10.7893404352757,14.0914172018169,41.371093954705));
#9871=CARTESIAN_POINT('',(-11.0504424613001,14.0914172018169,41.9663466170308));
#9872=CARTESIAN_POINT('Origin',(-10.7893404352757,14.0914172018169,41.371093954705));
#9873=CARTESIAN_POINT('',(-11.0504424613001,14.0914172018169,41.9663466170308));
#9874=CARTESIAN_POINT('Origin',(-11.1205335870847,14.0914172018169,41.9356017987259));
#9875=CARTESIAN_POINT('',(-11.1205335870847,14.0914172018169,41.9356017987259));
#9876=CARTESIAN_POINT('',(-5.70989821314949,14.0914172018169,44.3089265188441));
#9877=CARTESIAN_POINT('',(-11.1205335870847,14.0914172018169,41.9356017987259));
#9878=CARTESIAN_POINT('Origin',(-10.4519162785672,14.0914172018169,40.6018443603148));
#9879=CARTESIAN_POINT('',(-10.4519162785672,14.0914172018169,40.6018443603148));
#9880=CARTESIAN_POINT('',(-5.07632646752425,14.0914172018169,42.9597966712805));
#9881=CARTESIAN_POINT('',(-10.4519162785672,14.0914172018169,40.6018443603148));
#9882=CARTESIAN_POINT('Origin',(-10.7130183045916,14.0914172018169,41.1970970226405));
#9883=CARTESIAN_POINT('Origin',(-10.7130183045916,14.0914172018169,41.1970970226405));
#9884=CARTESIAN_POINT('Origin',(0.,14.0914172018169,46.));
#9885=CARTESIAN_POINT('Origin',(0.,14.0914172018169,46.));
#9886=CARTESIAN_POINT('Origin',(-6.88658767753577,14.0914172018169,37.3067815147107));
#9887=CARTESIAN_POINT('',(-6.88658767753577,14.0914172018169,37.3067815147107));
#9888=CARTESIAN_POINT('',(-6.73665098075045,14.0914172018169,37.1900810992997));
#9889=CARTESIAN_POINT('',(-6.84910366945911,14.0914172018169,37.2776065401541));
#9890=CARTESIAN_POINT('',(-6.88658767753577,14.0914172018169,37.3067815147107));
#9891=CARTESIAN_POINT('',(-6.73665098075045,14.0914172018169,37.1900810992997));
#9892=CARTESIAN_POINT('Origin',(-7.28582594078405,14.0914172018169,36.7938401836031));
#9893=CARTESIAN_POINT('',(-7.79876727189171,14.0914172018169,37.1930784468514));
#9894=CARTESIAN_POINT('Origin',(-7.28582594078405,14.0914172018169,36.7938401836031));
#9895=CARTESIAN_POINT('',(-7.79876727189171,14.0914172018169,37.1930784468514));
#9896=CARTESIAN_POINT('Origin',(-7.84577766109019,14.0914172018169,37.1326794975744));
#9897=CARTESIAN_POINT('',(-7.84577766109019,14.0914172018169,37.1326794975744));
#9898=CARTESIAN_POINT('',(-4.21684350417558,14.0914172018169,41.7951341976947));
#9899=CARTESIAN_POINT('',(-7.84577766109019,14.0914172018169,37.1326794975744));
#9900=CARTESIAN_POINT('Origin',(-6.62294791289108,14.0914172018169,36.2779015049438));
#9901=CARTESIAN_POINT('',(-6.62294791289108,14.0914172018169,36.2779015049438));
#9902=CARTESIAN_POINT('',(-6.66995830208957,14.0914172018169,36.2175025556668));
#9903=CARTESIAN_POINT('',(-3.01751895057571,14.0914172018169,40.9101567304255));
#9904=CARTESIAN_POINT('',(-6.62294791289108,14.0914172018169,36.2779015049438));
#9905=CARTESIAN_POINT('',(-6.66995830208957,14.0914172018169,36.2175025556668));
#9906=CARTESIAN_POINT('Origin',(-7.13588924399873,14.0914172018169,36.677139768192));
#9907=CARTESIAN_POINT('Origin',(-7.13588924399873,14.0914172018169,36.677139768192));
#9908=CARTESIAN_POINT('Origin',(0.,14.0914172018169,46.));
#9909=CARTESIAN_POINT('',(-8.18913492326323,14.0914172018169,37.4487621241957));
#9910=CARTESIAN_POINT('Origin',(0.,14.0914172018169,46.));
#9911=CARTESIAN_POINT('',(-8.18913492326323,14.0914172018169,37.4487621241957));
#9912=CARTESIAN_POINT('Origin',(-8.2235203324184,14.0914172018169,38.5588407613018));
#9913=CARTESIAN_POINT('',(-8.2235203324184,14.0914172018169,38.5588407613018));
#9914=CARTESIAN_POINT('',(-8.09483683380951,14.0914172018169,38.4190532182739));
#9915=CARTESIAN_POINT('',(-8.19134962854423,14.0914172018169,38.5238940610592));
#9916=CARTESIAN_POINT('',(-8.2235203324184,14.0914172018169,38.5588407613018));
#9917=CARTESIAN_POINT('',(-8.09483683380951,14.0914172018169,38.4190532182739));
#9918=CARTESIAN_POINT('Origin',(-8.70174087435594,14.0914172018169,38.1186077397451));
#9919=CARTESIAN_POINT('',(-9.14197389591267,14.0914172018169,38.5968282816826));
#9920=CARTESIAN_POINT('Origin',(-8.70174087435594,14.0914172018169,38.1186077397451));
#9921=CARTESIAN_POINT('',(-9.14197389591267,14.0914172018169,38.5968282816826));
#9922=CARTESIAN_POINT('Origin',(-9.19828446498558,14.0914172018169,38.5449907510987));
#9923=CARTESIAN_POINT('',(-9.19828446498558,14.0914172018169,38.5449907510987));
#9924=CARTESIAN_POINT('',(-4.85142944714533,14.0914172018169,42.5465526894874));
#9925=CARTESIAN_POINT('',(-9.19828446498558,14.0914172018169,38.5449907510987));
#9926=CARTESIAN_POINT('Origin',(-8.13282435419031,14.0914172018169,37.5005996547796));
#9927=CARTESIAN_POINT('',(-8.13282435419031,14.0914172018169,37.5005996547796));
#9928=CARTESIAN_POINT('',(-3.81412462088651,14.0914172018169,41.4762428278763));
#9929=CARTESIAN_POINT('',(-8.13282435419031,14.0914172018169,37.5005996547796));
#9930=CARTESIAN_POINT('Origin',(-8.57305737574704,14.0914172018169,37.9788201967172));
#9931=CARTESIAN_POINT('Origin',(-8.57305737574704,14.0914172018169,37.9788201967172));
#9932=CARTESIAN_POINT('Origin',(0.,14.0914172018169,46.));
#9933=CARTESIAN_POINT('Origin',(0.,14.0914172018169,46.));
#9934=CARTESIAN_POINT('Origin',(-5.36180686280421,14.0914172018169,36.2918506068691));
#9935=CARTESIAN_POINT('',(-5.36180686280421,14.0914172018169,36.2918506068691));
#9936=CARTESIAN_POINT('',(-5.19470685007498,14.0914172018169,36.201420602192));
#9937=CARTESIAN_POINT('',(-5.32003200308155,14.0914172018169,36.2692431833363));
#9938=CARTESIAN_POINT('',(-5.36180686280421,14.0914172018169,36.2918506068691));
#9939=CARTESIAN_POINT('',(-5.19470685007498,14.0914172018169,36.201420602192));
#9940=CARTESIAN_POINT('Origin',(-5.67117266827831,14.0914172018169,35.7201926685849));
#9941=CARTESIAN_POINT('',(-6.24283060656253,14.0914172018169,36.029558474059));
#9942=CARTESIAN_POINT('Origin',(-5.67117266827831,14.0914172018169,35.7201926685849));
#9943=CARTESIAN_POINT('',(-6.24283060656253,14.0914172018169,36.029558474059));
#9944=CARTESIAN_POINT('Origin',(-6.27925849501619,14.0914172018169,35.9622456319769));
#9945=CARTESIAN_POINT('',(-6.27925849501619,14.0914172018169,35.9622456319769));
#9946=CARTESIAN_POINT('',(-3.46723307637286,14.0914172018169,41.158413484985));
#9947=CARTESIAN_POINT('',(-6.27925849501618,14.0914172018169,35.9622456319769));
#9948=CARTESIAN_POINT('Origin',(-4.93241471726486,14.0914172018169,35.3203968584337));
#9949=CARTESIAN_POINT('',(-4.93241471726486,14.0914172018169,35.3203968584337));
#9950=CARTESIAN_POINT('',(-2.13860324284836,14.0914172018169,40.4829082904008));
#9951=CARTESIAN_POINT('',(-4.93241471726486,14.0914172018169,35.3203968584337));
#9952=CARTESIAN_POINT('Origin',(-5.50407265554908,14.0914172018169,35.6297626639078));
#9953=CARTESIAN_POINT('Origin',(-5.50407265554908,14.0914172018169,35.6297626639078));
#9954=CARTESIAN_POINT('Origin',(0.,14.0914172018169,46.));
#9955=CARTESIAN_POINT('Origin',(0.,14.0914172018169,46.));
#9956=CARTESIAN_POINT('Origin',(3.51106465811957,14.0914172018169,35.4800398080665));
#9957=CARTESIAN_POINT('',(3.51106465811957,14.0914172018169,35.4800398080665));
#9958=CARTESIAN_POINT('',(3.69076993404269,14.0914172018169,35.5417327072154));
#9959=CARTESIAN_POINT('',(3.55599108235389,14.0914172018169,35.4954630689873));
#9960=CARTESIAN_POINT('',(3.51106465811957,14.0914172018169,35.4800398080665));
#9961=CARTESIAN_POINT('',(3.69076993404269,14.0914172018169,35.5417327072154));
#9962=CARTESIAN_POINT('Origin',(3.72211931310261,14.0914172018169,34.8652586009611));
#9963=CARTESIAN_POINT('',(3.1073381059972,14.0914172018169,34.654203945978));
#9964=CARTESIAN_POINT('Origin',(3.72211931310261,14.0914172018169,34.8652586009611));
#9965=CARTESIAN_POINT('',(3.1073381059972,14.0914172018169,34.654203945978));
#9966=CARTESIAN_POINT('Origin',(3.13218983586943,14.0914172018169,34.5818133299514));
#9967=CARTESIAN_POINT('',(3.13218983586943,14.0914172018169,34.5818133299514));
#9968=CARTESIAN_POINT('',(1.21377789014768,14.0914172018169,40.1699564192901));
#9969=CARTESIAN_POINT('',(3.13218983586943,14.0914172018169,34.5818133299514));
#9970=CARTESIAN_POINT('Origin',(4.51660579613114,14.0914172018169,35.138006155093));
#9971=CARTESIAN_POINT('',(4.51660579613114,14.0914172018169,35.138006155093));
#9972=CARTESIAN_POINT('',(4.54145752600337,14.0914172018169,35.0656155390664));
#9973=CARTESIAN_POINT('',(2.61061971534552,14.0914172018169,40.6899539364183));
#9974=CARTESIAN_POINT('',(4.51660579613114,14.0914172018169,35.138006155093));
#9975=CARTESIAN_POINT('',(4.54145752600337,14.0914172018169,35.0656155390664));
#9976=CARTESIAN_POINT('Origin',(3.90182458902573,14.0914172018169,34.9269515001099));
#9977=CARTESIAN_POINT('Origin',(3.90182458902573,14.0914172018169,34.9269515001099));
#9978=CARTESIAN_POINT('Origin',(0.,14.0914172018169,46.));
#9979=CARTESIAN_POINT('',(2.6797774343774,14.0914172018169,34.4672469504372));
#9980=CARTESIAN_POINT('Origin',(0.,14.0914172018169,46.));
#9981=CARTESIAN_POINT('',(2.6797774343774,14.0914172018169,34.4672469504372));
#9982=CARTESIAN_POINT('Origin',(5.19470685007499,14.0914172018169,36.201420602192));
#9983=CARTESIAN_POINT('',(5.19470685007499,14.0914172018169,36.201420602192));
#9984=CARTESIAN_POINT('',(5.36180686280422,14.0914172018169,36.2918506068691));
#9985=CARTESIAN_POINT('',(5.23648199671694,14.0914172018169,36.2240281809978));
#9986=CARTESIAN_POINT('',(5.19470685007499,14.0914172018169,36.201420602192));
#9987=CARTESIAN_POINT('',(5.36180686280422,14.0914172018169,36.2918506068691));
#9988=CARTESIAN_POINT('Origin',(5.50407265554908,14.0914172018169,35.6297626639078));
#9989=CARTESIAN_POINT('',(4.93241471726487,14.0914172018169,35.3203968584337));
#9990=CARTESIAN_POINT('Origin',(5.50407265554908,14.0914172018169,35.6297626639078));
#9991=CARTESIAN_POINT('',(4.93241471726487,14.0914172018169,35.3203968584337));
#9992=CARTESIAN_POINT('Origin',(4.96884260571852,14.0914172018169,35.2530840163517));
#9993=CARTESIAN_POINT('',(4.96884260571852,14.0914172018169,35.2530840163517));
#9994=CARTESIAN_POINT('',(2.1568171870752,14.0914172018169,40.4492518693598));
#9995=CARTESIAN_POINT('',(4.96884260571852,14.0914172018169,35.2530840163517));
#9996=CARTESIAN_POINT('Origin',(6.24283060656254,14.0914172018169,36.029558474059));
#9997=CARTESIAN_POINT('',(6.24283060656254,14.0914172018169,36.029558474059));
#9998=CARTESIAN_POINT('',(6.27925849501619,14.0914172018169,35.9622456319769));
#9999=CARTESIAN_POINT('',(3.44901913214604,14.0914172018169,41.192069906026));
#10000=CARTESIAN_POINT('',(6.24283060656254,14.0914172018169,36.029558474059));
#10001=CARTESIAN_POINT('',(6.27925849501619,14.0914172018169,35.9622456319769));
#10002=CARTESIAN_POINT('Origin',(5.67117266827832,14.0914172018169,35.7201926685849));
#10003=CARTESIAN_POINT('Origin',(5.67117266827832,14.0914172018169,35.7201926685849));
#10004=CARTESIAN_POINT('Origin',(0.,14.0914172018169,46.));
#10005=CARTESIAN_POINT('Origin',(0.,14.0914172018169,46.));
#10006=CARTESIAN_POINT('Origin',(1.73164977495312,14.0914172018169,35.0456161044873));
#10007=CARTESIAN_POINT('',(1.73164977495312,14.0914172018169,35.0456161044873));
#10008=CARTESIAN_POINT('',(1.91905842259964,14.0914172018169,35.0768890766407));
#10009=CARTESIAN_POINT('',(1.77850199250633,14.0914172018169,35.0534343568106));
#10010=CARTESIAN_POINT('',(1.73164977495312,14.0914172018169,35.0456161044873));
#10011=CARTESIAN_POINT('',(1.91905842259964,14.0914172018169,35.0768890766407));
#10012=CARTESIAN_POINT('Origin',(1.83863625863559,14.0914172018169,34.4044812572756));
#10013=CARTESIAN_POINT('',(1.19750141142383,14.0914172018169,34.2974947735931));
#10014=CARTESIAN_POINT('Origin',(1.83863625863559,14.0914172018169,34.4044812572756));
#10015=CARTESIAN_POINT('',(1.19750141142383,14.0914172018169,34.2974947735931));
#10016=CARTESIAN_POINT('Origin',(1.21009909230734,14.0914172018169,34.2220010109189));
#10017=CARTESIAN_POINT('',(1.21009909230734,14.0914172018169,34.2220010109189));
#10018=CARTESIAN_POINT('',(0.237629904994569,14.0914172018169,40.0496893540216));
#10019=CARTESIAN_POINT('',(1.21009909230734,14.0914172018169,34.2220010109189));
#10020=CARTESIAN_POINT('Origin',(2.66717975349388,14.0914172018169,34.5427407131114));
#10021=CARTESIAN_POINT('',(2.66717975349388,14.0914172018169,34.5427407131114));
#10022=CARTESIAN_POINT('',(1.70100940662288,14.0914172018169,40.332682174877));
#10023=CARTESIAN_POINT('',(2.66717975349388,14.0914172018169,34.5427407131114));
#10024=CARTESIAN_POINT('Origin',(2.02604490628212,14.0914172018169,34.4357542294289));
#10025=CARTESIAN_POINT('Origin',(2.02604490628212,14.0914172018169,34.4357542294289));
#10026=CARTESIAN_POINT('Origin',(0.,14.0914172018169,46.));
#10027=CARTESIAN_POINT('',(0.745,14.0914172018169,34.1834618013566));
#10028=CARTESIAN_POINT('Origin',(0.,14.0914172018169,46.));
#10029=CARTESIAN_POINT('',(0.745,14.0914172018169,34.1834618013566));
#10030=CARTESIAN_POINT('Origin',(3.69076993404268,14.0914172018169,56.4582672927847));
#10031=CARTESIAN_POINT('',(3.69076993404268,14.0914172018169,56.4582672927847));
#10032=CARTESIAN_POINT('',(3.51106465811956,14.0914172018169,56.5199601919336));
#10033=CARTESIAN_POINT('',(3.64584350980835,14.0914172018169,56.4736905537055));
#10034=CARTESIAN_POINT('',(3.69076993404268,14.0914172018169,56.4582672927847));
#10035=CARTESIAN_POINT('',(3.51106465811956,14.0914172018169,56.5199601919336));
#10036=CARTESIAN_POINT('Origin',(3.90182458902573,14.0914172018169,57.0730484998901));
#10037=CARTESIAN_POINT('',(4.51660579613114,14.0914172018169,56.8619938449071));
#10038=CARTESIAN_POINT('Origin',(3.90182458902573,14.0914172018168,57.0730484998901));
#10039=CARTESIAN_POINT('',(4.51660579613114,14.0914172018169,56.8619938449071));
#10040=CARTESIAN_POINT('Origin',(4.54145752600337,14.0914172018169,56.9343844609337));
#10041=CARTESIAN_POINT('',(4.54145752600337,14.0914172018169,56.9343844609337));
#10042=CARTESIAN_POINT('',(2.62304579078872,14.0914172018169,51.3462419847812));
#10043=CARTESIAN_POINT('',(4.54145752600337,14.0914172018169,56.9343844609337));
#10044=CARTESIAN_POINT('Origin',(3.10733810599719,14.0914172018169,57.345796054022));
#10045=CARTESIAN_POINT('',(3.10733810599719,14.0914172018169,57.345796054022));
#10046=CARTESIAN_POINT('',(3.13218983586942,14.0914172018169,57.4181866700487));
#10047=CARTESIAN_POINT('',(1.20135223571865,14.0914172018169,51.7938488858829));
#10048=CARTESIAN_POINT('',(3.10733810599719,14.0914172018169,57.345796054022));
#10049=CARTESIAN_POINT('',(3.13218983586942,14.0914172018169,57.4181866700487));
#10050=CARTESIAN_POINT('Origin',(3.7221193131026,14.0914172018169,57.134741399039));
#10051=CARTESIAN_POINT('Origin',(3.7221193131026,14.0914172018168,57.134741399039));
#10052=CARTESIAN_POINT('Origin',(0.,14.0914172018169,46.));
#10053=CARTESIAN_POINT('',(4.96884260571852,14.0914172018169,56.7469159836484));
#10054=CARTESIAN_POINT('Origin',(0.,14.0914172018169,46.));
#10055=CARTESIAN_POINT('',(4.96884260571852,14.0914172018169,56.7469159836484));
#10056=CARTESIAN_POINT('Origin',(5.36180686280421,14.0914172018169,55.708149393131));
#10057=CARTESIAN_POINT('',(5.36180686280421,14.0914172018169,55.708149393131));
#10058=CARTESIAN_POINT('',(5.19470685007498,14.0914172018169,55.798579397808));
#10059=CARTESIAN_POINT('',(5.32003171616225,14.0914172018169,55.7307569719367));
#10060=CARTESIAN_POINT('',(5.36180686280421,14.0914172018169,55.708149393131));
#10061=CARTESIAN_POINT('',(5.19470685007498,14.0914172018169,55.798579397808));
#10062=CARTESIAN_POINT('Origin',(5.67117266827831,14.0914172018169,56.2798073314152));
#10063=CARTESIAN_POINT('',(6.24283060656253,14.0914172018169,55.9704415259411));
#10064=CARTESIAN_POINT('Origin',(5.67117266827831,14.0914172018168,56.2798073314152));
#10065=CARTESIAN_POINT('',(6.24283060656253,14.0914172018169,55.9704415259411));
#10066=CARTESIAN_POINT('Origin',(6.27925849501618,14.0914172018169,56.0377543680231));
#10067=CARTESIAN_POINT('',(6.27925849501618,14.0914172018169,56.0377543680231));
#10068=CARTESIAN_POINT('',(3.46723336329216,14.0914172018169,50.8415870451955));
#10069=CARTESIAN_POINT('',(6.27925849501618,14.0914172018169,56.0377543680231));
#10070=CARTESIAN_POINT('Origin',(4.93241471726486,14.0914172018169,56.6796031415663));
#10071=CARTESIAN_POINT('',(4.93241471726486,14.0914172018169,56.6796031415663));
#10072=CARTESIAN_POINT('',(2.13860352976765,14.0914172018169,51.5170922397797));
#10073=CARTESIAN_POINT('',(4.93241471726486,14.0914172018169,56.6796031415663));
#10074=CARTESIAN_POINT('Origin',(5.50407265554907,14.0914172018169,56.3702373360922));
#10075=CARTESIAN_POINT('Origin',(5.50407265554907,14.0914172018168,56.3702373360922));
#10076=CARTESIAN_POINT('Origin',(0.,14.0914172018169,46.));
#10077=CARTESIAN_POINT('',(6.66995830208957,14.0914172018169,55.7824974443333));
#10078=CARTESIAN_POINT('Origin',(0.,14.0914172018169,46.));
#10079=CARTESIAN_POINT('',(6.66995830208957,14.0914172018169,55.7824974443333));
#10080=CARTESIAN_POINT('Origin',(8.2235203324184,14.0914172018169,53.4411592386983));
#10081=CARTESIAN_POINT('',(8.2235203324184,14.0914172018169,53.4411592386983));
#10082=CARTESIAN_POINT('',(8.09483683380951,14.0914172018169,53.5809467817262));
#10083=CARTESIAN_POINT('',(8.19134928698812,14.0914172018169,53.4761063099697));
#10084=CARTESIAN_POINT('',(8.2235203324184,14.0914172018169,53.4411592386983));
#10085=CARTESIAN_POINT('',(8.09483683380951,14.0914172018169,53.5809467817262));
#10086=CARTESIAN_POINT('Origin',(8.70174087435593,14.0914172018169,53.881392260255));
#10087=CARTESIAN_POINT('',(9.14197389591267,14.0914172018169,53.4031717183175));
#10088=CARTESIAN_POINT('Origin',(8.70174087435593,14.0914172018169,53.881392260255));
#10089=CARTESIAN_POINT('',(9.14197389591267,14.0914172018169,53.4031717183175));
#10090=CARTESIAN_POINT('Origin',(9.19828446498558,14.0914172018169,53.4550092489014));
#10091=CARTESIAN_POINT('',(9.19828446498558,14.0914172018169,53.4550092489014));
#10092=CARTESIAN_POINT('',(4.85142978870143,14.0914172018169,49.4534476249372));
#10093=CARTESIAN_POINT('',(9.19828446498558,14.0914172018169,53.4550092489014));
#10094=CARTESIAN_POINT('Origin',(8.13282435419031,14.0914172018169,54.4994003452204));
#10095=CARTESIAN_POINT('',(8.13282435419031,14.0914172018169,54.4994003452204));
#10096=CARTESIAN_POINT('',(8.18913492326323,14.0914172018169,54.5512378758044));
#10097=CARTESIAN_POINT('',(3.81412496244261,14.0914172018169,50.5237574865482));
#10098=CARTESIAN_POINT('',(8.13282435419031,14.0914172018169,54.4994003452204));
#10099=CARTESIAN_POINT('',(8.18913492326323,14.0914172018169,54.5512378758044));
#10100=CARTESIAN_POINT('Origin',(8.57305737574704,14.0914172018169,54.0211798032829));
#10101=CARTESIAN_POINT('Origin',(8.57305737574704,14.0914172018169,54.0211798032829));
#10102=CARTESIAN_POINT('Origin',(0.,14.0914172018169,46.));
#10103=CARTESIAN_POINT('',(9.48493329121178,14.0914172018169,53.086722829437));
#10104=CARTESIAN_POINT('Origin',(0.,14.0914172018169,46.));
#10105=CARTESIAN_POINT('',(9.48493329121178,14.0914172018169,53.086722829437));
#10106=CARTESIAN_POINT('Origin',(1.91905842259963,14.0914172018169,56.9231109233594));
#10107=CARTESIAN_POINT('',(1.91905842259963,14.0914172018169,56.9231109233594));
#10108=CARTESIAN_POINT('',(1.73164977495311,14.0914172018169,56.9543838955127));
#10109=CARTESIAN_POINT('',(1.87220620504641,14.0914172018169,56.9309291756827));
#10110=CARTESIAN_POINT('',(1.91905842259963,14.0914172018169,56.9231109233594));
#10111=CARTESIAN_POINT('',(1.73164977495311,14.0914172018169,56.9543838955127));
#10112=CARTESIAN_POINT('Origin',(2.02604490628211,14.0914172018169,57.5642457705711));
#10113=CARTESIAN_POINT('',(2.66717975349387,14.0914172018169,57.4572592868887));
#10114=CARTESIAN_POINT('Origin',(2.02604490628211,14.0914172018168,57.5642457705711));
#10115=CARTESIAN_POINT('',(2.66717975349387,14.0914172018169,57.4572592868887));
#10116=CARTESIAN_POINT('Origin',(2.67977743437739,14.0914172018169,57.5327530495629));
#10117=CARTESIAN_POINT('',(2.67977743437739,14.0914172018169,57.5327530495629));
#10118=CARTESIAN_POINT('',(1.7073083583478,14.0914172018169,51.7050653733436));
#10119=CARTESIAN_POINT('',(2.67977743437739,14.0914172018169,57.5327530495629));
#10120=CARTESIAN_POINT('Origin',(1.19750141142382,14.0914172018169,57.702505226407));
#10121=CARTESIAN_POINT('',(1.19750141142382,14.0914172018169,57.702505226407));
#10122=CARTESIAN_POINT('',(1.21009909230733,14.0914172018169,57.7779989890812));
#10123=CARTESIAN_POINT('',(0.231331175835974,14.0914172018169,51.9125644315248));
#10124=CARTESIAN_POINT('',(1.19750141142382,14.0914172018169,57.702505226407));
#10125=CARTESIAN_POINT('',(1.21009909230733,14.0914172018169,57.7779989890812));
#10126=CARTESIAN_POINT('Origin',(1.83863625863558,14.0914172018169,57.5955187427245));
#10127=CARTESIAN_POINT('Origin',(1.83863625863558,14.0914172018168,57.5955187427245));
#10128=CARTESIAN_POINT('Origin',(0.,14.0914172018169,46.));
#10129=CARTESIAN_POINT('Origin',(0.,14.0914172018169,46.));
#10130=CARTESIAN_POINT('Origin',(0.0949999999999987,14.0914172018169,57.0900005623698));
#10131=CARTESIAN_POINT('',(0.0949999999999987,14.0914172018169,57.0900005623698));
#10132=CARTESIAN_POINT('',(-0.0950000000000013,14.0914172018169,57.0900005623698));
#10133=CARTESIAN_POINT('',(0.0474999999999965,14.0914172018169,57.0900005623698));
#10134=CARTESIAN_POINT('',(0.0949999999999987,14.0914172018169,57.0900005623698));
#10135=CARTESIAN_POINT('',(-0.0950000000000013,14.0914172018169,57.0900005623698));
#10136=CARTESIAN_POINT('Origin',(0.0950000000000013,14.0914172018169,57.7400005623698));
#10137=CARTESIAN_POINT('',(0.744999999999999,14.0914172018169,57.7400005623699));
#10138=CARTESIAN_POINT('Origin',(0.0950000000000013,14.0914172018168,57.7400005623698));
#10139=CARTESIAN_POINT('',(0.744999999999999,14.0914172018169,57.7400005623699));
#10140=CARTESIAN_POINT('Origin',(0.744999999999999,14.0914172018169,57.8165381986435));
#10141=CARTESIAN_POINT('',(0.744999999999999,14.0914172018169,57.8165381986435));
#10142=CARTESIAN_POINT('',(0.744999999999999,14.0914172018169,51.9082694420484));
#10143=CARTESIAN_POINT('',(0.744999999999999,14.0914172018169,57.8165381986435));
#10144=CARTESIAN_POINT('Origin',(-0.745000000000001,14.0914172018169,57.7400005623699));
#10145=CARTESIAN_POINT('',(-0.745000000000001,14.0914172018169,57.7400005623699));
#10146=CARTESIAN_POINT('',(-0.745000000000001,14.0914172018169,57.8165381986435));
#10147=CARTESIAN_POINT('',(-0.745000000000009,14.0914172018169,51.8700006239116));
#10148=CARTESIAN_POINT('',(-0.745000000000001,14.0914172018169,57.7400005623699));
#10149=CARTESIAN_POINT('',(-0.745000000000001,14.0914172018169,57.8165381986435));
#10150=CARTESIAN_POINT('Origin',(-0.0950000000000042,14.0914172018169,57.7400005623698));
#10151=CARTESIAN_POINT('Origin',(-0.0950000000000042,14.0914172018168,57.7400005623698));
#10152=CARTESIAN_POINT('Origin',(0.,14.0914172018169,46.));
#10153=CARTESIAN_POINT('Origin',(0.,14.0914172018169,46.));
#10154=CARTESIAN_POINT('Origin',(6.88658767753577,14.0914172018169,54.6932184852893));
#10155=CARTESIAN_POINT('',(6.88658767753577,14.0914172018169,54.6932184852893));
#10156=CARTESIAN_POINT('',(6.73665098075045,14.0914172018169,54.8099189007004));
#10157=CARTESIAN_POINT('',(6.84910333721977,14.0914172018169,54.7223937184382));
#10158=CARTESIAN_POINT('',(6.88658767753577,14.0914172018169,54.6932184852893));
#10159=CARTESIAN_POINT('',(6.73665098075045,14.0914172018169,54.8099189007004));
#10160=CARTESIAN_POINT('Origin',(7.28582594078405,14.0914172018169,55.206159816397));
#10161=CARTESIAN_POINT('',(7.79876727189171,14.0914172018169,54.8069215531487));
#10162=CARTESIAN_POINT('Origin',(7.28582594078405,14.0914172018168,55.206159816397));
#10163=CARTESIAN_POINT('',(7.79876727189171,14.0914172018169,54.8069215531487));
#10164=CARTESIAN_POINT('Origin',(7.84577766109019,14.0914172018169,54.8673205024257));
#10165=CARTESIAN_POINT('',(7.84577766109019,14.0914172018169,54.8673205024257));
#10166=CARTESIAN_POINT('',(4.21684383641493,14.0914172018169,50.2048662291665));
#10167=CARTESIAN_POINT('',(7.84577766109019,14.0914172018169,54.8673205024257));
#10168=CARTESIAN_POINT('Origin',(6.62294791289108,14.0914172018169,55.7220984950563));
#10169=CARTESIAN_POINT('',(6.62294791289108,14.0914172018169,55.7220984950563));
#10170=CARTESIAN_POINT('',(3.01751928281505,14.0914172018169,51.0898436964356));
#10171=CARTESIAN_POINT('',(6.62294791289108,14.0914172018169,55.7220984950563));
#10172=CARTESIAN_POINT('Origin',(7.13588924399873,14.0914172018169,55.322860231808));
#10173=CARTESIAN_POINT('Origin',(7.13588924399873,14.0914172018168,55.322860231808));
#10174=CARTESIAN_POINT('Origin',(0.,14.0914172018169,46.));
#10175=CARTESIAN_POINT('Origin',(0.,14.0914172018169,46.));
#10176=CARTESIAN_POINT('Origin',(9.33613678975024,14.0914172018169,51.9861245657299));
#10177=CARTESIAN_POINT('',(9.33613678975024,14.0914172018169,51.9861245657299));
#10178=CARTESIAN_POINT('',(9.23221663970698,14.0914172018169,52.1451861965998));
#10179=CARTESIAN_POINT('',(9.31015659530944,14.0914172018169,52.0258902136466));
#10180=CARTESIAN_POINT('',(9.33613678975024,14.0914172018169,51.9861245657299));
#10181=CARTESIAN_POINT('',(9.23221663970698,14.0914172018169,52.1451861965998));
#10182=CARTESIAN_POINT('Origin',(9.88029500062088,14.0914172018169,52.3416408685095));
#10183=CARTESIAN_POINT('',(10.2358113034005,14.0914172018169,51.7974826576389));
#10184=CARTESIAN_POINT('Origin',(9.88029500062088,14.0914172018169,52.3416408685095));
#10185=CARTESIAN_POINT('',(10.2358113034005,14.0914172018169,51.7974826576389));
#10186=CARTESIAN_POINT('Origin',(10.2998860468142,14.0914172018169,51.8393447768258));
#10187=CARTESIAN_POINT('',(10.2998860468142,14.0914172018169,51.8393447768258));
#10188=CARTESIAN_POINT('',(5.35368136923768,14.0914172018169,48.6078279777876));
#10189=CARTESIAN_POINT('',(10.2998860468142,14.0914172018169,51.8393447768258));
#10190=CARTESIAN_POINT('Origin',(9.42085854779804,14.0914172018169,53.04486071025));
#10191=CARTESIAN_POINT('',(9.42085854779804,14.0914172018169,53.04486071025));
#10192=CARTESIAN_POINT('',(4.50669124192839,14.0914172018169,49.8342749708053));
#10193=CARTESIAN_POINT('',(9.42085854779804,14.0914172018169,53.04486071025));
#10194=CARTESIAN_POINT('Origin',(9.77637485057762,14.0914172018169,52.5007024993794));
#10195=CARTESIAN_POINT('Origin',(9.77637485057762,14.0914172018169,52.5007024993794));
#10196=CARTESIAN_POINT('Origin',(0.,14.0914172018169,46.));
#10197=CARTESIAN_POINT('',(10.5220074043518,14.0914172018169,51.4289004579902));
#10198=CARTESIAN_POINT('Origin',(0.,14.0914172018169,46.));
#10199=CARTESIAN_POINT('',(10.5220074043518,14.0914172018169,51.4289004579902));
#10200=CARTESIAN_POINT('Origin',(10.1940877729499,14.0914172018169,50.3678040192706));
#10201=CARTESIAN_POINT('',(10.1940877729499,14.0914172018169,50.3678040192706));
#10202=CARTESIAN_POINT('',(10.1177656422658,14.0914172018169,50.5418009513351));
#10203=CARTESIAN_POINT('',(10.1750071142028,14.0914172018169,50.4113035397113));
#10204=CARTESIAN_POINT('',(10.1940877729499,14.0914172018169,50.3678040192706));
#10205=CARTESIAN_POINT('',(10.1177656422658,14.0914172018169,50.5418009513351));
#10206=CARTESIAN_POINT('Origin',(10.7893404352757,14.0914172018169,50.628906045295));
#10207=CARTESIAN_POINT('',(11.0504424613001,14.0914172018169,50.0336533829692));
#10208=CARTESIAN_POINT('Origin',(10.7893404352757,14.0914172018169,50.628906045295));
#10209=CARTESIAN_POINT('',(11.0504424613001,14.0914172018169,50.0336533829692));
#10210=CARTESIAN_POINT('Origin',(11.1205335870847,14.0914172018169,50.0643982012741));
#10211=CARTESIAN_POINT('',(11.1205335870847,14.0914172018169,50.0643982012741));
#10212=CARTESIAN_POINT('',(5.70989846530171,14.0914172018169,47.6910735917602));
#10213=CARTESIAN_POINT('',(11.1205335870847,14.0914172018169,50.0643982012741));
#10214=CARTESIAN_POINT('Origin',(10.4519162785672,14.0914172018169,51.3981556396853));
#10215=CARTESIAN_POINT('',(10.4519162785672,14.0914172018169,51.3981556396853));
#10216=CARTESIAN_POINT('',(5.07632671967647,14.0914172018169,49.0402034393238));
#10217=CARTESIAN_POINT('',(10.4519162785672,14.0914172018169,51.3981556396853));
#10218=CARTESIAN_POINT('Origin',(10.7130183045916,14.0914172018169,50.8029029773595));
#10219=CARTESIAN_POINT('Origin',(10.7130183045916,14.0914172018169,50.8029029773595));
#10220=CARTESIAN_POINT('Origin',(0.,14.0914172018169,46.));
#10221=CARTESIAN_POINT('',(11.2720685843273,14.0914172018169,49.6229918341367));
#10222=CARTESIAN_POINT('Origin',(0.,14.0914172018169,46.));
#10223=CARTESIAN_POINT('',(11.2720685843273,14.0914172018169,49.6229918341367));
#10224=CARTESIAN_POINT('Origin',(9.23221663970698,14.0914172018169,39.8548138034002));
#10225=CARTESIAN_POINT('',(9.23221663970698,14.0914172018169,39.8548138034002));
#10226=CARTESIAN_POINT('',(9.33613678975024,14.0914172018169,40.0138754342701));
#10227=CARTESIAN_POINT('',(9.25819683414777,14.0914172018169,39.8945794513169));
#10228=CARTESIAN_POINT('',(9.23221663970698,14.0914172018169,39.8548138034002));
#10229=CARTESIAN_POINT('',(9.33613678975024,14.0914172018169,40.0138754342701));
#10230=CARTESIAN_POINT('Origin',(9.77637485057762,14.0914172018169,39.4992975006207));
#10231=CARTESIAN_POINT('',(9.42085854779804,14.0914172018169,38.95513928975));
#10232=CARTESIAN_POINT('Origin',(9.77637485057762,14.0914172018169,39.4992975006207));
#10233=CARTESIAN_POINT('',(9.42085854779804,14.0914172018169,38.95513928975));
#10234=CARTESIAN_POINT('Origin',(9.48493329121178,14.0914172018169,38.9132771705631));
#10235=CARTESIAN_POINT('',(9.48493329121178,14.0914172018169,38.9132771705631));
#10236=CARTESIAN_POINT('',(4.5387282997753,14.0914172018169,42.1447941746562));
#10237=CARTESIAN_POINT('',(9.48493329121178,14.0914172018169,38.9132771705631));
#10238=CARTESIAN_POINT('Origin',(10.2358113034005,14.0914172018169,40.2025173423612));
#10239=CARTESIAN_POINT('',(10.2358113034005,14.0914172018169,40.2025173423612));
#10240=CARTESIAN_POINT('',(10.2998860468142,14.0914172018169,40.1606552231743));
#10241=CARTESIAN_POINT('',(5.32164368367086,14.0914172018169,43.4131032868609));
#10242=CARTESIAN_POINT('',(10.2358113034005,14.0914172018169,40.2025173423612));
#10243=CARTESIAN_POINT('',(10.2998860468142,14.0914172018169,40.1606552231743));
#10244=CARTESIAN_POINT('Origin',(9.88029500062088,14.0914172018169,39.6583591314905));
#10245=CARTESIAN_POINT('Origin',(9.88029500062088,14.0914172018169,39.6583591314905));
#10246=CARTESIAN_POINT('Origin',(0.,14.0914172018169,46.));
#10247=CARTESIAN_POINT('',(9.19828446498559,14.0914172018169,38.5449907510987));
#10248=CARTESIAN_POINT('Origin',(0.,14.0914172018169,46.));
#10249=CARTESIAN_POINT('',(9.19828446498559,14.0914172018169,38.5449907510987));
#10250=CARTESIAN_POINT('Origin',(10.1177656422658,14.0914172018169,41.458199048665));
#10251=CARTESIAN_POINT('',(10.1177656422658,14.0914172018169,41.458199048665));
#10252=CARTESIAN_POINT('',(10.1940877729499,14.0914172018169,41.6321959807294));
#10253=CARTESIAN_POINT('',(10.136846301013,14.0914172018169,41.5016985691057));
#10254=CARTESIAN_POINT('',(10.1177656422658,14.0914172018169,41.458199048665));
#10255=CARTESIAN_POINT('',(10.1940877729499,14.0914172018169,41.6321959807294));
#10256=CARTESIAN_POINT('Origin',(10.7130183045916,14.0914172018169,41.1970970226405));
#10257=CARTESIAN_POINT('',(10.4519162785672,14.0914172018169,40.6018443603148));
#10258=CARTESIAN_POINT('Origin',(10.7130183045916,14.0914172018169,41.1970970226405));
#10259=CARTESIAN_POINT('',(10.4519162785672,14.0914172018169,40.6018443603148));
#10260=CARTESIAN_POINT('Origin',(10.5220074043518,14.0914172018169,40.5710995420099));
#10261=CARTESIAN_POINT('',(10.5220074043518,14.0914172018169,40.5710995420099));
#10262=CARTESIAN_POINT('',(5.11137203041657,14.0914172018169,42.9444242621281));
#10263=CARTESIAN_POINT('',(10.5220074043518,14.0914172018169,40.5710995420099));
#10264=CARTESIAN_POINT('Origin',(11.0504424613001,14.0914172018169,41.9663466170308));
#10265=CARTESIAN_POINT('',(11.0504424613001,14.0914172018169,41.9663466170308));
#10266=CARTESIAN_POINT('',(11.1205335870847,14.0914172018169,41.9356017987259));
#10267=CARTESIAN_POINT('',(5.67485265025718,14.0914172018169,44.3242989279965));
#10268=CARTESIAN_POINT('',(11.0504424613001,14.0914172018169,41.9663466170308));
#10269=CARTESIAN_POINT('',(11.1205335870847,14.0914172018169,41.9356017987259));
#10270=CARTESIAN_POINT('Origin',(10.7893404352757,14.0914172018169,41.371093954705));
#10271=CARTESIAN_POINT('Origin',(10.7893404352757,14.0914172018169,41.371093954705));
#10272=CARTESIAN_POINT('Origin',(0.,14.0914172018169,46.));
#10273=CARTESIAN_POINT('Origin',(0.,14.0914172018169,46.));
#10274=CARTESIAN_POINT('Origin',(10.773970615707,14.0914172018169,48.6303411651809));
#10275=CARTESIAN_POINT('',(10.773970615707,14.0914172018169,48.6303411651809));
#10276=CARTESIAN_POINT('',(10.7273283731503,14.0914172018169,48.8145272157093));
#10277=CARTESIAN_POINT('',(10.7623099735079,14.0914172018169,48.6763879998859));
#10278=CARTESIAN_POINT('',(10.773970615707,14.0914172018169,48.6303411651809));
#10279=CARTESIAN_POINT('',(10.7273283731503,14.0914172018169,48.8145272157093));
#10280=CARTESIAN_POINT('Origin',(11.4040807885676,14.0914172018169,48.7899067318224));
#10281=CARTESIAN_POINT('',(11.5636463552091,14.0914172018169,48.1597965589618));
#10282=CARTESIAN_POINT('Origin',(11.4040807885676,14.0914172018169,48.7899067318224));
#10283=CARTESIAN_POINT('',(11.5636463552091,14.0914172018169,48.1597965589618));
#10284=CARTESIAN_POINT('Origin',(11.6378419601671,14.0914172018169,48.1785854378871));
#10285=CARTESIAN_POINT('',(11.6378419601671,14.0914172018169,48.1785854378871));
#10286=CARTESIAN_POINT('',(5.91036440560344,14.0914172018169,46.7281911405349));
#10287=CARTESIAN_POINT('',(11.6378419601671,14.0914172018169,48.1785854378871));
#10288=CARTESIAN_POINT('Origin',(11.1978729793693,14.0914172018169,49.6042029552114));
#10289=CARTESIAN_POINT('',(11.1978729793693,14.0914172018169,49.6042029552114));
#10290=CARTESIAN_POINT('',(5.50749322728464,14.0914172018169,48.1632030973219));
#10291=CARTESIAN_POINT('',(11.1978729793693,14.0914172018169,49.6042029552114));
#10292=CARTESIAN_POINT('Origin',(11.3574385460108,14.0914172018169,48.9740927823509));
#10293=CARTESIAN_POINT('Origin',(11.3574385460108,14.0914172018169,48.9740927823509));
#10294=CARTESIAN_POINT('Origin',(0.,14.0914172018169,46.));
#10295=CARTESIAN_POINT('',(11.7146571174122,14.0914172018169,47.7182574374828));
#10296=CARTESIAN_POINT('Origin',(0.,14.0914172018169,46.));
#10297=CARTESIAN_POINT('',(11.7146571174122,14.0914172018169,47.7182574374828));
#10298=CARTESIAN_POINT('Origin',(10.7273283731503,14.0914172018169,43.1854727842907));
#10299=CARTESIAN_POINT('',(10.7273283731503,14.0914172018169,43.1854727842907));
#10300=CARTESIAN_POINT('',(10.773970615707,14.0914172018169,43.3696588348192));
#10301=CARTESIAN_POINT('',(10.7389890153494,14.0914172018169,43.2315196189957));
#10302=CARTESIAN_POINT('',(10.7273283731503,14.0914172018169,43.1854727842907));
#10303=CARTESIAN_POINT('',(10.773970615707,14.0914172018169,43.3696588348192));
#10304=CARTESIAN_POINT('Origin',(11.3574385460108,14.0914172018169,43.0259072176492));
#10305=CARTESIAN_POINT('',(11.1978729793693,14.0914172018169,42.3957970447886));
#10306=CARTESIAN_POINT('Origin',(11.3574385460108,14.0914172018169,43.0259072176492));
#10307=CARTESIAN_POINT('',(11.1978729793693,14.0914172018169,42.3957970447886));
#10308=CARTESIAN_POINT('Origin',(11.2720685843273,14.0914172018169,42.3770081658634));
#10309=CARTESIAN_POINT('',(11.2720685843273,14.0914172018169,42.3770081658634));
#10310=CARTESIAN_POINT('',(5.54459086664378,14.0914172018169,43.8274025045231));
#10311=CARTESIAN_POINT('',(11.2720685843273,14.0914172018169,42.3770081658634));
#10312=CARTESIAN_POINT('Origin',(11.5636463552091,14.0914172018169,43.8402034410382));
#10313=CARTESIAN_POINT('',(11.5636463552091,14.0914172018169,43.8402034410382));
#10314=CARTESIAN_POINT('',(11.6378419601671,14.0914172018169,43.821414562113));
#10315=CARTESIAN_POINT('',(5.87326644000456,14.0914172018169,45.2812033402353));
#10316=CARTESIAN_POINT('',(11.5636463552091,14.0914172018169,43.8402034410382));
#10317=CARTESIAN_POINT('',(11.6378419601671,14.0914172018169,43.821414562113));
#10318=CARTESIAN_POINT('Origin',(11.4040807885676,14.0914172018169,43.2100932681777));
#10319=CARTESIAN_POINT('Origin',(11.4040807885676,14.0914172018169,43.2100932681777));
#10320=CARTESIAN_POINT('Origin',(0.,14.0914172018169,46.));
#10321=CARTESIAN_POINT('Origin',(0.,14.0914172018169,46.));
#10322=CARTESIAN_POINT('Origin',(6.73665098075046,14.0914172018169,37.1900810992997));
#10323=CARTESIAN_POINT('',(6.73665098075046,14.0914172018169,37.1900810992997));
#10324=CARTESIAN_POINT('',(6.88658767753577,14.0914172018169,37.3067815147107));
#10325=CARTESIAN_POINT('',(6.77413532106646,14.0914172018169,37.2192563324486));
#10326=CARTESIAN_POINT('',(6.73665098075046,14.0914172018169,37.1900810992997));
#10327=CARTESIAN_POINT('',(6.88658767753577,14.0914172018169,37.3067815147107));
#10328=CARTESIAN_POINT('Origin',(7.13588924399874,14.0914172018169,36.677139768192));
#10329=CARTESIAN_POINT('',(6.62294791289109,14.0914172018169,36.2779015049438));
#10330=CARTESIAN_POINT('Origin',(7.13588924399874,14.0914172018169,36.677139768192));
#10331=CARTESIAN_POINT('',(6.62294791289109,14.0914172018169,36.2779015049438));
#10332=CARTESIAN_POINT('Origin',(6.66995830208957,14.0914172018169,36.2175025556668));
#10333=CARTESIAN_POINT('',(6.66995830208957,14.0914172018169,36.2175025556668));
#10334=CARTESIAN_POINT('',(3.04102414517495,14.0914172018169,40.8799572557871));
#10335=CARTESIAN_POINT('',(6.66995830208957,14.0914172018169,36.2175025556668));
#10336=CARTESIAN_POINT('Origin',(7.79876727189171,14.0914172018169,37.1930784468514));
#10337=CARTESIAN_POINT('',(7.79876727189171,14.0914172018169,37.1930784468514));
#10338=CARTESIAN_POINT('',(7.8457776610902,14.0914172018169,37.1326794975744));
#10339=CARTESIAN_POINT('',(4.19333830957635,14.0914172018169,41.8253336723332));
#10340=CARTESIAN_POINT('',(7.79876727189171,14.0914172018169,37.1930784468514));
#10341=CARTESIAN_POINT('',(7.8457776610902,14.0914172018169,37.1326794975744));
#10342=CARTESIAN_POINT('Origin',(7.28582594078406,14.0914172018169,36.7938401836031));
#10343=CARTESIAN_POINT('Origin',(7.28582594078406,14.0914172018169,36.7938401836031));
#10344=CARTESIAN_POINT('Origin',(0.,14.0914172018169,46.));
#10345=CARTESIAN_POINT('Origin',(0.,14.0914172018169,46.));
#10346=CARTESIAN_POINT('Origin',(8.09483683380952,14.0914172018169,38.4190532182739));
#10347=CARTESIAN_POINT('',(8.09483683380952,14.0914172018169,38.4190532182739));
#10348=CARTESIAN_POINT('',(8.22352033241841,14.0914172018169,38.5588407613018));
#10349=CARTESIAN_POINT('',(8.12700787923979,14.0914172018169,38.4540002895453));
#10350=CARTESIAN_POINT('',(8.09483683380952,14.0914172018169,38.4190532182739));
#10351=CARTESIAN_POINT('',(8.22352033241841,14.0914172018169,38.5588407613018));
#10352=CARTESIAN_POINT('Origin',(8.57305737574705,14.0914172018169,37.9788201967172));
#10353=CARTESIAN_POINT('',(8.13282435419032,14.0914172018169,37.5005996547796));
#10354=CARTESIAN_POINT('Origin',(8.57305737574705,14.0914172018169,37.9788201967172));
#10355=CARTESIAN_POINT('',(8.13282435419032,14.0914172018169,37.5005996547796));
#10356=CARTESIAN_POINT('Origin',(8.18913492326324,14.0914172018169,37.4487621241957));
#10357=CARTESIAN_POINT('',(8.18913492326324,14.0914172018169,37.4487621241957));
#10358=CARTESIAN_POINT('',(3.84227990542298,14.0914172018169,41.4503240625844));
#10359=CARTESIAN_POINT('',(8.18913492326324,14.0914172018169,37.4487621241957));
#10360=CARTESIAN_POINT('Origin',(9.14197389591267,14.0914172018169,38.5968282816826));
#10361=CARTESIAN_POINT('',(9.14197389591267,14.0914172018169,38.5968282816826));
#10362=CARTESIAN_POINT('',(4.82327416260888,14.0914172018169,42.5724714547793));
#10363=CARTESIAN_POINT('',(9.14197389591267,14.0914172018169,38.5968282816826));
#10364=CARTESIAN_POINT('Origin',(8.70174087435594,14.0914172018169,38.1186077397451));
#10365=CARTESIAN_POINT('Origin',(8.70174087435594,14.0914172018169,38.1186077397451));
#10366=CARTESIAN_POINT('Origin',(0.,14.0914172018169,46.));
#10367=CARTESIAN_POINT('Origin',(0.,14.0914172018169,46.));
#10368=CARTESIAN_POINT('Origin',(11.0442775500731,14.0914172018169,44.9895194854361));
#10369=CARTESIAN_POINT('',(11.0442775500731,14.0914172018169,44.9895194854361));
#10370=CARTESIAN_POINT('',(11.0599676257129,14.0914172018169,45.1788705391074));
#10371=CARTESIAN_POINT('',(11.0482000971886,14.0914172018169,45.0368575892434));
#10372=CARTESIAN_POINT('',(11.0442775500731,14.0914172018169,44.9895194854361));
#10373=CARTESIAN_POINT('',(11.0599676257129,14.0914172018169,45.1788705391074));
#10374=CARTESIAN_POINT('Origin',(11.6920574705275,14.0914172018169,44.9358429108791));
#10375=CARTESIAN_POINT('',(11.6383808959705,14.0914172018169,44.2880629904247));
#10376=CARTESIAN_POINT('Origin',(11.6920574705275,14.0914172018169,44.9358429108791));
#10377=CARTESIAN_POINT('',(11.6383808959705,14.0914172018169,44.2880629904247));
#10378=CARTESIAN_POINT('Origin',(11.7146571174122,14.0914172018169,44.2817425625173));
#10379=CARTESIAN_POINT('',(11.7146571174122,14.0914172018169,44.2817425625173));
#10380=CARTESIAN_POINT('',(5.82656772431215,14.0914172018169,44.7696435599508));
#10381=CARTESIAN_POINT('',(11.7146571174122,14.0914172018169,44.2817425625173));
#10382=CARTESIAN_POINT('Origin',(11.7614241207242,14.0914172018169,45.7729738850047));
#10383=CARTESIAN_POINT('',(11.7614241207242,14.0914172018169,45.7729738850047));
#10384=CARTESIAN_POINT('',(11.8377003421659,14.0914172018169,45.7666534570972));
#10385=CARTESIAN_POINT('',(5.91147283834508,14.0914172018169,46.2577146684845));
#10386=CARTESIAN_POINT('',(11.7614241207242,14.0914172018169,45.7729738850047));
#10387=CARTESIAN_POINT('',(11.8377003421659,14.0914172018169,45.7666534570972));
#10388=CARTESIAN_POINT('Origin',(11.7077475461672,14.0914172018169,45.1251939645503));
#10389=CARTESIAN_POINT('Origin',(11.7077475461672,14.0914172018169,45.1251939645503));
#10390=CARTESIAN_POINT('Origin',(0.,14.0914172018169,46.));
#10391=CARTESIAN_POINT('Origin',(0.,14.0914172018169,46.));
#10392=CARTESIAN_POINT('Origin',(11.0599676257129,14.0914172018169,46.8211294608927));
#10393=CARTESIAN_POINT('',(11.0599676257129,14.0914172018169,46.8211294608927));
#10394=CARTESIAN_POINT('',(11.0442775500731,14.0914172018169,47.010480514564));
#10395=CARTESIAN_POINT('',(11.0560450785975,14.0914172018169,46.8684675647));
#10396=CARTESIAN_POINT('',(11.0599676257129,14.0914172018169,46.8211294608927));
#10397=CARTESIAN_POINT('',(11.0442775500731,14.0914172018169,47.010480514564));
#10398=CARTESIAN_POINT('Origin',(11.7077475461672,14.0914172018169,46.8748060354497));
#10399=CARTESIAN_POINT('',(11.7614241207242,14.0914172018169,46.2270261149954));
#10400=CARTESIAN_POINT('Origin',(11.7077475461672,14.0914172018169,46.8748060354497));
#10401=CARTESIAN_POINT('',(11.7614241207242,14.0914172018169,46.2270261149954));
#10402=CARTESIAN_POINT('Origin',(11.8377003421659,14.0914172018169,46.2333465429029));
#10403=CARTESIAN_POINT('',(11.8377003421659,14.0914172018169,46.2333465429029));
#10404=CARTESIAN_POINT('',(5.94961100547688,14.0914172018169,45.7454455501436));
#10405=CARTESIAN_POINT('',(11.8377003421659,14.0914172018169,46.2333465429029));
#10406=CARTESIAN_POINT('Origin',(11.6383808959705,14.0914172018169,47.7119370095753));
#10407=CARTESIAN_POINT('',(11.6383808959705,14.0914172018169,47.7119370095753));
#10408=CARTESIAN_POINT('',(5.78842967000226,14.0914172018169,47.2271962307698));
#10409=CARTESIAN_POINT('',(11.6383808959705,14.0914172018169,47.7119370095753));
#10410=CARTESIAN_POINT('Origin',(11.6920574705275,14.0914172018169,47.064157089121));
#10411=CARTESIAN_POINT('Origin',(11.6920574705275,14.0914172018169,47.064157089121));
#10412=CARTESIAN_POINT('Origin',(0.,14.0914172018169,46.));
#10413=CARTESIAN_POINT('Origin',(0.,14.0914172018169,46.));
#10414=CARTESIAN_POINT('Origin',(-5.19470685007498,14.0914172018169,55.798579397808));
#10415=CARTESIAN_POINT('',(-5.19470685007498,14.0914172018169,55.798579397808));
#10416=CARTESIAN_POINT('',(-5.36180686280422,14.0914172018169,55.708149393131));
#10417=CARTESIAN_POINT('',(-5.23648170979765,14.0914172018169,55.7759719742752));
#10418=CARTESIAN_POINT('',(-5.19470685007498,14.0914172018169,55.798579397808));
#10419=CARTESIAN_POINT('',(-5.36180686280422,14.0914172018169,55.708149393131));
#10420=CARTESIAN_POINT('Origin',(-5.50407265554908,14.0914172018169,56.3702373360922));
#10421=CARTESIAN_POINT('',(-4.93241471726486,14.0914172018169,56.6796031415663));
#10422=CARTESIAN_POINT('Origin',(-5.50407265554908,14.0914172018168,56.3702373360922));
#10423=CARTESIAN_POINT('',(-4.93241471726486,14.0914172018169,56.6796031415663));
#10424=CARTESIAN_POINT('Origin',(-4.96884260571852,14.0914172018169,56.7469159836484));
#10425=CARTESIAN_POINT('',(-4.96884260571852,14.0914172018169,56.7469159836484));
#10426=CARTESIAN_POINT('',(-2.15681747399449,14.0914172018169,51.5507486608207));
#10427=CARTESIAN_POINT('',(-4.96884260571852,14.0914172018169,56.7469159836484));
#10428=CARTESIAN_POINT('Origin',(-6.24283060656253,14.0914172018169,55.9704415259411));
#10429=CARTESIAN_POINT('',(-6.24283060656253,14.0914172018169,55.9704415259411));
#10430=CARTESIAN_POINT('',(-6.27925849501619,14.0914172018169,56.0377543680231));
#10431=CARTESIAN_POINT('',(-3.44901941906534,14.0914172018169,50.8079306241545));
#10432=CARTESIAN_POINT('',(-6.24283060656253,14.0914172018169,55.9704415259411));
#10433=CARTESIAN_POINT('',(-6.27925849501619,14.0914172018169,56.0377543680231));
#10434=CARTESIAN_POINT('Origin',(-5.67117266827831,14.0914172018169,56.2798073314152));
#10435=CARTESIAN_POINT('Origin',(-5.67117266827831,14.0914172018168,56.2798073314152));
#10436=CARTESIAN_POINT('Origin',(0.,14.0914172018169,46.));
#10437=CARTESIAN_POINT('',(-4.54145752600337,14.0914172018169,56.9343844609337));
#10438=CARTESIAN_POINT('Origin',(0.,14.0914172018169,46.));
#10439=CARTESIAN_POINT('',(-4.54145752600337,14.0914172018169,56.9343844609337));
#10440=CARTESIAN_POINT('Origin',(-6.73665098075046,14.0914172018169,54.8099189007004));
#10441=CARTESIAN_POINT('',(-6.73665098075046,14.0914172018169,54.8099189007004));
#10442=CARTESIAN_POINT('',(-6.88658767753577,14.0914172018169,54.6932184852893));
#10443=CARTESIAN_POINT('',(-6.77413498882711,14.0914172018169,54.7807439261437));
#10444=CARTESIAN_POINT('',(-6.73665098075046,14.0914172018169,54.8099189007004));
#10445=CARTESIAN_POINT('',(-6.88658767753577,14.0914172018169,54.6932184852893));
#10446=CARTESIAN_POINT('Origin',(-7.13588924399874,14.0914172018169,55.322860231808));
#10447=CARTESIAN_POINT('',(-6.62294791289108,14.0914172018169,55.7220984950563));
#10448=CARTESIAN_POINT('Origin',(-7.13588924399874,14.0914172018168,55.322860231808));
#10449=CARTESIAN_POINT('',(-6.62294791289108,14.0914172018169,55.7220984950563));
#10450=CARTESIAN_POINT('Origin',(-6.66995830208957,14.0914172018169,55.7824974443333));
#10451=CARTESIAN_POINT('',(-6.66995830208957,14.0914172018169,55.7824974443333));
#10452=CARTESIAN_POINT('',(-3.0410244774143,14.0914172018169,51.1200431710741));
#10453=CARTESIAN_POINT('',(-6.66995830208957,14.0914172018169,55.7824974443333));
#10454=CARTESIAN_POINT('Origin',(-7.79876727189171,14.0914172018169,54.8069215531487));
#10455=CARTESIAN_POINT('',(-7.79876727189171,14.0914172018169,54.8069215531487));
#10456=CARTESIAN_POINT('',(-7.84577766109019,14.0914172018169,54.8673205024257));
#10457=CARTESIAN_POINT('',(-4.19333864181569,14.0914172018169,50.174666754528));
#10458=CARTESIAN_POINT('',(-7.79876727189171,14.0914172018169,54.8069215531487));
#10459=CARTESIAN_POINT('',(-7.84577766109019,14.0914172018169,54.8673205024257));
#10460=CARTESIAN_POINT('Origin',(-7.28582594078406,14.0914172018169,55.206159816397));
#10461=CARTESIAN_POINT('Origin',(-7.28582594078406,14.0914172018168,55.206159816397));
#10462=CARTESIAN_POINT('Origin',(0.,14.0914172018169,46.));
#10463=CARTESIAN_POINT('Origin',(0.,14.0914172018169,46.));
#10464=CARTESIAN_POINT('Origin',(-8.09483683380951,14.0914172018169,53.5809467817262));
#10465=CARTESIAN_POINT('',(-8.09483683380951,14.0914172018169,53.5809467817262));
#10466=CARTESIAN_POINT('',(-8.2235203324184,14.0914172018169,53.4411592386983));
#10467=CARTESIAN_POINT('',(-8.12700753768368,14.0914172018169,53.5460000814836));
#10468=CARTESIAN_POINT('',(-8.09483683380951,14.0914172018169,53.5809467817262));
#10469=CARTESIAN_POINT('',(-8.2235203324184,14.0914172018169,53.4411592386983));
#10470=CARTESIAN_POINT('Origin',(-8.57305737574704,14.0914172018169,54.0211798032829));
#10471=CARTESIAN_POINT('',(-8.13282435419032,14.0914172018169,54.4994003452204));
#10472=CARTESIAN_POINT('Origin',(-8.57305737574704,14.0914172018169,54.0211798032829));
#10473=CARTESIAN_POINT('',(-8.13282435419032,14.0914172018169,54.4994003452204));
#10474=CARTESIAN_POINT('Origin',(-8.18913492326323,14.0914172018169,54.5512378758043));
#10475=CARTESIAN_POINT('',(-8.18913492326323,14.0914172018169,54.5512378758043));
#10476=CARTESIAN_POINT('',(-3.84228024697908,14.0914172018169,50.5496762518402));
#10477=CARTESIAN_POINT('',(-8.18913492326323,14.0914172018169,54.5512378758043));
#10478=CARTESIAN_POINT('Origin',(-9.14197389591267,14.0914172018169,53.4031717183175));
#10479=CARTESIAN_POINT('',(-9.14197389591267,14.0914172018169,53.4031717183175));
#10480=CARTESIAN_POINT('',(-9.19828446498559,14.0914172018169,53.4550092489014));
#10481=CARTESIAN_POINT('',(-4.82327450416498,14.0914172018169,49.4275288596453));
#10482=CARTESIAN_POINT('',(-9.14197389591267,14.0914172018169,53.4031717183175));
#10483=CARTESIAN_POINT('',(-9.19828446498559,14.0914172018169,53.4550092489014));
#10484=CARTESIAN_POINT('Origin',(-8.70174087435594,14.0914172018169,53.881392260255));
#10485=CARTESIAN_POINT('Origin',(-8.70174087435594,14.0914172018169,53.881392260255));
#10486=CARTESIAN_POINT('Origin',(0.,14.0914172018169,46.));
#10487=CARTESIAN_POINT('Origin',(0.,14.0914172018169,46.));
#10488=CARTESIAN_POINT('Origin',(-9.23221663970698,14.0914172018169,52.1451861965998));
#10489=CARTESIAN_POINT('',(-9.23221663970698,14.0914172018169,52.1451861965998));
#10490=CARTESIAN_POINT('',(-9.33613678975024,14.0914172018169,51.9861245657299));
#10491=CARTESIAN_POINT('',(-9.25819652028781,14.0914172018169,52.1054210290816));
#10492=CARTESIAN_POINT('',(-9.23221663970698,14.0914172018169,52.1451861965998));
#10493=CARTESIAN_POINT('',(-9.33613678975024,14.0914172018169,51.9861245657299));
#10494=CARTESIAN_POINT('Origin',(-9.77637485057762,14.0914172018169,52.5007024993794));
#10495=CARTESIAN_POINT('',(-9.42085854779804,14.0914172018169,53.04486071025));
#10496=CARTESIAN_POINT('Origin',(-9.77637485057762,14.0914172018169,52.5007024993794));
#10497=CARTESIAN_POINT('',(-9.42085854779804,14.0914172018169,53.04486071025));
#10498=CARTESIAN_POINT('Origin',(-9.48493329121178,14.0914172018169,53.086722829437));
#10499=CARTESIAN_POINT('',(-9.48493329121178,14.0914172018169,53.086722829437));
#10500=CARTESIAN_POINT('',(-4.53872861363527,14.0914172018169,49.8552060303987));
#10501=CARTESIAN_POINT('',(-9.48493329121178,14.0914172018169,53.086722829437));
#10502=CARTESIAN_POINT('Origin',(-10.2358113034005,14.0914172018169,51.7974826576389));
#10503=CARTESIAN_POINT('',(-10.2358113034005,14.0914172018169,51.7974826576389));
#10504=CARTESIAN_POINT('',(-10.2998860468142,14.0914172018169,51.8393447768258));
#10505=CARTESIAN_POINT('',(-5.32164399753082,14.0914172018169,48.5868969181941));
#10506=CARTESIAN_POINT('',(-10.2358113034005,14.0914172018169,51.7974826576389));
#10507=CARTESIAN_POINT('',(-10.2998860468142,14.0914172018169,51.8393447768258));
#10508=CARTESIAN_POINT('Origin',(-9.88029500062088,14.0914172018169,52.3416408685095));
#10509=CARTESIAN_POINT('Origin',(-9.88029500062088,14.0914172018169,52.3416408685095));
#10510=CARTESIAN_POINT('Origin',(0.,14.0914172018169,46.));
#10511=CARTESIAN_POINT('Origin',(0.,14.0914172018169,46.));
#10512=CARTESIAN_POINT('Origin',(-10.1177656422658,14.0914172018169,50.5418009513351));
#10513=CARTESIAN_POINT('',(-10.1177656422658,14.0914172018169,50.5418009513351));
#10514=CARTESIAN_POINT('',(-10.1940877729499,14.0914172018169,50.3678040192706));
#10515=CARTESIAN_POINT('',(-10.1368460488607,14.0914172018169,50.4983020057435));
#10516=CARTESIAN_POINT('',(-10.1177656422658,14.0914172018169,50.5418009513351));
#10517=CARTESIAN_POINT('',(-10.1940877729499,14.0914172018169,50.3678040192706));
#10518=CARTESIAN_POINT('Origin',(-10.7130183045916,14.0914172018169,50.8029029773595));
#10519=CARTESIAN_POINT('',(-10.4519162785672,14.0914172018169,51.3981556396853));
#10520=CARTESIAN_POINT('Origin',(-10.7130183045916,14.0914172018169,50.8029029773595));
#10521=CARTESIAN_POINT('',(-10.4519162785672,14.0914172018169,51.3981556396853));
#10522=CARTESIAN_POINT('Origin',(-10.5220074043518,14.0914172018169,51.4289004579902));
#10523=CARTESIAN_POINT('',(-10.5220074043518,14.0914172018169,51.4289004579902));
#10524=CARTESIAN_POINT('',(-5.11137228256879,14.0914172018169,49.0555758484762));
#10525=CARTESIAN_POINT('',(-10.5220074043518,14.0914172018169,51.4289004579902));
#10526=CARTESIAN_POINT('Origin',(-11.0504424613001,14.0914172018169,50.0336533829692));
#10527=CARTESIAN_POINT('',(-11.0504424613001,14.0914172018169,50.0336533829692));
#10528=CARTESIAN_POINT('',(-11.1205335870847,14.0914172018169,50.0643982012741));
#10529=CARTESIAN_POINT('',(-5.67485290240941,14.0914172018169,47.6757011826077));
#10530=CARTESIAN_POINT('',(-11.0504424613001,14.0914172018169,50.0336533829692));
#10531=CARTESIAN_POINT('',(-11.1205335870847,14.0914172018169,50.0643982012741));
#10532=CARTESIAN_POINT('Origin',(-10.7893404352757,14.0914172018169,50.628906045295));
#10533=CARTESIAN_POINT('Origin',(-10.7893404352757,14.0914172018169,50.628906045295));
#10534=CARTESIAN_POINT('Origin',(0.,14.0914172018169,46.));
#10535=CARTESIAN_POINT('Origin',(0.,14.0914172018169,46.));
#10536=CARTESIAN_POINT('Origin',(-10.7273283731503,14.0914172018169,48.8145272157093));
#10537=CARTESIAN_POINT('',(-10.7273283731503,14.0914172018169,48.8145272157093));
#10538=CARTESIAN_POINT('',(-10.773970615707,14.0914172018169,48.6303411651809));
#10539=CARTESIAN_POINT('',(-10.7389888522295,14.0914172018169,48.7684810251501));
#10540=CARTESIAN_POINT('',(-10.7273283731503,14.0914172018169,48.8145272157093));
#10541=CARTESIAN_POINT('',(-10.773970615707,14.0914172018169,48.6303411651809));
#10542=CARTESIAN_POINT('Origin',(-11.3574385460108,14.0914172018169,48.9740927823509));
#10543=CARTESIAN_POINT('',(-11.1978729793693,14.0914172018169,49.6042029552114));
#10544=CARTESIAN_POINT('Origin',(-11.3574385460108,14.0914172018169,48.9740927823509));
#10545=CARTESIAN_POINT('',(-11.1978729793693,14.0914172018169,49.6042029552114));
#10546=CARTESIAN_POINT('Origin',(-11.2720685843273,14.0914172018169,49.6229918341367));
#10547=CARTESIAN_POINT('',(-11.2720685843273,14.0914172018169,49.6229918341367));
#10548=CARTESIAN_POINT('',(-5.54459102976366,14.0914172018169,48.1725975367845));
#10549=CARTESIAN_POINT('',(-11.2720685843273,14.0914172018169,49.6229918341367));
#10550=CARTESIAN_POINT('Origin',(-11.5636463552091,14.0914172018169,48.1597965589618));
#10551=CARTESIAN_POINT('',(-11.5636463552091,14.0914172018169,48.1597965589618));
#10552=CARTESIAN_POINT('',(-5.87326660312444,14.0914172018169,46.7187967010723));
#10553=CARTESIAN_POINT('',(-11.5636463552091,14.0914172018169,48.1597965589618));
#10554=CARTESIAN_POINT('Origin',(-11.4040807885676,14.0914172018169,48.7899067318224));
#10555=CARTESIAN_POINT('Origin',(-11.4040807885676,14.0914172018169,48.7899067318224));
#10556=CARTESIAN_POINT('Origin',(0.,14.0914172018169,46.));
#10557=CARTESIAN_POINT('Origin',(0.,14.0914172018169,46.));
#10558=CARTESIAN_POINT('Origin',(-1.73164977495311,14.0914172018169,56.9543838955127));
#10559=CARTESIAN_POINT('',(-1.73164977495311,14.0914172018169,56.9543838955127));
#10560=CARTESIAN_POINT('',(-1.91905842259963,14.0914172018169,56.9231109233594));
#10561=CARTESIAN_POINT('',(-1.77850188122316,14.0914172018169,56.9465656617593));
#10562=CARTESIAN_POINT('',(-1.73164977495311,14.0914172018169,56.9543838955127));
#10563=CARTESIAN_POINT('',(-1.91905842259963,14.0914172018169,56.9231109233594));
#10564=CARTESIAN_POINT('Origin',(-1.83863625863559,14.0914172018169,57.5955187427245));
#10565=CARTESIAN_POINT('',(-1.19750141142382,14.0914172018169,57.702505226407));
#10566=CARTESIAN_POINT('Origin',(-1.83863625863559,14.0914172018168,57.5955187427245));
#10567=CARTESIAN_POINT('',(-1.19750141142382,14.0914172018169,57.702505226407));
#10568=CARTESIAN_POINT('Origin',(-1.21009909230733,14.0914172018169,57.7779989890812));
#10569=CARTESIAN_POINT('',(-1.21009909230733,14.0914172018169,57.7779989890812));
#10570=CARTESIAN_POINT('',(-0.237630016277741,14.0914172018169,51.9503113128619));
#10571=CARTESIAN_POINT('',(-1.21009909230733,14.0914172018169,57.7779989890812));
#10572=CARTESIAN_POINT('Origin',(-2.66717975349388,14.0914172018169,57.4572592868887));
#10573=CARTESIAN_POINT('',(-2.66717975349388,14.0914172018169,57.4572592868887));
#10574=CARTESIAN_POINT('',(-2.67977743437739,14.0914172018169,57.5327530495629));
#10575=CARTESIAN_POINT('',(-1.70100951790605,14.0914172018169,51.6673184920065));
#10576=CARTESIAN_POINT('',(-2.66717975349388,14.0914172018169,57.4572592868887));
#10577=CARTESIAN_POINT('',(-2.67977743437739,14.0914172018169,57.5327530495629));
#10578=CARTESIAN_POINT('Origin',(-2.02604490628211,14.0914172018169,57.5642457705711));
#10579=CARTESIAN_POINT('Origin',(-2.02604490628211,14.0914172018168,57.5642457705711));
#10580=CARTESIAN_POINT('Origin',(0.,14.0914172018169,46.));
#10581=CARTESIAN_POINT('Origin',(0.,14.0914172018169,46.));
#10582=CARTESIAN_POINT('Origin',(-3.51106465811956,14.0914172018169,56.5199601919336));
#10583=CARTESIAN_POINT('',(-3.51106465811956,14.0914172018169,56.5199601919336));
#10584=CARTESIAN_POINT('',(-3.69076993404269,14.0914172018169,56.4582672927847));
#10585=CARTESIAN_POINT('',(-3.5559908718468,14.0914172018169,56.5045370032799));
#10586=CARTESIAN_POINT('',(-3.51106465811956,14.0914172018169,56.5199601919336));
#10587=CARTESIAN_POINT('',(-3.69076993404269,14.0914172018169,56.4582672927847));
#10588=CARTESIAN_POINT('Origin',(-3.72211931310261,14.0914172018169,57.134741399039));
#10589=CARTESIAN_POINT('',(-3.1073381059972,14.0914172018169,57.345796054022));
#10590=CARTESIAN_POINT('Origin',(-3.72211931310261,14.0914172018168,57.134741399039));
#10591=CARTESIAN_POINT('',(-3.1073381059972,14.0914172018169,57.345796054022));
#10592=CARTESIAN_POINT('Origin',(-3.13218983586943,14.0914172018169,57.4181866700487));
#10593=CARTESIAN_POINT('',(-3.13218983586943,14.0914172018169,57.4181866700487));
#10594=CARTESIAN_POINT('',(-1.21377810065477,14.0914172018169,51.8300441938962));
#10595=CARTESIAN_POINT('',(-3.13218983586943,14.0914172018169,57.4181866700487));
#10596=CARTESIAN_POINT('Origin',(-4.51660579613114,14.0914172018169,56.8619938449071));
#10597=CARTESIAN_POINT('',(-4.51660579613114,14.0914172018169,56.8619938449071));
#10598=CARTESIAN_POINT('',(-2.61061992585261,14.0914172018169,51.3100466767679));
#10599=CARTESIAN_POINT('',(-4.51660579613114,14.0914172018169,56.8619938449071));
#10600=CARTESIAN_POINT('Origin',(-3.90182458902573,14.0914172018169,57.0730484998901));
#10601=CARTESIAN_POINT('Origin',(-3.90182458902573,14.0914172018168,57.0730484998901));
#10602=CARTESIAN_POINT('Origin',(0.,14.0914172018169,46.));
#10603=CARTESIAN_POINT('Origin',(0.,14.0914172018169,46.));
#10604=CARTESIAN_POINT('Origin',(-0.0950000000000001,14.0914172018169,34.9099994376302));
#10605=CARTESIAN_POINT('',(-0.0950000000000001,14.0914172018169,34.9099994376302));
#10606=CARTESIAN_POINT('',(0.095,14.0914172018169,34.9099994376302));
#10607=CARTESIAN_POINT('',(-0.0475000000000023,14.0914172018169,34.9099994376302));
#10608=CARTESIAN_POINT('',(-0.0950000000000001,14.0914172018169,34.9099994376302));
#10609=CARTESIAN_POINT('',(0.095,14.0914172018169,34.9099994376302));
#10610=CARTESIAN_POINT('Origin',(-0.0950000000000027,14.0914172018169,34.2599994376302));
#10611=CARTESIAN_POINT('',(-0.745,14.0914172018169,34.2599994376302));
#10612=CARTESIAN_POINT('Origin',(-0.0950000000000027,14.0914172018169,34.2599994376302));
#10613=CARTESIAN_POINT('',(-0.745,14.0914172018169,34.2599994376302));
#10614=CARTESIAN_POINT('Origin',(-0.745,14.0914172018169,34.1834618013566));
#10615=CARTESIAN_POINT('',(-0.745,14.0914172018169,34.1834618013566));
#10616=CARTESIAN_POINT('',(-0.745,14.0914172018169,40.091731243405));
#10617=CARTESIAN_POINT('',(-0.745,14.0914172018169,34.1834618013566));
#10618=CARTESIAN_POINT('Origin',(0.745,14.0914172018169,34.2599994376302));
#10619=CARTESIAN_POINT('',(0.745,14.0914172018169,34.2599994376302));
#10620=CARTESIAN_POINT('',(0.745000000000008,14.0914172018169,40.1300000615418));
#10621=CARTESIAN_POINT('',(0.745,14.0914172018169,34.2599994376302));
#10622=CARTESIAN_POINT('Origin',(0.0950000000000028,14.0914172018169,34.2599994376302));
#10623=CARTESIAN_POINT('Origin',(0.0950000000000028,14.0914172018169,34.2599994376302));
#10624=CARTESIAN_POINT('Origin',(0.,14.0914172018169,46.));
#10625=CARTESIAN_POINT('',(-8.25,14.0914172018169,46.));
#10626=CARTESIAN_POINT('',(-8.25,14.0914172018169,46.));
#10627=CARTESIAN_POINT('',(-3.29039457844811E-15,14.0914172018169,54.2500006854534));
#10628=CARTESIAN_POINT('Origin',(-4.30072818774468E-15,14.0914172018169,
46.0000006854534));
#10629=CARTESIAN_POINT('Origin',(-4.30072818774468E-15,14.0914172018169,
46.0000006854534));
#10630=CARTESIAN_POINT('Origin',(0.,14.0914172018169,46.));
#10631=CARTESIAN_POINT('Origin',(0.,14.0914172018169,46.));
#10632=CARTESIAN_POINT('Origin',(-4.44089209850063E-15,14.0914172018169,
46.0000006854534));
#10633=CARTESIAN_POINT('Origin',(24.2872363430586,9.09141720181686,60.0222431259904));
#10634=CARTESIAN_POINT('',(-22.2356032439097,9.09141720181686,49.9530035710425));
#10635=CARTESIAN_POINT('',(1.14582779144907,9.09141720181686,47.9073934184354));
#10636=CARTESIAN_POINT('',(-27.9913587921396,9.09141720181686,47.7253891096898));
#10637=CARTESIAN_POINT('Origin',(-22.8456934431433,9.09141720181686,42.9796406844002));
#10638=CARTESIAN_POINT('',(-23.9188209207027,9.09141720181686,60.6418290551665));
#10639=CARTESIAN_POINT('Origin',(0.,9.09141720181686,46.0000006854534));
#10640=CARTESIAN_POINT('',(-20.4816891612491,9.09141720181686,55.5157083594003));
#10641=CARTESIAN_POINT('Origin',(-16.9816891612491,9.09141720181686,61.5778861858914));
#10642=CARTESIAN_POINT('',(-18.4499283666152,9.09141720181686,54.3426707176895));
#10643=CARTESIAN_POINT('',(-4.03108891324554,9.09141720181686,46.0179498778845));
#10644=CARTESIAN_POINT('Origin',(-13.6999283666152,9.09141720181686,62.5699120536416));
#10645=CARTESIAN_POINT('Origin',(24.2872363430586,9.09141720181686,60.0222431259904));
#10646=CARTESIAN_POINT('',(14.5412025421081,9.09141720181686,63.2800965203563));
#10647=CARTESIAN_POINT('',(14.9565130492196,9.09141720181686,63.8732213932667));
#10648=CARTESIAN_POINT('',(15.4899096028541,9.09141720181686,69.378534273773));
#10649=CARTESIAN_POINT('Origin',(8.80713823208519,9.09141720181686,67.2951315748137));
#10650=CARTESIAN_POINT('',(24.6396057863746,9.09141720181686,59.3933930464961));
#10651=CARTESIAN_POINT('Origin',(0.,9.09141720181686,46.0000006854534));
#10652=CARTESIAN_POINT('',(18.4816891612491,9.09141720181686,58.9798099745381));
#10653=CARTESIAN_POINT('Origin',(21.9816891612491,9.09141720181686,52.917632148047));
#10654=CARTESIAN_POINT('',(16.4499283666151,9.09141720181686,57.8067723328272));
#10655=CARTESIAN_POINT('',(20.2465161705395,9.09141720181686,59.998733323425));
#10656=CARTESIAN_POINT('Origin',(21.1999283666152,9.09141720181686,49.5795309968751));
#10657=CARTESIAN_POINT('Origin',(-4.30072818774468E-15,0.908582798183135,
46.0000006854534));
#10658=CARTESIAN_POINT('',(-3.29039457844811E-15,-9.09141720181686,54.2500006854534));
#10659=CARTESIAN_POINT('Origin',(-4.30072818774468E-15,-9.09141720181686,
46.0000006854534));
#10660=CARTESIAN_POINT('',(-3.29039457844811E-15,0.908582798183135,54.2500006854534));
#10661=CARTESIAN_POINT('Origin',(-5.,7.09141720181686,23.5044837224218));
#10662=CARTESIAN_POINT('',(-6.08485826995127,7.09141720181686,18.6235941995871));
#10663=CARTESIAN_POINT('',(-0.720784865671942,9.09141720181686,17.9647799546976));
#10664=CARTESIAN_POINT('Ctrl Pts',(-6.08485826995127,7.09141720181686,18.6235941995871));
#10665=CARTESIAN_POINT('Ctrl Pts',(-6.08191436839776,7.09314615834492,18.622939868869));
#10666=CARTESIAN_POINT('Ctrl Pts',(-6.0789703602064,7.09487511551752,18.6222860127633));
#10667=CARTESIAN_POINT('Ctrl Pts',(-4.76265834832716,7.86788843873268,18.3301595311877));
#10668=CARTESIAN_POINT('Ctrl Pts',(-3.34021639852446,8.68633527795873,18.1136071722218));
#10669=CARTESIAN_POINT('Ctrl Pts',(-1.41960872268186,9.05847719973214,17.9885669417137));
#10670=CARTESIAN_POINT('Ctrl Pts',(-1.05271282727212,9.09141720181686,17.9733138147843));
#10671=CARTESIAN_POINT('Ctrl Pts',(-0.720784865671941,9.09141720181686,
17.9647799546976));
#10672=CARTESIAN_POINT('',(0.,7.09141720181686,23.5044837224218));
#10673=CARTESIAN_POINT('Origin',(-5.,7.09141720181686,23.5044837224218));
#10674=CARTESIAN_POINT('',(2.,9.09141720181686,23.5044837224218));
#10675=CARTESIAN_POINT('Origin',(2.,7.09141720181686,23.5044837224218));
#10676=CARTESIAN_POINT('Origin',(-5.,9.09141720181686,23.5044837224218));
#10677=CARTESIAN_POINT('Origin',(2.,7.09141720181686,42.5000006854534));
#10678=CARTESIAN_POINT('',(0.,7.09141720181686,25.8505590058435));
#10679=CARTESIAN_POINT('',(2.,9.09141720181686,25.8505590058435));
#10680=CARTESIAN_POINT('Origin',(2.,7.09141720181686,25.8505590058435));
#10681=CARTESIAN_POINT('',(2.,9.09141720181686,42.5000006854534));
#10682=CARTESIAN_POINT('',(0.,7.09141720181686,42.5000006854534));
#10683=CARTESIAN_POINT('Origin',(-7.5,7.09141720181686,25.8505590058435));
#10684=CARTESIAN_POINT('Origin',(-7.5,9.09141720181686,25.8505590058435));
#10685=CARTESIAN_POINT('',(-4.88372093023256,7.09141720181686,32.8794340103586));
#10686=CARTESIAN_POINT('Origin',(-7.5,7.09141720181686,25.8505590058435));
#10687=CARTESIAN_POINT('Origin',(-4.18604651162791,7.09141720181686,34.7538006782293));
#10688=CARTESIAN_POINT('Origin',(0.,7.09141720181686,46.0000006854534));
#10689=CARTESIAN_POINT('Origin',(0.,7.09141720181686,46.0000006854534));
#10690=CARTESIAN_POINT('Origin',(1.14582779144907,7.09141720181686,47.9073934184354));
#10691=CARTESIAN_POINT('',(-22.409914729405,7.09141720181686,47.960614174859));
#10692=CARTESIAN_POINT('Origin',(-22.2356032439097,7.09141720181686,49.9530035710425));
#10693=CARTESIAN_POINT('',(0.97151630595376,7.09141720181686,45.9150040222519));
#10694=CARTESIAN_POINT('Origin',(-22.8456934431433,7.09141720181686,42.9796406844002));
#10695=CARTESIAN_POINT('',(-27.8025613360564,7.09141720181686,42.3243081793257));
#10696=CARTESIAN_POINT('Ctrl Pts',(-27.9913587921396,9.09141720181686,47.7253891096898));
#10697=CARTESIAN_POINT('Ctrl Pts',(-28.011786833999,9.09141720181686,47.3939804592811));
#10698=CARTESIAN_POINT('Ctrl Pts',(-28.0285688340981,9.05847719973216,47.0271513159155));
#10699=CARTESIAN_POINT('Ctrl Pts',(-28.0713964079275,8.68633527800386,45.1029541581968));
#10700=CARTESIAN_POINT('Ctrl Pts',(-27.9796420819519,7.86788844430013,43.6670512568628));
#10701=CARTESIAN_POINT('Ctrl Pts',(-27.8033513796932,7.09487511554168,42.3302876998352));
#10702=CARTESIAN_POINT('Ctrl Pts',(-27.8029565989162,7.09314615831951,42.3272979070808));
#10703=CARTESIAN_POINT('Ctrl Pts',(-27.8025613360564,7.09141720181686,42.3243081793257));
#10704=CARTESIAN_POINT('Origin',(-22.8456934431433,7.09141720181686,42.9796406844002));
#10705=CARTESIAN_POINT('Origin',(-22.8456934431433,-4.44089209850063E-15,
42.9796406844002));
#10706=CARTESIAN_POINT('',(-22.409914729405,-7.09141720181686,47.960614174859));
#10707=CARTESIAN_POINT('',(-22.409914729405,-4.44089209850063E-15,47.960614174859));
#10708=CARTESIAN_POINT('',(-27.8025613360564,-7.09141720181686,42.3243081793257));
#10709=CARTESIAN_POINT('Origin',(-22.8456934431433,-7.09141720181686,42.9796406844002));
#10710=CARTESIAN_POINT('',(-27.8025613360564,-4.44089209850063E-15,42.3243081793257));
#10711=CARTESIAN_POINT('Origin',(-20.9422464612622,-3.33066907387547E-15,
47.8322098395797));
#10712=CARTESIAN_POINT('',(-20.0727669707362,-7.09141720181686,47.7561402409904));
#10713=CARTESIAN_POINT('',(-20.0727669707362,-3.33066907387547E-15,47.7561402409904));
#10714=CARTESIAN_POINT('',(-4.75887876646913,-7.09141720181686,46.4163486286137));
#10715=CARTESIAN_POINT('Origin',(-20.7264350413436,-3.33066907387547E-15,
40.2846800053023));
#10716=CARTESIAN_POINT('',(-13.4962832827354,-7.09141720181686,42.2783965216341));
#10717=CARTESIAN_POINT('',(-13.4962832827354,-3.33066907387547E-15,42.2783965216341));
#10718=CARTESIAN_POINT('Origin',(-20.7264350413436,-7.09141720181686,40.2846800053023));
#10719=CARTESIAN_POINT('Origin',(0.,-3.33066907387547E-15,46.0000006854534));
#10720=CARTESIAN_POINT('',(-4.88372093023256,-7.09141720181686,32.8794340103586));
#10721=CARTESIAN_POINT('',(-4.88372093023256,-3.33066907387547E-15,32.8794340103586));
#10722=CARTESIAN_POINT('Origin',(0.,-7.09141720181686,46.0000006854534));
#10723=CARTESIAN_POINT('Origin',(-7.5,-3.33066907387547E-15,25.8505590058435));
#10724=CARTESIAN_POINT('',(0.,-7.09141720181686,25.8505590058435));
#10725=CARTESIAN_POINT('',(0.,-3.33066907387547E-15,25.8505590058435));
#10726=CARTESIAN_POINT('Origin',(-7.5,-7.09141720181686,25.8505590058435));
#10727=CARTESIAN_POINT('Origin',(0.,-3.33066907387547E-15,24.9777582449165));
#10728=CARTESIAN_POINT('',(0.,-7.09141720181686,23.5044837224218));
#10729=CARTESIAN_POINT('',(0.,-4.44089209850063E-15,23.5044837224218));
#10730=CARTESIAN_POINT('',(0.,-7.09141720181686,38.988879465185));
#10731=CARTESIAN_POINT('Origin',(-5.,-4.44089209850063E-15,23.5044837224218));
#10732=CARTESIAN_POINT('',(-6.08485826995127,-7.09141720181686,18.6235941995871));
#10733=CARTESIAN_POINT('',(-6.08485826995127,-4.44089209850063E-15,18.6235941995871));
#10734=CARTESIAN_POINT('Origin',(-5.,-7.09141720181686,23.5044837224218));
#10735=CARTESIAN_POINT('Origin',(21.9816891612491,7.09141720181686,52.917632148047));
#10736=CARTESIAN_POINT('',(26.751092616065,7.09141720181686,54.418562088181));
#10737=CARTESIAN_POINT('Ctrl Pts',(26.751092616065,7.09141720181686,54.418562088181));
#10738=CARTESIAN_POINT('Ctrl Pts',(26.7501873323408,7.093146158291,54.4214387469819));
#10739=CARTESIAN_POINT('Ctrl Pts',(26.7492815841857,7.09487511556923,54.4243152610994));
#10740=CARTESIAN_POINT('Ctrl Pts',(26.3441145257098,7.8678884519874,55.7103381647439));
#10741=CARTESIAN_POINT('Ctrl Pts',(25.8204334014034,8.68633527806661,57.05048518731));
#10742=CARTESIAN_POINT('Ctrl Pts',(24.9684175798441,9.05847719973217,58.7763003400469));
#10743=CARTESIAN_POINT('Ctrl Pts',(24.7981792275472,9.09141720181686,59.1016680694807));
#10744=CARTESIAN_POINT('Ctrl Pts',(24.6396057863746,9.09141720181686,59.3933930464961));
#10745=CARTESIAN_POINT('',(19.4816891612491,7.09141720181686,57.2477591669692));
#10746=CARTESIAN_POINT('Origin',(21.9816891612491,7.09141720181686,52.917632148047));
#10747=CARTESIAN_POINT('Origin',(18.4816891612491,7.09141720181686,58.9798099745381));
#10748=CARTESIAN_POINT('Origin',(20.2465161705395,7.09141720181686,59.998733323425));
#10749=CARTESIAN_POINT('',(17.4499283666151,7.09141720181686,56.0747215252584));
#10750=CARTESIAN_POINT('Origin',(16.4499283666151,7.09141720181686,57.8067723328272));
#10751=CARTESIAN_POINT('',(21.2465161705395,7.09141720181686,58.2666825158561));
#10752=CARTESIAN_POINT('Origin',(21.1999283666152,7.09141720181686,49.5795309968751));
#10753=CARTESIAN_POINT('',(13.8046045177959,7.09141720181686,48.3308576324257));
#10754=CARTESIAN_POINT('Origin',(21.1999283666152,7.09141720181686,49.5795309968751));
#10755=CARTESIAN_POINT('Origin',(11.8325181581108,7.09141720181686,47.9978780685725));
#10756=CARTESIAN_POINT('Origin',(0.,7.09141720181686,46.0000006854534));
#10757=CARTESIAN_POINT('Origin',(0.,7.09141720181686,46.0000006854534));
#10758=CARTESIAN_POINT('Origin',(2.11308641662521,7.09141720181686,36.7360690750609));
#10759=CARTESIAN_POINT('',(9.50701627587483,7.09141720181686,25.6121384884428));
#10760=CARTESIAN_POINT('',(7.69440070180153,9.09141720181686,24.7669019649615));
#10761=CARTESIAN_POINT('Origin',(7.69440070180153,7.09141720181686,24.7669019649615));
#10762=CARTESIAN_POINT('',(2.11308641662521,9.09141720181686,36.7360690750609));
#10763=CARTESIAN_POINT('',(3.92570199069851,7.09141720181686,37.5813055985423));
#10764=CARTESIAN_POINT('Origin',(14.0385552110581,7.09141720181686,27.7252297971463));
#10765=CARTESIAN_POINT('',(12.5014491892855,9.09141720181686,20.8960786728974));
#10766=CARTESIAN_POINT('',(17.0845237548349,7.09141720181686,23.7601225312174));
#10767=CARTESIAN_POINT('Ctrl Pts',(12.5014491892855,9.09141720181686,20.8960786728974));
#10768=CARTESIAN_POINT('Ctrl Pts',(12.7986715205031,9.09141720181686,21.044091794902));
#10769=CARTESIAN_POINT('Ctrl Pts',(13.1247458775557,9.05847719973215,21.2129727281727));
#10770=CARTESIAN_POINT('Ctrl Pts',(14.8125632847473,8.68633527804735,22.1379815400052));
#10771=CARTESIAN_POINT('Ctrl Pts',(16.010214504712,7.86788844965055,22.9353945624795));
#10772=CARTESIAN_POINT('Ctrl Pts',(17.0797403599626,7.09487511555962,23.7564485730824));
#10773=CARTESIAN_POINT('Ctrl Pts',(17.0821322061064,7.09314615829929,23.7582853596835));
#10774=CARTESIAN_POINT('Ctrl Pts',(17.0845237548349,7.09141720181686,23.7601225312174));
#10775=CARTESIAN_POINT('Origin',(14.0385552110581,9.09141720181686,27.7252297971463));
#10776=CARTESIAN_POINT('Origin',(14.0385552110581,7.09141720181686,27.7252297971463));
#10777=CARTESIAN_POINT('Origin',(14.0385552110581,-4.44089209850063E-15,
27.7252297971463));
#10778=CARTESIAN_POINT('',(9.50701627587483,-7.09141720181686,25.6121384884428));
#10779=CARTESIAN_POINT('',(9.50701627587483,-4.44089209850063E-15,25.6121384884428));
#10780=CARTESIAN_POINT('',(17.0845237548349,-7.09141720181686,23.7601225312174));
#10781=CARTESIAN_POINT('Origin',(14.0385552110581,-7.09141720181686,27.7252297971463));
#10782=CARTESIAN_POINT('',(17.0845237548349,-4.44089209850063E-15,23.7601225312174));
#10783=CARTESIAN_POINT('Origin',(8.88438355811128,-3.33066907387547E-15,
26.9473786606224));
#10784=CARTESIAN_POINT('',(8.51552201768233,-7.09141720181686,27.7384047867821));
#10785=CARTESIAN_POINT('',(8.51552201768233,-3.33066907387547E-15,27.7384047867821));
#10786=CARTESIAN_POINT('',(4.18435651955049,-7.09141720181686,37.0266191713981));
#10787=CARTESIAN_POINT('Origin',(15.3128304204572,-3.33066907387547E-15,
30.9080417498374));
#10788=CARTESIAN_POINT('',(9.97114539006516,-7.09141720181686,36.172678587843));
#10789=CARTESIAN_POINT('',(9.97114539006516,-3.33066907387547E-15,36.172678587843));
#10790=CARTESIAN_POINT('Origin',(15.3128304204572,-7.09141720181686,30.9080417498374));
#10791=CARTESIAN_POINT('Origin',(0.,-3.33066907387547E-15,46.0000006854534));
#10792=CARTESIAN_POINT('',(13.8046045177959,-7.09141720181686,48.3308576324257));
#10793=CARTESIAN_POINT('',(13.8046045177959,-3.33066907387547E-15,48.3308576324257));
#10794=CARTESIAN_POINT('Origin',(0.,-7.09141720181686,46.0000006854534));
#10795=CARTESIAN_POINT('Origin',(21.1999283666152,-3.33066907387547E-15,
49.5795309968751));
#10796=CARTESIAN_POINT('',(17.4499283666151,-7.09141720181686,56.0747215252584));
#10797=CARTESIAN_POINT('',(17.4499283666151,-3.33066907387547E-15,56.0747215252584));
#10798=CARTESIAN_POINT('Origin',(21.1999283666152,-7.09141720181686,49.5795309968751));
#10799=CARTESIAN_POINT('Origin',(18.2057959980203,-3.33066907387547E-15,
56.5111219057219));
#10800=CARTESIAN_POINT('',(19.4816891612491,-7.09141720181686,57.2477591669692));
#10801=CARTESIAN_POINT('',(19.4816891612491,-4.44089209850063E-15,57.2477591669692));
#10802=CARTESIAN_POINT('',(15.1650758255012,-7.09141720181686,54.7555612955877));
#10803=CARTESIAN_POINT('Origin',(21.9816891612491,-4.44089209850063E-15,
52.917632148047));
#10804=CARTESIAN_POINT('',(26.751092616065,-7.09141720181686,54.418562088181));
#10805=CARTESIAN_POINT('',(26.751092616065,-4.44089209850063E-15,54.418562088181));
#10806=CARTESIAN_POINT('Origin',(21.9816891612491,-7.09141720181686,52.917632148047));
#10807=CARTESIAN_POINT('Origin',(-16.9816891612491,7.09141720181686,61.5778861858914));
#10808=CARTESIAN_POINT('',(-20.6662343461137,7.09141720181686,64.9578457685922));
#10809=CARTESIAN_POINT('Ctrl Pts',(-20.6662343461137,7.09141720181686,64.9578457685922));
#10810=CARTESIAN_POINT('Ctrl Pts',(-20.6682729639425,7.09314615836845,64.9556234403894));
#10811=CARTESIAN_POINT('Ctrl Pts',(-20.6703112239791,7.09487511549405,64.9534007826219));
#10812=CARTESIAN_POINT('Ctrl Pts',(-21.5814561783176,7.86788843365854,63.959504388103));
#10813=CARTESIAN_POINT('Ctrl Pts',(-22.4802170030074,8.68633527791748,62.8359096975062));
#10814=CARTESIAN_POINT('Ctrl Pts',(-23.5488088571623,9.05847719973215,61.2351347745997));
#10815=CARTESIAN_POINT('Ctrl Pts',(-23.7454664002752,9.09141720181686,60.9250201720953));
#10816=CARTESIAN_POINT('Ctrl Pts',(-23.9188209207027,9.09141720181686,60.6418290551666));
#10817=CARTESIAN_POINT('',(-19.4816891612491,7.09141720181686,57.2477591669692));
#10818=CARTESIAN_POINT('Origin',(-16.9816891612491,7.09141720181686,61.5778861858914));
#10819=CARTESIAN_POINT('Origin',(-20.4816891612491,7.09141720181686,55.5157083594003));
#10820=CARTESIAN_POINT('Origin',(-4.03108891324554,7.09141720181686,46.0179498778845));
#10821=CARTESIAN_POINT('',(-17.4499283666152,7.09141720181686,56.0747215252584));
#10822=CARTESIAN_POINT('Origin',(-18.4499283666152,7.09141720181686,54.3426707176895));
#10823=CARTESIAN_POINT('',(-3.03108891324554,7.09141720181686,47.7500006854534));
#10824=CARTESIAN_POINT('Origin',(-13.6999283666152,7.09141720181686,62.5699120536416));
#10825=CARTESIAN_POINT('',(-8.92088358756336,7.09141720181686,56.789710413576));
#10826=CARTESIAN_POINT('Origin',(-13.6999283666152,7.09141720181686,62.5699120536416));
#10827=CARTESIAN_POINT('Origin',(-7.64647164648288,7.09141720181686,55.2483233095585));
#10828=CARTESIAN_POINT('Origin',(0.,7.09141720181686,46.0000006854534));
#10829=CARTESIAN_POINT('Origin',(0.,7.09141720181686,46.0000006854534));
#10830=CARTESIAN_POINT('Origin',(14.9565130492196,7.09141720181686,63.8732213932667));
#10831=CARTESIAN_POINT('',(12.9028984535301,7.09141720181686,64.4272493930584));
#10832=CARTESIAN_POINT('Origin',(14.5412025421081,7.09141720181686,63.2800965203563));
#10833=CARTESIAN_POINT('',(13.3182089606416,7.09141720181686,65.0203742659688));
#10834=CARTESIAN_POINT('Origin',(8.80713823208519,7.09141720181686,67.2951315748137));
#10835=CARTESIAN_POINT('',(10.7180375812215,7.09141720181686,71.9155713458171));
#10836=CARTESIAN_POINT('Ctrl Pts',(15.4899096028541,9.09141720181686,69.378534273773));
#10837=CARTESIAN_POINT('Ctrl Pts',(15.2131153134959,9.09141720181686,69.5619298021772));
#10838=CARTESIAN_POINT('Ctrl Pts',(14.9038229565424,9.05847719973216,69.7598780122721));
#10839=CARTESIAN_POINT('Ctrl Pts',(13.2588331226243,8.68633527792274,70.759066358268));
#10840=CARTESIAN_POINT('Ctrl Pts',(11.9694275544824,7.8678884343129,71.3975562379687));
#10841=CARTESIAN_POINT('Ctrl Pts',(10.72361101964,7.09487511550504,71.9132657834483));
#10842=CARTESIAN_POINT('Ctrl Pts',(10.7208243928991,7.09314615835759,71.914418789592));
#10843=CARTESIAN_POINT('Ctrl Pts',(10.7180375812215,7.09141720181686,71.9155713458171));
#10844=CARTESIAN_POINT('Origin',(8.80713823208519,7.09141720181686,67.2951315748137));
#10845=CARTESIAN_POINT('Origin',(8.80713823208519,-4.44089209850063E-15,
67.2951315748137));
#10846=CARTESIAN_POINT('',(12.9028984535301,-7.09141720181686,64.4272493930584));
#10847=CARTESIAN_POINT('',(12.9028984535301,-4.44089209850063E-15,64.4272493930584));
#10848=CARTESIAN_POINT('',(10.7180375812215,-7.09141720181686,71.9155713458171));
#10849=CARTESIAN_POINT('Origin',(8.80713823208519,-7.09141720181686,67.2951315748137));
#10850=CARTESIAN_POINT('',(10.7180375812215,-4.44089209850063E-15,71.9155713458171));
#10851=CARTESIAN_POINT('Origin',(12.0578629031509,-3.33066907387547E-15,
63.2204135561581));
#10852=CARTESIAN_POINT('',(11.5572449530539,-7.09141720181686,62.5054570285877));
#10853=CARTESIAN_POINT('',(11.5572449530539,-3.33066907387547E-15,62.5054570285877));
#10854=CARTESIAN_POINT('',(9.66778898665522,-7.09141720181686,59.8070342563485));
#10855=CARTESIAN_POINT('Origin',(5.41360462088642,-3.33066907387547E-15,
66.8072803012205));
#10856=CARTESIAN_POINT('',(3.52513789267023,-7.09141720181686,59.5489269468832));
#10857=CARTESIAN_POINT('',(3.52513789267023,-3.33066907387547E-15,59.5489269468832));
#10858=CARTESIAN_POINT('Origin',(5.41360462088642,-7.09141720181686,66.8072803012205));
#10859=CARTESIAN_POINT('Origin',(0.,-3.33066907387547E-15,46.0000006854534));
#10860=CARTESIAN_POINT('',(-8.92088358756336,-7.09141720181686,56.789710413576));
#10861=CARTESIAN_POINT('',(-8.92088358756336,-3.33066907387547E-15,56.789710413576));
#10862=CARTESIAN_POINT('Origin',(0.,-7.09141720181686,46.0000006854534));
#10863=CARTESIAN_POINT('Origin',(-13.6999283666152,-3.33066907387547E-15,
62.5699120536416));
#10864=CARTESIAN_POINT('',(-17.4499283666152,-7.09141720181686,56.0747215252584));
#10865=CARTESIAN_POINT('',(-17.4499283666152,-3.33066907387547E-15,56.0747215252584));
#10866=CARTESIAN_POINT('Origin',(-13.6999283666152,-7.09141720181686,62.5699120536416));
#10867=CARTESIAN_POINT('Origin',(-18.2057959980204,-3.33066907387547E-15,
56.5111219057219));
#10868=CARTESIAN_POINT('',(-19.4816891612491,-7.09141720181686,57.2477591669692));
#10869=CARTESIAN_POINT('',(-19.4816891612491,-4.44089209850063E-15,57.2477591669692));
#10870=CARTESIAN_POINT('',(-6.07180908576464,-7.09141720181686,49.5055612955877));
#10871=CARTESIAN_POINT('Origin',(-16.9816891612491,-4.44089209850063E-15,
61.5778861858914));
#10872=CARTESIAN_POINT('',(-20.6662343461137,-7.09141720181686,64.9578457685922));
#10873=CARTESIAN_POINT('',(-20.6662343461137,-4.44089209850063E-15,64.9578457685922));
#10874=CARTESIAN_POINT('Origin',(-16.9816891612491,-7.09141720181686,61.5778861858914));
#10875=CARTESIAN_POINT('Origin',(21.9816891612491,-7.09141720181686,52.917632148047));
#10876=CARTESIAN_POINT('',(24.6396057863746,-9.09141720181686,59.3933930464961));
#10877=CARTESIAN_POINT('Ctrl Pts',(24.6396057863746,-9.09141720181686,59.3933930464961));
#10878=CARTESIAN_POINT('Ctrl Pts',(24.7981792275472,-9.09141720181686,59.1016680694807));
#10879=CARTESIAN_POINT('Ctrl Pts',(24.9684175798441,-9.05847719973218,58.7763003400469));
#10880=CARTESIAN_POINT('Ctrl Pts',(25.8204334014034,-8.68633527806662,57.05048518731));
#10881=CARTESIAN_POINT('Ctrl Pts',(26.3441145257098,-7.86788845198741,55.7103381647439));
#10882=CARTESIAN_POINT('Ctrl Pts',(26.7492815841857,-7.09487511556924,54.4243152610994));
#10883=CARTESIAN_POINT('Ctrl Pts',(26.7501873323408,-7.09314615829101,54.4214387469819));
#10884=CARTESIAN_POINT('Ctrl Pts',(26.751092616065,-7.09141720181686,54.418562088181));
#10885=CARTESIAN_POINT('',(18.4816891612491,-9.09141720181686,58.9798099745381));
#10886=CARTESIAN_POINT('Origin',(21.9816891612491,-9.09141720181686,52.917632148047));
#10887=CARTESIAN_POINT('Origin',(18.4816891612491,-7.09141720181686,58.9798099745381));
#10888=CARTESIAN_POINT('Origin',(14.1650758255012,-7.09141720181686,56.4876121031565));
#10889=CARTESIAN_POINT('',(16.4499283666151,-9.09141720181686,57.8067723328272));
#10890=CARTESIAN_POINT('Origin',(16.4499283666151,-7.09141720181686,57.8067723328272));
#10891=CARTESIAN_POINT('',(14.1650758255012,-9.09141720181686,56.4876121031565));
#10892=CARTESIAN_POINT('Origin',(21.1999283666152,-7.09141720181686,49.5795309968751));
#10893=CARTESIAN_POINT('',(11.8325181581108,-9.09141720181686,47.9978780685725));
#10894=CARTESIAN_POINT('Origin',(11.8325181581108,-7.09141720181686,47.9978780685725));
#10895=CARTESIAN_POINT('Origin',(21.1999283666152,-9.09141720181686,49.5795309968751));
#10896=CARTESIAN_POINT('Origin',(0.,-7.09141720181686,46.0000006854534));
#10897=CARTESIAN_POINT('',(8.54669604862728,-9.09141720181686,37.5765817446445));
#10898=CARTESIAN_POINT('Origin',(8.54669604862728,-7.09141720181686,37.5765817446445));
#10899=CARTESIAN_POINT('Origin',(0.,-9.09141720181686,46.0000006854534));
#10900=CARTESIAN_POINT('Origin',(15.3128304204572,-7.09141720181686,30.9080417498374));
#10901=CARTESIAN_POINT('',(6.70290644360903,-9.09141720181686,26.8931682633007));
#10902=CARTESIAN_POINT('Origin',(6.70290644360903,-7.09141720181686,26.8931682633007));
#10903=CARTESIAN_POINT('Origin',(15.3128304204572,-9.09141720181686,30.9080417498374));
#10904=CARTESIAN_POINT('Origin',(2.3717409454772,-7.09141720181686,36.1813826479167));
#10905=CARTESIAN_POINT('',(7.69440070180153,-9.09141720181686,24.7669019649614));
#10906=CARTESIAN_POINT('Origin',(7.69440070180153,-7.09141720181686,24.7669019649614));
#10907=CARTESIAN_POINT('',(2.3717409454772,-9.09141720181686,36.1813826479167));
#10908=CARTESIAN_POINT('Origin',(14.0385552110581,-7.09141720181686,27.7252297971463));
#10909=CARTESIAN_POINT('',(12.5014491892855,-9.09141720181686,20.8960786728974));
#10910=CARTESIAN_POINT('Ctrl Pts',(17.0845237548349,-7.09141720181686,23.7601225312174));
#10911=CARTESIAN_POINT('Ctrl Pts',(17.0821322061064,-7.09314615829929,23.7582853596835));
#10912=CARTESIAN_POINT('Ctrl Pts',(17.0797403599626,-7.09487511555963,23.7564485730824));
#10913=CARTESIAN_POINT('Ctrl Pts',(16.010214504712,-7.8678884496504,22.9353945624796));
#10914=CARTESIAN_POINT('Ctrl Pts',(14.8125632847474,-8.68633527804734,22.1379815400053));
#10915=CARTESIAN_POINT('Ctrl Pts',(13.1247458775558,-9.05847719973215,21.2129727281727));
#10916=CARTESIAN_POINT('Ctrl Pts',(12.7986715205032,-9.09141720181686,21.044091794902));
#10917=CARTESIAN_POINT('Ctrl Pts',(12.5014491892855,-9.09141720181686,20.8960786728974));
#10918=CARTESIAN_POINT('Origin',(14.0385552110581,-9.09141720181686,27.7252297971463));
#10919=CARTESIAN_POINT('Origin',(12.1243556529821,-9.09141720181686,53.0000006854534));
#10920=CARTESIAN_POINT('',(15.4899096028541,-9.09141720181686,69.378534273773));
#10921=CARTESIAN_POINT('Origin',(0.,-9.09141720181686,46.0000006854534));
#10922=CARTESIAN_POINT('',(14.5412025421081,-9.09141720181686,63.2800965203563));
#10923=CARTESIAN_POINT('Origin',(8.80713823208519,-9.09141720181686,67.2951315748137));
#10924=CARTESIAN_POINT('',(13.1955490416318,-9.09141720181686,61.3583041558856));
#10925=CARTESIAN_POINT('',(11.3060930752332,-9.09141720181686,58.6598813836464));
#10926=CARTESIAN_POINT('',(3.02154676514591,-9.09141720181686,57.6133660523932));
#10927=CARTESIAN_POINT('Origin',(5.41360462088642,-9.09141720181686,66.8072803012205));
#10928=CARTESIAN_POINT('',(-7.64647164648288,-9.09141720181686,55.2483233095585));
#10929=CARTESIAN_POINT('Origin',(0.,-9.09141720181686,46.0000006854534));
#10930=CARTESIAN_POINT('',(-18.4499283666152,-9.09141720181686,54.3426707176895));
#10931=CARTESIAN_POINT('Origin',(-13.6999283666152,-9.09141720181686,62.5699120536416));
#10932=CARTESIAN_POINT('',(-20.4816891612491,-9.09141720181686,55.5157083594003));
#10933=CARTESIAN_POINT('',(-7.07180908576465,-9.09141720181686,47.7735104880188));
#10934=CARTESIAN_POINT('',(-23.9188209207027,-9.09141720181686,60.6418290551665));
#10935=CARTESIAN_POINT('Origin',(-16.9816891612491,-9.09141720181686,61.5778861858914));
#10936=CARTESIAN_POINT('',(-27.9913587921396,-9.09141720181686,47.7253891096898));
#10937=CARTESIAN_POINT('Origin',(0.,-9.09141720181686,46.0000006854534));
#10938=CARTESIAN_POINT('',(-22.2356032439097,-9.09141720181686,49.9530035710425));
#10939=CARTESIAN_POINT('Origin',(-22.8456934431433,-9.09141720181686,42.9796406844002));
#10940=CARTESIAN_POINT('',(-19.8984554852409,-9.09141720181686,49.7485296371739));
#10941=CARTESIAN_POINT('',(-4.58456728097381,-9.09141720181686,48.4087380247972));
#10942=CARTESIAN_POINT('',(-11.5682428137732,-9.09141720181686,42.8100542593226));
#10943=CARTESIAN_POINT('Origin',(-20.7264350413436,-9.09141720181686,40.2846800053023));
#10944=CARTESIAN_POINT('',(-4.18604651162791,-9.09141720181686,34.7538006782293));
#10945=CARTESIAN_POINT('Origin',(0.,-9.09141720181686,46.0000006854534));
#10946=CARTESIAN_POINT('',(2.,-9.09141720181686,25.8505590058435));
#10947=CARTESIAN_POINT('Origin',(-7.5,-9.09141720181686,25.8505590058435));
#10948=CARTESIAN_POINT('',(2.,-9.09141720181686,23.5044837224218));
#10949=CARTESIAN_POINT('',(2.,-9.09141720181686,38.988879465185));
#10950=CARTESIAN_POINT('',(-0.720784865671942,-9.09141720181686,17.9647799546976));
#10951=CARTESIAN_POINT('Origin',(-5.,-9.09141720181686,23.5044837224218));
#10952=CARTESIAN_POINT('Origin',(0.,-9.09141720181686,46.0000006854534));
#10953=CARTESIAN_POINT('Origin',(8.80713823208519,-7.09141720181686,67.2951315748137));
#10954=CARTESIAN_POINT('Ctrl Pts',(10.7180375812215,-7.09141720181686,71.9155713458171));
#10955=CARTESIAN_POINT('Ctrl Pts',(10.7208243928991,-7.09314615835758,71.914418789592));
#10956=CARTESIAN_POINT('Ctrl Pts',(10.72361101964,-7.09487511550507,71.9132657834483));
#10957=CARTESIAN_POINT('Ctrl Pts',(11.9694275544896,-7.86788843431753,71.3975562379657));
#10958=CARTESIAN_POINT('Ctrl Pts',(13.2588331226244,-8.68633527792278,70.7590663582679));
#10959=CARTESIAN_POINT('Ctrl Pts',(14.9038229565423,-9.05847719973214,69.7598780122722));
#10960=CARTESIAN_POINT('Ctrl Pts',(15.2131153134958,-9.09141720181686,69.5619298021773));
#10961=CARTESIAN_POINT('Ctrl Pts',(15.4899096028541,-9.09141720181686,69.378534273773));
#10962=CARTESIAN_POINT('Origin',(14.5412025421081,-7.09141720181686,63.2800965203563));
#10963=CARTESIAN_POINT('Origin',(11.3060930752332,-7.09141720181686,58.6598813836464));
#10964=CARTESIAN_POINT('Origin',(13.1955490416318,-7.09141720181686,61.3583041558856));
#10965=CARTESIAN_POINT('Origin',(5.41360462088642,-7.09141720181686,66.8072803012205));
#10966=CARTESIAN_POINT('Origin',(3.02154676514591,-7.09141720181686,57.6133660523932));
#10967=CARTESIAN_POINT('Origin',(0.,-7.09141720181686,46.0000006854534));
#10968=CARTESIAN_POINT('Origin',(-7.64647164648288,-7.09141720181686,55.2483233095585));
#10969=CARTESIAN_POINT('Origin',(-13.6999283666152,-7.09141720181686,62.5699120536416));
#10970=CARTESIAN_POINT('Origin',(-18.4499283666152,-7.09141720181686,54.3426707176895));
#10971=CARTESIAN_POINT('Origin',(-7.07180908576465,-7.09141720181686,47.7735104880188));
#10972=CARTESIAN_POINT('Origin',(-20.4816891612491,-7.09141720181686,55.5157083594003));
#10973=CARTESIAN_POINT('Origin',(-16.9816891612491,-7.09141720181686,61.5778861858914));
#10974=CARTESIAN_POINT('Ctrl Pts',(-23.9188209207027,-9.09141720181686,
60.6418290551665));
#10975=CARTESIAN_POINT('Ctrl Pts',(-23.7454664002752,-9.09141720181686,
60.9250201720953));
#10976=CARTESIAN_POINT('Ctrl Pts',(-23.5488088571623,-9.05847719973216,
61.2351347745997));
#10977=CARTESIAN_POINT('Ctrl Pts',(-22.4802170031229,-8.68633527795768,
62.8359096973333));
#10978=CARTESIAN_POINT('Ctrl Pts',(-21.5814561839748,-7.86788843861344,
63.9595043819319));
#10979=CARTESIAN_POINT('Ctrl Pts',(-20.6703112240001,-7.0948751155105,64.9534007825989));
#10980=CARTESIAN_POINT('Ctrl Pts',(-20.6682729639224,-7.0931461583514,64.9556234404113));
#10981=CARTESIAN_POINT('Ctrl Pts',(-20.6662343461137,-7.09141720181686,
64.9578457685922));
#10982=CARTESIAN_POINT('Origin',(-22.8456934431433,-7.09141720181686,42.9796406844002));
#10983=CARTESIAN_POINT('Ctrl Pts',(-27.8025613360564,-7.09141720181686,
42.3243081793257));
#10984=CARTESIAN_POINT('Ctrl Pts',(-27.8029565989162,-7.09314615831952,
42.3272979070808));
#10985=CARTESIAN_POINT('Ctrl Pts',(-27.8033513796932,-7.09487511554168,
42.3302876998352));
#10986=CARTESIAN_POINT('Ctrl Pts',(-27.9796420819519,-7.86788844430014,
43.6670512568628));
#10987=CARTESIAN_POINT('Ctrl Pts',(-28.0713964079275,-8.68633527800386,
45.1029541581968));
#10988=CARTESIAN_POINT('Ctrl Pts',(-28.0285688340981,-9.05847719973216,
47.0271513159154));
#10989=CARTESIAN_POINT('Ctrl Pts',(-28.011786833999,-9.09141720181686,47.393980459281));
#10990=CARTESIAN_POINT('Ctrl Pts',(-27.9913587921396,-9.09141720181686,
47.7253891096898));
#10991=CARTESIAN_POINT('Origin',(-22.2356032439097,-7.09141720181686,49.9530035710425));
#10992=CARTESIAN_POINT('Origin',(-4.58456728097381,-7.09141720181686,48.4087380247972));
#10993=CARTESIAN_POINT('Origin',(-19.8984554852409,-7.09141720181686,49.7485296371739));
#10994=CARTESIAN_POINT('Origin',(-20.7264350413436,-7.09141720181686,40.2846800053023));
#10995=CARTESIAN_POINT('Origin',(-11.5682428137732,-7.09141720181686,42.8100542593226));
#10996=CARTESIAN_POINT('Origin',(0.,-7.09141720181686,46.0000006854534));
#10997=CARTESIAN_POINT('Origin',(-4.18604651162791,-7.09141720181686,34.7538006782293));
#10998=CARTESIAN_POINT('Origin',(-7.5,-7.09141720181686,25.8505590058435));
#10999=CARTESIAN_POINT('Origin',(2.,-7.09141720181686,25.8505590058435));
#11000=CARTESIAN_POINT('Origin',(2.,-7.09141720181686,38.988879465185));
#11001=CARTESIAN_POINT('Origin',(2.,-7.09141720181686,23.5044837224218));
#11002=CARTESIAN_POINT('Origin',(-5.,-7.09141720181686,23.5044837224218));
#11003=CARTESIAN_POINT('Ctrl Pts',(-0.720784865671942,-9.09141720181686,
17.9647799546976));
#11004=CARTESIAN_POINT('Ctrl Pts',(-1.05271282727221,-9.09141720181686,
17.9733138147843));
#11005=CARTESIAN_POINT('Ctrl Pts',(-1.41960872268194,-9.05847719973213,
17.9885669417137));
#11006=CARTESIAN_POINT('Ctrl Pts',(-3.34021639852444,-8.68633527795874,
18.1136071722218));
#11007=CARTESIAN_POINT('Ctrl Pts',(-4.76265834832712,-7.86788843873271,
18.3301595311877));
#11008=CARTESIAN_POINT('Ctrl Pts',(-6.0789703602064,-7.09487511551753,18.6222860127633));
#11009=CARTESIAN_POINT('Ctrl Pts',(-6.08191436839777,-7.09314615834492,
18.622939868869));
#11010=CARTESIAN_POINT('Ctrl Pts',(-6.08485826995127,-7.09141720181686,
18.6235941995871));
#11011=CARTESIAN_POINT('Origin',(0.,-4.44089209850063E-15,46.0000006854534));
#11012=CARTESIAN_POINT('Origin',(0.,9.09141720181686,46.0000006854534));
#11013=CARTESIAN_POINT('Origin',(0.,-9.09141720181686,46.0000006854534));
#11014=CARTESIAN_POINT('Origin',(0.,-4.44089209850063E-15,46.0000006854534));
#11015=CARTESIAN_POINT('',(-3.43445886433434E-15,-9.09141720181686,74.0444855665273));
#11016=CARTESIAN_POINT('Origin',(0.,-9.09141720181686,46.0000006854534));
#11017=CARTESIAN_POINT('Origin',(0.,-9.09141720181686,46.0000006854534));
#11018=CARTESIAN_POINT('',(-3.43445886433434E-15,9.09141720181686,74.0444855665273));
#11019=CARTESIAN_POINT('Origin',(0.,9.09141720181686,46.0000006854534));
#11020=CARTESIAN_POINT('Origin',(0.,9.09141720181686,46.0000006854534));
#11021=CARTESIAN_POINT('Origin',(24.2872363430586,9.09141720181686,60.0222431259904));
#11022=CARTESIAN_POINT('Origin',(0.,9.09141720181686,46.0000006854534));
#11023=CARTESIAN_POINT('Origin',(0.,8.95869751525163,11.0000001639128));
#11024=CARTESIAN_POINT('',(-4.28626386088604E-15,8.95869751525163,81.0000012069941));
#11025=CARTESIAN_POINT('Origin',(0.,8.95869751525163,46.0000006854534));
#11026=CARTESIAN_POINT('Origin',(0.,10.2293488433075,46.0000006854534));
#11027=CARTESIAN_POINT('',(-4.28626386088604E-15,11.5000001713634,81.0000012069941));
#11028=CARTESIAN_POINT('',(-4.28626386088604E-15,10.2293488433075,81.0000012069941));
#11029=CARTESIAN_POINT('Origin',(0.,11.5000001713634,46.0000006854534));
#11030=CARTESIAN_POINT('Origin',(0.,11.5000001713634,13.0000001937151));
#11031=CARTESIAN_POINT('',(-4.04133449740684E-15,11.5000001713634,79.0000011771917));
#11032=CARTESIAN_POINT('Origin',(0.,11.5000001713634,46.0000006854534));
#11033=CARTESIAN_POINT('Origin',(0.,0.,46.0000006854534));
#11034=CARTESIAN_POINT('',(-4.04133449740684E-15,-11.5000001713634,79.0000011771917));
#11035=CARTESIAN_POINT('Origin',(0.,-11.5000001713634,46.0000006854534));
#11036=CARTESIAN_POINT('',(-4.04133449740684E-15,0.,79.0000011771917));
#11037=CARTESIAN_POINT('Origin',(0.,-11.5000001713634,11.0000001639128));
#11038=CARTESIAN_POINT('',(-4.28626386088604E-15,-11.5000001713634,81.0000012069941));
#11039=CARTESIAN_POINT('Origin',(0.,-11.5000001713634,46.0000006854534));
#11040=CARTESIAN_POINT('Origin',(0.,-10.2293488433075,46.0000006854534));
#11041=CARTESIAN_POINT('',(-4.28626386088604E-15,-8.95869751525162,81.0000012069941));
#11042=CARTESIAN_POINT('',(-4.28626386088604E-15,-10.2293488433075,81.0000012069941));
#11043=CARTESIAN_POINT('Origin',(0.,-8.95869751525162,46.0000006854534));
#11044=CARTESIAN_POINT('Origin',(0.,-8.95869751525163,7.21052971911387));
#11045=CARTESIAN_POINT('Origin',(0.,-13.0000001937151,14.8057977405158));
#11046=CARTESIAN_POINT('',(-3.82018807884708E-15,-13.0000001937151,77.1942036303911));
#11047=CARTESIAN_POINT('Origin',(0.,-13.0000001937151,46.0000006854534));
#11048=CARTESIAN_POINT('Origin',(0.,-13.0000001937151,46.0000006854534));
#11049=CARTESIAN_POINT('Origin',(-3.33032935188868E-15,-13.0000001937151,
73.1942035707864));
#11050=CARTESIAN_POINT('Origin',(0.,-9.09141720181686,46.0000006854534));
#11051=CARTESIAN_POINT('Origin',(0.,-4.44089209850063E-15,46.0000006854534));
#11052=CARTESIAN_POINT('Origin',(0.,9.09141720181686,46.0000006854534));
#11053=CARTESIAN_POINT('Origin',(0.,13.0000001937151,46.0000006854534));
#11054=CARTESIAN_POINT('',(-3.82018807884708E-15,13.0000001937151,77.1942036303911));
#11055=CARTESIAN_POINT('Origin',(-3.33032935188868E-15,13.0000001937151,
73.1942035707864));
#11056=CARTESIAN_POINT('Origin',(0.,13.0000001937151,46.0000006854534));
#11057=CARTESIAN_POINT('Origin',(0.,13.0000001937151,2.99032071632759));
#11058=CARTESIAN_POINT('',(0.,0.,0.));
#11059=CARTESIAN_POINT('Origin',(0.,10.4500001713634,46.0000006854534));
#11060=CARTESIAN_POINT('',(4.22503151727894E-15,11.2000001713634,80.5000011771917));
#11061=CARTESIAN_POINT('Origin',(0.,11.2000001713634,46.0000006854534));
#11062=CARTESIAN_POINT('',(-4.04133449740684E-15,9.70000017136335,79.0000011771917));
#11063=CARTESIAN_POINT('',(4.13318300734289E-15,10.4500001713634,79.7500011771917));
#11064=CARTESIAN_POINT('Origin',(0.,9.70000017136335,46.0000006854534));
#11065=CARTESIAN_POINT('Origin',(0.,0.,46.0000006854534));
#11066=CARTESIAN_POINT('',(4.04133449740684E-15,-9.70000017136335,79.0000011771917));
#11067=CARTESIAN_POINT('Origin',(0.,-9.70000017136335,46.0000006854534));
#11068=CARTESIAN_POINT('',(-4.04133449740684E-15,0.,79.0000011771917));
#11069=CARTESIAN_POINT('Origin',(0.,11.2000001713634,11.0000001639128));
#11070=CARTESIAN_POINT('',(4.28626386088604E-15,11.2000001713634,81.0000012069941));
#11071=CARTESIAN_POINT('Origin',(0.,11.2000001713634,46.0000006854534));
#11072=CARTESIAN_POINT('Origin',(0.,-10.4500001713634,46.0000006854534));
#11073=CARTESIAN_POINT('',(-4.22503151727894E-15,-11.2000001713634,80.5000011771917));
#11074=CARTESIAN_POINT('',(4.13318300734289E-15,-10.4500001713634,79.7500011771917));
#11075=CARTESIAN_POINT('Origin',(0.,-11.2000001713634,46.0000006854534));
#11076=CARTESIAN_POINT('Origin',(0.,-11.2000001713634,13.0000001937151));
#11077=CARTESIAN_POINT('',(-4.28626386088604E-15,-11.2000001713634,81.0000012069941));
#11078=CARTESIAN_POINT('Origin',(0.,-11.2000001713634,46.0000006854534));
#11079=CARTESIAN_POINT('Origin',(0.,10.2293488433075,46.0000006854534));
#11080=CARTESIAN_POINT('',(-4.28626386088604E-15,8.95869751525163,81.0000012069941));
#11081=CARTESIAN_POINT('Origin',(0.,8.95869751525163,46.0000006854534));
#11082=CARTESIAN_POINT('',(-4.28626386088604E-15,10.2293488433075,81.0000012069941));
#11083=CARTESIAN_POINT('Origin',(0.,8.95869751525163,7.21052971911387));
#11084=CARTESIAN_POINT('',(-4.75034014595469E-15,8.95869751525163,84.789471651793));
#11085=CARTESIAN_POINT('Origin',(0.,8.95869751525163,46.0000006854534));
#11086=CARTESIAN_POINT('Origin',(0.,0.,46.0000006854534));
#11087=CARTESIAN_POINT('',(-4.75034014595469E-15,-8.95869751525163,84.789471651793));
#11088=CARTESIAN_POINT('Origin',(-5.63337536002166E-15,0.,92.0000013709068));
#11089=CARTESIAN_POINT('Origin',(0.,-8.95869751525163,46.0000006854534));
#11090=CARTESIAN_POINT('Origin',(0.,-8.95869751525163,11.0000001639128));
#11091=CARTESIAN_POINT('',(-4.28626386088604E-15,-8.95869751525163,81.0000012069941));
#11092=CARTESIAN_POINT('Origin',(0.,-8.95869751525163,46.0000006854534));
#11093=CARTESIAN_POINT('Origin',(0.,-10.2293488433075,46.0000006854534));
#11094=CARTESIAN_POINT('',(-4.28626386088604E-15,-10.2293488433075,81.0000012069941));
#11095=CARTESIAN_POINT('',(0.,0.,0.));
#11096=CARTESIAN_POINT('Origin',(0.,-40.,0.));
#11097=CARTESIAN_POINT('',(-8.,-40.,9.79717439317883E-16));
#11098=CARTESIAN_POINT('Origin',(0.,-40.,0.));
#11099=CARTESIAN_POINT('',(-7.00000010430813,-40.,8.57252772177209E-16));
#11100=CARTESIAN_POINT('Origin',(0.,-40.,0.));
#11101=CARTESIAN_POINT('Origin',(0.,0.,0.));
#11102=CARTESIAN_POINT('',(-7.00000010430813,40.,8.57252772177209E-16));
#11103=CARTESIAN_POINT('Origin',(0.,40.,0.));
#11104=CARTESIAN_POINT('',(-7.00000010430813,0.,8.57252772177209E-16));
#11105=CARTESIAN_POINT('Origin',(0.,0.,0.));
#11106=CARTESIAN_POINT('',(-8.,40.,9.79717439317883E-16));
#11107=CARTESIAN_POINT('Origin',(0.,40.,0.));
#11108=CARTESIAN_POINT('',(-8.,0.,9.79717439317883E-16));
#11109=CARTESIAN_POINT('Origin',(0.,40.,0.));
#11110=CARTESIAN_POINT('',(1.77635683940025E-15,-6.84227765783602E-49,0.));
#11111=CARTESIAN_POINT('',(1.77635683940025E-15,-6.84227765783602E-49,0.));
#11112=CARTESIAN_POINT('',(1.77635683940025E-14,-6.84227765783602E-48,46.));
#11113=UNCERTAINTY_MEASURE_WITH_UNIT(LENGTH_MEASURE(0.01),#11123,
'DISTANCE_ACCURACY_VALUE',
'Maximum model space distance between geometric entities at asserted c
onnectivities');
#11114=UNCERTAINTY_MEASURE_WITH_UNIT(LENGTH_MEASURE(0.01),#11123,
'DISTANCE_ACCURACY_VALUE',
'Maximum model space distance between geometric entities at asserted c
onnectivities');
#11115=UNCERTAINTY_MEASURE_WITH_UNIT(LENGTH_MEASURE(0.01),#11123,
'DISTANCE_ACCURACY_VALUE',
'Maximum model space distance between geometric entities at asserted c
onnectivities');
#11116=UNCERTAINTY_MEASURE_WITH_UNIT(LENGTH_MEASURE(0.01),#11123,
'DISTANCE_ACCURACY_VALUE',
'Maximum model space distance between geometric entities at asserted c
onnectivities');
#11117=UNCERTAINTY_MEASURE_WITH_UNIT(LENGTH_MEASURE(0.01),#11123,
'DISTANCE_ACCURACY_VALUE',
'Maximum model space distance between geometric entities at asserted c
onnectivities');
#11118=(
GEOMETRIC_REPRESENTATION_CONTEXT(3)
GLOBAL_UNCERTAINTY_ASSIGNED_CONTEXT((#11113))
GLOBAL_UNIT_ASSIGNED_CONTEXT((#11123,#11125,#11126))
REPRESENTATION_CONTEXT('','3D')
);
#11119=(
GEOMETRIC_REPRESENTATION_CONTEXT(3)
GLOBAL_UNCERTAINTY_ASSIGNED_CONTEXT((#11114))
GLOBAL_UNIT_ASSIGNED_CONTEXT((#11123,#11125,#11126))
REPRESENTATION_CONTEXT('','3D')
);
#11120=(
GEOMETRIC_REPRESENTATION_CONTEXT(3)
GLOBAL_UNCERTAINTY_ASSIGNED_CONTEXT((#11115))
GLOBAL_UNIT_ASSIGNED_CONTEXT((#11123,#11125,#11126))
REPRESENTATION_CONTEXT('','3D')
);
#11121=(
GEOMETRIC_REPRESENTATION_CONTEXT(3)
GLOBAL_UNCERTAINTY_ASSIGNED_CONTEXT((#11116))
GLOBAL_UNIT_ASSIGNED_CONTEXT((#11123,#11125,#11126))
REPRESENTATION_CONTEXT('','3D')
);
#11122=(
GEOMETRIC_REPRESENTATION_CONTEXT(3)
GLOBAL_UNCERTAINTY_ASSIGNED_CONTEXT((#11117))
GLOBAL_UNIT_ASSIGNED_CONTEXT((#11123,#11125,#11126))
REPRESENTATION_CONTEXT('','3D')
);
#11123=(
LENGTH_UNIT()
NAMED_UNIT(*)
SI_UNIT(.MILLI.,.METRE.)
);
#11124=(
LENGTH_UNIT()
NAMED_UNIT(*)
SI_UNIT($,.METRE.)
);
#11125=(
NAMED_UNIT(*)
PLANE_ANGLE_UNIT()
SI_UNIT($,.RADIAN.)
);
#11126=(
NAMED_UNIT(*)
SI_UNIT($,.STERADIAN.)
SOLID_ANGLE_UNIT()
);
#11127=SHAPE_DEFINITION_REPRESENTATION(#11131,#11138);
#11128=SHAPE_DEFINITION_REPRESENTATION(#11132,#11139);
#11129=SHAPE_DEFINITION_REPRESENTATION(#11133,#11140);
#11130=SHAPE_DEFINITION_REPRESENTATION(#11134,#11141);
#11131=PRODUCT_DEFINITION_SHAPE('',$,#11143);
#11132=PRODUCT_DEFINITION_SHAPE('',$,#11144);
#11133=PRODUCT_DEFINITION_SHAPE('',$,#11145);
#11134=PRODUCT_DEFINITION_SHAPE('',$,#11146);
#11135=PRODUCT_DEFINITION_SHAPE($,$,#20);
#11136=PRODUCT_DEFINITION_SHAPE($,$,#21);
#11137=PRODUCT_DEFINITION_SHAPE($,$,#22);
#11138=SHAPE_REPRESENTATION('',(#6341,#7072,#7073,#7074),#11118);
#11139=SHAPE_REPRESENTATION('',(#6342),#11119);
#11140=SHAPE_REPRESENTATION('',(#7041),#11120);
#11141=SHAPE_REPRESENTATION('',(#7063),#11121);
#11142=PRODUCT_DEFINITION_CONTEXT('part definition',#11156,'design');
#11143=PRODUCT_DEFINITION('Drive Wheel','Drive Wheel',#11147,#11142);
#11144=PRODUCT_DEFINITION('Hub','Hub',#11148,#11142);
#11145=PRODUCT_DEFINITION('Silicone Inlet','Silicone Inlet',#11149,#11142);
#11146=PRODUCT_DEFINITION('Drive Wheel Axis','Drive Wheel Axis',#11150,
#11142);
#11147=PRODUCT_DEFINITION_FORMATION('',$,#11158);
#11148=PRODUCT_DEFINITION_FORMATION('',$,#11159);
#11149=PRODUCT_DEFINITION_FORMATION('',$,#11160);
#11150=PRODUCT_DEFINITION_FORMATION('',$,#11161);
#11151=PRODUCT_RELATED_PRODUCT_CATEGORY('Drive Wheel','Drive Wheel',(#11158));
#11152=PRODUCT_RELATED_PRODUCT_CATEGORY('Hub','Hub',(#11159));
#11153=PRODUCT_RELATED_PRODUCT_CATEGORY('Silicone Inlet',
'Silicone Inlet',(#11160));
#11154=PRODUCT_RELATED_PRODUCT_CATEGORY('Drive Wheel Axis',
'Drive Wheel Axis',(#11161));
#11155=APPLICATION_PROTOCOL_DEFINITION('international standard',
'automotive_design',2009,#11156);
#11156=APPLICATION_CONTEXT(
'Core Data for Automotive Mechanical Design Process');
#11157=PRODUCT_CONTEXT('part definition',#11156,'mechanical');
#11158=PRODUCT('Drive Wheel','Drive Wheel',$,(#11157));
#11159=PRODUCT('Hub','Hub',$,(#11157));
#11160=PRODUCT('Silicone Inlet','Silicone Inlet',$,(#11157));
#11161=PRODUCT('Drive Wheel Axis','Drive Wheel Axis',$,(#11157));
#11162=PRESENTATION_STYLE_ASSIGNMENT((#11165));
#11163=PRESENTATION_STYLE_ASSIGNMENT((#11166));
#11164=PRESENTATION_STYLE_ASSIGNMENT((#11167));
#11165=SURFACE_STYLE_USAGE(.BOTH.,#11168);
#11166=SURFACE_STYLE_USAGE(.BOTH.,#11169);
#11167=SURFACE_STYLE_USAGE(.BOTH.,#11170);
#11168=SURFACE_SIDE_STYLE('',(#11171));
#11169=SURFACE_SIDE_STYLE('',(#11172));
#11170=SURFACE_SIDE_STYLE('',(#11173));
#11171=SURFACE_STYLE_FILL_AREA(#11174);
#11172=SURFACE_STYLE_FILL_AREA(#11175);
#11173=SURFACE_STYLE_FILL_AREA(#11176);
#11174=FILL_AREA_STYLE('Stahl - satiniert',(#11177));
#11175=FILL_AREA_STYLE('ABS (Wei\X\DF)',(#11178));
#11176=FILL_AREA_STYLE('Silikon (Wei\X\DF)',(#11179));
#11177=FILL_AREA_STYLE_COLOUR('Stahl - satiniert',#11180);
#11178=FILL_AREA_STYLE_COLOUR('ABS (Wei\X\DF)',#11181);
#11179=FILL_AREA_STYLE_COLOUR('Silikon (Wei\X\DF)',#11182);
#11180=COLOUR_RGB('Stahl - satiniert',0.627450980392157,0.627450980392157,
0.627450980392157);
#11181=COLOUR_RGB('ABS (Wei\X\DF)',1.,0.682352941176471,0.235294117647059);
#11182=COLOUR_RGB('Silikon (Wei\X\DF)',0.964705882352941,0.964705882352941,
0.952941176470588);
ENDSEC;
END-ISO-10303-21;
