ISO-10303-21;
HEADER;
/* Generated by software containing ST-Developer
 * from STEP Tools, Inc. (www.steptools.com) 
 */

FILE_DESCRIPTION(
/* description */ (''),
/* implementation_level */ '2;1');

FILE_NAME(
/* name */ 'Button_PCB.step',
/* time_stamp */ '2026-09-29T23:14:59+02:00',
/* author */ (''),
/* organization */ (''),
/* preprocessor_version */ 'ST-DEVELOPER v20.2',
/* originating_system */ 'Autodesk Translation Framework v15.15.0.0',
/* authorisation */ '');

FILE_SCHEMA (('AUTOMOTIVE_DESIGN { 1 0 10303 214 3 1 1 }'));
ENDSEC;

DATA;
#10=MECHANICAL_DESIGN_GEOMETRIC_PRESENTATION_REPRESENTATION('',(#139,#140,
#141,#142,#143,#144,#145,#146,#147,#148,#149),#10524);
#11=CONICAL_SURFACE('',#6260,5.736895624738,0.01162738295611);
#12=CONICAL_SURFACE('',#6268,4.85,0.01162738295629);
#13=CONICAL_SURFACE('',#6519,5.736895624738,0.01162738295611);
#14=CONICAL_SURFACE('',#6527,4.85,0.01162738295629);
#15=TOROIDAL_SURFACE('',#6257,5.136936183092,0.6);
#16=TOROIDAL_SURFACE('',#6516,5.136936183092,0.6);
#17=ITEM_DEFINED_TRANSFORMATION($,$,#6062,#6247);
#18=ITEM_DEFINED_TRANSFORMATION($,$,#6130,#6248);
#19=ITEM_DEFINED_TRANSFORMATION($,$,#6164,#6249);
#20=ITEM_DEFINED_TRANSFORMATION($,$,#6212,#6250);
#21=ITEM_DEFINED_TRANSFORMATION($,$,#6212,#6251);
#22=ITEM_DEFINED_TRANSFORMATION($,$,#6212,#6252);
#23=ITEM_DEFINED_TRANSFORMATION($,$,#6212,#6253);
#24=ITEM_DEFINED_TRANSFORMATION($,$,#6061,#6317);
#25=ITEM_DEFINED_TRANSFORMATION($,$,#6254,#6318);
#26=ITEM_DEFINED_TRANSFORMATION($,$,#6321,#6506);
#27=ITEM_DEFINED_TRANSFORMATION($,$,#6389,#6507);
#28=ITEM_DEFINED_TRANSFORMATION($,$,#6423,#6508);
#29=ITEM_DEFINED_TRANSFORMATION($,$,#6471,#6509);
#30=ITEM_DEFINED_TRANSFORMATION($,$,#6471,#6510);
#31=ITEM_DEFINED_TRANSFORMATION($,$,#6471,#6511);
#32=ITEM_DEFINED_TRANSFORMATION($,$,#6471,#6512);
#33=ITEM_DEFINED_TRANSFORMATION($,$,#6320,#6576);
#34=ITEM_DEFINED_TRANSFORMATION($,$,#6513,#6577);
#35=ITEM_DEFINED_TRANSFORMATION($,$,#6060,#6592);
#36=ITEM_DEFINED_TRANSFORMATION($,$,#6319,#6593);
#37=ITEM_DEFINED_TRANSFORMATION($,$,#6319,#6594);
#38=(
REPRESENTATION_RELATIONSHIP($,$,#10583,#10582)
REPRESENTATION_RELATIONSHIP_WITH_TRANSFORMATION(#17)
SHAPE_REPRESENTATION_RELATIONSHIP()
);
#39=(
REPRESENTATION_RELATIONSHIP($,$,#10584,#10582)
REPRESENTATION_RELATIONSHIP_WITH_TRANSFORMATION(#18)
SHAPE_REPRESENTATION_RELATIONSHIP()
);
#40=(
REPRESENTATION_RELATIONSHIP($,$,#10585,#10582)
REPRESENTATION_RELATIONSHIP_WITH_TRANSFORMATION(#19)
SHAPE_REPRESENTATION_RELATIONSHIP()
);
#41=(
REPRESENTATION_RELATIONSHIP($,$,#10586,#10582)
REPRESENTATION_RELATIONSHIP_WITH_TRANSFORMATION(#20)
SHAPE_REPRESENTATION_RELATIONSHIP()
);
#42=(
REPRESENTATION_RELATIONSHIP($,$,#10586,#10582)
REPRESENTATION_RELATIONSHIP_WITH_TRANSFORMATION(#21)
SHAPE_REPRESENTATION_RELATIONSHIP()
);
#43=(
REPRESENTATION_RELATIONSHIP($,$,#10586,#10582)
REPRESENTATION_RELATIONSHIP_WITH_TRANSFORMATION(#22)
SHAPE_REPRESENTATION_RELATIONSHIP()
);
#44=(
REPRESENTATION_RELATIONSHIP($,$,#10586,#10582)
REPRESENTATION_RELATIONSHIP_WITH_TRANSFORMATION(#23)
SHAPE_REPRESENTATION_RELATIONSHIP()
);
#45=(
REPRESENTATION_RELATIONSHIP($,$,#10582,#10581)
REPRESENTATION_RELATIONSHIP_WITH_TRANSFORMATION(#24)
SHAPE_REPRESENTATION_RELATIONSHIP()
);
#46=(
REPRESENTATION_RELATIONSHIP($,$,#10587,#10581)
REPRESENTATION_RELATIONSHIP_WITH_TRANSFORMATION(#25)
SHAPE_REPRESENTATION_RELATIONSHIP()
);
#47=(
REPRESENTATION_RELATIONSHIP($,$,#10590,#10589)
REPRESENTATION_RELATIONSHIP_WITH_TRANSFORMATION(#26)
SHAPE_REPRESENTATION_RELATIONSHIP()
);
#48=(
REPRESENTATION_RELATIONSHIP($,$,#10591,#10589)
REPRESENTATION_RELATIONSHIP_WITH_TRANSFORMATION(#27)
SHAPE_REPRESENTATION_RELATIONSHIP()
);
#49=(
REPRESENTATION_RELATIONSHIP($,$,#10592,#10589)
REPRESENTATION_RELATIONSHIP_WITH_TRANSFORMATION(#28)
SHAPE_REPRESENTATION_RELATIONSHIP()
);
#50=(
REPRESENTATION_RELATIONSHIP($,$,#10593,#10589)
REPRESENTATION_RELATIONSHIP_WITH_TRANSFORMATION(#29)
SHAPE_REPRESENTATION_RELATIONSHIP()
);
#51=(
REPRESENTATION_RELATIONSHIP($,$,#10593,#10589)
REPRESENTATION_RELATIONSHIP_WITH_TRANSFORMATION(#30)
SHAPE_REPRESENTATION_RELATIONSHIP()
);
#52=(
REPRESENTATION_RELATIONSHIP($,$,#10593,#10589)
REPRESENTATION_RELATIONSHIP_WITH_TRANSFORMATION(#31)
SHAPE_REPRESENTATION_RELATIONSHIP()
);
#53=(
REPRESENTATION_RELATIONSHIP($,$,#10593,#10589)
REPRESENTATION_RELATIONSHIP_WITH_TRANSFORMATION(#32)
SHAPE_REPRESENTATION_RELATIONSHIP()
);
#54=(
REPRESENTATION_RELATIONSHIP($,$,#10589,#10588)
REPRESENTATION_RELATIONSHIP_WITH_TRANSFORMATION(#33)
SHAPE_REPRESENTATION_RELATIONSHIP()
);
#55=(
REPRESENTATION_RELATIONSHIP($,$,#10594,#10588)
REPRESENTATION_RELATIONSHIP_WITH_TRANSFORMATION(#34)
SHAPE_REPRESENTATION_RELATIONSHIP()
);
#56=(
REPRESENTATION_RELATIONSHIP($,$,#10581,#10580)
REPRESENTATION_RELATIONSHIP_WITH_TRANSFORMATION(#35)
SHAPE_REPRESENTATION_RELATIONSHIP()
);
#57=(
REPRESENTATION_RELATIONSHIP($,$,#10588,#10580)
REPRESENTATION_RELATIONSHIP_WITH_TRANSFORMATION(#36)
SHAPE_REPRESENTATION_RELATIONSHIP()
);
#58=(
REPRESENTATION_RELATIONSHIP($,$,#10588,#10580)
REPRESENTATION_RELATIONSHIP_WITH_TRANSFORMATION(#37)
SHAPE_REPRESENTATION_RELATIONSHIP()
);
#59=CONTEXT_DEPENDENT_SHAPE_REPRESENTATION(#38,#10551);
#60=CONTEXT_DEPENDENT_SHAPE_REPRESENTATION(#39,#10552);
#61=CONTEXT_DEPENDENT_SHAPE_REPRESENTATION(#40,#10553);
#62=CONTEXT_DEPENDENT_SHAPE_REPRESENTATION(#41,#10554);
#63=CONTEXT_DEPENDENT_SHAPE_REPRESENTATION(#42,#10555);
#64=CONTEXT_DEPENDENT_SHAPE_REPRESENTATION(#43,#10556);
#65=CONTEXT_DEPENDENT_SHAPE_REPRESENTATION(#44,#10557);
#66=CONTEXT_DEPENDENT_SHAPE_REPRESENTATION(#45,#10559);
#67=CONTEXT_DEPENDENT_SHAPE_REPRESENTATION(#46,#10560);
#68=CONTEXT_DEPENDENT_SHAPE_REPRESENTATION(#47,#10567);
#69=CONTEXT_DEPENDENT_SHAPE_REPRESENTATION(#48,#10568);
#70=CONTEXT_DEPENDENT_SHAPE_REPRESENTATION(#49,#10569);
#71=CONTEXT_DEPENDENT_SHAPE_REPRESENTATION(#50,#10570);
#72=CONTEXT_DEPENDENT_SHAPE_REPRESENTATION(#51,#10571);
#73=CONTEXT_DEPENDENT_SHAPE_REPRESENTATION(#52,#10572);
#74=CONTEXT_DEPENDENT_SHAPE_REPRESENTATION(#53,#10573);
#75=CONTEXT_DEPENDENT_SHAPE_REPRESENTATION(#54,#10575);
#76=CONTEXT_DEPENDENT_SHAPE_REPRESENTATION(#55,#10576);
#77=CONTEXT_DEPENDENT_SHAPE_REPRESENTATION(#56,#10577);
#78=CONTEXT_DEPENDENT_SHAPE_REPRESENTATION(#57,#10578);
#79=CONTEXT_DEPENDENT_SHAPE_REPRESENTATION(#58,#10579);
#80=NEXT_ASSEMBLY_USAGE_OCCURRENCE('Button Base A:1','Button Base A:1',
'Button Base A:1',#10598,#10599,'Button Base A:1');
#81=NEXT_ASSEMBLY_USAGE_OCCURRENCE('Button Plate A:1',
'Button Plate A:1','Button Plate A:1',#10598,#10600,'Button Plate A:1');
#82=NEXT_ASSEMBLY_USAGE_OCCURRENCE('Button Actuator A:1',
'Button Actuator A:1','Button Actuator A:1',#10598,#10601,
'Button Actuator A:1');
#83=NEXT_ASSEMBLY_USAGE_OCCURRENCE('Button Pin A:1','Button Pin A:1',
'Button Pin A:1',#10598,#10602,'Button Pin A:1');
#84=NEXT_ASSEMBLY_USAGE_OCCURRENCE('Button Pin A:2','Button Pin A:2',
'Button Pin A:2',#10598,#10602,'Button Pin A:2');
#85=NEXT_ASSEMBLY_USAGE_OCCURRENCE('Button Pin A:3','Button Pin A:3',
'Button Pin A:3',#10598,#10602,'Button Pin A:3');
#86=NEXT_ASSEMBLY_USAGE_OCCURRENCE('Button Pin A:4','Button Pin A:4',
'Button Pin A:4',#10598,#10602,'Button Pin A:4');
#87=NEXT_ASSEMBLY_USAGE_OCCURRENCE('Tactile Switch A:1',
'Tactile Switch A:1','Tactile Switch A:1',#10597,#10598,
'Tactile Switch A:1');
#88=NEXT_ASSEMBLY_USAGE_OCCURRENCE('Button Cap A:1','Button Cap A:1',
'Button Cap A:1',#10597,#10603,'Button Cap A:1');
#89=NEXT_ASSEMBLY_USAGE_OCCURRENCE('Button Base B:1','Button Base B:1',
'Button Base B:1',#10605,#10606,'Button Base B:1');
#90=NEXT_ASSEMBLY_USAGE_OCCURRENCE('Button Plate B:1',
'Button Plate B:1','Button Plate B:1',#10605,#10607,'Button Plate B:1');
#91=NEXT_ASSEMBLY_USAGE_OCCURRENCE('Button Actuator B:1',
'Button Actuator B:1','Button Actuator B:1',#10605,#10608,
'Button Actuator B:1');
#92=NEXT_ASSEMBLY_USAGE_OCCURRENCE('Button Pin B:1','Button Pin B:1',
'Button Pin B:1',#10605,#10609,'Button Pin B:1');
#93=NEXT_ASSEMBLY_USAGE_OCCURRENCE('Button Pin B:2','Button Pin B:2',
'Button Pin B:2',#10605,#10609,'Button Pin B:2');
#94=NEXT_ASSEMBLY_USAGE_OCCURRENCE('Button Pin B:3','Button Pin B:3',
'Button Pin B:3',#10605,#10609,'Button Pin B:3');
#95=NEXT_ASSEMBLY_USAGE_OCCURRENCE('Button Pin B:4','Button Pin B:4',
'Button Pin B:4',#10605,#10609,'Button Pin B:4');
#96=NEXT_ASSEMBLY_USAGE_OCCURRENCE('Tactile Switch B:1',
'Tactile Switch B:1','Tactile Switch B:1',#10604,#10605,
'Tactile Switch B:1');
#97=NEXT_ASSEMBLY_USAGE_OCCURRENCE('Button Cap B:1','Button Cap B:1',
'Button Cap B:1',#10604,#10610,'Button Cap B:1');
#98=NEXT_ASSEMBLY_USAGE_OCCURRENCE('Tactile Button 12x12 A:1',
'Tactile Button 12x12 A:1','Tactile Button 12x12 A:1',#10596,#10597,
'Tactile Button 12x12 A:1');
#99=NEXT_ASSEMBLY_USAGE_OCCURRENCE('Tactile Button 12x12 B:1',
'Tactile Button 12x12 B:1','Tactile Button 12x12 B:1',#10596,#10604,
'Tactile Button 12x12 B:1');
#100=NEXT_ASSEMBLY_USAGE_OCCURRENCE('Tactile Button 12x12 B:2',
'Tactile Button 12x12 B:2','Tactile Button 12x12 B:2',#10596,#10604,
'Tactile Button 12x12 B:2');
#101=ELLIPSE('',#6233,0.354045577657,0.35);
#102=ELLIPSE('',#6234,0.101155879331,0.1);
#103=ELLIPSE('',#6236,0.101155879331,0.1);
#104=ELLIPSE('',#6237,0.354045577657,0.35);
#105=ELLIPSE('',#6492,0.354045577657,0.35);
#106=ELLIPSE('',#6493,0.101155879331,0.1);
#107=ELLIPSE('',#6495,0.101155879331,0.1);
#108=ELLIPSE('',#6496,0.354045577657,0.35);
#109=SPHERICAL_SURFACE('',#6189,0.3);
#110=SPHERICAL_SURFACE('',#6191,0.3);
#111=SPHERICAL_SURFACE('',#6197,0.3);
#112=SPHERICAL_SURFACE('',#6199,0.3);
#113=SPHERICAL_SURFACE('',#6448,0.3);
#114=SPHERICAL_SURFACE('',#6450,0.3);
#115=SPHERICAL_SURFACE('',#6456,0.3);
#116=SPHERICAL_SURFACE('',#6458,0.3);
#117=SHAPE_REPRESENTATION_RELATIONSHIP('SRR','None',#10583,#128);
#118=SHAPE_REPRESENTATION_RELATIONSHIP('SRR','None',#10584,#129);
#119=SHAPE_REPRESENTATION_RELATIONSHIP('SRR','None',#10585,#130);
#120=SHAPE_REPRESENTATION_RELATIONSHIP('SRR','None',#10586,#131);
#121=SHAPE_REPRESENTATION_RELATIONSHIP('SRR','None',#10587,#132);
#122=SHAPE_REPRESENTATION_RELATIONSHIP('SRR','None',#10590,#133);
#123=SHAPE_REPRESENTATION_RELATIONSHIP('SRR','None',#10591,#134);
#124=SHAPE_REPRESENTATION_RELATIONSHIP('SRR','None',#10592,#135);
#125=SHAPE_REPRESENTATION_RELATIONSHIP('SRR','None',#10593,#136);
#126=SHAPE_REPRESENTATION_RELATIONSHIP('SRR','None',#10594,#137);
#127=SHAPE_REPRESENTATION_RELATIONSHIP('SRR','None',#10580,#138);
#128=ADVANCED_BREP_SHAPE_REPRESENTATION('',(#150),#10512);
#129=ADVANCED_BREP_SHAPE_REPRESENTATION('',(#151),#10513);
#130=ADVANCED_BREP_SHAPE_REPRESENTATION('',(#152),#10514);
#131=ADVANCED_BREP_SHAPE_REPRESENTATION('',(#153),#10515);
#132=ADVANCED_BREP_SHAPE_REPRESENTATION('',(#154),#10516);
#133=ADVANCED_BREP_SHAPE_REPRESENTATION('',(#155),#10519);
#134=ADVANCED_BREP_SHAPE_REPRESENTATION('',(#156),#10520);
#135=ADVANCED_BREP_SHAPE_REPRESENTATION('',(#157),#10521);
#136=ADVANCED_BREP_SHAPE_REPRESENTATION('',(#158),#10522);
#137=ADVANCED_BREP_SHAPE_REPRESENTATION('',(#159),#10523);
#138=ADVANCED_BREP_SHAPE_REPRESENTATION('',(#160),#10509);
#139=STYLED_ITEM('',(#10660),#150);
#140=STYLED_ITEM('',(#10661),#151);
#141=STYLED_ITEM('',(#10662),#152);
#142=STYLED_ITEM('',(#10661),#153);
#143=STYLED_ITEM('',(#10663),#154);
#144=STYLED_ITEM('',(#10660),#155);
#145=STYLED_ITEM('',(#10661),#156);
#146=STYLED_ITEM('',(#10662),#157);
#147=STYLED_ITEM('',(#10661),#158);
#148=STYLED_ITEM('',(#10664),#159);
#149=STYLED_ITEM('',(#10659),#160);
#150=MANIFOLD_SOLID_BREP('Button Base A',#5937);
#151=MANIFOLD_SOLID_BREP('Button Plate A',#5938);
#152=MANIFOLD_SOLID_BREP('Button Actuator A',#5939);
#153=MANIFOLD_SOLID_BREP('Button Pin A',#5940);
#154=MANIFOLD_SOLID_BREP('Button Cap A',#5941);
#155=MANIFOLD_SOLID_BREP('Button Base B',#5942);
#156=MANIFOLD_SOLID_BREP('Button Plate B',#5943);
#157=MANIFOLD_SOLID_BREP('Button Actuator B',#5944);
#158=MANIFOLD_SOLID_BREP('Button Pin B',#5945);
#159=MANIFOLD_SOLID_BREP('Button Cap B',#5946);
#160=MANIFOLD_SOLID_BREP('Button PCB',#5947);
#161=FACE_BOUND('',#790,.T.);
#162=FACE_BOUND('',#791,.T.);
#163=FACE_BOUND('',#792,.T.);
#164=FACE_BOUND('',#793,.T.);
#165=FACE_BOUND('',#803,.T.);
#166=FACE_BOUND('',#819,.T.);
#167=FACE_BOUND('',#820,.T.);
#168=FACE_BOUND('',#821,.T.);
#169=FACE_BOUND('',#822,.T.);
#170=FACE_BOUND('',#861,.T.);
#171=FACE_BOUND('',#862,.T.);
#172=FACE_BOUND('',#863,.T.);
#173=FACE_BOUND('',#864,.T.);
#174=FACE_BOUND('',#865,.T.);
#175=FACE_BOUND('',#867,.T.);
#176=FACE_BOUND('',#868,.T.);
#177=FACE_BOUND('',#869,.T.);
#178=FACE_BOUND('',#870,.T.);
#179=FACE_BOUND('',#871,.T.);
#180=FACE_BOUND('',#873,.T.);
#181=FACE_BOUND('',#895,.T.);
#182=FACE_BOUND('',#897,.T.);
#183=FACE_BOUND('',#926,.T.);
#184=FACE_BOUND('',#929,.T.);
#185=FACE_BOUND('',#973,.T.);
#186=FACE_BOUND('',#974,.T.);
#187=FACE_BOUND('',#975,.T.);
#188=FACE_BOUND('',#976,.T.);
#189=FACE_BOUND('',#986,.T.);
#190=FACE_BOUND('',#1002,.T.);
#191=FACE_BOUND('',#1003,.T.);
#192=FACE_BOUND('',#1004,.T.);
#193=FACE_BOUND('',#1005,.T.);
#194=FACE_BOUND('',#1044,.T.);
#195=FACE_BOUND('',#1045,.T.);
#196=FACE_BOUND('',#1046,.T.);
#197=FACE_BOUND('',#1047,.T.);
#198=FACE_BOUND('',#1048,.T.);
#199=FACE_BOUND('',#1050,.T.);
#200=FACE_BOUND('',#1051,.T.);
#201=FACE_BOUND('',#1052,.T.);
#202=FACE_BOUND('',#1053,.T.);
#203=FACE_BOUND('',#1054,.T.);
#204=FACE_BOUND('',#1056,.T.);
#205=FACE_BOUND('',#1078,.T.);
#206=FACE_BOUND('',#1080,.T.);
#207=FACE_BOUND('',#1109,.T.);
#208=FACE_BOUND('',#1112,.T.);
#209=PLANE('',#6069);
#210=PLANE('',#6073);
#211=PLANE('',#6074);
#212=PLANE('',#6075);
#213=PLANE('',#6076);
#214=PLANE('',#6077);
#215=PLANE('',#6087);
#216=PLANE('',#6094);
#217=PLANE('',#6095);
#218=PLANE('',#6096);
#219=PLANE('',#6097);
#220=PLANE('',#6098);
#221=PLANE('',#6099);
#222=PLANE('',#6100);
#223=PLANE('',#6101);
#224=PLANE('',#6102);
#225=PLANE('',#6103);
#226=PLANE('',#6104);
#227=PLANE('',#6105);
#228=PLANE('',#6106);
#229=PLANE('',#6107);
#230=PLANE('',#6108);
#231=PLANE('',#6109);
#232=PLANE('',#6110);
#233=PLANE('',#6111);
#234=PLANE('',#6112);
#235=PLANE('',#6113);
#236=PLANE('',#6114);
#237=PLANE('',#6115);
#238=PLANE('',#6116);
#239=PLANE('',#6117);
#240=PLANE('',#6118);
#241=PLANE('',#6119);
#242=PLANE('',#6120);
#243=PLANE('',#6121);
#244=PLANE('',#6122);
#245=PLANE('',#6123);
#246=PLANE('',#6124);
#247=PLANE('',#6125);
#248=PLANE('',#6126);
#249=PLANE('',#6127);
#250=PLANE('',#6128);
#251=PLANE('',#6129);
#252=PLANE('',#6131);
#253=PLANE('',#6135);
#254=PLANE('',#6139);
#255=PLANE('',#6143);
#256=PLANE('',#6162);
#257=PLANE('',#6163);
#258=PLANE('',#6165);
#259=PLANE('',#6170);
#260=PLANE('',#6175);
#261=PLANE('',#6176);
#262=PLANE('',#6181);
#263=PLANE('',#6182);
#264=PLANE('',#6183);
#265=PLANE('',#6184);
#266=PLANE('',#6185);
#267=PLANE('',#6202);
#268=PLANE('',#6204);
#269=PLANE('',#6210);
#270=PLANE('',#6211);
#271=PLANE('',#6213);
#272=PLANE('',#6214);
#273=PLANE('',#6215);
#274=PLANE('',#6222);
#275=PLANE('',#6223);
#276=PLANE('',#6230);
#277=PLANE('',#6231);
#278=PLANE('',#6232);
#279=PLANE('',#6235);
#280=PLANE('',#6240);
#281=PLANE('',#6242);
#282=PLANE('',#6245);
#283=PLANE('',#6246);
#284=PLANE('',#6255);
#285=PLANE('',#6262);
#286=PLANE('',#6266);
#287=PLANE('',#6278);
#288=PLANE('',#6279);
#289=PLANE('',#6280);
#290=PLANE('',#6281);
#291=PLANE('',#6282);
#292=PLANE('',#6283);
#293=PLANE('',#6284);
#294=PLANE('',#6285);
#295=PLANE('',#6286);
#296=PLANE('',#6287);
#297=PLANE('',#6288);
#298=PLANE('',#6289);
#299=PLANE('',#6290);
#300=PLANE('',#6291);
#301=PLANE('',#6292);
#302=PLANE('',#6293);
#303=PLANE('',#6294);
#304=PLANE('',#6295);
#305=PLANE('',#6296);
#306=PLANE('',#6297);
#307=PLANE('',#6298);
#308=PLANE('',#6299);
#309=PLANE('',#6300);
#310=PLANE('',#6301);
#311=PLANE('',#6302);
#312=PLANE('',#6303);
#313=PLANE('',#6304);
#314=PLANE('',#6305);
#315=PLANE('',#6306);
#316=PLANE('',#6307);
#317=PLANE('',#6308);
#318=PLANE('',#6309);
#319=PLANE('',#6310);
#320=PLANE('',#6311);
#321=PLANE('',#6312);
#322=PLANE('',#6313);
#323=PLANE('',#6314);
#324=PLANE('',#6315);
#325=PLANE('',#6316);
#326=PLANE('',#6328);
#327=PLANE('',#6332);
#328=PLANE('',#6333);
#329=PLANE('',#6334);
#330=PLANE('',#6335);
#331=PLANE('',#6336);
#332=PLANE('',#6346);
#333=PLANE('',#6353);
#334=PLANE('',#6354);
#335=PLANE('',#6355);
#336=PLANE('',#6356);
#337=PLANE('',#6357);
#338=PLANE('',#6358);
#339=PLANE('',#6359);
#340=PLANE('',#6360);
#341=PLANE('',#6361);
#342=PLANE('',#6362);
#343=PLANE('',#6363);
#344=PLANE('',#6364);
#345=PLANE('',#6365);
#346=PLANE('',#6366);
#347=PLANE('',#6367);
#348=PLANE('',#6368);
#349=PLANE('',#6369);
#350=PLANE('',#6370);
#351=PLANE('',#6371);
#352=PLANE('',#6372);
#353=PLANE('',#6373);
#354=PLANE('',#6374);
#355=PLANE('',#6375);
#356=PLANE('',#6376);
#357=PLANE('',#6377);
#358=PLANE('',#6378);
#359=PLANE('',#6379);
#360=PLANE('',#6380);
#361=PLANE('',#6381);
#362=PLANE('',#6382);
#363=PLANE('',#6383);
#364=PLANE('',#6384);
#365=PLANE('',#6385);
#366=PLANE('',#6386);
#367=PLANE('',#6387);
#368=PLANE('',#6388);
#369=PLANE('',#6390);
#370=PLANE('',#6394);
#371=PLANE('',#6398);
#372=PLANE('',#6402);
#373=PLANE('',#6421);
#374=PLANE('',#6422);
#375=PLANE('',#6424);
#376=PLANE('',#6429);
#377=PLANE('',#6434);
#378=PLANE('',#6435);
#379=PLANE('',#6440);
#380=PLANE('',#6441);
#381=PLANE('',#6442);
#382=PLANE('',#6443);
#383=PLANE('',#6444);
#384=PLANE('',#6461);
#385=PLANE('',#6463);
#386=PLANE('',#6469);
#387=PLANE('',#6470);
#388=PLANE('',#6472);
#389=PLANE('',#6473);
#390=PLANE('',#6474);
#391=PLANE('',#6481);
#392=PLANE('',#6482);
#393=PLANE('',#6489);
#394=PLANE('',#6490);
#395=PLANE('',#6491);
#396=PLANE('',#6494);
#397=PLANE('',#6499);
#398=PLANE('',#6501);
#399=PLANE('',#6504);
#400=PLANE('',#6505);
#401=PLANE('',#6514);
#402=PLANE('',#6521);
#403=PLANE('',#6525);
#404=PLANE('',#6537);
#405=PLANE('',#6538);
#406=PLANE('',#6539);
#407=PLANE('',#6540);
#408=PLANE('',#6541);
#409=PLANE('',#6542);
#410=PLANE('',#6543);
#411=PLANE('',#6544);
#412=PLANE('',#6545);
#413=PLANE('',#6546);
#414=PLANE('',#6547);
#415=PLANE('',#6548);
#416=PLANE('',#6549);
#417=PLANE('',#6550);
#418=PLANE('',#6551);
#419=PLANE('',#6552);
#420=PLANE('',#6553);
#421=PLANE('',#6554);
#422=PLANE('',#6555);
#423=PLANE('',#6556);
#424=PLANE('',#6557);
#425=PLANE('',#6558);
#426=PLANE('',#6559);
#427=PLANE('',#6560);
#428=PLANE('',#6561);
#429=PLANE('',#6562);
#430=PLANE('',#6563);
#431=PLANE('',#6564);
#432=PLANE('',#6565);
#433=PLANE('',#6566);
#434=PLANE('',#6567);
#435=PLANE('',#6568);
#436=PLANE('',#6569);
#437=PLANE('',#6570);
#438=PLANE('',#6571);
#439=PLANE('',#6572);
#440=PLANE('',#6573);
#441=PLANE('',#6574);
#442=PLANE('',#6575);
#443=PLANE('',#6578);
#444=PLANE('',#6582);
#445=PLANE('',#6586);
#446=PLANE('',#6587);
#447=PLANE('',#6588);
#448=PLANE('',#6589);
#449=PLANE('',#6590);
#450=PLANE('',#6591);
#451=(
BOUNDED_SURFACE()
B_SPLINE_SURFACE(6,2,((#8307,#8308,#8309,#8310,#8311,#8312,#8313,#8314,
#8315),(#8316,#8317,#8318,#8319,#8320,#8321,#8322,#8323,#8324),(#8325,#8326,
#8327,#8328,#8329,#8330,#8331,#8332,#8333),(#8334,#8335,#8336,#8337,#8338,
#8339,#8340,#8341,#8342),(#8343,#8344,#8345,#8346,#8347,#8348,#8349,#8350,
#8351),(#8352,#8353,#8354,#8355,#8356,#8357,#8358,#8359,#8360),(#8361,#8362,
#8363,#8364,#8365,#8366,#8367,#8368,#8369)),.UNSPECIFIED.,.F.,.T.,.F.)
B_SPLINE_SURFACE_WITH_KNOTS((7,7),(3,2,2,2,3),(0.,1.570796326795),(0.,1.5707963267949,
3.14159265358979,4.71238898038469,6.28318530717959),.UNSPECIFIED.)
GEOMETRIC_REPRESENTATION_ITEM()
RATIONAL_B_SPLINE_SURFACE(((1.,0.707106781186548,1.,0.707106781186548,1.,
0.707106781186548,1.,0.707106781186548,1.),(1.,0.707106781186548,1.,0.707106781186548,
1.,0.707106781186548,1.,0.707106781186548,1.),(1.,0.707106781186548,1.,
0.707106781186548,1.,0.707106781186548,1.,0.707106781186548,1.),(1.,0.707106781186548,
1.,0.707106781186548,1.,0.707106781186548,1.,0.707106781186548,1.),(1.,
0.707106781186548,1.,0.707106781186548,1.,0.707106781186548,1.,0.707106781186548,
1.),(1.,0.707106781186548,1.,0.707106781186548,1.,0.707106781186548,1.,
0.707106781186548,1.),(1.,0.707106781186548,1.,0.707106781186548,1.,0.707106781186548,
1.,0.707106781186548,1.)))
REPRESENTATION_ITEM('')
SURFACE()
);
#452=(
BOUNDED_SURFACE()
B_SPLINE_SURFACE(6,2,((#8440,#8441,#8442,#8443,#8444,#8445,#8446,#8447,
#8448),(#8449,#8450,#8451,#8452,#8453,#8454,#8455,#8456,#8457),(#8458,#8459,
#8460,#8461,#8462,#8463,#8464,#8465,#8466),(#8467,#8468,#8469,#8470,#8471,
#8472,#8473,#8474,#8475),(#8476,#8477,#8478,#8479,#8480,#8481,#8482,#8483,
#8484),(#8485,#8486,#8487,#8488,#8489,#8490,#8491,#8492,#8493),(#8494,#8495,
#8496,#8497,#8498,#8499,#8500,#8501,#8502)),.UNSPECIFIED.,.F.,.T.,.F.)
B_SPLINE_SURFACE_WITH_KNOTS((7,7),(3,2,2,2,3),(0.,1.570796326795),(0.,1.5707963267949,
3.14159265358979,4.71238898038469,6.28318530717959),.UNSPECIFIED.)
GEOMETRIC_REPRESENTATION_ITEM()
RATIONAL_B_SPLINE_SURFACE(((1.,0.707106781186548,1.,0.707106781186548,1.,
0.707106781186548,1.,0.707106781186548,1.),(1.,0.707106781186548,1.,0.707106781186548,
1.,0.707106781186548,1.,0.707106781186548,1.),(1.,0.707106781186548,1.,
0.707106781186548,1.,0.707106781186548,1.,0.707106781186548,1.),(1.,0.707106781186548,
1.,0.707106781186548,1.,0.707106781186548,1.,0.707106781186548,1.),(1.,
0.707106781186548,1.,0.707106781186548,1.,0.707106781186548,1.,0.707106781186548,
1.),(1.,0.707106781186548,1.,0.707106781186548,1.,0.707106781186548,1.,
0.707106781186548,1.),(1.,0.707106781186548,1.,0.707106781186548,1.,0.707106781186548,
1.,0.707106781186548,1.)))
REPRESENTATION_ITEM('')
SURFACE()
);
#453=(
BOUNDED_SURFACE()
B_SPLINE_SURFACE(6,2,((#8506,#8507,#8508,#8509,#8510,#8511,#8512,#8513,
#8514),(#8515,#8516,#8517,#8518,#8519,#8520,#8521,#8522,#8523),(#8524,#8525,
#8526,#8527,#8528,#8529,#8530,#8531,#8532),(#8533,#8534,#8535,#8536,#8537,
#8538,#8539,#8540,#8541),(#8542,#8543,#8544,#8545,#8546,#8547,#8548,#8549,
#8550),(#8551,#8552,#8553,#8554,#8555,#8556,#8557,#8558,#8559),(#8560,#8561,
#8562,#8563,#8564,#8565,#8566,#8567,#8568)),.UNSPECIFIED.,.F.,.T.,.F.)
B_SPLINE_SURFACE_WITH_KNOTS((7,7),(3,2,2,2,3),(0.,1.570796326795),(0.,1.5707963267949,
3.14159265358979,4.71238898038469,6.28318530717959),.UNSPECIFIED.)
GEOMETRIC_REPRESENTATION_ITEM()
RATIONAL_B_SPLINE_SURFACE(((1.,0.707106781186548,1.,0.707106781186548,1.,
0.707106781186548,1.,0.707106781186548,1.),(1.,0.707106781186548,1.,0.707106781186548,
1.,0.707106781186548,1.,0.707106781186548,1.),(1.,0.707106781186548,1.,
0.707106781186548,1.,0.707106781186548,1.,0.707106781186548,1.),(1.,0.707106781186548,
1.,0.707106781186548,1.,0.707106781186548,1.,0.707106781186548,1.),(1.,
0.707106781186548,1.,0.707106781186548,1.,0.707106781186548,1.,0.707106781186548,
1.),(1.,0.707106781186548,1.,0.707106781186548,1.,0.707106781186548,1.,
0.707106781186548,1.),(1.,0.707106781186548,1.,0.707106781186548,1.,0.707106781186548,
1.,0.707106781186548,1.)))
REPRESENTATION_ITEM('')
SURFACE()
);
#454=(
BOUNDED_SURFACE()
B_SPLINE_SURFACE(6,2,((#8572,#8573,#8574,#8575,#8576,#8577,#8578,#8579,
#8580),(#8581,#8582,#8583,#8584,#8585,#8586,#8587,#8588,#8589),(#8590,#8591,
#8592,#8593,#8594,#8595,#8596,#8597,#8598),(#8599,#8600,#8601,#8602,#8603,
#8604,#8605,#8606,#8607),(#8608,#8609,#8610,#8611,#8612,#8613,#8614,#8615,
#8616),(#8617,#8618,#8619,#8620,#8621,#8622,#8623,#8624,#8625),(#8626,#8627,
#8628,#8629,#8630,#8631,#8632,#8633,#8634)),.UNSPECIFIED.,.F.,.T.,.F.)
B_SPLINE_SURFACE_WITH_KNOTS((7,7),(3,2,2,2,3),(0.,1.570796326795),(0.,1.5707963267949,
3.14159265358979,4.71238898038469,6.28318530717959),.UNSPECIFIED.)
GEOMETRIC_REPRESENTATION_ITEM()
RATIONAL_B_SPLINE_SURFACE(((1.,0.707106781186548,1.,0.707106781186548,1.,
0.707106781186548,1.,0.707106781186548,1.),(1.,0.707106781186548,1.,0.707106781186548,
1.,0.707106781186548,1.,0.707106781186548,1.),(1.,0.707106781186548,1.,
0.707106781186548,1.,0.707106781186548,1.,0.707106781186548,1.),(1.,0.707106781186548,
1.,0.707106781186548,1.,0.707106781186548,1.,0.707106781186548,1.),(1.,
0.707106781186548,1.,0.707106781186548,1.,0.707106781186548,1.,0.707106781186548,
1.),(1.,0.707106781186548,1.,0.707106781186548,1.,0.707106781186548,1.,
0.707106781186548,1.),(1.,0.707106781186548,1.,0.707106781186548,1.,0.707106781186548,
1.,0.707106781186548,1.)))
REPRESENTATION_ITEM('')
SURFACE()
);
#455=(
BOUNDED_SURFACE()
B_SPLINE_SURFACE(6,2,((#9379,#9380,#9381,#9382,#9383,#9384,#9385,#9386,
#9387),(#9388,#9389,#9390,#9391,#9392,#9393,#9394,#9395,#9396),(#9397,#9398,
#9399,#9400,#9401,#9402,#9403,#9404,#9405),(#9406,#9407,#9408,#9409,#9410,
#9411,#9412,#9413,#9414),(#9415,#9416,#9417,#9418,#9419,#9420,#9421,#9422,
#9423),(#9424,#9425,#9426,#9427,#9428,#9429,#9430,#9431,#9432),(#9433,#9434,
#9435,#9436,#9437,#9438,#9439,#9440,#9441)),.UNSPECIFIED.,.F.,.T.,.F.)
B_SPLINE_SURFACE_WITH_KNOTS((7,7),(3,2,2,2,3),(0.,1.570796326795),(0.,1.5707963267949,
3.14159265358979,4.71238898038469,6.28318530717959),.UNSPECIFIED.)
GEOMETRIC_REPRESENTATION_ITEM()
RATIONAL_B_SPLINE_SURFACE(((1.,0.707106781186548,1.,0.707106781186548,1.,
0.707106781186548,1.,0.707106781186548,1.),(1.,0.707106781186548,1.,0.707106781186548,
1.,0.707106781186548,1.,0.707106781186548,1.),(1.,0.707106781186548,1.,
0.707106781186548,1.,0.707106781186548,1.,0.707106781186548,1.),(1.,0.707106781186548,
1.,0.707106781186548,1.,0.707106781186548,1.,0.707106781186548,1.),(1.,
0.707106781186548,1.,0.707106781186548,1.,0.707106781186548,1.,0.707106781186548,
1.),(1.,0.707106781186548,1.,0.707106781186548,1.,0.707106781186548,1.,
0.707106781186548,1.),(1.,0.707106781186548,1.,0.707106781186548,1.,0.707106781186548,
1.,0.707106781186548,1.)))
REPRESENTATION_ITEM('')
SURFACE()
);
#456=(
BOUNDED_SURFACE()
B_SPLINE_SURFACE(6,2,((#9512,#9513,#9514,#9515,#9516,#9517,#9518,#9519,
#9520),(#9521,#9522,#9523,#9524,#9525,#9526,#9527,#9528,#9529),(#9530,#9531,
#9532,#9533,#9534,#9535,#9536,#9537,#9538),(#9539,#9540,#9541,#9542,#9543,
#9544,#9545,#9546,#9547),(#9548,#9549,#9550,#9551,#9552,#9553,#9554,#9555,
#9556),(#9557,#9558,#9559,#9560,#9561,#9562,#9563,#9564,#9565),(#9566,#9567,
#9568,#9569,#9570,#9571,#9572,#9573,#9574)),.UNSPECIFIED.,.F.,.T.,.F.)
B_SPLINE_SURFACE_WITH_KNOTS((7,7),(3,2,2,2,3),(0.,1.570796326795),(0.,1.5707963267949,
3.14159265358979,4.71238898038469,6.28318530717959),.UNSPECIFIED.)
GEOMETRIC_REPRESENTATION_ITEM()
RATIONAL_B_SPLINE_SURFACE(((1.,0.707106781186548,1.,0.707106781186548,1.,
0.707106781186548,1.,0.707106781186548,1.),(1.,0.707106781186548,1.,0.707106781186548,
1.,0.707106781186548,1.,0.707106781186548,1.),(1.,0.707106781186548,1.,
0.707106781186548,1.,0.707106781186548,1.,0.707106781186548,1.),(1.,0.707106781186548,
1.,0.707106781186548,1.,0.707106781186548,1.,0.707106781186548,1.),(1.,
0.707106781186548,1.,0.707106781186548,1.,0.707106781186548,1.,0.707106781186548,
1.),(1.,0.707106781186548,1.,0.707106781186548,1.,0.707106781186548,1.,
0.707106781186548,1.),(1.,0.707106781186548,1.,0.707106781186548,1.,0.707106781186548,
1.,0.707106781186548,1.)))
REPRESENTATION_ITEM('')
SURFACE()
);
#457=(
BOUNDED_SURFACE()
B_SPLINE_SURFACE(6,2,((#9578,#9579,#9580,#9581,#9582,#9583,#9584,#9585,
#9586),(#9587,#9588,#9589,#9590,#9591,#9592,#9593,#9594,#9595),(#9596,#9597,
#9598,#9599,#9600,#9601,#9602,#9603,#9604),(#9605,#9606,#9607,#9608,#9609,
#9610,#9611,#9612,#9613),(#9614,#9615,#9616,#9617,#9618,#9619,#9620,#9621,
#9622),(#9623,#9624,#9625,#9626,#9627,#9628,#9629,#9630,#9631),(#9632,#9633,
#9634,#9635,#9636,#9637,#9638,#9639,#9640)),.UNSPECIFIED.,.F.,.T.,.F.)
B_SPLINE_SURFACE_WITH_KNOTS((7,7),(3,2,2,2,3),(0.,1.570796326795),(0.,1.5707963267949,
3.14159265358979,4.71238898038469,6.28318530717959),.UNSPECIFIED.)
GEOMETRIC_REPRESENTATION_ITEM()
RATIONAL_B_SPLINE_SURFACE(((1.,0.707106781186548,1.,0.707106781186548,1.,
0.707106781186548,1.,0.707106781186548,1.),(1.,0.707106781186548,1.,0.707106781186548,
1.,0.707106781186548,1.,0.707106781186548,1.),(1.,0.707106781186548,1.,
0.707106781186548,1.,0.707106781186548,1.,0.707106781186548,1.),(1.,0.707106781186548,
1.,0.707106781186548,1.,0.707106781186548,1.,0.707106781186548,1.),(1.,
0.707106781186548,1.,0.707106781186548,1.,0.707106781186548,1.,0.707106781186548,
1.),(1.,0.707106781186548,1.,0.707106781186548,1.,0.707106781186548,1.,
0.707106781186548,1.),(1.,0.707106781186548,1.,0.707106781186548,1.,0.707106781186548,
1.,0.707106781186548,1.)))
REPRESENTATION_ITEM('')
SURFACE()
);
#458=(
BOUNDED_SURFACE()
B_SPLINE_SURFACE(6,2,((#9644,#9645,#9646,#9647,#9648,#9649,#9650,#9651,
#9652),(#9653,#9654,#9655,#9656,#9657,#9658,#9659,#9660,#9661),(#9662,#9663,
#9664,#9665,#9666,#9667,#9668,#9669,#9670),(#9671,#9672,#9673,#9674,#9675,
#9676,#9677,#9678,#9679),(#9680,#9681,#9682,#9683,#9684,#9685,#9686,#9687,
#9688),(#9689,#9690,#9691,#9692,#9693,#9694,#9695,#9696,#9697),(#9698,#9699,
#9700,#9701,#9702,#9703,#9704,#9705,#9706)),.UNSPECIFIED.,.F.,.T.,.F.)
B_SPLINE_SURFACE_WITH_KNOTS((7,7),(3,2,2,2,3),(0.,1.570796326795),(0.,1.5707963267949,
3.14159265358979,4.71238898038469,6.28318530717959),.UNSPECIFIED.)
GEOMETRIC_REPRESENTATION_ITEM()
RATIONAL_B_SPLINE_SURFACE(((1.,0.707106781186548,1.,0.707106781186548,1.,
0.707106781186548,1.,0.707106781186548,1.),(1.,0.707106781186548,1.,0.707106781186548,
1.,0.707106781186548,1.,0.707106781186548,1.),(1.,0.707106781186548,1.,
0.707106781186548,1.,0.707106781186548,1.,0.707106781186548,1.),(1.,0.707106781186548,
1.,0.707106781186548,1.,0.707106781186548,1.,0.707106781186548,1.),(1.,
0.707106781186548,1.,0.707106781186548,1.,0.707106781186548,1.,0.707106781186548,
1.),(1.,0.707106781186548,1.,0.707106781186548,1.,0.707106781186548,1.,
0.707106781186548,1.),(1.,0.707106781186548,1.,0.707106781186548,1.,0.707106781186548,
1.,0.707106781186548,1.)))
REPRESENTATION_ITEM('')
SURFACE()
);
#459=FACE_OUTER_BOUND('',#787,.T.);
#460=FACE_OUTER_BOUND('',#788,.T.);
#461=FACE_OUTER_BOUND('',#789,.T.);
#462=FACE_OUTER_BOUND('',#794,.T.);
#463=FACE_OUTER_BOUND('',#795,.T.);
#464=FACE_OUTER_BOUND('',#796,.T.);
#465=FACE_OUTER_BOUND('',#797,.T.);
#466=FACE_OUTER_BOUND('',#798,.T.);
#467=FACE_OUTER_BOUND('',#799,.T.);
#468=FACE_OUTER_BOUND('',#800,.T.);
#469=FACE_OUTER_BOUND('',#801,.T.);
#470=FACE_OUTER_BOUND('',#802,.T.);
#471=FACE_OUTER_BOUND('',#804,.T.);
#472=FACE_OUTER_BOUND('',#805,.T.);
#473=FACE_OUTER_BOUND('',#806,.T.);
#474=FACE_OUTER_BOUND('',#807,.T.);
#475=FACE_OUTER_BOUND('',#808,.T.);
#476=FACE_OUTER_BOUND('',#809,.T.);
#477=FACE_OUTER_BOUND('',#810,.T.);
#478=FACE_OUTER_BOUND('',#811,.T.);
#479=FACE_OUTER_BOUND('',#812,.T.);
#480=FACE_OUTER_BOUND('',#813,.T.);
#481=FACE_OUTER_BOUND('',#814,.T.);
#482=FACE_OUTER_BOUND('',#815,.T.);
#483=FACE_OUTER_BOUND('',#816,.T.);
#484=FACE_OUTER_BOUND('',#817,.T.);
#485=FACE_OUTER_BOUND('',#818,.T.);
#486=FACE_OUTER_BOUND('',#823,.T.);
#487=FACE_OUTER_BOUND('',#824,.T.);
#488=FACE_OUTER_BOUND('',#825,.T.);
#489=FACE_OUTER_BOUND('',#826,.T.);
#490=FACE_OUTER_BOUND('',#827,.T.);
#491=FACE_OUTER_BOUND('',#828,.T.);
#492=FACE_OUTER_BOUND('',#829,.T.);
#493=FACE_OUTER_BOUND('',#830,.T.);
#494=FACE_OUTER_BOUND('',#831,.T.);
#495=FACE_OUTER_BOUND('',#832,.T.);
#496=FACE_OUTER_BOUND('',#833,.T.);
#497=FACE_OUTER_BOUND('',#834,.T.);
#498=FACE_OUTER_BOUND('',#835,.T.);
#499=FACE_OUTER_BOUND('',#836,.T.);
#500=FACE_OUTER_BOUND('',#837,.T.);
#501=FACE_OUTER_BOUND('',#838,.T.);
#502=FACE_OUTER_BOUND('',#839,.T.);
#503=FACE_OUTER_BOUND('',#840,.T.);
#504=FACE_OUTER_BOUND('',#841,.T.);
#505=FACE_OUTER_BOUND('',#842,.T.);
#506=FACE_OUTER_BOUND('',#843,.T.);
#507=FACE_OUTER_BOUND('',#844,.T.);
#508=FACE_OUTER_BOUND('',#845,.T.);
#509=FACE_OUTER_BOUND('',#846,.T.);
#510=FACE_OUTER_BOUND('',#847,.T.);
#511=FACE_OUTER_BOUND('',#848,.T.);
#512=FACE_OUTER_BOUND('',#849,.T.);
#513=FACE_OUTER_BOUND('',#850,.T.);
#514=FACE_OUTER_BOUND('',#851,.T.);
#515=FACE_OUTER_BOUND('',#852,.T.);
#516=FACE_OUTER_BOUND('',#853,.T.);
#517=FACE_OUTER_BOUND('',#854,.T.);
#518=FACE_OUTER_BOUND('',#855,.T.);
#519=FACE_OUTER_BOUND('',#856,.T.);
#520=FACE_OUTER_BOUND('',#857,.T.);
#521=FACE_OUTER_BOUND('',#858,.T.);
#522=FACE_OUTER_BOUND('',#859,.T.);
#523=FACE_OUTER_BOUND('',#860,.T.);
#524=FACE_OUTER_BOUND('',#866,.T.);
#525=FACE_OUTER_BOUND('',#872,.T.);
#526=FACE_OUTER_BOUND('',#874,.T.);
#527=FACE_OUTER_BOUND('',#875,.T.);
#528=FACE_OUTER_BOUND('',#876,.T.);
#529=FACE_OUTER_BOUND('',#877,.T.);
#530=FACE_OUTER_BOUND('',#878,.T.);
#531=FACE_OUTER_BOUND('',#879,.T.);
#532=FACE_OUTER_BOUND('',#880,.T.);
#533=FACE_OUTER_BOUND('',#881,.T.);
#534=FACE_OUTER_BOUND('',#882,.T.);
#535=FACE_OUTER_BOUND('',#883,.T.);
#536=FACE_OUTER_BOUND('',#884,.T.);
#537=FACE_OUTER_BOUND('',#885,.T.);
#538=FACE_OUTER_BOUND('',#886,.T.);
#539=FACE_OUTER_BOUND('',#887,.T.);
#540=FACE_OUTER_BOUND('',#888,.T.);
#541=FACE_OUTER_BOUND('',#889,.T.);
#542=FACE_OUTER_BOUND('',#890,.T.);
#543=FACE_OUTER_BOUND('',#891,.T.);
#544=FACE_OUTER_BOUND('',#892,.T.);
#545=FACE_OUTER_BOUND('',#893,.T.);
#546=FACE_OUTER_BOUND('',#894,.T.);
#547=FACE_OUTER_BOUND('',#896,.T.);
#548=FACE_OUTER_BOUND('',#898,.T.);
#549=FACE_OUTER_BOUND('',#899,.T.);
#550=FACE_OUTER_BOUND('',#900,.T.);
#551=FACE_OUTER_BOUND('',#901,.T.);
#552=FACE_OUTER_BOUND('',#902,.T.);
#553=FACE_OUTER_BOUND('',#903,.T.);
#554=FACE_OUTER_BOUND('',#904,.T.);
#555=FACE_OUTER_BOUND('',#905,.T.);
#556=FACE_OUTER_BOUND('',#906,.T.);
#557=FACE_OUTER_BOUND('',#907,.T.);
#558=FACE_OUTER_BOUND('',#908,.T.);
#559=FACE_OUTER_BOUND('',#909,.T.);
#560=FACE_OUTER_BOUND('',#910,.T.);
#561=FACE_OUTER_BOUND('',#911,.T.);
#562=FACE_OUTER_BOUND('',#912,.T.);
#563=FACE_OUTER_BOUND('',#913,.T.);
#564=FACE_OUTER_BOUND('',#914,.T.);
#565=FACE_OUTER_BOUND('',#915,.T.);
#566=FACE_OUTER_BOUND('',#916,.T.);
#567=FACE_OUTER_BOUND('',#917,.T.);
#568=FACE_OUTER_BOUND('',#918,.T.);
#569=FACE_OUTER_BOUND('',#919,.T.);
#570=FACE_OUTER_BOUND('',#920,.T.);
#571=FACE_OUTER_BOUND('',#921,.T.);
#572=FACE_OUTER_BOUND('',#922,.T.);
#573=FACE_OUTER_BOUND('',#923,.T.);
#574=FACE_OUTER_BOUND('',#924,.T.);
#575=FACE_OUTER_BOUND('',#925,.T.);
#576=FACE_OUTER_BOUND('',#927,.T.);
#577=FACE_OUTER_BOUND('',#928,.T.);
#578=FACE_OUTER_BOUND('',#930,.T.);
#579=FACE_OUTER_BOUND('',#931,.T.);
#580=FACE_OUTER_BOUND('',#932,.T.);
#581=FACE_OUTER_BOUND('',#933,.T.);
#582=FACE_OUTER_BOUND('',#934,.T.);
#583=FACE_OUTER_BOUND('',#935,.T.);
#584=FACE_OUTER_BOUND('',#936,.T.);
#585=FACE_OUTER_BOUND('',#937,.T.);
#586=FACE_OUTER_BOUND('',#938,.T.);
#587=FACE_OUTER_BOUND('',#939,.T.);
#588=FACE_OUTER_BOUND('',#940,.T.);
#589=FACE_OUTER_BOUND('',#941,.T.);
#590=FACE_OUTER_BOUND('',#942,.T.);
#591=FACE_OUTER_BOUND('',#943,.T.);
#592=FACE_OUTER_BOUND('',#944,.T.);
#593=FACE_OUTER_BOUND('',#945,.T.);
#594=FACE_OUTER_BOUND('',#946,.T.);
#595=FACE_OUTER_BOUND('',#947,.T.);
#596=FACE_OUTER_BOUND('',#948,.T.);
#597=FACE_OUTER_BOUND('',#949,.T.);
#598=FACE_OUTER_BOUND('',#950,.T.);
#599=FACE_OUTER_BOUND('',#951,.T.);
#600=FACE_OUTER_BOUND('',#952,.T.);
#601=FACE_OUTER_BOUND('',#953,.T.);
#602=FACE_OUTER_BOUND('',#954,.T.);
#603=FACE_OUTER_BOUND('',#955,.T.);
#604=FACE_OUTER_BOUND('',#956,.T.);
#605=FACE_OUTER_BOUND('',#957,.T.);
#606=FACE_OUTER_BOUND('',#958,.T.);
#607=FACE_OUTER_BOUND('',#959,.T.);
#608=FACE_OUTER_BOUND('',#960,.T.);
#609=FACE_OUTER_BOUND('',#961,.T.);
#610=FACE_OUTER_BOUND('',#962,.T.);
#611=FACE_OUTER_BOUND('',#963,.T.);
#612=FACE_OUTER_BOUND('',#964,.T.);
#613=FACE_OUTER_BOUND('',#965,.T.);
#614=FACE_OUTER_BOUND('',#966,.T.);
#615=FACE_OUTER_BOUND('',#967,.T.);
#616=FACE_OUTER_BOUND('',#968,.T.);
#617=FACE_OUTER_BOUND('',#969,.T.);
#618=FACE_OUTER_BOUND('',#970,.T.);
#619=FACE_OUTER_BOUND('',#971,.T.);
#620=FACE_OUTER_BOUND('',#972,.T.);
#621=FACE_OUTER_BOUND('',#977,.T.);
#622=FACE_OUTER_BOUND('',#978,.T.);
#623=FACE_OUTER_BOUND('',#979,.T.);
#624=FACE_OUTER_BOUND('',#980,.T.);
#625=FACE_OUTER_BOUND('',#981,.T.);
#626=FACE_OUTER_BOUND('',#982,.T.);
#627=FACE_OUTER_BOUND('',#983,.T.);
#628=FACE_OUTER_BOUND('',#984,.T.);
#629=FACE_OUTER_BOUND('',#985,.T.);
#630=FACE_OUTER_BOUND('',#987,.T.);
#631=FACE_OUTER_BOUND('',#988,.T.);
#632=FACE_OUTER_BOUND('',#989,.T.);
#633=FACE_OUTER_BOUND('',#990,.T.);
#634=FACE_OUTER_BOUND('',#991,.T.);
#635=FACE_OUTER_BOUND('',#992,.T.);
#636=FACE_OUTER_BOUND('',#993,.T.);
#637=FACE_OUTER_BOUND('',#994,.T.);
#638=FACE_OUTER_BOUND('',#995,.T.);
#639=FACE_OUTER_BOUND('',#996,.T.);
#640=FACE_OUTER_BOUND('',#997,.T.);
#641=FACE_OUTER_BOUND('',#998,.T.);
#642=FACE_OUTER_BOUND('',#999,.T.);
#643=FACE_OUTER_BOUND('',#1000,.T.);
#644=FACE_OUTER_BOUND('',#1001,.T.);
#645=FACE_OUTER_BOUND('',#1006,.T.);
#646=FACE_OUTER_BOUND('',#1007,.T.);
#647=FACE_OUTER_BOUND('',#1008,.T.);
#648=FACE_OUTER_BOUND('',#1009,.T.);
#649=FACE_OUTER_BOUND('',#1010,.T.);
#650=FACE_OUTER_BOUND('',#1011,.T.);
#651=FACE_OUTER_BOUND('',#1012,.T.);
#652=FACE_OUTER_BOUND('',#1013,.T.);
#653=FACE_OUTER_BOUND('',#1014,.T.);
#654=FACE_OUTER_BOUND('',#1015,.T.);
#655=FACE_OUTER_BOUND('',#1016,.T.);
#656=FACE_OUTER_BOUND('',#1017,.T.);
#657=FACE_OUTER_BOUND('',#1018,.T.);
#658=FACE_OUTER_BOUND('',#1019,.T.);
#659=FACE_OUTER_BOUND('',#1020,.T.);
#660=FACE_OUTER_BOUND('',#1021,.T.);
#661=FACE_OUTER_BOUND('',#1022,.T.);
#662=FACE_OUTER_BOUND('',#1023,.T.);
#663=FACE_OUTER_BOUND('',#1024,.T.);
#664=FACE_OUTER_BOUND('',#1025,.T.);
#665=FACE_OUTER_BOUND('',#1026,.T.);
#666=FACE_OUTER_BOUND('',#1027,.T.);
#667=FACE_OUTER_BOUND('',#1028,.T.);
#668=FACE_OUTER_BOUND('',#1029,.T.);
#669=FACE_OUTER_BOUND('',#1030,.T.);
#670=FACE_OUTER_BOUND('',#1031,.T.);
#671=FACE_OUTER_BOUND('',#1032,.T.);
#672=FACE_OUTER_BOUND('',#1033,.T.);
#673=FACE_OUTER_BOUND('',#1034,.T.);
#674=FACE_OUTER_BOUND('',#1035,.T.);
#675=FACE_OUTER_BOUND('',#1036,.T.);
#676=FACE_OUTER_BOUND('',#1037,.T.);
#677=FACE_OUTER_BOUND('',#1038,.T.);
#678=FACE_OUTER_BOUND('',#1039,.T.);
#679=FACE_OUTER_BOUND('',#1040,.T.);
#680=FACE_OUTER_BOUND('',#1041,.T.);
#681=FACE_OUTER_BOUND('',#1042,.T.);
#682=FACE_OUTER_BOUND('',#1043,.T.);
#683=FACE_OUTER_BOUND('',#1049,.T.);
#684=FACE_OUTER_BOUND('',#1055,.T.);
#685=FACE_OUTER_BOUND('',#1057,.T.);
#686=FACE_OUTER_BOUND('',#1058,.T.);
#687=FACE_OUTER_BOUND('',#1059,.T.);
#688=FACE_OUTER_BOUND('',#1060,.T.);
#689=FACE_OUTER_BOUND('',#1061,.T.);
#690=FACE_OUTER_BOUND('',#1062,.T.);
#691=FACE_OUTER_BOUND('',#1063,.T.);
#692=FACE_OUTER_BOUND('',#1064,.T.);
#693=FACE_OUTER_BOUND('',#1065,.T.);
#694=FACE_OUTER_BOUND('',#1066,.T.);
#695=FACE_OUTER_BOUND('',#1067,.T.);
#696=FACE_OUTER_BOUND('',#1068,.T.);
#697=FACE_OUTER_BOUND('',#1069,.T.);
#698=FACE_OUTER_BOUND('',#1070,.T.);
#699=FACE_OUTER_BOUND('',#1071,.T.);
#700=FACE_OUTER_BOUND('',#1072,.T.);
#701=FACE_OUTER_BOUND('',#1073,.T.);
#702=FACE_OUTER_BOUND('',#1074,.T.);
#703=FACE_OUTER_BOUND('',#1075,.T.);
#704=FACE_OUTER_BOUND('',#1076,.T.);
#705=FACE_OUTER_BOUND('',#1077,.T.);
#706=FACE_OUTER_BOUND('',#1079,.T.);
#707=FACE_OUTER_BOUND('',#1081,.T.);
#708=FACE_OUTER_BOUND('',#1082,.T.);
#709=FACE_OUTER_BOUND('',#1083,.T.);
#710=FACE_OUTER_BOUND('',#1084,.T.);
#711=FACE_OUTER_BOUND('',#1085,.T.);
#712=FACE_OUTER_BOUND('',#1086,.T.);
#713=FACE_OUTER_BOUND('',#1087,.T.);
#714=FACE_OUTER_BOUND('',#1088,.T.);
#715=FACE_OUTER_BOUND('',#1089,.T.);
#716=FACE_OUTER_BOUND('',#1090,.T.);
#717=FACE_OUTER_BOUND('',#1091,.T.);
#718=FACE_OUTER_BOUND('',#1092,.T.);
#719=FACE_OUTER_BOUND('',#1093,.T.);
#720=FACE_OUTER_BOUND('',#1094,.T.);
#721=FACE_OUTER_BOUND('',#1095,.T.);
#722=FACE_OUTER_BOUND('',#1096,.T.);
#723=FACE_OUTER_BOUND('',#1097,.T.);
#724=FACE_OUTER_BOUND('',#1098,.T.);
#725=FACE_OUTER_BOUND('',#1099,.T.);
#726=FACE_OUTER_BOUND('',#1100,.T.);
#727=FACE_OUTER_BOUND('',#1101,.T.);
#728=FACE_OUTER_BOUND('',#1102,.T.);
#729=FACE_OUTER_BOUND('',#1103,.T.);
#730=FACE_OUTER_BOUND('',#1104,.T.);
#731=FACE_OUTER_BOUND('',#1105,.T.);
#732=FACE_OUTER_BOUND('',#1106,.T.);
#733=FACE_OUTER_BOUND('',#1107,.T.);
#734=FACE_OUTER_BOUND('',#1108,.T.);
#735=FACE_OUTER_BOUND('',#1110,.T.);
#736=FACE_OUTER_BOUND('',#1111,.T.);
#737=FACE_OUTER_BOUND('',#1113,.T.);
#738=FACE_OUTER_BOUND('',#1114,.T.);
#739=FACE_OUTER_BOUND('',#1115,.T.);
#740=FACE_OUTER_BOUND('',#1116,.T.);
#741=FACE_OUTER_BOUND('',#1117,.T.);
#742=FACE_OUTER_BOUND('',#1118,.T.);
#743=FACE_OUTER_BOUND('',#1119,.T.);
#744=FACE_OUTER_BOUND('',#1120,.T.);
#745=FACE_OUTER_BOUND('',#1121,.T.);
#746=FACE_OUTER_BOUND('',#1122,.T.);
#747=FACE_OUTER_BOUND('',#1123,.T.);
#748=FACE_OUTER_BOUND('',#1124,.T.);
#749=FACE_OUTER_BOUND('',#1125,.T.);
#750=FACE_OUTER_BOUND('',#1126,.T.);
#751=FACE_OUTER_BOUND('',#1127,.T.);
#752=FACE_OUTER_BOUND('',#1128,.T.);
#753=FACE_OUTER_BOUND('',#1129,.T.);
#754=FACE_OUTER_BOUND('',#1130,.T.);
#755=FACE_OUTER_BOUND('',#1131,.T.);
#756=FACE_OUTER_BOUND('',#1132,.T.);
#757=FACE_OUTER_BOUND('',#1133,.T.);
#758=FACE_OUTER_BOUND('',#1134,.T.);
#759=FACE_OUTER_BOUND('',#1135,.T.);
#760=FACE_OUTER_BOUND('',#1136,.T.);
#761=FACE_OUTER_BOUND('',#1137,.T.);
#762=FACE_OUTER_BOUND('',#1138,.T.);
#763=FACE_OUTER_BOUND('',#1139,.T.);
#764=FACE_OUTER_BOUND('',#1140,.T.);
#765=FACE_OUTER_BOUND('',#1141,.T.);
#766=FACE_OUTER_BOUND('',#1142,.T.);
#767=FACE_OUTER_BOUND('',#1143,.T.);
#768=FACE_OUTER_BOUND('',#1144,.T.);
#769=FACE_OUTER_BOUND('',#1145,.T.);
#770=FACE_OUTER_BOUND('',#1146,.T.);
#771=FACE_OUTER_BOUND('',#1147,.T.);
#772=FACE_OUTER_BOUND('',#1148,.T.);
#773=FACE_OUTER_BOUND('',#1149,.T.);
#774=FACE_OUTER_BOUND('',#1150,.T.);
#775=FACE_OUTER_BOUND('',#1151,.T.);
#776=FACE_OUTER_BOUND('',#1152,.T.);
#777=FACE_OUTER_BOUND('',#1153,.T.);
#778=FACE_OUTER_BOUND('',#1154,.T.);
#779=FACE_OUTER_BOUND('',#1155,.T.);
#780=FACE_OUTER_BOUND('',#1156,.T.);
#781=FACE_OUTER_BOUND('',#1157,.T.);
#782=FACE_OUTER_BOUND('',#1158,.T.);
#783=FACE_OUTER_BOUND('',#1159,.T.);
#784=FACE_OUTER_BOUND('',#1160,.T.);
#785=FACE_OUTER_BOUND('',#1161,.T.);
#786=FACE_OUTER_BOUND('',#1162,.T.);
#787=EDGE_LOOP('',(#3929,#3930,#3931,#3932,#3933));
#788=EDGE_LOOP('',(#3934,#3935,#3936,#3937,#3938));
#789=EDGE_LOOP('',(#3939,#3940,#3941,#3942));
#790=EDGE_LOOP('',(#3943));
#791=EDGE_LOOP('',(#3944));
#792=EDGE_LOOP('',(#3945));
#793=EDGE_LOOP('',(#3946));
#794=EDGE_LOOP('',(#3947));
#795=EDGE_LOOP('',(#3948,#3949,#3950,#3951));
#796=EDGE_LOOP('',(#3952,#3953,#3954,#3955));
#797=EDGE_LOOP('',(#3956,#3957,#3958,#3959));
#798=EDGE_LOOP('',(#3960,#3961,#3962,#3963));
#799=EDGE_LOOP('',(#3964,#3965,#3966,#3967,#3968));
#800=EDGE_LOOP('',(#3969,#3970,#3971,#3972,#3973));
#801=EDGE_LOOP('',(#3974,#3975,#3976,#3977,#3978));
#802=EDGE_LOOP('',(#3979,#3980,#3981,#3982,#3983,#3984,#3985,#3986));
#803=EDGE_LOOP('',(#3987,#3988,#3989,#3990));
#804=EDGE_LOOP('',(#3991,#3992,#3993,#3994,#3995));
#805=EDGE_LOOP('',(#3996,#3997,#3998,#3999,#4000));
#806=EDGE_LOOP('',(#4001,#4002,#4003,#4004,#4005));
#807=EDGE_LOOP('',(#4006,#4007,#4008,#4009));
#808=EDGE_LOOP('',(#4010,#4011,#4012,#4013));
#809=EDGE_LOOP('',(#4014,#4015,#4016,#4017));
#810=EDGE_LOOP('',(#4018,#4019,#4020,#4021));
#811=EDGE_LOOP('',(#4022,#4023,#4024,#4025));
#812=EDGE_LOOP('',(#4026,#4027,#4028,#4029));
#813=EDGE_LOOP('',(#4030,#4031,#4032,#4033));
#814=EDGE_LOOP('',(#4034,#4035,#4036,#4037));
#815=EDGE_LOOP('',(#4038));
#816=EDGE_LOOP('',(#4039));
#817=EDGE_LOOP('',(#4040));
#818=EDGE_LOOP('',(#4041,#4042,#4043,#4044,#4045,#4046,#4047,#4048));
#819=EDGE_LOOP('',(#4049,#4050,#4051,#4052,#4053));
#820=EDGE_LOOP('',(#4054,#4055,#4056,#4057,#4058));
#821=EDGE_LOOP('',(#4059,#4060,#4061,#4062,#4063));
#822=EDGE_LOOP('',(#4064,#4065,#4066,#4067,#4068));
#823=EDGE_LOOP('',(#4069,#4070,#4071,#4072));
#824=EDGE_LOOP('',(#4073,#4074,#4075,#4076));
#825=EDGE_LOOP('',(#4077,#4078,#4079,#4080));
#826=EDGE_LOOP('',(#4081,#4082,#4083,#4084));
#827=EDGE_LOOP('',(#4085,#4086,#4087,#4088));
#828=EDGE_LOOP('',(#4089,#4090,#4091,#4092));
#829=EDGE_LOOP('',(#4093,#4094,#4095,#4096));
#830=EDGE_LOOP('',(#4097,#4098,#4099,#4100));
#831=EDGE_LOOP('',(#4101,#4102,#4103,#4104));
#832=EDGE_LOOP('',(#4105,#4106,#4107,#4108));
#833=EDGE_LOOP('',(#4109,#4110,#4111,#4112));
#834=EDGE_LOOP('',(#4113,#4114,#4115,#4116));
#835=EDGE_LOOP('',(#4117,#4118,#4119,#4120));
#836=EDGE_LOOP('',(#4121,#4122,#4123,#4124));
#837=EDGE_LOOP('',(#4125,#4126,#4127,#4128));
#838=EDGE_LOOP('',(#4129,#4130,#4131,#4132));
#839=EDGE_LOOP('',(#4133,#4134,#4135,#4136));
#840=EDGE_LOOP('',(#4137,#4138,#4139,#4140));
#841=EDGE_LOOP('',(#4141,#4142,#4143,#4144));
#842=EDGE_LOOP('',(#4145,#4146,#4147,#4148));
#843=EDGE_LOOP('',(#4149,#4150,#4151,#4152,#4153));
#844=EDGE_LOOP('',(#4154,#4155,#4156,#4157,#4158));
#845=EDGE_LOOP('',(#4159,#4160,#4161,#4162,#4163));
#846=EDGE_LOOP('',(#4164,#4165,#4166,#4167,#4168));
#847=EDGE_LOOP('',(#4169,#4170,#4171,#4172));
#848=EDGE_LOOP('',(#4173,#4174,#4175,#4176));
#849=EDGE_LOOP('',(#4177,#4178,#4179,#4180));
#850=EDGE_LOOP('',(#4181,#4182,#4183,#4184));
#851=EDGE_LOOP('',(#4185,#4186,#4187,#4188));
#852=EDGE_LOOP('',(#4189,#4190,#4191,#4192));
#853=EDGE_LOOP('',(#4193,#4194,#4195,#4196));
#854=EDGE_LOOP('',(#4197,#4198,#4199,#4200));
#855=EDGE_LOOP('',(#4201,#4202,#4203,#4204));
#856=EDGE_LOOP('',(#4205,#4206,#4207,#4208));
#857=EDGE_LOOP('',(#4209,#4210,#4211,#4212));
#858=EDGE_LOOP('',(#4213,#4214,#4215,#4216));
#859=EDGE_LOOP('',(#4217,#4218,#4219,#4220));
#860=EDGE_LOOP('',(#4221,#4222,#4223,#4224,#4225,#4226,#4227,#4228));
#861=EDGE_LOOP('',(#4229));
#862=EDGE_LOOP('',(#4230));
#863=EDGE_LOOP('',(#4231));
#864=EDGE_LOOP('',(#4232));
#865=EDGE_LOOP('',(#4233));
#866=EDGE_LOOP('',(#4234,#4235,#4236,#4237,#4238,#4239,#4240,#4241));
#867=EDGE_LOOP('',(#4242));
#868=EDGE_LOOP('',(#4243));
#869=EDGE_LOOP('',(#4244));
#870=EDGE_LOOP('',(#4245));
#871=EDGE_LOOP('',(#4246));
#872=EDGE_LOOP('',(#4247,#4248,#4249,#4250,#4251,#4252,#4253,#4254));
#873=EDGE_LOOP('',(#4255,#4256,#4257,#4258));
#874=EDGE_LOOP('',(#4259,#4260,#4261,#4262));
#875=EDGE_LOOP('',(#4263,#4264,#4265,#4266));
#876=EDGE_LOOP('',(#4267,#4268,#4269,#4270));
#877=EDGE_LOOP('',(#4271,#4272,#4273,#4274));
#878=EDGE_LOOP('',(#4275,#4276,#4277,#4278));
#879=EDGE_LOOP('',(#4279,#4280,#4281,#4282));
#880=EDGE_LOOP('',(#4283,#4284,#4285,#4286));
#881=EDGE_LOOP('',(#4287,#4288,#4289,#4290));
#882=EDGE_LOOP('',(#4291,#4292,#4293,#4294));
#883=EDGE_LOOP('',(#4295,#4296,#4297,#4298));
#884=EDGE_LOOP('',(#4299,#4300,#4301,#4302));
#885=EDGE_LOOP('',(#4303,#4304,#4305,#4306));
#886=EDGE_LOOP('',(#4307,#4308,#4309,#4310));
#887=EDGE_LOOP('',(#4311,#4312,#4313));
#888=EDGE_LOOP('',(#4314,#4315,#4316));
#889=EDGE_LOOP('',(#4317,#4318,#4319,#4320));
#890=EDGE_LOOP('',(#4321,#4322,#4323,#4324));
#891=EDGE_LOOP('',(#4325,#4326,#4327));
#892=EDGE_LOOP('',(#4328,#4329,#4330));
#893=EDGE_LOOP('',(#4331,#4332,#4333,#4334));
#894=EDGE_LOOP('',(#4335));
#895=EDGE_LOOP('',(#4336,#4337,#4338,#4339));
#896=EDGE_LOOP('',(#4340,#4341,#4342,#4343));
#897=EDGE_LOOP('',(#4344));
#898=EDGE_LOOP('',(#4345,#4346,#4347,#4348));
#899=EDGE_LOOP('',(#4349,#4350,#4351,#4352));
#900=EDGE_LOOP('',(#4353));
#901=EDGE_LOOP('',(#4354));
#902=EDGE_LOOP('',(#4355,#4356,#4357,#4358));
#903=EDGE_LOOP('',(#4359,#4360,#4361,#4362));
#904=EDGE_LOOP('',(#4363,#4364,#4365,#4366));
#905=EDGE_LOOP('',(#4367,#4368,#4369,#4370));
#906=EDGE_LOOP('',(#4371,#4372,#4373,#4374));
#907=EDGE_LOOP('',(#4375,#4376,#4377,#4378));
#908=EDGE_LOOP('',(#4379,#4380,#4381,#4382));
#909=EDGE_LOOP('',(#4383,#4384,#4385,#4386));
#910=EDGE_LOOP('',(#4387,#4388,#4389,#4390));
#911=EDGE_LOOP('',(#4391,#4392,#4393,#4394,#4395,#4396));
#912=EDGE_LOOP('',(#4397,#4398,#4399,#4400,#4401,#4402));
#913=EDGE_LOOP('',(#4403,#4404,#4405,#4406,#4407,#4408,#4409,#4410));
#914=EDGE_LOOP('',(#4411,#4412,#4413,#4414,#4415,#4416,#4417,#4418));
#915=EDGE_LOOP('',(#4419,#4420,#4421,#4422));
#916=EDGE_LOOP('',(#4423,#4424,#4425,#4426));
#917=EDGE_LOOP('',(#4427,#4428,#4429,#4430));
#918=EDGE_LOOP('',(#4431,#4432,#4433,#4434));
#919=EDGE_LOOP('',(#4435,#4436,#4437,#4438));
#920=EDGE_LOOP('',(#4439,#4440,#4441,#4442,#4443,#4444,#4445,#4446,#4447,
#4448,#4449,#4450));
#921=EDGE_LOOP('',(#4451,#4452,#4453,#4454,#4455,#4456,#4457,#4458,#4459,
#4460,#4461,#4462));
#922=EDGE_LOOP('',(#4463));
#923=EDGE_LOOP('',(#4464,#4465,#4466,#4467));
#924=EDGE_LOOP('',(#4468,#4469,#4470,#4471));
#925=EDGE_LOOP('',(#4472));
#926=EDGE_LOOP('',(#4473));
#927=EDGE_LOOP('',(#4474,#4475,#4476,#4477));
#928=EDGE_LOOP('',(#4478));
#929=EDGE_LOOP('',(#4479));
#930=EDGE_LOOP('',(#4480,#4481,#4482,#4483,#4484,#4485,#4486,#4487,#4488,
#4489,#4490,#4491,#4492,#4493,#4494,#4495,#4496,#4497,#4498,#4499));
#931=EDGE_LOOP('',(#4500,#4501,#4502,#4503));
#932=EDGE_LOOP('',(#4504,#4505,#4506,#4507));
#933=EDGE_LOOP('',(#4508,#4509,#4510,#4511,#4512,#4513,#4514,#4515,#4516,
#4517,#4518,#4519,#4520,#4521,#4522,#4523,#4524,#4525,#4526,#4527,#4528,
#4529,#4530,#4531,#4532,#4533,#4534,#4535,#4536,#4537,#4538,#4539));
#934=EDGE_LOOP('',(#4540,#4541,#4542,#4543));
#935=EDGE_LOOP('',(#4544,#4545,#4546,#4547));
#936=EDGE_LOOP('',(#4548,#4549,#4550,#4551));
#937=EDGE_LOOP('',(#4552,#4553,#4554,#4555));
#938=EDGE_LOOP('',(#4556,#4557,#4558,#4559,#4560));
#939=EDGE_LOOP('',(#4561,#4562,#4563,#4564));
#940=EDGE_LOOP('',(#4565,#4566,#4567,#4568));
#941=EDGE_LOOP('',(#4569,#4570,#4571,#4572));
#942=EDGE_LOOP('',(#4573,#4574,#4575,#4576));
#943=EDGE_LOOP('',(#4577,#4578,#4579,#4580));
#944=EDGE_LOOP('',(#4581,#4582,#4583,#4584,#4585,#4586,#4587,#4588));
#945=EDGE_LOOP('',(#4589,#4590,#4591,#4592,#4593,#4594,#4595));
#946=EDGE_LOOP('',(#4596,#4597,#4598,#4599));
#947=EDGE_LOOP('',(#4600,#4601,#4602,#4603,#4604,#4605,#4606));
#948=EDGE_LOOP('',(#4607,#4608,#4609,#4610,#4611,#4612,#4613,#4614));
#949=EDGE_LOOP('',(#4615,#4616,#4617,#4618));
#950=EDGE_LOOP('',(#4619,#4620,#4621,#4622));
#951=EDGE_LOOP('',(#4623,#4624,#4625,#4626));
#952=EDGE_LOOP('',(#4627,#4628,#4629,#4630,#4631,#4632,#4633,#4634));
#953=EDGE_LOOP('',(#4635,#4636,#4637,#4638,#4639,#4640,#4641));
#954=EDGE_LOOP('',(#4642,#4643,#4644,#4645));
#955=EDGE_LOOP('',(#4646,#4647,#4648,#4649,#4650,#4651,#4652));
#956=EDGE_LOOP('',(#4653,#4654,#4655,#4656,#4657,#4658,#4659,#4660));
#957=EDGE_LOOP('',(#4661,#4662,#4663,#4664));
#958=EDGE_LOOP('',(#4665,#4666,#4667,#4668));
#959=EDGE_LOOP('',(#4669,#4670,#4671,#4672));
#960=EDGE_LOOP('',(#4673,#4674,#4675,#4676));
#961=EDGE_LOOP('',(#4677,#4678,#4679,#4680));
#962=EDGE_LOOP('',(#4681,#4682,#4683,#4684));
#963=EDGE_LOOP('',(#4685,#4686,#4687,#4688));
#964=EDGE_LOOP('',(#4689,#4690,#4691,#4692));
#965=EDGE_LOOP('',(#4693,#4694,#4695,#4696));
#966=EDGE_LOOP('',(#4697,#4698,#4699,#4700));
#967=EDGE_LOOP('',(#4701,#4702,#4703,#4704));
#968=EDGE_LOOP('',(#4705,#4706,#4707,#4708));
#969=EDGE_LOOP('',(#4709,#4710,#4711,#4712));
#970=EDGE_LOOP('',(#4713,#4714,#4715,#4716,#4717));
#971=EDGE_LOOP('',(#4718,#4719,#4720,#4721,#4722));
#972=EDGE_LOOP('',(#4723,#4724,#4725,#4726));
#973=EDGE_LOOP('',(#4727));
#974=EDGE_LOOP('',(#4728));
#975=EDGE_LOOP('',(#4729));
#976=EDGE_LOOP('',(#4730));
#977=EDGE_LOOP('',(#4731));
#978=EDGE_LOOP('',(#4732,#4733,#4734,#4735));
#979=EDGE_LOOP('',(#4736,#4737,#4738,#4739));
#980=EDGE_LOOP('',(#4740,#4741,#4742,#4743));
#981=EDGE_LOOP('',(#4744,#4745,#4746,#4747));
#982=EDGE_LOOP('',(#4748,#4749,#4750,#4751,#4752));
#983=EDGE_LOOP('',(#4753,#4754,#4755,#4756,#4757));
#984=EDGE_LOOP('',(#4758,#4759,#4760,#4761,#4762));
#985=EDGE_LOOP('',(#4763,#4764,#4765,#4766,#4767,#4768,#4769,#4770));
#986=EDGE_LOOP('',(#4771,#4772,#4773,#4774));
#987=EDGE_LOOP('',(#4775,#4776,#4777,#4778,#4779));
#988=EDGE_LOOP('',(#4780,#4781,#4782,#4783,#4784));
#989=EDGE_LOOP('',(#4785,#4786,#4787,#4788,#4789));
#990=EDGE_LOOP('',(#4790,#4791,#4792,#4793));
#991=EDGE_LOOP('',(#4794,#4795,#4796,#4797));
#992=EDGE_LOOP('',(#4798,#4799,#4800,#4801));
#993=EDGE_LOOP('',(#4802,#4803,#4804,#4805));
#994=EDGE_LOOP('',(#4806,#4807,#4808,#4809));
#995=EDGE_LOOP('',(#4810,#4811,#4812,#4813));
#996=EDGE_LOOP('',(#4814,#4815,#4816,#4817));
#997=EDGE_LOOP('',(#4818,#4819,#4820,#4821));
#998=EDGE_LOOP('',(#4822));
#999=EDGE_LOOP('',(#4823));
#1000=EDGE_LOOP('',(#4824));
#1001=EDGE_LOOP('',(#4825,#4826,#4827,#4828,#4829,#4830,#4831,#4832));
#1002=EDGE_LOOP('',(#4833,#4834,#4835,#4836,#4837));
#1003=EDGE_LOOP('',(#4838,#4839,#4840,#4841,#4842));
#1004=EDGE_LOOP('',(#4843,#4844,#4845,#4846,#4847));
#1005=EDGE_LOOP('',(#4848,#4849,#4850,#4851,#4852));
#1006=EDGE_LOOP('',(#4853,#4854,#4855,#4856));
#1007=EDGE_LOOP('',(#4857,#4858,#4859,#4860));
#1008=EDGE_LOOP('',(#4861,#4862,#4863,#4864));
#1009=EDGE_LOOP('',(#4865,#4866,#4867,#4868));
#1010=EDGE_LOOP('',(#4869,#4870,#4871,#4872));
#1011=EDGE_LOOP('',(#4873,#4874,#4875,#4876));
#1012=EDGE_LOOP('',(#4877,#4878,#4879,#4880));
#1013=EDGE_LOOP('',(#4881,#4882,#4883,#4884));
#1014=EDGE_LOOP('',(#4885,#4886,#4887,#4888));
#1015=EDGE_LOOP('',(#4889,#4890,#4891,#4892));
#1016=EDGE_LOOP('',(#4893,#4894,#4895,#4896));
#1017=EDGE_LOOP('',(#4897,#4898,#4899,#4900));
#1018=EDGE_LOOP('',(#4901,#4902,#4903,#4904));
#1019=EDGE_LOOP('',(#4905,#4906,#4907,#4908));
#1020=EDGE_LOOP('',(#4909,#4910,#4911,#4912));
#1021=EDGE_LOOP('',(#4913,#4914,#4915,#4916));
#1022=EDGE_LOOP('',(#4917,#4918,#4919,#4920));
#1023=EDGE_LOOP('',(#4921,#4922,#4923,#4924));
#1024=EDGE_LOOP('',(#4925,#4926,#4927,#4928));
#1025=EDGE_LOOP('',(#4929,#4930,#4931,#4932));
#1026=EDGE_LOOP('',(#4933,#4934,#4935,#4936,#4937));
#1027=EDGE_LOOP('',(#4938,#4939,#4940,#4941,#4942));
#1028=EDGE_LOOP('',(#4943,#4944,#4945,#4946,#4947));
#1029=EDGE_LOOP('',(#4948,#4949,#4950,#4951,#4952));
#1030=EDGE_LOOP('',(#4953,#4954,#4955,#4956));
#1031=EDGE_LOOP('',(#4957,#4958,#4959,#4960));
#1032=EDGE_LOOP('',(#4961,#4962,#4963,#4964));
#1033=EDGE_LOOP('',(#4965,#4966,#4967,#4968));
#1034=EDGE_LOOP('',(#4969,#4970,#4971,#4972));
#1035=EDGE_LOOP('',(#4973,#4974,#4975,#4976));
#1036=EDGE_LOOP('',(#4977,#4978,#4979,#4980));
#1037=EDGE_LOOP('',(#4981,#4982,#4983,#4984));
#1038=EDGE_LOOP('',(#4985,#4986,#4987,#4988));
#1039=EDGE_LOOP('',(#4989,#4990,#4991,#4992));
#1040=EDGE_LOOP('',(#4993,#4994,#4995,#4996));
#1041=EDGE_LOOP('',(#4997,#4998,#4999,#5000));
#1042=EDGE_LOOP('',(#5001,#5002,#5003,#5004));
#1043=EDGE_LOOP('',(#5005,#5006,#5007,#5008,#5009,#5010,#5011,#5012));
#1044=EDGE_LOOP('',(#5013));
#1045=EDGE_LOOP('',(#5014));
#1046=EDGE_LOOP('',(#5015));
#1047=EDGE_LOOP('',(#5016));
#1048=EDGE_LOOP('',(#5017));
#1049=EDGE_LOOP('',(#5018,#5019,#5020,#5021,#5022,#5023,#5024,#5025));
#1050=EDGE_LOOP('',(#5026));
#1051=EDGE_LOOP('',(#5027));
#1052=EDGE_LOOP('',(#5028));
#1053=EDGE_LOOP('',(#5029));
#1054=EDGE_LOOP('',(#5030));
#1055=EDGE_LOOP('',(#5031,#5032,#5033,#5034,#5035,#5036,#5037,#5038));
#1056=EDGE_LOOP('',(#5039,#5040,#5041,#5042));
#1057=EDGE_LOOP('',(#5043,#5044,#5045,#5046));
#1058=EDGE_LOOP('',(#5047,#5048,#5049,#5050));
#1059=EDGE_LOOP('',(#5051,#5052,#5053,#5054));
#1060=EDGE_LOOP('',(#5055,#5056,#5057,#5058));
#1061=EDGE_LOOP('',(#5059,#5060,#5061,#5062));
#1062=EDGE_LOOP('',(#5063,#5064,#5065,#5066));
#1063=EDGE_LOOP('',(#5067,#5068,#5069,#5070));
#1064=EDGE_LOOP('',(#5071,#5072,#5073,#5074));
#1065=EDGE_LOOP('',(#5075,#5076,#5077,#5078));
#1066=EDGE_LOOP('',(#5079,#5080,#5081,#5082));
#1067=EDGE_LOOP('',(#5083,#5084,#5085,#5086));
#1068=EDGE_LOOP('',(#5087,#5088,#5089,#5090));
#1069=EDGE_LOOP('',(#5091,#5092,#5093,#5094));
#1070=EDGE_LOOP('',(#5095,#5096,#5097));
#1071=EDGE_LOOP('',(#5098,#5099,#5100));
#1072=EDGE_LOOP('',(#5101,#5102,#5103,#5104));
#1073=EDGE_LOOP('',(#5105,#5106,#5107,#5108));
#1074=EDGE_LOOP('',(#5109,#5110,#5111));
#1075=EDGE_LOOP('',(#5112,#5113,#5114));
#1076=EDGE_LOOP('',(#5115,#5116,#5117,#5118));
#1077=EDGE_LOOP('',(#5119));
#1078=EDGE_LOOP('',(#5120,#5121,#5122,#5123));
#1079=EDGE_LOOP('',(#5124,#5125,#5126,#5127));
#1080=EDGE_LOOP('',(#5128));
#1081=EDGE_LOOP('',(#5129,#5130,#5131,#5132));
#1082=EDGE_LOOP('',(#5133,#5134,#5135,#5136));
#1083=EDGE_LOOP('',(#5137));
#1084=EDGE_LOOP('',(#5138));
#1085=EDGE_LOOP('',(#5139,#5140,#5141,#5142));
#1086=EDGE_LOOP('',(#5143,#5144,#5145,#5146));
#1087=EDGE_LOOP('',(#5147,#5148,#5149,#5150));
#1088=EDGE_LOOP('',(#5151,#5152,#5153,#5154));
#1089=EDGE_LOOP('',(#5155,#5156,#5157,#5158));
#1090=EDGE_LOOP('',(#5159,#5160,#5161,#5162));
#1091=EDGE_LOOP('',(#5163,#5164,#5165,#5166));
#1092=EDGE_LOOP('',(#5167,#5168,#5169,#5170));
#1093=EDGE_LOOP('',(#5171,#5172,#5173,#5174));
#1094=EDGE_LOOP('',(#5175,#5176,#5177,#5178,#5179,#5180));
#1095=EDGE_LOOP('',(#5181,#5182,#5183,#5184,#5185,#5186));
#1096=EDGE_LOOP('',(#5187,#5188,#5189,#5190,#5191,#5192,#5193,#5194));
#1097=EDGE_LOOP('',(#5195,#5196,#5197,#5198,#5199,#5200,#5201,#5202));
#1098=EDGE_LOOP('',(#5203,#5204,#5205,#5206));
#1099=EDGE_LOOP('',(#5207,#5208,#5209,#5210));
#1100=EDGE_LOOP('',(#5211,#5212,#5213,#5214));
#1101=EDGE_LOOP('',(#5215,#5216,#5217,#5218));
#1102=EDGE_LOOP('',(#5219,#5220,#5221,#5222));
#1103=EDGE_LOOP('',(#5223,#5224,#5225,#5226,#5227,#5228,#5229,#5230,#5231,
#5232,#5233,#5234));
#1104=EDGE_LOOP('',(#5235,#5236,#5237,#5238,#5239,#5240,#5241,#5242,#5243,
#5244,#5245,#5246));
#1105=EDGE_LOOP('',(#5247));
#1106=EDGE_LOOP('',(#5248,#5249,#5250,#5251));
#1107=EDGE_LOOP('',(#5252,#5253,#5254,#5255));
#1108=EDGE_LOOP('',(#5256));
#1109=EDGE_LOOP('',(#5257));
#1110=EDGE_LOOP('',(#5258,#5259,#5260,#5261));
#1111=EDGE_LOOP('',(#5262));
#1112=EDGE_LOOP('',(#5263));
#1113=EDGE_LOOP('',(#5264,#5265,#5266,#5267,#5268,#5269,#5270,#5271,#5272,
#5273,#5274,#5275,#5276,#5277,#5278,#5279,#5280,#5281,#5282,#5283));
#1114=EDGE_LOOP('',(#5284,#5285,#5286,#5287));
#1115=EDGE_LOOP('',(#5288,#5289,#5290,#5291));
#1116=EDGE_LOOP('',(#5292,#5293,#5294,#5295,#5296,#5297,#5298,#5299,#5300,
#5301,#5302,#5303,#5304,#5305,#5306,#5307,#5308,#5309,#5310,#5311,#5312,
#5313,#5314,#5315,#5316,#5317,#5318,#5319,#5320,#5321,#5322,#5323));
#1117=EDGE_LOOP('',(#5324,#5325,#5326,#5327));
#1118=EDGE_LOOP('',(#5328,#5329,#5330,#5331));
#1119=EDGE_LOOP('',(#5332,#5333,#5334,#5335));
#1120=EDGE_LOOP('',(#5336,#5337,#5338,#5339));
#1121=EDGE_LOOP('',(#5340,#5341,#5342,#5343,#5344));
#1122=EDGE_LOOP('',(#5345,#5346,#5347,#5348));
#1123=EDGE_LOOP('',(#5349,#5350,#5351,#5352));
#1124=EDGE_LOOP('',(#5353,#5354,#5355,#5356));
#1125=EDGE_LOOP('',(#5357,#5358,#5359,#5360));
#1126=EDGE_LOOP('',(#5361,#5362,#5363,#5364));
#1127=EDGE_LOOP('',(#5365,#5366,#5367,#5368,#5369,#5370,#5371,#5372));
#1128=EDGE_LOOP('',(#5373,#5374,#5375,#5376,#5377,#5378,#5379));
#1129=EDGE_LOOP('',(#5380,#5381,#5382,#5383));
#1130=EDGE_LOOP('',(#5384,#5385,#5386,#5387,#5388,#5389,#5390));
#1131=EDGE_LOOP('',(#5391,#5392,#5393,#5394,#5395,#5396,#5397,#5398));
#1132=EDGE_LOOP('',(#5399,#5400,#5401,#5402));
#1133=EDGE_LOOP('',(#5403,#5404,#5405,#5406));
#1134=EDGE_LOOP('',(#5407,#5408,#5409,#5410));
#1135=EDGE_LOOP('',(#5411,#5412,#5413,#5414,#5415,#5416,#5417,#5418));
#1136=EDGE_LOOP('',(#5419,#5420,#5421,#5422,#5423,#5424,#5425));
#1137=EDGE_LOOP('',(#5426,#5427,#5428,#5429));
#1138=EDGE_LOOP('',(#5430,#5431,#5432,#5433,#5434,#5435,#5436));
#1139=EDGE_LOOP('',(#5437,#5438,#5439,#5440,#5441,#5442,#5443,#5444));
#1140=EDGE_LOOP('',(#5445,#5446,#5447,#5448));
#1141=EDGE_LOOP('',(#5449,#5450,#5451,#5452));
#1142=EDGE_LOOP('',(#5453,#5454,#5455,#5456));
#1143=EDGE_LOOP('',(#5457,#5458,#5459,#5460));
#1144=EDGE_LOOP('',(#5461,#5462,#5463,#5464));
#1145=EDGE_LOOP('',(#5465,#5466,#5467,#5468));
#1146=EDGE_LOOP('',(#5469,#5470,#5471,#5472));
#1147=EDGE_LOOP('',(#5473,#5474,#5475,#5476));
#1148=EDGE_LOOP('',(#5477,#5478,#5479,#5480));
#1149=EDGE_LOOP('',(#5481,#5482,#5483,#5484));
#1150=EDGE_LOOP('',(#5485,#5486,#5487,#5488));
#1151=EDGE_LOOP('',(#5489,#5490,#5491,#5492));
#1152=EDGE_LOOP('',(#5493,#5494,#5495,#5496));
#1153=EDGE_LOOP('',(#5497,#5498));
#1154=EDGE_LOOP('',(#5499,#5500,#5501,#5502));
#1155=EDGE_LOOP('',(#5503,#5504));
#1156=EDGE_LOOP('',(#5505,#5506,#5507,#5508));
#1157=EDGE_LOOP('',(#5509,#5510,#5511,#5512,#5513,#5514,#5515,#5516,#5517,
#5518,#5519,#5520));
#1158=EDGE_LOOP('',(#5521,#5522,#5523,#5524));
#1159=EDGE_LOOP('',(#5525,#5526,#5527,#5528));
#1160=EDGE_LOOP('',(#5529,#5530,#5531,#5532));
#1161=EDGE_LOOP('',(#5533,#5534,#5535,#5536));
#1162=EDGE_LOOP('',(#5537,#5538,#5539,#5540,#5541,#5542,#5543,#5544));
#1163=LINE('',#8303,#1791);
#1164=LINE('',#8376,#1792);
#1165=LINE('',#8378,#1793);
#1166=LINE('',#8380,#1794);
#1167=LINE('',#8381,#1795);
#1168=LINE('',#8391,#1796);
#1169=LINE('',#8393,#1797);
#1170=LINE('',#8394,#1798);
#1171=LINE('',#8397,#1799);
#1172=LINE('',#8398,#1800);
#1173=LINE('',#8401,#1801);
#1174=LINE('',#8402,#1802);
#1175=LINE('',#8404,#1803);
#1176=LINE('',#8407,#1804);
#1177=LINE('',#8413,#1805);
#1178=LINE('',#8419,#1806);
#1179=LINE('',#8426,#1807);
#1180=LINE('',#8428,#1808);
#1181=LINE('',#8430,#1809);
#1182=LINE('',#8432,#1810);
#1183=LINE('',#8434,#1811);
#1184=LINE('',#8436,#1812);
#1185=LINE('',#8438,#1813);
#1186=LINE('',#8439,#1814);
#1187=LINE('',#8640,#1815);
#1188=LINE('',#8642,#1816);
#1189=LINE('',#8643,#1817);
#1190=LINE('',#8646,#1818);
#1191=LINE('',#8647,#1819);
#1192=LINE('',#8650,#1820);
#1193=LINE('',#8651,#1821);
#1194=LINE('',#8654,#1822);
#1195=LINE('',#8655,#1823);
#1196=LINE('',#8658,#1824);
#1197=LINE('',#8659,#1825);
#1198=LINE('',#8662,#1826);
#1199=LINE('',#8663,#1827);
#1200=LINE('',#8666,#1828);
#1201=LINE('',#8667,#1829);
#1202=LINE('',#8669,#1830);
#1203=LINE('',#8676,#1831);
#1204=LINE('',#8678,#1832);
#1205=LINE('',#8680,#1833);
#1206=LINE('',#8682,#1834);
#1207=LINE('',#8683,#1835);
#1208=LINE('',#8686,#1836);
#1209=LINE('',#8688,#1837);
#1210=LINE('',#8690,#1838);
#1211=LINE('',#8692,#1839);
#1212=LINE('',#8693,#1840);
#1213=LINE('',#8696,#1841);
#1214=LINE('',#8698,#1842);
#1215=LINE('',#8700,#1843);
#1216=LINE('',#8702,#1844);
#1217=LINE('',#8703,#1845);
#1218=LINE('',#8706,#1846);
#1219=LINE('',#8708,#1847);
#1220=LINE('',#8710,#1848);
#1221=LINE('',#8712,#1849);
#1222=LINE('',#8713,#1850);
#1223=LINE('',#8716,#1851);
#1224=LINE('',#8718,#1852);
#1225=LINE('',#8719,#1853);
#1226=LINE('',#8722,#1854);
#1227=LINE('',#8723,#1855);
#1228=LINE('',#8726,#1856);
#1229=LINE('',#8727,#1857);
#1230=LINE('',#8730,#1858);
#1231=LINE('',#8731,#1859);
#1232=LINE('',#8733,#1860);
#1233=LINE('',#8736,#1861);
#1234=LINE('',#8738,#1862);
#1235=LINE('',#8739,#1863);
#1236=LINE('',#8742,#1864);
#1237=LINE('',#8743,#1865);
#1238=LINE('',#8746,#1866);
#1239=LINE('',#8747,#1867);
#1240=LINE('',#8750,#1868);
#1241=LINE('',#8751,#1869);
#1242=LINE('',#8753,#1870);
#1243=LINE('',#8756,#1871);
#1244=LINE('',#8758,#1872);
#1245=LINE('',#8759,#1873);
#1246=LINE('',#8762,#1874);
#1247=LINE('',#8763,#1875);
#1248=LINE('',#8766,#1876);
#1249=LINE('',#8767,#1877);
#1250=LINE('',#8770,#1878);
#1251=LINE('',#8771,#1879);
#1252=LINE('',#8773,#1880);
#1253=LINE('',#8776,#1881);
#1254=LINE('',#8778,#1882);
#1255=LINE('',#8779,#1883);
#1256=LINE('',#8782,#1884);
#1257=LINE('',#8783,#1885);
#1258=LINE('',#8786,#1886);
#1259=LINE('',#8787,#1887);
#1260=LINE('',#8790,#1888);
#1261=LINE('',#8791,#1889);
#1262=LINE('',#8793,#1890);
#1263=LINE('',#8802,#1891);
#1264=LINE('',#8804,#1892);
#1265=LINE('',#8806,#1893);
#1266=LINE('',#8807,#1894);
#1267=LINE('',#8812,#1895);
#1268=LINE('',#8816,#1896);
#1269=LINE('',#8818,#1897);
#1270=LINE('',#8819,#1898);
#1271=LINE('',#8824,#1899);
#1272=LINE('',#8828,#1900);
#1273=LINE('',#8830,#1901);
#1274=LINE('',#8831,#1902);
#1275=LINE('',#8836,#1903);
#1276=LINE('',#8840,#1904);
#1277=LINE('',#8842,#1905);
#1278=LINE('',#8843,#1906);
#1279=LINE('',#8851,#1907);
#1280=LINE('',#8857,#1908);
#1281=LINE('',#8863,#1909);
#1282=LINE('',#8869,#1910);
#1283=LINE('',#8875,#1911);
#1284=LINE('',#8883,#1912);
#1285=LINE('',#8887,#1913);
#1286=LINE('',#8891,#1914);
#1287=LINE('',#8895,#1915);
#1288=LINE('',#8899,#1916);
#1289=LINE('',#8901,#1917);
#1290=LINE('',#8903,#1918);
#1291=LINE('',#8904,#1919);
#1292=LINE('',#8907,#1920);
#1293=LINE('',#8909,#1921);
#1294=LINE('',#8910,#1922);
#1295=LINE('',#8914,#1923);
#1296=LINE('',#8917,#1924);
#1297=LINE('',#8921,#1925);
#1298=LINE('',#8922,#1926);
#1299=LINE('',#8925,#1927);
#1300=LINE('',#8926,#1928);
#1301=LINE('',#8930,#1929);
#1302=LINE('',#8933,#1930);
#1303=LINE('',#8936,#1931);
#1304=LINE('',#8939,#1932);
#1305=LINE('',#8941,#1933);
#1306=LINE('',#8942,#1934);
#1307=LINE('',#8945,#1935);
#1308=LINE('',#8946,#1936);
#1309=LINE('',#8949,#1937);
#1310=LINE('',#8950,#1938);
#1311=LINE('',#8952,#1939);
#1312=LINE('',#8957,#1940);
#1313=LINE('',#8965,#1941);
#1314=LINE('',#8970,#1942);
#1315=LINE('',#8976,#1943);
#1316=LINE('',#8986,#1944);
#1317=LINE('',#8990,#1945);
#1318=LINE('',#8997,#1946);
#1319=LINE('',#8999,#1947);
#1320=LINE('',#9001,#1948);
#1321=LINE('',#9002,#1949);
#1322=LINE('',#9005,#1950);
#1323=LINE('',#9007,#1951);
#1324=LINE('',#9008,#1952);
#1325=LINE('',#9011,#1953);
#1326=LINE('',#9013,#1954);
#1327=LINE('',#9014,#1955);
#1328=LINE('',#9019,#1956);
#1329=LINE('',#9025,#1957);
#1330=LINE('',#9029,#1958);
#1331=LINE('',#9031,#1959);
#1332=LINE('',#9032,#1960);
#1333=LINE('',#9035,#1961);
#1334=LINE('',#9037,#1962);
#1335=LINE('',#9038,#1963);
#1336=LINE('',#9043,#1964);
#1337=LINE('',#9049,#1965);
#1338=LINE('',#9053,#1966);
#1339=LINE('',#9055,#1967);
#1340=LINE('',#9057,#1968);
#1341=LINE('',#9059,#1969);
#1342=LINE('',#9060,#1970);
#1343=LINE('',#9063,#1971);
#1344=LINE('',#9065,#1972);
#1345=LINE('',#9067,#1973);
#1346=LINE('',#9069,#1974);
#1347=LINE('',#9070,#1975);
#1348=LINE('',#9074,#1976);
#1349=LINE('',#9076,#1977);
#1350=LINE('',#9080,#1978);
#1351=LINE('',#9081,#1979);
#1352=LINE('',#9085,#1980);
#1353=LINE('',#9087,#1981);
#1354=LINE('',#9089,#1982);
#1355=LINE('',#9091,#1983);
#1356=LINE('',#9094,#1984);
#1357=LINE('',#9096,#1985);
#1358=LINE('',#9122,#1986);
#1359=LINE('',#9129,#1987);
#1360=LINE('',#9138,#1988);
#1361=LINE('',#9142,#1989);
#1362=LINE('',#9146,#1990);
#1363=LINE('',#9150,#1991);
#1364=LINE('',#9153,#1992);
#1365=LINE('',#9157,#1993);
#1366=LINE('',#9161,#1994);
#1367=LINE('',#9165,#1995);
#1368=LINE('',#9168,#1996);
#1369=LINE('',#9171,#1997);
#1370=LINE('',#9173,#1998);
#1371=LINE('',#9174,#1999);
#1372=LINE('',#9177,#2000);
#1373=LINE('',#9178,#2001);
#1374=LINE('',#9181,#2002);
#1375=LINE('',#9183,#2003);
#1376=LINE('',#9185,#2004);
#1377=LINE('',#9187,#2005);
#1378=LINE('',#9189,#2006);
#1379=LINE('',#9190,#2007);
#1380=LINE('',#9192,#2008);
#1381=LINE('',#9194,#2009);
#1382=LINE('',#9196,#2010);
#1383=LINE('',#9198,#2011);
#1384=LINE('',#9200,#2012);
#1385=LINE('',#9202,#2013);
#1386=LINE('',#9203,#2014);
#1387=LINE('',#9205,#2015);
#1388=LINE('',#9207,#2016);
#1389=LINE('',#9209,#2017);
#1390=LINE('',#9211,#2018);
#1391=LINE('',#9213,#2019);
#1392=LINE('',#9215,#2020);
#1393=LINE('',#9216,#2021);
#1394=LINE('',#9218,#2022);
#1395=LINE('',#9220,#2023);
#1396=LINE('',#9222,#2024);
#1397=LINE('',#9224,#2025);
#1398=LINE('',#9226,#2026);
#1399=LINE('',#9228,#2027);
#1400=LINE('',#9229,#2028);
#1401=LINE('',#9232,#2029);
#1402=LINE('',#9233,#2030);
#1403=LINE('',#9236,#2031);
#1404=LINE('',#9237,#2032);
#1405=LINE('',#9239,#2033);
#1406=LINE('',#9242,#2034);
#1407=LINE('',#9243,#2035);
#1408=LINE('',#9246,#2036);
#1409=LINE('',#9247,#2037);
#1410=LINE('',#9249,#2038);
#1411=LINE('',#9252,#2039);
#1412=LINE('',#9253,#2040);
#1413=LINE('',#9256,#2041);
#1414=LINE('',#9257,#2042);
#1415=LINE('',#9259,#2043);
#1416=LINE('',#9261,#2044);
#1417=LINE('',#9264,#2045);
#1418=LINE('',#9266,#2046);
#1419=LINE('',#9267,#2047);
#1420=LINE('',#9270,#2048);
#1421=LINE('',#9272,#2049);
#1422=LINE('',#9274,#2050);
#1423=LINE('',#9276,#2051);
#1424=LINE('',#9277,#2052);
#1425=LINE('',#9280,#2053);
#1426=LINE('',#9281,#2054);
#1427=LINE('',#9284,#2055);
#1428=LINE('',#9286,#2056);
#1429=LINE('',#9288,#2057);
#1430=LINE('',#9289,#2058);
#1431=LINE('',#9292,#2059);
#1432=LINE('',#9294,#2060);
#1433=LINE('',#9295,#2061);
#1434=LINE('',#9298,#2062);
#1435=LINE('',#9299,#2063);
#1436=LINE('',#9302,#2064);
#1437=LINE('',#9303,#2065);
#1438=LINE('',#9305,#2066);
#1439=LINE('',#9308,#2067);
#1440=LINE('',#9310,#2068);
#1441=LINE('',#9311,#2069);
#1442=LINE('',#9314,#2070);
#1443=LINE('',#9316,#2071);
#1444=LINE('',#9318,#2072);
#1445=LINE('',#9320,#2073);
#1446=LINE('',#9321,#2074);
#1447=LINE('',#9324,#2075);
#1448=LINE('',#9325,#2076);
#1449=LINE('',#9328,#2077);
#1450=LINE('',#9330,#2078);
#1451=LINE('',#9332,#2079);
#1452=LINE('',#9333,#2080);
#1453=LINE('',#9336,#2081);
#1454=LINE('',#9338,#2082);
#1455=LINE('',#9339,#2083);
#1456=LINE('',#9342,#2084);
#1457=LINE('',#9343,#2085);
#1458=LINE('',#9346,#2086);
#1459=LINE('',#9347,#2087);
#1460=LINE('',#9349,#2088);
#1461=LINE('',#9351,#2089);
#1462=LINE('',#9353,#2090);
#1463=LINE('',#9355,#2091);
#1464=LINE('',#9359,#2092);
#1465=LINE('',#9361,#2093);
#1466=LINE('',#9363,#2094);
#1467=LINE('',#9375,#2095);
#1468=LINE('',#9448,#2096);
#1469=LINE('',#9450,#2097);
#1470=LINE('',#9452,#2098);
#1471=LINE('',#9453,#2099);
#1472=LINE('',#9463,#2100);
#1473=LINE('',#9465,#2101);
#1474=LINE('',#9466,#2102);
#1475=LINE('',#9469,#2103);
#1476=LINE('',#9470,#2104);
#1477=LINE('',#9473,#2105);
#1478=LINE('',#9474,#2106);
#1479=LINE('',#9476,#2107);
#1480=LINE('',#9479,#2108);
#1481=LINE('',#9485,#2109);
#1482=LINE('',#9491,#2110);
#1483=LINE('',#9498,#2111);
#1484=LINE('',#9500,#2112);
#1485=LINE('',#9502,#2113);
#1486=LINE('',#9504,#2114);
#1487=LINE('',#9506,#2115);
#1488=LINE('',#9508,#2116);
#1489=LINE('',#9510,#2117);
#1490=LINE('',#9511,#2118);
#1491=LINE('',#9712,#2119);
#1492=LINE('',#9714,#2120);
#1493=LINE('',#9715,#2121);
#1494=LINE('',#9718,#2122);
#1495=LINE('',#9719,#2123);
#1496=LINE('',#9722,#2124);
#1497=LINE('',#9723,#2125);
#1498=LINE('',#9726,#2126);
#1499=LINE('',#9727,#2127);
#1500=LINE('',#9730,#2128);
#1501=LINE('',#9731,#2129);
#1502=LINE('',#9734,#2130);
#1503=LINE('',#9735,#2131);
#1504=LINE('',#9738,#2132);
#1505=LINE('',#9739,#2133);
#1506=LINE('',#9741,#2134);
#1507=LINE('',#9748,#2135);
#1508=LINE('',#9750,#2136);
#1509=LINE('',#9752,#2137);
#1510=LINE('',#9754,#2138);
#1511=LINE('',#9755,#2139);
#1512=LINE('',#9758,#2140);
#1513=LINE('',#9760,#2141);
#1514=LINE('',#9762,#2142);
#1515=LINE('',#9764,#2143);
#1516=LINE('',#9765,#2144);
#1517=LINE('',#9768,#2145);
#1518=LINE('',#9770,#2146);
#1519=LINE('',#9772,#2147);
#1520=LINE('',#9774,#2148);
#1521=LINE('',#9775,#2149);
#1522=LINE('',#9778,#2150);
#1523=LINE('',#9780,#2151);
#1524=LINE('',#9782,#2152);
#1525=LINE('',#9784,#2153);
#1526=LINE('',#9785,#2154);
#1527=LINE('',#9788,#2155);
#1528=LINE('',#9790,#2156);
#1529=LINE('',#9791,#2157);
#1530=LINE('',#9794,#2158);
#1531=LINE('',#9795,#2159);
#1532=LINE('',#9798,#2160);
#1533=LINE('',#9799,#2161);
#1534=LINE('',#9802,#2162);
#1535=LINE('',#9803,#2163);
#1536=LINE('',#9805,#2164);
#1537=LINE('',#9808,#2165);
#1538=LINE('',#9810,#2166);
#1539=LINE('',#9811,#2167);
#1540=LINE('',#9814,#2168);
#1541=LINE('',#9815,#2169);
#1542=LINE('',#9818,#2170);
#1543=LINE('',#9819,#2171);
#1544=LINE('',#9822,#2172);
#1545=LINE('',#9823,#2173);
#1546=LINE('',#9825,#2174);
#1547=LINE('',#9828,#2175);
#1548=LINE('',#9830,#2176);
#1549=LINE('',#9831,#2177);
#1550=LINE('',#9834,#2178);
#1551=LINE('',#9835,#2179);
#1552=LINE('',#9838,#2180);
#1553=LINE('',#9839,#2181);
#1554=LINE('',#9842,#2182);
#1555=LINE('',#9843,#2183);
#1556=LINE('',#9845,#2184);
#1557=LINE('',#9848,#2185);
#1558=LINE('',#9850,#2186);
#1559=LINE('',#9851,#2187);
#1560=LINE('',#9854,#2188);
#1561=LINE('',#9855,#2189);
#1562=LINE('',#9858,#2190);
#1563=LINE('',#9859,#2191);
#1564=LINE('',#9862,#2192);
#1565=LINE('',#9863,#2193);
#1566=LINE('',#9865,#2194);
#1567=LINE('',#9874,#2195);
#1568=LINE('',#9876,#2196);
#1569=LINE('',#9878,#2197);
#1570=LINE('',#9879,#2198);
#1571=LINE('',#9884,#2199);
#1572=LINE('',#9888,#2200);
#1573=LINE('',#9890,#2201);
#1574=LINE('',#9891,#2202);
#1575=LINE('',#9896,#2203);
#1576=LINE('',#9900,#2204);
#1577=LINE('',#9902,#2205);
#1578=LINE('',#9903,#2206);
#1579=LINE('',#9908,#2207);
#1580=LINE('',#9912,#2208);
#1581=LINE('',#9914,#2209);
#1582=LINE('',#9915,#2210);
#1583=LINE('',#9923,#2211);
#1584=LINE('',#9929,#2212);
#1585=LINE('',#9935,#2213);
#1586=LINE('',#9941,#2214);
#1587=LINE('',#9947,#2215);
#1588=LINE('',#9955,#2216);
#1589=LINE('',#9959,#2217);
#1590=LINE('',#9963,#2218);
#1591=LINE('',#9967,#2219);
#1592=LINE('',#9971,#2220);
#1593=LINE('',#9973,#2221);
#1594=LINE('',#9975,#2222);
#1595=LINE('',#9976,#2223);
#1596=LINE('',#9979,#2224);
#1597=LINE('',#9981,#2225);
#1598=LINE('',#9982,#2226);
#1599=LINE('',#9986,#2227);
#1600=LINE('',#9989,#2228);
#1601=LINE('',#9993,#2229);
#1602=LINE('',#9994,#2230);
#1603=LINE('',#9997,#2231);
#1604=LINE('',#9998,#2232);
#1605=LINE('',#10002,#2233);
#1606=LINE('',#10005,#2234);
#1607=LINE('',#10008,#2235);
#1608=LINE('',#10011,#2236);
#1609=LINE('',#10013,#2237);
#1610=LINE('',#10014,#2238);
#1611=LINE('',#10017,#2239);
#1612=LINE('',#10018,#2240);
#1613=LINE('',#10021,#2241);
#1614=LINE('',#10022,#2242);
#1615=LINE('',#10024,#2243);
#1616=LINE('',#10029,#2244);
#1617=LINE('',#10037,#2245);
#1618=LINE('',#10042,#2246);
#1619=LINE('',#10048,#2247);
#1620=LINE('',#10058,#2248);
#1621=LINE('',#10062,#2249);
#1622=LINE('',#10069,#2250);
#1623=LINE('',#10071,#2251);
#1624=LINE('',#10073,#2252);
#1625=LINE('',#10074,#2253);
#1626=LINE('',#10077,#2254);
#1627=LINE('',#10079,#2255);
#1628=LINE('',#10080,#2256);
#1629=LINE('',#10083,#2257);
#1630=LINE('',#10085,#2258);
#1631=LINE('',#10086,#2259);
#1632=LINE('',#10091,#2260);
#1633=LINE('',#10097,#2261);
#1634=LINE('',#10101,#2262);
#1635=LINE('',#10103,#2263);
#1636=LINE('',#10104,#2264);
#1637=LINE('',#10107,#2265);
#1638=LINE('',#10109,#2266);
#1639=LINE('',#10110,#2267);
#1640=LINE('',#10115,#2268);
#1641=LINE('',#10121,#2269);
#1642=LINE('',#10125,#2270);
#1643=LINE('',#10127,#2271);
#1644=LINE('',#10129,#2272);
#1645=LINE('',#10131,#2273);
#1646=LINE('',#10132,#2274);
#1647=LINE('',#10135,#2275);
#1648=LINE('',#10137,#2276);
#1649=LINE('',#10139,#2277);
#1650=LINE('',#10141,#2278);
#1651=LINE('',#10142,#2279);
#1652=LINE('',#10146,#2280);
#1653=LINE('',#10148,#2281);
#1654=LINE('',#10152,#2282);
#1655=LINE('',#10153,#2283);
#1656=LINE('',#10157,#2284);
#1657=LINE('',#10159,#2285);
#1658=LINE('',#10161,#2286);
#1659=LINE('',#10163,#2287);
#1660=LINE('',#10166,#2288);
#1661=LINE('',#10168,#2289);
#1662=LINE('',#10194,#2290);
#1663=LINE('',#10201,#2291);
#1664=LINE('',#10210,#2292);
#1665=LINE('',#10214,#2293);
#1666=LINE('',#10218,#2294);
#1667=LINE('',#10222,#2295);
#1668=LINE('',#10225,#2296);
#1669=LINE('',#10229,#2297);
#1670=LINE('',#10233,#2298);
#1671=LINE('',#10237,#2299);
#1672=LINE('',#10240,#2300);
#1673=LINE('',#10243,#2301);
#1674=LINE('',#10245,#2302);
#1675=LINE('',#10246,#2303);
#1676=LINE('',#10249,#2304);
#1677=LINE('',#10250,#2305);
#1678=LINE('',#10253,#2306);
#1679=LINE('',#10255,#2307);
#1680=LINE('',#10257,#2308);
#1681=LINE('',#10259,#2309);
#1682=LINE('',#10261,#2310);
#1683=LINE('',#10262,#2311);
#1684=LINE('',#10264,#2312);
#1685=LINE('',#10266,#2313);
#1686=LINE('',#10268,#2314);
#1687=LINE('',#10270,#2315);
#1688=LINE('',#10272,#2316);
#1689=LINE('',#10274,#2317);
#1690=LINE('',#10275,#2318);
#1691=LINE('',#10277,#2319);
#1692=LINE('',#10279,#2320);
#1693=LINE('',#10281,#2321);
#1694=LINE('',#10283,#2322);
#1695=LINE('',#10285,#2323);
#1696=LINE('',#10287,#2324);
#1697=LINE('',#10288,#2325);
#1698=LINE('',#10290,#2326);
#1699=LINE('',#10292,#2327);
#1700=LINE('',#10294,#2328);
#1701=LINE('',#10296,#2329);
#1702=LINE('',#10298,#2330);
#1703=LINE('',#10300,#2331);
#1704=LINE('',#10301,#2332);
#1705=LINE('',#10304,#2333);
#1706=LINE('',#10305,#2334);
#1707=LINE('',#10308,#2335);
#1708=LINE('',#10309,#2336);
#1709=LINE('',#10311,#2337);
#1710=LINE('',#10314,#2338);
#1711=LINE('',#10315,#2339);
#1712=LINE('',#10318,#2340);
#1713=LINE('',#10319,#2341);
#1714=LINE('',#10321,#2342);
#1715=LINE('',#10324,#2343);
#1716=LINE('',#10325,#2344);
#1717=LINE('',#10328,#2345);
#1718=LINE('',#10329,#2346);
#1719=LINE('',#10331,#2347);
#1720=LINE('',#10333,#2348);
#1721=LINE('',#10336,#2349);
#1722=LINE('',#10338,#2350);
#1723=LINE('',#10339,#2351);
#1724=LINE('',#10342,#2352);
#1725=LINE('',#10344,#2353);
#1726=LINE('',#10346,#2354);
#1727=LINE('',#10348,#2355);
#1728=LINE('',#10349,#2356);
#1729=LINE('',#10352,#2357);
#1730=LINE('',#10353,#2358);
#1731=LINE('',#10356,#2359);
#1732=LINE('',#10358,#2360);
#1733=LINE('',#10360,#2361);
#1734=LINE('',#10361,#2362);
#1735=LINE('',#10364,#2363);
#1736=LINE('',#10366,#2364);
#1737=LINE('',#10367,#2365);
#1738=LINE('',#10370,#2366);
#1739=LINE('',#10371,#2367);
#1740=LINE('',#10374,#2368);
#1741=LINE('',#10375,#2369);
#1742=LINE('',#10377,#2370);
#1743=LINE('',#10380,#2371);
#1744=LINE('',#10382,#2372);
#1745=LINE('',#10383,#2373);
#1746=LINE('',#10386,#2374);
#1747=LINE('',#10388,#2375);
#1748=LINE('',#10390,#2376);
#1749=LINE('',#10392,#2377);
#1750=LINE('',#10393,#2378);
#1751=LINE('',#10396,#2379);
#1752=LINE('',#10397,#2380);
#1753=LINE('',#10400,#2381);
#1754=LINE('',#10402,#2382);
#1755=LINE('',#10404,#2383);
#1756=LINE('',#10405,#2384);
#1757=LINE('',#10408,#2385);
#1758=LINE('',#10410,#2386);
#1759=LINE('',#10411,#2387);
#1760=LINE('',#10414,#2388);
#1761=LINE('',#10415,#2389);
#1762=LINE('',#10418,#2390);
#1763=LINE('',#10419,#2391);
#1764=LINE('',#10421,#2392);
#1765=LINE('',#10423,#2393);
#1766=LINE('',#10425,#2394);
#1767=LINE('',#10427,#2395);
#1768=LINE('',#10431,#2396);
#1769=LINE('',#10433,#2397);
#1770=LINE('',#10435,#2398);
#1771=LINE('',#10443,#2399);
#1772=LINE('',#10447,#2400);
#1773=LINE('',#10450,#2401);
#1774=LINE('',#10454,#2402);
#1775=LINE('',#10458,#2403);
#1776=LINE('',#10461,#2404);
#1777=LINE('',#10463,#2405);
#1778=LINE('',#10465,#2406);
#1779=LINE('',#10467,#2407);
#1780=LINE('',#10469,#2408);
#1781=LINE('',#10471,#2409);
#1782=LINE('',#10472,#2410);
#1783=LINE('',#10475,#2411);
#1784=LINE('',#10477,#2412);
#1785=LINE('',#10478,#2413);
#1786=LINE('',#10482,#2414);
#1787=LINE('',#10483,#2415);
#1788=LINE('',#10484,#2416);
#1789=LINE('',#10486,#2417);
#1790=LINE('',#10488,#2418);
#1791=VECTOR('',#6607,0.65);
#1792=VECTOR('',#6618,1.);
#1793=VECTOR('',#6619,1.);
#1794=VECTOR('',#6620,1.);
#1795=VECTOR('',#6621,1.);
#1796=VECTOR('',#6632,1.);
#1797=VECTOR('',#6633,1.);
#1798=VECTOR('',#6634,1.);
#1799=VECTOR('',#6637,1.);
#1800=VECTOR('',#6638,1.);
#1801=VECTOR('',#6641,1.);
#1802=VECTOR('',#6642,1.);
#1803=VECTOR('',#6645,1.);
#1804=VECTOR('',#6648,0.65);
#1805=VECTOR('',#6655,0.65);
#1806=VECTOR('',#6662,0.65);
#1807=VECTOR('',#6669,1.);
#1808=VECTOR('',#6670,1.00000000000064);
#1809=VECTOR('',#6671,1.);
#1810=VECTOR('',#6672,1.00000000000064);
#1811=VECTOR('',#6673,1.);
#1812=VECTOR('',#6674,1.00000000000064);
#1813=VECTOR('',#6675,1.);
#1814=VECTOR('',#6676,1.00000000000064);
#1815=VECTOR('',#6691,1.);
#1816=VECTOR('',#6692,1.);
#1817=VECTOR('',#6693,1.);
#1818=VECTOR('',#6696,1.);
#1819=VECTOR('',#6697,1.00000000000064);
#1820=VECTOR('',#6700,1.00000000000064);
#1821=VECTOR('',#6701,1.);
#1822=VECTOR('',#6704,1.);
#1823=VECTOR('',#6705,1.);
#1824=VECTOR('',#6708,1.);
#1825=VECTOR('',#6709,1.);
#1826=VECTOR('',#6712,1.);
#1827=VECTOR('',#6713,1.00000000000064);
#1828=VECTOR('',#6716,1.00000000000064);
#1829=VECTOR('',#6717,1.);
#1830=VECTOR('',#6720,1.);
#1831=VECTOR('',#6729,1.);
#1832=VECTOR('',#6730,1.00000000000064);
#1833=VECTOR('',#6731,1.);
#1834=VECTOR('',#6732,1.);
#1835=VECTOR('',#6733,1.);
#1836=VECTOR('',#6734,1.);
#1837=VECTOR('',#6735,1.00000000000064);
#1838=VECTOR('',#6736,1.);
#1839=VECTOR('',#6737,1.);
#1840=VECTOR('',#6738,1.);
#1841=VECTOR('',#6739,1.);
#1842=VECTOR('',#6740,1.00000000000064);
#1843=VECTOR('',#6741,1.);
#1844=VECTOR('',#6742,1.);
#1845=VECTOR('',#6743,1.);
#1846=VECTOR('',#6744,1.);
#1847=VECTOR('',#6745,1.00000000000064);
#1848=VECTOR('',#6746,1.);
#1849=VECTOR('',#6747,1.);
#1850=VECTOR('',#6748,1.);
#1851=VECTOR('',#6751,1.);
#1852=VECTOR('',#6752,1.);
#1853=VECTOR('',#6753,1.);
#1854=VECTOR('',#6756,1.);
#1855=VECTOR('',#6757,1.00000000000064);
#1856=VECTOR('',#6760,1.);
#1857=VECTOR('',#6761,1.);
#1858=VECTOR('',#6764,1.);
#1859=VECTOR('',#6765,1.);
#1860=VECTOR('',#6768,1.);
#1861=VECTOR('',#6771,1.);
#1862=VECTOR('',#6772,1.);
#1863=VECTOR('',#6773,1.);
#1864=VECTOR('',#6776,1.);
#1865=VECTOR('',#6777,1.00000000000064);
#1866=VECTOR('',#6780,1.);
#1867=VECTOR('',#6781,1.);
#1868=VECTOR('',#6784,1.);
#1869=VECTOR('',#6785,1.);
#1870=VECTOR('',#6788,1.);
#1871=VECTOR('',#6791,1.);
#1872=VECTOR('',#6792,1.);
#1873=VECTOR('',#6793,1.);
#1874=VECTOR('',#6796,1.);
#1875=VECTOR('',#6797,1.00000000000064);
#1876=VECTOR('',#6800,1.);
#1877=VECTOR('',#6801,1.);
#1878=VECTOR('',#6804,1.);
#1879=VECTOR('',#6805,1.);
#1880=VECTOR('',#6808,1.);
#1881=VECTOR('',#6811,1.);
#1882=VECTOR('',#6812,1.);
#1883=VECTOR('',#6813,1.);
#1884=VECTOR('',#6816,1.);
#1885=VECTOR('',#6817,1.00000000000064);
#1886=VECTOR('',#6820,1.);
#1887=VECTOR('',#6821,1.);
#1888=VECTOR('',#6824,1.);
#1889=VECTOR('',#6825,1.);
#1890=VECTOR('',#6828,1.);
#1891=VECTOR('',#6841,1.);
#1892=VECTOR('',#6842,1.);
#1893=VECTOR('',#6843,1.);
#1894=VECTOR('',#6844,1.);
#1895=VECTOR('',#6849,1.);
#1896=VECTOR('',#6854,1.);
#1897=VECTOR('',#6855,1.);
#1898=VECTOR('',#6856,1.);
#1899=VECTOR('',#6861,1.);
#1900=VECTOR('',#6866,1.);
#1901=VECTOR('',#6867,1.);
#1902=VECTOR('',#6868,1.);
#1903=VECTOR('',#6873,1.);
#1904=VECTOR('',#6878,1.);
#1905=VECTOR('',#6879,1.);
#1906=VECTOR('',#6880,1.);
#1907=VECTOR('',#6891,3.5);
#1908=VECTOR('',#6898,0.6);
#1909=VECTOR('',#6905,0.6);
#1910=VECTOR('',#6912,0.6);
#1911=VECTOR('',#6919,0.6);
#1912=VECTOR('',#6930,1.);
#1913=VECTOR('',#6933,1.);
#1914=VECTOR('',#6936,1.);
#1915=VECTOR('',#6939,1.);
#1916=VECTOR('',#6942,1.);
#1917=VECTOR('',#6943,1.);
#1918=VECTOR('',#6944,1.);
#1919=VECTOR('',#6945,1.);
#1920=VECTOR('',#6948,1.);
#1921=VECTOR('',#6949,1.);
#1922=VECTOR('',#6950,1.);
#1923=VECTOR('',#6955,1.);
#1924=VECTOR('',#6958,1.);
#1925=VECTOR('',#6963,1.);
#1926=VECTOR('',#6964,1.);
#1927=VECTOR('',#6967,1.);
#1928=VECTOR('',#6968,1.);
#1929=VECTOR('',#6973,1.);
#1930=VECTOR('',#6976,1.);
#1931=VECTOR('',#6981,1.);
#1932=VECTOR('',#6984,1.);
#1933=VECTOR('',#6985,1.);
#1934=VECTOR('',#6986,1.);
#1935=VECTOR('',#6989,1.);
#1936=VECTOR('',#6990,1.);
#1937=VECTOR('',#6993,1.);
#1938=VECTOR('',#6994,1.);
#1939=VECTOR('',#6997,1.);
#1940=VECTOR('',#7002,1.);
#1941=VECTOR('',#7015,1.);
#1942=VECTOR('',#7022,1.);
#1943=VECTOR('',#7033,1.);
#1944=VECTOR('',#7046,3.5);
#1945=VECTOR('',#7051,0.9);
#1946=VECTOR('',#7060,1.);
#1947=VECTOR('',#7061,1.);
#1948=VECTOR('',#7062,1.);
#1949=VECTOR('',#7063,1.);
#1950=VECTOR('',#7066,1.);
#1951=VECTOR('',#7067,1.);
#1952=VECTOR('',#7068,1.);
#1953=VECTOR('',#7071,1.);
#1954=VECTOR('',#7072,1.);
#1955=VECTOR('',#7073,1.);
#1956=VECTOR('',#7078,1.);
#1957=VECTOR('',#7085,1.);
#1958=VECTOR('',#7090,1.0000000000002);
#1959=VECTOR('',#7091,1.);
#1960=VECTOR('',#7092,1.0000000000002);
#1961=VECTOR('',#7095,1.0000000000002);
#1962=VECTOR('',#7096,1.);
#1963=VECTOR('',#7097,1.0000000000002);
#1964=VECTOR('',#7102,1.);
#1965=VECTOR('',#7109,1.);
#1966=VECTOR('',#7114,1.0000000000002);
#1967=VECTOR('',#7115,1.00000000000012);
#1968=VECTOR('',#7116,1.);
#1969=VECTOR('',#7117,1.00000000000012);
#1970=VECTOR('',#7118,1.0000000000002);
#1971=VECTOR('',#7121,1.0000000000002);
#1972=VECTOR('',#7122,1.00000000000012);
#1973=VECTOR('',#7123,1.);
#1974=VECTOR('',#7124,1.00000000000012);
#1975=VECTOR('',#7125,1.0000000000002);
#1976=VECTOR('',#7128,1.00000000000051);
#1977=VECTOR('',#7131,1.);
#1978=VECTOR('',#7134,1.00000000000051);
#1979=VECTOR('',#7135,1.);
#1980=VECTOR('',#7138,1.00000000000051);
#1981=VECTOR('',#7139,1.);
#1982=VECTOR('',#7140,1.00000000000051);
#1983=VECTOR('',#7143,1.);
#1984=VECTOR('',#7148,1.);
#1985=VECTOR('',#7151,1.);
#1986=VECTOR('',#7196,5.736895624738);
#1987=VECTOR('',#7205,6.4);
#1988=VECTOR('',#7214,10.);
#1989=VECTOR('',#7217,10.);
#1990=VECTOR('',#7220,10.);
#1991=VECTOR('',#7223,10.);
#1992=VECTOR('',#7226,4.85);
#1993=VECTOR('',#7229,10.);
#1994=VECTOR('',#7232,10.);
#1995=VECTOR('',#7235,10.);
#1996=VECTOR('',#7238,10.);
#1997=VECTOR('',#7241,1.);
#1998=VECTOR('',#7242,1.);
#1999=VECTOR('',#7243,1.);
#2000=VECTOR('',#7246,1.);
#2001=VECTOR('',#7247,1.);
#2002=VECTOR('',#7250,1.);
#2003=VECTOR('',#7251,1.);
#2004=VECTOR('',#7252,1.);
#2005=VECTOR('',#7253,1.);
#2006=VECTOR('',#7254,1.);
#2007=VECTOR('',#7255,1.);
#2008=VECTOR('',#7256,1.);
#2009=VECTOR('',#7257,1.);
#2010=VECTOR('',#7258,1.);
#2011=VECTOR('',#7259,1.);
#2012=VECTOR('',#7260,1.);
#2013=VECTOR('',#7261,1.);
#2014=VECTOR('',#7262,1.);
#2015=VECTOR('',#7263,1.);
#2016=VECTOR('',#7264,1.);
#2017=VECTOR('',#7265,1.);
#2018=VECTOR('',#7266,1.);
#2019=VECTOR('',#7267,1.);
#2020=VECTOR('',#7268,1.);
#2021=VECTOR('',#7269,1.);
#2022=VECTOR('',#7270,1.);
#2023=VECTOR('',#7271,1.);
#2024=VECTOR('',#7272,1.);
#2025=VECTOR('',#7273,1.);
#2026=VECTOR('',#7274,1.);
#2027=VECTOR('',#7275,1.);
#2028=VECTOR('',#7276,1.);
#2029=VECTOR('',#7279,1.);
#2030=VECTOR('',#7280,1.);
#2031=VECTOR('',#7283,1.);
#2032=VECTOR('',#7284,1.);
#2033=VECTOR('',#7287,1.);
#2034=VECTOR('',#7290,1.);
#2035=VECTOR('',#7291,1.);
#2036=VECTOR('',#7294,1.);
#2037=VECTOR('',#7295,1.);
#2038=VECTOR('',#7298,1.);
#2039=VECTOR('',#7301,1.);
#2040=VECTOR('',#7302,1.);
#2041=VECTOR('',#7305,1.);
#2042=VECTOR('',#7306,1.);
#2043=VECTOR('',#7309,1.);
#2044=VECTOR('',#7312,1.);
#2045=VECTOR('',#7315,1.);
#2046=VECTOR('',#7316,1.);
#2047=VECTOR('',#7317,1.);
#2048=VECTOR('',#7320,1.);
#2049=VECTOR('',#7321,1.);
#2050=VECTOR('',#7322,1.00000000000009);
#2051=VECTOR('',#7323,1.);
#2052=VECTOR('',#7324,0.999999999999887);
#2053=VECTOR('',#7327,1.);
#2054=VECTOR('',#7328,1.);
#2055=VECTOR('',#7331,0.999999999999887);
#2056=VECTOR('',#7332,1.);
#2057=VECTOR('',#7333,1.00000000000009);
#2058=VECTOR('',#7334,1.);
#2059=VECTOR('',#7337,1.);
#2060=VECTOR('',#7338,1.);
#2061=VECTOR('',#7339,1.);
#2062=VECTOR('',#7342,1.);
#2063=VECTOR('',#7343,1.);
#2064=VECTOR('',#7346,1.);
#2065=VECTOR('',#7347,1.);
#2066=VECTOR('',#7350,1.);
#2067=VECTOR('',#7353,1.);
#2068=VECTOR('',#7354,1.);
#2069=VECTOR('',#7355,1.);
#2070=VECTOR('',#7358,1.);
#2071=VECTOR('',#7359,1.);
#2072=VECTOR('',#7360,1.00000000000009);
#2073=VECTOR('',#7361,1.);
#2074=VECTOR('',#7362,0.999999999999887);
#2075=VECTOR('',#7365,1.);
#2076=VECTOR('',#7366,1.);
#2077=VECTOR('',#7369,0.999999999999887);
#2078=VECTOR('',#7370,1.);
#2079=VECTOR('',#7371,1.00000000000009);
#2080=VECTOR('',#7372,1.);
#2081=VECTOR('',#7375,1.);
#2082=VECTOR('',#7376,1.);
#2083=VECTOR('',#7377,1.);
#2084=VECTOR('',#7380,1.);
#2085=VECTOR('',#7381,1.);
#2086=VECTOR('',#7384,1.);
#2087=VECTOR('',#7385,1.);
#2088=VECTOR('',#7388,1.);
#2089=VECTOR('',#7391,1.);
#2090=VECTOR('',#7394,1.);
#2091=VECTOR('',#7397,1.);
#2092=VECTOR('',#7404,1.);
#2093=VECTOR('',#7407,1.);
#2094=VECTOR('',#7410,1.);
#2095=VECTOR('',#7429,0.65);
#2096=VECTOR('',#7440,1.);
#2097=VECTOR('',#7441,1.);
#2098=VECTOR('',#7442,1.);
#2099=VECTOR('',#7443,1.);
#2100=VECTOR('',#7454,1.);
#2101=VECTOR('',#7455,1.);
#2102=VECTOR('',#7456,1.);
#2103=VECTOR('',#7459,1.);
#2104=VECTOR('',#7460,1.);
#2105=VECTOR('',#7463,1.);
#2106=VECTOR('',#7464,1.);
#2107=VECTOR('',#7467,1.);
#2108=VECTOR('',#7470,0.65);
#2109=VECTOR('',#7477,0.65);
#2110=VECTOR('',#7484,0.65);
#2111=VECTOR('',#7491,1.);
#2112=VECTOR('',#7492,1.00000000000064);
#2113=VECTOR('',#7493,1.);
#2114=VECTOR('',#7494,1.00000000000064);
#2115=VECTOR('',#7495,1.);
#2116=VECTOR('',#7496,1.00000000000064);
#2117=VECTOR('',#7497,1.);
#2118=VECTOR('',#7498,1.00000000000064);
#2119=VECTOR('',#7513,1.);
#2120=VECTOR('',#7514,1.);
#2121=VECTOR('',#7515,1.);
#2122=VECTOR('',#7518,1.);
#2123=VECTOR('',#7519,1.00000000000064);
#2124=VECTOR('',#7522,1.00000000000064);
#2125=VECTOR('',#7523,1.);
#2126=VECTOR('',#7526,1.);
#2127=VECTOR('',#7527,1.);
#2128=VECTOR('',#7530,1.);
#2129=VECTOR('',#7531,1.);
#2130=VECTOR('',#7534,1.);
#2131=VECTOR('',#7535,1.00000000000064);
#2132=VECTOR('',#7538,1.00000000000064);
#2133=VECTOR('',#7539,1.);
#2134=VECTOR('',#7542,1.);
#2135=VECTOR('',#7551,1.);
#2136=VECTOR('',#7552,1.00000000000064);
#2137=VECTOR('',#7553,1.);
#2138=VECTOR('',#7554,1.);
#2139=VECTOR('',#7555,1.);
#2140=VECTOR('',#7556,1.);
#2141=VECTOR('',#7557,1.00000000000064);
#2142=VECTOR('',#7558,1.);
#2143=VECTOR('',#7559,1.);
#2144=VECTOR('',#7560,1.);
#2145=VECTOR('',#7561,1.);
#2146=VECTOR('',#7562,1.00000000000064);
#2147=VECTOR('',#7563,1.);
#2148=VECTOR('',#7564,1.);
#2149=VECTOR('',#7565,1.);
#2150=VECTOR('',#7566,1.);
#2151=VECTOR('',#7567,1.00000000000064);
#2152=VECTOR('',#7568,1.);
#2153=VECTOR('',#7569,1.);
#2154=VECTOR('',#7570,1.);
#2155=VECTOR('',#7573,1.);
#2156=VECTOR('',#7574,1.);
#2157=VECTOR('',#7575,1.);
#2158=VECTOR('',#7578,1.);
#2159=VECTOR('',#7579,1.00000000000064);
#2160=VECTOR('',#7582,1.);
#2161=VECTOR('',#7583,1.);
#2162=VECTOR('',#7586,1.);
#2163=VECTOR('',#7587,1.);
#2164=VECTOR('',#7590,1.);
#2165=VECTOR('',#7593,1.);
#2166=VECTOR('',#7594,1.);
#2167=VECTOR('',#7595,1.);
#2168=VECTOR('',#7598,1.);
#2169=VECTOR('',#7599,1.00000000000064);
#2170=VECTOR('',#7602,1.);
#2171=VECTOR('',#7603,1.);
#2172=VECTOR('',#7606,1.);
#2173=VECTOR('',#7607,1.);
#2174=VECTOR('',#7610,1.);
#2175=VECTOR('',#7613,1.);
#2176=VECTOR('',#7614,1.);
#2177=VECTOR('',#7615,1.);
#2178=VECTOR('',#7618,1.);
#2179=VECTOR('',#7619,1.00000000000064);
#2180=VECTOR('',#7622,1.);
#2181=VECTOR('',#7623,1.);
#2182=VECTOR('',#7626,1.);
#2183=VECTOR('',#7627,1.);
#2184=VECTOR('',#7630,1.);
#2185=VECTOR('',#7633,1.);
#2186=VECTOR('',#7634,1.);
#2187=VECTOR('',#7635,1.);
#2188=VECTOR('',#7638,1.);
#2189=VECTOR('',#7639,1.00000000000064);
#2190=VECTOR('',#7642,1.);
#2191=VECTOR('',#7643,1.);
#2192=VECTOR('',#7646,1.);
#2193=VECTOR('',#7647,1.);
#2194=VECTOR('',#7650,1.);
#2195=VECTOR('',#7663,1.);
#2196=VECTOR('',#7664,1.);
#2197=VECTOR('',#7665,1.);
#2198=VECTOR('',#7666,1.);
#2199=VECTOR('',#7671,1.);
#2200=VECTOR('',#7676,1.);
#2201=VECTOR('',#7677,1.);
#2202=VECTOR('',#7678,1.);
#2203=VECTOR('',#7683,1.);
#2204=VECTOR('',#7688,1.);
#2205=VECTOR('',#7689,1.);
#2206=VECTOR('',#7690,1.);
#2207=VECTOR('',#7695,1.);
#2208=VECTOR('',#7700,1.);
#2209=VECTOR('',#7701,1.);
#2210=VECTOR('',#7702,1.);
#2211=VECTOR('',#7713,3.5);
#2212=VECTOR('',#7720,0.6);
#2213=VECTOR('',#7727,0.6);
#2214=VECTOR('',#7734,0.6);
#2215=VECTOR('',#7741,0.6);
#2216=VECTOR('',#7752,1.);
#2217=VECTOR('',#7755,1.);
#2218=VECTOR('',#7758,1.);
#2219=VECTOR('',#7761,1.);
#2220=VECTOR('',#7764,1.);
#2221=VECTOR('',#7765,1.);
#2222=VECTOR('',#7766,1.);
#2223=VECTOR('',#7767,1.);
#2224=VECTOR('',#7770,1.);
#2225=VECTOR('',#7771,1.);
#2226=VECTOR('',#7772,1.);
#2227=VECTOR('',#7777,1.);
#2228=VECTOR('',#7780,1.);
#2229=VECTOR('',#7785,1.);
#2230=VECTOR('',#7786,1.);
#2231=VECTOR('',#7789,1.);
#2232=VECTOR('',#7790,1.);
#2233=VECTOR('',#7795,1.);
#2234=VECTOR('',#7798,1.);
#2235=VECTOR('',#7803,1.);
#2236=VECTOR('',#7806,1.);
#2237=VECTOR('',#7807,1.);
#2238=VECTOR('',#7808,1.);
#2239=VECTOR('',#7811,1.);
#2240=VECTOR('',#7812,1.);
#2241=VECTOR('',#7815,1.);
#2242=VECTOR('',#7816,1.);
#2243=VECTOR('',#7819,1.);
#2244=VECTOR('',#7824,1.);
#2245=VECTOR('',#7837,1.);
#2246=VECTOR('',#7844,1.);
#2247=VECTOR('',#7855,1.);
#2248=VECTOR('',#7868,3.5);
#2249=VECTOR('',#7873,0.9);
#2250=VECTOR('',#7882,1.);
#2251=VECTOR('',#7883,1.);
#2252=VECTOR('',#7884,1.);
#2253=VECTOR('',#7885,1.);
#2254=VECTOR('',#7888,1.);
#2255=VECTOR('',#7889,1.);
#2256=VECTOR('',#7890,1.);
#2257=VECTOR('',#7893,1.);
#2258=VECTOR('',#7894,1.);
#2259=VECTOR('',#7895,1.);
#2260=VECTOR('',#7900,1.);
#2261=VECTOR('',#7907,1.);
#2262=VECTOR('',#7912,1.0000000000002);
#2263=VECTOR('',#7913,1.);
#2264=VECTOR('',#7914,1.0000000000002);
#2265=VECTOR('',#7917,1.0000000000002);
#2266=VECTOR('',#7918,1.);
#2267=VECTOR('',#7919,1.0000000000002);
#2268=VECTOR('',#7924,1.);
#2269=VECTOR('',#7931,1.);
#2270=VECTOR('',#7936,1.0000000000002);
#2271=VECTOR('',#7937,1.00000000000012);
#2272=VECTOR('',#7938,1.);
#2273=VECTOR('',#7939,1.00000000000012);
#2274=VECTOR('',#7940,1.0000000000002);
#2275=VECTOR('',#7943,1.0000000000002);
#2276=VECTOR('',#7944,1.00000000000012);
#2277=VECTOR('',#7945,1.);
#2278=VECTOR('',#7946,1.00000000000012);
#2279=VECTOR('',#7947,1.0000000000002);
#2280=VECTOR('',#7950,1.00000000000051);
#2281=VECTOR('',#7953,1.);
#2282=VECTOR('',#7956,1.00000000000051);
#2283=VECTOR('',#7957,1.);
#2284=VECTOR('',#7960,1.00000000000051);
#2285=VECTOR('',#7961,1.);
#2286=VECTOR('',#7962,1.00000000000051);
#2287=VECTOR('',#7965,1.);
#2288=VECTOR('',#7970,1.);
#2289=VECTOR('',#7973,1.);
#2290=VECTOR('',#8018,5.736895624738);
#2291=VECTOR('',#8027,6.4);
#2292=VECTOR('',#8036,10.);
#2293=VECTOR('',#8039,10.);
#2294=VECTOR('',#8042,10.);
#2295=VECTOR('',#8045,10.);
#2296=VECTOR('',#8048,4.85);
#2297=VECTOR('',#8051,10.);
#2298=VECTOR('',#8054,10.);
#2299=VECTOR('',#8057,10.);
#2300=VECTOR('',#8060,10.);
#2301=VECTOR('',#8063,1.);
#2302=VECTOR('',#8064,1.);
#2303=VECTOR('',#8065,1.);
#2304=VECTOR('',#8068,1.);
#2305=VECTOR('',#8069,1.);
#2306=VECTOR('',#8072,1.);
#2307=VECTOR('',#8073,1.);
#2308=VECTOR('',#8074,1.);
#2309=VECTOR('',#8075,1.);
#2310=VECTOR('',#8076,1.);
#2311=VECTOR('',#8077,1.);
#2312=VECTOR('',#8078,1.);
#2313=VECTOR('',#8079,1.);
#2314=VECTOR('',#8080,1.);
#2315=VECTOR('',#8081,1.);
#2316=VECTOR('',#8082,1.);
#2317=VECTOR('',#8083,1.);
#2318=VECTOR('',#8084,1.);
#2319=VECTOR('',#8085,1.);
#2320=VECTOR('',#8086,1.);
#2321=VECTOR('',#8087,1.);
#2322=VECTOR('',#8088,1.);
#2323=VECTOR('',#8089,1.);
#2324=VECTOR('',#8090,1.);
#2325=VECTOR('',#8091,1.);
#2326=VECTOR('',#8092,1.);
#2327=VECTOR('',#8093,1.);
#2328=VECTOR('',#8094,1.);
#2329=VECTOR('',#8095,1.);
#2330=VECTOR('',#8096,1.);
#2331=VECTOR('',#8097,1.);
#2332=VECTOR('',#8098,1.);
#2333=VECTOR('',#8101,1.);
#2334=VECTOR('',#8102,1.);
#2335=VECTOR('',#8105,1.);
#2336=VECTOR('',#8106,1.);
#2337=VECTOR('',#8109,1.);
#2338=VECTOR('',#8112,1.);
#2339=VECTOR('',#8113,1.);
#2340=VECTOR('',#8116,1.);
#2341=VECTOR('',#8117,1.);
#2342=VECTOR('',#8120,1.);
#2343=VECTOR('',#8123,1.);
#2344=VECTOR('',#8124,1.);
#2345=VECTOR('',#8127,1.);
#2346=VECTOR('',#8128,1.);
#2347=VECTOR('',#8131,1.);
#2348=VECTOR('',#8134,1.);
#2349=VECTOR('',#8137,1.);
#2350=VECTOR('',#8138,1.);
#2351=VECTOR('',#8139,1.);
#2352=VECTOR('',#8142,1.);
#2353=VECTOR('',#8143,1.);
#2354=VECTOR('',#8144,1.00000000000009);
#2355=VECTOR('',#8145,1.);
#2356=VECTOR('',#8146,0.999999999999887);
#2357=VECTOR('',#8149,1.);
#2358=VECTOR('',#8150,1.);
#2359=VECTOR('',#8153,0.999999999999887);
#2360=VECTOR('',#8154,1.);
#2361=VECTOR('',#8155,1.00000000000009);
#2362=VECTOR('',#8156,1.);
#2363=VECTOR('',#8159,1.);
#2364=VECTOR('',#8160,1.);
#2365=VECTOR('',#8161,1.);
#2366=VECTOR('',#8164,1.);
#2367=VECTOR('',#8165,1.);
#2368=VECTOR('',#8168,1.);
#2369=VECTOR('',#8169,1.);
#2370=VECTOR('',#8172,1.);
#2371=VECTOR('',#8175,1.);
#2372=VECTOR('',#8176,1.);
#2373=VECTOR('',#8177,1.);
#2374=VECTOR('',#8180,1.);
#2375=VECTOR('',#8181,1.);
#2376=VECTOR('',#8182,1.00000000000009);
#2377=VECTOR('',#8183,1.);
#2378=VECTOR('',#8184,0.999999999999887);
#2379=VECTOR('',#8187,1.);
#2380=VECTOR('',#8188,1.);
#2381=VECTOR('',#8191,0.999999999999887);
#2382=VECTOR('',#8192,1.);
#2383=VECTOR('',#8193,1.00000000000009);
#2384=VECTOR('',#8194,1.);
#2385=VECTOR('',#8197,1.);
#2386=VECTOR('',#8198,1.);
#2387=VECTOR('',#8199,1.);
#2388=VECTOR('',#8202,1.);
#2389=VECTOR('',#8203,1.);
#2390=VECTOR('',#8206,1.);
#2391=VECTOR('',#8207,1.);
#2392=VECTOR('',#8210,1.);
#2393=VECTOR('',#8213,1.);
#2394=VECTOR('',#8216,1.);
#2395=VECTOR('',#8219,1.);
#2396=VECTOR('',#8226,1.);
#2397=VECTOR('',#8229,1.);
#2398=VECTOR('',#8232,1.);
#2399=VECTOR('',#8243,10.);
#2400=VECTOR('',#8248,10.);
#2401=VECTOR('',#8251,10.);
#2402=VECTOR('',#8254,10.);
#2403=VECTOR('',#8259,10.);
#2404=VECTOR('',#8262,10.);
#2405=VECTOR('',#8265,10.);
#2406=VECTOR('',#8266,10.);
#2407=VECTOR('',#8267,10.);
#2408=VECTOR('',#8268,10.);
#2409=VECTOR('',#8269,10.);
#2410=VECTOR('',#8270,10.);
#2411=VECTOR('',#8273,10.);
#2412=VECTOR('',#8274,10.);
#2413=VECTOR('',#8275,10.);
#2414=VECTOR('',#8278,10.);
#2415=VECTOR('',#8279,10.);
#2416=VECTOR('',#8280,10.);
#2417=VECTOR('',#8283,10.);
#2418=VECTOR('',#8286,10.);
#2419=CIRCLE('',#6064,0.65);
#2420=CIRCLE('',#6065,0.65);
#2421=CIRCLE('',#6066,0.65);
#2422=CIRCLE('',#6067,0.4);
#2423=CIRCLE('',#6068,0.25);
#2424=CIRCLE('',#6070,0.65);
#2425=CIRCLE('',#6071,0.65);
#2426=CIRCLE('',#6072,0.65);
#2427=CIRCLE('',#6079,0.65);
#2428=CIRCLE('',#6080,0.65);
#2429=CIRCLE('',#6082,0.65);
#2430=CIRCLE('',#6083,0.65);
#2431=CIRCLE('',#6085,0.65);
#2432=CIRCLE('',#6086,0.65);
#2433=CIRCLE('',#6088,0.4);
#2434=CIRCLE('',#6089,0.25);
#2435=CIRCLE('',#6090,0.4);
#2436=CIRCLE('',#6091,0.25);
#2437=CIRCLE('',#6092,0.4);
#2438=CIRCLE('',#6093,0.25);
#2439=CIRCLE('',#6133,0.8);
#2440=CIRCLE('',#6134,0.8);
#2441=CIRCLE('',#6137,0.8);
#2442=CIRCLE('',#6138,0.8);
#2443=CIRCLE('',#6141,0.8);
#2444=CIRCLE('',#6142,0.8);
#2445=CIRCLE('',#6145,0.8);
#2446=CIRCLE('',#6146,0.8);
#2447=CIRCLE('',#6148,3.5);
#2448=CIRCLE('',#6149,3.5);
#2449=CIRCLE('',#6151,0.6);
#2450=CIRCLE('',#6152,0.6);
#2451=CIRCLE('',#6154,0.6);
#2452=CIRCLE('',#6155,0.6);
#2453=CIRCLE('',#6157,0.6);
#2454=CIRCLE('',#6158,0.6);
#2455=CIRCLE('',#6160,0.6);
#2456=CIRCLE('',#6161,0.6);
#2457=CIRCLE('',#6166,0.3);
#2458=CIRCLE('',#6167,0.3);
#2459=CIRCLE('',#6168,0.3);
#2460=CIRCLE('',#6169,0.3);
#2461=CIRCLE('',#6172,0.3);
#2462=CIRCLE('',#6174,0.3);
#2463=CIRCLE('',#6178,0.3);
#2464=CIRCLE('',#6180,0.3);
#2465=CIRCLE('',#6187,0.3);
#2466=CIRCLE('',#6188,0.3);
#2467=CIRCLE('',#6190,0.3);
#2468=CIRCLE('',#6192,0.3);
#2469=CIRCLE('',#6194,0.3);
#2470=CIRCLE('',#6196,0.3);
#2471=CIRCLE('',#6198,0.3);
#2472=CIRCLE('',#6200,0.3);
#2473=CIRCLE('',#6203,3.5);
#2474=CIRCLE('',#6205,0.9);
#2475=CIRCLE('',#6207,3.5);
#2476=CIRCLE('',#6209,0.9);
#2477=CIRCLE('',#6217,0.1);
#2478=CIRCLE('',#6218,0.1);
#2479=CIRCLE('',#6220,0.35);
#2480=CIRCLE('',#6221,0.35);
#2481=CIRCLE('',#6225,0.1);
#2482=CIRCLE('',#6226,0.1);
#2483=CIRCLE('',#6228,0.35);
#2484=CIRCLE('',#6229,0.35);
#2485=CIRCLE('',#6241,0.363200495986);
#2486=CIRCLE('',#6243,0.363200495986);
#2487=CIRCLE('',#6256,5.136936183092);
#2488=CIRCLE('',#6258,5.736895624738);
#2489=CIRCLE('',#6259,0.6);
#2490=CIRCLE('',#6261,5.78);
#2491=CIRCLE('',#6263,6.4);
#2492=CIRCLE('',#6265,6.4);
#2493=CIRCLE('',#6267,4.85);
#2494=CIRCLE('',#6269,4.844186046512);
#2495=CIRCLE('',#6270,4.797674418605);
#2496=CIRCLE('',#6271,4.844186046512);
#2497=CIRCLE('',#6272,4.797674418605);
#2498=CIRCLE('',#6273,4.844186046512);
#2499=CIRCLE('',#6274,4.844186046512);
#2500=CIRCLE('',#6275,4.797674418605);
#2501=CIRCLE('',#6276,4.844186046512);
#2502=CIRCLE('',#6277,4.797674418605);
#2503=CIRCLE('',#6323,0.65);
#2504=CIRCLE('',#6324,0.65);
#2505=CIRCLE('',#6325,0.65);
#2506=CIRCLE('',#6326,0.4);
#2507=CIRCLE('',#6327,0.25);
#2508=CIRCLE('',#6329,0.65);
#2509=CIRCLE('',#6330,0.65);
#2510=CIRCLE('',#6331,0.65);
#2511=CIRCLE('',#6338,0.65);
#2512=CIRCLE('',#6339,0.65);
#2513=CIRCLE('',#6341,0.65);
#2514=CIRCLE('',#6342,0.65);
#2515=CIRCLE('',#6344,0.65);
#2516=CIRCLE('',#6345,0.65);
#2517=CIRCLE('',#6347,0.4);
#2518=CIRCLE('',#6348,0.25);
#2519=CIRCLE('',#6349,0.4);
#2520=CIRCLE('',#6350,0.25);
#2521=CIRCLE('',#6351,0.4);
#2522=CIRCLE('',#6352,0.25);
#2523=CIRCLE('',#6392,0.8);
#2524=CIRCLE('',#6393,0.8);
#2525=CIRCLE('',#6396,0.8);
#2526=CIRCLE('',#6397,0.8);
#2527=CIRCLE('',#6400,0.8);
#2528=CIRCLE('',#6401,0.8);
#2529=CIRCLE('',#6404,0.8);
#2530=CIRCLE('',#6405,0.8);
#2531=CIRCLE('',#6407,3.5);
#2532=CIRCLE('',#6408,3.5);
#2533=CIRCLE('',#6410,0.6);
#2534=CIRCLE('',#6411,0.6);
#2535=CIRCLE('',#6413,0.6);
#2536=CIRCLE('',#6414,0.6);
#2537=CIRCLE('',#6416,0.6);
#2538=CIRCLE('',#6417,0.6);
#2539=CIRCLE('',#6419,0.6);
#2540=CIRCLE('',#6420,0.6);
#2541=CIRCLE('',#6425,0.3);
#2542=CIRCLE('',#6426,0.3);
#2543=CIRCLE('',#6427,0.3);
#2544=CIRCLE('',#6428,0.3);
#2545=CIRCLE('',#6431,0.3);
#2546=CIRCLE('',#6433,0.3);
#2547=CIRCLE('',#6437,0.3);
#2548=CIRCLE('',#6439,0.3);
#2549=CIRCLE('',#6446,0.3);
#2550=CIRCLE('',#6447,0.3);
#2551=CIRCLE('',#6449,0.3);
#2552=CIRCLE('',#6451,0.3);
#2553=CIRCLE('',#6453,0.3);
#2554=CIRCLE('',#6455,0.3);
#2555=CIRCLE('',#6457,0.3);
#2556=CIRCLE('',#6459,0.3);
#2557=CIRCLE('',#6462,3.5);
#2558=CIRCLE('',#6464,0.9);
#2559=CIRCLE('',#6466,3.5);
#2560=CIRCLE('',#6468,0.9);
#2561=CIRCLE('',#6476,0.1);
#2562=CIRCLE('',#6477,0.1);
#2563=CIRCLE('',#6479,0.35);
#2564=CIRCLE('',#6480,0.35);
#2565=CIRCLE('',#6484,0.1);
#2566=CIRCLE('',#6485,0.1);
#2567=CIRCLE('',#6487,0.35);
#2568=CIRCLE('',#6488,0.35);
#2569=CIRCLE('',#6500,0.363200495986);
#2570=CIRCLE('',#6502,0.363200495986);
#2571=CIRCLE('',#6515,5.136936183092);
#2572=CIRCLE('',#6517,5.736895624738);
#2573=CIRCLE('',#6518,0.6);
#2574=CIRCLE('',#6520,5.78);
#2575=CIRCLE('',#6522,6.4);
#2576=CIRCLE('',#6524,6.4);
#2577=CIRCLE('',#6526,4.85);
#2578=CIRCLE('',#6528,4.844186046512);
#2579=CIRCLE('',#6529,4.797674418605);
#2580=CIRCLE('',#6530,4.844186046512);
#2581=CIRCLE('',#6531,4.797674418605);
#2582=CIRCLE('',#6532,4.844186046512);
#2583=CIRCLE('',#6533,4.844186046512);
#2584=CIRCLE('',#6534,4.797674418605);
#2585=CIRCLE('',#6535,4.844186046512);
#2586=CIRCLE('',#6536,4.797674418605);
#2587=CIRCLE('',#6579,0.899999979883432);
#2588=CIRCLE('',#6581,0.899999979883432);
#2589=CIRCLE('',#6583,0.899999979883432);
#2590=CIRCLE('',#6585,0.899999979883432);
#2591=VERTEX_POINT('',#8300);
#2592=VERTEX_POINT('',#8302);
#2593=VERTEX_POINT('',#8304);
#2594=VERTEX_POINT('',#8370);
#2595=VERTEX_POINT('',#8374);
#2596=VERTEX_POINT('',#8375);
#2597=VERTEX_POINT('',#8377);
#2598=VERTEX_POINT('',#8379);
#2599=VERTEX_POINT('',#8382);
#2600=VERTEX_POINT('',#8384);
#2601=VERTEX_POINT('',#8386);
#2602=VERTEX_POINT('',#8390);
#2603=VERTEX_POINT('',#8392);
#2604=VERTEX_POINT('',#8396);
#2605=VERTEX_POINT('',#8400);
#2606=VERTEX_POINT('',#8406);
#2607=VERTEX_POINT('',#8408);
#2608=VERTEX_POINT('',#8412);
#2609=VERTEX_POINT('',#8414);
#2610=VERTEX_POINT('',#8418);
#2611=VERTEX_POINT('',#8420);
#2612=VERTEX_POINT('',#8424);
#2613=VERTEX_POINT('',#8425);
#2614=VERTEX_POINT('',#8427);
#2615=VERTEX_POINT('',#8429);
#2616=VERTEX_POINT('',#8431);
#2617=VERTEX_POINT('',#8433);
#2618=VERTEX_POINT('',#8435);
#2619=VERTEX_POINT('',#8437);
#2620=VERTEX_POINT('',#8503);
#2621=VERTEX_POINT('',#8569);
#2622=VERTEX_POINT('',#8635);
#2623=VERTEX_POINT('',#8639);
#2624=VERTEX_POINT('',#8641);
#2625=VERTEX_POINT('',#8645);
#2626=VERTEX_POINT('',#8649);
#2627=VERTEX_POINT('',#8653);
#2628=VERTEX_POINT('',#8657);
#2629=VERTEX_POINT('',#8661);
#2630=VERTEX_POINT('',#8665);
#2631=VERTEX_POINT('',#8674);
#2632=VERTEX_POINT('',#8675);
#2633=VERTEX_POINT('',#8677);
#2634=VERTEX_POINT('',#8679);
#2635=VERTEX_POINT('',#8681);
#2636=VERTEX_POINT('',#8684);
#2637=VERTEX_POINT('',#8685);
#2638=VERTEX_POINT('',#8687);
#2639=VERTEX_POINT('',#8689);
#2640=VERTEX_POINT('',#8691);
#2641=VERTEX_POINT('',#8694);
#2642=VERTEX_POINT('',#8695);
#2643=VERTEX_POINT('',#8697);
#2644=VERTEX_POINT('',#8699);
#2645=VERTEX_POINT('',#8701);
#2646=VERTEX_POINT('',#8704);
#2647=VERTEX_POINT('',#8705);
#2648=VERTEX_POINT('',#8707);
#2649=VERTEX_POINT('',#8709);
#2650=VERTEX_POINT('',#8711);
#2651=VERTEX_POINT('',#8715);
#2652=VERTEX_POINT('',#8717);
#2653=VERTEX_POINT('',#8721);
#2654=VERTEX_POINT('',#8725);
#2655=VERTEX_POINT('',#8729);
#2656=VERTEX_POINT('',#8735);
#2657=VERTEX_POINT('',#8737);
#2658=VERTEX_POINT('',#8741);
#2659=VERTEX_POINT('',#8745);
#2660=VERTEX_POINT('',#8749);
#2661=VERTEX_POINT('',#8755);
#2662=VERTEX_POINT('',#8757);
#2663=VERTEX_POINT('',#8761);
#2664=VERTEX_POINT('',#8765);
#2665=VERTEX_POINT('',#8769);
#2666=VERTEX_POINT('',#8775);
#2667=VERTEX_POINT('',#8777);
#2668=VERTEX_POINT('',#8781);
#2669=VERTEX_POINT('',#8785);
#2670=VERTEX_POINT('',#8789);
#2671=VERTEX_POINT('',#8800);
#2672=VERTEX_POINT('',#8801);
#2673=VERTEX_POINT('',#8803);
#2674=VERTEX_POINT('',#8805);
#2675=VERTEX_POINT('',#8809);
#2676=VERTEX_POINT('',#8811);
#2677=VERTEX_POINT('',#8815);
#2678=VERTEX_POINT('',#8817);
#2679=VERTEX_POINT('',#8821);
#2680=VERTEX_POINT('',#8823);
#2681=VERTEX_POINT('',#8827);
#2682=VERTEX_POINT('',#8829);
#2683=VERTEX_POINT('',#8833);
#2684=VERTEX_POINT('',#8835);
#2685=VERTEX_POINT('',#8839);
#2686=VERTEX_POINT('',#8841);
#2687=VERTEX_POINT('',#8848);
#2688=VERTEX_POINT('',#8850);
#2689=VERTEX_POINT('',#8854);
#2690=VERTEX_POINT('',#8856);
#2691=VERTEX_POINT('',#8860);
#2692=VERTEX_POINT('',#8862);
#2693=VERTEX_POINT('',#8866);
#2694=VERTEX_POINT('',#8868);
#2695=VERTEX_POINT('',#8872);
#2696=VERTEX_POINT('',#8874);
#2697=VERTEX_POINT('',#8881);
#2698=VERTEX_POINT('',#8882);
#2699=VERTEX_POINT('',#8884);
#2700=VERTEX_POINT('',#8886);
#2701=VERTEX_POINT('',#8888);
#2702=VERTEX_POINT('',#8890);
#2703=VERTEX_POINT('',#8892);
#2704=VERTEX_POINT('',#8894);
#2705=VERTEX_POINT('',#8897);
#2706=VERTEX_POINT('',#8898);
#2707=VERTEX_POINT('',#8900);
#2708=VERTEX_POINT('',#8902);
#2709=VERTEX_POINT('',#8906);
#2710=VERTEX_POINT('',#8908);
#2711=VERTEX_POINT('',#8912);
#2712=VERTEX_POINT('',#8916);
#2713=VERTEX_POINT('',#8920);
#2714=VERTEX_POINT('',#8924);
#2715=VERTEX_POINT('',#8928);
#2716=VERTEX_POINT('',#8932);
#2717=VERTEX_POINT('',#8938);
#2718=VERTEX_POINT('',#8940);
#2719=VERTEX_POINT('',#8944);
#2720=VERTEX_POINT('',#8948);
#2721=VERTEX_POINT('',#8954);
#2722=VERTEX_POINT('',#8956);
#2723=VERTEX_POINT('',#8964);
#2724=VERTEX_POINT('',#8968);
#2725=VERTEX_POINT('',#8978);
#2726=VERTEX_POINT('',#8981);
#2727=VERTEX_POINT('',#8984);
#2728=VERTEX_POINT('',#8988);
#2729=VERTEX_POINT('',#8995);
#2730=VERTEX_POINT('',#8996);
#2731=VERTEX_POINT('',#8998);
#2732=VERTEX_POINT('',#9000);
#2733=VERTEX_POINT('',#9004);
#2734=VERTEX_POINT('',#9006);
#2735=VERTEX_POINT('',#9010);
#2736=VERTEX_POINT('',#9012);
#2737=VERTEX_POINT('',#9016);
#2738=VERTEX_POINT('',#9018);
#2739=VERTEX_POINT('',#9022);
#2740=VERTEX_POINT('',#9024);
#2741=VERTEX_POINT('',#9028);
#2742=VERTEX_POINT('',#9030);
#2743=VERTEX_POINT('',#9034);
#2744=VERTEX_POINT('',#9036);
#2745=VERTEX_POINT('',#9040);
#2746=VERTEX_POINT('',#9042);
#2747=VERTEX_POINT('',#9046);
#2748=VERTEX_POINT('',#9048);
#2749=VERTEX_POINT('',#9052);
#2750=VERTEX_POINT('',#9054);
#2751=VERTEX_POINT('',#9056);
#2752=VERTEX_POINT('',#9058);
#2753=VERTEX_POINT('',#9062);
#2754=VERTEX_POINT('',#9064);
#2755=VERTEX_POINT('',#9066);
#2756=VERTEX_POINT('',#9068);
#2757=VERTEX_POINT('',#9072);
#2758=VERTEX_POINT('',#9073);
#2759=VERTEX_POINT('',#9077);
#2760=VERTEX_POINT('',#9079);
#2761=VERTEX_POINT('',#9083);
#2762=VERTEX_POINT('',#9084);
#2763=VERTEX_POINT('',#9086);
#2764=VERTEX_POINT('',#9088);
#2765=VERTEX_POINT('',#9113);
#2766=VERTEX_POINT('',#9116);
#2767=VERTEX_POINT('',#9120);
#2768=VERTEX_POINT('',#9124);
#2769=VERTEX_POINT('',#9127);
#2770=VERTEX_POINT('',#9131);
#2771=VERTEX_POINT('',#9134);
#2772=VERTEX_POINT('',#9135);
#2773=VERTEX_POINT('',#9137);
#2774=VERTEX_POINT('',#9139);
#2775=VERTEX_POINT('',#9141);
#2776=VERTEX_POINT('',#9143);
#2777=VERTEX_POINT('',#9145);
#2778=VERTEX_POINT('',#9147);
#2779=VERTEX_POINT('',#9149);
#2780=VERTEX_POINT('',#9151);
#2781=VERTEX_POINT('',#9154);
#2782=VERTEX_POINT('',#9156);
#2783=VERTEX_POINT('',#9158);
#2784=VERTEX_POINT('',#9160);
#2785=VERTEX_POINT('',#9162);
#2786=VERTEX_POINT('',#9164);
#2787=VERTEX_POINT('',#9166);
#2788=VERTEX_POINT('',#9170);
#2789=VERTEX_POINT('',#9172);
#2790=VERTEX_POINT('',#9176);
#2791=VERTEX_POINT('',#9180);
#2792=VERTEX_POINT('',#9182);
#2793=VERTEX_POINT('',#9184);
#2794=VERTEX_POINT('',#9186);
#2795=VERTEX_POINT('',#9188);
#2796=VERTEX_POINT('',#9191);
#2797=VERTEX_POINT('',#9193);
#2798=VERTEX_POINT('',#9195);
#2799=VERTEX_POINT('',#9197);
#2800=VERTEX_POINT('',#9199);
#2801=VERTEX_POINT('',#9201);
#2802=VERTEX_POINT('',#9204);
#2803=VERTEX_POINT('',#9206);
#2804=VERTEX_POINT('',#9208);
#2805=VERTEX_POINT('',#9210);
#2806=VERTEX_POINT('',#9212);
#2807=VERTEX_POINT('',#9214);
#2808=VERTEX_POINT('',#9217);
#2809=VERTEX_POINT('',#9219);
#2810=VERTEX_POINT('',#9221);
#2811=VERTEX_POINT('',#9223);
#2812=VERTEX_POINT('',#9225);
#2813=VERTEX_POINT('',#9227);
#2814=VERTEX_POINT('',#9231);
#2815=VERTEX_POINT('',#9235);
#2816=VERTEX_POINT('',#9241);
#2817=VERTEX_POINT('',#9245);
#2818=VERTEX_POINT('',#9251);
#2819=VERTEX_POINT('',#9255);
#2820=VERTEX_POINT('',#9263);
#2821=VERTEX_POINT('',#9265);
#2822=VERTEX_POINT('',#9269);
#2823=VERTEX_POINT('',#9271);
#2824=VERTEX_POINT('',#9273);
#2825=VERTEX_POINT('',#9275);
#2826=VERTEX_POINT('',#9279);
#2827=VERTEX_POINT('',#9283);
#2828=VERTEX_POINT('',#9285);
#2829=VERTEX_POINT('',#9287);
#2830=VERTEX_POINT('',#9291);
#2831=VERTEX_POINT('',#9293);
#2832=VERTEX_POINT('',#9297);
#2833=VERTEX_POINT('',#9301);
#2834=VERTEX_POINT('',#9307);
#2835=VERTEX_POINT('',#9309);
#2836=VERTEX_POINT('',#9313);
#2837=VERTEX_POINT('',#9315);
#2838=VERTEX_POINT('',#9317);
#2839=VERTEX_POINT('',#9319);
#2840=VERTEX_POINT('',#9323);
#2841=VERTEX_POINT('',#9327);
#2842=VERTEX_POINT('',#9329);
#2843=VERTEX_POINT('',#9331);
#2844=VERTEX_POINT('',#9335);
#2845=VERTEX_POINT('',#9337);
#2846=VERTEX_POINT('',#9341);
#2847=VERTEX_POINT('',#9345);
#2848=VERTEX_POINT('',#9372);
#2849=VERTEX_POINT('',#9374);
#2850=VERTEX_POINT('',#9376);
#2851=VERTEX_POINT('',#9442);
#2852=VERTEX_POINT('',#9446);
#2853=VERTEX_POINT('',#9447);
#2854=VERTEX_POINT('',#9449);
#2855=VERTEX_POINT('',#9451);
#2856=VERTEX_POINT('',#9454);
#2857=VERTEX_POINT('',#9456);
#2858=VERTEX_POINT('',#9458);
#2859=VERTEX_POINT('',#9462);
#2860=VERTEX_POINT('',#9464);
#2861=VERTEX_POINT('',#9468);
#2862=VERTEX_POINT('',#9472);
#2863=VERTEX_POINT('',#9478);
#2864=VERTEX_POINT('',#9480);
#2865=VERTEX_POINT('',#9484);
#2866=VERTEX_POINT('',#9486);
#2867=VERTEX_POINT('',#9490);
#2868=VERTEX_POINT('',#9492);
#2869=VERTEX_POINT('',#9496);
#2870=VERTEX_POINT('',#9497);
#2871=VERTEX_POINT('',#9499);
#2872=VERTEX_POINT('',#9501);
#2873=VERTEX_POINT('',#9503);
#2874=VERTEX_POINT('',#9505);
#2875=VERTEX_POINT('',#9507);
#2876=VERTEX_POINT('',#9509);
#2877=VERTEX_POINT('',#9575);
#2878=VERTEX_POINT('',#9641);
#2879=VERTEX_POINT('',#9707);
#2880=VERTEX_POINT('',#9711);
#2881=VERTEX_POINT('',#9713);
#2882=VERTEX_POINT('',#9717);
#2883=VERTEX_POINT('',#9721);
#2884=VERTEX_POINT('',#9725);
#2885=VERTEX_POINT('',#9729);
#2886=VERTEX_POINT('',#9733);
#2887=VERTEX_POINT('',#9737);
#2888=VERTEX_POINT('',#9746);
#2889=VERTEX_POINT('',#9747);
#2890=VERTEX_POINT('',#9749);
#2891=VERTEX_POINT('',#9751);
#2892=VERTEX_POINT('',#9753);
#2893=VERTEX_POINT('',#9756);
#2894=VERTEX_POINT('',#9757);
#2895=VERTEX_POINT('',#9759);
#2896=VERTEX_POINT('',#9761);
#2897=VERTEX_POINT('',#9763);
#2898=VERTEX_POINT('',#9766);
#2899=VERTEX_POINT('',#9767);
#2900=VERTEX_POINT('',#9769);
#2901=VERTEX_POINT('',#9771);
#2902=VERTEX_POINT('',#9773);
#2903=VERTEX_POINT('',#9776);
#2904=VERTEX_POINT('',#9777);
#2905=VERTEX_POINT('',#9779);
#2906=VERTEX_POINT('',#9781);
#2907=VERTEX_POINT('',#9783);
#2908=VERTEX_POINT('',#9787);
#2909=VERTEX_POINT('',#9789);
#2910=VERTEX_POINT('',#9793);
#2911=VERTEX_POINT('',#9797);
#2912=VERTEX_POINT('',#9801);
#2913=VERTEX_POINT('',#9807);
#2914=VERTEX_POINT('',#9809);
#2915=VERTEX_POINT('',#9813);
#2916=VERTEX_POINT('',#9817);
#2917=VERTEX_POINT('',#9821);
#2918=VERTEX_POINT('',#9827);
#2919=VERTEX_POINT('',#9829);
#2920=VERTEX_POINT('',#9833);
#2921=VERTEX_POINT('',#9837);
#2922=VERTEX_POINT('',#9841);
#2923=VERTEX_POINT('',#9847);
#2924=VERTEX_POINT('',#9849);
#2925=VERTEX_POINT('',#9853);
#2926=VERTEX_POINT('',#9857);
#2927=VERTEX_POINT('',#9861);
#2928=VERTEX_POINT('',#9872);
#2929=VERTEX_POINT('',#9873);
#2930=VERTEX_POINT('',#9875);
#2931=VERTEX_POINT('',#9877);
#2932=VERTEX_POINT('',#9881);
#2933=VERTEX_POINT('',#9883);
#2934=VERTEX_POINT('',#9887);
#2935=VERTEX_POINT('',#9889);
#2936=VERTEX_POINT('',#9893);
#2937=VERTEX_POINT('',#9895);
#2938=VERTEX_POINT('',#9899);
#2939=VERTEX_POINT('',#9901);
#2940=VERTEX_POINT('',#9905);
#2941=VERTEX_POINT('',#9907);
#2942=VERTEX_POINT('',#9911);
#2943=VERTEX_POINT('',#9913);
#2944=VERTEX_POINT('',#9920);
#2945=VERTEX_POINT('',#9922);
#2946=VERTEX_POINT('',#9926);
#2947=VERTEX_POINT('',#9928);
#2948=VERTEX_POINT('',#9932);
#2949=VERTEX_POINT('',#9934);
#2950=VERTEX_POINT('',#9938);
#2951=VERTEX_POINT('',#9940);
#2952=VERTEX_POINT('',#9944);
#2953=VERTEX_POINT('',#9946);
#2954=VERTEX_POINT('',#9953);
#2955=VERTEX_POINT('',#9954);
#2956=VERTEX_POINT('',#9956);
#2957=VERTEX_POINT('',#9958);
#2958=VERTEX_POINT('',#9960);
#2959=VERTEX_POINT('',#9962);
#2960=VERTEX_POINT('',#9964);
#2961=VERTEX_POINT('',#9966);
#2962=VERTEX_POINT('',#9969);
#2963=VERTEX_POINT('',#9970);
#2964=VERTEX_POINT('',#9972);
#2965=VERTEX_POINT('',#9974);
#2966=VERTEX_POINT('',#9978);
#2967=VERTEX_POINT('',#9980);
#2968=VERTEX_POINT('',#9984);
#2969=VERTEX_POINT('',#9988);
#2970=VERTEX_POINT('',#9992);
#2971=VERTEX_POINT('',#9996);
#2972=VERTEX_POINT('',#10000);
#2973=VERTEX_POINT('',#10004);
#2974=VERTEX_POINT('',#10010);
#2975=VERTEX_POINT('',#10012);
#2976=VERTEX_POINT('',#10016);
#2977=VERTEX_POINT('',#10020);
#2978=VERTEX_POINT('',#10026);
#2979=VERTEX_POINT('',#10028);
#2980=VERTEX_POINT('',#10036);
#2981=VERTEX_POINT('',#10040);
#2982=VERTEX_POINT('',#10050);
#2983=VERTEX_POINT('',#10053);
#2984=VERTEX_POINT('',#10056);
#2985=VERTEX_POINT('',#10060);
#2986=VERTEX_POINT('',#10067);
#2987=VERTEX_POINT('',#10068);
#2988=VERTEX_POINT('',#10070);
#2989=VERTEX_POINT('',#10072);
#2990=VERTEX_POINT('',#10076);
#2991=VERTEX_POINT('',#10078);
#2992=VERTEX_POINT('',#10082);
#2993=VERTEX_POINT('',#10084);
#2994=VERTEX_POINT('',#10088);
#2995=VERTEX_POINT('',#10090);
#2996=VERTEX_POINT('',#10094);
#2997=VERTEX_POINT('',#10096);
#2998=VERTEX_POINT('',#10100);
#2999=VERTEX_POINT('',#10102);
#3000=VERTEX_POINT('',#10106);
#3001=VERTEX_POINT('',#10108);
#3002=VERTEX_POINT('',#10112);
#3003=VERTEX_POINT('',#10114);
#3004=VERTEX_POINT('',#10118);
#3005=VERTEX_POINT('',#10120);
#3006=VERTEX_POINT('',#10124);
#3007=VERTEX_POINT('',#10126);
#3008=VERTEX_POINT('',#10128);
#3009=VERTEX_POINT('',#10130);
#3010=VERTEX_POINT('',#10134);
#3011=VERTEX_POINT('',#10136);
#3012=VERTEX_POINT('',#10138);
#3013=VERTEX_POINT('',#10140);
#3014=VERTEX_POINT('',#10144);
#3015=VERTEX_POINT('',#10145);
#3016=VERTEX_POINT('',#10149);
#3017=VERTEX_POINT('',#10151);
#3018=VERTEX_POINT('',#10155);
#3019=VERTEX_POINT('',#10156);
#3020=VERTEX_POINT('',#10158);
#3021=VERTEX_POINT('',#10160);
#3022=VERTEX_POINT('',#10185);
#3023=VERTEX_POINT('',#10188);
#3024=VERTEX_POINT('',#10192);
#3025=VERTEX_POINT('',#10196);
#3026=VERTEX_POINT('',#10199);
#3027=VERTEX_POINT('',#10203);
#3028=VERTEX_POINT('',#10206);
#3029=VERTEX_POINT('',#10207);
#3030=VERTEX_POINT('',#10209);
#3031=VERTEX_POINT('',#10211);
#3032=VERTEX_POINT('',#10213);
#3033=VERTEX_POINT('',#10215);
#3034=VERTEX_POINT('',#10217);
#3035=VERTEX_POINT('',#10219);
#3036=VERTEX_POINT('',#10221);
#3037=VERTEX_POINT('',#10223);
#3038=VERTEX_POINT('',#10226);
#3039=VERTEX_POINT('',#10228);
#3040=VERTEX_POINT('',#10230);
#3041=VERTEX_POINT('',#10232);
#3042=VERTEX_POINT('',#10234);
#3043=VERTEX_POINT('',#10236);
#3044=VERTEX_POINT('',#10238);
#3045=VERTEX_POINT('',#10242);
#3046=VERTEX_POINT('',#10244);
#3047=VERTEX_POINT('',#10248);
#3048=VERTEX_POINT('',#10252);
#3049=VERTEX_POINT('',#10254);
#3050=VERTEX_POINT('',#10256);
#3051=VERTEX_POINT('',#10258);
#3052=VERTEX_POINT('',#10260);
#3053=VERTEX_POINT('',#10263);
#3054=VERTEX_POINT('',#10265);
#3055=VERTEX_POINT('',#10267);
#3056=VERTEX_POINT('',#10269);
#3057=VERTEX_POINT('',#10271);
#3058=VERTEX_POINT('',#10273);
#3059=VERTEX_POINT('',#10276);
#3060=VERTEX_POINT('',#10278);
#3061=VERTEX_POINT('',#10280);
#3062=VERTEX_POINT('',#10282);
#3063=VERTEX_POINT('',#10284);
#3064=VERTEX_POINT('',#10286);
#3065=VERTEX_POINT('',#10289);
#3066=VERTEX_POINT('',#10291);
#3067=VERTEX_POINT('',#10293);
#3068=VERTEX_POINT('',#10295);
#3069=VERTEX_POINT('',#10297);
#3070=VERTEX_POINT('',#10299);
#3071=VERTEX_POINT('',#10303);
#3072=VERTEX_POINT('',#10307);
#3073=VERTEX_POINT('',#10313);
#3074=VERTEX_POINT('',#10317);
#3075=VERTEX_POINT('',#10323);
#3076=VERTEX_POINT('',#10327);
#3077=VERTEX_POINT('',#10335);
#3078=VERTEX_POINT('',#10337);
#3079=VERTEX_POINT('',#10341);
#3080=VERTEX_POINT('',#10343);
#3081=VERTEX_POINT('',#10345);
#3082=VERTEX_POINT('',#10347);
#3083=VERTEX_POINT('',#10351);
#3084=VERTEX_POINT('',#10355);
#3085=VERTEX_POINT('',#10357);
#3086=VERTEX_POINT('',#10359);
#3087=VERTEX_POINT('',#10363);
#3088=VERTEX_POINT('',#10365);
#3089=VERTEX_POINT('',#10369);
#3090=VERTEX_POINT('',#10373);
#3091=VERTEX_POINT('',#10379);
#3092=VERTEX_POINT('',#10381);
#3093=VERTEX_POINT('',#10385);
#3094=VERTEX_POINT('',#10387);
#3095=VERTEX_POINT('',#10389);
#3096=VERTEX_POINT('',#10391);
#3097=VERTEX_POINT('',#10395);
#3098=VERTEX_POINT('',#10399);
#3099=VERTEX_POINT('',#10401);
#3100=VERTEX_POINT('',#10403);
#3101=VERTEX_POINT('',#10407);
#3102=VERTEX_POINT('',#10409);
#3103=VERTEX_POINT('',#10413);
#3104=VERTEX_POINT('',#10417);
#3105=VERTEX_POINT('',#10441);
#3106=VERTEX_POINT('',#10442);
#3107=VERTEX_POINT('',#10446);
#3108=VERTEX_POINT('',#10448);
#3109=VERTEX_POINT('',#10452);
#3110=VERTEX_POINT('',#10453);
#3111=VERTEX_POINT('',#10457);
#3112=VERTEX_POINT('',#10459);
#3113=VERTEX_POINT('',#10464);
#3114=VERTEX_POINT('',#10466);
#3115=VERTEX_POINT('',#10468);
#3116=VERTEX_POINT('',#10470);
#3117=VERTEX_POINT('',#10474);
#3118=VERTEX_POINT('',#10476);
#3119=VERTEX_POINT('',#10480);
#3120=VERTEX_POINT('',#10481);
#3121=EDGE_CURVE('',#2591,#2591,#2419,.T.);
#3122=EDGE_CURVE('',#2591,#2592,#1163,.T.);
#3123=EDGE_CURVE('',#2593,#2592,#2420,.T.);
#3124=EDGE_CURVE('',#2592,#2593,#2421,.T.);
#3125=EDGE_CURVE('',#2593,#2594,#2422,.T.);
#3126=EDGE_CURVE('',#2594,#2594,#2423,.T.);
#3127=EDGE_CURVE('',#2595,#2596,#1164,.T.);
#3128=EDGE_CURVE('',#2596,#2597,#1165,.T.);
#3129=EDGE_CURVE('',#2597,#2598,#1166,.T.);
#3130=EDGE_CURVE('',#2598,#2595,#1167,.T.);
#3131=EDGE_CURVE('',#2599,#2599,#2424,.T.);
#3132=EDGE_CURVE('',#2600,#2600,#2425,.T.);
#3133=EDGE_CURVE('',#2601,#2601,#2426,.T.);
#3134=EDGE_CURVE('',#2602,#2595,#1168,.T.);
#3135=EDGE_CURVE('',#2602,#2603,#1169,.T.);
#3136=EDGE_CURVE('',#2603,#2596,#1170,.T.);
#3137=EDGE_CURVE('',#2604,#2598,#1171,.T.);
#3138=EDGE_CURVE('',#2604,#2602,#1172,.T.);
#3139=EDGE_CURVE('',#2603,#2605,#1173,.T.);
#3140=EDGE_CURVE('',#2605,#2597,#1174,.T.);
#3141=EDGE_CURVE('',#2605,#2604,#1175,.T.);
#3142=EDGE_CURVE('',#2599,#2606,#1176,.T.);
#3143=EDGE_CURVE('',#2607,#2606,#2427,.T.);
#3144=EDGE_CURVE('',#2606,#2607,#2428,.T.);
#3145=EDGE_CURVE('',#2600,#2608,#1177,.T.);
#3146=EDGE_CURVE('',#2609,#2608,#2429,.T.);
#3147=EDGE_CURVE('',#2608,#2609,#2430,.T.);
#3148=EDGE_CURVE('',#2601,#2610,#1178,.T.);
#3149=EDGE_CURVE('',#2611,#2610,#2431,.T.);
#3150=EDGE_CURVE('',#2610,#2611,#2432,.T.);
#3151=EDGE_CURVE('',#2612,#2613,#1179,.T.);
#3152=EDGE_CURVE('',#2613,#2614,#1180,.T.);
#3153=EDGE_CURVE('',#2614,#2615,#1181,.T.);
#3154=EDGE_CURVE('',#2615,#2616,#1182,.T.);
#3155=EDGE_CURVE('',#2616,#2617,#1183,.T.);
#3156=EDGE_CURVE('',#2617,#2618,#1184,.T.);
#3157=EDGE_CURVE('',#2618,#2619,#1185,.T.);
#3158=EDGE_CURVE('',#2619,#2612,#1186,.T.);
#3159=EDGE_CURVE('',#2607,#2620,#2433,.T.);
#3160=EDGE_CURVE('',#2620,#2620,#2434,.T.);
#3161=EDGE_CURVE('',#2609,#2621,#2435,.T.);
#3162=EDGE_CURVE('',#2621,#2621,#2436,.T.);
#3163=EDGE_CURVE('',#2611,#2622,#2437,.T.);
#3164=EDGE_CURVE('',#2622,#2622,#2438,.T.);
#3165=EDGE_CURVE('',#2623,#2612,#1187,.T.);
#3166=EDGE_CURVE('',#2623,#2624,#1188,.T.);
#3167=EDGE_CURVE('',#2624,#2613,#1189,.T.);
#3168=EDGE_CURVE('',#2625,#2619,#1190,.T.);
#3169=EDGE_CURVE('',#2625,#2623,#1191,.T.);
#3170=EDGE_CURVE('',#2624,#2626,#1192,.T.);
#3171=EDGE_CURVE('',#2626,#2614,#1193,.T.);
#3172=EDGE_CURVE('',#2627,#2618,#1194,.T.);
#3173=EDGE_CURVE('',#2627,#2625,#1195,.T.);
#3174=EDGE_CURVE('',#2626,#2628,#1196,.T.);
#3175=EDGE_CURVE('',#2628,#2615,#1197,.T.);
#3176=EDGE_CURVE('',#2629,#2617,#1198,.T.);
#3177=EDGE_CURVE('',#2629,#2627,#1199,.T.);
#3178=EDGE_CURVE('',#2628,#2630,#1200,.T.);
#3179=EDGE_CURVE('',#2630,#2616,#1201,.T.);
#3180=EDGE_CURVE('',#2630,#2629,#1202,.T.);
#3181=EDGE_CURVE('',#2631,#2632,#1203,.T.);
#3182=EDGE_CURVE('',#2633,#2631,#1204,.T.);
#3183=EDGE_CURVE('',#2634,#2633,#1205,.T.);
#3184=EDGE_CURVE('',#2635,#2634,#1206,.T.);
#3185=EDGE_CURVE('',#2632,#2635,#1207,.T.);
#3186=EDGE_CURVE('',#2636,#2637,#1208,.T.);
#3187=EDGE_CURVE('',#2638,#2636,#1209,.T.);
#3188=EDGE_CURVE('',#2639,#2638,#1210,.T.);
#3189=EDGE_CURVE('',#2640,#2639,#1211,.T.);
#3190=EDGE_CURVE('',#2637,#2640,#1212,.T.);
#3191=EDGE_CURVE('',#2641,#2642,#1213,.T.);
#3192=EDGE_CURVE('',#2643,#2641,#1214,.T.);
#3193=EDGE_CURVE('',#2644,#2643,#1215,.T.);
#3194=EDGE_CURVE('',#2645,#2644,#1216,.T.);
#3195=EDGE_CURVE('',#2642,#2645,#1217,.T.);
#3196=EDGE_CURVE('',#2646,#2647,#1218,.T.);
#3197=EDGE_CURVE('',#2648,#2646,#1219,.T.);
#3198=EDGE_CURVE('',#2649,#2648,#1220,.T.);
#3199=EDGE_CURVE('',#2650,#2649,#1221,.T.);
#3200=EDGE_CURVE('',#2647,#2650,#1222,.T.);
#3201=EDGE_CURVE('',#2631,#2651,#1223,.T.);
#3202=EDGE_CURVE('',#2632,#2652,#1224,.T.);
#3203=EDGE_CURVE('',#2651,#2652,#1225,.T.);
#3204=EDGE_CURVE('',#2633,#2653,#1226,.T.);
#3205=EDGE_CURVE('',#2653,#2651,#1227,.T.);
#3206=EDGE_CURVE('',#2635,#2654,#1228,.T.);
#3207=EDGE_CURVE('',#2652,#2654,#1229,.T.);
#3208=EDGE_CURVE('',#2634,#2655,#1230,.T.);
#3209=EDGE_CURVE('',#2655,#2653,#1231,.T.);
#3210=EDGE_CURVE('',#2654,#2655,#1232,.T.);
#3211=EDGE_CURVE('',#2636,#2656,#1233,.T.);
#3212=EDGE_CURVE('',#2637,#2657,#1234,.T.);
#3213=EDGE_CURVE('',#2656,#2657,#1235,.T.);
#3214=EDGE_CURVE('',#2638,#2658,#1236,.T.);
#3215=EDGE_CURVE('',#2658,#2656,#1237,.T.);
#3216=EDGE_CURVE('',#2639,#2659,#1238,.T.);
#3217=EDGE_CURVE('',#2659,#2658,#1239,.T.);
#3218=EDGE_CURVE('',#2640,#2660,#1240,.T.);
#3219=EDGE_CURVE('',#2660,#2659,#1241,.T.);
#3220=EDGE_CURVE('',#2657,#2660,#1242,.T.);
#3221=EDGE_CURVE('',#2641,#2661,#1243,.T.);
#3222=EDGE_CURVE('',#2642,#2662,#1244,.T.);
#3223=EDGE_CURVE('',#2661,#2662,#1245,.T.);
#3224=EDGE_CURVE('',#2643,#2663,#1246,.T.);
#3225=EDGE_CURVE('',#2663,#2661,#1247,.T.);
#3226=EDGE_CURVE('',#2644,#2664,#1248,.T.);
#3227=EDGE_CURVE('',#2664,#2663,#1249,.T.);
#3228=EDGE_CURVE('',#2645,#2665,#1250,.T.);
#3229=EDGE_CURVE('',#2665,#2664,#1251,.T.);
#3230=EDGE_CURVE('',#2662,#2665,#1252,.T.);
#3231=EDGE_CURVE('',#2646,#2666,#1253,.T.);
#3232=EDGE_CURVE('',#2647,#2667,#1254,.T.);
#3233=EDGE_CURVE('',#2666,#2667,#1255,.T.);
#3234=EDGE_CURVE('',#2648,#2668,#1256,.T.);
#3235=EDGE_CURVE('',#2668,#2666,#1257,.T.);
#3236=EDGE_CURVE('',#2649,#2669,#1258,.T.);
#3237=EDGE_CURVE('',#2669,#2668,#1259,.T.);
#3238=EDGE_CURVE('',#2650,#2670,#1260,.T.);
#3239=EDGE_CURVE('',#2670,#2669,#1261,.T.);
#3240=EDGE_CURVE('',#2667,#2670,#1262,.T.);
#3241=EDGE_CURVE('',#2671,#2672,#1263,.T.);
#3242=EDGE_CURVE('',#2671,#2673,#1264,.T.);
#3243=EDGE_CURVE('',#2673,#2674,#1265,.T.);
#3244=EDGE_CURVE('',#2672,#2674,#1266,.T.);
#3245=EDGE_CURVE('',#2673,#2675,#2439,.T.);
#3246=EDGE_CURVE('',#2675,#2676,#1267,.T.);
#3247=EDGE_CURVE('',#2674,#2676,#2440,.T.);
#3248=EDGE_CURVE('',#2675,#2677,#1268,.T.);
#3249=EDGE_CURVE('',#2677,#2678,#1269,.T.);
#3250=EDGE_CURVE('',#2676,#2678,#1270,.T.);
#3251=EDGE_CURVE('',#2677,#2679,#2441,.T.);
#3252=EDGE_CURVE('',#2679,#2680,#1271,.T.);
#3253=EDGE_CURVE('',#2678,#2680,#2442,.T.);
#3254=EDGE_CURVE('',#2679,#2681,#1272,.T.);
#3255=EDGE_CURVE('',#2681,#2682,#1273,.T.);
#3256=EDGE_CURVE('',#2680,#2682,#1274,.T.);
#3257=EDGE_CURVE('',#2681,#2683,#2443,.T.);
#3258=EDGE_CURVE('',#2683,#2684,#1275,.T.);
#3259=EDGE_CURVE('',#2682,#2684,#2444,.T.);
#3260=EDGE_CURVE('',#2683,#2685,#1276,.T.);
#3261=EDGE_CURVE('',#2685,#2686,#1277,.T.);
#3262=EDGE_CURVE('',#2684,#2686,#1278,.T.);
#3263=EDGE_CURVE('',#2685,#2671,#2445,.T.);
#3264=EDGE_CURVE('',#2686,#2672,#2446,.T.);
#3265=EDGE_CURVE('',#2687,#2687,#2447,.T.);
#3266=EDGE_CURVE('',#2687,#2688,#1279,.T.);
#3267=EDGE_CURVE('',#2688,#2688,#2448,.T.);
#3268=EDGE_CURVE('',#2689,#2689,#2449,.T.);
#3269=EDGE_CURVE('',#2689,#2690,#1280,.T.);
#3270=EDGE_CURVE('',#2690,#2690,#2450,.T.);
#3271=EDGE_CURVE('',#2691,#2691,#2451,.T.);
#3272=EDGE_CURVE('',#2691,#2692,#1281,.T.);
#3273=EDGE_CURVE('',#2692,#2692,#2452,.T.);
#3274=EDGE_CURVE('',#2693,#2693,#2453,.T.);
#3275=EDGE_CURVE('',#2693,#2694,#1282,.T.);
#3276=EDGE_CURVE('',#2694,#2694,#2454,.T.);
#3277=EDGE_CURVE('',#2695,#2695,#2455,.T.);
#3278=EDGE_CURVE('',#2695,#2696,#1283,.T.);
#3279=EDGE_CURVE('',#2696,#2696,#2456,.T.);
#3280=EDGE_CURVE('',#2697,#2698,#1284,.T.);
#3281=EDGE_CURVE('',#2697,#2699,#2457,.T.);
#3282=EDGE_CURVE('',#2700,#2699,#1285,.T.);
#3283=EDGE_CURVE('',#2700,#2701,#2458,.T.);
#3284=EDGE_CURVE('',#2702,#2701,#1286,.T.);
#3285=EDGE_CURVE('',#2703,#2702,#2459,.T.);
#3286=EDGE_CURVE('',#2704,#2703,#1287,.T.);
#3287=EDGE_CURVE('',#2698,#2704,#2460,.T.);
#3288=EDGE_CURVE('',#2705,#2706,#1288,.T.);
#3289=EDGE_CURVE('',#2706,#2707,#1289,.T.);
#3290=EDGE_CURVE('',#2707,#2708,#1290,.T.);
#3291=EDGE_CURVE('',#2708,#2705,#1291,.T.);
#3292=EDGE_CURVE('',#2698,#2709,#1292,.T.);
#3293=EDGE_CURVE('',#2710,#2709,#1293,.T.);
#3294=EDGE_CURVE('',#2697,#2710,#1294,.T.);
#3295=EDGE_CURVE('',#2711,#2710,#2461,.T.);
#3296=EDGE_CURVE('',#2699,#2711,#1295,.T.);
#3297=EDGE_CURVE('',#2704,#2712,#1296,.T.);
#3298=EDGE_CURVE('',#2709,#2712,#2462,.T.);
#3299=EDGE_CURVE('',#2713,#2711,#1297,.T.);
#3300=EDGE_CURVE('',#2700,#2713,#1298,.T.);
#3301=EDGE_CURVE('',#2703,#2714,#1299,.T.);
#3302=EDGE_CURVE('',#2712,#2714,#1300,.T.);
#3303=EDGE_CURVE('',#2715,#2713,#2463,.T.);
#3304=EDGE_CURVE('',#2701,#2715,#1301,.T.);
#3305=EDGE_CURVE('',#2702,#2716,#1302,.T.);
#3306=EDGE_CURVE('',#2716,#2714,#2464,.T.);
#3307=EDGE_CURVE('',#2716,#2715,#1303,.T.);
#3308=EDGE_CURVE('',#2717,#2705,#1304,.T.);
#3309=EDGE_CURVE('',#2717,#2718,#1305,.T.);
#3310=EDGE_CURVE('',#2718,#2706,#1306,.T.);
#3311=EDGE_CURVE('',#2718,#2719,#1307,.T.);
#3312=EDGE_CURVE('',#2719,#2707,#1308,.T.);
#3313=EDGE_CURVE('',#2719,#2720,#1309,.T.);
#3314=EDGE_CURVE('',#2720,#2708,#1310,.T.);
#3315=EDGE_CURVE('',#2720,#2717,#1311,.T.);
#3316=EDGE_CURVE('',#2709,#2721,#2465,.T.);
#3317=EDGE_CURVE('',#2722,#2721,#1312,.T.);
#3318=EDGE_CURVE('',#2722,#2710,#2466,.T.);
#3319=EDGE_CURVE('',#2711,#2722,#2467,.T.);
#3320=EDGE_CURVE('',#2721,#2712,#2468,.T.);
#3321=EDGE_CURVE('',#2723,#2722,#1313,.T.);
#3322=EDGE_CURVE('',#2723,#2713,#2469,.T.);
#3323=EDGE_CURVE('',#2724,#2714,#2470,.T.);
#3324=EDGE_CURVE('',#2721,#2724,#1314,.T.);
#3325=EDGE_CURVE('',#2715,#2723,#2471,.T.);
#3326=EDGE_CURVE('',#2716,#2724,#2472,.T.);
#3327=EDGE_CURVE('',#2724,#2723,#1315,.T.);
#3328=EDGE_CURVE('',#2725,#2725,#2473,.T.);
#3329=EDGE_CURVE('',#2726,#2726,#2474,.T.);
#3330=EDGE_CURVE('',#2727,#2727,#2475,.T.);
#3331=EDGE_CURVE('',#2727,#2725,#1316,.T.);
#3332=EDGE_CURVE('',#2728,#2728,#2476,.T.);
#3333=EDGE_CURVE('',#2728,#2726,#1317,.T.);
#3334=EDGE_CURVE('',#2729,#2730,#1318,.T.);
#3335=EDGE_CURVE('',#2729,#2731,#1319,.T.);
#3336=EDGE_CURVE('',#2731,#2732,#1320,.T.);
#3337=EDGE_CURVE('',#2730,#2732,#1321,.T.);
#3338=EDGE_CURVE('',#2733,#2729,#1322,.T.);
#3339=EDGE_CURVE('',#2734,#2733,#1323,.T.);
#3340=EDGE_CURVE('',#2731,#2734,#1324,.T.);
#3341=EDGE_CURVE('',#2732,#2735,#1325,.T.);
#3342=EDGE_CURVE('',#2735,#2736,#1326,.T.);
#3343=EDGE_CURVE('',#2736,#2730,#1327,.T.);
#3344=EDGE_CURVE('',#2733,#2737,#2477,.T.);
#3345=EDGE_CURVE('',#2737,#2738,#1328,.T.);
#3346=EDGE_CURVE('',#2734,#2738,#2478,.T.);
#3347=EDGE_CURVE('',#2735,#2739,#2479,.T.);
#3348=EDGE_CURVE('',#2739,#2740,#1329,.T.);
#3349=EDGE_CURVE('',#2736,#2740,#2480,.T.);
#3350=EDGE_CURVE('',#2741,#2737,#1330,.T.);
#3351=EDGE_CURVE('',#2742,#2741,#1331,.T.);
#3352=EDGE_CURVE('',#2738,#2742,#1332,.T.);
#3353=EDGE_CURVE('',#2739,#2743,#1333,.T.);
#3354=EDGE_CURVE('',#2743,#2744,#1334,.T.);
#3355=EDGE_CURVE('',#2744,#2740,#1335,.T.);
#3356=EDGE_CURVE('',#2741,#2745,#2481,.T.);
#3357=EDGE_CURVE('',#2745,#2746,#1336,.T.);
#3358=EDGE_CURVE('',#2742,#2746,#2482,.T.);
#3359=EDGE_CURVE('',#2743,#2747,#2483,.T.);
#3360=EDGE_CURVE('',#2747,#2748,#1337,.T.);
#3361=EDGE_CURVE('',#2744,#2748,#2484,.T.);
#3362=EDGE_CURVE('',#2749,#2745,#1338,.T.);
#3363=EDGE_CURVE('',#2749,#2750,#1339,.T.);
#3364=EDGE_CURVE('',#2751,#2750,#1340,.T.);
#3365=EDGE_CURVE('',#2752,#2751,#1341,.T.);
#3366=EDGE_CURVE('',#2746,#2752,#1342,.T.);
#3367=EDGE_CURVE('',#2747,#2753,#1343,.T.);
#3368=EDGE_CURVE('',#2753,#2754,#1344,.T.);
#3369=EDGE_CURVE('',#2754,#2755,#1345,.T.);
#3370=EDGE_CURVE('',#2756,#2755,#1346,.T.);
#3371=EDGE_CURVE('',#2756,#2748,#1347,.T.);
#3372=EDGE_CURVE('',#2757,#2758,#1348,.T.);
#3373=EDGE_CURVE('',#2750,#2757,#101,.T.);
#3374=EDGE_CURVE('',#2756,#2749,#1349,.T.);
#3375=EDGE_CURVE('',#2755,#2759,#102,.T.);
#3376=EDGE_CURVE('',#2759,#2760,#1350,.T.);
#3377=EDGE_CURVE('',#2758,#2760,#1351,.T.);
#3378=EDGE_CURVE('',#2761,#2762,#1352,.T.);
#3379=EDGE_CURVE('',#2762,#2763,#1353,.T.);
#3380=EDGE_CURVE('',#2764,#2763,#1354,.T.);
#3381=EDGE_CURVE('',#2754,#2764,#103,.T.);
#3382=EDGE_CURVE('',#2753,#2752,#1355,.T.);
#3383=EDGE_CURVE('',#2751,#2761,#104,.T.);
#3384=EDGE_CURVE('',#2761,#2757,#1356,.T.);
#3385=EDGE_CURVE('',#2759,#2764,#1357,.T.);
#3386=EDGE_CURVE('',#2758,#2762,#2485,.T.);
#3387=EDGE_CURVE('',#2760,#2763,#2486,.T.);
#3388=EDGE_CURVE('',#2765,#2765,#2487,.T.);
#3389=EDGE_CURVE('',#2766,#2766,#2488,.T.);
#3390=EDGE_CURVE('',#2766,#2765,#2489,.T.);
#3391=EDGE_CURVE('',#2767,#2767,#2490,.T.);
#3392=EDGE_CURVE('',#2767,#2766,#1358,.T.);
#3393=EDGE_CURVE('',#2768,#2768,#2491,.T.);
#3394=EDGE_CURVE('',#2769,#2769,#2492,.T.);
#3395=EDGE_CURVE('',#2769,#2768,#1359,.T.);
#3396=EDGE_CURVE('',#2770,#2770,#2493,.T.);
#3397=EDGE_CURVE('',#2771,#2772,#2494,.T.);
#3398=EDGE_CURVE('',#2772,#2773,#1360,.T.);
#3399=EDGE_CURVE('',#2773,#2774,#2495,.T.);
#3400=EDGE_CURVE('',#2774,#2775,#1361,.T.);
#3401=EDGE_CURVE('',#2775,#2776,#2496,.T.);
#3402=EDGE_CURVE('',#2776,#2777,#1362,.T.);
#3403=EDGE_CURVE('',#2777,#2778,#2497,.T.);
#3404=EDGE_CURVE('',#2778,#2779,#1363,.T.);
#3405=EDGE_CURVE('',#2779,#2780,#2498,.T.);
#3406=EDGE_CURVE('',#2780,#2770,#1364,.T.);
#3407=EDGE_CURVE('',#2780,#2781,#2499,.T.);
#3408=EDGE_CURVE('',#2781,#2782,#1365,.T.);
#3409=EDGE_CURVE('',#2782,#2783,#2500,.T.);
#3410=EDGE_CURVE('',#2783,#2784,#1366,.T.);
#3411=EDGE_CURVE('',#2784,#2785,#2501,.T.);
#3412=EDGE_CURVE('',#2785,#2786,#1367,.T.);
#3413=EDGE_CURVE('',#2786,#2787,#2502,.T.);
#3414=EDGE_CURVE('',#2787,#2771,#1368,.T.);
#3415=EDGE_CURVE('',#2771,#2788,#1369,.T.);
#3416=EDGE_CURVE('',#2788,#2789,#1370,.T.);
#3417=EDGE_CURVE('',#2789,#2772,#1371,.T.);
#3418=EDGE_CURVE('',#2790,#2773,#1372,.T.);
#3419=EDGE_CURVE('',#2790,#2789,#1373,.T.);
#3420=EDGE_CURVE('',#2791,#2790,#1374,.T.);
#3421=EDGE_CURVE('',#2792,#2791,#1375,.T.);
#3422=EDGE_CURVE('',#2793,#2792,#1376,.T.);
#3423=EDGE_CURVE('',#2794,#2793,#1377,.T.);
#3424=EDGE_CURVE('',#2795,#2794,#1378,.T.);
#3425=EDGE_CURVE('',#2787,#2795,#1379,.T.);
#3426=EDGE_CURVE('',#2796,#2786,#1380,.T.);
#3427=EDGE_CURVE('',#2797,#2796,#1381,.T.);
#3428=EDGE_CURVE('',#2798,#2797,#1382,.T.);
#3429=EDGE_CURVE('',#2799,#2798,#1383,.T.);
#3430=EDGE_CURVE('',#2800,#2799,#1384,.T.);
#3431=EDGE_CURVE('',#2801,#2800,#1385,.T.);
#3432=EDGE_CURVE('',#2783,#2801,#1386,.T.);
#3433=EDGE_CURVE('',#2802,#2782,#1387,.T.);
#3434=EDGE_CURVE('',#2803,#2802,#1388,.T.);
#3435=EDGE_CURVE('',#2804,#2803,#1389,.T.);
#3436=EDGE_CURVE('',#2805,#2804,#1390,.T.);
#3437=EDGE_CURVE('',#2806,#2805,#1391,.T.);
#3438=EDGE_CURVE('',#2807,#2806,#1392,.T.);
#3439=EDGE_CURVE('',#2778,#2807,#1393,.T.);
#3440=EDGE_CURVE('',#2808,#2777,#1394,.T.);
#3441=EDGE_CURVE('',#2809,#2808,#1395,.T.);
#3442=EDGE_CURVE('',#2810,#2809,#1396,.T.);
#3443=EDGE_CURVE('',#2811,#2810,#1397,.T.);
#3444=EDGE_CURVE('',#2812,#2811,#1398,.T.);
#3445=EDGE_CURVE('',#2813,#2812,#1399,.T.);
#3446=EDGE_CURVE('',#2774,#2813,#1400,.T.);
#3447=EDGE_CURVE('',#2813,#2814,#1401,.T.);
#3448=EDGE_CURVE('',#2775,#2814,#1402,.T.);
#3449=EDGE_CURVE('',#2814,#2815,#1403,.T.);
#3450=EDGE_CURVE('',#2815,#2776,#1404,.T.);
#3451=EDGE_CURVE('',#2808,#2815,#1405,.T.);
#3452=EDGE_CURVE('',#2807,#2816,#1406,.T.);
#3453=EDGE_CURVE('',#2779,#2816,#1407,.T.);
#3454=EDGE_CURVE('',#2816,#2817,#1408,.T.);
#3455=EDGE_CURVE('',#2817,#2781,#1409,.T.);
#3456=EDGE_CURVE('',#2802,#2817,#1410,.T.);
#3457=EDGE_CURVE('',#2801,#2818,#1411,.T.);
#3458=EDGE_CURVE('',#2784,#2818,#1412,.T.);
#3459=EDGE_CURVE('',#2818,#2819,#1413,.T.);
#3460=EDGE_CURVE('',#2819,#2785,#1414,.T.);
#3461=EDGE_CURVE('',#2796,#2819,#1415,.T.);
#3462=EDGE_CURVE('',#2795,#2788,#1416,.T.);
#3463=EDGE_CURVE('',#2794,#2820,#1417,.T.);
#3464=EDGE_CURVE('',#2821,#2820,#1418,.T.);
#3465=EDGE_CURVE('',#2791,#2821,#1419,.T.);
#3466=EDGE_CURVE('',#2792,#2822,#1420,.T.);
#3467=EDGE_CURVE('',#2823,#2821,#1421,.T.);
#3468=EDGE_CURVE('',#2823,#2824,#1422,.T.);
#3469=EDGE_CURVE('',#2824,#2825,#1423,.T.);
#3470=EDGE_CURVE('',#2825,#2822,#1424,.T.);
#3471=EDGE_CURVE('',#2826,#2822,#1425,.T.);
#3472=EDGE_CURVE('',#2793,#2826,#1426,.T.);
#3473=EDGE_CURVE('',#2827,#2826,#1427,.T.);
#3474=EDGE_CURVE('',#2828,#2827,#1428,.T.);
#3475=EDGE_CURVE('',#2829,#2828,#1429,.T.);
#3476=EDGE_CURVE('',#2820,#2829,#1430,.T.);
#3477=EDGE_CURVE('',#2800,#2830,#1431,.T.);
#3478=EDGE_CURVE('',#2831,#2830,#1432,.T.);
#3479=EDGE_CURVE('',#2797,#2831,#1433,.T.);
#3480=EDGE_CURVE('',#2798,#2832,#1434,.T.);
#3481=EDGE_CURVE('',#2832,#2831,#1435,.T.);
#3482=EDGE_CURVE('',#2799,#2833,#1436,.T.);
#3483=EDGE_CURVE('',#2833,#2832,#1437,.T.);
#3484=EDGE_CURVE('',#2830,#2833,#1438,.T.);
#3485=EDGE_CURVE('',#2806,#2834,#1439,.T.);
#3486=EDGE_CURVE('',#2835,#2834,#1440,.T.);
#3487=EDGE_CURVE('',#2803,#2835,#1441,.T.);
#3488=EDGE_CURVE('',#2804,#2836,#1442,.T.);
#3489=EDGE_CURVE('',#2837,#2835,#1443,.T.);
#3490=EDGE_CURVE('',#2837,#2838,#1444,.T.);
#3491=EDGE_CURVE('',#2838,#2839,#1445,.T.);
#3492=EDGE_CURVE('',#2839,#2836,#1446,.T.);
#3493=EDGE_CURVE('',#2836,#2840,#1447,.T.);
#3494=EDGE_CURVE('',#2805,#2840,#1448,.T.);
#3495=EDGE_CURVE('',#2841,#2840,#1449,.T.);
#3496=EDGE_CURVE('',#2842,#2841,#1450,.T.);
#3497=EDGE_CURVE('',#2843,#2842,#1451,.T.);
#3498=EDGE_CURVE('',#2834,#2843,#1452,.T.);
#3499=EDGE_CURVE('',#2812,#2844,#1453,.T.);
#3500=EDGE_CURVE('',#2845,#2844,#1454,.T.);
#3501=EDGE_CURVE('',#2809,#2845,#1455,.T.);
#3502=EDGE_CURVE('',#2810,#2846,#1456,.T.);
#3503=EDGE_CURVE('',#2846,#2845,#1457,.T.);
#3504=EDGE_CURVE('',#2811,#2847,#1458,.T.);
#3505=EDGE_CURVE('',#2847,#2846,#1459,.T.);
#3506=EDGE_CURVE('',#2844,#2847,#1460,.T.);
#3507=EDGE_CURVE('',#2829,#2823,#1461,.T.);
#3508=EDGE_CURVE('',#2828,#2824,#1462,.T.);
#3509=EDGE_CURVE('',#2827,#2825,#1463,.T.);
#3510=EDGE_CURVE('',#2843,#2837,#1464,.T.);
#3511=EDGE_CURVE('',#2838,#2842,#1465,.T.);
#3512=EDGE_CURVE('',#2839,#2841,#1466,.T.);
#3513=EDGE_CURVE('',#2848,#2848,#2503,.T.);
#3514=EDGE_CURVE('',#2848,#2849,#1467,.T.);
#3515=EDGE_CURVE('',#2850,#2849,#2504,.T.);
#3516=EDGE_CURVE('',#2849,#2850,#2505,.T.);
#3517=EDGE_CURVE('',#2850,#2851,#2506,.T.);
#3518=EDGE_CURVE('',#2851,#2851,#2507,.T.);
#3519=EDGE_CURVE('',#2852,#2853,#1468,.T.);
#3520=EDGE_CURVE('',#2853,#2854,#1469,.T.);
#3521=EDGE_CURVE('',#2854,#2855,#1470,.T.);
#3522=EDGE_CURVE('',#2855,#2852,#1471,.T.);
#3523=EDGE_CURVE('',#2856,#2856,#2508,.T.);
#3524=EDGE_CURVE('',#2857,#2857,#2509,.T.);
#3525=EDGE_CURVE('',#2858,#2858,#2510,.T.);
#3526=EDGE_CURVE('',#2859,#2852,#1472,.T.);
#3527=EDGE_CURVE('',#2859,#2860,#1473,.T.);
#3528=EDGE_CURVE('',#2860,#2853,#1474,.T.);
#3529=EDGE_CURVE('',#2861,#2855,#1475,.T.);
#3530=EDGE_CURVE('',#2861,#2859,#1476,.T.);
#3531=EDGE_CURVE('',#2860,#2862,#1477,.T.);
#3532=EDGE_CURVE('',#2862,#2854,#1478,.T.);
#3533=EDGE_CURVE('',#2862,#2861,#1479,.T.);
#3534=EDGE_CURVE('',#2856,#2863,#1480,.T.);
#3535=EDGE_CURVE('',#2864,#2863,#2511,.T.);
#3536=EDGE_CURVE('',#2863,#2864,#2512,.T.);
#3537=EDGE_CURVE('',#2857,#2865,#1481,.T.);
#3538=EDGE_CURVE('',#2866,#2865,#2513,.T.);
#3539=EDGE_CURVE('',#2865,#2866,#2514,.T.);
#3540=EDGE_CURVE('',#2858,#2867,#1482,.T.);
#3541=EDGE_CURVE('',#2868,#2867,#2515,.T.);
#3542=EDGE_CURVE('',#2867,#2868,#2516,.T.);
#3543=EDGE_CURVE('',#2869,#2870,#1483,.T.);
#3544=EDGE_CURVE('',#2870,#2871,#1484,.T.);
#3545=EDGE_CURVE('',#2871,#2872,#1485,.T.);
#3546=EDGE_CURVE('',#2872,#2873,#1486,.T.);
#3547=EDGE_CURVE('',#2873,#2874,#1487,.T.);
#3548=EDGE_CURVE('',#2874,#2875,#1488,.T.);
#3549=EDGE_CURVE('',#2875,#2876,#1489,.T.);
#3550=EDGE_CURVE('',#2876,#2869,#1490,.T.);
#3551=EDGE_CURVE('',#2864,#2877,#2517,.T.);
#3552=EDGE_CURVE('',#2877,#2877,#2518,.T.);
#3553=EDGE_CURVE('',#2866,#2878,#2519,.T.);
#3554=EDGE_CURVE('',#2878,#2878,#2520,.T.);
#3555=EDGE_CURVE('',#2868,#2879,#2521,.T.);
#3556=EDGE_CURVE('',#2879,#2879,#2522,.T.);
#3557=EDGE_CURVE('',#2880,#2869,#1491,.T.);
#3558=EDGE_CURVE('',#2880,#2881,#1492,.T.);
#3559=EDGE_CURVE('',#2881,#2870,#1493,.T.);
#3560=EDGE_CURVE('',#2882,#2876,#1494,.T.);
#3561=EDGE_CURVE('',#2882,#2880,#1495,.T.);
#3562=EDGE_CURVE('',#2881,#2883,#1496,.T.);
#3563=EDGE_CURVE('',#2883,#2871,#1497,.T.);
#3564=EDGE_CURVE('',#2884,#2875,#1498,.T.);
#3565=EDGE_CURVE('',#2884,#2882,#1499,.T.);
#3566=EDGE_CURVE('',#2883,#2885,#1500,.T.);
#3567=EDGE_CURVE('',#2885,#2872,#1501,.T.);
#3568=EDGE_CURVE('',#2886,#2874,#1502,.T.);
#3569=EDGE_CURVE('',#2886,#2884,#1503,.T.);
#3570=EDGE_CURVE('',#2885,#2887,#1504,.T.);
#3571=EDGE_CURVE('',#2887,#2873,#1505,.T.);
#3572=EDGE_CURVE('',#2887,#2886,#1506,.T.);
#3573=EDGE_CURVE('',#2888,#2889,#1507,.T.);
#3574=EDGE_CURVE('',#2890,#2888,#1508,.T.);
#3575=EDGE_CURVE('',#2891,#2890,#1509,.T.);
#3576=EDGE_CURVE('',#2892,#2891,#1510,.T.);
#3577=EDGE_CURVE('',#2889,#2892,#1511,.T.);
#3578=EDGE_CURVE('',#2893,#2894,#1512,.T.);
#3579=EDGE_CURVE('',#2895,#2893,#1513,.T.);
#3580=EDGE_CURVE('',#2896,#2895,#1514,.T.);
#3581=EDGE_CURVE('',#2897,#2896,#1515,.T.);
#3582=EDGE_CURVE('',#2894,#2897,#1516,.T.);
#3583=EDGE_CURVE('',#2898,#2899,#1517,.T.);
#3584=EDGE_CURVE('',#2900,#2898,#1518,.T.);
#3585=EDGE_CURVE('',#2901,#2900,#1519,.T.);
#3586=EDGE_CURVE('',#2902,#2901,#1520,.T.);
#3587=EDGE_CURVE('',#2899,#2902,#1521,.T.);
#3588=EDGE_CURVE('',#2903,#2904,#1522,.T.);
#3589=EDGE_CURVE('',#2905,#2903,#1523,.T.);
#3590=EDGE_CURVE('',#2906,#2905,#1524,.T.);
#3591=EDGE_CURVE('',#2907,#2906,#1525,.T.);
#3592=EDGE_CURVE('',#2904,#2907,#1526,.T.);
#3593=EDGE_CURVE('',#2888,#2908,#1527,.T.);
#3594=EDGE_CURVE('',#2889,#2909,#1528,.T.);
#3595=EDGE_CURVE('',#2908,#2909,#1529,.T.);
#3596=EDGE_CURVE('',#2890,#2910,#1530,.T.);
#3597=EDGE_CURVE('',#2910,#2908,#1531,.T.);
#3598=EDGE_CURVE('',#2892,#2911,#1532,.T.);
#3599=EDGE_CURVE('',#2909,#2911,#1533,.T.);
#3600=EDGE_CURVE('',#2891,#2912,#1534,.T.);
#3601=EDGE_CURVE('',#2912,#2910,#1535,.T.);
#3602=EDGE_CURVE('',#2911,#2912,#1536,.T.);
#3603=EDGE_CURVE('',#2893,#2913,#1537,.T.);
#3604=EDGE_CURVE('',#2894,#2914,#1538,.T.);
#3605=EDGE_CURVE('',#2913,#2914,#1539,.T.);
#3606=EDGE_CURVE('',#2895,#2915,#1540,.T.);
#3607=EDGE_CURVE('',#2915,#2913,#1541,.T.);
#3608=EDGE_CURVE('',#2896,#2916,#1542,.T.);
#3609=EDGE_CURVE('',#2916,#2915,#1543,.T.);
#3610=EDGE_CURVE('',#2897,#2917,#1544,.T.);
#3611=EDGE_CURVE('',#2917,#2916,#1545,.T.);
#3612=EDGE_CURVE('',#2914,#2917,#1546,.T.);
#3613=EDGE_CURVE('',#2898,#2918,#1547,.T.);
#3614=EDGE_CURVE('',#2899,#2919,#1548,.T.);
#3615=EDGE_CURVE('',#2918,#2919,#1549,.T.);
#3616=EDGE_CURVE('',#2900,#2920,#1550,.T.);
#3617=EDGE_CURVE('',#2920,#2918,#1551,.T.);
#3618=EDGE_CURVE('',#2901,#2921,#1552,.T.);
#3619=EDGE_CURVE('',#2921,#2920,#1553,.T.);
#3620=EDGE_CURVE('',#2902,#2922,#1554,.T.);
#3621=EDGE_CURVE('',#2922,#2921,#1555,.T.);
#3622=EDGE_CURVE('',#2919,#2922,#1556,.T.);
#3623=EDGE_CURVE('',#2903,#2923,#1557,.T.);
#3624=EDGE_CURVE('',#2904,#2924,#1558,.T.);
#3625=EDGE_CURVE('',#2923,#2924,#1559,.T.);
#3626=EDGE_CURVE('',#2905,#2925,#1560,.T.);
#3627=EDGE_CURVE('',#2925,#2923,#1561,.T.);
#3628=EDGE_CURVE('',#2906,#2926,#1562,.T.);
#3629=EDGE_CURVE('',#2926,#2925,#1563,.T.);
#3630=EDGE_CURVE('',#2907,#2927,#1564,.T.);
#3631=EDGE_CURVE('',#2927,#2926,#1565,.T.);
#3632=EDGE_CURVE('',#2924,#2927,#1566,.T.);
#3633=EDGE_CURVE('',#2928,#2929,#1567,.T.);
#3634=EDGE_CURVE('',#2928,#2930,#1568,.T.);
#3635=EDGE_CURVE('',#2930,#2931,#1569,.T.);
#3636=EDGE_CURVE('',#2929,#2931,#1570,.T.);
#3637=EDGE_CURVE('',#2930,#2932,#2523,.T.);
#3638=EDGE_CURVE('',#2932,#2933,#1571,.T.);
#3639=EDGE_CURVE('',#2931,#2933,#2524,.T.);
#3640=EDGE_CURVE('',#2932,#2934,#1572,.T.);
#3641=EDGE_CURVE('',#2934,#2935,#1573,.T.);
#3642=EDGE_CURVE('',#2933,#2935,#1574,.T.);
#3643=EDGE_CURVE('',#2934,#2936,#2525,.T.);
#3644=EDGE_CURVE('',#2936,#2937,#1575,.T.);
#3645=EDGE_CURVE('',#2935,#2937,#2526,.T.);
#3646=EDGE_CURVE('',#2936,#2938,#1576,.T.);
#3647=EDGE_CURVE('',#2938,#2939,#1577,.T.);
#3648=EDGE_CURVE('',#2937,#2939,#1578,.T.);
#3649=EDGE_CURVE('',#2938,#2940,#2527,.T.);
#3650=EDGE_CURVE('',#2940,#2941,#1579,.T.);
#3651=EDGE_CURVE('',#2939,#2941,#2528,.T.);
#3652=EDGE_CURVE('',#2940,#2942,#1580,.T.);
#3653=EDGE_CURVE('',#2942,#2943,#1581,.T.);
#3654=EDGE_CURVE('',#2941,#2943,#1582,.T.);
#3655=EDGE_CURVE('',#2942,#2928,#2529,.T.);
#3656=EDGE_CURVE('',#2943,#2929,#2530,.T.);
#3657=EDGE_CURVE('',#2944,#2944,#2531,.T.);
#3658=EDGE_CURVE('',#2944,#2945,#1583,.T.);
#3659=EDGE_CURVE('',#2945,#2945,#2532,.T.);
#3660=EDGE_CURVE('',#2946,#2946,#2533,.T.);
#3661=EDGE_CURVE('',#2946,#2947,#1584,.T.);
#3662=EDGE_CURVE('',#2947,#2947,#2534,.T.);
#3663=EDGE_CURVE('',#2948,#2948,#2535,.T.);
#3664=EDGE_CURVE('',#2948,#2949,#1585,.T.);
#3665=EDGE_CURVE('',#2949,#2949,#2536,.T.);
#3666=EDGE_CURVE('',#2950,#2950,#2537,.T.);
#3667=EDGE_CURVE('',#2950,#2951,#1586,.T.);
#3668=EDGE_CURVE('',#2951,#2951,#2538,.T.);
#3669=EDGE_CURVE('',#2952,#2952,#2539,.T.);
#3670=EDGE_CURVE('',#2952,#2953,#1587,.T.);
#3671=EDGE_CURVE('',#2953,#2953,#2540,.T.);
#3672=EDGE_CURVE('',#2954,#2955,#1588,.T.);
#3673=EDGE_CURVE('',#2954,#2956,#2541,.T.);
#3674=EDGE_CURVE('',#2957,#2956,#1589,.T.);
#3675=EDGE_CURVE('',#2957,#2958,#2542,.T.);
#3676=EDGE_CURVE('',#2959,#2958,#1590,.T.);
#3677=EDGE_CURVE('',#2960,#2959,#2543,.T.);
#3678=EDGE_CURVE('',#2961,#2960,#1591,.T.);
#3679=EDGE_CURVE('',#2955,#2961,#2544,.T.);
#3680=EDGE_CURVE('',#2962,#2963,#1592,.T.);
#3681=EDGE_CURVE('',#2963,#2964,#1593,.T.);
#3682=EDGE_CURVE('',#2964,#2965,#1594,.T.);
#3683=EDGE_CURVE('',#2965,#2962,#1595,.T.);
#3684=EDGE_CURVE('',#2955,#2966,#1596,.T.);
#3685=EDGE_CURVE('',#2967,#2966,#1597,.T.);
#3686=EDGE_CURVE('',#2954,#2967,#1598,.T.);
#3687=EDGE_CURVE('',#2968,#2967,#2545,.T.);
#3688=EDGE_CURVE('',#2956,#2968,#1599,.T.);
#3689=EDGE_CURVE('',#2961,#2969,#1600,.T.);
#3690=EDGE_CURVE('',#2966,#2969,#2546,.T.);
#3691=EDGE_CURVE('',#2970,#2968,#1601,.T.);
#3692=EDGE_CURVE('',#2957,#2970,#1602,.T.);
#3693=EDGE_CURVE('',#2960,#2971,#1603,.T.);
#3694=EDGE_CURVE('',#2969,#2971,#1604,.T.);
#3695=EDGE_CURVE('',#2972,#2970,#2547,.T.);
#3696=EDGE_CURVE('',#2958,#2972,#1605,.T.);
#3697=EDGE_CURVE('',#2959,#2973,#1606,.T.);
#3698=EDGE_CURVE('',#2973,#2971,#2548,.T.);
#3699=EDGE_CURVE('',#2973,#2972,#1607,.T.);
#3700=EDGE_CURVE('',#2974,#2962,#1608,.T.);
#3701=EDGE_CURVE('',#2974,#2975,#1609,.T.);
#3702=EDGE_CURVE('',#2975,#2963,#1610,.T.);
#3703=EDGE_CURVE('',#2975,#2976,#1611,.T.);
#3704=EDGE_CURVE('',#2976,#2964,#1612,.T.);
#3705=EDGE_CURVE('',#2976,#2977,#1613,.T.);
#3706=EDGE_CURVE('',#2977,#2965,#1614,.T.);
#3707=EDGE_CURVE('',#2977,#2974,#1615,.T.);
#3708=EDGE_CURVE('',#2966,#2978,#2549,.T.);
#3709=EDGE_CURVE('',#2979,#2978,#1616,.T.);
#3710=EDGE_CURVE('',#2979,#2967,#2550,.T.);
#3711=EDGE_CURVE('',#2968,#2979,#2551,.T.);
#3712=EDGE_CURVE('',#2978,#2969,#2552,.T.);
#3713=EDGE_CURVE('',#2980,#2979,#1617,.T.);
#3714=EDGE_CURVE('',#2980,#2970,#2553,.T.);
#3715=EDGE_CURVE('',#2981,#2971,#2554,.T.);
#3716=EDGE_CURVE('',#2978,#2981,#1618,.T.);
#3717=EDGE_CURVE('',#2972,#2980,#2555,.T.);
#3718=EDGE_CURVE('',#2973,#2981,#2556,.T.);
#3719=EDGE_CURVE('',#2981,#2980,#1619,.T.);
#3720=EDGE_CURVE('',#2982,#2982,#2557,.T.);
#3721=EDGE_CURVE('',#2983,#2983,#2558,.T.);
#3722=EDGE_CURVE('',#2984,#2984,#2559,.T.);
#3723=EDGE_CURVE('',#2984,#2982,#1620,.T.);
#3724=EDGE_CURVE('',#2985,#2985,#2560,.T.);
#3725=EDGE_CURVE('',#2985,#2983,#1621,.T.);
#3726=EDGE_CURVE('',#2986,#2987,#1622,.T.);
#3727=EDGE_CURVE('',#2986,#2988,#1623,.T.);
#3728=EDGE_CURVE('',#2988,#2989,#1624,.T.);
#3729=EDGE_CURVE('',#2987,#2989,#1625,.T.);
#3730=EDGE_CURVE('',#2990,#2986,#1626,.T.);
#3731=EDGE_CURVE('',#2991,#2990,#1627,.T.);
#3732=EDGE_CURVE('',#2988,#2991,#1628,.T.);
#3733=EDGE_CURVE('',#2989,#2992,#1629,.T.);
#3734=EDGE_CURVE('',#2992,#2993,#1630,.T.);
#3735=EDGE_CURVE('',#2993,#2987,#1631,.T.);
#3736=EDGE_CURVE('',#2990,#2994,#2561,.T.);
#3737=EDGE_CURVE('',#2994,#2995,#1632,.T.);
#3738=EDGE_CURVE('',#2991,#2995,#2562,.T.);
#3739=EDGE_CURVE('',#2992,#2996,#2563,.T.);
#3740=EDGE_CURVE('',#2996,#2997,#1633,.T.);
#3741=EDGE_CURVE('',#2993,#2997,#2564,.T.);
#3742=EDGE_CURVE('',#2998,#2994,#1634,.T.);
#3743=EDGE_CURVE('',#2999,#2998,#1635,.T.);
#3744=EDGE_CURVE('',#2995,#2999,#1636,.T.);
#3745=EDGE_CURVE('',#2996,#3000,#1637,.T.);
#3746=EDGE_CURVE('',#3000,#3001,#1638,.T.);
#3747=EDGE_CURVE('',#3001,#2997,#1639,.T.);
#3748=EDGE_CURVE('',#2998,#3002,#2565,.T.);
#3749=EDGE_CURVE('',#3002,#3003,#1640,.T.);
#3750=EDGE_CURVE('',#2999,#3003,#2566,.T.);
#3751=EDGE_CURVE('',#3000,#3004,#2567,.T.);
#3752=EDGE_CURVE('',#3004,#3005,#1641,.T.);
#3753=EDGE_CURVE('',#3001,#3005,#2568,.T.);
#3754=EDGE_CURVE('',#3006,#3002,#1642,.T.);
#3755=EDGE_CURVE('',#3006,#3007,#1643,.T.);
#3756=EDGE_CURVE('',#3008,#3007,#1644,.T.);
#3757=EDGE_CURVE('',#3009,#3008,#1645,.T.);
#3758=EDGE_CURVE('',#3003,#3009,#1646,.T.);
#3759=EDGE_CURVE('',#3004,#3010,#1647,.T.);
#3760=EDGE_CURVE('',#3010,#3011,#1648,.T.);
#3761=EDGE_CURVE('',#3011,#3012,#1649,.T.);
#3762=EDGE_CURVE('',#3013,#3012,#1650,.T.);
#3763=EDGE_CURVE('',#3013,#3005,#1651,.T.);
#3764=EDGE_CURVE('',#3014,#3015,#1652,.T.);
#3765=EDGE_CURVE('',#3007,#3014,#105,.T.);
#3766=EDGE_CURVE('',#3013,#3006,#1653,.T.);
#3767=EDGE_CURVE('',#3012,#3016,#106,.T.);
#3768=EDGE_CURVE('',#3016,#3017,#1654,.T.);
#3769=EDGE_CURVE('',#3015,#3017,#1655,.T.);
#3770=EDGE_CURVE('',#3018,#3019,#1656,.T.);
#3771=EDGE_CURVE('',#3019,#3020,#1657,.T.);
#3772=EDGE_CURVE('',#3021,#3020,#1658,.T.);
#3773=EDGE_CURVE('',#3011,#3021,#107,.T.);
#3774=EDGE_CURVE('',#3010,#3009,#1659,.T.);
#3775=EDGE_CURVE('',#3008,#3018,#108,.T.);
#3776=EDGE_CURVE('',#3018,#3014,#1660,.T.);
#3777=EDGE_CURVE('',#3016,#3021,#1661,.T.);
#3778=EDGE_CURVE('',#3015,#3019,#2569,.T.);
#3779=EDGE_CURVE('',#3017,#3020,#2570,.T.);
#3780=EDGE_CURVE('',#3022,#3022,#2571,.T.);
#3781=EDGE_CURVE('',#3023,#3023,#2572,.T.);
#3782=EDGE_CURVE('',#3023,#3022,#2573,.T.);
#3783=EDGE_CURVE('',#3024,#3024,#2574,.T.);
#3784=EDGE_CURVE('',#3024,#3023,#1662,.T.);
#3785=EDGE_CURVE('',#3025,#3025,#2575,.T.);
#3786=EDGE_CURVE('',#3026,#3026,#2576,.T.);
#3787=EDGE_CURVE('',#3026,#3025,#1663,.T.);
#3788=EDGE_CURVE('',#3027,#3027,#2577,.T.);
#3789=EDGE_CURVE('',#3028,#3029,#2578,.T.);
#3790=EDGE_CURVE('',#3029,#3030,#1664,.T.);
#3791=EDGE_CURVE('',#3030,#3031,#2579,.T.);
#3792=EDGE_CURVE('',#3031,#3032,#1665,.T.);
#3793=EDGE_CURVE('',#3032,#3033,#2580,.T.);
#3794=EDGE_CURVE('',#3033,#3034,#1666,.T.);
#3795=EDGE_CURVE('',#3034,#3035,#2581,.T.);
#3796=EDGE_CURVE('',#3035,#3036,#1667,.T.);
#3797=EDGE_CURVE('',#3036,#3037,#2582,.T.);
#3798=EDGE_CURVE('',#3037,#3027,#1668,.T.);
#3799=EDGE_CURVE('',#3037,#3038,#2583,.T.);
#3800=EDGE_CURVE('',#3038,#3039,#1669,.T.);
#3801=EDGE_CURVE('',#3039,#3040,#2584,.T.);
#3802=EDGE_CURVE('',#3040,#3041,#1670,.T.);
#3803=EDGE_CURVE('',#3041,#3042,#2585,.T.);
#3804=EDGE_CURVE('',#3042,#3043,#1671,.T.);
#3805=EDGE_CURVE('',#3043,#3044,#2586,.T.);
#3806=EDGE_CURVE('',#3044,#3028,#1672,.T.);
#3807=EDGE_CURVE('',#3028,#3045,#1673,.T.);
#3808=EDGE_CURVE('',#3045,#3046,#1674,.T.);
#3809=EDGE_CURVE('',#3046,#3029,#1675,.T.);
#3810=EDGE_CURVE('',#3047,#3030,#1676,.T.);
#3811=EDGE_CURVE('',#3047,#3046,#1677,.T.);
#3812=EDGE_CURVE('',#3048,#3047,#1678,.T.);
#3813=EDGE_CURVE('',#3049,#3048,#1679,.T.);
#3814=EDGE_CURVE('',#3050,#3049,#1680,.T.);
#3815=EDGE_CURVE('',#3051,#3050,#1681,.T.);
#3816=EDGE_CURVE('',#3052,#3051,#1682,.T.);
#3817=EDGE_CURVE('',#3044,#3052,#1683,.T.);
#3818=EDGE_CURVE('',#3053,#3043,#1684,.T.);
#3819=EDGE_CURVE('',#3054,#3053,#1685,.T.);
#3820=EDGE_CURVE('',#3055,#3054,#1686,.T.);
#3821=EDGE_CURVE('',#3056,#3055,#1687,.T.);
#3822=EDGE_CURVE('',#3057,#3056,#1688,.T.);
#3823=EDGE_CURVE('',#3058,#3057,#1689,.T.);
#3824=EDGE_CURVE('',#3040,#3058,#1690,.T.);
#3825=EDGE_CURVE('',#3059,#3039,#1691,.T.);
#3826=EDGE_CURVE('',#3060,#3059,#1692,.T.);
#3827=EDGE_CURVE('',#3061,#3060,#1693,.T.);
#3828=EDGE_CURVE('',#3062,#3061,#1694,.T.);
#3829=EDGE_CURVE('',#3063,#3062,#1695,.T.);
#3830=EDGE_CURVE('',#3064,#3063,#1696,.T.);
#3831=EDGE_CURVE('',#3035,#3064,#1697,.T.);
#3832=EDGE_CURVE('',#3065,#3034,#1698,.T.);
#3833=EDGE_CURVE('',#3066,#3065,#1699,.T.);
#3834=EDGE_CURVE('',#3067,#3066,#1700,.T.);
#3835=EDGE_CURVE('',#3068,#3067,#1701,.T.);
#3836=EDGE_CURVE('',#3069,#3068,#1702,.T.);
#3837=EDGE_CURVE('',#3070,#3069,#1703,.T.);
#3838=EDGE_CURVE('',#3031,#3070,#1704,.T.);
#3839=EDGE_CURVE('',#3070,#3071,#1705,.T.);
#3840=EDGE_CURVE('',#3032,#3071,#1706,.T.);
#3841=EDGE_CURVE('',#3071,#3072,#1707,.T.);
#3842=EDGE_CURVE('',#3072,#3033,#1708,.T.);
#3843=EDGE_CURVE('',#3065,#3072,#1709,.T.);
#3844=EDGE_CURVE('',#3064,#3073,#1710,.T.);
#3845=EDGE_CURVE('',#3036,#3073,#1711,.T.);
#3846=EDGE_CURVE('',#3073,#3074,#1712,.T.);
#3847=EDGE_CURVE('',#3074,#3038,#1713,.T.);
#3848=EDGE_CURVE('',#3059,#3074,#1714,.T.);
#3849=EDGE_CURVE('',#3058,#3075,#1715,.T.);
#3850=EDGE_CURVE('',#3041,#3075,#1716,.T.);
#3851=EDGE_CURVE('',#3075,#3076,#1717,.T.);
#3852=EDGE_CURVE('',#3076,#3042,#1718,.T.);
#3853=EDGE_CURVE('',#3053,#3076,#1719,.T.);
#3854=EDGE_CURVE('',#3052,#3045,#1720,.T.);
#3855=EDGE_CURVE('',#3051,#3077,#1721,.T.);
#3856=EDGE_CURVE('',#3078,#3077,#1722,.T.);
#3857=EDGE_CURVE('',#3048,#3078,#1723,.T.);
#3858=EDGE_CURVE('',#3049,#3079,#1724,.T.);
#3859=EDGE_CURVE('',#3080,#3078,#1725,.T.);
#3860=EDGE_CURVE('',#3080,#3081,#1726,.T.);
#3861=EDGE_CURVE('',#3081,#3082,#1727,.T.);
#3862=EDGE_CURVE('',#3082,#3079,#1728,.T.);
#3863=EDGE_CURVE('',#3083,#3079,#1729,.T.);
#3864=EDGE_CURVE('',#3050,#3083,#1730,.T.);
#3865=EDGE_CURVE('',#3084,#3083,#1731,.T.);
#3866=EDGE_CURVE('',#3085,#3084,#1732,.T.);
#3867=EDGE_CURVE('',#3086,#3085,#1733,.T.);
#3868=EDGE_CURVE('',#3077,#3086,#1734,.T.);
#3869=EDGE_CURVE('',#3057,#3087,#1735,.T.);
#3870=EDGE_CURVE('',#3088,#3087,#1736,.T.);
#3871=EDGE_CURVE('',#3054,#3088,#1737,.T.);
#3872=EDGE_CURVE('',#3055,#3089,#1738,.T.);
#3873=EDGE_CURVE('',#3089,#3088,#1739,.T.);
#3874=EDGE_CURVE('',#3056,#3090,#1740,.T.);
#3875=EDGE_CURVE('',#3090,#3089,#1741,.T.);
#3876=EDGE_CURVE('',#3087,#3090,#1742,.T.);
#3877=EDGE_CURVE('',#3063,#3091,#1743,.T.);
#3878=EDGE_CURVE('',#3092,#3091,#1744,.T.);
#3879=EDGE_CURVE('',#3060,#3092,#1745,.T.);
#3880=EDGE_CURVE('',#3061,#3093,#1746,.T.);
#3881=EDGE_CURVE('',#3094,#3092,#1747,.T.);
#3882=EDGE_CURVE('',#3094,#3095,#1748,.T.);
#3883=EDGE_CURVE('',#3095,#3096,#1749,.T.);
#3884=EDGE_CURVE('',#3096,#3093,#1750,.T.);
#3885=EDGE_CURVE('',#3093,#3097,#1751,.T.);
#3886=EDGE_CURVE('',#3062,#3097,#1752,.T.);
#3887=EDGE_CURVE('',#3098,#3097,#1753,.T.);
#3888=EDGE_CURVE('',#3099,#3098,#1754,.T.);
#3889=EDGE_CURVE('',#3100,#3099,#1755,.T.);
#3890=EDGE_CURVE('',#3091,#3100,#1756,.T.);
#3891=EDGE_CURVE('',#3069,#3101,#1757,.T.);
#3892=EDGE_CURVE('',#3102,#3101,#1758,.T.);
#3893=EDGE_CURVE('',#3066,#3102,#1759,.T.);
#3894=EDGE_CURVE('',#3067,#3103,#1760,.T.);
#3895=EDGE_CURVE('',#3103,#3102,#1761,.T.);
#3896=EDGE_CURVE('',#3068,#3104,#1762,.T.);
#3897=EDGE_CURVE('',#3104,#3103,#1763,.T.);
#3898=EDGE_CURVE('',#3101,#3104,#1764,.T.);
#3899=EDGE_CURVE('',#3086,#3080,#1765,.T.);
#3900=EDGE_CURVE('',#3085,#3081,#1766,.T.);
#3901=EDGE_CURVE('',#3084,#3082,#1767,.T.);
#3902=EDGE_CURVE('',#3100,#3094,#1768,.T.);
#3903=EDGE_CURVE('',#3095,#3099,#1769,.T.);
#3904=EDGE_CURVE('',#3096,#3098,#1770,.T.);
#3905=EDGE_CURVE('',#3105,#3106,#1771,.T.);
#3906=EDGE_CURVE('',#3106,#3105,#2587,.T.);
#3907=EDGE_CURVE('',#3107,#3105,#1772,.T.);
#3908=EDGE_CURVE('',#3108,#3107,#2588,.T.);
#3909=EDGE_CURVE('',#3106,#3108,#1773,.T.);
#3910=EDGE_CURVE('',#3109,#3110,#1774,.T.);
#3911=EDGE_CURVE('',#3110,#3109,#2589,.T.);
#3912=EDGE_CURVE('',#3111,#3109,#1775,.T.);
#3913=EDGE_CURVE('',#3112,#3111,#2590,.T.);
#3914=EDGE_CURVE('',#3110,#3112,#1776,.T.);
#3915=EDGE_CURVE('',#3111,#3108,#1777,.T.);
#3916=EDGE_CURVE('',#3113,#3112,#1778,.T.);
#3917=EDGE_CURVE('',#3113,#3114,#1779,.T.);
#3918=EDGE_CURVE('',#3115,#3114,#1780,.T.);
#3919=EDGE_CURVE('',#3116,#3115,#1781,.T.);
#3920=EDGE_CURVE('',#3107,#3116,#1782,.T.);
#3921=EDGE_CURVE('',#3117,#3115,#1783,.T.);
#3922=EDGE_CURVE('',#3114,#3118,#1784,.T.);
#3923=EDGE_CURVE('',#3118,#3117,#1785,.T.);
#3924=EDGE_CURVE('',#3119,#3120,#1786,.T.);
#3925=EDGE_CURVE('',#3119,#3117,#1787,.T.);
#3926=EDGE_CURVE('',#3120,#3118,#1788,.T.);
#3927=EDGE_CURVE('',#3120,#3113,#1789,.T.);
#3928=EDGE_CURVE('',#3116,#3119,#1790,.T.);
#3929=ORIENTED_EDGE('',*,*,#3121,.T.);
#3930=ORIENTED_EDGE('',*,*,#3122,.T.);
#3931=ORIENTED_EDGE('',*,*,#3123,.F.);
#3932=ORIENTED_EDGE('',*,*,#3124,.F.);
#3933=ORIENTED_EDGE('',*,*,#3122,.F.);
#3934=ORIENTED_EDGE('',*,*,#3125,.F.);
#3935=ORIENTED_EDGE('',*,*,#3123,.T.);
#3936=ORIENTED_EDGE('',*,*,#3124,.T.);
#3937=ORIENTED_EDGE('',*,*,#3125,.T.);
#3938=ORIENTED_EDGE('',*,*,#3126,.F.);
#3939=ORIENTED_EDGE('',*,*,#3127,.T.);
#3940=ORIENTED_EDGE('',*,*,#3128,.T.);
#3941=ORIENTED_EDGE('',*,*,#3129,.T.);
#3942=ORIENTED_EDGE('',*,*,#3130,.T.);
#3943=ORIENTED_EDGE('',*,*,#3121,.F.);
#3944=ORIENTED_EDGE('',*,*,#3131,.F.);
#3945=ORIENTED_EDGE('',*,*,#3132,.F.);
#3946=ORIENTED_EDGE('',*,*,#3133,.F.);
#3947=ORIENTED_EDGE('',*,*,#3126,.T.);
#3948=ORIENTED_EDGE('',*,*,#3134,.F.);
#3949=ORIENTED_EDGE('',*,*,#3135,.T.);
#3950=ORIENTED_EDGE('',*,*,#3136,.T.);
#3951=ORIENTED_EDGE('',*,*,#3127,.F.);
#3952=ORIENTED_EDGE('',*,*,#3137,.F.);
#3953=ORIENTED_EDGE('',*,*,#3138,.T.);
#3954=ORIENTED_EDGE('',*,*,#3134,.T.);
#3955=ORIENTED_EDGE('',*,*,#3130,.F.);
#3956=ORIENTED_EDGE('',*,*,#3136,.F.);
#3957=ORIENTED_EDGE('',*,*,#3139,.T.);
#3958=ORIENTED_EDGE('',*,*,#3140,.T.);
#3959=ORIENTED_EDGE('',*,*,#3128,.F.);
#3960=ORIENTED_EDGE('',*,*,#3140,.F.);
#3961=ORIENTED_EDGE('',*,*,#3141,.T.);
#3962=ORIENTED_EDGE('',*,*,#3137,.T.);
#3963=ORIENTED_EDGE('',*,*,#3129,.F.);
#3964=ORIENTED_EDGE('',*,*,#3131,.T.);
#3965=ORIENTED_EDGE('',*,*,#3142,.T.);
#3966=ORIENTED_EDGE('',*,*,#3143,.F.);
#3967=ORIENTED_EDGE('',*,*,#3144,.F.);
#3968=ORIENTED_EDGE('',*,*,#3142,.F.);
#3969=ORIENTED_EDGE('',*,*,#3132,.T.);
#3970=ORIENTED_EDGE('',*,*,#3145,.T.);
#3971=ORIENTED_EDGE('',*,*,#3146,.F.);
#3972=ORIENTED_EDGE('',*,*,#3147,.F.);
#3973=ORIENTED_EDGE('',*,*,#3145,.F.);
#3974=ORIENTED_EDGE('',*,*,#3133,.T.);
#3975=ORIENTED_EDGE('',*,*,#3148,.T.);
#3976=ORIENTED_EDGE('',*,*,#3149,.F.);
#3977=ORIENTED_EDGE('',*,*,#3150,.F.);
#3978=ORIENTED_EDGE('',*,*,#3148,.F.);
#3979=ORIENTED_EDGE('',*,*,#3151,.T.);
#3980=ORIENTED_EDGE('',*,*,#3152,.T.);
#3981=ORIENTED_EDGE('',*,*,#3153,.T.);
#3982=ORIENTED_EDGE('',*,*,#3154,.T.);
#3983=ORIENTED_EDGE('',*,*,#3155,.T.);
#3984=ORIENTED_EDGE('',*,*,#3156,.T.);
#3985=ORIENTED_EDGE('',*,*,#3157,.T.);
#3986=ORIENTED_EDGE('',*,*,#3158,.T.);
#3987=ORIENTED_EDGE('',*,*,#3135,.F.);
#3988=ORIENTED_EDGE('',*,*,#3138,.F.);
#3989=ORIENTED_EDGE('',*,*,#3141,.F.);
#3990=ORIENTED_EDGE('',*,*,#3139,.F.);
#3991=ORIENTED_EDGE('',*,*,#3159,.F.);
#3992=ORIENTED_EDGE('',*,*,#3143,.T.);
#3993=ORIENTED_EDGE('',*,*,#3144,.T.);
#3994=ORIENTED_EDGE('',*,*,#3159,.T.);
#3995=ORIENTED_EDGE('',*,*,#3160,.F.);
#3996=ORIENTED_EDGE('',*,*,#3161,.F.);
#3997=ORIENTED_EDGE('',*,*,#3146,.T.);
#3998=ORIENTED_EDGE('',*,*,#3147,.T.);
#3999=ORIENTED_EDGE('',*,*,#3161,.T.);
#4000=ORIENTED_EDGE('',*,*,#3162,.F.);
#4001=ORIENTED_EDGE('',*,*,#3163,.F.);
#4002=ORIENTED_EDGE('',*,*,#3149,.T.);
#4003=ORIENTED_EDGE('',*,*,#3150,.T.);
#4004=ORIENTED_EDGE('',*,*,#3163,.T.);
#4005=ORIENTED_EDGE('',*,*,#3164,.F.);
#4006=ORIENTED_EDGE('',*,*,#3165,.F.);
#4007=ORIENTED_EDGE('',*,*,#3166,.T.);
#4008=ORIENTED_EDGE('',*,*,#3167,.T.);
#4009=ORIENTED_EDGE('',*,*,#3151,.F.);
#4010=ORIENTED_EDGE('',*,*,#3168,.F.);
#4011=ORIENTED_EDGE('',*,*,#3169,.T.);
#4012=ORIENTED_EDGE('',*,*,#3165,.T.);
#4013=ORIENTED_EDGE('',*,*,#3158,.F.);
#4014=ORIENTED_EDGE('',*,*,#3167,.F.);
#4015=ORIENTED_EDGE('',*,*,#3170,.T.);
#4016=ORIENTED_EDGE('',*,*,#3171,.T.);
#4017=ORIENTED_EDGE('',*,*,#3152,.F.);
#4018=ORIENTED_EDGE('',*,*,#3172,.F.);
#4019=ORIENTED_EDGE('',*,*,#3173,.T.);
#4020=ORIENTED_EDGE('',*,*,#3168,.T.);
#4021=ORIENTED_EDGE('',*,*,#3157,.F.);
#4022=ORIENTED_EDGE('',*,*,#3171,.F.);
#4023=ORIENTED_EDGE('',*,*,#3174,.T.);
#4024=ORIENTED_EDGE('',*,*,#3175,.T.);
#4025=ORIENTED_EDGE('',*,*,#3153,.F.);
#4026=ORIENTED_EDGE('',*,*,#3176,.F.);
#4027=ORIENTED_EDGE('',*,*,#3177,.T.);
#4028=ORIENTED_EDGE('',*,*,#3172,.T.);
#4029=ORIENTED_EDGE('',*,*,#3156,.F.);
#4030=ORIENTED_EDGE('',*,*,#3175,.F.);
#4031=ORIENTED_EDGE('',*,*,#3178,.T.);
#4032=ORIENTED_EDGE('',*,*,#3179,.T.);
#4033=ORIENTED_EDGE('',*,*,#3154,.F.);
#4034=ORIENTED_EDGE('',*,*,#3179,.F.);
#4035=ORIENTED_EDGE('',*,*,#3180,.T.);
#4036=ORIENTED_EDGE('',*,*,#3176,.T.);
#4037=ORIENTED_EDGE('',*,*,#3155,.F.);
#4038=ORIENTED_EDGE('',*,*,#3160,.T.);
#4039=ORIENTED_EDGE('',*,*,#3162,.T.);
#4040=ORIENTED_EDGE('',*,*,#3164,.T.);
#4041=ORIENTED_EDGE('',*,*,#3166,.F.);
#4042=ORIENTED_EDGE('',*,*,#3169,.F.);
#4043=ORIENTED_EDGE('',*,*,#3173,.F.);
#4044=ORIENTED_EDGE('',*,*,#3177,.F.);
#4045=ORIENTED_EDGE('',*,*,#3180,.F.);
#4046=ORIENTED_EDGE('',*,*,#3178,.F.);
#4047=ORIENTED_EDGE('',*,*,#3174,.F.);
#4048=ORIENTED_EDGE('',*,*,#3170,.F.);
#4049=ORIENTED_EDGE('',*,*,#3181,.F.);
#4050=ORIENTED_EDGE('',*,*,#3182,.F.);
#4051=ORIENTED_EDGE('',*,*,#3183,.F.);
#4052=ORIENTED_EDGE('',*,*,#3184,.F.);
#4053=ORIENTED_EDGE('',*,*,#3185,.F.);
#4054=ORIENTED_EDGE('',*,*,#3186,.F.);
#4055=ORIENTED_EDGE('',*,*,#3187,.F.);
#4056=ORIENTED_EDGE('',*,*,#3188,.F.);
#4057=ORIENTED_EDGE('',*,*,#3189,.F.);
#4058=ORIENTED_EDGE('',*,*,#3190,.F.);
#4059=ORIENTED_EDGE('',*,*,#3191,.F.);
#4060=ORIENTED_EDGE('',*,*,#3192,.F.);
#4061=ORIENTED_EDGE('',*,*,#3193,.F.);
#4062=ORIENTED_EDGE('',*,*,#3194,.F.);
#4063=ORIENTED_EDGE('',*,*,#3195,.F.);
#4064=ORIENTED_EDGE('',*,*,#3196,.F.);
#4065=ORIENTED_EDGE('',*,*,#3197,.F.);
#4066=ORIENTED_EDGE('',*,*,#3198,.F.);
#4067=ORIENTED_EDGE('',*,*,#3199,.F.);
#4068=ORIENTED_EDGE('',*,*,#3200,.F.);
#4069=ORIENTED_EDGE('',*,*,#3201,.F.);
#4070=ORIENTED_EDGE('',*,*,#3181,.T.);
#4071=ORIENTED_EDGE('',*,*,#3202,.T.);
#4072=ORIENTED_EDGE('',*,*,#3203,.F.);
#4073=ORIENTED_EDGE('',*,*,#3204,.F.);
#4074=ORIENTED_EDGE('',*,*,#3182,.T.);
#4075=ORIENTED_EDGE('',*,*,#3201,.T.);
#4076=ORIENTED_EDGE('',*,*,#3205,.F.);
#4077=ORIENTED_EDGE('',*,*,#3202,.F.);
#4078=ORIENTED_EDGE('',*,*,#3185,.T.);
#4079=ORIENTED_EDGE('',*,*,#3206,.T.);
#4080=ORIENTED_EDGE('',*,*,#3207,.F.);
#4081=ORIENTED_EDGE('',*,*,#3208,.F.);
#4082=ORIENTED_EDGE('',*,*,#3183,.T.);
#4083=ORIENTED_EDGE('',*,*,#3204,.T.);
#4084=ORIENTED_EDGE('',*,*,#3209,.F.);
#4085=ORIENTED_EDGE('',*,*,#3206,.F.);
#4086=ORIENTED_EDGE('',*,*,#3184,.T.);
#4087=ORIENTED_EDGE('',*,*,#3208,.T.);
#4088=ORIENTED_EDGE('',*,*,#3210,.F.);
#4089=ORIENTED_EDGE('',*,*,#3211,.F.);
#4090=ORIENTED_EDGE('',*,*,#3186,.T.);
#4091=ORIENTED_EDGE('',*,*,#3212,.T.);
#4092=ORIENTED_EDGE('',*,*,#3213,.F.);
#4093=ORIENTED_EDGE('',*,*,#3214,.F.);
#4094=ORIENTED_EDGE('',*,*,#3187,.T.);
#4095=ORIENTED_EDGE('',*,*,#3211,.T.);
#4096=ORIENTED_EDGE('',*,*,#3215,.F.);
#4097=ORIENTED_EDGE('',*,*,#3216,.F.);
#4098=ORIENTED_EDGE('',*,*,#3188,.T.);
#4099=ORIENTED_EDGE('',*,*,#3214,.T.);
#4100=ORIENTED_EDGE('',*,*,#3217,.F.);
#4101=ORIENTED_EDGE('',*,*,#3218,.F.);
#4102=ORIENTED_EDGE('',*,*,#3189,.T.);
#4103=ORIENTED_EDGE('',*,*,#3216,.T.);
#4104=ORIENTED_EDGE('',*,*,#3219,.F.);
#4105=ORIENTED_EDGE('',*,*,#3212,.F.);
#4106=ORIENTED_EDGE('',*,*,#3190,.T.);
#4107=ORIENTED_EDGE('',*,*,#3218,.T.);
#4108=ORIENTED_EDGE('',*,*,#3220,.F.);
#4109=ORIENTED_EDGE('',*,*,#3221,.F.);
#4110=ORIENTED_EDGE('',*,*,#3191,.T.);
#4111=ORIENTED_EDGE('',*,*,#3222,.T.);
#4112=ORIENTED_EDGE('',*,*,#3223,.F.);
#4113=ORIENTED_EDGE('',*,*,#3224,.F.);
#4114=ORIENTED_EDGE('',*,*,#3192,.T.);
#4115=ORIENTED_EDGE('',*,*,#3221,.T.);
#4116=ORIENTED_EDGE('',*,*,#3225,.F.);
#4117=ORIENTED_EDGE('',*,*,#3226,.F.);
#4118=ORIENTED_EDGE('',*,*,#3193,.T.);
#4119=ORIENTED_EDGE('',*,*,#3224,.T.);
#4120=ORIENTED_EDGE('',*,*,#3227,.F.);
#4121=ORIENTED_EDGE('',*,*,#3228,.F.);
#4122=ORIENTED_EDGE('',*,*,#3194,.T.);
#4123=ORIENTED_EDGE('',*,*,#3226,.T.);
#4124=ORIENTED_EDGE('',*,*,#3229,.F.);
#4125=ORIENTED_EDGE('',*,*,#3222,.F.);
#4126=ORIENTED_EDGE('',*,*,#3195,.T.);
#4127=ORIENTED_EDGE('',*,*,#3228,.T.);
#4128=ORIENTED_EDGE('',*,*,#3230,.F.);
#4129=ORIENTED_EDGE('',*,*,#3231,.F.);
#4130=ORIENTED_EDGE('',*,*,#3196,.T.);
#4131=ORIENTED_EDGE('',*,*,#3232,.T.);
#4132=ORIENTED_EDGE('',*,*,#3233,.F.);
#4133=ORIENTED_EDGE('',*,*,#3234,.F.);
#4134=ORIENTED_EDGE('',*,*,#3197,.T.);
#4135=ORIENTED_EDGE('',*,*,#3231,.T.);
#4136=ORIENTED_EDGE('',*,*,#3235,.F.);
#4137=ORIENTED_EDGE('',*,*,#3236,.F.);
#4138=ORIENTED_EDGE('',*,*,#3198,.T.);
#4139=ORIENTED_EDGE('',*,*,#3234,.T.);
#4140=ORIENTED_EDGE('',*,*,#3237,.F.);
#4141=ORIENTED_EDGE('',*,*,#3238,.F.);
#4142=ORIENTED_EDGE('',*,*,#3199,.T.);
#4143=ORIENTED_EDGE('',*,*,#3236,.T.);
#4144=ORIENTED_EDGE('',*,*,#3239,.F.);
#4145=ORIENTED_EDGE('',*,*,#3232,.F.);
#4146=ORIENTED_EDGE('',*,*,#3200,.T.);
#4147=ORIENTED_EDGE('',*,*,#3238,.T.);
#4148=ORIENTED_EDGE('',*,*,#3240,.F.);
#4149=ORIENTED_EDGE('',*,*,#3207,.T.);
#4150=ORIENTED_EDGE('',*,*,#3210,.T.);
#4151=ORIENTED_EDGE('',*,*,#3209,.T.);
#4152=ORIENTED_EDGE('',*,*,#3205,.T.);
#4153=ORIENTED_EDGE('',*,*,#3203,.T.);
#4154=ORIENTED_EDGE('',*,*,#3220,.T.);
#4155=ORIENTED_EDGE('',*,*,#3219,.T.);
#4156=ORIENTED_EDGE('',*,*,#3217,.T.);
#4157=ORIENTED_EDGE('',*,*,#3215,.T.);
#4158=ORIENTED_EDGE('',*,*,#3213,.T.);
#4159=ORIENTED_EDGE('',*,*,#3230,.T.);
#4160=ORIENTED_EDGE('',*,*,#3229,.T.);
#4161=ORIENTED_EDGE('',*,*,#3227,.T.);
#4162=ORIENTED_EDGE('',*,*,#3225,.T.);
#4163=ORIENTED_EDGE('',*,*,#3223,.T.);
#4164=ORIENTED_EDGE('',*,*,#3240,.T.);
#4165=ORIENTED_EDGE('',*,*,#3239,.T.);
#4166=ORIENTED_EDGE('',*,*,#3237,.T.);
#4167=ORIENTED_EDGE('',*,*,#3235,.T.);
#4168=ORIENTED_EDGE('',*,*,#3233,.T.);
#4169=ORIENTED_EDGE('',*,*,#3241,.F.);
#4170=ORIENTED_EDGE('',*,*,#3242,.T.);
#4171=ORIENTED_EDGE('',*,*,#3243,.T.);
#4172=ORIENTED_EDGE('',*,*,#3244,.F.);
#4173=ORIENTED_EDGE('',*,*,#3243,.F.);
#4174=ORIENTED_EDGE('',*,*,#3245,.T.);
#4175=ORIENTED_EDGE('',*,*,#3246,.T.);
#4176=ORIENTED_EDGE('',*,*,#3247,.F.);
#4177=ORIENTED_EDGE('',*,*,#3246,.F.);
#4178=ORIENTED_EDGE('',*,*,#3248,.T.);
#4179=ORIENTED_EDGE('',*,*,#3249,.T.);
#4180=ORIENTED_EDGE('',*,*,#3250,.F.);
#4181=ORIENTED_EDGE('',*,*,#3249,.F.);
#4182=ORIENTED_EDGE('',*,*,#3251,.T.);
#4183=ORIENTED_EDGE('',*,*,#3252,.T.);
#4184=ORIENTED_EDGE('',*,*,#3253,.F.);
#4185=ORIENTED_EDGE('',*,*,#3252,.F.);
#4186=ORIENTED_EDGE('',*,*,#3254,.T.);
#4187=ORIENTED_EDGE('',*,*,#3255,.T.);
#4188=ORIENTED_EDGE('',*,*,#3256,.F.);
#4189=ORIENTED_EDGE('',*,*,#3255,.F.);
#4190=ORIENTED_EDGE('',*,*,#3257,.T.);
#4191=ORIENTED_EDGE('',*,*,#3258,.T.);
#4192=ORIENTED_EDGE('',*,*,#3259,.F.);
#4193=ORIENTED_EDGE('',*,*,#3258,.F.);
#4194=ORIENTED_EDGE('',*,*,#3260,.T.);
#4195=ORIENTED_EDGE('',*,*,#3261,.T.);
#4196=ORIENTED_EDGE('',*,*,#3262,.F.);
#4197=ORIENTED_EDGE('',*,*,#3261,.F.);
#4198=ORIENTED_EDGE('',*,*,#3263,.T.);
#4199=ORIENTED_EDGE('',*,*,#3241,.T.);
#4200=ORIENTED_EDGE('',*,*,#3264,.F.);
#4201=ORIENTED_EDGE('',*,*,#3265,.T.);
#4202=ORIENTED_EDGE('',*,*,#3266,.T.);
#4203=ORIENTED_EDGE('',*,*,#3267,.F.);
#4204=ORIENTED_EDGE('',*,*,#3266,.F.);
#4205=ORIENTED_EDGE('',*,*,#3268,.T.);
#4206=ORIENTED_EDGE('',*,*,#3269,.T.);
#4207=ORIENTED_EDGE('',*,*,#3270,.F.);
#4208=ORIENTED_EDGE('',*,*,#3269,.F.);
#4209=ORIENTED_EDGE('',*,*,#3271,.T.);
#4210=ORIENTED_EDGE('',*,*,#3272,.T.);
#4211=ORIENTED_EDGE('',*,*,#3273,.F.);
#4212=ORIENTED_EDGE('',*,*,#3272,.F.);
#4213=ORIENTED_EDGE('',*,*,#3274,.T.);
#4214=ORIENTED_EDGE('',*,*,#3275,.T.);
#4215=ORIENTED_EDGE('',*,*,#3276,.F.);
#4216=ORIENTED_EDGE('',*,*,#3275,.F.);
#4217=ORIENTED_EDGE('',*,*,#3277,.T.);
#4218=ORIENTED_EDGE('',*,*,#3278,.T.);
#4219=ORIENTED_EDGE('',*,*,#3279,.F.);
#4220=ORIENTED_EDGE('',*,*,#3278,.F.);
#4221=ORIENTED_EDGE('',*,*,#3242,.F.);
#4222=ORIENTED_EDGE('',*,*,#3263,.F.);
#4223=ORIENTED_EDGE('',*,*,#3260,.F.);
#4224=ORIENTED_EDGE('',*,*,#3257,.F.);
#4225=ORIENTED_EDGE('',*,*,#3254,.F.);
#4226=ORIENTED_EDGE('',*,*,#3251,.F.);
#4227=ORIENTED_EDGE('',*,*,#3248,.F.);
#4228=ORIENTED_EDGE('',*,*,#3245,.F.);
#4229=ORIENTED_EDGE('',*,*,#3267,.T.);
#4230=ORIENTED_EDGE('',*,*,#3270,.T.);
#4231=ORIENTED_EDGE('',*,*,#3273,.T.);
#4232=ORIENTED_EDGE('',*,*,#3276,.T.);
#4233=ORIENTED_EDGE('',*,*,#3279,.T.);
#4234=ORIENTED_EDGE('',*,*,#3244,.T.);
#4235=ORIENTED_EDGE('',*,*,#3247,.T.);
#4236=ORIENTED_EDGE('',*,*,#3250,.T.);
#4237=ORIENTED_EDGE('',*,*,#3253,.T.);
#4238=ORIENTED_EDGE('',*,*,#3256,.T.);
#4239=ORIENTED_EDGE('',*,*,#3259,.T.);
#4240=ORIENTED_EDGE('',*,*,#3262,.T.);
#4241=ORIENTED_EDGE('',*,*,#3264,.T.);
#4242=ORIENTED_EDGE('',*,*,#3265,.F.);
#4243=ORIENTED_EDGE('',*,*,#3268,.F.);
#4244=ORIENTED_EDGE('',*,*,#3271,.F.);
#4245=ORIENTED_EDGE('',*,*,#3274,.F.);
#4246=ORIENTED_EDGE('',*,*,#3277,.F.);
#4247=ORIENTED_EDGE('',*,*,#3280,.F.);
#4248=ORIENTED_EDGE('',*,*,#3281,.T.);
#4249=ORIENTED_EDGE('',*,*,#3282,.F.);
#4250=ORIENTED_EDGE('',*,*,#3283,.T.);
#4251=ORIENTED_EDGE('',*,*,#3284,.F.);
#4252=ORIENTED_EDGE('',*,*,#3285,.F.);
#4253=ORIENTED_EDGE('',*,*,#3286,.F.);
#4254=ORIENTED_EDGE('',*,*,#3287,.F.);
#4255=ORIENTED_EDGE('',*,*,#3288,.T.);
#4256=ORIENTED_EDGE('',*,*,#3289,.T.);
#4257=ORIENTED_EDGE('',*,*,#3290,.T.);
#4258=ORIENTED_EDGE('',*,*,#3291,.T.);
#4259=ORIENTED_EDGE('',*,*,#3280,.T.);
#4260=ORIENTED_EDGE('',*,*,#3292,.T.);
#4261=ORIENTED_EDGE('',*,*,#3293,.F.);
#4262=ORIENTED_EDGE('',*,*,#3294,.F.);
#4263=ORIENTED_EDGE('',*,*,#3281,.F.);
#4264=ORIENTED_EDGE('',*,*,#3294,.T.);
#4265=ORIENTED_EDGE('',*,*,#3295,.F.);
#4266=ORIENTED_EDGE('',*,*,#3296,.F.);
#4267=ORIENTED_EDGE('',*,*,#3287,.T.);
#4268=ORIENTED_EDGE('',*,*,#3297,.T.);
#4269=ORIENTED_EDGE('',*,*,#3298,.F.);
#4270=ORIENTED_EDGE('',*,*,#3292,.F.);
#4271=ORIENTED_EDGE('',*,*,#3282,.T.);
#4272=ORIENTED_EDGE('',*,*,#3296,.T.);
#4273=ORIENTED_EDGE('',*,*,#3299,.F.);
#4274=ORIENTED_EDGE('',*,*,#3300,.F.);
#4275=ORIENTED_EDGE('',*,*,#3286,.T.);
#4276=ORIENTED_EDGE('',*,*,#3301,.T.);
#4277=ORIENTED_EDGE('',*,*,#3302,.F.);
#4278=ORIENTED_EDGE('',*,*,#3297,.F.);
#4279=ORIENTED_EDGE('',*,*,#3283,.F.);
#4280=ORIENTED_EDGE('',*,*,#3300,.T.);
#4281=ORIENTED_EDGE('',*,*,#3303,.F.);
#4282=ORIENTED_EDGE('',*,*,#3304,.F.);
#4283=ORIENTED_EDGE('',*,*,#3285,.T.);
#4284=ORIENTED_EDGE('',*,*,#3305,.T.);
#4285=ORIENTED_EDGE('',*,*,#3306,.T.);
#4286=ORIENTED_EDGE('',*,*,#3301,.F.);
#4287=ORIENTED_EDGE('',*,*,#3284,.T.);
#4288=ORIENTED_EDGE('',*,*,#3304,.T.);
#4289=ORIENTED_EDGE('',*,*,#3307,.F.);
#4290=ORIENTED_EDGE('',*,*,#3305,.F.);
#4291=ORIENTED_EDGE('',*,*,#3308,.F.);
#4292=ORIENTED_EDGE('',*,*,#3309,.T.);
#4293=ORIENTED_EDGE('',*,*,#3310,.T.);
#4294=ORIENTED_EDGE('',*,*,#3288,.F.);
#4295=ORIENTED_EDGE('',*,*,#3310,.F.);
#4296=ORIENTED_EDGE('',*,*,#3311,.T.);
#4297=ORIENTED_EDGE('',*,*,#3312,.T.);
#4298=ORIENTED_EDGE('',*,*,#3289,.F.);
#4299=ORIENTED_EDGE('',*,*,#3312,.F.);
#4300=ORIENTED_EDGE('',*,*,#3313,.T.);
#4301=ORIENTED_EDGE('',*,*,#3314,.T.);
#4302=ORIENTED_EDGE('',*,*,#3290,.F.);
#4303=ORIENTED_EDGE('',*,*,#3314,.F.);
#4304=ORIENTED_EDGE('',*,*,#3315,.T.);
#4305=ORIENTED_EDGE('',*,*,#3308,.T.);
#4306=ORIENTED_EDGE('',*,*,#3291,.F.);
#4307=ORIENTED_EDGE('',*,*,#3293,.T.);
#4308=ORIENTED_EDGE('',*,*,#3316,.T.);
#4309=ORIENTED_EDGE('',*,*,#3317,.F.);
#4310=ORIENTED_EDGE('',*,*,#3318,.T.);
#4311=ORIENTED_EDGE('',*,*,#3319,.F.);
#4312=ORIENTED_EDGE('',*,*,#3295,.T.);
#4313=ORIENTED_EDGE('',*,*,#3318,.F.);
#4314=ORIENTED_EDGE('',*,*,#3316,.F.);
#4315=ORIENTED_EDGE('',*,*,#3298,.T.);
#4316=ORIENTED_EDGE('',*,*,#3320,.F.);
#4317=ORIENTED_EDGE('',*,*,#3299,.T.);
#4318=ORIENTED_EDGE('',*,*,#3319,.T.);
#4319=ORIENTED_EDGE('',*,*,#3321,.F.);
#4320=ORIENTED_EDGE('',*,*,#3322,.T.);
#4321=ORIENTED_EDGE('',*,*,#3302,.T.);
#4322=ORIENTED_EDGE('',*,*,#3323,.F.);
#4323=ORIENTED_EDGE('',*,*,#3324,.F.);
#4324=ORIENTED_EDGE('',*,*,#3320,.T.);
#4325=ORIENTED_EDGE('',*,*,#3325,.F.);
#4326=ORIENTED_EDGE('',*,*,#3303,.T.);
#4327=ORIENTED_EDGE('',*,*,#3322,.F.);
#4328=ORIENTED_EDGE('',*,*,#3326,.T.);
#4329=ORIENTED_EDGE('',*,*,#3323,.T.);
#4330=ORIENTED_EDGE('',*,*,#3306,.F.);
#4331=ORIENTED_EDGE('',*,*,#3326,.F.);
#4332=ORIENTED_EDGE('',*,*,#3307,.T.);
#4333=ORIENTED_EDGE('',*,*,#3325,.T.);
#4334=ORIENTED_EDGE('',*,*,#3327,.F.);
#4335=ORIENTED_EDGE('',*,*,#3328,.T.);
#4336=ORIENTED_EDGE('',*,*,#3309,.F.);
#4337=ORIENTED_EDGE('',*,*,#3315,.F.);
#4338=ORIENTED_EDGE('',*,*,#3313,.F.);
#4339=ORIENTED_EDGE('',*,*,#3311,.F.);
#4340=ORIENTED_EDGE('',*,*,#3324,.T.);
#4341=ORIENTED_EDGE('',*,*,#3327,.T.);
#4342=ORIENTED_EDGE('',*,*,#3321,.T.);
#4343=ORIENTED_EDGE('',*,*,#3317,.T.);
#4344=ORIENTED_EDGE('',*,*,#3329,.F.);
#4345=ORIENTED_EDGE('',*,*,#3330,.T.);
#4346=ORIENTED_EDGE('',*,*,#3331,.T.);
#4347=ORIENTED_EDGE('',*,*,#3328,.F.);
#4348=ORIENTED_EDGE('',*,*,#3331,.F.);
#4349=ORIENTED_EDGE('',*,*,#3332,.F.);
#4350=ORIENTED_EDGE('',*,*,#3333,.T.);
#4351=ORIENTED_EDGE('',*,*,#3329,.T.);
#4352=ORIENTED_EDGE('',*,*,#3333,.F.);
#4353=ORIENTED_EDGE('',*,*,#3330,.F.);
#4354=ORIENTED_EDGE('',*,*,#3332,.T.);
#4355=ORIENTED_EDGE('',*,*,#3334,.F.);
#4356=ORIENTED_EDGE('',*,*,#3335,.T.);
#4357=ORIENTED_EDGE('',*,*,#3336,.T.);
#4358=ORIENTED_EDGE('',*,*,#3337,.F.);
#4359=ORIENTED_EDGE('',*,*,#3335,.F.);
#4360=ORIENTED_EDGE('',*,*,#3338,.F.);
#4361=ORIENTED_EDGE('',*,*,#3339,.F.);
#4362=ORIENTED_EDGE('',*,*,#3340,.F.);
#4363=ORIENTED_EDGE('',*,*,#3337,.T.);
#4364=ORIENTED_EDGE('',*,*,#3341,.T.);
#4365=ORIENTED_EDGE('',*,*,#3342,.T.);
#4366=ORIENTED_EDGE('',*,*,#3343,.T.);
#4367=ORIENTED_EDGE('',*,*,#3344,.T.);
#4368=ORIENTED_EDGE('',*,*,#3345,.T.);
#4369=ORIENTED_EDGE('',*,*,#3346,.F.);
#4370=ORIENTED_EDGE('',*,*,#3339,.T.);
#4371=ORIENTED_EDGE('',*,*,#3347,.T.);
#4372=ORIENTED_EDGE('',*,*,#3348,.T.);
#4373=ORIENTED_EDGE('',*,*,#3349,.F.);
#4374=ORIENTED_EDGE('',*,*,#3342,.F.);
#4375=ORIENTED_EDGE('',*,*,#3345,.F.);
#4376=ORIENTED_EDGE('',*,*,#3350,.F.);
#4377=ORIENTED_EDGE('',*,*,#3351,.F.);
#4378=ORIENTED_EDGE('',*,*,#3352,.F.);
#4379=ORIENTED_EDGE('',*,*,#3348,.F.);
#4380=ORIENTED_EDGE('',*,*,#3353,.T.);
#4381=ORIENTED_EDGE('',*,*,#3354,.T.);
#4382=ORIENTED_EDGE('',*,*,#3355,.T.);
#4383=ORIENTED_EDGE('',*,*,#3356,.T.);
#4384=ORIENTED_EDGE('',*,*,#3357,.T.);
#4385=ORIENTED_EDGE('',*,*,#3358,.F.);
#4386=ORIENTED_EDGE('',*,*,#3351,.T.);
#4387=ORIENTED_EDGE('',*,*,#3359,.T.);
#4388=ORIENTED_EDGE('',*,*,#3360,.T.);
#4389=ORIENTED_EDGE('',*,*,#3361,.F.);
#4390=ORIENTED_EDGE('',*,*,#3354,.F.);
#4391=ORIENTED_EDGE('',*,*,#3362,.F.);
#4392=ORIENTED_EDGE('',*,*,#3363,.T.);
#4393=ORIENTED_EDGE('',*,*,#3364,.F.);
#4394=ORIENTED_EDGE('',*,*,#3365,.F.);
#4395=ORIENTED_EDGE('',*,*,#3366,.F.);
#4396=ORIENTED_EDGE('',*,*,#3357,.F.);
#4397=ORIENTED_EDGE('',*,*,#3360,.F.);
#4398=ORIENTED_EDGE('',*,*,#3367,.T.);
#4399=ORIENTED_EDGE('',*,*,#3368,.T.);
#4400=ORIENTED_EDGE('',*,*,#3369,.T.);
#4401=ORIENTED_EDGE('',*,*,#3370,.F.);
#4402=ORIENTED_EDGE('',*,*,#3371,.T.);
#4403=ORIENTED_EDGE('',*,*,#3372,.F.);
#4404=ORIENTED_EDGE('',*,*,#3373,.F.);
#4405=ORIENTED_EDGE('',*,*,#3363,.F.);
#4406=ORIENTED_EDGE('',*,*,#3374,.F.);
#4407=ORIENTED_EDGE('',*,*,#3370,.T.);
#4408=ORIENTED_EDGE('',*,*,#3375,.T.);
#4409=ORIENTED_EDGE('',*,*,#3376,.T.);
#4410=ORIENTED_EDGE('',*,*,#3377,.F.);
#4411=ORIENTED_EDGE('',*,*,#3378,.T.);
#4412=ORIENTED_EDGE('',*,*,#3379,.T.);
#4413=ORIENTED_EDGE('',*,*,#3380,.F.);
#4414=ORIENTED_EDGE('',*,*,#3381,.F.);
#4415=ORIENTED_EDGE('',*,*,#3368,.F.);
#4416=ORIENTED_EDGE('',*,*,#3382,.T.);
#4417=ORIENTED_EDGE('',*,*,#3365,.T.);
#4418=ORIENTED_EDGE('',*,*,#3383,.T.);
#4419=ORIENTED_EDGE('',*,*,#3364,.T.);
#4420=ORIENTED_EDGE('',*,*,#3373,.T.);
#4421=ORIENTED_EDGE('',*,*,#3384,.F.);
#4422=ORIENTED_EDGE('',*,*,#3383,.F.);
#4423=ORIENTED_EDGE('',*,*,#3369,.F.);
#4424=ORIENTED_EDGE('',*,*,#3381,.T.);
#4425=ORIENTED_EDGE('',*,*,#3385,.F.);
#4426=ORIENTED_EDGE('',*,*,#3375,.F.);
#4427=ORIENTED_EDGE('',*,*,#3384,.T.);
#4428=ORIENTED_EDGE('',*,*,#3372,.T.);
#4429=ORIENTED_EDGE('',*,*,#3386,.T.);
#4430=ORIENTED_EDGE('',*,*,#3378,.F.);
#4431=ORIENTED_EDGE('',*,*,#3376,.F.);
#4432=ORIENTED_EDGE('',*,*,#3385,.T.);
#4433=ORIENTED_EDGE('',*,*,#3380,.T.);
#4434=ORIENTED_EDGE('',*,*,#3387,.F.);
#4435=ORIENTED_EDGE('',*,*,#3386,.F.);
#4436=ORIENTED_EDGE('',*,*,#3377,.T.);
#4437=ORIENTED_EDGE('',*,*,#3387,.T.);
#4438=ORIENTED_EDGE('',*,*,#3379,.F.);
#4439=ORIENTED_EDGE('',*,*,#3334,.T.);
#4440=ORIENTED_EDGE('',*,*,#3343,.F.);
#4441=ORIENTED_EDGE('',*,*,#3349,.T.);
#4442=ORIENTED_EDGE('',*,*,#3355,.F.);
#4443=ORIENTED_EDGE('',*,*,#3361,.T.);
#4444=ORIENTED_EDGE('',*,*,#3371,.F.);
#4445=ORIENTED_EDGE('',*,*,#3374,.T.);
#4446=ORIENTED_EDGE('',*,*,#3362,.T.);
#4447=ORIENTED_EDGE('',*,*,#3356,.F.);
#4448=ORIENTED_EDGE('',*,*,#3350,.T.);
#4449=ORIENTED_EDGE('',*,*,#3344,.F.);
#4450=ORIENTED_EDGE('',*,*,#3338,.T.);
#4451=ORIENTED_EDGE('',*,*,#3336,.F.);
#4452=ORIENTED_EDGE('',*,*,#3340,.T.);
#4453=ORIENTED_EDGE('',*,*,#3346,.T.);
#4454=ORIENTED_EDGE('',*,*,#3352,.T.);
#4455=ORIENTED_EDGE('',*,*,#3358,.T.);
#4456=ORIENTED_EDGE('',*,*,#3366,.T.);
#4457=ORIENTED_EDGE('',*,*,#3382,.F.);
#4458=ORIENTED_EDGE('',*,*,#3367,.F.);
#4459=ORIENTED_EDGE('',*,*,#3359,.F.);
#4460=ORIENTED_EDGE('',*,*,#3353,.F.);
#4461=ORIENTED_EDGE('',*,*,#3347,.F.);
#4462=ORIENTED_EDGE('',*,*,#3341,.F.);
#4463=ORIENTED_EDGE('',*,*,#3388,.T.);
#4464=ORIENTED_EDGE('',*,*,#3389,.T.);
#4465=ORIENTED_EDGE('',*,*,#3390,.T.);
#4466=ORIENTED_EDGE('',*,*,#3388,.F.);
#4467=ORIENTED_EDGE('',*,*,#3390,.F.);
#4468=ORIENTED_EDGE('',*,*,#3391,.T.);
#4469=ORIENTED_EDGE('',*,*,#3392,.T.);
#4470=ORIENTED_EDGE('',*,*,#3389,.F.);
#4471=ORIENTED_EDGE('',*,*,#3392,.F.);
#4472=ORIENTED_EDGE('',*,*,#3393,.T.);
#4473=ORIENTED_EDGE('',*,*,#3391,.F.);
#4474=ORIENTED_EDGE('',*,*,#3394,.T.);
#4475=ORIENTED_EDGE('',*,*,#3395,.T.);
#4476=ORIENTED_EDGE('',*,*,#3393,.F.);
#4477=ORIENTED_EDGE('',*,*,#3395,.F.);
#4478=ORIENTED_EDGE('',*,*,#3394,.F.);
#4479=ORIENTED_EDGE('',*,*,#3396,.T.);
#4480=ORIENTED_EDGE('',*,*,#3397,.T.);
#4481=ORIENTED_EDGE('',*,*,#3398,.T.);
#4482=ORIENTED_EDGE('',*,*,#3399,.T.);
#4483=ORIENTED_EDGE('',*,*,#3400,.T.);
#4484=ORIENTED_EDGE('',*,*,#3401,.T.);
#4485=ORIENTED_EDGE('',*,*,#3402,.T.);
#4486=ORIENTED_EDGE('',*,*,#3403,.T.);
#4487=ORIENTED_EDGE('',*,*,#3404,.T.);
#4488=ORIENTED_EDGE('',*,*,#3405,.T.);
#4489=ORIENTED_EDGE('',*,*,#3406,.T.);
#4490=ORIENTED_EDGE('',*,*,#3396,.F.);
#4491=ORIENTED_EDGE('',*,*,#3406,.F.);
#4492=ORIENTED_EDGE('',*,*,#3407,.T.);
#4493=ORIENTED_EDGE('',*,*,#3408,.T.);
#4494=ORIENTED_EDGE('',*,*,#3409,.T.);
#4495=ORIENTED_EDGE('',*,*,#3410,.T.);
#4496=ORIENTED_EDGE('',*,*,#3411,.T.);
#4497=ORIENTED_EDGE('',*,*,#3412,.T.);
#4498=ORIENTED_EDGE('',*,*,#3413,.T.);
#4499=ORIENTED_EDGE('',*,*,#3414,.T.);
#4500=ORIENTED_EDGE('',*,*,#3397,.F.);
#4501=ORIENTED_EDGE('',*,*,#3415,.T.);
#4502=ORIENTED_EDGE('',*,*,#3416,.T.);
#4503=ORIENTED_EDGE('',*,*,#3417,.T.);
#4504=ORIENTED_EDGE('',*,*,#3418,.T.);
#4505=ORIENTED_EDGE('',*,*,#3398,.F.);
#4506=ORIENTED_EDGE('',*,*,#3417,.F.);
#4507=ORIENTED_EDGE('',*,*,#3419,.F.);
#4508=ORIENTED_EDGE('',*,*,#3418,.F.);
#4509=ORIENTED_EDGE('',*,*,#3420,.F.);
#4510=ORIENTED_EDGE('',*,*,#3421,.F.);
#4511=ORIENTED_EDGE('',*,*,#3422,.F.);
#4512=ORIENTED_EDGE('',*,*,#3423,.F.);
#4513=ORIENTED_EDGE('',*,*,#3424,.F.);
#4514=ORIENTED_EDGE('',*,*,#3425,.F.);
#4515=ORIENTED_EDGE('',*,*,#3413,.F.);
#4516=ORIENTED_EDGE('',*,*,#3426,.F.);
#4517=ORIENTED_EDGE('',*,*,#3427,.F.);
#4518=ORIENTED_EDGE('',*,*,#3428,.F.);
#4519=ORIENTED_EDGE('',*,*,#3429,.F.);
#4520=ORIENTED_EDGE('',*,*,#3430,.F.);
#4521=ORIENTED_EDGE('',*,*,#3431,.F.);
#4522=ORIENTED_EDGE('',*,*,#3432,.F.);
#4523=ORIENTED_EDGE('',*,*,#3409,.F.);
#4524=ORIENTED_EDGE('',*,*,#3433,.F.);
#4525=ORIENTED_EDGE('',*,*,#3434,.F.);
#4526=ORIENTED_EDGE('',*,*,#3435,.F.);
#4527=ORIENTED_EDGE('',*,*,#3436,.F.);
#4528=ORIENTED_EDGE('',*,*,#3437,.F.);
#4529=ORIENTED_EDGE('',*,*,#3438,.F.);
#4530=ORIENTED_EDGE('',*,*,#3439,.F.);
#4531=ORIENTED_EDGE('',*,*,#3403,.F.);
#4532=ORIENTED_EDGE('',*,*,#3440,.F.);
#4533=ORIENTED_EDGE('',*,*,#3441,.F.);
#4534=ORIENTED_EDGE('',*,*,#3442,.F.);
#4535=ORIENTED_EDGE('',*,*,#3443,.F.);
#4536=ORIENTED_EDGE('',*,*,#3444,.F.);
#4537=ORIENTED_EDGE('',*,*,#3445,.F.);
#4538=ORIENTED_EDGE('',*,*,#3446,.F.);
#4539=ORIENTED_EDGE('',*,*,#3399,.F.);
#4540=ORIENTED_EDGE('',*,*,#3446,.T.);
#4541=ORIENTED_EDGE('',*,*,#3447,.T.);
#4542=ORIENTED_EDGE('',*,*,#3448,.F.);
#4543=ORIENTED_EDGE('',*,*,#3400,.F.);
#4544=ORIENTED_EDGE('',*,*,#3401,.F.);
#4545=ORIENTED_EDGE('',*,*,#3448,.T.);
#4546=ORIENTED_EDGE('',*,*,#3449,.T.);
#4547=ORIENTED_EDGE('',*,*,#3450,.T.);
#4548=ORIENTED_EDGE('',*,*,#3440,.T.);
#4549=ORIENTED_EDGE('',*,*,#3402,.F.);
#4550=ORIENTED_EDGE('',*,*,#3450,.F.);
#4551=ORIENTED_EDGE('',*,*,#3451,.F.);
#4552=ORIENTED_EDGE('',*,*,#3439,.T.);
#4553=ORIENTED_EDGE('',*,*,#3452,.T.);
#4554=ORIENTED_EDGE('',*,*,#3453,.F.);
#4555=ORIENTED_EDGE('',*,*,#3404,.F.);
#4556=ORIENTED_EDGE('',*,*,#3405,.F.);
#4557=ORIENTED_EDGE('',*,*,#3453,.T.);
#4558=ORIENTED_EDGE('',*,*,#3454,.T.);
#4559=ORIENTED_EDGE('',*,*,#3455,.T.);
#4560=ORIENTED_EDGE('',*,*,#3407,.F.);
#4561=ORIENTED_EDGE('',*,*,#3433,.T.);
#4562=ORIENTED_EDGE('',*,*,#3408,.F.);
#4563=ORIENTED_EDGE('',*,*,#3455,.F.);
#4564=ORIENTED_EDGE('',*,*,#3456,.F.);
#4565=ORIENTED_EDGE('',*,*,#3432,.T.);
#4566=ORIENTED_EDGE('',*,*,#3457,.T.);
#4567=ORIENTED_EDGE('',*,*,#3458,.F.);
#4568=ORIENTED_EDGE('',*,*,#3410,.F.);
#4569=ORIENTED_EDGE('',*,*,#3411,.F.);
#4570=ORIENTED_EDGE('',*,*,#3458,.T.);
#4571=ORIENTED_EDGE('',*,*,#3459,.T.);
#4572=ORIENTED_EDGE('',*,*,#3460,.T.);
#4573=ORIENTED_EDGE('',*,*,#3426,.T.);
#4574=ORIENTED_EDGE('',*,*,#3412,.F.);
#4575=ORIENTED_EDGE('',*,*,#3460,.F.);
#4576=ORIENTED_EDGE('',*,*,#3461,.F.);
#4577=ORIENTED_EDGE('',*,*,#3425,.T.);
#4578=ORIENTED_EDGE('',*,*,#3462,.T.);
#4579=ORIENTED_EDGE('',*,*,#3415,.F.);
#4580=ORIENTED_EDGE('',*,*,#3414,.F.);
#4581=ORIENTED_EDGE('',*,*,#3420,.T.);
#4582=ORIENTED_EDGE('',*,*,#3419,.T.);
#4583=ORIENTED_EDGE('',*,*,#3416,.F.);
#4584=ORIENTED_EDGE('',*,*,#3462,.F.);
#4585=ORIENTED_EDGE('',*,*,#3424,.T.);
#4586=ORIENTED_EDGE('',*,*,#3463,.T.);
#4587=ORIENTED_EDGE('',*,*,#3464,.F.);
#4588=ORIENTED_EDGE('',*,*,#3465,.F.);
#4589=ORIENTED_EDGE('',*,*,#3466,.F.);
#4590=ORIENTED_EDGE('',*,*,#3421,.T.);
#4591=ORIENTED_EDGE('',*,*,#3465,.T.);
#4592=ORIENTED_EDGE('',*,*,#3467,.F.);
#4593=ORIENTED_EDGE('',*,*,#3468,.T.);
#4594=ORIENTED_EDGE('',*,*,#3469,.T.);
#4595=ORIENTED_EDGE('',*,*,#3470,.T.);
#4596=ORIENTED_EDGE('',*,*,#3422,.T.);
#4597=ORIENTED_EDGE('',*,*,#3466,.T.);
#4598=ORIENTED_EDGE('',*,*,#3471,.F.);
#4599=ORIENTED_EDGE('',*,*,#3472,.F.);
#4600=ORIENTED_EDGE('',*,*,#3463,.F.);
#4601=ORIENTED_EDGE('',*,*,#3423,.T.);
#4602=ORIENTED_EDGE('',*,*,#3472,.T.);
#4603=ORIENTED_EDGE('',*,*,#3473,.F.);
#4604=ORIENTED_EDGE('',*,*,#3474,.F.);
#4605=ORIENTED_EDGE('',*,*,#3475,.F.);
#4606=ORIENTED_EDGE('',*,*,#3476,.F.);
#4607=ORIENTED_EDGE('',*,*,#3427,.T.);
#4608=ORIENTED_EDGE('',*,*,#3461,.T.);
#4609=ORIENTED_EDGE('',*,*,#3459,.F.);
#4610=ORIENTED_EDGE('',*,*,#3457,.F.);
#4611=ORIENTED_EDGE('',*,*,#3431,.T.);
#4612=ORIENTED_EDGE('',*,*,#3477,.T.);
#4613=ORIENTED_EDGE('',*,*,#3478,.F.);
#4614=ORIENTED_EDGE('',*,*,#3479,.F.);
#4615=ORIENTED_EDGE('',*,*,#3480,.F.);
#4616=ORIENTED_EDGE('',*,*,#3428,.T.);
#4617=ORIENTED_EDGE('',*,*,#3479,.T.);
#4618=ORIENTED_EDGE('',*,*,#3481,.F.);
#4619=ORIENTED_EDGE('',*,*,#3482,.F.);
#4620=ORIENTED_EDGE('',*,*,#3429,.T.);
#4621=ORIENTED_EDGE('',*,*,#3480,.T.);
#4622=ORIENTED_EDGE('',*,*,#3483,.F.);
#4623=ORIENTED_EDGE('',*,*,#3477,.F.);
#4624=ORIENTED_EDGE('',*,*,#3430,.T.);
#4625=ORIENTED_EDGE('',*,*,#3482,.T.);
#4626=ORIENTED_EDGE('',*,*,#3484,.F.);
#4627=ORIENTED_EDGE('',*,*,#3434,.T.);
#4628=ORIENTED_EDGE('',*,*,#3456,.T.);
#4629=ORIENTED_EDGE('',*,*,#3454,.F.);
#4630=ORIENTED_EDGE('',*,*,#3452,.F.);
#4631=ORIENTED_EDGE('',*,*,#3438,.T.);
#4632=ORIENTED_EDGE('',*,*,#3485,.T.);
#4633=ORIENTED_EDGE('',*,*,#3486,.F.);
#4634=ORIENTED_EDGE('',*,*,#3487,.F.);
#4635=ORIENTED_EDGE('',*,*,#3488,.F.);
#4636=ORIENTED_EDGE('',*,*,#3435,.T.);
#4637=ORIENTED_EDGE('',*,*,#3487,.T.);
#4638=ORIENTED_EDGE('',*,*,#3489,.F.);
#4639=ORIENTED_EDGE('',*,*,#3490,.T.);
#4640=ORIENTED_EDGE('',*,*,#3491,.T.);
#4641=ORIENTED_EDGE('',*,*,#3492,.T.);
#4642=ORIENTED_EDGE('',*,*,#3436,.T.);
#4643=ORIENTED_EDGE('',*,*,#3488,.T.);
#4644=ORIENTED_EDGE('',*,*,#3493,.T.);
#4645=ORIENTED_EDGE('',*,*,#3494,.F.);
#4646=ORIENTED_EDGE('',*,*,#3485,.F.);
#4647=ORIENTED_EDGE('',*,*,#3437,.T.);
#4648=ORIENTED_EDGE('',*,*,#3494,.T.);
#4649=ORIENTED_EDGE('',*,*,#3495,.F.);
#4650=ORIENTED_EDGE('',*,*,#3496,.F.);
#4651=ORIENTED_EDGE('',*,*,#3497,.F.);
#4652=ORIENTED_EDGE('',*,*,#3498,.F.);
#4653=ORIENTED_EDGE('',*,*,#3441,.T.);
#4654=ORIENTED_EDGE('',*,*,#3451,.T.);
#4655=ORIENTED_EDGE('',*,*,#3449,.F.);
#4656=ORIENTED_EDGE('',*,*,#3447,.F.);
#4657=ORIENTED_EDGE('',*,*,#3445,.T.);
#4658=ORIENTED_EDGE('',*,*,#3499,.T.);
#4659=ORIENTED_EDGE('',*,*,#3500,.F.);
#4660=ORIENTED_EDGE('',*,*,#3501,.F.);
#4661=ORIENTED_EDGE('',*,*,#3502,.F.);
#4662=ORIENTED_EDGE('',*,*,#3442,.T.);
#4663=ORIENTED_EDGE('',*,*,#3501,.T.);
#4664=ORIENTED_EDGE('',*,*,#3503,.F.);
#4665=ORIENTED_EDGE('',*,*,#3504,.F.);
#4666=ORIENTED_EDGE('',*,*,#3443,.T.);
#4667=ORIENTED_EDGE('',*,*,#3502,.T.);
#4668=ORIENTED_EDGE('',*,*,#3505,.F.);
#4669=ORIENTED_EDGE('',*,*,#3499,.F.);
#4670=ORIENTED_EDGE('',*,*,#3444,.T.);
#4671=ORIENTED_EDGE('',*,*,#3504,.T.);
#4672=ORIENTED_EDGE('',*,*,#3506,.F.);
#4673=ORIENTED_EDGE('',*,*,#3467,.T.);
#4674=ORIENTED_EDGE('',*,*,#3464,.T.);
#4675=ORIENTED_EDGE('',*,*,#3476,.T.);
#4676=ORIENTED_EDGE('',*,*,#3507,.T.);
#4677=ORIENTED_EDGE('',*,*,#3507,.F.);
#4678=ORIENTED_EDGE('',*,*,#3475,.T.);
#4679=ORIENTED_EDGE('',*,*,#3508,.T.);
#4680=ORIENTED_EDGE('',*,*,#3468,.F.);
#4681=ORIENTED_EDGE('',*,*,#3508,.F.);
#4682=ORIENTED_EDGE('',*,*,#3474,.T.);
#4683=ORIENTED_EDGE('',*,*,#3509,.T.);
#4684=ORIENTED_EDGE('',*,*,#3469,.F.);
#4685=ORIENTED_EDGE('',*,*,#3509,.F.);
#4686=ORIENTED_EDGE('',*,*,#3473,.T.);
#4687=ORIENTED_EDGE('',*,*,#3471,.T.);
#4688=ORIENTED_EDGE('',*,*,#3470,.F.);
#4689=ORIENTED_EDGE('',*,*,#3481,.T.);
#4690=ORIENTED_EDGE('',*,*,#3478,.T.);
#4691=ORIENTED_EDGE('',*,*,#3484,.T.);
#4692=ORIENTED_EDGE('',*,*,#3483,.T.);
#4693=ORIENTED_EDGE('',*,*,#3489,.T.);
#4694=ORIENTED_EDGE('',*,*,#3486,.T.);
#4695=ORIENTED_EDGE('',*,*,#3498,.T.);
#4696=ORIENTED_EDGE('',*,*,#3510,.T.);
#4697=ORIENTED_EDGE('',*,*,#3510,.F.);
#4698=ORIENTED_EDGE('',*,*,#3497,.T.);
#4699=ORIENTED_EDGE('',*,*,#3511,.F.);
#4700=ORIENTED_EDGE('',*,*,#3490,.F.);
#4701=ORIENTED_EDGE('',*,*,#3511,.T.);
#4702=ORIENTED_EDGE('',*,*,#3496,.T.);
#4703=ORIENTED_EDGE('',*,*,#3512,.F.);
#4704=ORIENTED_EDGE('',*,*,#3491,.F.);
#4705=ORIENTED_EDGE('',*,*,#3512,.T.);
#4706=ORIENTED_EDGE('',*,*,#3495,.T.);
#4707=ORIENTED_EDGE('',*,*,#3493,.F.);
#4708=ORIENTED_EDGE('',*,*,#3492,.F.);
#4709=ORIENTED_EDGE('',*,*,#3505,.T.);
#4710=ORIENTED_EDGE('',*,*,#3503,.T.);
#4711=ORIENTED_EDGE('',*,*,#3500,.T.);
#4712=ORIENTED_EDGE('',*,*,#3506,.T.);
#4713=ORIENTED_EDGE('',*,*,#3513,.T.);
#4714=ORIENTED_EDGE('',*,*,#3514,.T.);
#4715=ORIENTED_EDGE('',*,*,#3515,.F.);
#4716=ORIENTED_EDGE('',*,*,#3516,.F.);
#4717=ORIENTED_EDGE('',*,*,#3514,.F.);
#4718=ORIENTED_EDGE('',*,*,#3517,.F.);
#4719=ORIENTED_EDGE('',*,*,#3515,.T.);
#4720=ORIENTED_EDGE('',*,*,#3516,.T.);
#4721=ORIENTED_EDGE('',*,*,#3517,.T.);
#4722=ORIENTED_EDGE('',*,*,#3518,.F.);
#4723=ORIENTED_EDGE('',*,*,#3519,.T.);
#4724=ORIENTED_EDGE('',*,*,#3520,.T.);
#4725=ORIENTED_EDGE('',*,*,#3521,.T.);
#4726=ORIENTED_EDGE('',*,*,#3522,.T.);
#4727=ORIENTED_EDGE('',*,*,#3513,.F.);
#4728=ORIENTED_EDGE('',*,*,#3523,.F.);
#4729=ORIENTED_EDGE('',*,*,#3524,.F.);
#4730=ORIENTED_EDGE('',*,*,#3525,.F.);
#4731=ORIENTED_EDGE('',*,*,#3518,.T.);
#4732=ORIENTED_EDGE('',*,*,#3526,.F.);
#4733=ORIENTED_EDGE('',*,*,#3527,.T.);
#4734=ORIENTED_EDGE('',*,*,#3528,.T.);
#4735=ORIENTED_EDGE('',*,*,#3519,.F.);
#4736=ORIENTED_EDGE('',*,*,#3529,.F.);
#4737=ORIENTED_EDGE('',*,*,#3530,.T.);
#4738=ORIENTED_EDGE('',*,*,#3526,.T.);
#4739=ORIENTED_EDGE('',*,*,#3522,.F.);
#4740=ORIENTED_EDGE('',*,*,#3528,.F.);
#4741=ORIENTED_EDGE('',*,*,#3531,.T.);
#4742=ORIENTED_EDGE('',*,*,#3532,.T.);
#4743=ORIENTED_EDGE('',*,*,#3520,.F.);
#4744=ORIENTED_EDGE('',*,*,#3532,.F.);
#4745=ORIENTED_EDGE('',*,*,#3533,.T.);
#4746=ORIENTED_EDGE('',*,*,#3529,.T.);
#4747=ORIENTED_EDGE('',*,*,#3521,.F.);
#4748=ORIENTED_EDGE('',*,*,#3523,.T.);
#4749=ORIENTED_EDGE('',*,*,#3534,.T.);
#4750=ORIENTED_EDGE('',*,*,#3535,.F.);
#4751=ORIENTED_EDGE('',*,*,#3536,.F.);
#4752=ORIENTED_EDGE('',*,*,#3534,.F.);
#4753=ORIENTED_EDGE('',*,*,#3524,.T.);
#4754=ORIENTED_EDGE('',*,*,#3537,.T.);
#4755=ORIENTED_EDGE('',*,*,#3538,.F.);
#4756=ORIENTED_EDGE('',*,*,#3539,.F.);
#4757=ORIENTED_EDGE('',*,*,#3537,.F.);
#4758=ORIENTED_EDGE('',*,*,#3525,.T.);
#4759=ORIENTED_EDGE('',*,*,#3540,.T.);
#4760=ORIENTED_EDGE('',*,*,#3541,.F.);
#4761=ORIENTED_EDGE('',*,*,#3542,.F.);
#4762=ORIENTED_EDGE('',*,*,#3540,.F.);
#4763=ORIENTED_EDGE('',*,*,#3543,.T.);
#4764=ORIENTED_EDGE('',*,*,#3544,.T.);
#4765=ORIENTED_EDGE('',*,*,#3545,.T.);
#4766=ORIENTED_EDGE('',*,*,#3546,.T.);
#4767=ORIENTED_EDGE('',*,*,#3547,.T.);
#4768=ORIENTED_EDGE('',*,*,#3548,.T.);
#4769=ORIENTED_EDGE('',*,*,#3549,.T.);
#4770=ORIENTED_EDGE('',*,*,#3550,.T.);
#4771=ORIENTED_EDGE('',*,*,#3527,.F.);
#4772=ORIENTED_EDGE('',*,*,#3530,.F.);
#4773=ORIENTED_EDGE('',*,*,#3533,.F.);
#4774=ORIENTED_EDGE('',*,*,#3531,.F.);
#4775=ORIENTED_EDGE('',*,*,#3551,.F.);
#4776=ORIENTED_EDGE('',*,*,#3535,.T.);
#4777=ORIENTED_EDGE('',*,*,#3536,.T.);
#4778=ORIENTED_EDGE('',*,*,#3551,.T.);
#4779=ORIENTED_EDGE('',*,*,#3552,.F.);
#4780=ORIENTED_EDGE('',*,*,#3553,.F.);
#4781=ORIENTED_EDGE('',*,*,#3538,.T.);
#4782=ORIENTED_EDGE('',*,*,#3539,.T.);
#4783=ORIENTED_EDGE('',*,*,#3553,.T.);
#4784=ORIENTED_EDGE('',*,*,#3554,.F.);
#4785=ORIENTED_EDGE('',*,*,#3555,.F.);
#4786=ORIENTED_EDGE('',*,*,#3541,.T.);
#4787=ORIENTED_EDGE('',*,*,#3542,.T.);
#4788=ORIENTED_EDGE('',*,*,#3555,.T.);
#4789=ORIENTED_EDGE('',*,*,#3556,.F.);
#4790=ORIENTED_EDGE('',*,*,#3557,.F.);
#4791=ORIENTED_EDGE('',*,*,#3558,.T.);
#4792=ORIENTED_EDGE('',*,*,#3559,.T.);
#4793=ORIENTED_EDGE('',*,*,#3543,.F.);
#4794=ORIENTED_EDGE('',*,*,#3560,.F.);
#4795=ORIENTED_EDGE('',*,*,#3561,.T.);
#4796=ORIENTED_EDGE('',*,*,#3557,.T.);
#4797=ORIENTED_EDGE('',*,*,#3550,.F.);
#4798=ORIENTED_EDGE('',*,*,#3559,.F.);
#4799=ORIENTED_EDGE('',*,*,#3562,.T.);
#4800=ORIENTED_EDGE('',*,*,#3563,.T.);
#4801=ORIENTED_EDGE('',*,*,#3544,.F.);
#4802=ORIENTED_EDGE('',*,*,#3564,.F.);
#4803=ORIENTED_EDGE('',*,*,#3565,.T.);
#4804=ORIENTED_EDGE('',*,*,#3560,.T.);
#4805=ORIENTED_EDGE('',*,*,#3549,.F.);
#4806=ORIENTED_EDGE('',*,*,#3563,.F.);
#4807=ORIENTED_EDGE('',*,*,#3566,.T.);
#4808=ORIENTED_EDGE('',*,*,#3567,.T.);
#4809=ORIENTED_EDGE('',*,*,#3545,.F.);
#4810=ORIENTED_EDGE('',*,*,#3568,.F.);
#4811=ORIENTED_EDGE('',*,*,#3569,.T.);
#4812=ORIENTED_EDGE('',*,*,#3564,.T.);
#4813=ORIENTED_EDGE('',*,*,#3548,.F.);
#4814=ORIENTED_EDGE('',*,*,#3567,.F.);
#4815=ORIENTED_EDGE('',*,*,#3570,.T.);
#4816=ORIENTED_EDGE('',*,*,#3571,.T.);
#4817=ORIENTED_EDGE('',*,*,#3546,.F.);
#4818=ORIENTED_EDGE('',*,*,#3571,.F.);
#4819=ORIENTED_EDGE('',*,*,#3572,.T.);
#4820=ORIENTED_EDGE('',*,*,#3568,.T.);
#4821=ORIENTED_EDGE('',*,*,#3547,.F.);
#4822=ORIENTED_EDGE('',*,*,#3552,.T.);
#4823=ORIENTED_EDGE('',*,*,#3554,.T.);
#4824=ORIENTED_EDGE('',*,*,#3556,.T.);
#4825=ORIENTED_EDGE('',*,*,#3558,.F.);
#4826=ORIENTED_EDGE('',*,*,#3561,.F.);
#4827=ORIENTED_EDGE('',*,*,#3565,.F.);
#4828=ORIENTED_EDGE('',*,*,#3569,.F.);
#4829=ORIENTED_EDGE('',*,*,#3572,.F.);
#4830=ORIENTED_EDGE('',*,*,#3570,.F.);
#4831=ORIENTED_EDGE('',*,*,#3566,.F.);
#4832=ORIENTED_EDGE('',*,*,#3562,.F.);
#4833=ORIENTED_EDGE('',*,*,#3573,.F.);
#4834=ORIENTED_EDGE('',*,*,#3574,.F.);
#4835=ORIENTED_EDGE('',*,*,#3575,.F.);
#4836=ORIENTED_EDGE('',*,*,#3576,.F.);
#4837=ORIENTED_EDGE('',*,*,#3577,.F.);
#4838=ORIENTED_EDGE('',*,*,#3578,.F.);
#4839=ORIENTED_EDGE('',*,*,#3579,.F.);
#4840=ORIENTED_EDGE('',*,*,#3580,.F.);
#4841=ORIENTED_EDGE('',*,*,#3581,.F.);
#4842=ORIENTED_EDGE('',*,*,#3582,.F.);
#4843=ORIENTED_EDGE('',*,*,#3583,.F.);
#4844=ORIENTED_EDGE('',*,*,#3584,.F.);
#4845=ORIENTED_EDGE('',*,*,#3585,.F.);
#4846=ORIENTED_EDGE('',*,*,#3586,.F.);
#4847=ORIENTED_EDGE('',*,*,#3587,.F.);
#4848=ORIENTED_EDGE('',*,*,#3588,.F.);
#4849=ORIENTED_EDGE('',*,*,#3589,.F.);
#4850=ORIENTED_EDGE('',*,*,#3590,.F.);
#4851=ORIENTED_EDGE('',*,*,#3591,.F.);
#4852=ORIENTED_EDGE('',*,*,#3592,.F.);
#4853=ORIENTED_EDGE('',*,*,#3593,.F.);
#4854=ORIENTED_EDGE('',*,*,#3573,.T.);
#4855=ORIENTED_EDGE('',*,*,#3594,.T.);
#4856=ORIENTED_EDGE('',*,*,#3595,.F.);
#4857=ORIENTED_EDGE('',*,*,#3596,.F.);
#4858=ORIENTED_EDGE('',*,*,#3574,.T.);
#4859=ORIENTED_EDGE('',*,*,#3593,.T.);
#4860=ORIENTED_EDGE('',*,*,#3597,.F.);
#4861=ORIENTED_EDGE('',*,*,#3594,.F.);
#4862=ORIENTED_EDGE('',*,*,#3577,.T.);
#4863=ORIENTED_EDGE('',*,*,#3598,.T.);
#4864=ORIENTED_EDGE('',*,*,#3599,.F.);
#4865=ORIENTED_EDGE('',*,*,#3600,.F.);
#4866=ORIENTED_EDGE('',*,*,#3575,.T.);
#4867=ORIENTED_EDGE('',*,*,#3596,.T.);
#4868=ORIENTED_EDGE('',*,*,#3601,.F.);
#4869=ORIENTED_EDGE('',*,*,#3598,.F.);
#4870=ORIENTED_EDGE('',*,*,#3576,.T.);
#4871=ORIENTED_EDGE('',*,*,#3600,.T.);
#4872=ORIENTED_EDGE('',*,*,#3602,.F.);
#4873=ORIENTED_EDGE('',*,*,#3603,.F.);
#4874=ORIENTED_EDGE('',*,*,#3578,.T.);
#4875=ORIENTED_EDGE('',*,*,#3604,.T.);
#4876=ORIENTED_EDGE('',*,*,#3605,.F.);
#4877=ORIENTED_EDGE('',*,*,#3606,.F.);
#4878=ORIENTED_EDGE('',*,*,#3579,.T.);
#4879=ORIENTED_EDGE('',*,*,#3603,.T.);
#4880=ORIENTED_EDGE('',*,*,#3607,.F.);
#4881=ORIENTED_EDGE('',*,*,#3608,.F.);
#4882=ORIENTED_EDGE('',*,*,#3580,.T.);
#4883=ORIENTED_EDGE('',*,*,#3606,.T.);
#4884=ORIENTED_EDGE('',*,*,#3609,.F.);
#4885=ORIENTED_EDGE('',*,*,#3610,.F.);
#4886=ORIENTED_EDGE('',*,*,#3581,.T.);
#4887=ORIENTED_EDGE('',*,*,#3608,.T.);
#4888=ORIENTED_EDGE('',*,*,#3611,.F.);
#4889=ORIENTED_EDGE('',*,*,#3604,.F.);
#4890=ORIENTED_EDGE('',*,*,#3582,.T.);
#4891=ORIENTED_EDGE('',*,*,#3610,.T.);
#4892=ORIENTED_EDGE('',*,*,#3612,.F.);
#4893=ORIENTED_EDGE('',*,*,#3613,.F.);
#4894=ORIENTED_EDGE('',*,*,#3583,.T.);
#4895=ORIENTED_EDGE('',*,*,#3614,.T.);
#4896=ORIENTED_EDGE('',*,*,#3615,.F.);
#4897=ORIENTED_EDGE('',*,*,#3616,.F.);
#4898=ORIENTED_EDGE('',*,*,#3584,.T.);
#4899=ORIENTED_EDGE('',*,*,#3613,.T.);
#4900=ORIENTED_EDGE('',*,*,#3617,.F.);
#4901=ORIENTED_EDGE('',*,*,#3618,.F.);
#4902=ORIENTED_EDGE('',*,*,#3585,.T.);
#4903=ORIENTED_EDGE('',*,*,#3616,.T.);
#4904=ORIENTED_EDGE('',*,*,#3619,.F.);
#4905=ORIENTED_EDGE('',*,*,#3620,.F.);
#4906=ORIENTED_EDGE('',*,*,#3586,.T.);
#4907=ORIENTED_EDGE('',*,*,#3618,.T.);
#4908=ORIENTED_EDGE('',*,*,#3621,.F.);
#4909=ORIENTED_EDGE('',*,*,#3614,.F.);
#4910=ORIENTED_EDGE('',*,*,#3587,.T.);
#4911=ORIENTED_EDGE('',*,*,#3620,.T.);
#4912=ORIENTED_EDGE('',*,*,#3622,.F.);
#4913=ORIENTED_EDGE('',*,*,#3623,.F.);
#4914=ORIENTED_EDGE('',*,*,#3588,.T.);
#4915=ORIENTED_EDGE('',*,*,#3624,.T.);
#4916=ORIENTED_EDGE('',*,*,#3625,.F.);
#4917=ORIENTED_EDGE('',*,*,#3626,.F.);
#4918=ORIENTED_EDGE('',*,*,#3589,.T.);
#4919=ORIENTED_EDGE('',*,*,#3623,.T.);
#4920=ORIENTED_EDGE('',*,*,#3627,.F.);
#4921=ORIENTED_EDGE('',*,*,#3628,.F.);
#4922=ORIENTED_EDGE('',*,*,#3590,.T.);
#4923=ORIENTED_EDGE('',*,*,#3626,.T.);
#4924=ORIENTED_EDGE('',*,*,#3629,.F.);
#4925=ORIENTED_EDGE('',*,*,#3630,.F.);
#4926=ORIENTED_EDGE('',*,*,#3591,.T.);
#4927=ORIENTED_EDGE('',*,*,#3628,.T.);
#4928=ORIENTED_EDGE('',*,*,#3631,.F.);
#4929=ORIENTED_EDGE('',*,*,#3624,.F.);
#4930=ORIENTED_EDGE('',*,*,#3592,.T.);
#4931=ORIENTED_EDGE('',*,*,#3630,.T.);
#4932=ORIENTED_EDGE('',*,*,#3632,.F.);
#4933=ORIENTED_EDGE('',*,*,#3599,.T.);
#4934=ORIENTED_EDGE('',*,*,#3602,.T.);
#4935=ORIENTED_EDGE('',*,*,#3601,.T.);
#4936=ORIENTED_EDGE('',*,*,#3597,.T.);
#4937=ORIENTED_EDGE('',*,*,#3595,.T.);
#4938=ORIENTED_EDGE('',*,*,#3612,.T.);
#4939=ORIENTED_EDGE('',*,*,#3611,.T.);
#4940=ORIENTED_EDGE('',*,*,#3609,.T.);
#4941=ORIENTED_EDGE('',*,*,#3607,.T.);
#4942=ORIENTED_EDGE('',*,*,#3605,.T.);
#4943=ORIENTED_EDGE('',*,*,#3622,.T.);
#4944=ORIENTED_EDGE('',*,*,#3621,.T.);
#4945=ORIENTED_EDGE('',*,*,#3619,.T.);
#4946=ORIENTED_EDGE('',*,*,#3617,.T.);
#4947=ORIENTED_EDGE('',*,*,#3615,.T.);
#4948=ORIENTED_EDGE('',*,*,#3632,.T.);
#4949=ORIENTED_EDGE('',*,*,#3631,.T.);
#4950=ORIENTED_EDGE('',*,*,#3629,.T.);
#4951=ORIENTED_EDGE('',*,*,#3627,.T.);
#4952=ORIENTED_EDGE('',*,*,#3625,.T.);
#4953=ORIENTED_EDGE('',*,*,#3633,.F.);
#4954=ORIENTED_EDGE('',*,*,#3634,.T.);
#4955=ORIENTED_EDGE('',*,*,#3635,.T.);
#4956=ORIENTED_EDGE('',*,*,#3636,.F.);
#4957=ORIENTED_EDGE('',*,*,#3635,.F.);
#4958=ORIENTED_EDGE('',*,*,#3637,.T.);
#4959=ORIENTED_EDGE('',*,*,#3638,.T.);
#4960=ORIENTED_EDGE('',*,*,#3639,.F.);
#4961=ORIENTED_EDGE('',*,*,#3638,.F.);
#4962=ORIENTED_EDGE('',*,*,#3640,.T.);
#4963=ORIENTED_EDGE('',*,*,#3641,.T.);
#4964=ORIENTED_EDGE('',*,*,#3642,.F.);
#4965=ORIENTED_EDGE('',*,*,#3641,.F.);
#4966=ORIENTED_EDGE('',*,*,#3643,.T.);
#4967=ORIENTED_EDGE('',*,*,#3644,.T.);
#4968=ORIENTED_EDGE('',*,*,#3645,.F.);
#4969=ORIENTED_EDGE('',*,*,#3644,.F.);
#4970=ORIENTED_EDGE('',*,*,#3646,.T.);
#4971=ORIENTED_EDGE('',*,*,#3647,.T.);
#4972=ORIENTED_EDGE('',*,*,#3648,.F.);
#4973=ORIENTED_EDGE('',*,*,#3647,.F.);
#4974=ORIENTED_EDGE('',*,*,#3649,.T.);
#4975=ORIENTED_EDGE('',*,*,#3650,.T.);
#4976=ORIENTED_EDGE('',*,*,#3651,.F.);
#4977=ORIENTED_EDGE('',*,*,#3650,.F.);
#4978=ORIENTED_EDGE('',*,*,#3652,.T.);
#4979=ORIENTED_EDGE('',*,*,#3653,.T.);
#4980=ORIENTED_EDGE('',*,*,#3654,.F.);
#4981=ORIENTED_EDGE('',*,*,#3653,.F.);
#4982=ORIENTED_EDGE('',*,*,#3655,.T.);
#4983=ORIENTED_EDGE('',*,*,#3633,.T.);
#4984=ORIENTED_EDGE('',*,*,#3656,.F.);
#4985=ORIENTED_EDGE('',*,*,#3657,.T.);
#4986=ORIENTED_EDGE('',*,*,#3658,.T.);
#4987=ORIENTED_EDGE('',*,*,#3659,.F.);
#4988=ORIENTED_EDGE('',*,*,#3658,.F.);
#4989=ORIENTED_EDGE('',*,*,#3660,.T.);
#4990=ORIENTED_EDGE('',*,*,#3661,.T.);
#4991=ORIENTED_EDGE('',*,*,#3662,.F.);
#4992=ORIENTED_EDGE('',*,*,#3661,.F.);
#4993=ORIENTED_EDGE('',*,*,#3663,.T.);
#4994=ORIENTED_EDGE('',*,*,#3664,.T.);
#4995=ORIENTED_EDGE('',*,*,#3665,.F.);
#4996=ORIENTED_EDGE('',*,*,#3664,.F.);
#4997=ORIENTED_EDGE('',*,*,#3666,.T.);
#4998=ORIENTED_EDGE('',*,*,#3667,.T.);
#4999=ORIENTED_EDGE('',*,*,#3668,.F.);
#5000=ORIENTED_EDGE('',*,*,#3667,.F.);
#5001=ORIENTED_EDGE('',*,*,#3669,.T.);
#5002=ORIENTED_EDGE('',*,*,#3670,.T.);
#5003=ORIENTED_EDGE('',*,*,#3671,.F.);
#5004=ORIENTED_EDGE('',*,*,#3670,.F.);
#5005=ORIENTED_EDGE('',*,*,#3634,.F.);
#5006=ORIENTED_EDGE('',*,*,#3655,.F.);
#5007=ORIENTED_EDGE('',*,*,#3652,.F.);
#5008=ORIENTED_EDGE('',*,*,#3649,.F.);
#5009=ORIENTED_EDGE('',*,*,#3646,.F.);
#5010=ORIENTED_EDGE('',*,*,#3643,.F.);
#5011=ORIENTED_EDGE('',*,*,#3640,.F.);
#5012=ORIENTED_EDGE('',*,*,#3637,.F.);
#5013=ORIENTED_EDGE('',*,*,#3659,.T.);
#5014=ORIENTED_EDGE('',*,*,#3662,.T.);
#5015=ORIENTED_EDGE('',*,*,#3665,.T.);
#5016=ORIENTED_EDGE('',*,*,#3668,.T.);
#5017=ORIENTED_EDGE('',*,*,#3671,.T.);
#5018=ORIENTED_EDGE('',*,*,#3636,.T.);
#5019=ORIENTED_EDGE('',*,*,#3639,.T.);
#5020=ORIENTED_EDGE('',*,*,#3642,.T.);
#5021=ORIENTED_EDGE('',*,*,#3645,.T.);
#5022=ORIENTED_EDGE('',*,*,#3648,.T.);
#5023=ORIENTED_EDGE('',*,*,#3651,.T.);
#5024=ORIENTED_EDGE('',*,*,#3654,.T.);
#5025=ORIENTED_EDGE('',*,*,#3656,.T.);
#5026=ORIENTED_EDGE('',*,*,#3657,.F.);
#5027=ORIENTED_EDGE('',*,*,#3660,.F.);
#5028=ORIENTED_EDGE('',*,*,#3663,.F.);
#5029=ORIENTED_EDGE('',*,*,#3666,.F.);
#5030=ORIENTED_EDGE('',*,*,#3669,.F.);
#5031=ORIENTED_EDGE('',*,*,#3672,.F.);
#5032=ORIENTED_EDGE('',*,*,#3673,.T.);
#5033=ORIENTED_EDGE('',*,*,#3674,.F.);
#5034=ORIENTED_EDGE('',*,*,#3675,.T.);
#5035=ORIENTED_EDGE('',*,*,#3676,.F.);
#5036=ORIENTED_EDGE('',*,*,#3677,.F.);
#5037=ORIENTED_EDGE('',*,*,#3678,.F.);
#5038=ORIENTED_EDGE('',*,*,#3679,.F.);
#5039=ORIENTED_EDGE('',*,*,#3680,.T.);
#5040=ORIENTED_EDGE('',*,*,#3681,.T.);
#5041=ORIENTED_EDGE('',*,*,#3682,.T.);
#5042=ORIENTED_EDGE('',*,*,#3683,.T.);
#5043=ORIENTED_EDGE('',*,*,#3672,.T.);
#5044=ORIENTED_EDGE('',*,*,#3684,.T.);
#5045=ORIENTED_EDGE('',*,*,#3685,.F.);
#5046=ORIENTED_EDGE('',*,*,#3686,.F.);
#5047=ORIENTED_EDGE('',*,*,#3673,.F.);
#5048=ORIENTED_EDGE('',*,*,#3686,.T.);
#5049=ORIENTED_EDGE('',*,*,#3687,.F.);
#5050=ORIENTED_EDGE('',*,*,#3688,.F.);
#5051=ORIENTED_EDGE('',*,*,#3679,.T.);
#5052=ORIENTED_EDGE('',*,*,#3689,.T.);
#5053=ORIENTED_EDGE('',*,*,#3690,.F.);
#5054=ORIENTED_EDGE('',*,*,#3684,.F.);
#5055=ORIENTED_EDGE('',*,*,#3674,.T.);
#5056=ORIENTED_EDGE('',*,*,#3688,.T.);
#5057=ORIENTED_EDGE('',*,*,#3691,.F.);
#5058=ORIENTED_EDGE('',*,*,#3692,.F.);
#5059=ORIENTED_EDGE('',*,*,#3678,.T.);
#5060=ORIENTED_EDGE('',*,*,#3693,.T.);
#5061=ORIENTED_EDGE('',*,*,#3694,.F.);
#5062=ORIENTED_EDGE('',*,*,#3689,.F.);
#5063=ORIENTED_EDGE('',*,*,#3675,.F.);
#5064=ORIENTED_EDGE('',*,*,#3692,.T.);
#5065=ORIENTED_EDGE('',*,*,#3695,.F.);
#5066=ORIENTED_EDGE('',*,*,#3696,.F.);
#5067=ORIENTED_EDGE('',*,*,#3677,.T.);
#5068=ORIENTED_EDGE('',*,*,#3697,.T.);
#5069=ORIENTED_EDGE('',*,*,#3698,.T.);
#5070=ORIENTED_EDGE('',*,*,#3693,.F.);
#5071=ORIENTED_EDGE('',*,*,#3676,.T.);
#5072=ORIENTED_EDGE('',*,*,#3696,.T.);
#5073=ORIENTED_EDGE('',*,*,#3699,.F.);
#5074=ORIENTED_EDGE('',*,*,#3697,.F.);
#5075=ORIENTED_EDGE('',*,*,#3700,.F.);
#5076=ORIENTED_EDGE('',*,*,#3701,.T.);
#5077=ORIENTED_EDGE('',*,*,#3702,.T.);
#5078=ORIENTED_EDGE('',*,*,#3680,.F.);
#5079=ORIENTED_EDGE('',*,*,#3702,.F.);
#5080=ORIENTED_EDGE('',*,*,#3703,.T.);
#5081=ORIENTED_EDGE('',*,*,#3704,.T.);
#5082=ORIENTED_EDGE('',*,*,#3681,.F.);
#5083=ORIENTED_EDGE('',*,*,#3704,.F.);
#5084=ORIENTED_EDGE('',*,*,#3705,.T.);
#5085=ORIENTED_EDGE('',*,*,#3706,.T.);
#5086=ORIENTED_EDGE('',*,*,#3682,.F.);
#5087=ORIENTED_EDGE('',*,*,#3706,.F.);
#5088=ORIENTED_EDGE('',*,*,#3707,.T.);
#5089=ORIENTED_EDGE('',*,*,#3700,.T.);
#5090=ORIENTED_EDGE('',*,*,#3683,.F.);
#5091=ORIENTED_EDGE('',*,*,#3685,.T.);
#5092=ORIENTED_EDGE('',*,*,#3708,.T.);
#5093=ORIENTED_EDGE('',*,*,#3709,.F.);
#5094=ORIENTED_EDGE('',*,*,#3710,.T.);
#5095=ORIENTED_EDGE('',*,*,#3711,.F.);
#5096=ORIENTED_EDGE('',*,*,#3687,.T.);
#5097=ORIENTED_EDGE('',*,*,#3710,.F.);
#5098=ORIENTED_EDGE('',*,*,#3708,.F.);
#5099=ORIENTED_EDGE('',*,*,#3690,.T.);
#5100=ORIENTED_EDGE('',*,*,#3712,.F.);
#5101=ORIENTED_EDGE('',*,*,#3691,.T.);
#5102=ORIENTED_EDGE('',*,*,#3711,.T.);
#5103=ORIENTED_EDGE('',*,*,#3713,.F.);
#5104=ORIENTED_EDGE('',*,*,#3714,.T.);
#5105=ORIENTED_EDGE('',*,*,#3694,.T.);
#5106=ORIENTED_EDGE('',*,*,#3715,.F.);
#5107=ORIENTED_EDGE('',*,*,#3716,.F.);
#5108=ORIENTED_EDGE('',*,*,#3712,.T.);
#5109=ORIENTED_EDGE('',*,*,#3717,.F.);
#5110=ORIENTED_EDGE('',*,*,#3695,.T.);
#5111=ORIENTED_EDGE('',*,*,#3714,.F.);
#5112=ORIENTED_EDGE('',*,*,#3718,.T.);
#5113=ORIENTED_EDGE('',*,*,#3715,.T.);
#5114=ORIENTED_EDGE('',*,*,#3698,.F.);
#5115=ORIENTED_EDGE('',*,*,#3718,.F.);
#5116=ORIENTED_EDGE('',*,*,#3699,.T.);
#5117=ORIENTED_EDGE('',*,*,#3717,.T.);
#5118=ORIENTED_EDGE('',*,*,#3719,.F.);
#5119=ORIENTED_EDGE('',*,*,#3720,.T.);
#5120=ORIENTED_EDGE('',*,*,#3701,.F.);
#5121=ORIENTED_EDGE('',*,*,#3707,.F.);
#5122=ORIENTED_EDGE('',*,*,#3705,.F.);
#5123=ORIENTED_EDGE('',*,*,#3703,.F.);
#5124=ORIENTED_EDGE('',*,*,#3716,.T.);
#5125=ORIENTED_EDGE('',*,*,#3719,.T.);
#5126=ORIENTED_EDGE('',*,*,#3713,.T.);
#5127=ORIENTED_EDGE('',*,*,#3709,.T.);
#5128=ORIENTED_EDGE('',*,*,#3721,.F.);
#5129=ORIENTED_EDGE('',*,*,#3722,.T.);
#5130=ORIENTED_EDGE('',*,*,#3723,.T.);
#5131=ORIENTED_EDGE('',*,*,#3720,.F.);
#5132=ORIENTED_EDGE('',*,*,#3723,.F.);
#5133=ORIENTED_EDGE('',*,*,#3724,.F.);
#5134=ORIENTED_EDGE('',*,*,#3725,.T.);
#5135=ORIENTED_EDGE('',*,*,#3721,.T.);
#5136=ORIENTED_EDGE('',*,*,#3725,.F.);
#5137=ORIENTED_EDGE('',*,*,#3722,.F.);
#5138=ORIENTED_EDGE('',*,*,#3724,.T.);
#5139=ORIENTED_EDGE('',*,*,#3726,.F.);
#5140=ORIENTED_EDGE('',*,*,#3727,.T.);
#5141=ORIENTED_EDGE('',*,*,#3728,.T.);
#5142=ORIENTED_EDGE('',*,*,#3729,.F.);
#5143=ORIENTED_EDGE('',*,*,#3727,.F.);
#5144=ORIENTED_EDGE('',*,*,#3730,.F.);
#5145=ORIENTED_EDGE('',*,*,#3731,.F.);
#5146=ORIENTED_EDGE('',*,*,#3732,.F.);
#5147=ORIENTED_EDGE('',*,*,#3729,.T.);
#5148=ORIENTED_EDGE('',*,*,#3733,.T.);
#5149=ORIENTED_EDGE('',*,*,#3734,.T.);
#5150=ORIENTED_EDGE('',*,*,#3735,.T.);
#5151=ORIENTED_EDGE('',*,*,#3736,.T.);
#5152=ORIENTED_EDGE('',*,*,#3737,.T.);
#5153=ORIENTED_EDGE('',*,*,#3738,.F.);
#5154=ORIENTED_EDGE('',*,*,#3731,.T.);
#5155=ORIENTED_EDGE('',*,*,#3739,.T.);
#5156=ORIENTED_EDGE('',*,*,#3740,.T.);
#5157=ORIENTED_EDGE('',*,*,#3741,.F.);
#5158=ORIENTED_EDGE('',*,*,#3734,.F.);
#5159=ORIENTED_EDGE('',*,*,#3737,.F.);
#5160=ORIENTED_EDGE('',*,*,#3742,.F.);
#5161=ORIENTED_EDGE('',*,*,#3743,.F.);
#5162=ORIENTED_EDGE('',*,*,#3744,.F.);
#5163=ORIENTED_EDGE('',*,*,#3740,.F.);
#5164=ORIENTED_EDGE('',*,*,#3745,.T.);
#5165=ORIENTED_EDGE('',*,*,#3746,.T.);
#5166=ORIENTED_EDGE('',*,*,#3747,.T.);
#5167=ORIENTED_EDGE('',*,*,#3748,.T.);
#5168=ORIENTED_EDGE('',*,*,#3749,.T.);
#5169=ORIENTED_EDGE('',*,*,#3750,.F.);
#5170=ORIENTED_EDGE('',*,*,#3743,.T.);
#5171=ORIENTED_EDGE('',*,*,#3751,.T.);
#5172=ORIENTED_EDGE('',*,*,#3752,.T.);
#5173=ORIENTED_EDGE('',*,*,#3753,.F.);
#5174=ORIENTED_EDGE('',*,*,#3746,.F.);
#5175=ORIENTED_EDGE('',*,*,#3754,.F.);
#5176=ORIENTED_EDGE('',*,*,#3755,.T.);
#5177=ORIENTED_EDGE('',*,*,#3756,.F.);
#5178=ORIENTED_EDGE('',*,*,#3757,.F.);
#5179=ORIENTED_EDGE('',*,*,#3758,.F.);
#5180=ORIENTED_EDGE('',*,*,#3749,.F.);
#5181=ORIENTED_EDGE('',*,*,#3752,.F.);
#5182=ORIENTED_EDGE('',*,*,#3759,.T.);
#5183=ORIENTED_EDGE('',*,*,#3760,.T.);
#5184=ORIENTED_EDGE('',*,*,#3761,.T.);
#5185=ORIENTED_EDGE('',*,*,#3762,.F.);
#5186=ORIENTED_EDGE('',*,*,#3763,.T.);
#5187=ORIENTED_EDGE('',*,*,#3764,.F.);
#5188=ORIENTED_EDGE('',*,*,#3765,.F.);
#5189=ORIENTED_EDGE('',*,*,#3755,.F.);
#5190=ORIENTED_EDGE('',*,*,#3766,.F.);
#5191=ORIENTED_EDGE('',*,*,#3762,.T.);
#5192=ORIENTED_EDGE('',*,*,#3767,.T.);
#5193=ORIENTED_EDGE('',*,*,#3768,.T.);
#5194=ORIENTED_EDGE('',*,*,#3769,.F.);
#5195=ORIENTED_EDGE('',*,*,#3770,.T.);
#5196=ORIENTED_EDGE('',*,*,#3771,.T.);
#5197=ORIENTED_EDGE('',*,*,#3772,.F.);
#5198=ORIENTED_EDGE('',*,*,#3773,.F.);
#5199=ORIENTED_EDGE('',*,*,#3760,.F.);
#5200=ORIENTED_EDGE('',*,*,#3774,.T.);
#5201=ORIENTED_EDGE('',*,*,#3757,.T.);
#5202=ORIENTED_EDGE('',*,*,#3775,.T.);
#5203=ORIENTED_EDGE('',*,*,#3756,.T.);
#5204=ORIENTED_EDGE('',*,*,#3765,.T.);
#5205=ORIENTED_EDGE('',*,*,#3776,.F.);
#5206=ORIENTED_EDGE('',*,*,#3775,.F.);
#5207=ORIENTED_EDGE('',*,*,#3761,.F.);
#5208=ORIENTED_EDGE('',*,*,#3773,.T.);
#5209=ORIENTED_EDGE('',*,*,#3777,.F.);
#5210=ORIENTED_EDGE('',*,*,#3767,.F.);
#5211=ORIENTED_EDGE('',*,*,#3776,.T.);
#5212=ORIENTED_EDGE('',*,*,#3764,.T.);
#5213=ORIENTED_EDGE('',*,*,#3778,.T.);
#5214=ORIENTED_EDGE('',*,*,#3770,.F.);
#5215=ORIENTED_EDGE('',*,*,#3768,.F.);
#5216=ORIENTED_EDGE('',*,*,#3777,.T.);
#5217=ORIENTED_EDGE('',*,*,#3772,.T.);
#5218=ORIENTED_EDGE('',*,*,#3779,.F.);
#5219=ORIENTED_EDGE('',*,*,#3778,.F.);
#5220=ORIENTED_EDGE('',*,*,#3769,.T.);
#5221=ORIENTED_EDGE('',*,*,#3779,.T.);
#5222=ORIENTED_EDGE('',*,*,#3771,.F.);
#5223=ORIENTED_EDGE('',*,*,#3726,.T.);
#5224=ORIENTED_EDGE('',*,*,#3735,.F.);
#5225=ORIENTED_EDGE('',*,*,#3741,.T.);
#5226=ORIENTED_EDGE('',*,*,#3747,.F.);
#5227=ORIENTED_EDGE('',*,*,#3753,.T.);
#5228=ORIENTED_EDGE('',*,*,#3763,.F.);
#5229=ORIENTED_EDGE('',*,*,#3766,.T.);
#5230=ORIENTED_EDGE('',*,*,#3754,.T.);
#5231=ORIENTED_EDGE('',*,*,#3748,.F.);
#5232=ORIENTED_EDGE('',*,*,#3742,.T.);
#5233=ORIENTED_EDGE('',*,*,#3736,.F.);
#5234=ORIENTED_EDGE('',*,*,#3730,.T.);
#5235=ORIENTED_EDGE('',*,*,#3728,.F.);
#5236=ORIENTED_EDGE('',*,*,#3732,.T.);
#5237=ORIENTED_EDGE('',*,*,#3738,.T.);
#5238=ORIENTED_EDGE('',*,*,#3744,.T.);
#5239=ORIENTED_EDGE('',*,*,#3750,.T.);
#5240=ORIENTED_EDGE('',*,*,#3758,.T.);
#5241=ORIENTED_EDGE('',*,*,#3774,.F.);
#5242=ORIENTED_EDGE('',*,*,#3759,.F.);
#5243=ORIENTED_EDGE('',*,*,#3751,.F.);
#5244=ORIENTED_EDGE('',*,*,#3745,.F.);
#5245=ORIENTED_EDGE('',*,*,#3739,.F.);
#5246=ORIENTED_EDGE('',*,*,#3733,.F.);
#5247=ORIENTED_EDGE('',*,*,#3780,.T.);
#5248=ORIENTED_EDGE('',*,*,#3781,.T.);
#5249=ORIENTED_EDGE('',*,*,#3782,.T.);
#5250=ORIENTED_EDGE('',*,*,#3780,.F.);
#5251=ORIENTED_EDGE('',*,*,#3782,.F.);
#5252=ORIENTED_EDGE('',*,*,#3783,.T.);
#5253=ORIENTED_EDGE('',*,*,#3784,.T.);
#5254=ORIENTED_EDGE('',*,*,#3781,.F.);
#5255=ORIENTED_EDGE('',*,*,#3784,.F.);
#5256=ORIENTED_EDGE('',*,*,#3785,.T.);
#5257=ORIENTED_EDGE('',*,*,#3783,.F.);
#5258=ORIENTED_EDGE('',*,*,#3786,.T.);
#5259=ORIENTED_EDGE('',*,*,#3787,.T.);
#5260=ORIENTED_EDGE('',*,*,#3785,.F.);
#5261=ORIENTED_EDGE('',*,*,#3787,.F.);
#5262=ORIENTED_EDGE('',*,*,#3786,.F.);
#5263=ORIENTED_EDGE('',*,*,#3788,.T.);
#5264=ORIENTED_EDGE('',*,*,#3789,.T.);
#5265=ORIENTED_EDGE('',*,*,#3790,.T.);
#5266=ORIENTED_EDGE('',*,*,#3791,.T.);
#5267=ORIENTED_EDGE('',*,*,#3792,.T.);
#5268=ORIENTED_EDGE('',*,*,#3793,.T.);
#5269=ORIENTED_EDGE('',*,*,#3794,.T.);
#5270=ORIENTED_EDGE('',*,*,#3795,.T.);
#5271=ORIENTED_EDGE('',*,*,#3796,.T.);
#5272=ORIENTED_EDGE('',*,*,#3797,.T.);
#5273=ORIENTED_EDGE('',*,*,#3798,.T.);
#5274=ORIENTED_EDGE('',*,*,#3788,.F.);
#5275=ORIENTED_EDGE('',*,*,#3798,.F.);
#5276=ORIENTED_EDGE('',*,*,#3799,.T.);
#5277=ORIENTED_EDGE('',*,*,#3800,.T.);
#5278=ORIENTED_EDGE('',*,*,#3801,.T.);
#5279=ORIENTED_EDGE('',*,*,#3802,.T.);
#5280=ORIENTED_EDGE('',*,*,#3803,.T.);
#5281=ORIENTED_EDGE('',*,*,#3804,.T.);
#5282=ORIENTED_EDGE('',*,*,#3805,.T.);
#5283=ORIENTED_EDGE('',*,*,#3806,.T.);
#5284=ORIENTED_EDGE('',*,*,#3789,.F.);
#5285=ORIENTED_EDGE('',*,*,#3807,.T.);
#5286=ORIENTED_EDGE('',*,*,#3808,.T.);
#5287=ORIENTED_EDGE('',*,*,#3809,.T.);
#5288=ORIENTED_EDGE('',*,*,#3810,.T.);
#5289=ORIENTED_EDGE('',*,*,#3790,.F.);
#5290=ORIENTED_EDGE('',*,*,#3809,.F.);
#5291=ORIENTED_EDGE('',*,*,#3811,.F.);
#5292=ORIENTED_EDGE('',*,*,#3810,.F.);
#5293=ORIENTED_EDGE('',*,*,#3812,.F.);
#5294=ORIENTED_EDGE('',*,*,#3813,.F.);
#5295=ORIENTED_EDGE('',*,*,#3814,.F.);
#5296=ORIENTED_EDGE('',*,*,#3815,.F.);
#5297=ORIENTED_EDGE('',*,*,#3816,.F.);
#5298=ORIENTED_EDGE('',*,*,#3817,.F.);
#5299=ORIENTED_EDGE('',*,*,#3805,.F.);
#5300=ORIENTED_EDGE('',*,*,#3818,.F.);
#5301=ORIENTED_EDGE('',*,*,#3819,.F.);
#5302=ORIENTED_EDGE('',*,*,#3820,.F.);
#5303=ORIENTED_EDGE('',*,*,#3821,.F.);
#5304=ORIENTED_EDGE('',*,*,#3822,.F.);
#5305=ORIENTED_EDGE('',*,*,#3823,.F.);
#5306=ORIENTED_EDGE('',*,*,#3824,.F.);
#5307=ORIENTED_EDGE('',*,*,#3801,.F.);
#5308=ORIENTED_EDGE('',*,*,#3825,.F.);
#5309=ORIENTED_EDGE('',*,*,#3826,.F.);
#5310=ORIENTED_EDGE('',*,*,#3827,.F.);
#5311=ORIENTED_EDGE('',*,*,#3828,.F.);
#5312=ORIENTED_EDGE('',*,*,#3829,.F.);
#5313=ORIENTED_EDGE('',*,*,#3830,.F.);
#5314=ORIENTED_EDGE('',*,*,#3831,.F.);
#5315=ORIENTED_EDGE('',*,*,#3795,.F.);
#5316=ORIENTED_EDGE('',*,*,#3832,.F.);
#5317=ORIENTED_EDGE('',*,*,#3833,.F.);
#5318=ORIENTED_EDGE('',*,*,#3834,.F.);
#5319=ORIENTED_EDGE('',*,*,#3835,.F.);
#5320=ORIENTED_EDGE('',*,*,#3836,.F.);
#5321=ORIENTED_EDGE('',*,*,#3837,.F.);
#5322=ORIENTED_EDGE('',*,*,#3838,.F.);
#5323=ORIENTED_EDGE('',*,*,#3791,.F.);
#5324=ORIENTED_EDGE('',*,*,#3838,.T.);
#5325=ORIENTED_EDGE('',*,*,#3839,.T.);
#5326=ORIENTED_EDGE('',*,*,#3840,.F.);
#5327=ORIENTED_EDGE('',*,*,#3792,.F.);
#5328=ORIENTED_EDGE('',*,*,#3793,.F.);
#5329=ORIENTED_EDGE('',*,*,#3840,.T.);
#5330=ORIENTED_EDGE('',*,*,#3841,.T.);
#5331=ORIENTED_EDGE('',*,*,#3842,.T.);
#5332=ORIENTED_EDGE('',*,*,#3832,.T.);
#5333=ORIENTED_EDGE('',*,*,#3794,.F.);
#5334=ORIENTED_EDGE('',*,*,#3842,.F.);
#5335=ORIENTED_EDGE('',*,*,#3843,.F.);
#5336=ORIENTED_EDGE('',*,*,#3831,.T.);
#5337=ORIENTED_EDGE('',*,*,#3844,.T.);
#5338=ORIENTED_EDGE('',*,*,#3845,.F.);
#5339=ORIENTED_EDGE('',*,*,#3796,.F.);
#5340=ORIENTED_EDGE('',*,*,#3797,.F.);
#5341=ORIENTED_EDGE('',*,*,#3845,.T.);
#5342=ORIENTED_EDGE('',*,*,#3846,.T.);
#5343=ORIENTED_EDGE('',*,*,#3847,.T.);
#5344=ORIENTED_EDGE('',*,*,#3799,.F.);
#5345=ORIENTED_EDGE('',*,*,#3825,.T.);
#5346=ORIENTED_EDGE('',*,*,#3800,.F.);
#5347=ORIENTED_EDGE('',*,*,#3847,.F.);
#5348=ORIENTED_EDGE('',*,*,#3848,.F.);
#5349=ORIENTED_EDGE('',*,*,#3824,.T.);
#5350=ORIENTED_EDGE('',*,*,#3849,.T.);
#5351=ORIENTED_EDGE('',*,*,#3850,.F.);
#5352=ORIENTED_EDGE('',*,*,#3802,.F.);
#5353=ORIENTED_EDGE('',*,*,#3803,.F.);
#5354=ORIENTED_EDGE('',*,*,#3850,.T.);
#5355=ORIENTED_EDGE('',*,*,#3851,.T.);
#5356=ORIENTED_EDGE('',*,*,#3852,.T.);
#5357=ORIENTED_EDGE('',*,*,#3818,.T.);
#5358=ORIENTED_EDGE('',*,*,#3804,.F.);
#5359=ORIENTED_EDGE('',*,*,#3852,.F.);
#5360=ORIENTED_EDGE('',*,*,#3853,.F.);
#5361=ORIENTED_EDGE('',*,*,#3817,.T.);
#5362=ORIENTED_EDGE('',*,*,#3854,.T.);
#5363=ORIENTED_EDGE('',*,*,#3807,.F.);
#5364=ORIENTED_EDGE('',*,*,#3806,.F.);
#5365=ORIENTED_EDGE('',*,*,#3812,.T.);
#5366=ORIENTED_EDGE('',*,*,#3811,.T.);
#5367=ORIENTED_EDGE('',*,*,#3808,.F.);
#5368=ORIENTED_EDGE('',*,*,#3854,.F.);
#5369=ORIENTED_EDGE('',*,*,#3816,.T.);
#5370=ORIENTED_EDGE('',*,*,#3855,.T.);
#5371=ORIENTED_EDGE('',*,*,#3856,.F.);
#5372=ORIENTED_EDGE('',*,*,#3857,.F.);
#5373=ORIENTED_EDGE('',*,*,#3858,.F.);
#5374=ORIENTED_EDGE('',*,*,#3813,.T.);
#5375=ORIENTED_EDGE('',*,*,#3857,.T.);
#5376=ORIENTED_EDGE('',*,*,#3859,.F.);
#5377=ORIENTED_EDGE('',*,*,#3860,.T.);
#5378=ORIENTED_EDGE('',*,*,#3861,.T.);
#5379=ORIENTED_EDGE('',*,*,#3862,.T.);
#5380=ORIENTED_EDGE('',*,*,#3814,.T.);
#5381=ORIENTED_EDGE('',*,*,#3858,.T.);
#5382=ORIENTED_EDGE('',*,*,#3863,.F.);
#5383=ORIENTED_EDGE('',*,*,#3864,.F.);
#5384=ORIENTED_EDGE('',*,*,#3855,.F.);
#5385=ORIENTED_EDGE('',*,*,#3815,.T.);
#5386=ORIENTED_EDGE('',*,*,#3864,.T.);
#5387=ORIENTED_EDGE('',*,*,#3865,.F.);
#5388=ORIENTED_EDGE('',*,*,#3866,.F.);
#5389=ORIENTED_EDGE('',*,*,#3867,.F.);
#5390=ORIENTED_EDGE('',*,*,#3868,.F.);
#5391=ORIENTED_EDGE('',*,*,#3819,.T.);
#5392=ORIENTED_EDGE('',*,*,#3853,.T.);
#5393=ORIENTED_EDGE('',*,*,#3851,.F.);
#5394=ORIENTED_EDGE('',*,*,#3849,.F.);
#5395=ORIENTED_EDGE('',*,*,#3823,.T.);
#5396=ORIENTED_EDGE('',*,*,#3869,.T.);
#5397=ORIENTED_EDGE('',*,*,#3870,.F.);
#5398=ORIENTED_EDGE('',*,*,#3871,.F.);
#5399=ORIENTED_EDGE('',*,*,#3872,.F.);
#5400=ORIENTED_EDGE('',*,*,#3820,.T.);
#5401=ORIENTED_EDGE('',*,*,#3871,.T.);
#5402=ORIENTED_EDGE('',*,*,#3873,.F.);
#5403=ORIENTED_EDGE('',*,*,#3874,.F.);
#5404=ORIENTED_EDGE('',*,*,#3821,.T.);
#5405=ORIENTED_EDGE('',*,*,#3872,.T.);
#5406=ORIENTED_EDGE('',*,*,#3875,.F.);
#5407=ORIENTED_EDGE('',*,*,#3869,.F.);
#5408=ORIENTED_EDGE('',*,*,#3822,.T.);
#5409=ORIENTED_EDGE('',*,*,#3874,.T.);
#5410=ORIENTED_EDGE('',*,*,#3876,.F.);
#5411=ORIENTED_EDGE('',*,*,#3826,.T.);
#5412=ORIENTED_EDGE('',*,*,#3848,.T.);
#5413=ORIENTED_EDGE('',*,*,#3846,.F.);
#5414=ORIENTED_EDGE('',*,*,#3844,.F.);
#5415=ORIENTED_EDGE('',*,*,#3830,.T.);
#5416=ORIENTED_EDGE('',*,*,#3877,.T.);
#5417=ORIENTED_EDGE('',*,*,#3878,.F.);
#5418=ORIENTED_EDGE('',*,*,#3879,.F.);
#5419=ORIENTED_EDGE('',*,*,#3880,.F.);
#5420=ORIENTED_EDGE('',*,*,#3827,.T.);
#5421=ORIENTED_EDGE('',*,*,#3879,.T.);
#5422=ORIENTED_EDGE('',*,*,#3881,.F.);
#5423=ORIENTED_EDGE('',*,*,#3882,.T.);
#5424=ORIENTED_EDGE('',*,*,#3883,.T.);
#5425=ORIENTED_EDGE('',*,*,#3884,.T.);
#5426=ORIENTED_EDGE('',*,*,#3828,.T.);
#5427=ORIENTED_EDGE('',*,*,#3880,.T.);
#5428=ORIENTED_EDGE('',*,*,#3885,.T.);
#5429=ORIENTED_EDGE('',*,*,#3886,.F.);
#5430=ORIENTED_EDGE('',*,*,#3877,.F.);
#5431=ORIENTED_EDGE('',*,*,#3829,.T.);
#5432=ORIENTED_EDGE('',*,*,#3886,.T.);
#5433=ORIENTED_EDGE('',*,*,#3887,.F.);
#5434=ORIENTED_EDGE('',*,*,#3888,.F.);
#5435=ORIENTED_EDGE('',*,*,#3889,.F.);
#5436=ORIENTED_EDGE('',*,*,#3890,.F.);
#5437=ORIENTED_EDGE('',*,*,#3833,.T.);
#5438=ORIENTED_EDGE('',*,*,#3843,.T.);
#5439=ORIENTED_EDGE('',*,*,#3841,.F.);
#5440=ORIENTED_EDGE('',*,*,#3839,.F.);
#5441=ORIENTED_EDGE('',*,*,#3837,.T.);
#5442=ORIENTED_EDGE('',*,*,#3891,.T.);
#5443=ORIENTED_EDGE('',*,*,#3892,.F.);
#5444=ORIENTED_EDGE('',*,*,#3893,.F.);
#5445=ORIENTED_EDGE('',*,*,#3894,.F.);
#5446=ORIENTED_EDGE('',*,*,#3834,.T.);
#5447=ORIENTED_EDGE('',*,*,#3893,.T.);
#5448=ORIENTED_EDGE('',*,*,#3895,.F.);
#5449=ORIENTED_EDGE('',*,*,#3896,.F.);
#5450=ORIENTED_EDGE('',*,*,#3835,.T.);
#5451=ORIENTED_EDGE('',*,*,#3894,.T.);
#5452=ORIENTED_EDGE('',*,*,#3897,.F.);
#5453=ORIENTED_EDGE('',*,*,#3891,.F.);
#5454=ORIENTED_EDGE('',*,*,#3836,.T.);
#5455=ORIENTED_EDGE('',*,*,#3896,.T.);
#5456=ORIENTED_EDGE('',*,*,#3898,.F.);
#5457=ORIENTED_EDGE('',*,*,#3859,.T.);
#5458=ORIENTED_EDGE('',*,*,#3856,.T.);
#5459=ORIENTED_EDGE('',*,*,#3868,.T.);
#5460=ORIENTED_EDGE('',*,*,#3899,.T.);
#5461=ORIENTED_EDGE('',*,*,#3899,.F.);
#5462=ORIENTED_EDGE('',*,*,#3867,.T.);
#5463=ORIENTED_EDGE('',*,*,#3900,.T.);
#5464=ORIENTED_EDGE('',*,*,#3860,.F.);
#5465=ORIENTED_EDGE('',*,*,#3900,.F.);
#5466=ORIENTED_EDGE('',*,*,#3866,.T.);
#5467=ORIENTED_EDGE('',*,*,#3901,.T.);
#5468=ORIENTED_EDGE('',*,*,#3861,.F.);
#5469=ORIENTED_EDGE('',*,*,#3901,.F.);
#5470=ORIENTED_EDGE('',*,*,#3865,.T.);
#5471=ORIENTED_EDGE('',*,*,#3863,.T.);
#5472=ORIENTED_EDGE('',*,*,#3862,.F.);
#5473=ORIENTED_EDGE('',*,*,#3873,.T.);
#5474=ORIENTED_EDGE('',*,*,#3870,.T.);
#5475=ORIENTED_EDGE('',*,*,#3876,.T.);
#5476=ORIENTED_EDGE('',*,*,#3875,.T.);
#5477=ORIENTED_EDGE('',*,*,#3881,.T.);
#5478=ORIENTED_EDGE('',*,*,#3878,.T.);
#5479=ORIENTED_EDGE('',*,*,#3890,.T.);
#5480=ORIENTED_EDGE('',*,*,#3902,.T.);
#5481=ORIENTED_EDGE('',*,*,#3902,.F.);
#5482=ORIENTED_EDGE('',*,*,#3889,.T.);
#5483=ORIENTED_EDGE('',*,*,#3903,.F.);
#5484=ORIENTED_EDGE('',*,*,#3882,.F.);
#5485=ORIENTED_EDGE('',*,*,#3903,.T.);
#5486=ORIENTED_EDGE('',*,*,#3888,.T.);
#5487=ORIENTED_EDGE('',*,*,#3904,.F.);
#5488=ORIENTED_EDGE('',*,*,#3883,.F.);
#5489=ORIENTED_EDGE('',*,*,#3904,.T.);
#5490=ORIENTED_EDGE('',*,*,#3887,.T.);
#5491=ORIENTED_EDGE('',*,*,#3885,.F.);
#5492=ORIENTED_EDGE('',*,*,#3884,.F.);
#5493=ORIENTED_EDGE('',*,*,#3897,.T.);
#5494=ORIENTED_EDGE('',*,*,#3895,.T.);
#5495=ORIENTED_EDGE('',*,*,#3892,.T.);
#5496=ORIENTED_EDGE('',*,*,#3898,.T.);
#5497=ORIENTED_EDGE('',*,*,#3905,.F.);
#5498=ORIENTED_EDGE('',*,*,#3906,.F.);
#5499=ORIENTED_EDGE('',*,*,#3907,.F.);
#5500=ORIENTED_EDGE('',*,*,#3908,.F.);
#5501=ORIENTED_EDGE('',*,*,#3909,.F.);
#5502=ORIENTED_EDGE('',*,*,#3906,.T.);
#5503=ORIENTED_EDGE('',*,*,#3910,.F.);
#5504=ORIENTED_EDGE('',*,*,#3911,.F.);
#5505=ORIENTED_EDGE('',*,*,#3912,.F.);
#5506=ORIENTED_EDGE('',*,*,#3913,.F.);
#5507=ORIENTED_EDGE('',*,*,#3914,.F.);
#5508=ORIENTED_EDGE('',*,*,#3911,.T.);
#5509=ORIENTED_EDGE('',*,*,#3907,.T.);
#5510=ORIENTED_EDGE('',*,*,#3905,.T.);
#5511=ORIENTED_EDGE('',*,*,#3909,.T.);
#5512=ORIENTED_EDGE('',*,*,#3915,.F.);
#5513=ORIENTED_EDGE('',*,*,#3912,.T.);
#5514=ORIENTED_EDGE('',*,*,#3910,.T.);
#5515=ORIENTED_EDGE('',*,*,#3914,.T.);
#5516=ORIENTED_EDGE('',*,*,#3916,.F.);
#5517=ORIENTED_EDGE('',*,*,#3917,.T.);
#5518=ORIENTED_EDGE('',*,*,#3918,.F.);
#5519=ORIENTED_EDGE('',*,*,#3919,.F.);
#5520=ORIENTED_EDGE('',*,*,#3920,.F.);
#5521=ORIENTED_EDGE('',*,*,#3921,.T.);
#5522=ORIENTED_EDGE('',*,*,#3918,.T.);
#5523=ORIENTED_EDGE('',*,*,#3922,.T.);
#5524=ORIENTED_EDGE('',*,*,#3923,.T.);
#5525=ORIENTED_EDGE('',*,*,#3924,.F.);
#5526=ORIENTED_EDGE('',*,*,#3925,.T.);
#5527=ORIENTED_EDGE('',*,*,#3923,.F.);
#5528=ORIENTED_EDGE('',*,*,#3926,.F.);
#5529=ORIENTED_EDGE('',*,*,#3927,.F.);
#5530=ORIENTED_EDGE('',*,*,#3926,.T.);
#5531=ORIENTED_EDGE('',*,*,#3922,.F.);
#5532=ORIENTED_EDGE('',*,*,#3917,.F.);
#5533=ORIENTED_EDGE('',*,*,#3928,.F.);
#5534=ORIENTED_EDGE('',*,*,#3919,.T.);
#5535=ORIENTED_EDGE('',*,*,#3921,.F.);
#5536=ORIENTED_EDGE('',*,*,#3925,.F.);
#5537=ORIENTED_EDGE('',*,*,#3908,.T.);
#5538=ORIENTED_EDGE('',*,*,#3920,.T.);
#5539=ORIENTED_EDGE('',*,*,#3928,.T.);
#5540=ORIENTED_EDGE('',*,*,#3924,.T.);
#5541=ORIENTED_EDGE('',*,*,#3927,.T.);
#5542=ORIENTED_EDGE('',*,*,#3916,.T.);
#5543=ORIENTED_EDGE('',*,*,#3913,.T.);
#5544=ORIENTED_EDGE('',*,*,#3915,.T.);
#5545=CYLINDRICAL_SURFACE('',#6063,0.65);
#5546=CYLINDRICAL_SURFACE('',#6078,0.65);
#5547=CYLINDRICAL_SURFACE('',#6081,0.65);
#5548=CYLINDRICAL_SURFACE('',#6084,0.65);
#5549=CYLINDRICAL_SURFACE('',#6132,0.8);
#5550=CYLINDRICAL_SURFACE('',#6136,0.8);
#5551=CYLINDRICAL_SURFACE('',#6140,0.8);
#5552=CYLINDRICAL_SURFACE('',#6144,0.8);
#5553=CYLINDRICAL_SURFACE('',#6147,3.5);
#5554=CYLINDRICAL_SURFACE('',#6150,0.6);
#5555=CYLINDRICAL_SURFACE('',#6153,0.6);
#5556=CYLINDRICAL_SURFACE('',#6156,0.6);
#5557=CYLINDRICAL_SURFACE('',#6159,0.6);
#5558=CYLINDRICAL_SURFACE('',#6171,0.3);
#5559=CYLINDRICAL_SURFACE('',#6173,0.3);
#5560=CYLINDRICAL_SURFACE('',#6177,0.3);
#5561=CYLINDRICAL_SURFACE('',#6179,0.3);
#5562=CYLINDRICAL_SURFACE('',#6186,0.3);
#5563=CYLINDRICAL_SURFACE('',#6193,0.3);
#5564=CYLINDRICAL_SURFACE('',#6195,0.3);
#5565=CYLINDRICAL_SURFACE('',#6201,0.3);
#5566=CYLINDRICAL_SURFACE('',#6206,3.5);
#5567=CYLINDRICAL_SURFACE('',#6208,0.9);
#5568=CYLINDRICAL_SURFACE('',#6216,0.1);
#5569=CYLINDRICAL_SURFACE('',#6219,0.35);
#5570=CYLINDRICAL_SURFACE('',#6224,0.1);
#5571=CYLINDRICAL_SURFACE('',#6227,0.35);
#5572=CYLINDRICAL_SURFACE('',#6238,0.35);
#5573=CYLINDRICAL_SURFACE('',#6239,0.1);
#5574=CYLINDRICAL_SURFACE('',#6244,0.363200495986);
#5575=CYLINDRICAL_SURFACE('',#6264,6.4);
#5576=CYLINDRICAL_SURFACE('',#6322,0.65);
#5577=CYLINDRICAL_SURFACE('',#6337,0.65);
#5578=CYLINDRICAL_SURFACE('',#6340,0.65);
#5579=CYLINDRICAL_SURFACE('',#6343,0.65);
#5580=CYLINDRICAL_SURFACE('',#6391,0.8);
#5581=CYLINDRICAL_SURFACE('',#6395,0.8);
#5582=CYLINDRICAL_SURFACE('',#6399,0.8);
#5583=CYLINDRICAL_SURFACE('',#6403,0.8);
#5584=CYLINDRICAL_SURFACE('',#6406,3.5);
#5585=CYLINDRICAL_SURFACE('',#6409,0.6);
#5586=CYLINDRICAL_SURFACE('',#6412,0.6);
#5587=CYLINDRICAL_SURFACE('',#6415,0.6);
#5588=CYLINDRICAL_SURFACE('',#6418,0.6);
#5589=CYLINDRICAL_SURFACE('',#6430,0.3);
#5590=CYLINDRICAL_SURFACE('',#6432,0.3);
#5591=CYLINDRICAL_SURFACE('',#6436,0.3);
#5592=CYLINDRICAL_SURFACE('',#6438,0.3);
#5593=CYLINDRICAL_SURFACE('',#6445,0.3);
#5594=CYLINDRICAL_SURFACE('',#6452,0.3);
#5595=CYLINDRICAL_SURFACE('',#6454,0.3);
#5596=CYLINDRICAL_SURFACE('',#6460,0.3);
#5597=CYLINDRICAL_SURFACE('',#6465,3.5);
#5598=CYLINDRICAL_SURFACE('',#6467,0.9);
#5599=CYLINDRICAL_SURFACE('',#6475,0.1);
#5600=CYLINDRICAL_SURFACE('',#6478,0.35);
#5601=CYLINDRICAL_SURFACE('',#6483,0.1);
#5602=CYLINDRICAL_SURFACE('',#6486,0.35);
#5603=CYLINDRICAL_SURFACE('',#6497,0.35);
#5604=CYLINDRICAL_SURFACE('',#6498,0.1);
#5605=CYLINDRICAL_SURFACE('',#6503,0.363200495986);
#5606=CYLINDRICAL_SURFACE('',#6523,6.4);
#5607=CYLINDRICAL_SURFACE('',#6580,0.899999979883432);
#5608=CYLINDRICAL_SURFACE('',#6584,0.899999979883432);
#5609=ADVANCED_FACE('',(#459),#5545,.T.);
#5610=ADVANCED_FACE('',(#460),#451,.T.);
#5611=ADVANCED_FACE('',(#461,#161,#162,#163,#164),#209,.T.);
#5612=ADVANCED_FACE('',(#462),#210,.T.);
#5613=ADVANCED_FACE('',(#463),#211,.F.);
#5614=ADVANCED_FACE('',(#464),#212,.F.);
#5615=ADVANCED_FACE('',(#465),#213,.F.);
#5616=ADVANCED_FACE('',(#466),#214,.F.);
#5617=ADVANCED_FACE('',(#467),#5546,.T.);
#5618=ADVANCED_FACE('',(#468),#5547,.T.);
#5619=ADVANCED_FACE('',(#469),#5548,.T.);
#5620=ADVANCED_FACE('',(#470,#165),#215,.T.);
#5621=ADVANCED_FACE('',(#471),#452,.T.);
#5622=ADVANCED_FACE('',(#472),#453,.T.);
#5623=ADVANCED_FACE('',(#473),#454,.T.);
#5624=ADVANCED_FACE('',(#474),#216,.F.);
#5625=ADVANCED_FACE('',(#475),#217,.F.);
#5626=ADVANCED_FACE('',(#476),#218,.F.);
#5627=ADVANCED_FACE('',(#477),#219,.F.);
#5628=ADVANCED_FACE('',(#478),#220,.F.);
#5629=ADVANCED_FACE('',(#479),#221,.F.);
#5630=ADVANCED_FACE('',(#480),#222,.F.);
#5631=ADVANCED_FACE('',(#481),#223,.F.);
#5632=ADVANCED_FACE('',(#482),#224,.T.);
#5633=ADVANCED_FACE('',(#483),#225,.T.);
#5634=ADVANCED_FACE('',(#484),#226,.T.);
#5635=ADVANCED_FACE('',(#485,#166,#167,#168,#169),#227,.F.);
#5636=ADVANCED_FACE('',(#486),#228,.F.);
#5637=ADVANCED_FACE('',(#487),#229,.F.);
#5638=ADVANCED_FACE('',(#488),#230,.F.);
#5639=ADVANCED_FACE('',(#489),#231,.F.);
#5640=ADVANCED_FACE('',(#490),#232,.F.);
#5641=ADVANCED_FACE('',(#491),#233,.F.);
#5642=ADVANCED_FACE('',(#492),#234,.F.);
#5643=ADVANCED_FACE('',(#493),#235,.F.);
#5644=ADVANCED_FACE('',(#494),#236,.F.);
#5645=ADVANCED_FACE('',(#495),#237,.F.);
#5646=ADVANCED_FACE('',(#496),#238,.F.);
#5647=ADVANCED_FACE('',(#497),#239,.F.);
#5648=ADVANCED_FACE('',(#498),#240,.F.);
#5649=ADVANCED_FACE('',(#499),#241,.F.);
#5650=ADVANCED_FACE('',(#500),#242,.F.);
#5651=ADVANCED_FACE('',(#501),#243,.F.);
#5652=ADVANCED_FACE('',(#502),#244,.F.);
#5653=ADVANCED_FACE('',(#503),#245,.F.);
#5654=ADVANCED_FACE('',(#504),#246,.F.);
#5655=ADVANCED_FACE('',(#505),#247,.F.);
#5656=ADVANCED_FACE('',(#506),#248,.F.);
#5657=ADVANCED_FACE('',(#507),#249,.F.);
#5658=ADVANCED_FACE('',(#508),#250,.F.);
#5659=ADVANCED_FACE('',(#509),#251,.F.);
#5660=ADVANCED_FACE('',(#510),#252,.F.);
#5661=ADVANCED_FACE('',(#511),#5549,.T.);
#5662=ADVANCED_FACE('',(#512),#253,.F.);
#5663=ADVANCED_FACE('',(#513),#5550,.T.);
#5664=ADVANCED_FACE('',(#514),#254,.F.);
#5665=ADVANCED_FACE('',(#515),#5551,.T.);
#5666=ADVANCED_FACE('',(#516),#255,.F.);
#5667=ADVANCED_FACE('',(#517),#5552,.T.);
#5668=ADVANCED_FACE('',(#518),#5553,.F.);
#5669=ADVANCED_FACE('',(#519),#5554,.F.);
#5670=ADVANCED_FACE('',(#520),#5555,.F.);
#5671=ADVANCED_FACE('',(#521),#5556,.F.);
#5672=ADVANCED_FACE('',(#522),#5557,.F.);
#5673=ADVANCED_FACE('',(#523,#170,#171,#172,#173,#174),#256,.F.);
#5674=ADVANCED_FACE('',(#524,#175,#176,#177,#178,#179),#257,.T.);
#5675=ADVANCED_FACE('',(#525,#180),#258,.F.);
#5676=ADVANCED_FACE('',(#526),#259,.F.);
#5677=ADVANCED_FACE('',(#527),#5558,.T.);
#5678=ADVANCED_FACE('',(#528),#5559,.T.);
#5679=ADVANCED_FACE('',(#529),#260,.F.);
#5680=ADVANCED_FACE('',(#530),#261,.F.);
#5681=ADVANCED_FACE('',(#531),#5560,.T.);
#5682=ADVANCED_FACE('',(#532),#5561,.T.);
#5683=ADVANCED_FACE('',(#533),#262,.F.);
#5684=ADVANCED_FACE('',(#534),#263,.F.);
#5685=ADVANCED_FACE('',(#535),#264,.F.);
#5686=ADVANCED_FACE('',(#536),#265,.F.);
#5687=ADVANCED_FACE('',(#537),#266,.F.);
#5688=ADVANCED_FACE('',(#538),#5562,.T.);
#5689=ADVANCED_FACE('',(#539),#109,.T.);
#5690=ADVANCED_FACE('',(#540),#110,.T.);
#5691=ADVANCED_FACE('',(#541),#5563,.T.);
#5692=ADVANCED_FACE('',(#542),#5564,.T.);
#5693=ADVANCED_FACE('',(#543),#111,.T.);
#5694=ADVANCED_FACE('',(#544),#112,.T.);
#5695=ADVANCED_FACE('',(#545),#5565,.T.);
#5696=ADVANCED_FACE('',(#546,#181),#267,.T.);
#5697=ADVANCED_FACE('',(#547,#182),#268,.T.);
#5698=ADVANCED_FACE('',(#548),#5566,.T.);
#5699=ADVANCED_FACE('',(#549),#5567,.F.);
#5700=ADVANCED_FACE('',(#550),#269,.F.);
#5701=ADVANCED_FACE('',(#551),#270,.T.);
#5702=ADVANCED_FACE('',(#552),#271,.F.);
#5703=ADVANCED_FACE('',(#553),#272,.F.);
#5704=ADVANCED_FACE('',(#554),#273,.T.);
#5705=ADVANCED_FACE('',(#555),#5568,.F.);
#5706=ADVANCED_FACE('',(#556),#5569,.T.);
#5707=ADVANCED_FACE('',(#557),#274,.F.);
#5708=ADVANCED_FACE('',(#558),#275,.T.);
#5709=ADVANCED_FACE('',(#559),#5570,.F.);
#5710=ADVANCED_FACE('',(#560),#5571,.T.);
#5711=ADVANCED_FACE('',(#561),#276,.F.);
#5712=ADVANCED_FACE('',(#562),#277,.T.);
#5713=ADVANCED_FACE('',(#563),#278,.F.);
#5714=ADVANCED_FACE('',(#564),#279,.T.);
#5715=ADVANCED_FACE('',(#565),#5572,.T.);
#5716=ADVANCED_FACE('',(#566),#5573,.F.);
#5717=ADVANCED_FACE('',(#567),#280,.F.);
#5718=ADVANCED_FACE('',(#568),#281,.T.);
#5719=ADVANCED_FACE('',(#569),#5574,.T.);
#5720=ADVANCED_FACE('',(#570),#282,.T.);
#5721=ADVANCED_FACE('',(#571),#283,.T.);
#5722=ADVANCED_FACE('',(#572),#284,.T.);
#5723=ADVANCED_FACE('',(#573),#15,.T.);
#5724=ADVANCED_FACE('',(#574),#11,.T.);
#5725=ADVANCED_FACE('',(#575,#183),#285,.T.);
#5726=ADVANCED_FACE('',(#576),#5575,.T.);
#5727=ADVANCED_FACE('',(#577,#184),#286,.F.);
#5728=ADVANCED_FACE('',(#578),#12,.F.);
#5729=ADVANCED_FACE('',(#579),#287,.T.);
#5730=ADVANCED_FACE('',(#580),#288,.F.);
#5731=ADVANCED_FACE('',(#581),#289,.F.);
#5732=ADVANCED_FACE('',(#582),#290,.F.);
#5733=ADVANCED_FACE('',(#583),#291,.T.);
#5734=ADVANCED_FACE('',(#584),#292,.F.);
#5735=ADVANCED_FACE('',(#585),#293,.F.);
#5736=ADVANCED_FACE('',(#586),#294,.T.);
#5737=ADVANCED_FACE('',(#587),#295,.F.);
#5738=ADVANCED_FACE('',(#588),#296,.F.);
#5739=ADVANCED_FACE('',(#589),#297,.T.);
#5740=ADVANCED_FACE('',(#590),#298,.F.);
#5741=ADVANCED_FACE('',(#591),#299,.F.);
#5742=ADVANCED_FACE('',(#592),#300,.F.);
#5743=ADVANCED_FACE('',(#593),#301,.T.);
#5744=ADVANCED_FACE('',(#594),#302,.F.);
#5745=ADVANCED_FACE('',(#595),#303,.T.);
#5746=ADVANCED_FACE('',(#596),#304,.F.);
#5747=ADVANCED_FACE('',(#597),#305,.F.);
#5748=ADVANCED_FACE('',(#598),#306,.F.);
#5749=ADVANCED_FACE('',(#599),#307,.F.);
#5750=ADVANCED_FACE('',(#600),#308,.F.);
#5751=ADVANCED_FACE('',(#601),#309,.T.);
#5752=ADVANCED_FACE('',(#602),#310,.F.);
#5753=ADVANCED_FACE('',(#603),#311,.T.);
#5754=ADVANCED_FACE('',(#604),#312,.F.);
#5755=ADVANCED_FACE('',(#605),#313,.F.);
#5756=ADVANCED_FACE('',(#606),#314,.F.);
#5757=ADVANCED_FACE('',(#607),#315,.F.);
#5758=ADVANCED_FACE('',(#608),#316,.T.);
#5759=ADVANCED_FACE('',(#609),#317,.F.);
#5760=ADVANCED_FACE('',(#610),#318,.F.);
#5761=ADVANCED_FACE('',(#611),#319,.F.);
#5762=ADVANCED_FACE('',(#612),#320,.T.);
#5763=ADVANCED_FACE('',(#613),#321,.T.);
#5764=ADVANCED_FACE('',(#614),#322,.T.);
#5765=ADVANCED_FACE('',(#615),#323,.T.);
#5766=ADVANCED_FACE('',(#616),#324,.T.);
#5767=ADVANCED_FACE('',(#617),#325,.T.);
#5768=ADVANCED_FACE('',(#618),#5576,.T.);
#5769=ADVANCED_FACE('',(#619),#455,.T.);
#5770=ADVANCED_FACE('',(#620,#185,#186,#187,#188),#326,.T.);
#5771=ADVANCED_FACE('',(#621),#327,.T.);
#5772=ADVANCED_FACE('',(#622),#328,.F.);
#5773=ADVANCED_FACE('',(#623),#329,.F.);
#5774=ADVANCED_FACE('',(#624),#330,.F.);
#5775=ADVANCED_FACE('',(#625),#331,.F.);
#5776=ADVANCED_FACE('',(#626),#5577,.T.);
#5777=ADVANCED_FACE('',(#627),#5578,.T.);
#5778=ADVANCED_FACE('',(#628),#5579,.T.);
#5779=ADVANCED_FACE('',(#629,#189),#332,.T.);
#5780=ADVANCED_FACE('',(#630),#456,.T.);
#5781=ADVANCED_FACE('',(#631),#457,.T.);
#5782=ADVANCED_FACE('',(#632),#458,.T.);
#5783=ADVANCED_FACE('',(#633),#333,.F.);
#5784=ADVANCED_FACE('',(#634),#334,.F.);
#5785=ADVANCED_FACE('',(#635),#335,.F.);
#5786=ADVANCED_FACE('',(#636),#336,.F.);
#5787=ADVANCED_FACE('',(#637),#337,.F.);
#5788=ADVANCED_FACE('',(#638),#338,.F.);
#5789=ADVANCED_FACE('',(#639),#339,.F.);
#5790=ADVANCED_FACE('',(#640),#340,.F.);
#5791=ADVANCED_FACE('',(#641),#341,.T.);
#5792=ADVANCED_FACE('',(#642),#342,.T.);
#5793=ADVANCED_FACE('',(#643),#343,.T.);
#5794=ADVANCED_FACE('',(#644,#190,#191,#192,#193),#344,.F.);
#5795=ADVANCED_FACE('',(#645),#345,.F.);
#5796=ADVANCED_FACE('',(#646),#346,.F.);
#5797=ADVANCED_FACE('',(#647),#347,.F.);
#5798=ADVANCED_FACE('',(#648),#348,.F.);
#5799=ADVANCED_FACE('',(#649),#349,.F.);
#5800=ADVANCED_FACE('',(#650),#350,.F.);
#5801=ADVANCED_FACE('',(#651),#351,.F.);
#5802=ADVANCED_FACE('',(#652),#352,.F.);
#5803=ADVANCED_FACE('',(#653),#353,.F.);
#5804=ADVANCED_FACE('',(#654),#354,.F.);
#5805=ADVANCED_FACE('',(#655),#355,.F.);
#5806=ADVANCED_FACE('',(#656),#356,.F.);
#5807=ADVANCED_FACE('',(#657),#357,.F.);
#5808=ADVANCED_FACE('',(#658),#358,.F.);
#5809=ADVANCED_FACE('',(#659),#359,.F.);
#5810=ADVANCED_FACE('',(#660),#360,.F.);
#5811=ADVANCED_FACE('',(#661),#361,.F.);
#5812=ADVANCED_FACE('',(#662),#362,.F.);
#5813=ADVANCED_FACE('',(#663),#363,.F.);
#5814=ADVANCED_FACE('',(#664),#364,.F.);
#5815=ADVANCED_FACE('',(#665),#365,.F.);
#5816=ADVANCED_FACE('',(#666),#366,.F.);
#5817=ADVANCED_FACE('',(#667),#367,.F.);
#5818=ADVANCED_FACE('',(#668),#368,.F.);
#5819=ADVANCED_FACE('',(#669),#369,.F.);
#5820=ADVANCED_FACE('',(#670),#5580,.T.);
#5821=ADVANCED_FACE('',(#671),#370,.F.);
#5822=ADVANCED_FACE('',(#672),#5581,.T.);
#5823=ADVANCED_FACE('',(#673),#371,.F.);
#5824=ADVANCED_FACE('',(#674),#5582,.T.);
#5825=ADVANCED_FACE('',(#675),#372,.F.);
#5826=ADVANCED_FACE('',(#676),#5583,.T.);
#5827=ADVANCED_FACE('',(#677),#5584,.F.);
#5828=ADVANCED_FACE('',(#678),#5585,.F.);
#5829=ADVANCED_FACE('',(#679),#5586,.F.);
#5830=ADVANCED_FACE('',(#680),#5587,.F.);
#5831=ADVANCED_FACE('',(#681),#5588,.F.);
#5832=ADVANCED_FACE('',(#682,#194,#195,#196,#197,#198),#373,.F.);
#5833=ADVANCED_FACE('',(#683,#199,#200,#201,#202,#203),#374,.T.);
#5834=ADVANCED_FACE('',(#684,#204),#375,.F.);
#5835=ADVANCED_FACE('',(#685),#376,.F.);
#5836=ADVANCED_FACE('',(#686),#5589,.T.);
#5837=ADVANCED_FACE('',(#687),#5590,.T.);
#5838=ADVANCED_FACE('',(#688),#377,.F.);
#5839=ADVANCED_FACE('',(#689),#378,.F.);
#5840=ADVANCED_FACE('',(#690),#5591,.T.);
#5841=ADVANCED_FACE('',(#691),#5592,.T.);
#5842=ADVANCED_FACE('',(#692),#379,.F.);
#5843=ADVANCED_FACE('',(#693),#380,.F.);
#5844=ADVANCED_FACE('',(#694),#381,.F.);
#5845=ADVANCED_FACE('',(#695),#382,.F.);
#5846=ADVANCED_FACE('',(#696),#383,.F.);
#5847=ADVANCED_FACE('',(#697),#5593,.T.);
#5848=ADVANCED_FACE('',(#698),#113,.T.);
#5849=ADVANCED_FACE('',(#699),#114,.T.);
#5850=ADVANCED_FACE('',(#700),#5594,.T.);
#5851=ADVANCED_FACE('',(#701),#5595,.T.);
#5852=ADVANCED_FACE('',(#702),#115,.T.);
#5853=ADVANCED_FACE('',(#703),#116,.T.);
#5854=ADVANCED_FACE('',(#704),#5596,.T.);
#5855=ADVANCED_FACE('',(#705,#205),#384,.T.);
#5856=ADVANCED_FACE('',(#706,#206),#385,.T.);
#5857=ADVANCED_FACE('',(#707),#5597,.T.);
#5858=ADVANCED_FACE('',(#708),#5598,.F.);
#5859=ADVANCED_FACE('',(#709),#386,.F.);
#5860=ADVANCED_FACE('',(#710),#387,.T.);
#5861=ADVANCED_FACE('',(#711),#388,.F.);
#5862=ADVANCED_FACE('',(#712),#389,.F.);
#5863=ADVANCED_FACE('',(#713),#390,.T.);
#5864=ADVANCED_FACE('',(#714),#5599,.F.);
#5865=ADVANCED_FACE('',(#715),#5600,.T.);
#5866=ADVANCED_FACE('',(#716),#391,.F.);
#5867=ADVANCED_FACE('',(#717),#392,.T.);
#5868=ADVANCED_FACE('',(#718),#5601,.F.);
#5869=ADVANCED_FACE('',(#719),#5602,.T.);
#5870=ADVANCED_FACE('',(#720),#393,.F.);
#5871=ADVANCED_FACE('',(#721),#394,.T.);
#5872=ADVANCED_FACE('',(#722),#395,.F.);
#5873=ADVANCED_FACE('',(#723),#396,.T.);
#5874=ADVANCED_FACE('',(#724),#5603,.T.);
#5875=ADVANCED_FACE('',(#725),#5604,.F.);
#5876=ADVANCED_FACE('',(#726),#397,.F.);
#5877=ADVANCED_FACE('',(#727),#398,.T.);
#5878=ADVANCED_FACE('',(#728),#5605,.T.);
#5879=ADVANCED_FACE('',(#729),#399,.T.);
#5880=ADVANCED_FACE('',(#730),#400,.T.);
#5881=ADVANCED_FACE('',(#731),#401,.T.);
#5882=ADVANCED_FACE('',(#732),#16,.T.);
#5883=ADVANCED_FACE('',(#733),#13,.T.);
#5884=ADVANCED_FACE('',(#734,#207),#402,.T.);
#5885=ADVANCED_FACE('',(#735),#5606,.T.);
#5886=ADVANCED_FACE('',(#736,#208),#403,.F.);
#5887=ADVANCED_FACE('',(#737),#14,.F.);
#5888=ADVANCED_FACE('',(#738),#404,.T.);
#5889=ADVANCED_FACE('',(#739),#405,.F.);
#5890=ADVANCED_FACE('',(#740),#406,.F.);
#5891=ADVANCED_FACE('',(#741),#407,.F.);
#5892=ADVANCED_FACE('',(#742),#408,.T.);
#5893=ADVANCED_FACE('',(#743),#409,.F.);
#5894=ADVANCED_FACE('',(#744),#410,.F.);
#5895=ADVANCED_FACE('',(#745),#411,.T.);
#5896=ADVANCED_FACE('',(#746),#412,.F.);
#5897=ADVANCED_FACE('',(#747),#413,.F.);
#5898=ADVANCED_FACE('',(#748),#414,.T.);
#5899=ADVANCED_FACE('',(#749),#415,.F.);
#5900=ADVANCED_FACE('',(#750),#416,.F.);
#5901=ADVANCED_FACE('',(#751),#417,.F.);
#5902=ADVANCED_FACE('',(#752),#418,.T.);
#5903=ADVANCED_FACE('',(#753),#419,.F.);
#5904=ADVANCED_FACE('',(#754),#420,.T.);
#5905=ADVANCED_FACE('',(#755),#421,.F.);
#5906=ADVANCED_FACE('',(#756),#422,.F.);
#5907=ADVANCED_FACE('',(#757),#423,.F.);
#5908=ADVANCED_FACE('',(#758),#424,.F.);
#5909=ADVANCED_FACE('',(#759),#425,.F.);
#5910=ADVANCED_FACE('',(#760),#426,.T.);
#5911=ADVANCED_FACE('',(#761),#427,.F.);
#5912=ADVANCED_FACE('',(#762),#428,.T.);
#5913=ADVANCED_FACE('',(#763),#429,.F.);
#5914=ADVANCED_FACE('',(#764),#430,.F.);
#5915=ADVANCED_FACE('',(#765),#431,.F.);
#5916=ADVANCED_FACE('',(#766),#432,.F.);
#5917=ADVANCED_FACE('',(#767),#433,.T.);
#5918=ADVANCED_FACE('',(#768),#434,.F.);
#5919=ADVANCED_FACE('',(#769),#435,.F.);
#5920=ADVANCED_FACE('',(#770),#436,.F.);
#5921=ADVANCED_FACE('',(#771),#437,.T.);
#5922=ADVANCED_FACE('',(#772),#438,.T.);
#5923=ADVANCED_FACE('',(#773),#439,.T.);
#5924=ADVANCED_FACE('',(#774),#440,.T.);
#5925=ADVANCED_FACE('',(#775),#441,.T.);
#5926=ADVANCED_FACE('',(#776),#442,.T.);
#5927=ADVANCED_FACE('',(#777),#443,.F.);
#5928=ADVANCED_FACE('',(#778),#5607,.F.);
#5929=ADVANCED_FACE('',(#779),#444,.F.);
#5930=ADVANCED_FACE('',(#780),#5608,.F.);
#5931=ADVANCED_FACE('',(#781),#445,.T.);
#5932=ADVANCED_FACE('',(#782),#446,.T.);
#5933=ADVANCED_FACE('',(#783),#447,.T.);
#5934=ADVANCED_FACE('',(#784),#448,.T.);
#5935=ADVANCED_FACE('',(#785),#449,.T.);
#5936=ADVANCED_FACE('',(#786),#450,.F.);
#5937=CLOSED_SHELL('',(#5609,#5610,#5611,#5612,#5613,#5614,#5615,#5616,
#5617,#5618,#5619,#5620,#5621,#5622,#5623,#5624,#5625,#5626,#5627,#5628,
#5629,#5630,#5631,#5632,#5633,#5634,#5635,#5636,#5637,#5638,#5639,#5640,
#5641,#5642,#5643,#5644,#5645,#5646,#5647,#5648,#5649,#5650,#5651,#5652,
#5653,#5654,#5655,#5656,#5657,#5658,#5659));
#5938=CLOSED_SHELL('',(#5660,#5661,#5662,#5663,#5664,#5665,#5666,#5667,
#5668,#5669,#5670,#5671,#5672,#5673,#5674));
#5939=CLOSED_SHELL('',(#5675,#5676,#5677,#5678,#5679,#5680,#5681,#5682,
#5683,#5684,#5685,#5686,#5687,#5688,#5689,#5690,#5691,#5692,#5693,#5694,
#5695,#5696,#5697,#5698,#5699,#5700,#5701));
#5940=CLOSED_SHELL('',(#5702,#5703,#5704,#5705,#5706,#5707,#5708,#5709,
#5710,#5711,#5712,#5713,#5714,#5715,#5716,#5717,#5718,#5719,#5720,#5721));
#5941=CLOSED_SHELL('',(#5722,#5723,#5724,#5725,#5726,#5727,#5728,#5729,
#5730,#5731,#5732,#5733,#5734,#5735,#5736,#5737,#5738,#5739,#5740,#5741,
#5742,#5743,#5744,#5745,#5746,#5747,#5748,#5749,#5750,#5751,#5752,#5753,
#5754,#5755,#5756,#5757,#5758,#5759,#5760,#5761,#5762,#5763,#5764,#5765,
#5766,#5767));
#5942=CLOSED_SHELL('',(#5768,#5769,#5770,#5771,#5772,#5773,#5774,#5775,
#5776,#5777,#5778,#5779,#5780,#5781,#5782,#5783,#5784,#5785,#5786,#5787,
#5788,#5789,#5790,#5791,#5792,#5793,#5794,#5795,#5796,#5797,#5798,#5799,
#5800,#5801,#5802,#5803,#5804,#5805,#5806,#5807,#5808,#5809,#5810,#5811,
#5812,#5813,#5814,#5815,#5816,#5817,#5818));
#5943=CLOSED_SHELL('',(#5819,#5820,#5821,#5822,#5823,#5824,#5825,#5826,
#5827,#5828,#5829,#5830,#5831,#5832,#5833));
#5944=CLOSED_SHELL('',(#5834,#5835,#5836,#5837,#5838,#5839,#5840,#5841,
#5842,#5843,#5844,#5845,#5846,#5847,#5848,#5849,#5850,#5851,#5852,#5853,
#5854,#5855,#5856,#5857,#5858,#5859,#5860));
#5945=CLOSED_SHELL('',(#5861,#5862,#5863,#5864,#5865,#5866,#5867,#5868,
#5869,#5870,#5871,#5872,#5873,#5874,#5875,#5876,#5877,#5878,#5879,#5880));
#5946=CLOSED_SHELL('',(#5881,#5882,#5883,#5884,#5885,#5886,#5887,#5888,
#5889,#5890,#5891,#5892,#5893,#5894,#5895,#5896,#5897,#5898,#5899,#5900,
#5901,#5902,#5903,#5904,#5905,#5906,#5907,#5908,#5909,#5910,#5911,#5912,
#5913,#5914,#5915,#5916,#5917,#5918,#5919,#5920,#5921,#5922,#5923,#5924,
#5925,#5926));
#5947=CLOSED_SHELL('',(#5927,#5928,#5929,#5930,#5931,#5932,#5933,#5934,
#5935,#5936));
#5948=DERIVED_UNIT_ELEMENT(#5968,1.);
#5949=DERIVED_UNIT_ELEMENT(#10526,-3.);
#5950=DERIVED_UNIT_ELEMENT(#5968,1.);
#5951=DERIVED_UNIT_ELEMENT(#10526,-3.);
#5952=DERIVED_UNIT_ELEMENT(#5968,1.);
#5953=DERIVED_UNIT_ELEMENT(#10526,-3.);
#5954=DERIVED_UNIT_ELEMENT(#5968,1.);
#5955=DERIVED_UNIT_ELEMENT(#10526,-3.);
#5956=DERIVED_UNIT_ELEMENT(#5968,1.);
#5957=DERIVED_UNIT_ELEMENT(#10526,-3.);
#5958=DERIVED_UNIT_ELEMENT(#5968,1.);
#5959=DERIVED_UNIT_ELEMENT(#10526,-3.);
#5960=DERIVED_UNIT_ELEMENT(#5968,1.);
#5961=DERIVED_UNIT_ELEMENT(#10526,-3.);
#5962=DERIVED_UNIT_ELEMENT(#5968,1.);
#5963=DERIVED_UNIT_ELEMENT(#10526,-3.);
#5964=DERIVED_UNIT_ELEMENT(#5968,1.);
#5965=DERIVED_UNIT_ELEMENT(#10526,-3.);
#5966=DERIVED_UNIT_ELEMENT(#5968,1.);
#5967=DERIVED_UNIT_ELEMENT(#10526,-3.);
#5968=(
MASS_UNIT()
NAMED_UNIT(*)
SI_UNIT(.KILO.,.GRAM.)
);
#5969=DERIVED_UNIT((#5948,#5949));
#5970=DERIVED_UNIT((#5950,#5951));
#5971=DERIVED_UNIT((#5952,#5953));
#5972=DERIVED_UNIT((#5954,#5955));
#5973=DERIVED_UNIT((#5956,#5957));
#5974=DERIVED_UNIT((#5958,#5959));
#5975=DERIVED_UNIT((#5960,#5961));
#5976=DERIVED_UNIT((#5962,#5963));
#5977=DERIVED_UNIT((#5964,#5965));
#5978=DERIVED_UNIT((#5966,#5967));
#5979=MEASURE_REPRESENTATION_ITEM('density measure',
POSITIVE_RATIO_MEASURE(7850.),#5969);
#5980=MEASURE_REPRESENTATION_ITEM('density measure',
POSITIVE_RATIO_MEASURE(7850.),#5970);
#5981=MEASURE_REPRESENTATION_ITEM('density measure',
POSITIVE_RATIO_MEASURE(7850.),#5971);
#5982=MEASURE_REPRESENTATION_ITEM('density measure',
POSITIVE_RATIO_MEASURE(7850.),#5972);
#5983=MEASURE_REPRESENTATION_ITEM('density measure',
POSITIVE_RATIO_MEASURE(7850.),#5973);
#5984=MEASURE_REPRESENTATION_ITEM('density measure',
POSITIVE_RATIO_MEASURE(7850.),#5974);
#5985=MEASURE_REPRESENTATION_ITEM('density measure',
POSITIVE_RATIO_MEASURE(7850.),#5975);
#5986=MEASURE_REPRESENTATION_ITEM('density measure',
POSITIVE_RATIO_MEASURE(7850.),#5976);
#5987=MEASURE_REPRESENTATION_ITEM('density measure',
POSITIVE_RATIO_MEASURE(7850.),#5977);
#5988=MEASURE_REPRESENTATION_ITEM('density measure',
POSITIVE_RATIO_MEASURE(7850.),#5978);
#5989=PROPERTY_DEFINITION_REPRESENTATION(#6039,#6009);
#5990=PROPERTY_DEFINITION_REPRESENTATION(#6040,#6010);
#5991=PROPERTY_DEFINITION_REPRESENTATION(#6041,#6011);
#5992=PROPERTY_DEFINITION_REPRESENTATION(#6042,#6012);
#5993=PROPERTY_DEFINITION_REPRESENTATION(#6043,#6013);
#5994=PROPERTY_DEFINITION_REPRESENTATION(#6044,#6014);
#5995=PROPERTY_DEFINITION_REPRESENTATION(#6045,#6015);
#5996=PROPERTY_DEFINITION_REPRESENTATION(#6046,#6016);
#5997=PROPERTY_DEFINITION_REPRESENTATION(#6047,#6017);
#5998=PROPERTY_DEFINITION_REPRESENTATION(#6048,#6018);
#5999=PROPERTY_DEFINITION_REPRESENTATION(#6049,#6019);
#6000=PROPERTY_DEFINITION_REPRESENTATION(#6050,#6020);
#6001=PROPERTY_DEFINITION_REPRESENTATION(#6051,#6021);
#6002=PROPERTY_DEFINITION_REPRESENTATION(#6052,#6022);
#6003=PROPERTY_DEFINITION_REPRESENTATION(#6053,#6023);
#6004=PROPERTY_DEFINITION_REPRESENTATION(#6054,#6024);
#6005=PROPERTY_DEFINITION_REPRESENTATION(#6055,#6025);
#6006=PROPERTY_DEFINITION_REPRESENTATION(#6056,#6026);
#6007=PROPERTY_DEFINITION_REPRESENTATION(#6057,#6027);
#6008=PROPERTY_DEFINITION_REPRESENTATION(#6058,#6028);
#6009=REPRESENTATION('material name',(#6029),#10512);
#6010=REPRESENTATION('density',(#5979),#10512);
#6011=REPRESENTATION('material name',(#6030),#10513);
#6012=REPRESENTATION('density',(#5980),#10513);
#6013=REPRESENTATION('material name',(#6031),#10514);
#6014=REPRESENTATION('density',(#5981),#10514);
#6015=REPRESENTATION('material name',(#6032),#10515);
#6016=REPRESENTATION('density',(#5982),#10515);
#6017=REPRESENTATION('material name',(#6033),#10516);
#6018=REPRESENTATION('density',(#5983),#10516);
#6019=REPRESENTATION('material name',(#6034),#10519);
#6020=REPRESENTATION('density',(#5984),#10519);
#6021=REPRESENTATION('material name',(#6035),#10520);
#6022=REPRESENTATION('density',(#5985),#10520);
#6023=REPRESENTATION('material name',(#6036),#10521);
#6024=REPRESENTATION('density',(#5986),#10521);
#6025=REPRESENTATION('material name',(#6037),#10522);
#6026=REPRESENTATION('density',(#5987),#10522);
#6027=REPRESENTATION('material name',(#6038),#10523);
#6028=REPRESENTATION('density',(#5988),#10523);
#6029=DESCRIPTIVE_REPRESENTATION_ITEM('Stahl','Stahl');
#6030=DESCRIPTIVE_REPRESENTATION_ITEM('Stahl','Stahl');
#6031=DESCRIPTIVE_REPRESENTATION_ITEM('Stahl','Stahl');
#6032=DESCRIPTIVE_REPRESENTATION_ITEM('Stahl','Stahl');
#6033=DESCRIPTIVE_REPRESENTATION_ITEM('Stahl','Stahl');
#6034=DESCRIPTIVE_REPRESENTATION_ITEM('Stahl','Stahl');
#6035=DESCRIPTIVE_REPRESENTATION_ITEM('Stahl','Stahl');
#6036=DESCRIPTIVE_REPRESENTATION_ITEM('Stahl','Stahl');
#6037=DESCRIPTIVE_REPRESENTATION_ITEM('Stahl','Stahl');
#6038=DESCRIPTIVE_REPRESENTATION_ITEM('Stahl','Stahl');
#6039=PROPERTY_DEFINITION('material property','material name',#10599);
#6040=PROPERTY_DEFINITION('material property','density of part',#10599);
#6041=PROPERTY_DEFINITION('material property','material name',#10600);
#6042=PROPERTY_DEFINITION('material property','density of part',#10600);
#6043=PROPERTY_DEFINITION('material property','material name',#10601);
#6044=PROPERTY_DEFINITION('material property','density of part',#10601);
#6045=PROPERTY_DEFINITION('material property','material name',#10602);
#6046=PROPERTY_DEFINITION('material property','density of part',#10602);
#6047=PROPERTY_DEFINITION('material property','material name',#10603);
#6048=PROPERTY_DEFINITION('material property','density of part',#10603);
#6049=PROPERTY_DEFINITION('material property','material name',#10606);
#6050=PROPERTY_DEFINITION('material property','density of part',#10606);
#6051=PROPERTY_DEFINITION('material property','material name',#10607);
#6052=PROPERTY_DEFINITION('material property','density of part',#10607);
#6053=PROPERTY_DEFINITION('material property','material name',#10608);
#6054=PROPERTY_DEFINITION('material property','density of part',#10608);
#6055=PROPERTY_DEFINITION('material property','material name',#10609);
#6056=PROPERTY_DEFINITION('material property','density of part',#10609);
#6057=PROPERTY_DEFINITION('material property','material name',#10610);
#6058=PROPERTY_DEFINITION('material property','density of part',#10610);
#6059=AXIS2_PLACEMENT_3D('',#8295,#6595,#6596);
#6060=AXIS2_PLACEMENT_3D('',#8296,#6597,#6598);
#6061=AXIS2_PLACEMENT_3D('',#8297,#6599,#6600);
#6062=AXIS2_PLACEMENT_3D('',#8298,#6601,#6602);
#6063=AXIS2_PLACEMENT_3D('',#8299,#6603,#6604);
#6064=AXIS2_PLACEMENT_3D('',#8301,#6605,#6606);
#6065=AXIS2_PLACEMENT_3D('',#8305,#6608,#6609);
#6066=AXIS2_PLACEMENT_3D('',#8306,#6610,#6611);
#6067=AXIS2_PLACEMENT_3D('',#8371,#6612,#6613);
#6068=AXIS2_PLACEMENT_3D('',#8372,#6614,#6615);
#6069=AXIS2_PLACEMENT_3D('',#8373,#6616,#6617);
#6070=AXIS2_PLACEMENT_3D('',#8383,#6622,#6623);
#6071=AXIS2_PLACEMENT_3D('',#8385,#6624,#6625);
#6072=AXIS2_PLACEMENT_3D('',#8387,#6626,#6627);
#6073=AXIS2_PLACEMENT_3D('',#8388,#6628,#6629);
#6074=AXIS2_PLACEMENT_3D('',#8389,#6630,#6631);
#6075=AXIS2_PLACEMENT_3D('',#8395,#6635,#6636);
#6076=AXIS2_PLACEMENT_3D('',#8399,#6639,#6640);
#6077=AXIS2_PLACEMENT_3D('',#8403,#6643,#6644);
#6078=AXIS2_PLACEMENT_3D('',#8405,#6646,#6647);
#6079=AXIS2_PLACEMENT_3D('',#8409,#6649,#6650);
#6080=AXIS2_PLACEMENT_3D('',#8410,#6651,#6652);
#6081=AXIS2_PLACEMENT_3D('',#8411,#6653,#6654);
#6082=AXIS2_PLACEMENT_3D('',#8415,#6656,#6657);
#6083=AXIS2_PLACEMENT_3D('',#8416,#6658,#6659);
#6084=AXIS2_PLACEMENT_3D('',#8417,#6660,#6661);
#6085=AXIS2_PLACEMENT_3D('',#8421,#6663,#6664);
#6086=AXIS2_PLACEMENT_3D('',#8422,#6665,#6666);
#6087=AXIS2_PLACEMENT_3D('',#8423,#6667,#6668);
#6088=AXIS2_PLACEMENT_3D('',#8504,#6677,#6678);
#6089=AXIS2_PLACEMENT_3D('',#8505,#6679,#6680);
#6090=AXIS2_PLACEMENT_3D('',#8570,#6681,#6682);
#6091=AXIS2_PLACEMENT_3D('',#8571,#6683,#6684);
#6092=AXIS2_PLACEMENT_3D('',#8636,#6685,#6686);
#6093=AXIS2_PLACEMENT_3D('',#8637,#6687,#6688);
#6094=AXIS2_PLACEMENT_3D('',#8638,#6689,#6690);
#6095=AXIS2_PLACEMENT_3D('',#8644,#6694,#6695);
#6096=AXIS2_PLACEMENT_3D('',#8648,#6698,#6699);
#6097=AXIS2_PLACEMENT_3D('',#8652,#6702,#6703);
#6098=AXIS2_PLACEMENT_3D('',#8656,#6706,#6707);
#6099=AXIS2_PLACEMENT_3D('',#8660,#6710,#6711);
#6100=AXIS2_PLACEMENT_3D('',#8664,#6714,#6715);
#6101=AXIS2_PLACEMENT_3D('',#8668,#6718,#6719);
#6102=AXIS2_PLACEMENT_3D('',#8670,#6721,#6722);
#6103=AXIS2_PLACEMENT_3D('',#8671,#6723,#6724);
#6104=AXIS2_PLACEMENT_3D('',#8672,#6725,#6726);
#6105=AXIS2_PLACEMENT_3D('',#8673,#6727,#6728);
#6106=AXIS2_PLACEMENT_3D('',#8714,#6749,#6750);
#6107=AXIS2_PLACEMENT_3D('',#8720,#6754,#6755);
#6108=AXIS2_PLACEMENT_3D('',#8724,#6758,#6759);
#6109=AXIS2_PLACEMENT_3D('',#8728,#6762,#6763);
#6110=AXIS2_PLACEMENT_3D('',#8732,#6766,#6767);
#6111=AXIS2_PLACEMENT_3D('',#8734,#6769,#6770);
#6112=AXIS2_PLACEMENT_3D('',#8740,#6774,#6775);
#6113=AXIS2_PLACEMENT_3D('',#8744,#6778,#6779);
#6114=AXIS2_PLACEMENT_3D('',#8748,#6782,#6783);
#6115=AXIS2_PLACEMENT_3D('',#8752,#6786,#6787);
#6116=AXIS2_PLACEMENT_3D('',#8754,#6789,#6790);
#6117=AXIS2_PLACEMENT_3D('',#8760,#6794,#6795);
#6118=AXIS2_PLACEMENT_3D('',#8764,#6798,#6799);
#6119=AXIS2_PLACEMENT_3D('',#8768,#6802,#6803);
#6120=AXIS2_PLACEMENT_3D('',#8772,#6806,#6807);
#6121=AXIS2_PLACEMENT_3D('',#8774,#6809,#6810);
#6122=AXIS2_PLACEMENT_3D('',#8780,#6814,#6815);
#6123=AXIS2_PLACEMENT_3D('',#8784,#6818,#6819);
#6124=AXIS2_PLACEMENT_3D('',#8788,#6822,#6823);
#6125=AXIS2_PLACEMENT_3D('',#8792,#6826,#6827);
#6126=AXIS2_PLACEMENT_3D('',#8794,#6829,#6830);
#6127=AXIS2_PLACEMENT_3D('',#8795,#6831,#6832);
#6128=AXIS2_PLACEMENT_3D('',#8796,#6833,#6834);
#6129=AXIS2_PLACEMENT_3D('',#8797,#6835,#6836);
#6130=AXIS2_PLACEMENT_3D('',#8798,#6837,#6838);
#6131=AXIS2_PLACEMENT_3D('',#8799,#6839,#6840);
#6132=AXIS2_PLACEMENT_3D('',#8808,#6845,#6846);
#6133=AXIS2_PLACEMENT_3D('',#8810,#6847,#6848);
#6134=AXIS2_PLACEMENT_3D('',#8813,#6850,#6851);
#6135=AXIS2_PLACEMENT_3D('',#8814,#6852,#6853);
#6136=AXIS2_PLACEMENT_3D('',#8820,#6857,#6858);
#6137=AXIS2_PLACEMENT_3D('',#8822,#6859,#6860);
#6138=AXIS2_PLACEMENT_3D('',#8825,#6862,#6863);
#6139=AXIS2_PLACEMENT_3D('',#8826,#6864,#6865);
#6140=AXIS2_PLACEMENT_3D('',#8832,#6869,#6870);
#6141=AXIS2_PLACEMENT_3D('',#8834,#6871,#6872);
#6142=AXIS2_PLACEMENT_3D('',#8837,#6874,#6875);
#6143=AXIS2_PLACEMENT_3D('',#8838,#6876,#6877);
#6144=AXIS2_PLACEMENT_3D('',#8844,#6881,#6882);
#6145=AXIS2_PLACEMENT_3D('',#8845,#6883,#6884);
#6146=AXIS2_PLACEMENT_3D('',#8846,#6885,#6886);
#6147=AXIS2_PLACEMENT_3D('',#8847,#6887,#6888);
#6148=AXIS2_PLACEMENT_3D('',#8849,#6889,#6890);
#6149=AXIS2_PLACEMENT_3D('',#8852,#6892,#6893);
#6150=AXIS2_PLACEMENT_3D('',#8853,#6894,#6895);
#6151=AXIS2_PLACEMENT_3D('',#8855,#6896,#6897);
#6152=AXIS2_PLACEMENT_3D('',#8858,#6899,#6900);
#6153=AXIS2_PLACEMENT_3D('',#8859,#6901,#6902);
#6154=AXIS2_PLACEMENT_3D('',#8861,#6903,#6904);
#6155=AXIS2_PLACEMENT_3D('',#8864,#6906,#6907);
#6156=AXIS2_PLACEMENT_3D('',#8865,#6908,#6909);
#6157=AXIS2_PLACEMENT_3D('',#8867,#6910,#6911);
#6158=AXIS2_PLACEMENT_3D('',#8870,#6913,#6914);
#6159=AXIS2_PLACEMENT_3D('',#8871,#6915,#6916);
#6160=AXIS2_PLACEMENT_3D('',#8873,#6917,#6918);
#6161=AXIS2_PLACEMENT_3D('',#8876,#6920,#6921);
#6162=AXIS2_PLACEMENT_3D('',#8877,#6922,#6923);
#6163=AXIS2_PLACEMENT_3D('',#8878,#6924,#6925);
#6164=AXIS2_PLACEMENT_3D('',#8879,#6926,#6927);
#6165=AXIS2_PLACEMENT_3D('',#8880,#6928,#6929);
#6166=AXIS2_PLACEMENT_3D('',#8885,#6931,#6932);
#6167=AXIS2_PLACEMENT_3D('',#8889,#6934,#6935);
#6168=AXIS2_PLACEMENT_3D('',#8893,#6937,#6938);
#6169=AXIS2_PLACEMENT_3D('',#8896,#6940,#6941);
#6170=AXIS2_PLACEMENT_3D('',#8905,#6946,#6947);
#6171=AXIS2_PLACEMENT_3D('',#8911,#6951,#6952);
#6172=AXIS2_PLACEMENT_3D('',#8913,#6953,#6954);
#6173=AXIS2_PLACEMENT_3D('',#8915,#6956,#6957);
#6174=AXIS2_PLACEMENT_3D('',#8918,#6959,#6960);
#6175=AXIS2_PLACEMENT_3D('',#8919,#6961,#6962);
#6176=AXIS2_PLACEMENT_3D('',#8923,#6965,#6966);
#6177=AXIS2_PLACEMENT_3D('',#8927,#6969,#6970);
#6178=AXIS2_PLACEMENT_3D('',#8929,#6971,#6972);
#6179=AXIS2_PLACEMENT_3D('',#8931,#6974,#6975);
#6180=AXIS2_PLACEMENT_3D('',#8934,#6977,#6978);
#6181=AXIS2_PLACEMENT_3D('',#8935,#6979,#6980);
#6182=AXIS2_PLACEMENT_3D('',#8937,#6982,#6983);
#6183=AXIS2_PLACEMENT_3D('',#8943,#6987,#6988);
#6184=AXIS2_PLACEMENT_3D('',#8947,#6991,#6992);
#6185=AXIS2_PLACEMENT_3D('',#8951,#6995,#6996);
#6186=AXIS2_PLACEMENT_3D('',#8953,#6998,#6999);
#6187=AXIS2_PLACEMENT_3D('',#8955,#7000,#7001);
#6188=AXIS2_PLACEMENT_3D('',#8958,#7003,#7004);
#6189=AXIS2_PLACEMENT_3D('',#8959,#7005,#7006);
#6190=AXIS2_PLACEMENT_3D('',#8960,#7007,#7008);
#6191=AXIS2_PLACEMENT_3D('',#8961,#7009,#7010);
#6192=AXIS2_PLACEMENT_3D('',#8962,#7011,#7012);
#6193=AXIS2_PLACEMENT_3D('',#8963,#7013,#7014);
#6194=AXIS2_PLACEMENT_3D('',#8966,#7016,#7017);
#6195=AXIS2_PLACEMENT_3D('',#8967,#7018,#7019);
#6196=AXIS2_PLACEMENT_3D('',#8969,#7020,#7021);
#6197=AXIS2_PLACEMENT_3D('',#8971,#7023,#7024);
#6198=AXIS2_PLACEMENT_3D('',#8972,#7025,#7026);
#6199=AXIS2_PLACEMENT_3D('',#8973,#7027,#7028);
#6200=AXIS2_PLACEMENT_3D('',#8974,#7029,#7030);
#6201=AXIS2_PLACEMENT_3D('',#8975,#7031,#7032);
#6202=AXIS2_PLACEMENT_3D('',#8977,#7034,#7035);
#6203=AXIS2_PLACEMENT_3D('',#8979,#7036,#7037);
#6204=AXIS2_PLACEMENT_3D('',#8980,#7038,#7039);
#6205=AXIS2_PLACEMENT_3D('',#8982,#7040,#7041);
#6206=AXIS2_PLACEMENT_3D('',#8983,#7042,#7043);
#6207=AXIS2_PLACEMENT_3D('',#8985,#7044,#7045);
#6208=AXIS2_PLACEMENT_3D('',#8987,#7047,#7048);
#6209=AXIS2_PLACEMENT_3D('',#8989,#7049,#7050);
#6210=AXIS2_PLACEMENT_3D('',#8991,#7052,#7053);
#6211=AXIS2_PLACEMENT_3D('',#8992,#7054,#7055);
#6212=AXIS2_PLACEMENT_3D('',#8993,#7056,#7057);
#6213=AXIS2_PLACEMENT_3D('',#8994,#7058,#7059);
#6214=AXIS2_PLACEMENT_3D('',#9003,#7064,#7065);
#6215=AXIS2_PLACEMENT_3D('',#9009,#7069,#7070);
#6216=AXIS2_PLACEMENT_3D('',#9015,#7074,#7075);
#6217=AXIS2_PLACEMENT_3D('',#9017,#7076,#7077);
#6218=AXIS2_PLACEMENT_3D('',#9020,#7079,#7080);
#6219=AXIS2_PLACEMENT_3D('',#9021,#7081,#7082);
#6220=AXIS2_PLACEMENT_3D('',#9023,#7083,#7084);
#6221=AXIS2_PLACEMENT_3D('',#9026,#7086,#7087);
#6222=AXIS2_PLACEMENT_3D('',#9027,#7088,#7089);
#6223=AXIS2_PLACEMENT_3D('',#9033,#7093,#7094);
#6224=AXIS2_PLACEMENT_3D('',#9039,#7098,#7099);
#6225=AXIS2_PLACEMENT_3D('',#9041,#7100,#7101);
#6226=AXIS2_PLACEMENT_3D('',#9044,#7103,#7104);
#6227=AXIS2_PLACEMENT_3D('',#9045,#7105,#7106);
#6228=AXIS2_PLACEMENT_3D('',#9047,#7107,#7108);
#6229=AXIS2_PLACEMENT_3D('',#9050,#7110,#7111);
#6230=AXIS2_PLACEMENT_3D('',#9051,#7112,#7113);
#6231=AXIS2_PLACEMENT_3D('',#9061,#7119,#7120);
#6232=AXIS2_PLACEMENT_3D('',#9071,#7126,#7127);
#6233=AXIS2_PLACEMENT_3D('',#9075,#7129,#7130);
#6234=AXIS2_PLACEMENT_3D('',#9078,#7132,#7133);
#6235=AXIS2_PLACEMENT_3D('',#9082,#7136,#7137);
#6236=AXIS2_PLACEMENT_3D('',#9090,#7141,#7142);
#6237=AXIS2_PLACEMENT_3D('',#9092,#7144,#7145);
#6238=AXIS2_PLACEMENT_3D('',#9093,#7146,#7147);
#6239=AXIS2_PLACEMENT_3D('',#9095,#7149,#7150);
#6240=AXIS2_PLACEMENT_3D('',#9097,#7152,#7153);
#6241=AXIS2_PLACEMENT_3D('',#9098,#7154,#7155);
#6242=AXIS2_PLACEMENT_3D('',#9099,#7156,#7157);
#6243=AXIS2_PLACEMENT_3D('',#9100,#7158,#7159);
#6244=AXIS2_PLACEMENT_3D('',#9101,#7160,#7161);
#6245=AXIS2_PLACEMENT_3D('',#9102,#7162,#7163);
#6246=AXIS2_PLACEMENT_3D('',#9103,#7164,#7165);
#6247=AXIS2_PLACEMENT_3D('',#9104,#7166,#7167);
#6248=AXIS2_PLACEMENT_3D('',#9105,#7168,#7169);
#6249=AXIS2_PLACEMENT_3D('',#9106,#7170,#7171);
#6250=AXIS2_PLACEMENT_3D('',#9107,#7172,#7173);
#6251=AXIS2_PLACEMENT_3D('',#9108,#7174,#7175);
#6252=AXIS2_PLACEMENT_3D('',#9109,#7176,#7177);
#6253=AXIS2_PLACEMENT_3D('',#9110,#7178,#7179);
#6254=AXIS2_PLACEMENT_3D('',#9111,#7180,#7181);
#6255=AXIS2_PLACEMENT_3D('',#9112,#7182,#7183);
#6256=AXIS2_PLACEMENT_3D('',#9114,#7184,#7185);
#6257=AXIS2_PLACEMENT_3D('',#9115,#7186,#7187);
#6258=AXIS2_PLACEMENT_3D('',#9117,#7188,#7189);
#6259=AXIS2_PLACEMENT_3D('',#9118,#7190,#7191);
#6260=AXIS2_PLACEMENT_3D('',#9119,#7192,#7193);
#6261=AXIS2_PLACEMENT_3D('',#9121,#7194,#7195);
#6262=AXIS2_PLACEMENT_3D('',#9123,#7197,#7198);
#6263=AXIS2_PLACEMENT_3D('',#9125,#7199,#7200);
#6264=AXIS2_PLACEMENT_3D('',#9126,#7201,#7202);
#6265=AXIS2_PLACEMENT_3D('',#9128,#7203,#7204);
#6266=AXIS2_PLACEMENT_3D('',#9130,#7206,#7207);
#6267=AXIS2_PLACEMENT_3D('',#9132,#7208,#7209);
#6268=AXIS2_PLACEMENT_3D('',#9133,#7210,#7211);
#6269=AXIS2_PLACEMENT_3D('',#9136,#7212,#7213);
#6270=AXIS2_PLACEMENT_3D('',#9140,#7215,#7216);
#6271=AXIS2_PLACEMENT_3D('',#9144,#7218,#7219);
#6272=AXIS2_PLACEMENT_3D('',#9148,#7221,#7222);
#6273=AXIS2_PLACEMENT_3D('',#9152,#7224,#7225);
#6274=AXIS2_PLACEMENT_3D('',#9155,#7227,#7228);
#6275=AXIS2_PLACEMENT_3D('',#9159,#7230,#7231);
#6276=AXIS2_PLACEMENT_3D('',#9163,#7233,#7234);
#6277=AXIS2_PLACEMENT_3D('',#9167,#7236,#7237);
#6278=AXIS2_PLACEMENT_3D('',#9169,#7239,#7240);
#6279=AXIS2_PLACEMENT_3D('',#9175,#7244,#7245);
#6280=AXIS2_PLACEMENT_3D('',#9179,#7248,#7249);
#6281=AXIS2_PLACEMENT_3D('',#9230,#7277,#7278);
#6282=AXIS2_PLACEMENT_3D('',#9234,#7281,#7282);
#6283=AXIS2_PLACEMENT_3D('',#9238,#7285,#7286);
#6284=AXIS2_PLACEMENT_3D('',#9240,#7288,#7289);
#6285=AXIS2_PLACEMENT_3D('',#9244,#7292,#7293);
#6286=AXIS2_PLACEMENT_3D('',#9248,#7296,#7297);
#6287=AXIS2_PLACEMENT_3D('',#9250,#7299,#7300);
#6288=AXIS2_PLACEMENT_3D('',#9254,#7303,#7304);
#6289=AXIS2_PLACEMENT_3D('',#9258,#7307,#7308);
#6290=AXIS2_PLACEMENT_3D('',#9260,#7310,#7311);
#6291=AXIS2_PLACEMENT_3D('',#9262,#7313,#7314);
#6292=AXIS2_PLACEMENT_3D('',#9268,#7318,#7319);
#6293=AXIS2_PLACEMENT_3D('',#9278,#7325,#7326);
#6294=AXIS2_PLACEMENT_3D('',#9282,#7329,#7330);
#6295=AXIS2_PLACEMENT_3D('',#9290,#7335,#7336);
#6296=AXIS2_PLACEMENT_3D('',#9296,#7340,#7341);
#6297=AXIS2_PLACEMENT_3D('',#9300,#7344,#7345);
#6298=AXIS2_PLACEMENT_3D('',#9304,#7348,#7349);
#6299=AXIS2_PLACEMENT_3D('',#9306,#7351,#7352);
#6300=AXIS2_PLACEMENT_3D('',#9312,#7356,#7357);
#6301=AXIS2_PLACEMENT_3D('',#9322,#7363,#7364);
#6302=AXIS2_PLACEMENT_3D('',#9326,#7367,#7368);
#6303=AXIS2_PLACEMENT_3D('',#9334,#7373,#7374);
#6304=AXIS2_PLACEMENT_3D('',#9340,#7378,#7379);
#6305=AXIS2_PLACEMENT_3D('',#9344,#7382,#7383);
#6306=AXIS2_PLACEMENT_3D('',#9348,#7386,#7387);
#6307=AXIS2_PLACEMENT_3D('',#9350,#7389,#7390);
#6308=AXIS2_PLACEMENT_3D('',#9352,#7392,#7393);
#6309=AXIS2_PLACEMENT_3D('',#9354,#7395,#7396);
#6310=AXIS2_PLACEMENT_3D('',#9356,#7398,#7399);
#6311=AXIS2_PLACEMENT_3D('',#9357,#7400,#7401);
#6312=AXIS2_PLACEMENT_3D('',#9358,#7402,#7403);
#6313=AXIS2_PLACEMENT_3D('',#9360,#7405,#7406);
#6314=AXIS2_PLACEMENT_3D('',#9362,#7408,#7409);
#6315=AXIS2_PLACEMENT_3D('',#9364,#7411,#7412);
#6316=AXIS2_PLACEMENT_3D('',#9365,#7413,#7414);
#6317=AXIS2_PLACEMENT_3D('',#9366,#7415,#7416);
#6318=AXIS2_PLACEMENT_3D('',#9367,#7417,#7418);
#6319=AXIS2_PLACEMENT_3D('',#9368,#7419,#7420);
#6320=AXIS2_PLACEMENT_3D('',#9369,#7421,#7422);
#6321=AXIS2_PLACEMENT_3D('',#9370,#7423,#7424);
#6322=AXIS2_PLACEMENT_3D('',#9371,#7425,#7426);
#6323=AXIS2_PLACEMENT_3D('',#9373,#7427,#7428);
#6324=AXIS2_PLACEMENT_3D('',#9377,#7430,#7431);
#6325=AXIS2_PLACEMENT_3D('',#9378,#7432,#7433);
#6326=AXIS2_PLACEMENT_3D('',#9443,#7434,#7435);
#6327=AXIS2_PLACEMENT_3D('',#9444,#7436,#7437);
#6328=AXIS2_PLACEMENT_3D('',#9445,#7438,#7439);
#6329=AXIS2_PLACEMENT_3D('',#9455,#7444,#7445);
#6330=AXIS2_PLACEMENT_3D('',#9457,#7446,#7447);
#6331=AXIS2_PLACEMENT_3D('',#9459,#7448,#7449);
#6332=AXIS2_PLACEMENT_3D('',#9460,#7450,#7451);
#6333=AXIS2_PLACEMENT_3D('',#9461,#7452,#7453);
#6334=AXIS2_PLACEMENT_3D('',#9467,#7457,#7458);
#6335=AXIS2_PLACEMENT_3D('',#9471,#7461,#7462);
#6336=AXIS2_PLACEMENT_3D('',#9475,#7465,#7466);
#6337=AXIS2_PLACEMENT_3D('',#9477,#7468,#7469);
#6338=AXIS2_PLACEMENT_3D('',#9481,#7471,#7472);
#6339=AXIS2_PLACEMENT_3D('',#9482,#7473,#7474);
#6340=AXIS2_PLACEMENT_3D('',#9483,#7475,#7476);
#6341=AXIS2_PLACEMENT_3D('',#9487,#7478,#7479);
#6342=AXIS2_PLACEMENT_3D('',#9488,#7480,#7481);
#6343=AXIS2_PLACEMENT_3D('',#9489,#7482,#7483);
#6344=AXIS2_PLACEMENT_3D('',#9493,#7485,#7486);
#6345=AXIS2_PLACEMENT_3D('',#9494,#7487,#7488);
#6346=AXIS2_PLACEMENT_3D('',#9495,#7489,#7490);
#6347=AXIS2_PLACEMENT_3D('',#9576,#7499,#7500);
#6348=AXIS2_PLACEMENT_3D('',#9577,#7501,#7502);
#6349=AXIS2_PLACEMENT_3D('',#9642,#7503,#7504);
#6350=AXIS2_PLACEMENT_3D('',#9643,#7505,#7506);
#6351=AXIS2_PLACEMENT_3D('',#9708,#7507,#7508);
#6352=AXIS2_PLACEMENT_3D('',#9709,#7509,#7510);
#6353=AXIS2_PLACEMENT_3D('',#9710,#7511,#7512);
#6354=AXIS2_PLACEMENT_3D('',#9716,#7516,#7517);
#6355=AXIS2_PLACEMENT_3D('',#9720,#7520,#7521);
#6356=AXIS2_PLACEMENT_3D('',#9724,#7524,#7525);
#6357=AXIS2_PLACEMENT_3D('',#9728,#7528,#7529);
#6358=AXIS2_PLACEMENT_3D('',#9732,#7532,#7533);
#6359=AXIS2_PLACEMENT_3D('',#9736,#7536,#7537);
#6360=AXIS2_PLACEMENT_3D('',#9740,#7540,#7541);
#6361=AXIS2_PLACEMENT_3D('',#9742,#7543,#7544);
#6362=AXIS2_PLACEMENT_3D('',#9743,#7545,#7546);
#6363=AXIS2_PLACEMENT_3D('',#9744,#7547,#7548);
#6364=AXIS2_PLACEMENT_3D('',#9745,#7549,#7550);
#6365=AXIS2_PLACEMENT_3D('',#9786,#7571,#7572);
#6366=AXIS2_PLACEMENT_3D('',#9792,#7576,#7577);
#6367=AXIS2_PLACEMENT_3D('',#9796,#7580,#7581);
#6368=AXIS2_PLACEMENT_3D('',#9800,#7584,#7585);
#6369=AXIS2_PLACEMENT_3D('',#9804,#7588,#7589);
#6370=AXIS2_PLACEMENT_3D('',#9806,#7591,#7592);
#6371=AXIS2_PLACEMENT_3D('',#9812,#7596,#7597);
#6372=AXIS2_PLACEMENT_3D('',#9816,#7600,#7601);
#6373=AXIS2_PLACEMENT_3D('',#9820,#7604,#7605);
#6374=AXIS2_PLACEMENT_3D('',#9824,#7608,#7609);
#6375=AXIS2_PLACEMENT_3D('',#9826,#7611,#7612);
#6376=AXIS2_PLACEMENT_3D('',#9832,#7616,#7617);
#6377=AXIS2_PLACEMENT_3D('',#9836,#7620,#7621);
#6378=AXIS2_PLACEMENT_3D('',#9840,#7624,#7625);
#6379=AXIS2_PLACEMENT_3D('',#9844,#7628,#7629);
#6380=AXIS2_PLACEMENT_3D('',#9846,#7631,#7632);
#6381=AXIS2_PLACEMENT_3D('',#9852,#7636,#7637);
#6382=AXIS2_PLACEMENT_3D('',#9856,#7640,#7641);
#6383=AXIS2_PLACEMENT_3D('',#9860,#7644,#7645);
#6384=AXIS2_PLACEMENT_3D('',#9864,#7648,#7649);
#6385=AXIS2_PLACEMENT_3D('',#9866,#7651,#7652);
#6386=AXIS2_PLACEMENT_3D('',#9867,#7653,#7654);
#6387=AXIS2_PLACEMENT_3D('',#9868,#7655,#7656);
#6388=AXIS2_PLACEMENT_3D('',#9869,#7657,#7658);
#6389=AXIS2_PLACEMENT_3D('',#9870,#7659,#7660);
#6390=AXIS2_PLACEMENT_3D('',#9871,#7661,#7662);
#6391=AXIS2_PLACEMENT_3D('',#9880,#7667,#7668);
#6392=AXIS2_PLACEMENT_3D('',#9882,#7669,#7670);
#6393=AXIS2_PLACEMENT_3D('',#9885,#7672,#7673);
#6394=AXIS2_PLACEMENT_3D('',#9886,#7674,#7675);
#6395=AXIS2_PLACEMENT_3D('',#9892,#7679,#7680);
#6396=AXIS2_PLACEMENT_3D('',#9894,#7681,#7682);
#6397=AXIS2_PLACEMENT_3D('',#9897,#7684,#7685);
#6398=AXIS2_PLACEMENT_3D('',#9898,#7686,#7687);
#6399=AXIS2_PLACEMENT_3D('',#9904,#7691,#7692);
#6400=AXIS2_PLACEMENT_3D('',#9906,#7693,#7694);
#6401=AXIS2_PLACEMENT_3D('',#9909,#7696,#7697);
#6402=AXIS2_PLACEMENT_3D('',#9910,#7698,#7699);
#6403=AXIS2_PLACEMENT_3D('',#9916,#7703,#7704);
#6404=AXIS2_PLACEMENT_3D('',#9917,#7705,#7706);
#6405=AXIS2_PLACEMENT_3D('',#9918,#7707,#7708);
#6406=AXIS2_PLACEMENT_3D('',#9919,#7709,#7710);
#6407=AXIS2_PLACEMENT_3D('',#9921,#7711,#7712);
#6408=AXIS2_PLACEMENT_3D('',#9924,#7714,#7715);
#6409=AXIS2_PLACEMENT_3D('',#9925,#7716,#7717);
#6410=AXIS2_PLACEMENT_3D('',#9927,#7718,#7719);
#6411=AXIS2_PLACEMENT_3D('',#9930,#7721,#7722);
#6412=AXIS2_PLACEMENT_3D('',#9931,#7723,#7724);
#6413=AXIS2_PLACEMENT_3D('',#9933,#7725,#7726);
#6414=AXIS2_PLACEMENT_3D('',#9936,#7728,#7729);
#6415=AXIS2_PLACEMENT_3D('',#9937,#7730,#7731);
#6416=AXIS2_PLACEMENT_3D('',#9939,#7732,#7733);
#6417=AXIS2_PLACEMENT_3D('',#9942,#7735,#7736);
#6418=AXIS2_PLACEMENT_3D('',#9943,#7737,#7738);
#6419=AXIS2_PLACEMENT_3D('',#9945,#7739,#7740);
#6420=AXIS2_PLACEMENT_3D('',#9948,#7742,#7743);
#6421=AXIS2_PLACEMENT_3D('',#9949,#7744,#7745);
#6422=AXIS2_PLACEMENT_3D('',#9950,#7746,#7747);
#6423=AXIS2_PLACEMENT_3D('',#9951,#7748,#7749);
#6424=AXIS2_PLACEMENT_3D('',#9952,#7750,#7751);
#6425=AXIS2_PLACEMENT_3D('',#9957,#7753,#7754);
#6426=AXIS2_PLACEMENT_3D('',#9961,#7756,#7757);
#6427=AXIS2_PLACEMENT_3D('',#9965,#7759,#7760);
#6428=AXIS2_PLACEMENT_3D('',#9968,#7762,#7763);
#6429=AXIS2_PLACEMENT_3D('',#9977,#7768,#7769);
#6430=AXIS2_PLACEMENT_3D('',#9983,#7773,#7774);
#6431=AXIS2_PLACEMENT_3D('',#9985,#7775,#7776);
#6432=AXIS2_PLACEMENT_3D('',#9987,#7778,#7779);
#6433=AXIS2_PLACEMENT_3D('',#9990,#7781,#7782);
#6434=AXIS2_PLACEMENT_3D('',#9991,#7783,#7784);
#6435=AXIS2_PLACEMENT_3D('',#9995,#7787,#7788);
#6436=AXIS2_PLACEMENT_3D('',#9999,#7791,#7792);
#6437=AXIS2_PLACEMENT_3D('',#10001,#7793,#7794);
#6438=AXIS2_PLACEMENT_3D('',#10003,#7796,#7797);
#6439=AXIS2_PLACEMENT_3D('',#10006,#7799,#7800);
#6440=AXIS2_PLACEMENT_3D('',#10007,#7801,#7802);
#6441=AXIS2_PLACEMENT_3D('',#10009,#7804,#7805);
#6442=AXIS2_PLACEMENT_3D('',#10015,#7809,#7810);
#6443=AXIS2_PLACEMENT_3D('',#10019,#7813,#7814);
#6444=AXIS2_PLACEMENT_3D('',#10023,#7817,#7818);
#6445=AXIS2_PLACEMENT_3D('',#10025,#7820,#7821);
#6446=AXIS2_PLACEMENT_3D('',#10027,#7822,#7823);
#6447=AXIS2_PLACEMENT_3D('',#10030,#7825,#7826);
#6448=AXIS2_PLACEMENT_3D('',#10031,#7827,#7828);
#6449=AXIS2_PLACEMENT_3D('',#10032,#7829,#7830);
#6450=AXIS2_PLACEMENT_3D('',#10033,#7831,#7832);
#6451=AXIS2_PLACEMENT_3D('',#10034,#7833,#7834);
#6452=AXIS2_PLACEMENT_3D('',#10035,#7835,#7836);
#6453=AXIS2_PLACEMENT_3D('',#10038,#7838,#7839);
#6454=AXIS2_PLACEMENT_3D('',#10039,#7840,#7841);
#6455=AXIS2_PLACEMENT_3D('',#10041,#7842,#7843);
#6456=AXIS2_PLACEMENT_3D('',#10043,#7845,#7846);
#6457=AXIS2_PLACEMENT_3D('',#10044,#7847,#7848);
#6458=AXIS2_PLACEMENT_3D('',#10045,#7849,#7850);
#6459=AXIS2_PLACEMENT_3D('',#10046,#7851,#7852);
#6460=AXIS2_PLACEMENT_3D('',#10047,#7853,#7854);
#6461=AXIS2_PLACEMENT_3D('',#10049,#7856,#7857);
#6462=AXIS2_PLACEMENT_3D('',#10051,#7858,#7859);
#6463=AXIS2_PLACEMENT_3D('',#10052,#7860,#7861);
#6464=AXIS2_PLACEMENT_3D('',#10054,#7862,#7863);
#6465=AXIS2_PLACEMENT_3D('',#10055,#7864,#7865);
#6466=AXIS2_PLACEMENT_3D('',#10057,#7866,#7867);
#6467=AXIS2_PLACEMENT_3D('',#10059,#7869,#7870);
#6468=AXIS2_PLACEMENT_3D('',#10061,#7871,#7872);
#6469=AXIS2_PLACEMENT_3D('',#10063,#7874,#7875);
#6470=AXIS2_PLACEMENT_3D('',#10064,#7876,#7877);
#6471=AXIS2_PLACEMENT_3D('',#10065,#7878,#7879);
#6472=AXIS2_PLACEMENT_3D('',#10066,#7880,#7881);
#6473=AXIS2_PLACEMENT_3D('',#10075,#7886,#7887);
#6474=AXIS2_PLACEMENT_3D('',#10081,#7891,#7892);
#6475=AXIS2_PLACEMENT_3D('',#10087,#7896,#7897);
#6476=AXIS2_PLACEMENT_3D('',#10089,#7898,#7899);
#6477=AXIS2_PLACEMENT_3D('',#10092,#7901,#7902);
#6478=AXIS2_PLACEMENT_3D('',#10093,#7903,#7904);
#6479=AXIS2_PLACEMENT_3D('',#10095,#7905,#7906);
#6480=AXIS2_PLACEMENT_3D('',#10098,#7908,#7909);
#6481=AXIS2_PLACEMENT_3D('',#10099,#7910,#7911);
#6482=AXIS2_PLACEMENT_3D('',#10105,#7915,#7916);
#6483=AXIS2_PLACEMENT_3D('',#10111,#7920,#7921);
#6484=AXIS2_PLACEMENT_3D('',#10113,#7922,#7923);
#6485=AXIS2_PLACEMENT_3D('',#10116,#7925,#7926);
#6486=AXIS2_PLACEMENT_3D('',#10117,#7927,#7928);
#6487=AXIS2_PLACEMENT_3D('',#10119,#7929,#7930);
#6488=AXIS2_PLACEMENT_3D('',#10122,#7932,#7933);
#6489=AXIS2_PLACEMENT_3D('',#10123,#7934,#7935);
#6490=AXIS2_PLACEMENT_3D('',#10133,#7941,#7942);
#6491=AXIS2_PLACEMENT_3D('',#10143,#7948,#7949);
#6492=AXIS2_PLACEMENT_3D('',#10147,#7951,#7952);
#6493=AXIS2_PLACEMENT_3D('',#10150,#7954,#7955);
#6494=AXIS2_PLACEMENT_3D('',#10154,#7958,#7959);
#6495=AXIS2_PLACEMENT_3D('',#10162,#7963,#7964);
#6496=AXIS2_PLACEMENT_3D('',#10164,#7966,#7967);
#6497=AXIS2_PLACEMENT_3D('',#10165,#7968,#7969);
#6498=AXIS2_PLACEMENT_3D('',#10167,#7971,#7972);
#6499=AXIS2_PLACEMENT_3D('',#10169,#7974,#7975);
#6500=AXIS2_PLACEMENT_3D('',#10170,#7976,#7977);
#6501=AXIS2_PLACEMENT_3D('',#10171,#7978,#7979);
#6502=AXIS2_PLACEMENT_3D('',#10172,#7980,#7981);
#6503=AXIS2_PLACEMENT_3D('',#10173,#7982,#7983);
#6504=AXIS2_PLACEMENT_3D('',#10174,#7984,#7985);
#6505=AXIS2_PLACEMENT_3D('',#10175,#7986,#7987);
#6506=AXIS2_PLACEMENT_3D('',#10176,#7988,#7989);
#6507=AXIS2_PLACEMENT_3D('',#10177,#7990,#7991);
#6508=AXIS2_PLACEMENT_3D('',#10178,#7992,#7993);
#6509=AXIS2_PLACEMENT_3D('',#10179,#7994,#7995);
#6510=AXIS2_PLACEMENT_3D('',#10180,#7996,#7997);
#6511=AXIS2_PLACEMENT_3D('',#10181,#7998,#7999);
#6512=AXIS2_PLACEMENT_3D('',#10182,#8000,#8001);
#6513=AXIS2_PLACEMENT_3D('',#10183,#8002,#8003);
#6514=AXIS2_PLACEMENT_3D('',#10184,#8004,#8005);
#6515=AXIS2_PLACEMENT_3D('',#10186,#8006,#8007);
#6516=AXIS2_PLACEMENT_3D('',#10187,#8008,#8009);
#6517=AXIS2_PLACEMENT_3D('',#10189,#8010,#8011);
#6518=AXIS2_PLACEMENT_3D('',#10190,#8012,#8013);
#6519=AXIS2_PLACEMENT_3D('',#10191,#8014,#8015);
#6520=AXIS2_PLACEMENT_3D('',#10193,#8016,#8017);
#6521=AXIS2_PLACEMENT_3D('',#10195,#8019,#8020);
#6522=AXIS2_PLACEMENT_3D('',#10197,#8021,#8022);
#6523=AXIS2_PLACEMENT_3D('',#10198,#8023,#8024);
#6524=AXIS2_PLACEMENT_3D('',#10200,#8025,#8026);
#6525=AXIS2_PLACEMENT_3D('',#10202,#8028,#8029);
#6526=AXIS2_PLACEMENT_3D('',#10204,#8030,#8031);
#6527=AXIS2_PLACEMENT_3D('',#10205,#8032,#8033);
#6528=AXIS2_PLACEMENT_3D('',#10208,#8034,#8035);
#6529=AXIS2_PLACEMENT_3D('',#10212,#8037,#8038);
#6530=AXIS2_PLACEMENT_3D('',#10216,#8040,#8041);
#6531=AXIS2_PLACEMENT_3D('',#10220,#8043,#8044);
#6532=AXIS2_PLACEMENT_3D('',#10224,#8046,#8047);
#6533=AXIS2_PLACEMENT_3D('',#10227,#8049,#8050);
#6534=AXIS2_PLACEMENT_3D('',#10231,#8052,#8053);
#6535=AXIS2_PLACEMENT_3D('',#10235,#8055,#8056);
#6536=AXIS2_PLACEMENT_3D('',#10239,#8058,#8059);
#6537=AXIS2_PLACEMENT_3D('',#10241,#8061,#8062);
#6538=AXIS2_PLACEMENT_3D('',#10247,#8066,#8067);
#6539=AXIS2_PLACEMENT_3D('',#10251,#8070,#8071);
#6540=AXIS2_PLACEMENT_3D('',#10302,#8099,#8100);
#6541=AXIS2_PLACEMENT_3D('',#10306,#8103,#8104);
#6542=AXIS2_PLACEMENT_3D('',#10310,#8107,#8108);
#6543=AXIS2_PLACEMENT_3D('',#10312,#8110,#8111);
#6544=AXIS2_PLACEMENT_3D('',#10316,#8114,#8115);
#6545=AXIS2_PLACEMENT_3D('',#10320,#8118,#8119);
#6546=AXIS2_PLACEMENT_3D('',#10322,#8121,#8122);
#6547=AXIS2_PLACEMENT_3D('',#10326,#8125,#8126);
#6548=AXIS2_PLACEMENT_3D('',#10330,#8129,#8130);
#6549=AXIS2_PLACEMENT_3D('',#10332,#8132,#8133);
#6550=AXIS2_PLACEMENT_3D('',#10334,#8135,#8136);
#6551=AXIS2_PLACEMENT_3D('',#10340,#8140,#8141);
#6552=AXIS2_PLACEMENT_3D('',#10350,#8147,#8148);
#6553=AXIS2_PLACEMENT_3D('',#10354,#8151,#8152);
#6554=AXIS2_PLACEMENT_3D('',#10362,#8157,#8158);
#6555=AXIS2_PLACEMENT_3D('',#10368,#8162,#8163);
#6556=AXIS2_PLACEMENT_3D('',#10372,#8166,#8167);
#6557=AXIS2_PLACEMENT_3D('',#10376,#8170,#8171);
#6558=AXIS2_PLACEMENT_3D('',#10378,#8173,#8174);
#6559=AXIS2_PLACEMENT_3D('',#10384,#8178,#8179);
#6560=AXIS2_PLACEMENT_3D('',#10394,#8185,#8186);
#6561=AXIS2_PLACEMENT_3D('',#10398,#8189,#8190);
#6562=AXIS2_PLACEMENT_3D('',#10406,#8195,#8196);
#6563=AXIS2_PLACEMENT_3D('',#10412,#8200,#8201);
#6564=AXIS2_PLACEMENT_3D('',#10416,#8204,#8205);
#6565=AXIS2_PLACEMENT_3D('',#10420,#8208,#8209);
#6566=AXIS2_PLACEMENT_3D('',#10422,#8211,#8212);
#6567=AXIS2_PLACEMENT_3D('',#10424,#8214,#8215);
#6568=AXIS2_PLACEMENT_3D('',#10426,#8217,#8218);
#6569=AXIS2_PLACEMENT_3D('',#10428,#8220,#8221);
#6570=AXIS2_PLACEMENT_3D('',#10429,#8222,#8223);
#6571=AXIS2_PLACEMENT_3D('',#10430,#8224,#8225);
#6572=AXIS2_PLACEMENT_3D('',#10432,#8227,#8228);
#6573=AXIS2_PLACEMENT_3D('',#10434,#8230,#8231);
#6574=AXIS2_PLACEMENT_3D('',#10436,#8233,#8234);
#6575=AXIS2_PLACEMENT_3D('',#10437,#8235,#8236);
#6576=AXIS2_PLACEMENT_3D('',#10438,#8237,#8238);
#6577=AXIS2_PLACEMENT_3D('',#10439,#8239,#8240);
#6578=AXIS2_PLACEMENT_3D('',#10440,#8241,#8242);
#6579=AXIS2_PLACEMENT_3D('',#10444,#8244,#8245);
#6580=AXIS2_PLACEMENT_3D('',#10445,#8246,#8247);
#6581=AXIS2_PLACEMENT_3D('',#10449,#8249,#8250);
#6582=AXIS2_PLACEMENT_3D('',#10451,#8252,#8253);
#6583=AXIS2_PLACEMENT_3D('',#10455,#8255,#8256);
#6584=AXIS2_PLACEMENT_3D('',#10456,#8257,#8258);
#6585=AXIS2_PLACEMENT_3D('',#10460,#8260,#8261);
#6586=AXIS2_PLACEMENT_3D('',#10462,#8263,#8264);
#6587=AXIS2_PLACEMENT_3D('',#10473,#8271,#8272);
#6588=AXIS2_PLACEMENT_3D('',#10479,#8276,#8277);
#6589=AXIS2_PLACEMENT_3D('',#10485,#8281,#8282);
#6590=AXIS2_PLACEMENT_3D('',#10487,#8284,#8285);
#6591=AXIS2_PLACEMENT_3D('',#10489,#8287,#8288);
#6592=AXIS2_PLACEMENT_3D('',#10490,#8289,#8290);
#6593=AXIS2_PLACEMENT_3D('',#10491,#8291,#8292);
#6594=AXIS2_PLACEMENT_3D('',#10492,#8293,#8294);
#6595=DIRECTION('axis',(0.,0.,1.));
#6596=DIRECTION('refdir',(1.,0.,0.));
#6597=DIRECTION('axis',(0.,0.,1.));
#6598=DIRECTION('refdir',(1.,0.,0.));
#6599=DIRECTION('axis',(0.,0.,1.));
#6600=DIRECTION('refdir',(1.,0.,0.));
#6601=DIRECTION('axis',(0.,0.,1.));
#6602=DIRECTION('refdir',(1.,0.,0.));
#6603=DIRECTION('center_axis',(0.,0.,-1.));
#6604=DIRECTION('ref_axis',(1.,0.,0.));
#6605=DIRECTION('center_axis',(0.,0.,1.));
#6606=DIRECTION('ref_axis',(1.,0.,0.));
#6607=DIRECTION('',(0.,0.,1.));
#6608=DIRECTION('center_axis',(0.,0.,1.));
#6609=DIRECTION('ref_axis',(1.,0.,0.));
#6610=DIRECTION('center_axis',(0.,0.,1.));
#6611=DIRECTION('ref_axis',(1.,0.,0.));
#6612=DIRECTION('center_axis',(0.,-1.,0.));
#6613=DIRECTION('ref_axis',(1.,0.,0.));
#6614=DIRECTION('center_axis',(0.,0.,1.));
#6615=DIRECTION('ref_axis',(1.,0.,0.));
#6616=DIRECTION('center_axis',(0.,0.,1.));
#6617=DIRECTION('ref_axis',(1.,0.,0.));
#6618=DIRECTION('',(0.,-1.,0.));
#6619=DIRECTION('',(1.,0.,0.));
#6620=DIRECTION('',(0.,1.,0.));
#6621=DIRECTION('',(-1.,0.,0.));
#6622=DIRECTION('center_axis',(0.,0.,1.));
#6623=DIRECTION('ref_axis',(1.,0.,0.));
#6624=DIRECTION('center_axis',(0.,0.,1.));
#6625=DIRECTION('ref_axis',(1.,0.,0.));
#6626=DIRECTION('center_axis',(0.,0.,1.));
#6627=DIRECTION('ref_axis',(1.,0.,0.));
#6628=DIRECTION('center_axis',(0.,0.,1.));
#6629=DIRECTION('ref_axis',(1.,0.,0.));
#6630=DIRECTION('center_axis',(-1.,0.,0.));
#6631=DIRECTION('ref_axis',(0.,-1.,0.));
#6632=DIRECTION('',(0.,0.,-1.));
#6633=DIRECTION('',(0.,-1.,0.));
#6634=DIRECTION('',(0.,0.,-1.));
#6635=DIRECTION('center_axis',(0.,1.,0.));
#6636=DIRECTION('ref_axis',(-1.,0.,0.));
#6637=DIRECTION('',(0.,0.,-1.));
#6638=DIRECTION('',(-1.,0.,0.));
#6639=DIRECTION('center_axis',(0.,-1.,0.));
#6640=DIRECTION('ref_axis',(1.,0.,0.));
#6641=DIRECTION('',(1.,0.,0.));
#6642=DIRECTION('',(0.,0.,-1.));
#6643=DIRECTION('center_axis',(1.,0.,0.));
#6644=DIRECTION('ref_axis',(0.,1.,0.));
#6645=DIRECTION('',(0.,1.,0.));
#6646=DIRECTION('center_axis',(0.,0.,-1.));
#6647=DIRECTION('ref_axis',(1.,0.,0.));
#6648=DIRECTION('',(0.,0.,1.));
#6649=DIRECTION('center_axis',(0.,0.,1.));
#6650=DIRECTION('ref_axis',(1.,0.,0.));
#6651=DIRECTION('center_axis',(0.,0.,1.));
#6652=DIRECTION('ref_axis',(1.,0.,0.));
#6653=DIRECTION('center_axis',(0.,0.,-1.));
#6654=DIRECTION('ref_axis',(1.,0.,0.));
#6655=DIRECTION('',(0.,0.,1.));
#6656=DIRECTION('center_axis',(0.,0.,1.));
#6657=DIRECTION('ref_axis',(1.,0.,0.));
#6658=DIRECTION('center_axis',(0.,0.,1.));
#6659=DIRECTION('ref_axis',(1.,0.,0.));
#6660=DIRECTION('center_axis',(0.,0.,-1.));
#6661=DIRECTION('ref_axis',(1.,0.,0.));
#6662=DIRECTION('',(0.,0.,1.));
#6663=DIRECTION('center_axis',(0.,0.,1.));
#6664=DIRECTION('ref_axis',(1.,0.,0.));
#6665=DIRECTION('center_axis',(0.,0.,1.));
#6666=DIRECTION('ref_axis',(1.,0.,0.));
#6667=DIRECTION('center_axis',(0.,0.,1.));
#6668=DIRECTION('ref_axis',(1.,0.,0.));
#6669=DIRECTION('',(0.,1.,0.));
#6670=DIRECTION('',(-0.707106781186548,0.707106781186548,0.));
#6671=DIRECTION('',(-1.,0.,0.));
#6672=DIRECTION('',(-0.707106781186548,-0.707106781186548,0.));
#6673=DIRECTION('',(0.,-1.,0.));
#6674=DIRECTION('',(0.707106781186548,-0.707106781186548,0.));
#6675=DIRECTION('',(1.,0.,0.));
#6676=DIRECTION('',(0.707106781186548,0.707106781186548,0.));
#6677=DIRECTION('center_axis',(0.,-1.,0.));
#6678=DIRECTION('ref_axis',(1.,0.,0.));
#6679=DIRECTION('center_axis',(0.,0.,1.));
#6680=DIRECTION('ref_axis',(1.,0.,0.));
#6681=DIRECTION('center_axis',(0.,-1.,0.));
#6682=DIRECTION('ref_axis',(1.,0.,0.));
#6683=DIRECTION('center_axis',(0.,0.,1.));
#6684=DIRECTION('ref_axis',(1.,0.,0.));
#6685=DIRECTION('center_axis',(0.,-1.,0.));
#6686=DIRECTION('ref_axis',(1.,0.,0.));
#6687=DIRECTION('center_axis',(0.,0.,1.));
#6688=DIRECTION('ref_axis',(1.,0.,0.));
#6689=DIRECTION('center_axis',(-1.,0.,0.));
#6690=DIRECTION('ref_axis',(0.,1.,0.));
#6691=DIRECTION('',(0.,0.,1.));
#6692=DIRECTION('',(0.,1.,0.));
#6693=DIRECTION('',(0.,0.,1.));
#6694=DIRECTION('center_axis',(-0.707106781186548,0.707106781186548,0.));
#6695=DIRECTION('ref_axis',(0.707106781186548,0.707106781186548,0.));
#6696=DIRECTION('',(0.,0.,1.));
#6697=DIRECTION('',(0.707106781186548,0.707106781186548,0.));
#6698=DIRECTION('center_axis',(-0.707106781186548,-0.707106781186548,0.));
#6699=DIRECTION('ref_axis',(-0.707106781186548,0.707106781186548,0.));
#6700=DIRECTION('',(-0.707106781186548,0.707106781186548,0.));
#6701=DIRECTION('',(0.,0.,1.));
#6702=DIRECTION('center_axis',(0.,1.,0.));
#6703=DIRECTION('ref_axis',(1.,0.,0.));
#6704=DIRECTION('',(0.,0.,1.));
#6705=DIRECTION('',(1.,0.,0.));
#6706=DIRECTION('center_axis',(0.,-1.,0.));
#6707=DIRECTION('ref_axis',(-1.,0.,0.));
#6708=DIRECTION('',(-1.,0.,0.));
#6709=DIRECTION('',(0.,0.,1.));
#6710=DIRECTION('center_axis',(0.707106781186548,0.707106781186548,0.));
#6711=DIRECTION('ref_axis',(0.707106781186548,-0.707106781186548,0.));
#6712=DIRECTION('',(0.,0.,1.));
#6713=DIRECTION('',(0.707106781186548,-0.707106781186548,0.));
#6714=DIRECTION('center_axis',(0.707106781186548,-0.707106781186548,0.));
#6715=DIRECTION('ref_axis',(-0.707106781186548,-0.707106781186548,0.));
#6716=DIRECTION('',(-0.707106781186548,-0.707106781186548,0.));
#6717=DIRECTION('',(0.,0.,1.));
#6718=DIRECTION('center_axis',(1.,0.,0.));
#6719=DIRECTION('ref_axis',(0.,-1.,0.));
#6720=DIRECTION('',(0.,-1.,0.));
#6721=DIRECTION('center_axis',(0.,0.,1.));
#6722=DIRECTION('ref_axis',(1.,0.,0.));
#6723=DIRECTION('center_axis',(0.,0.,1.));
#6724=DIRECTION('ref_axis',(1.,0.,0.));
#6725=DIRECTION('center_axis',(0.,0.,1.));
#6726=DIRECTION('ref_axis',(1.,0.,0.));
#6727=DIRECTION('center_axis',(0.,0.,1.));
#6728=DIRECTION('ref_axis',(1.,0.,0.));
#6729=DIRECTION('',(0.,1.,0.));
#6730=DIRECTION('',(-0.707106781186548,0.707106781186548,0.));
#6731=DIRECTION('',(-1.,0.,0.));
#6732=DIRECTION('',(0.,-1.,0.));
#6733=DIRECTION('',(1.,0.,0.));
#6734=DIRECTION('',(-1.,1.110223024625E-16,2.22044604925E-16));
#6735=DIRECTION('',(-0.707106781186548,-0.707106781186548,1.570092458683E-16));
#6736=DIRECTION('',(-1.110223024625E-16,-1.,1.232595164408E-32));
#6737=DIRECTION('',(1.,-1.110223024625E-16,-2.22044604925E-16));
#6738=DIRECTION('',(1.110223024625E-16,1.,-1.232595164408E-32));
#6739=DIRECTION('',(1.,-2.22044604925E-16,2.465190328816E-32));
#6740=DIRECTION('',(0.707106781186548,0.707106781186548,-1.570092458683E-16));
#6741=DIRECTION('',(2.22044604925E-16,1.,-2.22044604925E-16));
#6742=DIRECTION('',(-1.,2.22044604925E-16,-2.465190328816E-32));
#6743=DIRECTION('',(-2.22044604925E-16,-1.,2.22044604925E-16));
#6744=DIRECTION('',(-1.224646799147E-16,-1.,2.22044604925E-16));
#6745=DIRECTION('',(0.707106781186548,-0.707106781186548,2.46519032881442E-32));
#6746=DIRECTION('',(1.,-1.224646799147E-16,-2.22044604925E-16));
#6747=DIRECTION('',(1.224646799147E-16,1.,-2.22044604925E-16));
#6748=DIRECTION('',(-1.,1.224646799147E-16,2.22044604925E-16));
#6749=DIRECTION('center_axis',(1.,0.,0.));
#6750=DIRECTION('ref_axis',(0.,1.,0.));
#6751=DIRECTION('',(0.,0.,-1.));
#6752=DIRECTION('',(0.,0.,-1.));
#6753=DIRECTION('',(0.,1.,0.));
#6754=DIRECTION('center_axis',(0.707106781186548,0.707106781186548,0.));
#6755=DIRECTION('ref_axis',(-0.707106781186548,0.707106781186548,0.));
#6756=DIRECTION('',(0.,0.,-1.));
#6757=DIRECTION('',(-0.707106781186548,0.707106781186548,0.));
#6758=DIRECTION('center_axis',(0.,-1.,0.));
#6759=DIRECTION('ref_axis',(1.,0.,0.));
#6760=DIRECTION('',(0.,0.,-1.));
#6761=DIRECTION('',(1.,0.,0.));
#6762=DIRECTION('center_axis',(0.,1.,0.));
#6763=DIRECTION('ref_axis',(-1.,0.,0.));
#6764=DIRECTION('',(0.,0.,-1.));
#6765=DIRECTION('',(-1.,0.,0.));
#6766=DIRECTION('center_axis',(-1.,0.,0.));
#6767=DIRECTION('ref_axis',(0.,-1.,0.));
#6768=DIRECTION('',(0.,-1.,0.));
#6769=DIRECTION('center_axis',(1.110223024625E-16,1.,-1.232595164408E-32));
#6770=DIRECTION('ref_axis',(-1.,1.110223024625E-16,2.22044604925E-16));
#6771=DIRECTION('',(-2.22044604925E-16,1.232595164408E-32,-1.));
#6772=DIRECTION('',(-2.22044604925E-16,1.232595164408E-32,-1.));
#6773=DIRECTION('',(-1.,1.110223024625E-16,2.22044604925E-16));
#6774=DIRECTION('center_axis',(-0.707106781186548,0.707106781186548,1.570092458683E-16));
#6775=DIRECTION('ref_axis',(-0.707106781186548,-0.707106781186548,1.570092458683E-16));
#6776=DIRECTION('',(-2.22044604925E-16,1.232595164408E-32,-1.));
#6777=DIRECTION('',(-0.707106781186548,-0.707106781186548,1.570092458683E-16));
#6778=DIRECTION('center_axis',(-1.,1.110223024625E-16,2.22044604925E-16));
#6779=DIRECTION('ref_axis',(-1.110223024625E-16,-1.,1.232595164408E-32));
#6780=DIRECTION('',(-2.22044604925E-16,1.232595164408E-32,-1.));
#6781=DIRECTION('',(-1.110223024625E-16,-1.,1.232595164408E-32));
#6782=DIRECTION('center_axis',(-1.110223024625E-16,-1.,1.232595164408E-32));
#6783=DIRECTION('ref_axis',(1.,-1.110223024625E-16,-2.22044604925E-16));
#6784=DIRECTION('',(-2.22044604925E-16,1.232595164408E-32,-1.));
#6785=DIRECTION('',(1.,-1.110223024625E-16,-2.22044604925E-16));
#6786=DIRECTION('center_axis',(1.,-1.110223024625E-16,-2.22044604925E-16));
#6787=DIRECTION('ref_axis',(1.110223024625E-16,1.,-1.232595164408E-32));
#6788=DIRECTION('',(1.110223024625E-16,1.,-1.232595164408E-32));
#6789=DIRECTION('center_axis',(-2.22044604925E-16,-1.,2.22044604925E-16));
#6790=DIRECTION('ref_axis',(1.,-2.22044604925E-16,2.465190328816E-32));
#6791=DIRECTION('',(-2.465190328816E-32,-2.22044604925E-16,-1.));
#6792=DIRECTION('',(-2.465190328816E-32,-2.22044604925E-16,-1.));
#6793=DIRECTION('',(1.,-2.22044604925E-16,2.465190328816E-32));
#6794=DIRECTION('center_axis',(0.707106781186548,-0.707106781186548,1.570092458683E-16));
#6795=DIRECTION('ref_axis',(0.707106781186548,0.707106781186548,-1.570092458683E-16));
#6796=DIRECTION('',(-2.465190328816E-32,-2.22044604925E-16,-1.));
#6797=DIRECTION('',(0.707106781186548,0.707106781186548,-1.570092458683E-16));
#6798=DIRECTION('center_axis',(1.,-2.22044604925E-16,2.465190328816E-32));
#6799=DIRECTION('ref_axis',(2.22044604925E-16,1.,-2.22044604925E-16));
#6800=DIRECTION('',(-2.465190328816E-32,-2.22044604925E-16,-1.));
#6801=DIRECTION('',(2.22044604925E-16,1.,-2.22044604925E-16));
#6802=DIRECTION('center_axis',(2.22044604925E-16,1.,-2.22044604925E-16));
#6803=DIRECTION('ref_axis',(-1.,2.22044604925E-16,-2.465190328816E-32));
#6804=DIRECTION('',(-2.465190328816E-32,-2.22044604925E-16,-1.));
#6805=DIRECTION('',(-1.,2.22044604925E-16,-2.465190328816E-32));
#6806=DIRECTION('center_axis',(-1.,2.22044604925E-16,-2.465190328816E-32));
#6807=DIRECTION('ref_axis',(-2.22044604925E-16,-1.,2.22044604925E-16));
#6808=DIRECTION('',(-2.22044604925E-16,-1.,2.22044604925E-16));
#6809=DIRECTION('center_axis',(-1.,1.224646799147E-16,2.22044604925E-16));
#6810=DIRECTION('ref_axis',(-1.224646799147E-16,-1.,2.22044604925E-16));
#6811=DIRECTION('',(-2.22044604925E-16,-2.22044604925E-16,-1.));
#6812=DIRECTION('',(-2.22044604925E-16,-2.22044604925E-16,-1.));
#6813=DIRECTION('',(-1.224646799147E-16,-1.,2.22044604925E-16));
#6814=DIRECTION('center_axis',(-0.707106781186548,-0.707106781186548,3.14018491736599E-16));
#6815=DIRECTION('ref_axis',(0.707106781186548,-0.707106781186548,0.));
#6816=DIRECTION('',(-2.22044604925E-16,-2.22044604925E-16,-1.));
#6817=DIRECTION('',(0.707106781186548,-0.707106781186548,2.46519032881442E-32));
#6818=DIRECTION('center_axis',(-1.224646799147E-16,-1.,2.22044604925E-16));
#6819=DIRECTION('ref_axis',(1.,-1.224646799147E-16,-2.22044604925E-16));
#6820=DIRECTION('',(-2.22044604925E-16,-2.22044604925E-16,-1.));
#6821=DIRECTION('',(1.,-1.224646799147E-16,-2.22044604925E-16));
#6822=DIRECTION('center_axis',(1.,-1.224646799147E-16,-2.22044604925E-16));
#6823=DIRECTION('ref_axis',(1.224646799147E-16,1.,-2.22044604925E-16));
#6824=DIRECTION('',(-2.22044604925E-16,-2.22044604925E-16,-1.));
#6825=DIRECTION('',(1.224646799147E-16,1.,-2.22044604925E-16));
#6826=DIRECTION('center_axis',(1.224646799147E-16,1.,-2.22044604925E-16));
#6827=DIRECTION('ref_axis',(-1.,1.224646799147E-16,2.22044604925E-16));
#6828=DIRECTION('',(-1.,1.224646799147E-16,2.22044604925E-16));
#6829=DIRECTION('center_axis',(0.,0.,1.));
#6830=DIRECTION('ref_axis',(1.,0.,0.));
#6831=DIRECTION('center_axis',(2.22044604925E-16,-1.232595164408E-32,1.));
#6832=DIRECTION('ref_axis',(1.110223024625E-16,1.,-1.23259516440697E-32));
#6833=DIRECTION('center_axis',(2.465190328816E-32,2.22044604925E-16,1.));
#6834=DIRECTION('ref_axis',(-2.22044604925E-16,-1.,2.22044604925E-16));
#6835=DIRECTION('center_axis',(2.22044604925E-16,2.22044604925E-16,1.));
#6836=DIRECTION('ref_axis',(-1.,1.224646799147E-16,2.22044604925E-16));
#6837=DIRECTION('axis',(0.,0.,1.));
#6838=DIRECTION('refdir',(1.,0.,0.));
#6839=DIRECTION('center_axis',(0.,1.,0.));
#6840=DIRECTION('ref_axis',(1.,0.,0.));
#6841=DIRECTION('',(0.,0.,1.));
#6842=DIRECTION('',(1.,0.,0.));
#6843=DIRECTION('',(0.,0.,1.));
#6844=DIRECTION('',(1.,0.,0.));
#6845=DIRECTION('center_axis',(0.,0.,-1.));
#6846=DIRECTION('ref_axis',(1.,0.,0.));
#6847=DIRECTION('center_axis',(0.,0.,1.));
#6848=DIRECTION('ref_axis',(1.,0.,0.));
#6849=DIRECTION('',(0.,0.,1.));
#6850=DIRECTION('center_axis',(0.,0.,1.));
#6851=DIRECTION('ref_axis',(1.,0.,0.));
#6852=DIRECTION('center_axis',(-1.,0.,0.));
#6853=DIRECTION('ref_axis',(0.,1.,0.));
#6854=DIRECTION('',(0.,1.,0.));
#6855=DIRECTION('',(0.,0.,1.));
#6856=DIRECTION('',(0.,1.,0.));
#6857=DIRECTION('center_axis',(0.,0.,-1.));
#6858=DIRECTION('ref_axis',(1.,0.,0.));
#6859=DIRECTION('center_axis',(0.,0.,1.));
#6860=DIRECTION('ref_axis',(1.,0.,0.));
#6861=DIRECTION('',(0.,0.,1.));
#6862=DIRECTION('center_axis',(0.,0.,1.));
#6863=DIRECTION('ref_axis',(1.,0.,0.));
#6864=DIRECTION('center_axis',(0.,-1.,0.));
#6865=DIRECTION('ref_axis',(-1.,0.,0.));
#6866=DIRECTION('',(-1.,0.,0.));
#6867=DIRECTION('',(0.,0.,1.));
#6868=DIRECTION('',(-1.,0.,0.));
#6869=DIRECTION('center_axis',(0.,0.,-1.));
#6870=DIRECTION('ref_axis',(1.,0.,0.));
#6871=DIRECTION('center_axis',(0.,0.,1.));
#6872=DIRECTION('ref_axis',(1.,0.,0.));
#6873=DIRECTION('',(0.,0.,1.));
#6874=DIRECTION('center_axis',(0.,0.,1.));
#6875=DIRECTION('ref_axis',(1.,0.,0.));
#6876=DIRECTION('center_axis',(1.,0.,0.));
#6877=DIRECTION('ref_axis',(0.,-1.,0.));
#6878=DIRECTION('',(0.,-1.,0.));
#6879=DIRECTION('',(0.,0.,1.));
#6880=DIRECTION('',(0.,-1.,0.));
#6881=DIRECTION('center_axis',(0.,0.,-1.));
#6882=DIRECTION('ref_axis',(1.,0.,0.));
#6883=DIRECTION('center_axis',(0.,0.,1.));
#6884=DIRECTION('ref_axis',(1.,0.,0.));
#6885=DIRECTION('center_axis',(0.,0.,1.));
#6886=DIRECTION('ref_axis',(1.,0.,0.));
#6887=DIRECTION('center_axis',(0.,0.,-1.));
#6888=DIRECTION('ref_axis',(1.,0.,0.));
#6889=DIRECTION('center_axis',(0.,0.,1.));
#6890=DIRECTION('ref_axis',(1.,0.,0.));
#6891=DIRECTION('',(0.,0.,-1.));
#6892=DIRECTION('center_axis',(0.,0.,1.));
#6893=DIRECTION('ref_axis',(1.,0.,0.));
#6894=DIRECTION('center_axis',(0.,0.,-1.));
#6895=DIRECTION('ref_axis',(1.,0.,0.));
#6896=DIRECTION('center_axis',(0.,0.,1.));
#6897=DIRECTION('ref_axis',(1.,0.,0.));
#6898=DIRECTION('',(0.,0.,-1.));
#6899=DIRECTION('center_axis',(0.,0.,1.));
#6900=DIRECTION('ref_axis',(1.,0.,0.));
#6901=DIRECTION('center_axis',(0.,0.,-1.));
#6902=DIRECTION('ref_axis',(1.,0.,0.));
#6903=DIRECTION('center_axis',(0.,0.,1.));
#6904=DIRECTION('ref_axis',(1.,0.,0.));
#6905=DIRECTION('',(0.,0.,-1.));
#6906=DIRECTION('center_axis',(0.,0.,1.));
#6907=DIRECTION('ref_axis',(1.,0.,0.));
#6908=DIRECTION('center_axis',(0.,0.,-1.));
#6909=DIRECTION('ref_axis',(1.,0.,0.));
#6910=DIRECTION('center_axis',(0.,0.,1.));
#6911=DIRECTION('ref_axis',(1.,0.,0.));
#6912=DIRECTION('',(0.,0.,-1.));
#6913=DIRECTION('center_axis',(0.,0.,1.));
#6914=DIRECTION('ref_axis',(1.,0.,0.));
#6915=DIRECTION('center_axis',(0.,0.,-1.));
#6916=DIRECTION('ref_axis',(1.,0.,0.));
#6917=DIRECTION('center_axis',(0.,0.,1.));
#6918=DIRECTION('ref_axis',(1.,0.,0.));
#6919=DIRECTION('',(0.,0.,-1.));
#6920=DIRECTION('center_axis',(0.,0.,1.));
#6921=DIRECTION('ref_axis',(1.,0.,0.));
#6922=DIRECTION('center_axis',(0.,0.,1.));
#6923=DIRECTION('ref_axis',(1.,0.,0.));
#6924=DIRECTION('center_axis',(0.,0.,1.));
#6925=DIRECTION('ref_axis',(1.,0.,0.));
#6926=DIRECTION('axis',(0.,0.,1.));
#6927=DIRECTION('refdir',(1.,0.,0.));
#6928=DIRECTION('center_axis',(0.,0.,1.));
#6929=DIRECTION('ref_axis',(1.,0.,0.));
#6930=DIRECTION('',(0.,-1.,0.));
#6931=DIRECTION('center_axis',(0.,0.,-1.));
#6932=DIRECTION('ref_axis',(0.,-1.,0.));
#6933=DIRECTION('',(-1.,0.,0.));
#6934=DIRECTION('center_axis',(0.,0.,-1.));
#6935=DIRECTION('ref_axis',(0.,-1.,0.));
#6936=DIRECTION('',(0.,1.,0.));
#6937=DIRECTION('center_axis',(0.,0.,1.));
#6938=DIRECTION('ref_axis',(0.,-1.,0.));
#6939=DIRECTION('',(1.,0.,0.));
#6940=DIRECTION('center_axis',(0.,0.,1.));
#6941=DIRECTION('ref_axis',(0.,-1.,0.));
#6942=DIRECTION('',(0.,-1.,0.));
#6943=DIRECTION('',(1.,0.,0.));
#6944=DIRECTION('',(0.,1.,0.));
#6945=DIRECTION('',(-1.,0.,0.));
#6946=DIRECTION('center_axis',(1.,0.,0.));
#6947=DIRECTION('ref_axis',(0.,-1.,0.));
#6948=DIRECTION('',(0.,0.,1.));
#6949=DIRECTION('',(0.,-1.,0.));
#6950=DIRECTION('',(0.,0.,1.));
#6951=DIRECTION('center_axis',(0.,0.,1.));
#6952=DIRECTION('ref_axis',(-1.,0.,0.));
#6953=DIRECTION('center_axis',(6.E-17,0.,1.));
#6954=DIRECTION('ref_axis',(-1.,0.,6.E-17));
#6955=DIRECTION('',(0.,0.,1.));
#6956=DIRECTION('center_axis',(0.,0.,1.));
#6957=DIRECTION('ref_axis',(-1.,0.,0.));
#6958=DIRECTION('',(0.,0.,1.));
#6959=DIRECTION('center_axis',(0.,6.E-17,1.));
#6960=DIRECTION('ref_axis',(0.,-1.,6.E-17));
#6961=DIRECTION('center_axis',(0.,-1.,0.));
#6962=DIRECTION('ref_axis',(-1.,0.,0.));
#6963=DIRECTION('',(-1.,0.,0.));
#6964=DIRECTION('',(0.,0.,1.));
#6965=DIRECTION('center_axis',(0.,1.,0.));
#6966=DIRECTION('ref_axis',(1.,0.,0.));
#6967=DIRECTION('',(0.,0.,1.));
#6968=DIRECTION('',(1.,0.,0.));
#6969=DIRECTION('center_axis',(0.,0.,1.));
#6970=DIRECTION('ref_axis',(0.,1.,0.));
#6971=DIRECTION('center_axis',(0.,-6.E-17,1.));
#6972=DIRECTION('ref_axis',(0.,1.,6.E-17));
#6973=DIRECTION('',(0.,0.,1.));
#6974=DIRECTION('center_axis',(0.,0.,1.));
#6975=DIRECTION('ref_axis',(0.,-1.,0.));
#6976=DIRECTION('',(0.,0.,1.));
#6977=DIRECTION('center_axis',(0.,-6.E-17,-1.));
#6978=DIRECTION('ref_axis',(0.,-1.,6.E-17));
#6979=DIRECTION('center_axis',(-1.,0.,0.));
#6980=DIRECTION('ref_axis',(0.,1.,0.));
#6981=DIRECTION('',(0.,1.,0.));
#6982=DIRECTION('center_axis',(1.,0.,0.));
#6983=DIRECTION('ref_axis',(0.,-1.,0.));
#6984=DIRECTION('',(0.,0.,1.));
#6985=DIRECTION('',(0.,-1.,0.));
#6986=DIRECTION('',(0.,0.,1.));
#6987=DIRECTION('center_axis',(0.,1.,0.));
#6988=DIRECTION('ref_axis',(1.,0.,0.));
#6989=DIRECTION('',(1.,0.,0.));
#6990=DIRECTION('',(0.,0.,1.));
#6991=DIRECTION('center_axis',(-1.,0.,0.));
#6992=DIRECTION('ref_axis',(0.,1.,0.));
#6993=DIRECTION('',(0.,1.,0.));
#6994=DIRECTION('',(0.,0.,1.));
#6995=DIRECTION('center_axis',(0.,-1.,0.));
#6996=DIRECTION('ref_axis',(-1.,0.,0.));
#6997=DIRECTION('',(-1.,0.,0.));
#6998=DIRECTION('center_axis',(0.,-1.,0.));
#6999=DIRECTION('ref_axis',(-1.,0.,0.));
#7000=DIRECTION('center_axis',(0.,1.,0.));
#7001=DIRECTION('ref_axis',(0.,0.,1.));
#7002=DIRECTION('',(0.,-1.,0.));
#7003=DIRECTION('center_axis',(0.,-1.,0.));
#7004=DIRECTION('ref_axis',(0.,0.,1.));
#7005=DIRECTION('center_axis',(0.,-1.,0.));
#7006=DIRECTION('ref_axis',(0.,0.,1.));
#7007=DIRECTION('center_axis',(1.,0.,0.));
#7008=DIRECTION('ref_axis',(0.,0.,1.));
#7009=DIRECTION('center_axis',(1.,0.,0.));
#7010=DIRECTION('ref_axis',(0.,0.,1.));
#7011=DIRECTION('center_axis',(1.,0.,0.));
#7012=DIRECTION('ref_axis',(0.,0.,1.));
#7013=DIRECTION('center_axis',(-1.,0.,0.));
#7014=DIRECTION('ref_axis',(0.,1.,0.));
#7015=DIRECTION('',(-1.,0.,0.));
#7016=DIRECTION('center_axis',(-1.,0.,0.));
#7017=DIRECTION('ref_axis',(0.,0.,1.));
#7018=DIRECTION('center_axis',(1.,0.,0.));
#7019=DIRECTION('ref_axis',(0.,-1.,0.));
#7020=DIRECTION('center_axis',(1.,0.,0.));
#7021=DIRECTION('ref_axis',(0.,0.,1.));
#7022=DIRECTION('',(1.,0.,0.));
#7023=DIRECTION('center_axis',(-1.,0.,0.));
#7024=DIRECTION('ref_axis',(0.,0.,1.));
#7025=DIRECTION('center_axis',(0.,-1.,0.));
#7026=DIRECTION('ref_axis',(0.,0.,1.));
#7027=DIRECTION('center_axis',(-1.,0.,0.));
#7028=DIRECTION('ref_axis',(0.,0.,1.));
#7029=DIRECTION('center_axis',(0.,-1.,0.));
#7030=DIRECTION('ref_axis',(0.,0.,1.));
#7031=DIRECTION('center_axis',(0.,1.,0.));
#7032=DIRECTION('ref_axis',(1.,0.,0.));
#7033=DIRECTION('',(0.,1.,0.));
#7034=DIRECTION('center_axis',(0.,0.,1.));
#7035=DIRECTION('ref_axis',(1.,0.,0.));
#7036=DIRECTION('center_axis',(0.,0.,1.));
#7037=DIRECTION('ref_axis',(1.,0.,0.));
#7038=DIRECTION('center_axis',(0.,0.,1.));
#7039=DIRECTION('ref_axis',(1.,0.,0.));
#7040=DIRECTION('center_axis',(0.,0.,1.));
#7041=DIRECTION('ref_axis',(1.,0.,0.));
#7042=DIRECTION('center_axis',(0.,0.,-1.));
#7043=DIRECTION('ref_axis',(1.,0.,0.));
#7044=DIRECTION('center_axis',(0.,0.,1.));
#7045=DIRECTION('ref_axis',(1.,0.,0.));
#7046=DIRECTION('',(0.,0.,1.));
#7047=DIRECTION('center_axis',(0.,0.,1.));
#7048=DIRECTION('ref_axis',(1.,0.,0.));
#7049=DIRECTION('center_axis',(0.,0.,1.));
#7050=DIRECTION('ref_axis',(1.,0.,0.));
#7051=DIRECTION('',(0.,0.,1.));
#7052=DIRECTION('center_axis',(0.,0.,1.));
#7053=DIRECTION('ref_axis',(1.,0.,0.));
#7054=DIRECTION('center_axis',(0.,0.,1.));
#7055=DIRECTION('ref_axis',(1.,0.,0.));
#7056=DIRECTION('axis',(0.,0.,1.));
#7057=DIRECTION('refdir',(1.,0.,0.));
#7058=DIRECTION('center_axis',(1.,0.,0.));
#7059=DIRECTION('ref_axis',(0.,-1.,0.));
#7060=DIRECTION('',(0.,0.,1.));
#7061=DIRECTION('',(0.,-1.,0.));
#7062=DIRECTION('',(0.,0.,1.));
#7063=DIRECTION('',(0.,-1.,0.));
#7064=DIRECTION('center_axis',(0.,0.,1.));
#7065=DIRECTION('ref_axis',(1.,0.,0.));
#7066=DIRECTION('',(-1.,0.,0.));
#7067=DIRECTION('',(0.,1.,0.));
#7068=DIRECTION('',(1.,0.,0.));
#7069=DIRECTION('center_axis',(0.,0.,1.));
#7070=DIRECTION('ref_axis',(1.,0.,0.));
#7071=DIRECTION('',(1.,0.,0.));
#7072=DIRECTION('',(0.,1.,0.));
#7073=DIRECTION('',(-1.,0.,0.));
#7074=DIRECTION('center_axis',(0.,-1.,0.));
#7075=DIRECTION('ref_axis',(0.,0.,1.));
#7076=DIRECTION('center_axis',(0.,1.,0.));
#7077=DIRECTION('ref_axis',(0.,0.,1.));
#7078=DIRECTION('',(0.,-1.,0.));
#7079=DIRECTION('center_axis',(0.,1.,0.));
#7080=DIRECTION('ref_axis',(0.,0.,1.));
#7081=DIRECTION('center_axis',(0.,1.,0.));
#7082=DIRECTION('ref_axis',(0.,0.,1.));
#7083=DIRECTION('center_axis',(0.,1.,0.));
#7084=DIRECTION('ref_axis',(0.,0.,1.));
#7085=DIRECTION('',(0.,1.,0.));
#7086=DIRECTION('center_axis',(0.,1.,0.));
#7087=DIRECTION('ref_axis',(0.,0.,1.));
#7088=DIRECTION('center_axis',(0.939692620785813,0.,0.342020143325932));
#7089=DIRECTION('ref_axis',(0.342020143325932,0.,-0.939692620785813));
#7090=DIRECTION('',(-0.342020143325932,0.,0.939692620785813));
#7091=DIRECTION('',(0.,1.,0.));
#7092=DIRECTION('',(0.342020143325932,0.,-0.939692620785813));
#7093=DIRECTION('center_axis',(0.939692620785813,0.,0.342020143325932));
#7094=DIRECTION('ref_axis',(0.342020143325932,0.,-0.939692620785813));
#7095=DIRECTION('',(0.342020143325932,0.,-0.939692620785813));
#7096=DIRECTION('',(0.,1.,0.));
#7097=DIRECTION('',(-0.342020143325932,0.,0.939692620785813));
#7098=DIRECTION('center_axis',(0.,-1.,0.));
#7099=DIRECTION('ref_axis',(0.939692620785813,0.,0.342020143325932));
#7100=DIRECTION('center_axis',(0.,1.,0.));
#7101=DIRECTION('ref_axis',(0.939692620785813,0.,0.342020143325932));
#7102=DIRECTION('',(0.,-1.,0.));
#7103=DIRECTION('center_axis',(0.,1.,0.));
#7104=DIRECTION('ref_axis',(0.939692620785813,0.,0.342020143325932));
#7105=DIRECTION('center_axis',(0.,1.,0.));
#7106=DIRECTION('ref_axis',(0.939692620785813,0.,0.342020143325932));
#7107=DIRECTION('center_axis',(0.,1.,0.));
#7108=DIRECTION('ref_axis',(0.939692620785813,0.,0.342020143325932));
#7109=DIRECTION('',(0.,1.,0.));
#7110=DIRECTION('center_axis',(0.,1.,0.));
#7111=DIRECTION('ref_axis',(0.939692620785813,0.,0.342020143325932));
#7112=DIRECTION('center_axis',(0.939692620785813,0.,-0.342020143325932));
#7113=DIRECTION('ref_axis',(0.342020143325932,0.,0.939692620785813));
#7114=DIRECTION('',(0.342020143325932,0.,0.939692620785813));
#7115=DIRECTION('',(-0.33856223725996,-0.141838869728983,-0.93019210195289));
#7116=DIRECTION('',(0.,1.,0.));
#7117=DIRECTION('',(-0.33856223725996,0.141838869728983,-0.93019210195289));
#7118=DIRECTION('',(-0.342020143325932,0.,-0.939692620785813));
#7119=DIRECTION('center_axis',(0.939692620785813,0.,-0.342020143325932));
#7120=DIRECTION('ref_axis',(0.342020143325932,0.,0.939692620785813));
#7121=DIRECTION('',(-0.342020143325932,0.,-0.939692620785813));
#7122=DIRECTION('',(-0.33856223725996,0.141838869728983,-0.93019210195289));
#7123=DIRECTION('',(0.,1.,0.));
#7124=DIRECTION('',(-0.33856223725996,-0.141838869728983,-0.93019210195289));
#7125=DIRECTION('',(0.342020143325932,0.,0.939692620785813));
#7126=DIRECTION('center_axis',(0.,-0.988573285722492,0.150741032090923));
#7127=DIRECTION('ref_axis',(0.,0.150741032090923,0.988573285722492));
#7128=DIRECTION('',(-5.48768411669018E-17,-0.150741032090923,-0.988573285722492));
#7129=DIRECTION('center_axis',(0.,-0.988573285722492,0.150741032090923));
#7130=DIRECTION('ref_axis',(0.,0.150741032090923,0.988573285722492));
#7131=DIRECTION('',(-1.,0.,0.));
#7132=DIRECTION('center_axis',(0.,-0.988573285722492,0.150741032090923));
#7133=DIRECTION('ref_axis',(0.,-0.150741032090923,-0.988573285722492));
#7134=DIRECTION('',(-5.48768411669018E-17,-0.150741032090923,-0.988573285722492));
#7135=DIRECTION('',(1.,0.,0.));
#7136=DIRECTION('center_axis',(0.,-0.988573285722492,-0.150741032090923));
#7137=DIRECTION('ref_axis',(0.,-0.150741032090923,0.988573285722492));
#7138=DIRECTION('',(-5.48768411669018E-17,0.150741032090923,-0.988573285722492));
#7139=DIRECTION('',(1.,0.,0.));
#7140=DIRECTION('',(-5.48768411669018E-17,0.150741032090923,-0.988573285722492));
#7141=DIRECTION('center_axis',(0.,-0.988573285722492,-0.150741032090923));
#7142=DIRECTION('ref_axis',(0.,-0.150741032090923,0.988573285722492));
#7143=DIRECTION('',(-1.,0.,0.));
#7144=DIRECTION('center_axis',(0.,-0.988573285722492,-0.150741032090923));
#7145=DIRECTION('ref_axis',(0.,0.150741032090923,-0.988573285722492));
#7146=DIRECTION('center_axis',(0.,1.,0.));
#7147=DIRECTION('ref_axis',(-0.939692620785813,0.,0.342020143325932));
#7148=DIRECTION('',(0.,1.,0.));
#7149=DIRECTION('center_axis',(0.,-1.,0.));
#7150=DIRECTION('ref_axis',(-0.939692620785813,0.,0.342020143325932));
#7151=DIRECTION('',(0.,-1.,0.));
#7152=DIRECTION('center_axis',(1.,0.,-5.551115123126E-17));
#7153=DIRECTION('ref_axis',(5.551115123126E-17,0.,1.));
#7154=DIRECTION('center_axis',(-1.,0.,0.));
#7155=DIRECTION('ref_axis',(0.,1.,0.));
#7156=DIRECTION('center_axis',(1.,0.,-5.551115123126E-17));
#7157=DIRECTION('ref_axis',(5.551115123126E-17,0.,1.));
#7158=DIRECTION('center_axis',(-1.,0.,0.));
#7159=DIRECTION('ref_axis',(0.,1.,0.));
#7160=DIRECTION('center_axis',(-1.,0.,0.));
#7161=DIRECTION('ref_axis',(0.,1.,0.));
#7162=DIRECTION('center_axis',(0.,1.,0.));
#7163=DIRECTION('ref_axis',(0.,0.,1.));
#7164=DIRECTION('center_axis',(0.,-1.,0.));
#7165=DIRECTION('ref_axis',(0.,0.,-1.));
#7166=DIRECTION('',(0.,0.,1.));
#7167=DIRECTION('',(1.,0.,0.));
#7168=DIRECTION('',(0.,0.,1.));
#7169=DIRECTION('',(1.,0.,0.));
#7170=DIRECTION('',(0.,0.,1.));
#7171=DIRECTION('',(1.,0.,0.));
#7172=DIRECTION('',(0.,0.,1.));
#7173=DIRECTION('',(1.,0.,0.));
#7174=DIRECTION('',(0.,0.,1.));
#7175=DIRECTION('',(1.,0.,0.));
#7176=DIRECTION('',(0.,0.,1.));
#7177=DIRECTION('',(-0.999999999999996,-8.74227755628297E-8,0.));
#7178=DIRECTION('',(0.,0.,1.));
#7179=DIRECTION('',(-0.999999999999996,-8.74227617960697E-8,0.));
#7180=DIRECTION('axis',(0.,0.,1.));
#7181=DIRECTION('refdir',(1.,0.,0.));
#7182=DIRECTION('center_axis',(0.,-2.22044604925E-16,-1.));
#7183=DIRECTION('ref_axis',(1.,0.,0.));
#7184=DIRECTION('center_axis',(0.,-2.22044604925E-16,-1.));
#7185=DIRECTION('ref_axis',(1.,0.,0.));
#7186=DIRECTION('center_axis',(0.,2.22044604925E-16,1.));
#7187=DIRECTION('ref_axis',(1.,0.,0.));
#7188=DIRECTION('center_axis',(0.,-2.22044604925E-16,-1.));
#7189=DIRECTION('ref_axis',(1.,0.,0.));
#7190=DIRECTION('center_axis',(1.22464679914735E-16,-1.,2.22044604925E-16));
#7191=DIRECTION('ref_axis',(-1.,-1.22464679914735E-16,0.));
#7192=DIRECTION('center_axis',(0.,2.22044604925E-16,1.));
#7193=DIRECTION('ref_axis',(1.,0.,0.));
#7194=DIRECTION('center_axis',(0.,-2.22044604925E-16,-1.));
#7195=DIRECTION('ref_axis',(1.,0.,0.));
#7196=DIRECTION('',(0.01162712096187,-2.20605683672155E-16,-0.999932402744375));
#7197=DIRECTION('center_axis',(0.,-2.22044604925E-16,-1.));
#7198=DIRECTION('ref_axis',(1.,0.,0.));
#7199=DIRECTION('center_axis',(0.,-2.22044604925E-16,-1.));
#7200=DIRECTION('ref_axis',(1.,0.,0.));
#7201=DIRECTION('center_axis',(0.,2.22044604925E-16,1.));
#7202=DIRECTION('ref_axis',(1.,0.,0.));
#7203=DIRECTION('center_axis',(0.,-2.22044604925E-16,-1.));
#7204=DIRECTION('ref_axis',(1.,0.,0.));
#7205=DIRECTION('',(0.,-2.22044604925E-16,-1.));
#7206=DIRECTION('center_axis',(0.,-2.22044604925E-16,-1.));
#7207=DIRECTION('ref_axis',(1.,0.,0.));
#7208=DIRECTION('center_axis',(0.,-2.22044604925E-16,-1.));
#7209=DIRECTION('ref_axis',(1.,0.,0.));
#7210=DIRECTION('center_axis',(0.,2.22044604925E-16,1.));
#7211=DIRECTION('ref_axis',(1.,0.,0.));
#7212=DIRECTION('center_axis',(0.,-2.22044604925E-16,-1.));
#7213=DIRECTION('ref_axis',(1.,0.,0.));
#7214=DIRECTION('',(-0.0116496964873745,0.,-0.999932139983385));
#7215=DIRECTION('center_axis',(0.,-2.22044604925E-16,-1.));
#7216=DIRECTION('ref_axis',(1.,0.,0.));
#7217=DIRECTION('',(0.,-0.0116496964873905,0.999932139983385));
#7218=DIRECTION('center_axis',(0.,-2.22044604925E-16,-1.));
#7219=DIRECTION('ref_axis',(1.,0.,0.));
#7220=DIRECTION('',(0.,0.0116496964873745,-0.999932139983385));
#7221=DIRECTION('center_axis',(0.,-2.22044604925E-16,-1.));
#7222=DIRECTION('ref_axis',(1.,0.,0.));
#7223=DIRECTION('',(-0.0116496964873905,0.,0.999932139983385));
#7224=DIRECTION('center_axis',(0.,-2.22044604925E-16,-1.));
#7225=DIRECTION('ref_axis',(1.,0.,0.));
#7226=DIRECTION('',(-0.01162712096205,2.20605683672133E-16,0.999932402744372));
#7227=DIRECTION('center_axis',(0.,-2.22044604925E-16,-1.));
#7228=DIRECTION('ref_axis',(1.,0.,0.));
#7229=DIRECTION('',(0.0116496964873745,0.,-0.999932139983385));
#7230=DIRECTION('center_axis',(0.,-2.22044604925E-16,-1.));
#7231=DIRECTION('ref_axis',(1.,0.,0.));
#7232=DIRECTION('',(0.,0.0116496964873905,0.999932139983385));
#7233=DIRECTION('center_axis',(0.,-2.22044604925E-16,-1.));
#7234=DIRECTION('ref_axis',(1.,0.,0.));
#7235=DIRECTION('',(0.,-0.0116496964873745,-0.999932139983385));
#7236=DIRECTION('center_axis',(0.,-2.22044604925E-16,-1.));
#7237=DIRECTION('ref_axis',(1.,0.,0.));
#7238=DIRECTION('',(0.0116496964873905,0.,0.999932139983385));
#7239=DIRECTION('center_axis',(0.,4.930380657631E-32,1.));
#7240=DIRECTION('ref_axis',(1.,0.,0.));
#7241=DIRECTION('',(-1.,0.,0.));
#7242=DIRECTION('',(0.,-1.,4.930380657631E-32));
#7243=DIRECTION('',(1.,0.,0.));
#7244=DIRECTION('center_axis',(0.,1.,-4.930380657631E-32));
#7245=DIRECTION('ref_axis',(1.,0.,0.));
#7246=DIRECTION('',(1.,0.,0.));
#7247=DIRECTION('',(0.,4.930380657631E-32,1.));
#7248=DIRECTION('center_axis',(0.,-2.22044604925E-16,-1.));
#7249=DIRECTION('ref_axis',(1.,0.,0.));
#7250=DIRECTION('',(0.,1.,-1.479114197289E-31));
#7251=DIRECTION('',(1.,0.,0.));
#7252=DIRECTION('',(0.,-1.,1.479114197289E-31));
#7253=DIRECTION('',(-1.,0.,0.));
#7254=DIRECTION('',(0.,1.,-1.479114197289E-31));
#7255=DIRECTION('',(-1.,0.,0.));
#7256=DIRECTION('',(0.,1.,-4.930380657631E-32));
#7257=DIRECTION('',(-1.,0.,0.));
#7258=DIRECTION('',(0.,1.,-1.972152263053E-31));
#7259=DIRECTION('',(1.,0.,0.));
#7260=DIRECTION('',(0.,-1.,1.972152263053E-31));
#7261=DIRECTION('',(-1.,0.,0.));
#7262=DIRECTION('',(0.,-1.,4.930380657631E-32));
#7263=DIRECTION('',(-1.,0.,0.));
#7264=DIRECTION('',(0.,-1.,1.479114197289E-31));
#7265=DIRECTION('',(-1.,0.,0.));
#7266=DIRECTION('',(0.,1.,-1.479114197289E-31));
#7267=DIRECTION('',(1.,0.,0.));
#7268=DIRECTION('',(0.,-1.,1.479114197289E-31));
#7269=DIRECTION('',(1.,0.,0.));
#7270=DIRECTION('',(0.,-1.,4.930380657631E-32));
#7271=DIRECTION('',(1.,0.,0.));
#7272=DIRECTION('',(0.,-1.,1.972152263053E-31));
#7273=DIRECTION('',(-1.,0.,0.));
#7274=DIRECTION('',(0.,1.,-1.972152263053E-31));
#7275=DIRECTION('',(1.,0.,0.));
#7276=DIRECTION('',(0.,1.,-4.930380657631E-32));
#7277=DIRECTION('center_axis',(-1.,0.,0.));
#7278=DIRECTION('ref_axis',(0.,1.,-4.930380657631E-32));
#7279=DIRECTION('',(0.,4.930380657631E-32,1.));
#7280=DIRECTION('',(0.,1.,-4.930380657631E-32));
#7281=DIRECTION('center_axis',(0.,4.930380657631E-32,1.));
#7282=DIRECTION('ref_axis',(1.,0.,0.));
#7283=DIRECTION('',(-1.,0.,0.));
#7284=DIRECTION('',(0.,-1.,4.930380657631E-32));
#7285=DIRECTION('center_axis',(1.,0.,0.));
#7286=DIRECTION('ref_axis',(0.,-1.,4.930380657631E-32));
#7287=DIRECTION('',(0.,4.930380657631E-32,1.));
#7288=DIRECTION('center_axis',(0.,1.,-4.930380657631E-32));
#7289=DIRECTION('ref_axis',(1.,0.,0.));
#7290=DIRECTION('',(0.,4.930380657631E-32,1.));
#7291=DIRECTION('',(1.,0.,0.));
#7292=DIRECTION('center_axis',(0.,4.930380657631E-32,1.));
#7293=DIRECTION('ref_axis',(1.,0.,0.));
#7294=DIRECTION('',(0.,1.,-4.930380657631E-32));
#7295=DIRECTION('',(-1.,0.,0.));
#7296=DIRECTION('center_axis',(0.,-1.,4.930380657631E-32));
#7297=DIRECTION('ref_axis',(-1.,0.,0.));
#7298=DIRECTION('',(0.,4.930380657631E-32,1.));
#7299=DIRECTION('center_axis',(1.,0.,0.));
#7300=DIRECTION('ref_axis',(0.,-1.,4.930380657631E-32));
#7301=DIRECTION('',(0.,4.930380657631E-32,1.));
#7302=DIRECTION('',(0.,-1.,4.930380657631E-32));
#7303=DIRECTION('center_axis',(0.,4.930380657631E-32,1.));
#7304=DIRECTION('ref_axis',(1.,0.,0.));
#7305=DIRECTION('',(1.,0.,0.));
#7306=DIRECTION('',(0.,1.,-4.930380657631E-32));
#7307=DIRECTION('center_axis',(-1.,0.,0.));
#7308=DIRECTION('ref_axis',(0.,1.,-4.930380657631E-32));
#7309=DIRECTION('',(0.,4.930380657631E-32,1.));
#7310=DIRECTION('center_axis',(0.,-1.,4.930380657631E-32));
#7311=DIRECTION('ref_axis',(-1.,0.,0.));
#7312=DIRECTION('',(0.,4.930380657631E-32,1.));
#7313=DIRECTION('center_axis',(-1.,0.,0.));
#7314=DIRECTION('ref_axis',(0.,1.,-1.479114197289E-31));
#7315=DIRECTION('',(0.,1.479114197289E-31,1.));
#7316=DIRECTION('',(0.,1.,-1.479114197289E-31));
#7317=DIRECTION('',(0.,1.479114197289E-31,1.));
#7318=DIRECTION('center_axis',(-5.451028733928E-16,-1.,5.117159534752E-17));
#7319=DIRECTION('ref_axis',(1.,-5.451028733928E-16,-1.21037152166E-31));
#7320=DIRECTION('',(0.,1.479114197289E-31,1.));
#7321=DIRECTION('',(1.,0.,0.));
#7322=DIRECTION('',(-0.498428678144954,-1.92497286597382E-16,-0.866930708189919));
#7323=DIRECTION('',(0.,-2.22044604925E-16,-1.));
#7324=DIRECTION('',(0.891843407671101,-1.00440604131211E-16,-0.452344267338051));
#7325=DIRECTION('center_axis',(1.,0.,0.));
#7326=DIRECTION('ref_axis',(0.,-1.,1.479114197289E-31));
#7327=DIRECTION('',(0.,-1.,2.22044604925E-16));
#7328=DIRECTION('',(0.,1.479114197289E-31,1.));
#7329=DIRECTION('center_axis',(2.787805519821E-16,1.,-2.998252428678E-17));
#7330=DIRECTION('ref_axis',(-1.,2.787805519821E-16,6.190171752564E-32));
#7331=DIRECTION('',(0.891843407671101,-1.00440604131211E-16,-0.452344267338051));
#7332=DIRECTION('',(0.,-2.22044604925E-16,-1.));
#7333=DIRECTION('',(-0.498428678144954,-1.92497286597382E-16,-0.866930708189919));
#7334=DIRECTION('',(-1.,0.,0.));
#7335=DIRECTION('center_axis',(0.,-1.,1.972152263053E-31));
#7336=DIRECTION('ref_axis',(-1.,0.,0.));
#7337=DIRECTION('',(0.,1.972152263053E-31,1.));
#7338=DIRECTION('',(-1.,0.,0.));
#7339=DIRECTION('',(0.,1.972152263053E-31,1.));
#7340=DIRECTION('center_axis',(-1.,0.,0.));
#7341=DIRECTION('ref_axis',(0.,1.,-1.972152263053E-31));
#7342=DIRECTION('',(0.,1.972152263053E-31,1.));
#7343=DIRECTION('',(0.,1.,-1.972152263053E-31));
#7344=DIRECTION('center_axis',(0.,1.,-1.972152263053E-31));
#7345=DIRECTION('ref_axis',(1.,0.,0.));
#7346=DIRECTION('',(0.,1.972152263053E-31,1.));
#7347=DIRECTION('',(1.,0.,0.));
#7348=DIRECTION('center_axis',(1.,0.,0.));
#7349=DIRECTION('ref_axis',(0.,-1.,1.972152263053E-31));
#7350=DIRECTION('',(0.,-1.,1.972152263053E-31));
#7351=DIRECTION('center_axis',(1.,0.,0.));
#7352=DIRECTION('ref_axis',(0.,-1.,1.479114197289E-31));
#7353=DIRECTION('',(0.,1.479114197289E-31,1.));
#7354=DIRECTION('',(0.,-1.,1.479114197289E-31));
#7355=DIRECTION('',(0.,1.479114197289E-31,1.));
#7356=DIRECTION('center_axis',(-2.787805519821E-16,1.,-2.998252428678E-17));
#7357=DIRECTION('ref_axis',(-1.,-2.787805519821E-16,-6.190171752564E-32));
#7358=DIRECTION('',(0.,1.479114197289E-31,1.));
#7359=DIRECTION('',(-1.,0.,0.));
#7360=DIRECTION('',(0.498428678144954,-1.92497286597382E-16,-0.866930708189919));
#7361=DIRECTION('',(0.,-2.22044604925E-16,-1.));
#7362=DIRECTION('',(-0.891843407671101,-1.00440604131211E-16,-0.452344267338051));
#7363=DIRECTION('center_axis',(-1.,0.,0.));
#7364=DIRECTION('ref_axis',(0.,1.,-1.479114197289E-31));
#7365=DIRECTION('',(0.,-1.,2.22044604925E-16));
#7366=DIRECTION('',(0.,1.479114197289E-31,1.));
#7367=DIRECTION('center_axis',(5.451028733928E-16,-1.,5.117159534752E-17));
#7368=DIRECTION('ref_axis',(1.,5.451028733928E-16,1.21037152166E-31));
#7369=DIRECTION('',(-0.891843407671101,-1.00440604131211E-16,-0.452344267338051));
#7370=DIRECTION('',(0.,-2.22044604925E-16,-1.));
#7371=DIRECTION('',(0.498428678144954,-1.92497286597382E-16,-0.866930708189919));
#7372=DIRECTION('',(1.,0.,0.));
#7373=DIRECTION('center_axis',(0.,1.,-1.972152263053E-31));
#7374=DIRECTION('ref_axis',(1.,0.,0.));
#7375=DIRECTION('',(0.,1.972152263053E-31,1.));
#7376=DIRECTION('',(1.,0.,0.));
#7377=DIRECTION('',(0.,1.972152263053E-31,1.));
#7378=DIRECTION('center_axis',(1.,0.,0.));
#7379=DIRECTION('ref_axis',(0.,-1.,1.972152263053E-31));
#7380=DIRECTION('',(0.,1.972152263053E-31,1.));
#7381=DIRECTION('',(0.,-1.,1.972152263053E-31));
#7382=DIRECTION('center_axis',(0.,-1.,1.972152263053E-31));
#7383=DIRECTION('ref_axis',(-1.,0.,0.));
#7384=DIRECTION('',(0.,1.972152263053E-31,1.));
#7385=DIRECTION('',(-1.,0.,0.));
#7386=DIRECTION('center_axis',(-1.,0.,0.));
#7387=DIRECTION('ref_axis',(0.,1.,-1.972152263053E-31));
#7388=DIRECTION('',(0.,1.,-1.972152263053E-31));
#7389=DIRECTION('center_axis',(0.,1.479114197289E-31,1.));
#7390=DIRECTION('ref_axis',(1.,0.,0.));
#7391=DIRECTION('',(0.,-1.,1.479114197289E-31));
#7392=DIRECTION('center_axis',(0.866930708189919,-1.1067339892209E-16,-0.498428678144953));
#7393=DIRECTION('ref_axis',(-0.498428678144953,-1.92497286597382E-16,-0.866930708189919));
#7394=DIRECTION('',(0.,-1.,2.22044604925E-16));
#7395=DIRECTION('center_axis',(1.,0.,0.));
#7396=DIRECTION('ref_axis',(0.,-2.22044604925E-16,-1.));
#7397=DIRECTION('',(0.,-1.,2.22044604925E-16));
#7398=DIRECTION('center_axis',(0.452344267338051,1.98029017111322E-16,0.891843407671101));
#7399=DIRECTION('ref_axis',(0.891843407671101,-1.00440604131211E-16,-0.452344267338051));
#7400=DIRECTION('center_axis',(0.,1.972152263053E-31,1.));
#7401=DIRECTION('ref_axis',(1.,0.,0.));
#7402=DIRECTION('center_axis',(0.,1.479114197289E-31,1.));
#7403=DIRECTION('ref_axis',(1.,0.,0.));
#7404=DIRECTION('',(0.,1.,-1.479114197289E-31));
#7405=DIRECTION('center_axis',(0.866930708189919,1.1067339892209E-16,0.498428678144953));
#7406=DIRECTION('ref_axis',(0.498428678144953,-1.92497286597382E-16,-0.866930708189919));
#7407=DIRECTION('',(0.,-1.,2.22044604925E-16));
#7408=DIRECTION('center_axis',(1.,0.,0.));
#7409=DIRECTION('ref_axis',(0.,-2.22044604925E-16,-1.));
#7410=DIRECTION('',(0.,-1.,2.22044604925E-16));
#7411=DIRECTION('center_axis',(0.452344267338051,-1.98029017111322E-16,
-0.891843407671101));
#7412=DIRECTION('ref_axis',(-0.891843407671101,-1.00440604131211E-16,-0.452344267338051));
#7413=DIRECTION('center_axis',(0.,1.972152263053E-31,1.));
#7414=DIRECTION('ref_axis',(1.,0.,0.));
#7415=DIRECTION('',(0.,0.,1.));
#7416=DIRECTION('',(1.,0.,0.));
#7417=DIRECTION('',(0.,-1.224646799147E-16,-1.));
#7418=DIRECTION('',(1.,0.,0.));
#7419=DIRECTION('axis',(0.,0.,1.));
#7420=DIRECTION('refdir',(1.,0.,0.));
#7421=DIRECTION('axis',(0.,0.,1.));
#7422=DIRECTION('refdir',(1.,0.,0.));
#7423=DIRECTION('axis',(0.,0.,1.));
#7424=DIRECTION('refdir',(1.,0.,0.));
#7425=DIRECTION('center_axis',(0.,0.,-1.));
#7426=DIRECTION('ref_axis',(1.,0.,0.));
#7427=DIRECTION('center_axis',(0.,0.,1.));
#7428=DIRECTION('ref_axis',(1.,0.,0.));
#7429=DIRECTION('',(0.,0.,1.));
#7430=DIRECTION('center_axis',(0.,0.,1.));
#7431=DIRECTION('ref_axis',(1.,0.,0.));
#7432=DIRECTION('center_axis',(0.,0.,1.));
#7433=DIRECTION('ref_axis',(1.,0.,0.));
#7434=DIRECTION('center_axis',(0.,-1.,0.));
#7435=DIRECTION('ref_axis',(1.,0.,0.));
#7436=DIRECTION('center_axis',(0.,0.,1.));
#7437=DIRECTION('ref_axis',(1.,0.,0.));
#7438=DIRECTION('center_axis',(0.,0.,1.));
#7439=DIRECTION('ref_axis',(1.,0.,0.));
#7440=DIRECTION('',(0.,-1.,0.));
#7441=DIRECTION('',(1.,0.,0.));
#7442=DIRECTION('',(0.,1.,0.));
#7443=DIRECTION('',(-1.,0.,0.));
#7444=DIRECTION('center_axis',(0.,0.,1.));
#7445=DIRECTION('ref_axis',(1.,0.,0.));
#7446=DIRECTION('center_axis',(0.,0.,1.));
#7447=DIRECTION('ref_axis',(1.,0.,0.));
#7448=DIRECTION('center_axis',(0.,0.,1.));
#7449=DIRECTION('ref_axis',(1.,0.,0.));
#7450=DIRECTION('center_axis',(0.,0.,1.));
#7451=DIRECTION('ref_axis',(1.,0.,0.));
#7452=DIRECTION('center_axis',(-1.,0.,0.));
#7453=DIRECTION('ref_axis',(0.,-1.,0.));
#7454=DIRECTION('',(0.,0.,-1.));
#7455=DIRECTION('',(0.,-1.,0.));
#7456=DIRECTION('',(0.,0.,-1.));
#7457=DIRECTION('center_axis',(0.,1.,0.));
#7458=DIRECTION('ref_axis',(-1.,0.,0.));
#7459=DIRECTION('',(0.,0.,-1.));
#7460=DIRECTION('',(-1.,0.,0.));
#7461=DIRECTION('center_axis',(0.,-1.,0.));
#7462=DIRECTION('ref_axis',(1.,0.,0.));
#7463=DIRECTION('',(1.,0.,0.));
#7464=DIRECTION('',(0.,0.,-1.));
#7465=DIRECTION('center_axis',(1.,0.,0.));
#7466=DIRECTION('ref_axis',(0.,1.,0.));
#7467=DIRECTION('',(0.,1.,0.));
#7468=DIRECTION('center_axis',(0.,0.,-1.));
#7469=DIRECTION('ref_axis',(1.,0.,0.));
#7470=DIRECTION('',(0.,0.,1.));
#7471=DIRECTION('center_axis',(0.,0.,1.));
#7472=DIRECTION('ref_axis',(1.,0.,0.));
#7473=DIRECTION('center_axis',(0.,0.,1.));
#7474=DIRECTION('ref_axis',(1.,0.,0.));
#7475=DIRECTION('center_axis',(0.,0.,-1.));
#7476=DIRECTION('ref_axis',(1.,0.,0.));
#7477=DIRECTION('',(0.,0.,1.));
#7478=DIRECTION('center_axis',(0.,0.,1.));
#7479=DIRECTION('ref_axis',(1.,0.,0.));
#7480=DIRECTION('center_axis',(0.,0.,1.));
#7481=DIRECTION('ref_axis',(1.,0.,0.));
#7482=DIRECTION('center_axis',(0.,0.,-1.));
#7483=DIRECTION('ref_axis',(1.,0.,0.));
#7484=DIRECTION('',(0.,0.,1.));
#7485=DIRECTION('center_axis',(0.,0.,1.));
#7486=DIRECTION('ref_axis',(1.,0.,0.));
#7487=DIRECTION('center_axis',(0.,0.,1.));
#7488=DIRECTION('ref_axis',(1.,0.,0.));
#7489=DIRECTION('center_axis',(0.,0.,1.));
#7490=DIRECTION('ref_axis',(1.,0.,0.));
#7491=DIRECTION('',(0.,1.,0.));
#7492=DIRECTION('',(-0.707106781186548,0.707106781186548,0.));
#7493=DIRECTION('',(-1.,0.,0.));
#7494=DIRECTION('',(-0.707106781186548,-0.707106781186548,0.));
#7495=DIRECTION('',(0.,-1.,0.));
#7496=DIRECTION('',(0.707106781186548,-0.707106781186548,0.));
#7497=DIRECTION('',(1.,0.,0.));
#7498=DIRECTION('',(0.707106781186548,0.707106781186548,0.));
#7499=DIRECTION('center_axis',(0.,-1.,0.));
#7500=DIRECTION('ref_axis',(1.,0.,0.));
#7501=DIRECTION('center_axis',(0.,0.,1.));
#7502=DIRECTION('ref_axis',(1.,0.,0.));
#7503=DIRECTION('center_axis',(0.,-1.,0.));
#7504=DIRECTION('ref_axis',(1.,0.,0.));
#7505=DIRECTION('center_axis',(0.,0.,1.));
#7506=DIRECTION('ref_axis',(1.,0.,0.));
#7507=DIRECTION('center_axis',(0.,-1.,0.));
#7508=DIRECTION('ref_axis',(1.,0.,0.));
#7509=DIRECTION('center_axis',(0.,0.,1.));
#7510=DIRECTION('ref_axis',(1.,0.,0.));
#7511=DIRECTION('center_axis',(-1.,0.,0.));
#7512=DIRECTION('ref_axis',(0.,1.,0.));
#7513=DIRECTION('',(0.,0.,1.));
#7514=DIRECTION('',(0.,1.,0.));
#7515=DIRECTION('',(0.,0.,1.));
#7516=DIRECTION('center_axis',(-0.707106781186548,0.707106781186548,0.));
#7517=DIRECTION('ref_axis',(0.707106781186548,0.707106781186548,0.));
#7518=DIRECTION('',(0.,0.,1.));
#7519=DIRECTION('',(0.707106781186548,0.707106781186548,0.));
#7520=DIRECTION('center_axis',(-0.707106781186548,-0.707106781186548,0.));
#7521=DIRECTION('ref_axis',(-0.707106781186548,0.707106781186548,0.));
#7522=DIRECTION('',(-0.707106781186548,0.707106781186548,0.));
#7523=DIRECTION('',(0.,0.,1.));
#7524=DIRECTION('center_axis',(0.,1.,0.));
#7525=DIRECTION('ref_axis',(1.,0.,0.));
#7526=DIRECTION('',(0.,0.,1.));
#7527=DIRECTION('',(1.,0.,0.));
#7528=DIRECTION('center_axis',(0.,-1.,0.));
#7529=DIRECTION('ref_axis',(-1.,0.,0.));
#7530=DIRECTION('',(-1.,0.,0.));
#7531=DIRECTION('',(0.,0.,1.));
#7532=DIRECTION('center_axis',(0.707106781186548,0.707106781186548,0.));
#7533=DIRECTION('ref_axis',(0.707106781186548,-0.707106781186548,0.));
#7534=DIRECTION('',(0.,0.,1.));
#7535=DIRECTION('',(0.707106781186548,-0.707106781186548,0.));
#7536=DIRECTION('center_axis',(0.707106781186548,-0.707106781186548,0.));
#7537=DIRECTION('ref_axis',(-0.707106781186548,-0.707106781186548,0.));
#7538=DIRECTION('',(-0.707106781186548,-0.707106781186548,0.));
#7539=DIRECTION('',(0.,0.,1.));
#7540=DIRECTION('center_axis',(1.,0.,0.));
#7541=DIRECTION('ref_axis',(0.,-1.,0.));
#7542=DIRECTION('',(0.,-1.,0.));
#7543=DIRECTION('center_axis',(0.,0.,1.));
#7544=DIRECTION('ref_axis',(1.,0.,0.));
#7545=DIRECTION('center_axis',(0.,0.,1.));
#7546=DIRECTION('ref_axis',(1.,0.,0.));
#7547=DIRECTION('center_axis',(0.,0.,1.));
#7548=DIRECTION('ref_axis',(1.,0.,0.));
#7549=DIRECTION('center_axis',(0.,0.,1.));
#7550=DIRECTION('ref_axis',(1.,0.,0.));
#7551=DIRECTION('',(0.,1.,0.));
#7552=DIRECTION('',(-0.707106781186548,0.707106781186548,0.));
#7553=DIRECTION('',(-1.,0.,0.));
#7554=DIRECTION('',(0.,-1.,0.));
#7555=DIRECTION('',(1.,0.,0.));
#7556=DIRECTION('',(-1.,1.110223024625E-16,2.22044604925E-16));
#7557=DIRECTION('',(-0.707106781186548,-0.707106781186548,1.570092458683E-16));
#7558=DIRECTION('',(-1.110223024625E-16,-1.,1.232595164408E-32));
#7559=DIRECTION('',(1.,-1.110223024625E-16,-2.22044604925E-16));
#7560=DIRECTION('',(1.110223024625E-16,1.,-1.232595164408E-32));
#7561=DIRECTION('',(1.,-2.22044604925E-16,2.465190328816E-32));
#7562=DIRECTION('',(0.707106781186548,0.707106781186548,-1.570092458683E-16));
#7563=DIRECTION('',(2.22044604925E-16,1.,-2.22044604925E-16));
#7564=DIRECTION('',(-1.,2.22044604925E-16,-2.465190328816E-32));
#7565=DIRECTION('',(-2.22044604925E-16,-1.,2.22044604925E-16));
#7566=DIRECTION('',(-1.224646799147E-16,-1.,2.22044604925E-16));
#7567=DIRECTION('',(0.707106781186548,-0.707106781186548,2.46519032881442E-32));
#7568=DIRECTION('',(1.,-1.224646799147E-16,-2.22044604925E-16));
#7569=DIRECTION('',(1.224646799147E-16,1.,-2.22044604925E-16));
#7570=DIRECTION('',(-1.,1.224646799147E-16,2.22044604925E-16));
#7571=DIRECTION('center_axis',(1.,0.,0.));
#7572=DIRECTION('ref_axis',(0.,1.,0.));
#7573=DIRECTION('',(0.,0.,-1.));
#7574=DIRECTION('',(0.,0.,-1.));
#7575=DIRECTION('',(0.,1.,0.));
#7576=DIRECTION('center_axis',(0.707106781186548,0.707106781186548,0.));
#7577=DIRECTION('ref_axis',(-0.707106781186548,0.707106781186548,0.));
#7578=DIRECTION('',(0.,0.,-1.));
#7579=DIRECTION('',(-0.707106781186548,0.707106781186548,0.));
#7580=DIRECTION('center_axis',(0.,-1.,0.));
#7581=DIRECTION('ref_axis',(1.,0.,0.));
#7582=DIRECTION('',(0.,0.,-1.));
#7583=DIRECTION('',(1.,0.,0.));
#7584=DIRECTION('center_axis',(0.,1.,0.));
#7585=DIRECTION('ref_axis',(-1.,0.,0.));
#7586=DIRECTION('',(0.,0.,-1.));
#7587=DIRECTION('',(-1.,0.,0.));
#7588=DIRECTION('center_axis',(-1.,0.,0.));
#7589=DIRECTION('ref_axis',(0.,-1.,0.));
#7590=DIRECTION('',(0.,-1.,0.));
#7591=DIRECTION('center_axis',(1.110223024625E-16,1.,-1.232595164408E-32));
#7592=DIRECTION('ref_axis',(-1.,1.110223024625E-16,2.22044604925E-16));
#7593=DIRECTION('',(-2.22044604925E-16,1.232595164408E-32,-1.));
#7594=DIRECTION('',(-2.22044604925E-16,1.232595164408E-32,-1.));
#7595=DIRECTION('',(-1.,1.110223024625E-16,2.22044604925E-16));
#7596=DIRECTION('center_axis',(-0.707106781186548,0.707106781186548,1.570092458683E-16));
#7597=DIRECTION('ref_axis',(-0.707106781186548,-0.707106781186548,1.570092458683E-16));
#7598=DIRECTION('',(-2.22044604925E-16,1.232595164408E-32,-1.));
#7599=DIRECTION('',(-0.707106781186548,-0.707106781186548,1.570092458683E-16));
#7600=DIRECTION('center_axis',(-1.,1.110223024625E-16,2.22044604925E-16));
#7601=DIRECTION('ref_axis',(-1.110223024625E-16,-1.,1.232595164408E-32));
#7602=DIRECTION('',(-2.22044604925E-16,1.232595164408E-32,-1.));
#7603=DIRECTION('',(-1.110223024625E-16,-1.,1.232595164408E-32));
#7604=DIRECTION('center_axis',(-1.110223024625E-16,-1.,1.232595164408E-32));
#7605=DIRECTION('ref_axis',(1.,-1.110223024625E-16,-2.22044604925E-16));
#7606=DIRECTION('',(-2.22044604925E-16,1.232595164408E-32,-1.));
#7607=DIRECTION('',(1.,-1.110223024625E-16,-2.22044604925E-16));
#7608=DIRECTION('center_axis',(1.,-1.110223024625E-16,-2.22044604925E-16));
#7609=DIRECTION('ref_axis',(1.110223024625E-16,1.,-1.232595164408E-32));
#7610=DIRECTION('',(1.110223024625E-16,1.,-1.232595164408E-32));
#7611=DIRECTION('center_axis',(-2.22044604925E-16,-1.,2.22044604925E-16));
#7612=DIRECTION('ref_axis',(1.,-2.22044604925E-16,2.465190328816E-32));
#7613=DIRECTION('',(-2.465190328816E-32,-2.22044604925E-16,-1.));
#7614=DIRECTION('',(-2.465190328816E-32,-2.22044604925E-16,-1.));
#7615=DIRECTION('',(1.,-2.22044604925E-16,2.465190328816E-32));
#7616=DIRECTION('center_axis',(0.707106781186548,-0.707106781186548,1.570092458683E-16));
#7617=DIRECTION('ref_axis',(0.707106781186548,0.707106781186548,-1.570092458683E-16));
#7618=DIRECTION('',(-2.465190328816E-32,-2.22044604925E-16,-1.));
#7619=DIRECTION('',(0.707106781186548,0.707106781186548,-1.570092458683E-16));
#7620=DIRECTION('center_axis',(1.,-2.22044604925E-16,2.465190328816E-32));
#7621=DIRECTION('ref_axis',(2.22044604925E-16,1.,-2.22044604925E-16));
#7622=DIRECTION('',(-2.465190328816E-32,-2.22044604925E-16,-1.));
#7623=DIRECTION('',(2.22044604925E-16,1.,-2.22044604925E-16));
#7624=DIRECTION('center_axis',(2.22044604925E-16,1.,-2.22044604925E-16));
#7625=DIRECTION('ref_axis',(-1.,2.22044604925E-16,-2.465190328816E-32));
#7626=DIRECTION('',(-2.465190328816E-32,-2.22044604925E-16,-1.));
#7627=DIRECTION('',(-1.,2.22044604925E-16,-2.465190328816E-32));
#7628=DIRECTION('center_axis',(-1.,2.22044604925E-16,-2.465190328816E-32));
#7629=DIRECTION('ref_axis',(-2.22044604925E-16,-1.,2.22044604925E-16));
#7630=DIRECTION('',(-2.22044604925E-16,-1.,2.22044604925E-16));
#7631=DIRECTION('center_axis',(-1.,1.224646799147E-16,2.22044604925E-16));
#7632=DIRECTION('ref_axis',(-1.224646799147E-16,-1.,2.22044604925E-16));
#7633=DIRECTION('',(-2.22044604925E-16,-2.22044604925E-16,-1.));
#7634=DIRECTION('',(-2.22044604925E-16,-2.22044604925E-16,-1.));
#7635=DIRECTION('',(-1.224646799147E-16,-1.,2.22044604925E-16));
#7636=DIRECTION('center_axis',(-0.707106781186548,-0.707106781186548,3.14018491736599E-16));
#7637=DIRECTION('ref_axis',(0.707106781186548,-0.707106781186548,0.));
#7638=DIRECTION('',(-2.22044604925E-16,-2.22044604925E-16,-1.));
#7639=DIRECTION('',(0.707106781186548,-0.707106781186548,2.46519032881442E-32));
#7640=DIRECTION('center_axis',(-1.224646799147E-16,-1.,2.22044604925E-16));
#7641=DIRECTION('ref_axis',(1.,-1.224646799147E-16,-2.22044604925E-16));
#7642=DIRECTION('',(-2.22044604925E-16,-2.22044604925E-16,-1.));
#7643=DIRECTION('',(1.,-1.224646799147E-16,-2.22044604925E-16));
#7644=DIRECTION('center_axis',(1.,-1.224646799147E-16,-2.22044604925E-16));
#7645=DIRECTION('ref_axis',(1.224646799147E-16,1.,-2.22044604925E-16));
#7646=DIRECTION('',(-2.22044604925E-16,-2.22044604925E-16,-1.));
#7647=DIRECTION('',(1.224646799147E-16,1.,-2.22044604925E-16));
#7648=DIRECTION('center_axis',(1.224646799147E-16,1.,-2.22044604925E-16));
#7649=DIRECTION('ref_axis',(-1.,1.224646799147E-16,2.22044604925E-16));
#7650=DIRECTION('',(-1.,1.224646799147E-16,2.22044604925E-16));
#7651=DIRECTION('center_axis',(0.,0.,1.));
#7652=DIRECTION('ref_axis',(1.,0.,0.));
#7653=DIRECTION('center_axis',(2.22044604925E-16,-1.232595164408E-32,1.));
#7654=DIRECTION('ref_axis',(1.110223024625E-16,1.,-1.23259516440697E-32));
#7655=DIRECTION('center_axis',(2.465190328816E-32,2.22044604925E-16,1.));
#7656=DIRECTION('ref_axis',(-2.22044604925E-16,-1.,2.22044604925E-16));
#7657=DIRECTION('center_axis',(2.22044604925E-16,2.22044604925E-16,1.));
#7658=DIRECTION('ref_axis',(-1.,1.224646799147E-16,2.22044604925E-16));
#7659=DIRECTION('axis',(0.,0.,1.));
#7660=DIRECTION('refdir',(1.,0.,0.));
#7661=DIRECTION('center_axis',(0.,1.,0.));
#7662=DIRECTION('ref_axis',(1.,0.,0.));
#7663=DIRECTION('',(0.,0.,1.));
#7664=DIRECTION('',(1.,0.,0.));
#7665=DIRECTION('',(0.,0.,1.));
#7666=DIRECTION('',(1.,0.,0.));
#7667=DIRECTION('center_axis',(0.,0.,-1.));
#7668=DIRECTION('ref_axis',(1.,0.,0.));
#7669=DIRECTION('center_axis',(0.,0.,1.));
#7670=DIRECTION('ref_axis',(1.,0.,0.));
#7671=DIRECTION('',(0.,0.,1.));
#7672=DIRECTION('center_axis',(0.,0.,1.));
#7673=DIRECTION('ref_axis',(1.,0.,0.));
#7674=DIRECTION('center_axis',(-1.,0.,0.));
#7675=DIRECTION('ref_axis',(0.,1.,0.));
#7676=DIRECTION('',(0.,1.,0.));
#7677=DIRECTION('',(0.,0.,1.));
#7678=DIRECTION('',(0.,1.,0.));
#7679=DIRECTION('center_axis',(0.,0.,-1.));
#7680=DIRECTION('ref_axis',(1.,0.,0.));
#7681=DIRECTION('center_axis',(0.,0.,1.));
#7682=DIRECTION('ref_axis',(1.,0.,0.));
#7683=DIRECTION('',(0.,0.,1.));
#7684=DIRECTION('center_axis',(0.,0.,1.));
#7685=DIRECTION('ref_axis',(1.,0.,0.));
#7686=DIRECTION('center_axis',(0.,-1.,0.));
#7687=DIRECTION('ref_axis',(-1.,0.,0.));
#7688=DIRECTION('',(-1.,0.,0.));
#7689=DIRECTION('',(0.,0.,1.));
#7690=DIRECTION('',(-1.,0.,0.));
#7691=DIRECTION('center_axis',(0.,0.,-1.));
#7692=DIRECTION('ref_axis',(1.,0.,0.));
#7693=DIRECTION('center_axis',(0.,0.,1.));
#7694=DIRECTION('ref_axis',(1.,0.,0.));
#7695=DIRECTION('',(0.,0.,1.));
#7696=DIRECTION('center_axis',(0.,0.,1.));
#7697=DIRECTION('ref_axis',(1.,0.,0.));
#7698=DIRECTION('center_axis',(1.,0.,0.));
#7699=DIRECTION('ref_axis',(0.,-1.,0.));
#7700=DIRECTION('',(0.,-1.,0.));
#7701=DIRECTION('',(0.,0.,1.));
#7702=DIRECTION('',(0.,-1.,0.));
#7703=DIRECTION('center_axis',(0.,0.,-1.));
#7704=DIRECTION('ref_axis',(1.,0.,0.));
#7705=DIRECTION('center_axis',(0.,0.,1.));
#7706=DIRECTION('ref_axis',(1.,0.,0.));
#7707=DIRECTION('center_axis',(0.,0.,1.));
#7708=DIRECTION('ref_axis',(1.,0.,0.));
#7709=DIRECTION('center_axis',(0.,0.,-1.));
#7710=DIRECTION('ref_axis',(1.,0.,0.));
#7711=DIRECTION('center_axis',(0.,0.,1.));
#7712=DIRECTION('ref_axis',(1.,0.,0.));
#7713=DIRECTION('',(0.,0.,-1.));
#7714=DIRECTION('center_axis',(0.,0.,1.));
#7715=DIRECTION('ref_axis',(1.,0.,0.));
#7716=DIRECTION('center_axis',(0.,0.,-1.));
#7717=DIRECTION('ref_axis',(1.,0.,0.));
#7718=DIRECTION('center_axis',(0.,0.,1.));
#7719=DIRECTION('ref_axis',(1.,0.,0.));
#7720=DIRECTION('',(0.,0.,-1.));
#7721=DIRECTION('center_axis',(0.,0.,1.));
#7722=DIRECTION('ref_axis',(1.,0.,0.));
#7723=DIRECTION('center_axis',(0.,0.,-1.));
#7724=DIRECTION('ref_axis',(1.,0.,0.));
#7725=DIRECTION('center_axis',(0.,0.,1.));
#7726=DIRECTION('ref_axis',(1.,0.,0.));
#7727=DIRECTION('',(0.,0.,-1.));
#7728=DIRECTION('center_axis',(0.,0.,1.));
#7729=DIRECTION('ref_axis',(1.,0.,0.));
#7730=DIRECTION('center_axis',(0.,0.,-1.));
#7731=DIRECTION('ref_axis',(1.,0.,0.));
#7732=DIRECTION('center_axis',(0.,0.,1.));
#7733=DIRECTION('ref_axis',(1.,0.,0.));
#7734=DIRECTION('',(0.,0.,-1.));
#7735=DIRECTION('center_axis',(0.,0.,1.));
#7736=DIRECTION('ref_axis',(1.,0.,0.));
#7737=DIRECTION('center_axis',(0.,0.,-1.));
#7738=DIRECTION('ref_axis',(1.,0.,0.));
#7739=DIRECTION('center_axis',(0.,0.,1.));
#7740=DIRECTION('ref_axis',(1.,0.,0.));
#7741=DIRECTION('',(0.,0.,-1.));
#7742=DIRECTION('center_axis',(0.,0.,1.));
#7743=DIRECTION('ref_axis',(1.,0.,0.));
#7744=DIRECTION('center_axis',(0.,0.,1.));
#7745=DIRECTION('ref_axis',(1.,0.,0.));
#7746=DIRECTION('center_axis',(0.,0.,1.));
#7747=DIRECTION('ref_axis',(1.,0.,0.));
#7748=DIRECTION('axis',(0.,0.,1.));
#7749=DIRECTION('refdir',(1.,0.,0.));
#7750=DIRECTION('center_axis',(0.,0.,1.));
#7751=DIRECTION('ref_axis',(1.,0.,0.));
#7752=DIRECTION('',(0.,-1.,0.));
#7753=DIRECTION('center_axis',(0.,0.,-1.));
#7754=DIRECTION('ref_axis',(0.,-1.,0.));
#7755=DIRECTION('',(-1.,0.,0.));
#7756=DIRECTION('center_axis',(0.,0.,-1.));
#7757=DIRECTION('ref_axis',(0.,-1.,0.));
#7758=DIRECTION('',(0.,1.,0.));
#7759=DIRECTION('center_axis',(0.,0.,1.));
#7760=DIRECTION('ref_axis',(0.,-1.,0.));
#7761=DIRECTION('',(1.,0.,0.));
#7762=DIRECTION('center_axis',(0.,0.,1.));
#7763=DIRECTION('ref_axis',(0.,-1.,0.));
#7764=DIRECTION('',(0.,-1.,0.));
#7765=DIRECTION('',(1.,0.,0.));
#7766=DIRECTION('',(0.,1.,0.));
#7767=DIRECTION('',(-1.,0.,0.));
#7768=DIRECTION('center_axis',(1.,0.,0.));
#7769=DIRECTION('ref_axis',(0.,-1.,0.));
#7770=DIRECTION('',(0.,0.,1.));
#7771=DIRECTION('',(0.,-1.,0.));
#7772=DIRECTION('',(0.,0.,1.));
#7773=DIRECTION('center_axis',(0.,0.,1.));
#7774=DIRECTION('ref_axis',(-1.,0.,0.));
#7775=DIRECTION('center_axis',(6.E-17,0.,1.));
#7776=DIRECTION('ref_axis',(-1.,0.,6.E-17));
#7777=DIRECTION('',(0.,0.,1.));
#7778=DIRECTION('center_axis',(0.,0.,1.));
#7779=DIRECTION('ref_axis',(-1.,0.,0.));
#7780=DIRECTION('',(0.,0.,1.));
#7781=DIRECTION('center_axis',(0.,6.E-17,1.));
#7782=DIRECTION('ref_axis',(0.,-1.,6.E-17));
#7783=DIRECTION('center_axis',(0.,-1.,0.));
#7784=DIRECTION('ref_axis',(-1.,0.,0.));
#7785=DIRECTION('',(-1.,0.,0.));
#7786=DIRECTION('',(0.,0.,1.));
#7787=DIRECTION('center_axis',(0.,1.,0.));
#7788=DIRECTION('ref_axis',(1.,0.,0.));
#7789=DIRECTION('',(0.,0.,1.));
#7790=DIRECTION('',(1.,0.,0.));
#7791=DIRECTION('center_axis',(0.,0.,1.));
#7792=DIRECTION('ref_axis',(0.,1.,0.));
#7793=DIRECTION('center_axis',(0.,-6.E-17,1.));
#7794=DIRECTION('ref_axis',(0.,1.,6.E-17));
#7795=DIRECTION('',(0.,0.,1.));
#7796=DIRECTION('center_axis',(0.,0.,1.));
#7797=DIRECTION('ref_axis',(0.,-1.,0.));
#7798=DIRECTION('',(0.,0.,1.));
#7799=DIRECTION('center_axis',(0.,-6.E-17,-1.));
#7800=DIRECTION('ref_axis',(0.,-1.,6.E-17));
#7801=DIRECTION('center_axis',(-1.,0.,0.));
#7802=DIRECTION('ref_axis',(0.,1.,0.));
#7803=DIRECTION('',(0.,1.,0.));
#7804=DIRECTION('center_axis',(1.,0.,0.));
#7805=DIRECTION('ref_axis',(0.,-1.,0.));
#7806=DIRECTION('',(0.,0.,1.));
#7807=DIRECTION('',(0.,-1.,0.));
#7808=DIRECTION('',(0.,0.,1.));
#7809=DIRECTION('center_axis',(0.,1.,0.));
#7810=DIRECTION('ref_axis',(1.,0.,0.));
#7811=DIRECTION('',(1.,0.,0.));
#7812=DIRECTION('',(0.,0.,1.));
#7813=DIRECTION('center_axis',(-1.,0.,0.));
#7814=DIRECTION('ref_axis',(0.,1.,0.));
#7815=DIRECTION('',(0.,1.,0.));
#7816=DIRECTION('',(0.,0.,1.));
#7817=DIRECTION('center_axis',(0.,-1.,0.));
#7818=DIRECTION('ref_axis',(-1.,0.,0.));
#7819=DIRECTION('',(-1.,0.,0.));
#7820=DIRECTION('center_axis',(0.,-1.,0.));
#7821=DIRECTION('ref_axis',(-1.,0.,0.));
#7822=DIRECTION('center_axis',(0.,1.,0.));
#7823=DIRECTION('ref_axis',(0.,0.,1.));
#7824=DIRECTION('',(0.,-1.,0.));
#7825=DIRECTION('center_axis',(0.,-1.,0.));
#7826=DIRECTION('ref_axis',(0.,0.,1.));
#7827=DIRECTION('center_axis',(0.,-1.,0.));
#7828=DIRECTION('ref_axis',(0.,0.,1.));
#7829=DIRECTION('center_axis',(1.,0.,0.));
#7830=DIRECTION('ref_axis',(0.,0.,1.));
#7831=DIRECTION('center_axis',(1.,0.,0.));
#7832=DIRECTION('ref_axis',(0.,0.,1.));
#7833=DIRECTION('center_axis',(1.,0.,0.));
#7834=DIRECTION('ref_axis',(0.,0.,1.));
#7835=DIRECTION('center_axis',(-1.,0.,0.));
#7836=DIRECTION('ref_axis',(0.,1.,0.));
#7837=DIRECTION('',(-1.,0.,0.));
#7838=DIRECTION('center_axis',(-1.,0.,0.));
#7839=DIRECTION('ref_axis',(0.,0.,1.));
#7840=DIRECTION('center_axis',(1.,0.,0.));
#7841=DIRECTION('ref_axis',(0.,-1.,0.));
#7842=DIRECTION('center_axis',(1.,0.,0.));
#7843=DIRECTION('ref_axis',(0.,0.,1.));
#7844=DIRECTION('',(1.,0.,0.));
#7845=DIRECTION('center_axis',(-1.,0.,0.));
#7846=DIRECTION('ref_axis',(0.,0.,1.));
#7847=DIRECTION('center_axis',(0.,-1.,0.));
#7848=DIRECTION('ref_axis',(0.,0.,1.));
#7849=DIRECTION('center_axis',(-1.,0.,0.));
#7850=DIRECTION('ref_axis',(0.,0.,1.));
#7851=DIRECTION('center_axis',(0.,-1.,0.));
#7852=DIRECTION('ref_axis',(0.,0.,1.));
#7853=DIRECTION('center_axis',(0.,1.,0.));
#7854=DIRECTION('ref_axis',(1.,0.,0.));
#7855=DIRECTION('',(0.,1.,0.));
#7856=DIRECTION('center_axis',(0.,0.,1.));
#7857=DIRECTION('ref_axis',(1.,0.,0.));
#7858=DIRECTION('center_axis',(0.,0.,1.));
#7859=DIRECTION('ref_axis',(1.,0.,0.));
#7860=DIRECTION('center_axis',(0.,0.,1.));
#7861=DIRECTION('ref_axis',(1.,0.,0.));
#7862=DIRECTION('center_axis',(0.,0.,1.));
#7863=DIRECTION('ref_axis',(1.,0.,0.));
#7864=DIRECTION('center_axis',(0.,0.,-1.));
#7865=DIRECTION('ref_axis',(1.,0.,0.));
#7866=DIRECTION('center_axis',(0.,0.,1.));
#7867=DIRECTION('ref_axis',(1.,0.,0.));
#7868=DIRECTION('',(0.,0.,1.));
#7869=DIRECTION('center_axis',(0.,0.,1.));
#7870=DIRECTION('ref_axis',(1.,0.,0.));
#7871=DIRECTION('center_axis',(0.,0.,1.));
#7872=DIRECTION('ref_axis',(1.,0.,0.));
#7873=DIRECTION('',(0.,0.,1.));
#7874=DIRECTION('center_axis',(0.,0.,1.));
#7875=DIRECTION('ref_axis',(1.,0.,0.));
#7876=DIRECTION('center_axis',(0.,0.,1.));
#7877=DIRECTION('ref_axis',(1.,0.,0.));
#7878=DIRECTION('axis',(0.,0.,1.));
#7879=DIRECTION('refdir',(1.,0.,0.));
#7880=DIRECTION('center_axis',(1.,0.,0.));
#7881=DIRECTION('ref_axis',(0.,-1.,0.));
#7882=DIRECTION('',(0.,0.,1.));
#7883=DIRECTION('',(0.,-1.,0.));
#7884=DIRECTION('',(0.,0.,1.));
#7885=DIRECTION('',(0.,-1.,0.));
#7886=DIRECTION('center_axis',(0.,0.,1.));
#7887=DIRECTION('ref_axis',(1.,0.,0.));
#7888=DIRECTION('',(-1.,0.,0.));
#7889=DIRECTION('',(0.,1.,0.));
#7890=DIRECTION('',(1.,0.,0.));
#7891=DIRECTION('center_axis',(0.,0.,1.));
#7892=DIRECTION('ref_axis',(1.,0.,0.));
#7893=DIRECTION('',(1.,0.,0.));
#7894=DIRECTION('',(0.,1.,0.));
#7895=DIRECTION('',(-1.,0.,0.));
#7896=DIRECTION('center_axis',(0.,-1.,0.));
#7897=DIRECTION('ref_axis',(0.,0.,1.));
#7898=DIRECTION('center_axis',(0.,1.,0.));
#7899=DIRECTION('ref_axis',(0.,0.,1.));
#7900=DIRECTION('',(0.,-1.,0.));
#7901=DIRECTION('center_axis',(0.,1.,0.));
#7902=DIRECTION('ref_axis',(0.,0.,1.));
#7903=DIRECTION('center_axis',(0.,1.,0.));
#7904=DIRECTION('ref_axis',(0.,0.,1.));
#7905=DIRECTION('center_axis',(0.,1.,0.));
#7906=DIRECTION('ref_axis',(0.,0.,1.));
#7907=DIRECTION('',(0.,1.,0.));
#7908=DIRECTION('center_axis',(0.,1.,0.));
#7909=DIRECTION('ref_axis',(0.,0.,1.));
#7910=DIRECTION('center_axis',(0.939692620785813,0.,0.342020143325932));
#7911=DIRECTION('ref_axis',(0.342020143325932,0.,-0.939692620785813));
#7912=DIRECTION('',(-0.342020143325932,0.,0.939692620785813));
#7913=DIRECTION('',(0.,1.,0.));
#7914=DIRECTION('',(0.342020143325932,0.,-0.939692620785813));
#7915=DIRECTION('center_axis',(0.939692620785813,0.,0.342020143325932));
#7916=DIRECTION('ref_axis',(0.342020143325932,0.,-0.939692620785813));
#7917=DIRECTION('',(0.342020143325932,0.,-0.939692620785813));
#7918=DIRECTION('',(0.,1.,0.));
#7919=DIRECTION('',(-0.342020143325932,0.,0.939692620785813));
#7920=DIRECTION('center_axis',(0.,-1.,0.));
#7921=DIRECTION('ref_axis',(0.939692620785813,0.,0.342020143325932));
#7922=DIRECTION('center_axis',(0.,1.,0.));
#7923=DIRECTION('ref_axis',(0.939692620785813,0.,0.342020143325932));
#7924=DIRECTION('',(0.,-1.,0.));
#7925=DIRECTION('center_axis',(0.,1.,0.));
#7926=DIRECTION('ref_axis',(0.939692620785813,0.,0.342020143325932));
#7927=DIRECTION('center_axis',(0.,1.,0.));
#7928=DIRECTION('ref_axis',(0.939692620785813,0.,0.342020143325932));
#7929=DIRECTION('center_axis',(0.,1.,0.));
#7930=DIRECTION('ref_axis',(0.939692620785813,0.,0.342020143325932));
#7931=DIRECTION('',(0.,1.,0.));
#7932=DIRECTION('center_axis',(0.,1.,0.));
#7933=DIRECTION('ref_axis',(0.939692620785813,0.,0.342020143325932));
#7934=DIRECTION('center_axis',(0.939692620785813,0.,-0.342020143325932));
#7935=DIRECTION('ref_axis',(0.342020143325932,0.,0.939692620785813));
#7936=DIRECTION('',(0.342020143325932,0.,0.939692620785813));
#7937=DIRECTION('',(-0.33856223725996,-0.141838869728983,-0.93019210195289));
#7938=DIRECTION('',(0.,1.,0.));
#7939=DIRECTION('',(-0.33856223725996,0.141838869728983,-0.93019210195289));
#7940=DIRECTION('',(-0.342020143325932,0.,-0.939692620785813));
#7941=DIRECTION('center_axis',(0.939692620785813,0.,-0.342020143325932));
#7942=DIRECTION('ref_axis',(0.342020143325932,0.,0.939692620785813));
#7943=DIRECTION('',(-0.342020143325932,0.,-0.939692620785813));
#7944=DIRECTION('',(-0.33856223725996,0.141838869728983,-0.93019210195289));
#7945=DIRECTION('',(0.,1.,0.));
#7946=DIRECTION('',(-0.33856223725996,-0.141838869728983,-0.93019210195289));
#7947=DIRECTION('',(0.342020143325932,0.,0.939692620785813));
#7948=DIRECTION('center_axis',(0.,-0.988573285722492,0.150741032090923));
#7949=DIRECTION('ref_axis',(0.,0.150741032090923,0.988573285722492));
#7950=DIRECTION('',(-5.48768411669018E-17,-0.150741032090923,-0.988573285722492));
#7951=DIRECTION('center_axis',(0.,-0.988573285722492,0.150741032090923));
#7952=DIRECTION('ref_axis',(0.,0.150741032090923,0.988573285722492));
#7953=DIRECTION('',(-1.,0.,0.));
#7954=DIRECTION('center_axis',(0.,-0.988573285722492,0.150741032090923));
#7955=DIRECTION('ref_axis',(0.,-0.150741032090923,-0.988573285722492));
#7956=DIRECTION('',(-5.48768411669018E-17,-0.150741032090923,-0.988573285722492));
#7957=DIRECTION('',(1.,0.,0.));
#7958=DIRECTION('center_axis',(0.,-0.988573285722492,-0.150741032090923));
#7959=DIRECTION('ref_axis',(0.,-0.150741032090923,0.988573285722492));
#7960=DIRECTION('',(-5.48768411669018E-17,0.150741032090923,-0.988573285722492));
#7961=DIRECTION('',(1.,0.,0.));
#7962=DIRECTION('',(-5.48768411669018E-17,0.150741032090923,-0.988573285722492));
#7963=DIRECTION('center_axis',(0.,-0.988573285722492,-0.150741032090923));
#7964=DIRECTION('ref_axis',(0.,-0.150741032090923,0.988573285722492));
#7965=DIRECTION('',(-1.,0.,0.));
#7966=DIRECTION('center_axis',(0.,-0.988573285722492,-0.150741032090923));
#7967=DIRECTION('ref_axis',(0.,0.150741032090923,-0.988573285722492));
#7968=DIRECTION('center_axis',(0.,1.,0.));
#7969=DIRECTION('ref_axis',(-0.939692620785813,0.,0.342020143325932));
#7970=DIRECTION('',(0.,1.,0.));
#7971=DIRECTION('center_axis',(0.,-1.,0.));
#7972=DIRECTION('ref_axis',(-0.939692620785813,0.,0.342020143325932));
#7973=DIRECTION('',(0.,-1.,0.));
#7974=DIRECTION('center_axis',(1.,0.,-5.551115123126E-17));
#7975=DIRECTION('ref_axis',(5.551115123126E-17,0.,1.));
#7976=DIRECTION('center_axis',(-1.,0.,0.));
#7977=DIRECTION('ref_axis',(0.,1.,0.));
#7978=DIRECTION('center_axis',(1.,0.,-5.551115123126E-17));
#7979=DIRECTION('ref_axis',(5.551115123126E-17,0.,1.));
#7980=DIRECTION('center_axis',(-1.,0.,0.));
#7981=DIRECTION('ref_axis',(0.,1.,0.));
#7982=DIRECTION('center_axis',(-1.,0.,0.));
#7983=DIRECTION('ref_axis',(0.,1.,0.));
#7984=DIRECTION('center_axis',(0.,1.,0.));
#7985=DIRECTION('ref_axis',(0.,0.,1.));
#7986=DIRECTION('center_axis',(0.,-1.,0.));
#7987=DIRECTION('ref_axis',(0.,0.,-1.));
#7988=DIRECTION('',(0.,0.,1.));
#7989=DIRECTION('',(1.,0.,0.));
#7990=DIRECTION('',(0.,0.,1.));
#7991=DIRECTION('',(1.,0.,0.));
#7992=DIRECTION('',(0.,0.,1.));
#7993=DIRECTION('',(1.,0.,0.));
#7994=DIRECTION('',(0.,0.,1.));
#7995=DIRECTION('',(1.,0.,0.));
#7996=DIRECTION('',(0.,0.,1.));
#7997=DIRECTION('',(1.,0.,0.));
#7998=DIRECTION('',(0.,0.,1.));
#7999=DIRECTION('',(-0.999999999999996,-8.74227755628297E-8,0.));
#8000=DIRECTION('',(0.,0.,1.));
#8001=DIRECTION('',(-0.999999999999996,-8.74227617960697E-8,0.));
#8002=DIRECTION('axis',(0.,0.,1.));
#8003=DIRECTION('refdir',(1.,0.,0.));
#8004=DIRECTION('center_axis',(0.,-2.22044604925E-16,-1.));
#8005=DIRECTION('ref_axis',(1.,0.,0.));
#8006=DIRECTION('center_axis',(0.,-2.22044604925E-16,-1.));
#8007=DIRECTION('ref_axis',(1.,0.,0.));
#8008=DIRECTION('center_axis',(0.,2.22044604925E-16,1.));
#8009=DIRECTION('ref_axis',(1.,0.,0.));
#8010=DIRECTION('center_axis',(0.,-2.22044604925E-16,-1.));
#8011=DIRECTION('ref_axis',(1.,0.,0.));
#8012=DIRECTION('center_axis',(1.22464679914735E-16,-1.,2.22044604925E-16));
#8013=DIRECTION('ref_axis',(-1.,-1.22464679914735E-16,0.));
#8014=DIRECTION('center_axis',(0.,2.22044604925E-16,1.));
#8015=DIRECTION('ref_axis',(1.,0.,0.));
#8016=DIRECTION('center_axis',(0.,-2.22044604925E-16,-1.));
#8017=DIRECTION('ref_axis',(1.,0.,0.));
#8018=DIRECTION('',(0.01162712096187,-2.20605683672155E-16,-0.999932402744375));
#8019=DIRECTION('center_axis',(0.,-2.22044604925E-16,-1.));
#8020=DIRECTION('ref_axis',(1.,0.,0.));
#8021=DIRECTION('center_axis',(0.,-2.22044604925E-16,-1.));
#8022=DIRECTION('ref_axis',(1.,0.,0.));
#8023=DIRECTION('center_axis',(0.,2.22044604925E-16,1.));
#8024=DIRECTION('ref_axis',(1.,0.,0.));
#8025=DIRECTION('center_axis',(0.,-2.22044604925E-16,-1.));
#8026=DIRECTION('ref_axis',(1.,0.,0.));
#8027=DIRECTION('',(0.,-2.22044604925E-16,-1.));
#8028=DIRECTION('center_axis',(0.,-2.22044604925E-16,-1.));
#8029=DIRECTION('ref_axis',(1.,0.,0.));
#8030=DIRECTION('center_axis',(0.,-2.22044604925E-16,-1.));
#8031=DIRECTION('ref_axis',(1.,0.,0.));
#8032=DIRECTION('center_axis',(0.,2.22044604925E-16,1.));
#8033=DIRECTION('ref_axis',(1.,0.,0.));
#8034=DIRECTION('center_axis',(0.,-2.22044604925E-16,-1.));
#8035=DIRECTION('ref_axis',(1.,0.,0.));
#8036=DIRECTION('',(-0.0116496964873745,0.,-0.999932139983385));
#8037=DIRECTION('center_axis',(0.,-2.22044604925E-16,-1.));
#8038=DIRECTION('ref_axis',(1.,0.,0.));
#8039=DIRECTION('',(0.,-0.0116496964873905,0.999932139983385));
#8040=DIRECTION('center_axis',(0.,-2.22044604925E-16,-1.));
#8041=DIRECTION('ref_axis',(1.,0.,0.));
#8042=DIRECTION('',(0.,0.0116496964873745,-0.999932139983385));
#8043=DIRECTION('center_axis',(0.,-2.22044604925E-16,-1.));
#8044=DIRECTION('ref_axis',(1.,0.,0.));
#8045=DIRECTION('',(-0.0116496964873905,0.,0.999932139983385));
#8046=DIRECTION('center_axis',(0.,-2.22044604925E-16,-1.));
#8047=DIRECTION('ref_axis',(1.,0.,0.));
#8048=DIRECTION('',(-0.01162712096205,2.20605683672133E-16,0.999932402744372));
#8049=DIRECTION('center_axis',(0.,-2.22044604925E-16,-1.));
#8050=DIRECTION('ref_axis',(1.,0.,0.));
#8051=DIRECTION('',(0.0116496964873745,0.,-0.999932139983385));
#8052=DIRECTION('center_axis',(0.,-2.22044604925E-16,-1.));
#8053=DIRECTION('ref_axis',(1.,0.,0.));
#8054=DIRECTION('',(0.,0.0116496964873905,0.999932139983385));
#8055=DIRECTION('center_axis',(0.,-2.22044604925E-16,-1.));
#8056=DIRECTION('ref_axis',(1.,0.,0.));
#8057=DIRECTION('',(0.,-0.0116496964873745,-0.999932139983385));
#8058=DIRECTION('center_axis',(0.,-2.22044604925E-16,-1.));
#8059=DIRECTION('ref_axis',(1.,0.,0.));
#8060=DIRECTION('',(0.0116496964873905,0.,0.999932139983385));
#8061=DIRECTION('center_axis',(0.,4.930380657631E-32,1.));
#8062=DIRECTION('ref_axis',(1.,0.,0.));
#8063=DIRECTION('',(-1.,0.,0.));
#8064=DIRECTION('',(0.,-1.,4.930380657631E-32));
#8065=DIRECTION('',(1.,0.,0.));
#8066=DIRECTION('center_axis',(0.,1.,-4.930380657631E-32));
#8067=DIRECTION('ref_axis',(1.,0.,0.));
#8068=DIRECTION('',(1.,0.,0.));
#8069=DIRECTION('',(0.,4.930380657631E-32,1.));
#8070=DIRECTION('center_axis',(0.,-2.22044604925E-16,-1.));
#8071=DIRECTION('ref_axis',(1.,0.,0.));
#8072=DIRECTION('',(0.,1.,-1.479114197289E-31));
#8073=DIRECTION('',(1.,0.,0.));
#8074=DIRECTION('',(0.,-1.,1.479114197289E-31));
#8075=DIRECTION('',(-1.,0.,0.));
#8076=DIRECTION('',(0.,1.,-1.479114197289E-31));
#8077=DIRECTION('',(-1.,0.,0.));
#8078=DIRECTION('',(0.,1.,-4.930380657631E-32));
#8079=DIRECTION('',(-1.,0.,0.));
#8080=DIRECTION('',(0.,1.,-1.972152263053E-31));
#8081=DIRECTION('',(1.,0.,0.));
#8082=DIRECTION('',(0.,-1.,1.972152263053E-31));
#8083=DIRECTION('',(-1.,0.,0.));
#8084=DIRECTION('',(0.,-1.,4.930380657631E-32));
#8085=DIRECTION('',(-1.,0.,0.));
#8086=DIRECTION('',(0.,-1.,1.479114197289E-31));
#8087=DIRECTION('',(-1.,0.,0.));
#8088=DIRECTION('',(0.,1.,-1.479114197289E-31));
#8089=DIRECTION('',(1.,0.,0.));
#8090=DIRECTION('',(0.,-1.,1.479114197289E-31));
#8091=DIRECTION('',(1.,0.,0.));
#8092=DIRECTION('',(0.,-1.,4.930380657631E-32));
#8093=DIRECTION('',(1.,0.,0.));
#8094=DIRECTION('',(0.,-1.,1.972152263053E-31));
#8095=DIRECTION('',(-1.,0.,0.));
#8096=DIRECTION('',(0.,1.,-1.972152263053E-31));
#8097=DIRECTION('',(1.,0.,0.));
#8098=DIRECTION('',(0.,1.,-4.930380657631E-32));
#8099=DIRECTION('center_axis',(-1.,0.,0.));
#8100=DIRECTION('ref_axis',(0.,1.,-4.930380657631E-32));
#8101=DIRECTION('',(0.,4.930380657631E-32,1.));
#8102=DIRECTION('',(0.,1.,-4.930380657631E-32));
#8103=DIRECTION('center_axis',(0.,4.930380657631E-32,1.));
#8104=DIRECTION('ref_axis',(1.,0.,0.));
#8105=DIRECTION('',(-1.,0.,0.));
#8106=DIRECTION('',(0.,-1.,4.930380657631E-32));
#8107=DIRECTION('center_axis',(1.,0.,0.));
#8108=DIRECTION('ref_axis',(0.,-1.,4.930380657631E-32));
#8109=DIRECTION('',(0.,4.930380657631E-32,1.));
#8110=DIRECTION('center_axis',(0.,1.,-4.930380657631E-32));
#8111=DIRECTION('ref_axis',(1.,0.,0.));
#8112=DIRECTION('',(0.,4.930380657631E-32,1.));
#8113=DIRECTION('',(1.,0.,0.));
#8114=DIRECTION('center_axis',(0.,4.930380657631E-32,1.));
#8115=DIRECTION('ref_axis',(1.,0.,0.));
#8116=DIRECTION('',(0.,1.,-4.930380657631E-32));
#8117=DIRECTION('',(-1.,0.,0.));
#8118=DIRECTION('center_axis',(0.,-1.,4.930380657631E-32));
#8119=DIRECTION('ref_axis',(-1.,0.,0.));
#8120=DIRECTION('',(0.,4.930380657631E-32,1.));
#8121=DIRECTION('center_axis',(1.,0.,0.));
#8122=DIRECTION('ref_axis',(0.,-1.,4.930380657631E-32));
#8123=DIRECTION('',(0.,4.930380657631E-32,1.));
#8124=DIRECTION('',(0.,-1.,4.930380657631E-32));
#8125=DIRECTION('center_axis',(0.,4.930380657631E-32,1.));
#8126=DIRECTION('ref_axis',(1.,0.,0.));
#8127=DIRECTION('',(1.,0.,0.));
#8128=DIRECTION('',(0.,1.,-4.930380657631E-32));
#8129=DIRECTION('center_axis',(-1.,0.,0.));
#8130=DIRECTION('ref_axis',(0.,1.,-4.930380657631E-32));
#8131=DIRECTION('',(0.,4.930380657631E-32,1.));
#8132=DIRECTION('center_axis',(0.,-1.,4.930380657631E-32));
#8133=DIRECTION('ref_axis',(-1.,0.,0.));
#8134=DIRECTION('',(0.,4.930380657631E-32,1.));
#8135=DIRECTION('center_axis',(-1.,0.,0.));
#8136=DIRECTION('ref_axis',(0.,1.,-1.479114197289E-31));
#8137=DIRECTION('',(0.,1.479114197289E-31,1.));
#8138=DIRECTION('',(0.,1.,-1.479114197289E-31));
#8139=DIRECTION('',(0.,1.479114197289E-31,1.));
#8140=DIRECTION('center_axis',(-5.451028733928E-16,-1.,5.117159534752E-17));
#8141=DIRECTION('ref_axis',(1.,-5.451028733928E-16,-1.21037152166E-31));
#8142=DIRECTION('',(0.,1.479114197289E-31,1.));
#8143=DIRECTION('',(1.,0.,0.));
#8144=DIRECTION('',(-0.498428678144954,-1.92497286597382E-16,-0.866930708189919));
#8145=DIRECTION('',(0.,-2.22044604925E-16,-1.));
#8146=DIRECTION('',(0.891843407671101,-1.00440604131211E-16,-0.452344267338051));
#8147=DIRECTION('center_axis',(1.,0.,0.));
#8148=DIRECTION('ref_axis',(0.,-1.,1.479114197289E-31));
#8149=DIRECTION('',(0.,-1.,2.22044604925E-16));
#8150=DIRECTION('',(0.,1.479114197289E-31,1.));
#8151=DIRECTION('center_axis',(2.787805519821E-16,1.,-2.998252428678E-17));
#8152=DIRECTION('ref_axis',(-1.,2.787805519821E-16,6.190171752564E-32));
#8153=DIRECTION('',(0.891843407671101,-1.00440604131211E-16,-0.452344267338051));
#8154=DIRECTION('',(0.,-2.22044604925E-16,-1.));
#8155=DIRECTION('',(-0.498428678144954,-1.92497286597382E-16,-0.866930708189919));
#8156=DIRECTION('',(-1.,0.,0.));
#8157=DIRECTION('center_axis',(0.,-1.,1.972152263053E-31));
#8158=DIRECTION('ref_axis',(-1.,0.,0.));
#8159=DIRECTION('',(0.,1.972152263053E-31,1.));
#8160=DIRECTION('',(-1.,0.,0.));
#8161=DIRECTION('',(0.,1.972152263053E-31,1.));
#8162=DIRECTION('center_axis',(-1.,0.,0.));
#8163=DIRECTION('ref_axis',(0.,1.,-1.972152263053E-31));
#8164=DIRECTION('',(0.,1.972152263053E-31,1.));
#8165=DIRECTION('',(0.,1.,-1.972152263053E-31));
#8166=DIRECTION('center_axis',(0.,1.,-1.972152263053E-31));
#8167=DIRECTION('ref_axis',(1.,0.,0.));
#8168=DIRECTION('',(0.,1.972152263053E-31,1.));
#8169=DIRECTION('',(1.,0.,0.));
#8170=DIRECTION('center_axis',(1.,0.,0.));
#8171=DIRECTION('ref_axis',(0.,-1.,1.972152263053E-31));
#8172=DIRECTION('',(0.,-1.,1.972152263053E-31));
#8173=DIRECTION('center_axis',(1.,0.,0.));
#8174=DIRECTION('ref_axis',(0.,-1.,1.479114197289E-31));
#8175=DIRECTION('',(0.,1.479114197289E-31,1.));
#8176=DIRECTION('',(0.,-1.,1.479114197289E-31));
#8177=DIRECTION('',(0.,1.479114197289E-31,1.));
#8178=DIRECTION('center_axis',(-2.787805519821E-16,1.,-2.998252428678E-17));
#8179=DIRECTION('ref_axis',(-1.,-2.787805519821E-16,-6.190171752564E-32));
#8180=DIRECTION('',(0.,1.479114197289E-31,1.));
#8181=DIRECTION('',(-1.,0.,0.));
#8182=DIRECTION('',(0.498428678144954,-1.92497286597382E-16,-0.866930708189919));
#8183=DIRECTION('',(0.,-2.22044604925E-16,-1.));
#8184=DIRECTION('',(-0.891843407671101,-1.00440604131211E-16,-0.452344267338051));
#8185=DIRECTION('center_axis',(-1.,0.,0.));
#8186=DIRECTION('ref_axis',(0.,1.,-1.479114197289E-31));
#8187=DIRECTION('',(0.,-1.,2.22044604925E-16));
#8188=DIRECTION('',(0.,1.479114197289E-31,1.));
#8189=DIRECTION('center_axis',(5.451028733928E-16,-1.,5.117159534752E-17));
#8190=DIRECTION('ref_axis',(1.,5.451028733928E-16,1.21037152166E-31));
#8191=DIRECTION('',(-0.891843407671101,-1.00440604131211E-16,-0.452344267338051));
#8192=DIRECTION('',(0.,-2.22044604925E-16,-1.));
#8193=DIRECTION('',(0.498428678144954,-1.92497286597382E-16,-0.866930708189919));
#8194=DIRECTION('',(1.,0.,0.));
#8195=DIRECTION('center_axis',(0.,1.,-1.972152263053E-31));
#8196=DIRECTION('ref_axis',(1.,0.,0.));
#8197=DIRECTION('',(0.,1.972152263053E-31,1.));
#8198=DIRECTION('',(1.,0.,0.));
#8199=DIRECTION('',(0.,1.972152263053E-31,1.));
#8200=DIRECTION('center_axis',(1.,0.,0.));
#8201=DIRECTION('ref_axis',(0.,-1.,1.972152263053E-31));
#8202=DIRECTION('',(0.,1.972152263053E-31,1.));
#8203=DIRECTION('',(0.,-1.,1.972152263053E-31));
#8204=DIRECTION('center_axis',(0.,-1.,1.972152263053E-31));
#8205=DIRECTION('ref_axis',(-1.,0.,0.));
#8206=DIRECTION('',(0.,1.972152263053E-31,1.));
#8207=DIRECTION('',(-1.,0.,0.));
#8208=DIRECTION('center_axis',(-1.,0.,0.));
#8209=DIRECTION('ref_axis',(0.,1.,-1.972152263053E-31));
#8210=DIRECTION('',(0.,1.,-1.972152263053E-31));
#8211=DIRECTION('center_axis',(0.,1.479114197289E-31,1.));
#8212=DIRECTION('ref_axis',(1.,0.,0.));
#8213=DIRECTION('',(0.,-1.,1.479114197289E-31));
#8214=DIRECTION('center_axis',(0.866930708189919,-1.1067339892209E-16,-0.498428678144953));
#8215=DIRECTION('ref_axis',(-0.498428678144953,-1.92497286597382E-16,-0.866930708189919));
#8216=DIRECTION('',(0.,-1.,2.22044604925E-16));
#8217=DIRECTION('center_axis',(1.,0.,0.));
#8218=DIRECTION('ref_axis',(0.,-2.22044604925E-16,-1.));
#8219=DIRECTION('',(0.,-1.,2.22044604925E-16));
#8220=DIRECTION('center_axis',(0.452344267338051,1.98029017111322E-16,0.891843407671101));
#8221=DIRECTION('ref_axis',(0.891843407671101,-1.00440604131211E-16,-0.452344267338051));
#8222=DIRECTION('center_axis',(0.,1.972152263053E-31,1.));
#8223=DIRECTION('ref_axis',(1.,0.,0.));
#8224=DIRECTION('center_axis',(0.,1.479114197289E-31,1.));
#8225=DIRECTION('ref_axis',(1.,0.,0.));
#8226=DIRECTION('',(0.,1.,-1.479114197289E-31));
#8227=DIRECTION('center_axis',(0.866930708189919,1.1067339892209E-16,0.498428678144953));
#8228=DIRECTION('ref_axis',(0.498428678144953,-1.92497286597382E-16,-0.866930708189919));
#8229=DIRECTION('',(0.,-1.,2.22044604925E-16));
#8230=DIRECTION('center_axis',(1.,0.,0.));
#8231=DIRECTION('ref_axis',(0.,-2.22044604925E-16,-1.));
#8232=DIRECTION('',(0.,-1.,2.22044604925E-16));
#8233=DIRECTION('center_axis',(0.452344267338051,-1.98029017111322E-16,
-0.891843407671101));
#8234=DIRECTION('ref_axis',(-0.891843407671101,-1.00440604131211E-16,-0.452344267338051));
#8235=DIRECTION('center_axis',(0.,1.972152263053E-31,1.));
#8236=DIRECTION('ref_axis',(1.,0.,0.));
#8237=DIRECTION('',(0.,0.,1.));
#8238=DIRECTION('',(1.,0.,0.));
#8239=DIRECTION('',(0.,-1.224646799147E-16,-1.));
#8240=DIRECTION('',(1.,0.,0.));
#8241=DIRECTION('center_axis',(1.11022302462516E-16,-1.,8.67361737990434E-19));
#8242=DIRECTION('ref_axis',(-2.13804668414141E-15,-8.67361737990671E-19,
-1.));
#8243=DIRECTION('',(2.12897992000408E-109,8.67361737990434E-19,1.));
#8244=DIRECTION('center_axis',(1.11022302462516E-16,-1.,8.67361737990434E-19));
#8245=DIRECTION('ref_axis',(-2.13804668414141E-15,-8.67361737990671E-19,
-1.));
#8246=DIRECTION('center_axis',(0.,1.,0.));
#8247=DIRECTION('ref_axis',(-1.,0.,-1.43631705066271E-16));
#8248=DIRECTION('',(0.,-1.,0.));
#8249=DIRECTION('center_axis',(-4.44089209850032E-16,-1.,1.38777878078145E-16));
#8250=DIRECTION('ref_axis',(-2.13804668414141E-15,0.,-1.));
#8251=DIRECTION('',(0.,1.,0.));
#8252=DIRECTION('center_axis',(1.11022302462516E-16,-1.,8.67361737990434E-19));
#8253=DIRECTION('ref_axis',(-2.13804668414141E-15,-8.67361737990671E-19,
-1.));
#8254=DIRECTION('',(2.12897992000408E-109,8.67361737990434E-19,1.));
#8255=DIRECTION('center_axis',(1.11022302462516E-16,-1.,8.67361737990434E-19));
#8256=DIRECTION('ref_axis',(-2.13804668414141E-15,-8.67361737990671E-19,
-1.));
#8257=DIRECTION('center_axis',(0.,1.,0.));
#8258=DIRECTION('ref_axis',(-1.,0.,7.84128998587602E-17));
#8259=DIRECTION('',(0.,-1.,0.));
#8260=DIRECTION('center_axis',(-4.44089209850032E-16,-1.,1.38777878078145E-16));
#8261=DIRECTION('ref_axis',(-2.13804668414141E-15,0.,-1.));
#8262=DIRECTION('',(0.,1.,0.));
#8263=DIRECTION('center_axis',(1.,0.,-2.12897992000408E-109));
#8264=DIRECTION('ref_axis',(2.12897992000408E-109,1.38777878078145E-16,
1.));
#8265=DIRECTION('',(-2.12897992000408E-109,-1.38777878078145E-16,-1.));
#8266=DIRECTION('',(-2.12897992000408E-109,-1.38777878078145E-16,-1.));
#8267=DIRECTION('',(0.,-1.,0.));
#8268=DIRECTION('',(2.12897992000408E-109,1.38777878078145E-16,1.));
#8269=DIRECTION('',(0.,-1.,0.));
#8270=DIRECTION('',(-2.12897992000408E-109,-1.38777878078145E-16,-1.));
#8271=DIRECTION('center_axis',(0.,-1.,0.));
#8272=DIRECTION('ref_axis',(0.,0.,-1.));
#8273=DIRECTION('',(1.,-4.44089209850032E-16,0.));
#8274=DIRECTION('',(-1.,4.44089209850032E-16,0.));
#8275=DIRECTION('',(-2.12897992000408E-109,-1.38777878078145E-16,-1.));
#8276=DIRECTION('center_axis',(-1.,0.,2.12897992000408E-109));
#8277=DIRECTION('ref_axis',(-2.12897992000408E-109,-1.38777878078145E-16,
-1.));
#8278=DIRECTION('',(2.12897992000408E-109,1.38777878078145E-16,1.));
#8279=DIRECTION('',(0.,-1.,0.));
#8280=DIRECTION('',(0.,-1.,0.));
#8281=DIRECTION('center_axis',(0.,0.,1.));
#8282=DIRECTION('ref_axis',(-1.,4.44089209850032E-16,0.));
#8283=DIRECTION('',(1.,-4.44089209850032E-16,0.));
#8284=DIRECTION('center_axis',(0.,0.,-1.));
#8285=DIRECTION('ref_axis',(1.,-4.44089209850032E-16,0.));
#8286=DIRECTION('',(-1.,4.44089209850032E-16,0.));
#8287=DIRECTION('center_axis',(-4.44089209850032E-16,-1.,1.38777878078145E-16));
#8288=DIRECTION('ref_axis',(0.,-1.38777878078145E-16,-1.));
#8289=DIRECTION('',(2.50062743979238E-30,1.,6.10622663543835E-16));
#8290=DIRECTION('',(1.,2.52682008703605E-30,0.));
#8291=DIRECTION('',(5.55111512312548E-17,1.,-5.13478148889135E-16));
#8292=DIRECTION('',(1.,-5.55111512312611E-17,0.));
#8293=DIRECTION('',(5.55111512312548E-17,1.,-5.13478148889135E-16));
#8294=DIRECTION('',(1.,-5.55111512312611E-17,0.));
#8295=CARTESIAN_POINT('',(0.,0.,0.));
#8296=CARTESIAN_POINT('',(0.,0.,0.));
#8297=CARTESIAN_POINT('',(0.,0.,0.));
#8298=CARTESIAN_POINT('',(0.,0.,0.));
#8299=CARTESIAN_POINT('Origin',(-3.8,-3.8,3.));
#8300=CARTESIAN_POINT('',(-4.45,-3.8,3.));
#8301=CARTESIAN_POINT('Origin',(-3.8,-3.8,3.));
#8302=CARTESIAN_POINT('',(-4.45,-3.8,3.4));
#8303=CARTESIAN_POINT('',(-4.45,-3.8,3.));
#8304=CARTESIAN_POINT('',(-3.15,-3.8,3.4));
#8305=CARTESIAN_POINT('Origin',(-3.8,-3.8,3.4));
#8306=CARTESIAN_POINT('Origin',(-3.8,-3.8,3.4));
#8307=CARTESIAN_POINT('Ctrl Pts',(-3.15,-3.8,3.4));
#8308=CARTESIAN_POINT('Ctrl Pts',(-3.15,-4.45,3.4));
#8309=CARTESIAN_POINT('Ctrl Pts',(-3.8,-4.45,3.4));
#8310=CARTESIAN_POINT('Ctrl Pts',(-4.45,-4.45,3.4));
#8311=CARTESIAN_POINT('Ctrl Pts',(-4.45,-3.8,3.4));
#8312=CARTESIAN_POINT('Ctrl Pts',(-4.45,-3.15,3.4));
#8313=CARTESIAN_POINT('Ctrl Pts',(-3.8,-3.15,3.4));
#8314=CARTESIAN_POINT('Ctrl Pts',(-3.15,-3.15,3.4));
#8315=CARTESIAN_POINT('Ctrl Pts',(-3.15,-3.8,3.4));
#8316=CARTESIAN_POINT('Ctrl Pts',(-3.15,-3.8,3.50471975512));
#8317=CARTESIAN_POINT('Ctrl Pts',(-3.15,-4.45,3.50471975512));
#8318=CARTESIAN_POINT('Ctrl Pts',(-3.8,-4.45,3.50471975512));
#8319=CARTESIAN_POINT('Ctrl Pts',(-4.45,-4.45,3.50471975512));
#8320=CARTESIAN_POINT('Ctrl Pts',(-4.45,-3.8,3.50471975512));
#8321=CARTESIAN_POINT('Ctrl Pts',(-4.45,-3.15,3.50471975512));
#8322=CARTESIAN_POINT('Ctrl Pts',(-3.8,-3.15,3.50471975512));
#8323=CARTESIAN_POINT('Ctrl Pts',(-3.15,-3.15,3.50471975512));
#8324=CARTESIAN_POINT('Ctrl Pts',(-3.15,-3.8,3.50471975512));
#8325=CARTESIAN_POINT('Ctrl Pts',(-3.182891074408,-3.8,3.609430600282));
#8326=CARTESIAN_POINT('Ctrl Pts',(-3.182891074408,-4.417108925592,3.609430600282));
#8327=CARTESIAN_POINT('Ctrl Pts',(-3.8,-4.417108925592,3.609430600282));
#8328=CARTESIAN_POINT('Ctrl Pts',(-4.417108925592,-4.417108925592,3.609430600282));
#8329=CARTESIAN_POINT('Ctrl Pts',(-4.417108925592,-3.8,3.609430600282));
#8330=CARTESIAN_POINT('Ctrl Pts',(-4.417108925592,-3.182891074408,3.609430600282));
#8331=CARTESIAN_POINT('Ctrl Pts',(-3.8,-3.182891074408,3.609430600282));
#8332=CARTESIAN_POINT('Ctrl Pts',(-3.182891074408,-3.182891074408,3.609430600282));
#8333=CARTESIAN_POINT('Ctrl Pts',(-3.182891074408,-3.8,3.609430600282));
#8334=CARTESIAN_POINT('Ctrl Pts',(-3.248723940144,-3.8,3.701276059856));
#8335=CARTESIAN_POINT('Ctrl Pts',(-3.248723940144,-4.351276059856,3.701276059856));
#8336=CARTESIAN_POINT('Ctrl Pts',(-3.8,-4.351276059856,3.701276059856));
#8337=CARTESIAN_POINT('Ctrl Pts',(-4.351276059856,-4.351276059856,3.701276059856));
#8338=CARTESIAN_POINT('Ctrl Pts',(-4.351276059856,-3.8,3.701276059856));
#8339=CARTESIAN_POINT('Ctrl Pts',(-4.351276059856,-3.248723940144,3.701276059856));
#8340=CARTESIAN_POINT('Ctrl Pts',(-3.8,-3.248723940144,3.701276059856));
#8341=CARTESIAN_POINT('Ctrl Pts',(-3.248723940144,-3.248723940144,3.701276059856));
#8342=CARTESIAN_POINT('Ctrl Pts',(-3.248723940144,-3.8,3.701276059856));
#8343=CARTESIAN_POINT('Ctrl Pts',(-3.340569399718,-3.8,3.767108925592));
#8344=CARTESIAN_POINT('Ctrl Pts',(-3.340569399718,-4.259430600282,3.767108925592));
#8345=CARTESIAN_POINT('Ctrl Pts',(-3.8,-4.259430600282,3.767108925592));
#8346=CARTESIAN_POINT('Ctrl Pts',(-4.259430600282,-4.259430600282,3.767108925592));
#8347=CARTESIAN_POINT('Ctrl Pts',(-4.259430600282,-3.8,3.767108925592));
#8348=CARTESIAN_POINT('Ctrl Pts',(-4.259430600282,-3.340569399718,3.767108925592));
#8349=CARTESIAN_POINT('Ctrl Pts',(-3.8,-3.340569399718,3.767108925592));
#8350=CARTESIAN_POINT('Ctrl Pts',(-3.340569399718,-3.340569399718,3.767108925592));
#8351=CARTESIAN_POINT('Ctrl Pts',(-3.340569399718,-3.8,3.767108925592));
#8352=CARTESIAN_POINT('Ctrl Pts',(-3.44528024488,-3.8,3.8));
#8353=CARTESIAN_POINT('Ctrl Pts',(-3.44528024488,-4.15471975512,3.8));
#8354=CARTESIAN_POINT('Ctrl Pts',(-3.8,-4.15471975512,3.8));
#8355=CARTESIAN_POINT('Ctrl Pts',(-4.15471975512,-4.15471975512,3.8));
#8356=CARTESIAN_POINT('Ctrl Pts',(-4.15471975512,-3.8,3.8));
#8357=CARTESIAN_POINT('Ctrl Pts',(-4.15471975512,-3.44528024488,3.8));
#8358=CARTESIAN_POINT('Ctrl Pts',(-3.8,-3.44528024488,3.8));
#8359=CARTESIAN_POINT('Ctrl Pts',(-3.44528024488,-3.44528024488,3.8));
#8360=CARTESIAN_POINT('Ctrl Pts',(-3.44528024488,-3.8,3.8));
#8361=CARTESIAN_POINT('Ctrl Pts',(-3.55,-3.8,3.8));
#8362=CARTESIAN_POINT('Ctrl Pts',(-3.55,-4.05,3.8));
#8363=CARTESIAN_POINT('Ctrl Pts',(-3.8,-4.05,3.8));
#8364=CARTESIAN_POINT('Ctrl Pts',(-4.05,-4.05,3.8));
#8365=CARTESIAN_POINT('Ctrl Pts',(-4.05,-3.8,3.8));
#8366=CARTESIAN_POINT('Ctrl Pts',(-4.05,-3.55,3.8));
#8367=CARTESIAN_POINT('Ctrl Pts',(-3.8,-3.55,3.8));
#8368=CARTESIAN_POINT('Ctrl Pts',(-3.55,-3.55,3.8));
#8369=CARTESIAN_POINT('Ctrl Pts',(-3.55,-3.8,3.8));
#8370=CARTESIAN_POINT('',(-3.55,-3.8,3.8));
#8371=CARTESIAN_POINT('Origin',(-3.55,-3.8,3.4));
#8372=CARTESIAN_POINT('Origin',(-3.8,-3.8,3.8));
#8373=CARTESIAN_POINT('Origin',(1.7E-16,1.7E-16,3.));
#8374=CARTESIAN_POINT('',(-5.15,5.15,3.));
#8375=CARTESIAN_POINT('',(-5.15,-5.15,3.));
#8376=CARTESIAN_POINT('',(-5.15,5.15,3.));
#8377=CARTESIAN_POINT('',(5.15,-5.15,3.));
#8378=CARTESIAN_POINT('',(-5.15,-5.15,3.));
#8379=CARTESIAN_POINT('',(5.15,5.15,3.));
#8380=CARTESIAN_POINT('',(5.15,-5.15,3.));
#8381=CARTESIAN_POINT('',(5.15,5.15,3.));
#8382=CARTESIAN_POINT('',(3.15,-3.8,3.));
#8383=CARTESIAN_POINT('Origin',(3.8,-3.8,3.));
#8384=CARTESIAN_POINT('',(-4.45,3.8,3.));
#8385=CARTESIAN_POINT('Origin',(-3.8,3.8,3.));
#8386=CARTESIAN_POINT('',(3.15,3.8,3.));
#8387=CARTESIAN_POINT('Origin',(3.8,3.8,3.));
#8388=CARTESIAN_POINT('Origin',(5.6E-16,3.6E-16,3.8));
#8389=CARTESIAN_POINT('Origin',(-5.15,5.15,3.2));
#8390=CARTESIAN_POINT('',(-5.15,5.15,3.2));
#8391=CARTESIAN_POINT('',(-5.15,5.15,3.2));
#8392=CARTESIAN_POINT('',(-5.15,-5.15,3.2));
#8393=CARTESIAN_POINT('',(-5.15,5.15,3.2));
#8394=CARTESIAN_POINT('',(-5.15,-5.15,3.2));
#8395=CARTESIAN_POINT('Origin',(5.15,5.15,3.2));
#8396=CARTESIAN_POINT('',(5.15,5.15,3.2));
#8397=CARTESIAN_POINT('',(5.15,5.15,3.2));
#8398=CARTESIAN_POINT('',(5.15,5.15,3.2));
#8399=CARTESIAN_POINT('Origin',(-5.15,-5.15,3.2));
#8400=CARTESIAN_POINT('',(5.15,-5.15,3.2));
#8401=CARTESIAN_POINT('',(-5.15,-5.15,3.2));
#8402=CARTESIAN_POINT('',(5.15,-5.15,3.2));
#8403=CARTESIAN_POINT('Origin',(5.15,-5.15,3.2));
#8404=CARTESIAN_POINT('',(5.15,-5.15,3.2));
#8405=CARTESIAN_POINT('Origin',(3.8,-3.8,3.));
#8406=CARTESIAN_POINT('',(3.15,-3.8,3.4));
#8407=CARTESIAN_POINT('',(3.15,-3.8,3.));
#8408=CARTESIAN_POINT('',(4.45,-3.8,3.4));
#8409=CARTESIAN_POINT('Origin',(3.8,-3.8,3.4));
#8410=CARTESIAN_POINT('Origin',(3.8,-3.8,3.4));
#8411=CARTESIAN_POINT('Origin',(-3.8,3.8,3.));
#8412=CARTESIAN_POINT('',(-4.45,3.8,3.4));
#8413=CARTESIAN_POINT('',(-4.45,3.8,3.));
#8414=CARTESIAN_POINT('',(-3.15,3.8,3.4));
#8415=CARTESIAN_POINT('Origin',(-3.8,3.8,3.4));
#8416=CARTESIAN_POINT('Origin',(-3.8,3.8,3.4));
#8417=CARTESIAN_POINT('Origin',(3.8,3.8,3.));
#8418=CARTESIAN_POINT('',(3.15,3.8,3.4));
#8419=CARTESIAN_POINT('',(3.15,3.8,3.));
#8420=CARTESIAN_POINT('',(4.45,3.8,3.4));
#8421=CARTESIAN_POINT('Origin',(3.8,3.8,3.4));
#8422=CARTESIAN_POINT('Origin',(3.8,3.8,3.4));
#8423=CARTESIAN_POINT('Origin',(1.9E-16,-1.9E-16,3.2));
#8424=CARTESIAN_POINT('',(6.,-5.,3.2));
#8425=CARTESIAN_POINT('',(6.,5.,3.2));
#8426=CARTESIAN_POINT('',(6.,-5.,3.2));
#8427=CARTESIAN_POINT('',(5.,6.,3.2));
#8428=CARTESIAN_POINT('',(6.,5.,3.2));
#8429=CARTESIAN_POINT('',(-5.,6.,3.2));
#8430=CARTESIAN_POINT('',(5.,6.,3.2));
#8431=CARTESIAN_POINT('',(-6.,5.,3.2));
#8432=CARTESIAN_POINT('',(-5.,6.,3.2));
#8433=CARTESIAN_POINT('',(-6.,-5.,3.2));
#8434=CARTESIAN_POINT('',(-6.,5.,3.2));
#8435=CARTESIAN_POINT('',(-5.,-6.,3.2));
#8436=CARTESIAN_POINT('',(-6.,-5.,3.2));
#8437=CARTESIAN_POINT('',(5.,-6.,3.2));
#8438=CARTESIAN_POINT('',(-5.,-6.,3.2));
#8439=CARTESIAN_POINT('',(5.,-6.,3.2));
#8440=CARTESIAN_POINT('Ctrl Pts',(4.45,-3.8,3.4));
#8441=CARTESIAN_POINT('Ctrl Pts',(4.45,-4.45,3.4));
#8442=CARTESIAN_POINT('Ctrl Pts',(3.8,-4.45,3.4));
#8443=CARTESIAN_POINT('Ctrl Pts',(3.15,-4.45,3.4));
#8444=CARTESIAN_POINT('Ctrl Pts',(3.15,-3.8,3.4));
#8445=CARTESIAN_POINT('Ctrl Pts',(3.15,-3.15,3.4));
#8446=CARTESIAN_POINT('Ctrl Pts',(3.8,-3.15,3.4));
#8447=CARTESIAN_POINT('Ctrl Pts',(4.45,-3.15,3.4));
#8448=CARTESIAN_POINT('Ctrl Pts',(4.45,-3.8,3.4));
#8449=CARTESIAN_POINT('Ctrl Pts',(4.45,-3.8,3.50471975512));
#8450=CARTESIAN_POINT('Ctrl Pts',(4.45,-4.45,3.50471975512));
#8451=CARTESIAN_POINT('Ctrl Pts',(3.8,-4.45,3.50471975512));
#8452=CARTESIAN_POINT('Ctrl Pts',(3.15,-4.45,3.50471975512));
#8453=CARTESIAN_POINT('Ctrl Pts',(3.15,-3.8,3.50471975512));
#8454=CARTESIAN_POINT('Ctrl Pts',(3.15,-3.15,3.50471975512));
#8455=CARTESIAN_POINT('Ctrl Pts',(3.8,-3.15,3.50471975512));
#8456=CARTESIAN_POINT('Ctrl Pts',(4.45,-3.15,3.50471975512));
#8457=CARTESIAN_POINT('Ctrl Pts',(4.45,-3.8,3.50471975512));
#8458=CARTESIAN_POINT('Ctrl Pts',(4.417108925592,-3.8,3.609430600282));
#8459=CARTESIAN_POINT('Ctrl Pts',(4.417108925592,-4.417108925592,3.609430600282));
#8460=CARTESIAN_POINT('Ctrl Pts',(3.8,-4.417108925592,3.609430600282));
#8461=CARTESIAN_POINT('Ctrl Pts',(3.182891074408,-4.417108925592,3.609430600282));
#8462=CARTESIAN_POINT('Ctrl Pts',(3.182891074408,-3.8,3.609430600282));
#8463=CARTESIAN_POINT('Ctrl Pts',(3.182891074408,-3.182891074408,3.609430600282));
#8464=CARTESIAN_POINT('Ctrl Pts',(3.8,-3.182891074408,3.609430600282));
#8465=CARTESIAN_POINT('Ctrl Pts',(4.417108925592,-3.182891074408,3.609430600282));
#8466=CARTESIAN_POINT('Ctrl Pts',(4.417108925592,-3.8,3.609430600282));
#8467=CARTESIAN_POINT('Ctrl Pts',(4.351276059856,-3.8,3.701276059856));
#8468=CARTESIAN_POINT('Ctrl Pts',(4.351276059856,-4.351276059856,3.701276059856));
#8469=CARTESIAN_POINT('Ctrl Pts',(3.8,-4.351276059856,3.701276059856));
#8470=CARTESIAN_POINT('Ctrl Pts',(3.248723940144,-4.351276059856,3.701276059856));
#8471=CARTESIAN_POINT('Ctrl Pts',(3.248723940144,-3.8,3.701276059856));
#8472=CARTESIAN_POINT('Ctrl Pts',(3.248723940144,-3.248723940144,3.701276059856));
#8473=CARTESIAN_POINT('Ctrl Pts',(3.8,-3.248723940144,3.701276059856));
#8474=CARTESIAN_POINT('Ctrl Pts',(4.351276059856,-3.248723940144,3.701276059856));
#8475=CARTESIAN_POINT('Ctrl Pts',(4.351276059856,-3.8,3.701276059856));
#8476=CARTESIAN_POINT('Ctrl Pts',(4.259430600282,-3.8,3.767108925592));
#8477=CARTESIAN_POINT('Ctrl Pts',(4.259430600282,-4.259430600282,3.767108925592));
#8478=CARTESIAN_POINT('Ctrl Pts',(3.8,-4.259430600282,3.767108925592));
#8479=CARTESIAN_POINT('Ctrl Pts',(3.340569399718,-4.259430600282,3.767108925592));
#8480=CARTESIAN_POINT('Ctrl Pts',(3.340569399718,-3.8,3.767108925592));
#8481=CARTESIAN_POINT('Ctrl Pts',(3.340569399718,-3.340569399718,3.767108925592));
#8482=CARTESIAN_POINT('Ctrl Pts',(3.8,-3.340569399718,3.767108925592));
#8483=CARTESIAN_POINT('Ctrl Pts',(4.259430600282,-3.340569399718,3.767108925592));
#8484=CARTESIAN_POINT('Ctrl Pts',(4.259430600282,-3.8,3.767108925592));
#8485=CARTESIAN_POINT('Ctrl Pts',(4.15471975512,-3.8,3.8));
#8486=CARTESIAN_POINT('Ctrl Pts',(4.15471975512,-4.15471975512,3.8));
#8487=CARTESIAN_POINT('Ctrl Pts',(3.8,-4.15471975512,3.8));
#8488=CARTESIAN_POINT('Ctrl Pts',(3.44528024488,-4.15471975512,3.8));
#8489=CARTESIAN_POINT('Ctrl Pts',(3.44528024488,-3.8,3.8));
#8490=CARTESIAN_POINT('Ctrl Pts',(3.44528024488,-3.44528024488,3.8));
#8491=CARTESIAN_POINT('Ctrl Pts',(3.8,-3.44528024488,3.8));
#8492=CARTESIAN_POINT('Ctrl Pts',(4.15471975512,-3.44528024488,3.8));
#8493=CARTESIAN_POINT('Ctrl Pts',(4.15471975512,-3.8,3.8));
#8494=CARTESIAN_POINT('Ctrl Pts',(4.05,-3.8,3.8));
#8495=CARTESIAN_POINT('Ctrl Pts',(4.05,-4.05,3.8));
#8496=CARTESIAN_POINT('Ctrl Pts',(3.8,-4.05,3.8));
#8497=CARTESIAN_POINT('Ctrl Pts',(3.55,-4.05,3.8));
#8498=CARTESIAN_POINT('Ctrl Pts',(3.55,-3.8,3.8));
#8499=CARTESIAN_POINT('Ctrl Pts',(3.55,-3.55,3.8));
#8500=CARTESIAN_POINT('Ctrl Pts',(3.8,-3.55,3.8));
#8501=CARTESIAN_POINT('Ctrl Pts',(4.05,-3.55,3.8));
#8502=CARTESIAN_POINT('Ctrl Pts',(4.05,-3.8,3.8));
#8503=CARTESIAN_POINT('',(4.05,-3.8,3.8));
#8504=CARTESIAN_POINT('Origin',(4.05,-3.8,3.4));
#8505=CARTESIAN_POINT('Origin',(3.8,-3.8,3.8));
#8506=CARTESIAN_POINT('Ctrl Pts',(-3.15,3.8,3.4));
#8507=CARTESIAN_POINT('Ctrl Pts',(-3.15,3.15,3.4));
#8508=CARTESIAN_POINT('Ctrl Pts',(-3.8,3.15,3.4));
#8509=CARTESIAN_POINT('Ctrl Pts',(-4.45,3.15,3.4));
#8510=CARTESIAN_POINT('Ctrl Pts',(-4.45,3.8,3.4));
#8511=CARTESIAN_POINT('Ctrl Pts',(-4.45,4.45,3.4));
#8512=CARTESIAN_POINT('Ctrl Pts',(-3.8,4.45,3.4));
#8513=CARTESIAN_POINT('Ctrl Pts',(-3.15,4.45,3.4));
#8514=CARTESIAN_POINT('Ctrl Pts',(-3.15,3.8,3.4));
#8515=CARTESIAN_POINT('Ctrl Pts',(-3.15,3.8,3.50471975512));
#8516=CARTESIAN_POINT('Ctrl Pts',(-3.15,3.15,3.50471975512));
#8517=CARTESIAN_POINT('Ctrl Pts',(-3.8,3.15,3.50471975512));
#8518=CARTESIAN_POINT('Ctrl Pts',(-4.45,3.15,3.50471975512));
#8519=CARTESIAN_POINT('Ctrl Pts',(-4.45,3.8,3.50471975512));
#8520=CARTESIAN_POINT('Ctrl Pts',(-4.45,4.45,3.50471975512));
#8521=CARTESIAN_POINT('Ctrl Pts',(-3.8,4.45,3.50471975512));
#8522=CARTESIAN_POINT('Ctrl Pts',(-3.15,4.45,3.50471975512));
#8523=CARTESIAN_POINT('Ctrl Pts',(-3.15,3.8,3.50471975512));
#8524=CARTESIAN_POINT('Ctrl Pts',(-3.182891074408,3.8,3.609430600282));
#8525=CARTESIAN_POINT('Ctrl Pts',(-3.182891074408,3.182891074408,3.609430600282));
#8526=CARTESIAN_POINT('Ctrl Pts',(-3.8,3.182891074408,3.609430600282));
#8527=CARTESIAN_POINT('Ctrl Pts',(-4.417108925592,3.182891074408,3.609430600282));
#8528=CARTESIAN_POINT('Ctrl Pts',(-4.417108925592,3.8,3.609430600282));
#8529=CARTESIAN_POINT('Ctrl Pts',(-4.417108925592,4.417108925592,3.609430600282));
#8530=CARTESIAN_POINT('Ctrl Pts',(-3.8,4.417108925592,3.609430600282));
#8531=CARTESIAN_POINT('Ctrl Pts',(-3.182891074408,4.417108925592,3.609430600282));
#8532=CARTESIAN_POINT('Ctrl Pts',(-3.182891074408,3.8,3.609430600282));
#8533=CARTESIAN_POINT('Ctrl Pts',(-3.248723940144,3.8,3.701276059856));
#8534=CARTESIAN_POINT('Ctrl Pts',(-3.248723940144,3.248723940144,3.701276059856));
#8535=CARTESIAN_POINT('Ctrl Pts',(-3.8,3.248723940144,3.701276059856));
#8536=CARTESIAN_POINT('Ctrl Pts',(-4.351276059856,3.248723940144,3.701276059856));
#8537=CARTESIAN_POINT('Ctrl Pts',(-4.351276059856,3.8,3.701276059856));
#8538=CARTESIAN_POINT('Ctrl Pts',(-4.351276059856,4.351276059856,3.701276059856));
#8539=CARTESIAN_POINT('Ctrl Pts',(-3.8,4.351276059856,3.701276059856));
#8540=CARTESIAN_POINT('Ctrl Pts',(-3.248723940144,4.351276059856,3.701276059856));
#8541=CARTESIAN_POINT('Ctrl Pts',(-3.248723940144,3.8,3.701276059856));
#8542=CARTESIAN_POINT('Ctrl Pts',(-3.340569399718,3.8,3.767108925592));
#8543=CARTESIAN_POINT('Ctrl Pts',(-3.340569399718,3.340569399718,3.767108925592));
#8544=CARTESIAN_POINT('Ctrl Pts',(-3.8,3.340569399718,3.767108925592));
#8545=CARTESIAN_POINT('Ctrl Pts',(-4.259430600282,3.340569399718,3.767108925592));
#8546=CARTESIAN_POINT('Ctrl Pts',(-4.259430600282,3.8,3.767108925592));
#8547=CARTESIAN_POINT('Ctrl Pts',(-4.259430600282,4.259430600282,3.767108925592));
#8548=CARTESIAN_POINT('Ctrl Pts',(-3.8,4.259430600282,3.767108925592));
#8549=CARTESIAN_POINT('Ctrl Pts',(-3.340569399718,4.259430600282,3.767108925592));
#8550=CARTESIAN_POINT('Ctrl Pts',(-3.340569399718,3.8,3.767108925592));
#8551=CARTESIAN_POINT('Ctrl Pts',(-3.44528024488,3.8,3.8));
#8552=CARTESIAN_POINT('Ctrl Pts',(-3.44528024488,3.44528024488,3.8));
#8553=CARTESIAN_POINT('Ctrl Pts',(-3.8,3.44528024488,3.8));
#8554=CARTESIAN_POINT('Ctrl Pts',(-4.15471975512,3.44528024488,3.8));
#8555=CARTESIAN_POINT('Ctrl Pts',(-4.15471975512,3.8,3.8));
#8556=CARTESIAN_POINT('Ctrl Pts',(-4.15471975512,4.15471975512,3.8));
#8557=CARTESIAN_POINT('Ctrl Pts',(-3.8,4.15471975512,3.8));
#8558=CARTESIAN_POINT('Ctrl Pts',(-3.44528024488,4.15471975512,3.8));
#8559=CARTESIAN_POINT('Ctrl Pts',(-3.44528024488,3.8,3.8));
#8560=CARTESIAN_POINT('Ctrl Pts',(-3.55,3.8,3.8));
#8561=CARTESIAN_POINT('Ctrl Pts',(-3.55,3.55,3.8));
#8562=CARTESIAN_POINT('Ctrl Pts',(-3.8,3.55,3.8));
#8563=CARTESIAN_POINT('Ctrl Pts',(-4.05,3.55,3.8));
#8564=CARTESIAN_POINT('Ctrl Pts',(-4.05,3.8,3.8));
#8565=CARTESIAN_POINT('Ctrl Pts',(-4.05,4.05,3.8));
#8566=CARTESIAN_POINT('Ctrl Pts',(-3.8,4.05,3.8));
#8567=CARTESIAN_POINT('Ctrl Pts',(-3.55,4.05,3.8));
#8568=CARTESIAN_POINT('Ctrl Pts',(-3.55,3.8,3.8));
#8569=CARTESIAN_POINT('',(-3.55,3.8,3.8));
#8570=CARTESIAN_POINT('Origin',(-3.55,3.8,3.4));
#8571=CARTESIAN_POINT('Origin',(-3.8,3.8,3.8));
#8572=CARTESIAN_POINT('Ctrl Pts',(4.45,3.8,3.4));
#8573=CARTESIAN_POINT('Ctrl Pts',(4.45,3.15,3.4));
#8574=CARTESIAN_POINT('Ctrl Pts',(3.8,3.15,3.4));
#8575=CARTESIAN_POINT('Ctrl Pts',(3.15,3.15,3.4));
#8576=CARTESIAN_POINT('Ctrl Pts',(3.15,3.8,3.4));
#8577=CARTESIAN_POINT('Ctrl Pts',(3.15,4.45,3.4));
#8578=CARTESIAN_POINT('Ctrl Pts',(3.8,4.45,3.4));
#8579=CARTESIAN_POINT('Ctrl Pts',(4.45,4.45,3.4));
#8580=CARTESIAN_POINT('Ctrl Pts',(4.45,3.8,3.4));
#8581=CARTESIAN_POINT('Ctrl Pts',(4.45,3.8,3.50471975512));
#8582=CARTESIAN_POINT('Ctrl Pts',(4.45,3.15,3.50471975512));
#8583=CARTESIAN_POINT('Ctrl Pts',(3.8,3.15,3.50471975512));
#8584=CARTESIAN_POINT('Ctrl Pts',(3.15,3.15,3.50471975512));
#8585=CARTESIAN_POINT('Ctrl Pts',(3.15,3.8,3.50471975512));
#8586=CARTESIAN_POINT('Ctrl Pts',(3.15,4.45,3.50471975512));
#8587=CARTESIAN_POINT('Ctrl Pts',(3.8,4.45,3.50471975512));
#8588=CARTESIAN_POINT('Ctrl Pts',(4.45,4.45,3.50471975512));
#8589=CARTESIAN_POINT('Ctrl Pts',(4.45,3.8,3.50471975512));
#8590=CARTESIAN_POINT('Ctrl Pts',(4.417108925592,3.8,3.609430600282));
#8591=CARTESIAN_POINT('Ctrl Pts',(4.417108925592,3.182891074408,3.609430600282));
#8592=CARTESIAN_POINT('Ctrl Pts',(3.8,3.182891074408,3.609430600282));
#8593=CARTESIAN_POINT('Ctrl Pts',(3.182891074408,3.182891074408,3.609430600282));
#8594=CARTESIAN_POINT('Ctrl Pts',(3.182891074408,3.8,3.609430600282));
#8595=CARTESIAN_POINT('Ctrl Pts',(3.182891074408,4.417108925592,3.609430600282));
#8596=CARTESIAN_POINT('Ctrl Pts',(3.8,4.417108925592,3.609430600282));
#8597=CARTESIAN_POINT('Ctrl Pts',(4.417108925592,4.417108925592,3.609430600282));
#8598=CARTESIAN_POINT('Ctrl Pts',(4.417108925592,3.8,3.609430600282));
#8599=CARTESIAN_POINT('Ctrl Pts',(4.351276059856,3.8,3.701276059856));
#8600=CARTESIAN_POINT('Ctrl Pts',(4.351276059856,3.248723940144,3.701276059856));
#8601=CARTESIAN_POINT('Ctrl Pts',(3.8,3.248723940144,3.701276059856));
#8602=CARTESIAN_POINT('Ctrl Pts',(3.248723940144,3.248723940144,3.701276059856));
#8603=CARTESIAN_POINT('Ctrl Pts',(3.248723940144,3.8,3.701276059856));
#8604=CARTESIAN_POINT('Ctrl Pts',(3.248723940144,4.351276059856,3.701276059856));
#8605=CARTESIAN_POINT('Ctrl Pts',(3.8,4.351276059856,3.701276059856));
#8606=CARTESIAN_POINT('Ctrl Pts',(4.351276059856,4.351276059856,3.701276059856));
#8607=CARTESIAN_POINT('Ctrl Pts',(4.351276059856,3.8,3.701276059856));
#8608=CARTESIAN_POINT('Ctrl Pts',(4.259430600282,3.8,3.767108925592));
#8609=CARTESIAN_POINT('Ctrl Pts',(4.259430600282,3.340569399718,3.767108925592));
#8610=CARTESIAN_POINT('Ctrl Pts',(3.8,3.340569399718,3.767108925592));
#8611=CARTESIAN_POINT('Ctrl Pts',(3.340569399718,3.340569399718,3.767108925592));
#8612=CARTESIAN_POINT('Ctrl Pts',(3.340569399718,3.8,3.767108925592));
#8613=CARTESIAN_POINT('Ctrl Pts',(3.340569399718,4.259430600282,3.767108925592));
#8614=CARTESIAN_POINT('Ctrl Pts',(3.8,4.259430600282,3.767108925592));
#8615=CARTESIAN_POINT('Ctrl Pts',(4.259430600282,4.259430600282,3.767108925592));
#8616=CARTESIAN_POINT('Ctrl Pts',(4.259430600282,3.8,3.767108925592));
#8617=CARTESIAN_POINT('Ctrl Pts',(4.15471975512,3.8,3.8));
#8618=CARTESIAN_POINT('Ctrl Pts',(4.15471975512,3.44528024488,3.8));
#8619=CARTESIAN_POINT('Ctrl Pts',(3.8,3.44528024488,3.8));
#8620=CARTESIAN_POINT('Ctrl Pts',(3.44528024488,3.44528024488,3.8));
#8621=CARTESIAN_POINT('Ctrl Pts',(3.44528024488,3.8,3.8));
#8622=CARTESIAN_POINT('Ctrl Pts',(3.44528024488,4.15471975512,3.8));
#8623=CARTESIAN_POINT('Ctrl Pts',(3.8,4.15471975512,3.8));
#8624=CARTESIAN_POINT('Ctrl Pts',(4.15471975512,4.15471975512,3.8));
#8625=CARTESIAN_POINT('Ctrl Pts',(4.15471975512,3.8,3.8));
#8626=CARTESIAN_POINT('Ctrl Pts',(4.05,3.8,3.8));
#8627=CARTESIAN_POINT('Ctrl Pts',(4.05,3.55,3.8));
#8628=CARTESIAN_POINT('Ctrl Pts',(3.8,3.55,3.8));
#8629=CARTESIAN_POINT('Ctrl Pts',(3.55,3.55,3.8));
#8630=CARTESIAN_POINT('Ctrl Pts',(3.55,3.8,3.8));
#8631=CARTESIAN_POINT('Ctrl Pts',(3.55,4.05,3.8));
#8632=CARTESIAN_POINT('Ctrl Pts',(3.8,4.05,3.8));
#8633=CARTESIAN_POINT('Ctrl Pts',(4.05,4.05,3.8));
#8634=CARTESIAN_POINT('Ctrl Pts',(4.05,3.8,3.8));
#8635=CARTESIAN_POINT('',(4.05,3.8,3.8));
#8636=CARTESIAN_POINT('Origin',(4.05,3.8,3.4));
#8637=CARTESIAN_POINT('Origin',(3.8,3.8,3.8));
#8638=CARTESIAN_POINT('Origin',(6.,-5.,0.));
#8639=CARTESIAN_POINT('',(6.,-5.,0.));
#8640=CARTESIAN_POINT('',(6.,-5.,0.));
#8641=CARTESIAN_POINT('',(6.,5.,0.));
#8642=CARTESIAN_POINT('',(6.,-5.,0.));
#8643=CARTESIAN_POINT('',(6.,5.,0.));
#8644=CARTESIAN_POINT('Origin',(5.,-6.,0.));
#8645=CARTESIAN_POINT('',(5.,-6.,0.));
#8646=CARTESIAN_POINT('',(5.,-6.,0.));
#8647=CARTESIAN_POINT('',(5.,-6.,0.));
#8648=CARTESIAN_POINT('Origin',(6.,5.,0.));
#8649=CARTESIAN_POINT('',(5.,6.,0.));
#8650=CARTESIAN_POINT('',(6.,5.,0.));
#8651=CARTESIAN_POINT('',(5.,6.,0.));
#8652=CARTESIAN_POINT('Origin',(-5.,-6.,0.));
#8653=CARTESIAN_POINT('',(-5.,-6.,0.));
#8654=CARTESIAN_POINT('',(-5.,-6.,0.));
#8655=CARTESIAN_POINT('',(-5.,-6.,0.));
#8656=CARTESIAN_POINT('Origin',(5.,6.,0.));
#8657=CARTESIAN_POINT('',(-5.,6.,0.));
#8658=CARTESIAN_POINT('',(5.,6.,0.));
#8659=CARTESIAN_POINT('',(-5.,6.,0.));
#8660=CARTESIAN_POINT('Origin',(-6.,-5.,0.));
#8661=CARTESIAN_POINT('',(-6.,-5.,0.));
#8662=CARTESIAN_POINT('',(-6.,-5.,0.));
#8663=CARTESIAN_POINT('',(-6.,-5.,0.));
#8664=CARTESIAN_POINT('Origin',(-5.,6.,0.));
#8665=CARTESIAN_POINT('',(-6.,5.,0.));
#8666=CARTESIAN_POINT('',(-5.,6.,0.));
#8667=CARTESIAN_POINT('',(-6.,5.,0.));
#8668=CARTESIAN_POINT('Origin',(-6.,5.,0.));
#8669=CARTESIAN_POINT('',(-6.,5.,0.));
#8670=CARTESIAN_POINT('Origin',(5.6E-16,3.6E-16,3.8));
#8671=CARTESIAN_POINT('Origin',(5.6E-16,3.6E-16,3.8));
#8672=CARTESIAN_POINT('Origin',(5.6E-16,3.6E-16,3.8));
#8673=CARTESIAN_POINT('Origin',(1.9E-16,-1.9E-16,0.));
#8674=CARTESIAN_POINT('',(-5.5,-4.792893218813,0.));
#8675=CARTESIAN_POINT('',(-5.5,-3.5,0.));
#8676=CARTESIAN_POINT('',(-5.5,-4.792893218813,0.));
#8677=CARTESIAN_POINT('',(-4.792893218813,-5.5,0.));
#8678=CARTESIAN_POINT('',(-4.792893218813,-5.5,0.));
#8679=CARTESIAN_POINT('',(-3.5,-5.5,0.));
#8680=CARTESIAN_POINT('',(-3.5,-5.5,0.));
#8681=CARTESIAN_POINT('',(-3.5,-3.5,0.));
#8682=CARTESIAN_POINT('',(-3.5,-3.5,0.));
#8683=CARTESIAN_POINT('',(-5.5,-3.5,0.));
#8684=CARTESIAN_POINT('',(4.792893218813,-5.5,-1.064236081219E-15));
#8685=CARTESIAN_POINT('',(3.5,-5.5,-7.771561172376E-16));
#8686=CARTESIAN_POINT('',(4.792893218813,-5.5,-1.064236081219E-15));
#8687=CARTESIAN_POINT('',(5.5,-4.792893218813,-1.221245327088E-15));
#8688=CARTESIAN_POINT('',(5.5,-4.792893218813,-1.221245327088E-15));
#8689=CARTESIAN_POINT('',(5.5,-3.5,-1.221245327088E-15));
#8690=CARTESIAN_POINT('',(5.5,-3.5,-1.221245327088E-15));
#8691=CARTESIAN_POINT('',(3.5,-3.5,-7.771561172376E-16));
#8692=CARTESIAN_POINT('',(3.5,-3.5,-7.771561172376E-16));
#8693=CARTESIAN_POINT('',(3.5,-5.5,-7.771561172376E-16));
#8694=CARTESIAN_POINT('',(-4.792893218813,5.5,-1.221245327088E-15));
#8695=CARTESIAN_POINT('',(-3.5,5.5,-1.221245327088E-15));
#8696=CARTESIAN_POINT('',(-4.792893218813,5.5,-1.221245327088E-15));
#8697=CARTESIAN_POINT('',(-5.5,4.792893218813,-1.064236081219E-15));
#8698=CARTESIAN_POINT('',(-5.5,4.792893218813,-1.064236081219E-15));
#8699=CARTESIAN_POINT('',(-5.5,3.5,-7.771561172376E-16));
#8700=CARTESIAN_POINT('',(-5.5,3.5,-7.771561172376E-16));
#8701=CARTESIAN_POINT('',(-3.5,3.5,-7.771561172376E-16));
#8702=CARTESIAN_POINT('',(-3.5,3.5,-7.771561172376E-16));
#8703=CARTESIAN_POINT('',(-3.5,5.5,-1.221245327088E-15));
#8704=CARTESIAN_POINT('',(5.5,4.792893218813,-2.285481408307E-15));
#8705=CARTESIAN_POINT('',(5.5,3.5,-1.998401444325E-15));
#8706=CARTESIAN_POINT('',(5.5,4.792893218813,-2.285481408307E-15));
#8707=CARTESIAN_POINT('',(4.792893218813,5.5,-2.285481408307E-15));
#8708=CARTESIAN_POINT('',(4.792893218813,5.5,-2.285481408307E-15));
#8709=CARTESIAN_POINT('',(3.5,5.5,-1.998401444325E-15));
#8710=CARTESIAN_POINT('',(3.5,5.5,-1.998401444325E-15));
#8711=CARTESIAN_POINT('',(3.5,3.5,-1.554312234475E-15));
#8712=CARTESIAN_POINT('',(3.5,3.5,-1.554312234475E-15));
#8713=CARTESIAN_POINT('',(5.5,3.5,-1.998401444325E-15));
#8714=CARTESIAN_POINT('Origin',(-5.5,-4.792893218813,0.));
#8715=CARTESIAN_POINT('',(-5.5,-4.792893218813,-0.2));
#8716=CARTESIAN_POINT('',(-5.5,-4.792893218813,0.));
#8717=CARTESIAN_POINT('',(-5.5,-3.5,-0.2));
#8718=CARTESIAN_POINT('',(-5.5,-3.5,0.));
#8719=CARTESIAN_POINT('',(-5.5,-4.792893218813,-0.2));
#8720=CARTESIAN_POINT('Origin',(-4.792893218813,-5.5,0.));
#8721=CARTESIAN_POINT('',(-4.792893218813,-5.5,-0.2));
#8722=CARTESIAN_POINT('',(-4.792893218813,-5.5,0.));
#8723=CARTESIAN_POINT('',(-4.792893218813,-5.5,-0.2));
#8724=CARTESIAN_POINT('Origin',(-5.5,-3.5,0.));
#8725=CARTESIAN_POINT('',(-3.5,-3.5,-0.2));
#8726=CARTESIAN_POINT('',(-3.5,-3.5,0.));
#8727=CARTESIAN_POINT('',(-5.5,-3.5,-0.2));
#8728=CARTESIAN_POINT('Origin',(-3.5,-5.5,0.));
#8729=CARTESIAN_POINT('',(-3.5,-5.5,-0.2));
#8730=CARTESIAN_POINT('',(-3.5,-5.5,0.));
#8731=CARTESIAN_POINT('',(-3.5,-5.5,-0.2));
#8732=CARTESIAN_POINT('Origin',(-3.5,-3.5,0.));
#8733=CARTESIAN_POINT('',(-3.5,-3.5,-0.2));
#8734=CARTESIAN_POINT('Origin',(4.792893218813,-5.5,-1.064236081219E-15));
#8735=CARTESIAN_POINT('',(4.792893218813,-5.5,-0.2));
#8736=CARTESIAN_POINT('',(4.792893218813,-5.5,-1.064236081219E-15));
#8737=CARTESIAN_POINT('',(3.5,-5.5,-0.2));
#8738=CARTESIAN_POINT('',(3.5,-5.5,-7.771561172376E-16));
#8739=CARTESIAN_POINT('',(4.792893218813,-5.5,-0.2));
#8740=CARTESIAN_POINT('Origin',(5.5,-4.792893218813,-1.221245327088E-15));
#8741=CARTESIAN_POINT('',(5.5,-4.792893218813,-0.2));
#8742=CARTESIAN_POINT('',(5.5,-4.792893218813,-1.221245327088E-15));
#8743=CARTESIAN_POINT('',(5.5,-4.792893218813,-0.2));
#8744=CARTESIAN_POINT('Origin',(5.5,-3.5,-1.221245327088E-15));
#8745=CARTESIAN_POINT('',(5.5,-3.5,-0.2));
#8746=CARTESIAN_POINT('',(5.5,-3.5,-1.221245327088E-15));
#8747=CARTESIAN_POINT('',(5.5,-3.5,-0.2));
#8748=CARTESIAN_POINT('Origin',(3.5,-3.5,-7.771561172376E-16));
#8749=CARTESIAN_POINT('',(3.5,-3.5,-0.2));
#8750=CARTESIAN_POINT('',(3.5,-3.5,-7.771561172376E-16));
#8751=CARTESIAN_POINT('',(3.5,-3.5,-0.2));
#8752=CARTESIAN_POINT('Origin',(3.5,-5.5,-7.771561172376E-16));
#8753=CARTESIAN_POINT('',(3.5,-5.5,-0.2));
#8754=CARTESIAN_POINT('Origin',(-4.792893218813,5.5,-1.221245327088E-15));
#8755=CARTESIAN_POINT('',(-4.792893218813,5.5,-0.2));
#8756=CARTESIAN_POINT('',(-4.792893218813,5.5,-1.221245327088E-15));
#8757=CARTESIAN_POINT('',(-3.5,5.5,-0.2));
#8758=CARTESIAN_POINT('',(-3.5,5.5,-1.221245327088E-15));
#8759=CARTESIAN_POINT('',(-4.792893218813,5.5,-0.2));
#8760=CARTESIAN_POINT('Origin',(-5.5,4.792893218813,-1.064236081219E-15));
#8761=CARTESIAN_POINT('',(-5.5,4.792893218813,-0.2));
#8762=CARTESIAN_POINT('',(-5.5,4.792893218813,-1.064236081219E-15));
#8763=CARTESIAN_POINT('',(-5.5,4.792893218813,-0.2));
#8764=CARTESIAN_POINT('Origin',(-5.5,3.5,-7.771561172376E-16));
#8765=CARTESIAN_POINT('',(-5.5,3.5,-0.2));
#8766=CARTESIAN_POINT('',(-5.5,3.5,-7.771561172376E-16));
#8767=CARTESIAN_POINT('',(-5.5,3.5,-0.2));
#8768=CARTESIAN_POINT('Origin',(-3.5,3.5,-7.771561172376E-16));
#8769=CARTESIAN_POINT('',(-3.5,3.5,-0.2));
#8770=CARTESIAN_POINT('',(-3.5,3.5,-7.771561172376E-16));
#8771=CARTESIAN_POINT('',(-3.5,3.5,-0.2));
#8772=CARTESIAN_POINT('Origin',(-3.5,5.5,-1.221245327088E-15));
#8773=CARTESIAN_POINT('',(-3.5,5.5,-0.2));
#8774=CARTESIAN_POINT('Origin',(5.5,4.792893218813,-2.285481408307E-15));
#8775=CARTESIAN_POINT('',(5.5,4.792893218813,-0.2));
#8776=CARTESIAN_POINT('',(5.5,4.792893218813,-2.285481408307E-15));
#8777=CARTESIAN_POINT('',(5.5,3.5,-0.2));
#8778=CARTESIAN_POINT('',(5.5,3.5,-1.998401444325E-15));
#8779=CARTESIAN_POINT('',(5.5,4.792893218813,-0.2));
#8780=CARTESIAN_POINT('Origin',(4.792893218813,5.5,-2.285481408307E-15));
#8781=CARTESIAN_POINT('',(4.792893218813,5.5,-0.2));
#8782=CARTESIAN_POINT('',(4.792893218813,5.5,-2.285481408307E-15));
#8783=CARTESIAN_POINT('',(4.792893218813,5.5,-0.2));
#8784=CARTESIAN_POINT('Origin',(3.5,5.5,-1.998401444325E-15));
#8785=CARTESIAN_POINT('',(3.5,5.5,-0.2));
#8786=CARTESIAN_POINT('',(3.5,5.5,-1.998401444325E-15));
#8787=CARTESIAN_POINT('',(3.5,5.5,-0.2));
#8788=CARTESIAN_POINT('Origin',(3.5,3.5,-1.554312234475E-15));
#8789=CARTESIAN_POINT('',(3.5,3.5,-0.2));
#8790=CARTESIAN_POINT('',(3.5,3.5,-1.554312234475E-15));
#8791=CARTESIAN_POINT('',(3.5,3.5,-0.2));
#8792=CARTESIAN_POINT('Origin',(5.5,3.5,-1.998401444325E-15));
#8793=CARTESIAN_POINT('',(5.5,3.5,-0.2));
#8794=CARTESIAN_POINT('Origin',(-4.431745118687,-4.431745118687,-0.2));
#8795=CARTESIAN_POINT('Origin',(4.431745118687,-4.431745118687,-0.2));
#8796=CARTESIAN_POINT('Origin',(-4.431745118687,4.431745118687,-0.2));
#8797=CARTESIAN_POINT('Origin',(4.431745118687,4.431745118687,-0.2));
#8798=CARTESIAN_POINT('',(0.,0.,0.));
#8799=CARTESIAN_POINT('Origin',(-4.25,-5.05,0.));
#8800=CARTESIAN_POINT('',(-4.25,-5.05,0.));
#8801=CARTESIAN_POINT('',(-4.25,-5.05,0.2));
#8802=CARTESIAN_POINT('',(-4.25,-5.05,0.));
#8803=CARTESIAN_POINT('',(4.25,-5.05,0.));
#8804=CARTESIAN_POINT('',(-4.25,-5.05,0.));
#8805=CARTESIAN_POINT('',(4.25,-5.05,0.2));
#8806=CARTESIAN_POINT('',(4.25,-5.05,0.));
#8807=CARTESIAN_POINT('',(-4.25,-5.05,0.2));
#8808=CARTESIAN_POINT('Origin',(4.25,-4.25,0.));
#8809=CARTESIAN_POINT('',(5.05,-4.25,0.));
#8810=CARTESIAN_POINT('Origin',(4.25,-4.25,0.));
#8811=CARTESIAN_POINT('',(5.05,-4.25,0.2));
#8812=CARTESIAN_POINT('',(5.05,-4.25,0.));
#8813=CARTESIAN_POINT('Origin',(4.25,-4.25,0.2));
#8814=CARTESIAN_POINT('Origin',(5.05,-4.25,0.));
#8815=CARTESIAN_POINT('',(5.05,4.25,0.));
#8816=CARTESIAN_POINT('',(5.05,-4.25,0.));
#8817=CARTESIAN_POINT('',(5.05,4.25,0.2));
#8818=CARTESIAN_POINT('',(5.05,4.25,0.));
#8819=CARTESIAN_POINT('',(5.05,-4.25,0.2));
#8820=CARTESIAN_POINT('Origin',(4.25,4.25,0.));
#8821=CARTESIAN_POINT('',(4.25,5.05,0.));
#8822=CARTESIAN_POINT('Origin',(4.25,4.25,0.));
#8823=CARTESIAN_POINT('',(4.25,5.05,0.2));
#8824=CARTESIAN_POINT('',(4.25,5.05,0.));
#8825=CARTESIAN_POINT('Origin',(4.25,4.25,0.2));
#8826=CARTESIAN_POINT('Origin',(4.25,5.05,0.));
#8827=CARTESIAN_POINT('',(-4.25,5.05,0.));
#8828=CARTESIAN_POINT('',(4.25,5.05,0.));
#8829=CARTESIAN_POINT('',(-4.25,5.05,0.2));
#8830=CARTESIAN_POINT('',(-4.25,5.05,0.));
#8831=CARTESIAN_POINT('',(4.25,5.05,0.2));
#8832=CARTESIAN_POINT('Origin',(-4.25,4.25,0.));
#8833=CARTESIAN_POINT('',(-5.05,4.25,0.));
#8834=CARTESIAN_POINT('Origin',(-4.25,4.25,0.));
#8835=CARTESIAN_POINT('',(-5.05,4.25,0.2));
#8836=CARTESIAN_POINT('',(-5.05,4.25,0.));
#8837=CARTESIAN_POINT('Origin',(-4.25,4.25,0.2));
#8838=CARTESIAN_POINT('Origin',(-5.05,4.25,0.));
#8839=CARTESIAN_POINT('',(-5.05,-4.25,0.));
#8840=CARTESIAN_POINT('',(-5.05,4.25,0.));
#8841=CARTESIAN_POINT('',(-5.05,-4.25,0.2));
#8842=CARTESIAN_POINT('',(-5.05,-4.25,0.));
#8843=CARTESIAN_POINT('',(-5.05,4.25,0.2));
#8844=CARTESIAN_POINT('Origin',(-4.25,-4.25,0.));
#8845=CARTESIAN_POINT('Origin',(-4.25,-4.25,0.));
#8846=CARTESIAN_POINT('Origin',(-4.25,-4.25,0.2));
#8847=CARTESIAN_POINT('Origin',(-3.34332599403E-19,2.779666836668E-19,0.));
#8848=CARTESIAN_POINT('',(-3.5,4.2890434638524E-16,0.2));
#8849=CARTESIAN_POINT('Origin',(-3.34332599403E-19,2.779666836668E-19,0.2));
#8850=CARTESIAN_POINT('',(-3.5,4.2890434638524E-16,0.));
#8851=CARTESIAN_POINT('',(-3.5,4.2890434638524E-16,0.));
#8852=CARTESIAN_POINT('Origin',(-3.34332599403E-19,2.779666836668E-19,0.));
#8853=CARTESIAN_POINT('Origin',(-3.8,-3.8,0.));
#8854=CARTESIAN_POINT('',(-4.4,-3.8,0.2));
#8855=CARTESIAN_POINT('Origin',(-3.8,-3.8,0.2));
#8856=CARTESIAN_POINT('',(-4.4,-3.8,0.));
#8857=CARTESIAN_POINT('',(-4.4,-3.8,0.));
#8858=CARTESIAN_POINT('Origin',(-3.8,-3.8,0.));
#8859=CARTESIAN_POINT('Origin',(3.8,-3.8,0.));
#8860=CARTESIAN_POINT('',(3.2,-3.8,0.2));
#8861=CARTESIAN_POINT('Origin',(3.8,-3.8,0.2));
#8862=CARTESIAN_POINT('',(3.2,-3.8,0.));
#8863=CARTESIAN_POINT('',(3.2,-3.8,0.));
#8864=CARTESIAN_POINT('Origin',(3.8,-3.8,0.));
#8865=CARTESIAN_POINT('Origin',(3.8,3.8,0.));
#8866=CARTESIAN_POINT('',(3.2,3.8,0.2));
#8867=CARTESIAN_POINT('Origin',(3.8,3.8,0.2));
#8868=CARTESIAN_POINT('',(3.2,3.8,0.));
#8869=CARTESIAN_POINT('',(3.2,3.8,0.));
#8870=CARTESIAN_POINT('Origin',(3.8,3.8,0.));
#8871=CARTESIAN_POINT('Origin',(-3.8,3.8,0.));
#8872=CARTESIAN_POINT('',(-4.4,3.8,0.2));
#8873=CARTESIAN_POINT('Origin',(-3.8,3.8,0.2));
#8874=CARTESIAN_POINT('',(-4.4,3.8,0.));
#8875=CARTESIAN_POINT('',(-4.4,3.8,0.));
#8876=CARTESIAN_POINT('Origin',(-3.8,3.8,0.));
#8877=CARTESIAN_POINT('Origin',(1.179958153501E-16,-1.275630436218E-17,
0.));
#8878=CARTESIAN_POINT('Origin',(1.179958153501E-16,-1.275630436218E-17,
0.2));
#8879=CARTESIAN_POINT('',(0.,0.,0.));
#8880=CARTESIAN_POINT('Origin',(-6.E-17,-6.E-17,2.2));
#8881=CARTESIAN_POINT('',(-1.9,1.6,2.2));
#8882=CARTESIAN_POINT('',(-1.9,-1.6,2.2));
#8883=CARTESIAN_POINT('',(-1.9,1.9,2.2));
#8884=CARTESIAN_POINT('',(-1.6,1.9,2.2));
#8885=CARTESIAN_POINT('Origin',(-1.6,1.6,2.2));
#8886=CARTESIAN_POINT('',(1.6,1.9,2.2));
#8887=CARTESIAN_POINT('',(1.9,1.9,2.2));
#8888=CARTESIAN_POINT('',(1.9,1.6,2.2));
#8889=CARTESIAN_POINT('Origin',(1.6,1.6,2.2));
#8890=CARTESIAN_POINT('',(1.9,-1.6,2.2));
#8891=CARTESIAN_POINT('',(1.9,-1.9,2.2));
#8892=CARTESIAN_POINT('',(1.6,-1.9,2.2));
#8893=CARTESIAN_POINT('Origin',(1.6,-1.6,2.2));
#8894=CARTESIAN_POINT('',(-1.6,-1.9,2.2));
#8895=CARTESIAN_POINT('',(-1.9,-1.9,2.2));
#8896=CARTESIAN_POINT('Origin',(-1.6,-1.6,2.2));
#8897=CARTESIAN_POINT('',(-1.5,1.5,2.2));
#8898=CARTESIAN_POINT('',(-1.5,-1.5,2.2));
#8899=CARTESIAN_POINT('',(-1.5,1.5,2.2));
#8900=CARTESIAN_POINT('',(1.5,-1.5,2.2));
#8901=CARTESIAN_POINT('',(-1.5,-1.5,2.2));
#8902=CARTESIAN_POINT('',(1.5,1.5,2.2));
#8903=CARTESIAN_POINT('',(1.5,-1.5,2.2));
#8904=CARTESIAN_POINT('',(1.5,1.5,2.2));
#8905=CARTESIAN_POINT('Origin',(-1.9,1.9,2.2));
#8906=CARTESIAN_POINT('',(-1.9,-1.6,3.9));
#8907=CARTESIAN_POINT('',(-1.9,-1.6,2.2));
#8908=CARTESIAN_POINT('',(-1.9,1.6,3.9));
#8909=CARTESIAN_POINT('',(-1.9,1.9,3.9));
#8910=CARTESIAN_POINT('',(-1.9,1.6,2.2));
#8911=CARTESIAN_POINT('Origin',(-1.6,1.6,2.2));
#8912=CARTESIAN_POINT('',(-1.6,1.9,3.9));
#8913=CARTESIAN_POINT('Origin',(-1.6,1.6,3.9));
#8914=CARTESIAN_POINT('',(-1.6,1.9,2.2));
#8915=CARTESIAN_POINT('Origin',(-1.6,-1.6,2.2));
#8916=CARTESIAN_POINT('',(-1.6,-1.9,3.9));
#8917=CARTESIAN_POINT('',(-1.6,-1.9,2.2));
#8918=CARTESIAN_POINT('Origin',(-1.6,-1.6,3.9));
#8919=CARTESIAN_POINT('Origin',(1.9,1.9,2.2));
#8920=CARTESIAN_POINT('',(1.6,1.9,3.9));
#8921=CARTESIAN_POINT('',(1.9,1.9,3.9));
#8922=CARTESIAN_POINT('',(1.6,1.9,2.2));
#8923=CARTESIAN_POINT('Origin',(-1.9,-1.9,2.2));
#8924=CARTESIAN_POINT('',(1.6,-1.9,3.9));
#8925=CARTESIAN_POINT('',(1.6,-1.9,2.2));
#8926=CARTESIAN_POINT('',(-1.9,-1.9,3.9));
#8927=CARTESIAN_POINT('Origin',(1.6,1.6,2.2));
#8928=CARTESIAN_POINT('',(1.9,1.6,3.9));
#8929=CARTESIAN_POINT('Origin',(1.6,1.6,3.9));
#8930=CARTESIAN_POINT('',(1.9,1.6,2.2));
#8931=CARTESIAN_POINT('Origin',(1.6,-1.6,2.2));
#8932=CARTESIAN_POINT('',(1.9,-1.6,3.9));
#8933=CARTESIAN_POINT('',(1.9,-1.6,2.2));
#8934=CARTESIAN_POINT('Origin',(1.6,-1.6,3.9));
#8935=CARTESIAN_POINT('Origin',(1.9,-1.9,2.2));
#8936=CARTESIAN_POINT('',(1.9,-1.9,3.9));
#8937=CARTESIAN_POINT('Origin',(-1.5,1.5,1.));
#8938=CARTESIAN_POINT('',(-1.5,1.5,1.));
#8939=CARTESIAN_POINT('',(-1.5,1.5,1.));
#8940=CARTESIAN_POINT('',(-1.5,-1.5,1.));
#8941=CARTESIAN_POINT('',(-1.5,1.5,1.));
#8942=CARTESIAN_POINT('',(-1.5,-1.5,1.));
#8943=CARTESIAN_POINT('Origin',(-1.5,-1.5,1.));
#8944=CARTESIAN_POINT('',(1.5,-1.5,1.));
#8945=CARTESIAN_POINT('',(-1.5,-1.5,1.));
#8946=CARTESIAN_POINT('',(1.5,-1.5,1.));
#8947=CARTESIAN_POINT('Origin',(1.5,-1.5,1.));
#8948=CARTESIAN_POINT('',(1.5,1.5,1.));
#8949=CARTESIAN_POINT('',(1.5,-1.5,1.));
#8950=CARTESIAN_POINT('',(1.5,1.5,1.));
#8951=CARTESIAN_POINT('Origin',(1.5,1.5,1.));
#8952=CARTESIAN_POINT('',(1.5,1.5,1.));
#8953=CARTESIAN_POINT('Origin',(-1.6,1.9,3.9));
#8954=CARTESIAN_POINT('',(-1.6,-1.6,4.2));
#8955=CARTESIAN_POINT('Origin',(-1.6,-1.6,3.9));
#8956=CARTESIAN_POINT('',(-1.6,1.6,4.2));
#8957=CARTESIAN_POINT('',(-1.6,1.9,4.2));
#8958=CARTESIAN_POINT('Origin',(-1.6,1.6,3.9));
#8959=CARTESIAN_POINT('Origin',(-1.6,1.6,3.9));
#8960=CARTESIAN_POINT('Origin',(-1.6,1.6,3.9));
#8961=CARTESIAN_POINT('Origin',(-1.6,-1.6,3.9));
#8962=CARTESIAN_POINT('Origin',(-1.6,-1.6,3.9));
#8963=CARTESIAN_POINT('Origin',(1.9,1.6,3.9));
#8964=CARTESIAN_POINT('',(1.6,1.6,4.2));
#8965=CARTESIAN_POINT('',(1.9,1.6,4.2));
#8966=CARTESIAN_POINT('Origin',(1.6,1.6,3.9));
#8967=CARTESIAN_POINT('Origin',(-1.9,-1.6,3.9));
#8968=CARTESIAN_POINT('',(1.6,-1.6,4.2));
#8969=CARTESIAN_POINT('Origin',(1.6,-1.6,3.9));
#8970=CARTESIAN_POINT('',(-1.9,-1.6,4.2));
#8971=CARTESIAN_POINT('Origin',(1.6,1.6,3.9));
#8972=CARTESIAN_POINT('Origin',(1.6,1.6,3.9));
#8973=CARTESIAN_POINT('Origin',(1.6,-1.6,3.9));
#8974=CARTESIAN_POINT('Origin',(1.6,-1.6,3.9));
#8975=CARTESIAN_POINT('Origin',(1.6,-1.9,3.9));
#8976=CARTESIAN_POINT('',(1.6,-1.9,4.2));
#8977=CARTESIAN_POINT('Origin',(-2.E-16,-1.4E-16,1.));
#8978=CARTESIAN_POINT('',(-3.5,4.28626379701574E-16,1.));
#8979=CARTESIAN_POINT('Origin',(0.,0.,1.));
#8980=CARTESIAN_POINT('Origin',(-6.E-17,-6.E-17,4.2));
#8981=CARTESIAN_POINT('',(-0.9,-1.10218211923262E-16,4.2));
#8982=CARTESIAN_POINT('Origin',(0.,0.,4.2));
#8983=CARTESIAN_POINT('Origin',(0.,0.,0.));
#8984=CARTESIAN_POINT('',(-3.5,4.28626379701574E-16,0.));
#8985=CARTESIAN_POINT('Origin',(0.,0.,0.));
#8986=CARTESIAN_POINT('',(-3.5,4.28626379701574E-16,0.));
#8987=CARTESIAN_POINT('Origin',(0.,0.,4.2));
#8988=CARTESIAN_POINT('',(-0.9,-1.10218211923262E-16,1.2));
#8989=CARTESIAN_POINT('Origin',(0.,0.,1.2));
#8990=CARTESIAN_POINT('',(-0.9,-1.10218211923262E-16,4.2));
#8991=CARTESIAN_POINT('Origin',(-2.E-16,-1.4E-16,0.));
#8992=CARTESIAN_POINT('Origin',(-2.E-17,1.E-17,1.2));
#8993=CARTESIAN_POINT('',(0.,0.,0.));
#8994=CARTESIAN_POINT('Origin',(5.,-2.,0.));
#8995=CARTESIAN_POINT('',(5.,-2.,0.));
#8996=CARTESIAN_POINT('',(5.,-2.,0.25));
#8997=CARTESIAN_POINT('',(5.,-2.,0.));
#8998=CARTESIAN_POINT('',(5.,-3.,0.));
#8999=CARTESIAN_POINT('',(5.,-2.,0.));
#9000=CARTESIAN_POINT('',(5.,-3.,0.25));
#9001=CARTESIAN_POINT('',(5.,-3.,0.));
#9002=CARTESIAN_POINT('',(5.,-2.,0.25));
#9003=CARTESIAN_POINT('Origin',(5.5,-2.5,0.));
#9004=CARTESIAN_POINT('',(6.,-2.,0.));
#9005=CARTESIAN_POINT('',(6.,-2.,0.));
#9006=CARTESIAN_POINT('',(6.,-3.,0.));
#9007=CARTESIAN_POINT('',(6.,-3.,0.));
#9008=CARTESIAN_POINT('',(5.,-3.,0.));
#9009=CARTESIAN_POINT('Origin',(5.5,-2.5,0.25));
#9010=CARTESIAN_POINT('',(6.,-3.,0.25));
#9011=CARTESIAN_POINT('',(5.,-3.,0.25));
#9012=CARTESIAN_POINT('',(6.,-2.,0.25));
#9013=CARTESIAN_POINT('',(6.,-3.,0.25));
#9014=CARTESIAN_POINT('',(6.,-2.,0.25));
#9015=CARTESIAN_POINT('Origin',(6.,-2.,-0.1));
#9016=CARTESIAN_POINT('',(6.093969262079,-2.,-0.06579798566743));
#9017=CARTESIAN_POINT('Origin',(6.,-2.,-0.1));
#9018=CARTESIAN_POINT('',(6.093969262079,-3.,-0.06579798566743));
#9019=CARTESIAN_POINT('',(6.093969262079,-2.,-0.06579798566743));
#9020=CARTESIAN_POINT('Origin',(6.,-3.,-0.1));
#9021=CARTESIAN_POINT('Origin',(6.,-3.,-0.1));
#9022=CARTESIAN_POINT('',(6.328892417275,-3.,0.01970705016398));
#9023=CARTESIAN_POINT('Origin',(6.,-3.,-0.1));
#9024=CARTESIAN_POINT('',(6.328892417275,-2.,0.01970705016398));
#9025=CARTESIAN_POINT('',(6.328892417275,-3.,0.01970705016399));
#9026=CARTESIAN_POINT('Origin',(6.,-2.,-0.1));
#9027=CARTESIAN_POINT('Origin',(6.435989405404,-2.5,-1.005490606453));
#9028=CARTESIAN_POINT('',(6.77800954873,-2.,-1.945183227239));
#9029=CARTESIAN_POINT('',(6.77800954873,-2.,-1.945183227239));
#9030=CARTESIAN_POINT('',(6.77800954873,-3.,-1.945183227239));
#9031=CARTESIAN_POINT('',(6.77800954873,-3.,-1.945183227239));
#9032=CARTESIAN_POINT('',(6.093969262079,-3.,-0.06579798566743));
#9033=CARTESIAN_POINT('Origin',(6.670912560601,-2.5,-0.919985570622));
#9034=CARTESIAN_POINT('',(7.012932703926,-3.,-1.859678191408));
#9035=CARTESIAN_POINT('',(6.328892417275,-3.,0.01970705016399));
#9036=CARTESIAN_POINT('',(7.012932703926,-2.,-1.859678191408));
#9037=CARTESIAN_POINT('',(7.012932703926,-3.,-1.859678191408));
#9038=CARTESIAN_POINT('',(7.012932703926,-2.,-1.859678191408));
#9039=CARTESIAN_POINT('Origin',(6.684040286651,-2.,-1.979385241572));
#9040=CARTESIAN_POINT('',(6.77800954873,-2.,-2.013587255904));
#9041=CARTESIAN_POINT('Origin',(6.684040286651,-2.,-1.979385241572));
#9042=CARTESIAN_POINT('',(6.77800954873,-3.,-2.013587255904));
#9043=CARTESIAN_POINT('',(6.77800954873,-2.,-2.013587255904));
#9044=CARTESIAN_POINT('Origin',(6.684040286651,-3.,-1.979385241572));
#9045=CARTESIAN_POINT('Origin',(6.684040286651,-3.,-1.979385241572));
#9046=CARTESIAN_POINT('',(7.012932703926,-3.,-2.099092291736));
#9047=CARTESIAN_POINT('Origin',(6.684040286651,-3.,-1.979385241572));
#9048=CARTESIAN_POINT('',(7.012932703926,-2.,-2.099092291736));
#9049=CARTESIAN_POINT('',(7.012932703926,-3.,-2.099092291736));
#9050=CARTESIAN_POINT('Origin',(6.684040286651,-2.,-1.979385241572));
#9051=CARTESIAN_POINT('Origin',(6.555696455568,-2.5,-2.624387459415));
#9052=CARTESIAN_POINT('',(6.516307515102,-2.,-2.732607683922));
#9053=CARTESIAN_POINT('',(6.333383362407,-2.,-3.235187662926));
#9054=CARTESIAN_POINT('',(6.333383362407,-2.076635112275,-3.235187662926));
#9055=CARTESIAN_POINT('',(6.001198759694,-2.215802105532,-4.147857357971));
#9056=CARTESIAN_POINT('',(6.333383362407,-2.923364887725,-3.235187662926));
#9057=CARTESIAN_POINT('',(6.333383362407,-3.,-3.235187662926));
#9058=CARTESIAN_POINT('',(6.516307515102,-3.,-2.732607683922));
#9059=CARTESIAN_POINT('',(6.001198759694,-2.784197894468,-4.147857357971));
#9060=CARTESIAN_POINT('',(6.77800954873,-3.,-2.013587255904));
#9061=CARTESIAN_POINT('Origin',(6.790619610765,-2.5,-2.709892495247));
#9062=CARTESIAN_POINT('',(6.782351958221,-3.,-2.732607683922));
#9063=CARTESIAN_POINT('',(7.012932703926,-3.,-2.099092291736));
#9064=CARTESIAN_POINT('',(6.568306517603,-2.910326787732,-3.320692698757));
#9065=CARTESIAN_POINT('',(6.236748021207,-2.771422098425,-4.231642180835));
#9066=CARTESIAN_POINT('',(6.568306517603,-2.089673212268,-3.320692698757));
#9067=CARTESIAN_POINT('',(6.568306517603,-3.,-3.320692698757));
#9068=CARTESIAN_POINT('',(6.782351958221,-2.,-2.732607683922));
#9069=CARTESIAN_POINT('',(6.236748021207,-2.228577901575,-4.231642180835));
#9070=CARTESIAN_POINT('',(6.568306517603,-2.,-3.320692698757));
#9071=CARTESIAN_POINT('Origin',(0.,-2.140949692307,-3.656968480136));
#9072=CARTESIAN_POINT('',(6.312275779682,-2.094888452266,-3.35489471309));
#9073=CARTESIAN_POINT('',(6.312275779682,-2.140949692307,-3.656968480136));
#9074=CARTESIAN_POINT('',(6.312275779682,-2.148599966069,-3.707139665543));
#9075=CARTESIAN_POINT('Origin',(6.662275779682,-2.094888452266,-3.35489471309));
#9076=CARTESIAN_POINT('',(3.166691681203,-2.,-2.732607683922));
#9077=CARTESIAN_POINT('',(6.562275779682,-2.094888452266,-3.35489471309));
#9078=CARTESIAN_POINT('Origin',(6.662275779682,-2.094888452266,-3.35489471309));
#9079=CARTESIAN_POINT('',(6.562275779682,-2.140949692307,-3.656968480136));
#9080=CARTESIAN_POINT('',(6.562275779682,-2.148599966069,-3.707139665543));
#9081=CARTESIAN_POINT('',(0.,-2.140949692307,-3.656968480136));
#9082=CARTESIAN_POINT('Origin',(0.,-2.859050307693,-3.656968480136));
#9083=CARTESIAN_POINT('',(6.312275779682,-2.905111547734,-3.35489471309));
#9084=CARTESIAN_POINT('',(6.312275779682,-2.859050307693,-3.656968480136));
#9085=CARTESIAN_POINT('',(6.312275779682,-2.851400033931,-3.707139665543));
#9086=CARTESIAN_POINT('',(6.562275779682,-2.859050307693,-3.656968480136));
#9087=CARTESIAN_POINT('',(0.,-2.859050307693,-3.656968480136));
#9088=CARTESIAN_POINT('',(6.562275779682,-2.905111547734,-3.35489471309));
#9089=CARTESIAN_POINT('',(6.562275779682,-2.851400033931,-3.707139665543));
#9090=CARTESIAN_POINT('Origin',(6.662275779682,-2.905111547734,-3.35489471309));
#9091=CARTESIAN_POINT('',(3.389004774365,-3.,-2.732607683922));
#9092=CARTESIAN_POINT('Origin',(6.662275779682,-2.905111547734,-3.35489471309));
#9093=CARTESIAN_POINT('Origin',(6.662275779682,-3.,-3.35489471309));
#9094=CARTESIAN_POINT('',(6.312275779682,-3.,-3.35489471309));
#9095=CARTESIAN_POINT('Origin',(6.662275779682,-2.,-3.35489471309));
#9096=CARTESIAN_POINT('',(6.562275779682,-2.,-3.35489471309));
#9097=CARTESIAN_POINT('Origin',(6.312275779682,-2.5,-3.70489471309));
#9098=CARTESIAN_POINT('Origin',(6.312275779682,-2.5,-3.602219262515));
#9099=CARTESIAN_POINT('Origin',(6.562275779682,-2.5,-3.70489471309));
#9100=CARTESIAN_POINT('Origin',(6.562275779682,-2.5,-3.602219262515));
#9101=CARTESIAN_POINT('Origin',(0.,-2.5,-3.602219262515));
#9102=CARTESIAN_POINT('Origin',(6.297989121079,-2.,-0.940950724655));
#9103=CARTESIAN_POINT('Origin',(6.297989121079,-3.,-0.940950724655));
#9104=CARTESIAN_POINT('',(0.,0.,0.2));
#9105=CARTESIAN_POINT('',(0.,0.,3.2));
#9106=CARTESIAN_POINT('',(0.,0.,3.2));
#9107=CARTESIAN_POINT('',(0.,0.,0.5));
#9108=CARTESIAN_POINT('',(0.,5.,0.5));
#9109=CARTESIAN_POINT('',(0.,0.,0.5));
#9110=CARTESIAN_POINT('',(4.283714645226E-7,-5.,0.5));
#9111=CARTESIAN_POINT('',(0.,0.,0.));
#9112=CARTESIAN_POINT('Origin',(0.,0.,0.));
#9113=CARTESIAN_POINT('',(-5.136936183092,-6.29093245404784E-16,6.98433805684457E-32));
#9114=CARTESIAN_POINT('Origin',(0.,0.,0.));
#9115=CARTESIAN_POINT('Origin',(0.,1.33226762955E-16,0.6));
#9116=CARTESIAN_POINT('',(-5.736895624738,-5.70889367120994E-16,0.593023727423));
#9117=CARTESIAN_POINT('Origin',(0.,1.316777192667E-16,0.593023727423));
#9118=CARTESIAN_POINT('Origin',(-5.136936183092,-4.95866482449784E-16,0.6));
#9119=CARTESIAN_POINT('Origin',(0.,1.316777192667E-16,0.593023727423));
#9120=CARTESIAN_POINT('',(-5.77999999999951,2.469459512703E-16,4.30000000000001));
#9121=CARTESIAN_POINT('Origin',(0.,9.547918011776E-16,4.3));
#9122=CARTESIAN_POINT('',(-5.736895624738,-5.70889367121085E-16,0.593023727423));
#9123=CARTESIAN_POINT('Origin',(0.,9.547918011776E-16,4.3));
#9124=CARTESIAN_POINT('',(-6.4,1.71017849723294E-16,4.3));
#9125=CARTESIAN_POINT('Origin',(0.,9.547918011776E-16,4.3));
#9126=CARTESIAN_POINT('Origin',(0.,9.547918011776E-16,4.3));
#9127=CARTESIAN_POINT('',(-6.4,4.37471375633294E-16,5.5));
#9128=CARTESIAN_POINT('Origin',(0.,1.221245327088E-15,5.5));
#9129=CARTESIAN_POINT('',(-6.4,1.71017849723294E-16,4.3));
#9130=CARTESIAN_POINT('Origin',(0.,1.221245327088E-15,5.5));
#9131=CARTESIAN_POINT('',(-4.85,6.27291629501534E-16,5.5));
#9132=CARTESIAN_POINT('Origin',(0.,1.221245327088E-15,5.5));
#9133=CARTESIAN_POINT('Origin',(0.,1.221245327088E-15,5.5));
#9134=CARTESIAN_POINT('',(4.834887636049,0.3,5.));
#9135=CARTESIAN_POINT('',(4.834887636049,-0.3,5.));
#9136=CARTESIAN_POINT('Origin',(0.,1.110223024625E-15,5.));
#9137=CARTESIAN_POINT('',(4.78828568769,-0.3,1.));
#9138=CARTESIAN_POINT('',(4.83488763604881,-0.3,5.));
#9139=CARTESIAN_POINT('',(0.3,-4.78828568769,1.));
#9140=CARTESIAN_POINT('Origin',(0.,2.22044604925E-16,1.));
#9141=CARTESIAN_POINT('',(0.3,-4.834887636049,5.));
#9142=CARTESIAN_POINT('',(0.3,-4.788285687693,1.000000000218));
#9143=CARTESIAN_POINT('',(-0.3,-4.834887636049,5.));
#9144=CARTESIAN_POINT('Origin',(0.,1.110223024625E-15,5.));
#9145=CARTESIAN_POINT('',(-0.3,-4.78828568769,1.));
#9146=CARTESIAN_POINT('',(-0.3,-4.83488763604881,5.));
#9147=CARTESIAN_POINT('',(-4.78828568769,-0.3,1.));
#9148=CARTESIAN_POINT('Origin',(0.,2.22044604925E-16,1.));
#9149=CARTESIAN_POINT('',(-4.834887636049,-0.3,5.));
#9150=CARTESIAN_POINT('',(-4.788285687693,-0.3,1.000000000218));
#9151=CARTESIAN_POINT('',(-4.844186046512,5.16981330991981E-16,5.));
#9152=CARTESIAN_POINT('Origin',(0.,1.110223024625E-15,5.));
#9153=CARTESIAN_POINT('',(-4.85,6.27291629501534E-16,5.5));
#9154=CARTESIAN_POINT('',(-4.834887636049,0.3,5.));
#9155=CARTESIAN_POINT('Origin',(0.,1.110223024625E-15,5.));
#9156=CARTESIAN_POINT('',(-4.78828568769,0.3,1.));
#9157=CARTESIAN_POINT('',(-4.83488763604881,0.3,5.));
#9158=CARTESIAN_POINT('',(-0.3,4.78828568769,1.));
#9159=CARTESIAN_POINT('Origin',(0.,2.22044604925E-16,1.));
#9160=CARTESIAN_POINT('',(-0.3,4.834887636049,5.));
#9161=CARTESIAN_POINT('',(-0.3,4.788285687693,1.000000000218));
#9162=CARTESIAN_POINT('',(0.3,4.834887636049,5.));
#9163=CARTESIAN_POINT('Origin',(0.,1.110223024625E-15,5.));
#9164=CARTESIAN_POINT('',(0.3,4.78828568769,1.));
#9165=CARTESIAN_POINT('',(0.3,4.83488763604881,5.));
#9166=CARTESIAN_POINT('',(4.78828568769,0.3,1.));
#9167=CARTESIAN_POINT('Origin',(0.,2.22044604925E-16,1.));
#9168=CARTESIAN_POINT('',(4.788285687693,0.3,1.000000000218));
#9169=CARTESIAN_POINT('Origin',(-0.01333465013321,-0.01259475683814,5.));
#9170=CARTESIAN_POINT('',(2.725,0.3,5.));
#9171=CARTESIAN_POINT('',(4.907142,0.3,5.));
#9172=CARTESIAN_POINT('',(2.725,-0.3,5.));
#9173=CARTESIAN_POINT('',(2.725,0.3,5.));
#9174=CARTESIAN_POINT('',(2.725,-0.3,5.));
#9175=CARTESIAN_POINT('Origin',(2.725,-0.3,1.));
#9176=CARTESIAN_POINT('',(2.725,-0.3,1.));
#9177=CARTESIAN_POINT('',(2.725,-0.3,1.));
#9178=CARTESIAN_POINT('',(2.725,-0.3,1.));
#9179=CARTESIAN_POINT('Origin',(0.,2.22044604925E-16,1.));
#9180=CARTESIAN_POINT('',(2.725,-1.925,1.));
#9181=CARTESIAN_POINT('',(2.725,-1.925,1.));
#9182=CARTESIAN_POINT('',(1.925,-1.925,1.));
#9183=CARTESIAN_POINT('',(1.925,-1.925,1.));
#9184=CARTESIAN_POINT('',(1.925,1.925,1.));
#9185=CARTESIAN_POINT('',(1.925,1.925,1.));
#9186=CARTESIAN_POINT('',(2.725,1.925,1.));
#9187=CARTESIAN_POINT('',(2.725,1.925,1.));
#9188=CARTESIAN_POINT('',(2.725,0.3,1.));
#9189=CARTESIAN_POINT('',(2.725,-1.925,1.));
#9190=CARTESIAN_POINT('',(4.907142,0.3,1.));
#9191=CARTESIAN_POINT('',(0.3,2.725,1.));
#9192=CARTESIAN_POINT('',(0.3,2.725,1.));
#9193=CARTESIAN_POINT('',(0.84,2.725,1.));
#9194=CARTESIAN_POINT('',(0.84,2.725,1.));
#9195=CARTESIAN_POINT('',(0.84,1.925,1.));
#9196=CARTESIAN_POINT('',(0.84,1.925,1.));
#9197=CARTESIAN_POINT('',(-0.84,1.925,1.));
#9198=CARTESIAN_POINT('',(-0.84,1.925,1.));
#9199=CARTESIAN_POINT('',(-0.84,2.725,1.));
#9200=CARTESIAN_POINT('',(-0.84,2.725,1.));
#9201=CARTESIAN_POINT('',(-0.3,2.725,1.));
#9202=CARTESIAN_POINT('',(0.84,2.725,1.));
#9203=CARTESIAN_POINT('',(-0.3,4.928068119397,1.));
#9204=CARTESIAN_POINT('',(-2.725,0.3,1.));
#9205=CARTESIAN_POINT('',(-2.725,0.3,1.));
#9206=CARTESIAN_POINT('',(-2.725,1.925,1.));
#9207=CARTESIAN_POINT('',(-2.725,1.925,1.));
#9208=CARTESIAN_POINT('',(-1.925,1.925,1.));
#9209=CARTESIAN_POINT('',(-1.925,1.925,1.));
#9210=CARTESIAN_POINT('',(-1.925,-1.925,1.));
#9211=CARTESIAN_POINT('',(-1.925,-1.925,1.));
#9212=CARTESIAN_POINT('',(-2.725,-1.925,1.));
#9213=CARTESIAN_POINT('',(-2.725,-1.925,1.));
#9214=CARTESIAN_POINT('',(-2.725,-0.3,1.));
#9215=CARTESIAN_POINT('',(-2.725,1.925,1.));
#9216=CARTESIAN_POINT('',(-4.935811215536,-0.3,1.));
#9217=CARTESIAN_POINT('',(-0.3,-2.725,1.));
#9218=CARTESIAN_POINT('',(-0.3,-2.725,1.));
#9219=CARTESIAN_POINT('',(-0.84,-2.725,1.));
#9220=CARTESIAN_POINT('',(-0.84,-2.725,1.));
#9221=CARTESIAN_POINT('',(-0.84,-1.925,1.));
#9222=CARTESIAN_POINT('',(-0.84,-1.925,1.));
#9223=CARTESIAN_POINT('',(0.84,-1.925,1.));
#9224=CARTESIAN_POINT('',(0.84,-1.925,1.));
#9225=CARTESIAN_POINT('',(0.84,-2.725,1.));
#9226=CARTESIAN_POINT('',(0.84,-2.725,1.));
#9227=CARTESIAN_POINT('',(0.3,-2.725,1.));
#9228=CARTESIAN_POINT('',(-0.84,-2.725,1.));
#9229=CARTESIAN_POINT('',(0.3,-4.955042850289,1.));
#9230=CARTESIAN_POINT('Origin',(0.3,-4.955042850289,1.));
#9231=CARTESIAN_POINT('',(0.3,-2.725,5.));
#9232=CARTESIAN_POINT('',(0.3,-2.725,1.));
#9233=CARTESIAN_POINT('',(0.3,-4.955042850289,5.));
#9234=CARTESIAN_POINT('Origin',(-0.01333465013321,-0.01259475683814,5.));
#9235=CARTESIAN_POINT('',(-0.3,-2.725,5.));
#9236=CARTESIAN_POINT('',(0.3,-2.725,5.));
#9237=CARTESIAN_POINT('',(-0.3,-2.725,5.));
#9238=CARTESIAN_POINT('Origin',(-0.3,-2.725,1.));
#9239=CARTESIAN_POINT('',(-0.3,-2.725,1.));
#9240=CARTESIAN_POINT('Origin',(-4.935811215536,-0.3,1.));
#9241=CARTESIAN_POINT('',(-2.725,-0.3,5.));
#9242=CARTESIAN_POINT('',(-2.725,-0.3,1.));
#9243=CARTESIAN_POINT('',(-4.935811215536,-0.3,5.));
#9244=CARTESIAN_POINT('Origin',(-0.01333465013321,-0.01259475683814,5.));
#9245=CARTESIAN_POINT('',(-2.725,0.3,5.));
#9246=CARTESIAN_POINT('',(-2.725,-0.3,5.));
#9247=CARTESIAN_POINT('',(-2.725,0.3,5.));
#9248=CARTESIAN_POINT('Origin',(-2.725,0.3,1.));
#9249=CARTESIAN_POINT('',(-2.725,0.3,1.));
#9250=CARTESIAN_POINT('Origin',(-0.3,4.928068119397,1.));
#9251=CARTESIAN_POINT('',(-0.3,2.725,5.));
#9252=CARTESIAN_POINT('',(-0.3,2.725,1.));
#9253=CARTESIAN_POINT('',(-0.3,4.928068119397,5.));
#9254=CARTESIAN_POINT('Origin',(-0.01333465013321,-0.01259475683814,5.));
#9255=CARTESIAN_POINT('',(0.3,2.725,5.));
#9256=CARTESIAN_POINT('',(-0.3,2.725,5.));
#9257=CARTESIAN_POINT('',(0.3,2.725,5.));
#9258=CARTESIAN_POINT('Origin',(0.3,2.725,1.));
#9259=CARTESIAN_POINT('',(0.3,2.725,1.));
#9260=CARTESIAN_POINT('Origin',(4.907142,0.3,1.));
#9261=CARTESIAN_POINT('',(2.725,0.3,1.));
#9262=CARTESIAN_POINT('Origin',(2.725,-1.925,1.));
#9263=CARTESIAN_POINT('',(2.725,1.925,7.8));
#9264=CARTESIAN_POINT('',(2.725,1.925,1.));
#9265=CARTESIAN_POINT('',(2.725,-1.925,7.8));
#9266=CARTESIAN_POINT('',(2.725,-1.925,7.8));
#9267=CARTESIAN_POINT('',(2.725,-1.925,1.));
#9268=CARTESIAN_POINT('Origin',(2.296674745266,-1.925,4.447838323591));
#9269=CARTESIAN_POINT('',(1.925,-1.925,6.602684));
#9270=CARTESIAN_POINT('',(1.925,-1.925,1.));
#9271=CARTESIAN_POINT('',(1.925,-1.925,7.8));
#9272=CARTESIAN_POINT('',(1.925,-1.925,7.8));
#9273=CARTESIAN_POINT('',(1.5934,-1.925,7.223239));
#9274=CARTESIAN_POINT('',(1.925,-1.925,7.8));
#9275=CARTESIAN_POINT('',(1.5934,-1.925,6.770872));
#9276=CARTESIAN_POINT('',(1.5934,-1.925,7.223239));
#9277=CARTESIAN_POINT('',(1.5934,-1.925,6.770872));
#9278=CARTESIAN_POINT('Origin',(1.925,1.925,1.));
#9279=CARTESIAN_POINT('',(1.925,1.925,6.602684));
#9280=CARTESIAN_POINT('',(1.925,1.925,6.602684));
#9281=CARTESIAN_POINT('',(1.925,1.925,1.));
#9282=CARTESIAN_POINT('Origin',(2.296674745266,1.925,4.447838323591));
#9283=CARTESIAN_POINT('',(1.5934,1.925,6.770872));
#9284=CARTESIAN_POINT('',(1.5934,1.925,6.770872));
#9285=CARTESIAN_POINT('',(1.5934,1.925,7.223239));
#9286=CARTESIAN_POINT('',(1.5934,1.925,7.223239));
#9287=CARTESIAN_POINT('',(1.925,1.925,7.8));
#9288=CARTESIAN_POINT('',(1.925,1.925,7.8));
#9289=CARTESIAN_POINT('',(2.725,1.925,7.8));
#9290=CARTESIAN_POINT('Origin',(0.84,2.725,1.));
#9291=CARTESIAN_POINT('',(-0.84,2.725,6.6));
#9292=CARTESIAN_POINT('',(-0.84,2.725,1.));
#9293=CARTESIAN_POINT('',(0.84,2.725,6.6));
#9294=CARTESIAN_POINT('',(0.84,2.725,6.6));
#9295=CARTESIAN_POINT('',(0.84,2.725,1.));
#9296=CARTESIAN_POINT('Origin',(0.84,1.925,1.));
#9297=CARTESIAN_POINT('',(0.84,1.925,6.6));
#9298=CARTESIAN_POINT('',(0.84,1.925,1.));
#9299=CARTESIAN_POINT('',(0.84,1.925,6.6));
#9300=CARTESIAN_POINT('Origin',(-0.84,1.925,1.));
#9301=CARTESIAN_POINT('',(-0.84,1.925,6.6));
#9302=CARTESIAN_POINT('',(-0.84,1.925,1.));
#9303=CARTESIAN_POINT('',(-0.84,1.925,6.6));
#9304=CARTESIAN_POINT('Origin',(-0.84,2.725,1.));
#9305=CARTESIAN_POINT('',(-0.84,2.725,6.6));
#9306=CARTESIAN_POINT('Origin',(-2.725,1.925,1.));
#9307=CARTESIAN_POINT('',(-2.725,-1.925,7.8));
#9308=CARTESIAN_POINT('',(-2.725,-1.925,1.));
#9309=CARTESIAN_POINT('',(-2.725,1.925,7.8));
#9310=CARTESIAN_POINT('',(-2.725,1.925,7.8));
#9311=CARTESIAN_POINT('',(-2.725,1.925,1.));
#9312=CARTESIAN_POINT('Origin',(-2.296674745266,1.925,4.447838323591));
#9313=CARTESIAN_POINT('',(-1.925,1.925,6.602684));
#9314=CARTESIAN_POINT('',(-1.925,1.925,1.));
#9315=CARTESIAN_POINT('',(-1.925,1.925,7.8));
#9316=CARTESIAN_POINT('',(-1.925,1.925,7.8));
#9317=CARTESIAN_POINT('',(-1.5934,1.925,7.223239));
#9318=CARTESIAN_POINT('',(-1.925,1.925,7.8));
#9319=CARTESIAN_POINT('',(-1.5934,1.925,6.770872));
#9320=CARTESIAN_POINT('',(-1.5934,1.925,7.223239));
#9321=CARTESIAN_POINT('',(-1.5934,1.925,6.770872));
#9322=CARTESIAN_POINT('Origin',(-1.925,-1.925,1.));
#9323=CARTESIAN_POINT('',(-1.925,-1.925,6.602684));
#9324=CARTESIAN_POINT('',(-1.925,1.925,6.602684));
#9325=CARTESIAN_POINT('',(-1.925,-1.925,1.));
#9326=CARTESIAN_POINT('Origin',(-2.296674745266,-1.925,4.447838323591));
#9327=CARTESIAN_POINT('',(-1.5934,-1.925,6.770872));
#9328=CARTESIAN_POINT('',(-1.5934,-1.925,6.770872));
#9329=CARTESIAN_POINT('',(-1.5934,-1.925,7.223239));
#9330=CARTESIAN_POINT('',(-1.5934,-1.925,7.223239));
#9331=CARTESIAN_POINT('',(-1.925,-1.925,7.8));
#9332=CARTESIAN_POINT('',(-1.925,-1.925,7.8));
#9333=CARTESIAN_POINT('',(-2.725,-1.925,7.8));
#9334=CARTESIAN_POINT('Origin',(-0.84,-2.725,1.));
#9335=CARTESIAN_POINT('',(0.84,-2.725,6.6));
#9336=CARTESIAN_POINT('',(0.84,-2.725,1.));
#9337=CARTESIAN_POINT('',(-0.84,-2.725,6.6));
#9338=CARTESIAN_POINT('',(-0.84,-2.725,6.6));
#9339=CARTESIAN_POINT('',(-0.84,-2.725,1.));
#9340=CARTESIAN_POINT('Origin',(-0.84,-1.925,1.));
#9341=CARTESIAN_POINT('',(-0.84,-1.925,6.6));
#9342=CARTESIAN_POINT('',(-0.84,-1.925,1.));
#9343=CARTESIAN_POINT('',(-0.84,-1.925,6.6));
#9344=CARTESIAN_POINT('Origin',(0.84,-1.925,1.));
#9345=CARTESIAN_POINT('',(0.84,-1.925,6.6));
#9346=CARTESIAN_POINT('',(0.84,-1.925,1.));
#9347=CARTESIAN_POINT('',(0.84,-1.925,6.6));
#9348=CARTESIAN_POINT('Origin',(0.84,-2.725,1.));
#9349=CARTESIAN_POINT('',(0.84,-2.725,6.6));
#9350=CARTESIAN_POINT('Origin',(9.550305588173E-17,0.,7.8));
#9351=CARTESIAN_POINT('',(1.925,1.925,7.8));
#9352=CARTESIAN_POINT('Origin',(1.925,1.925,7.8));
#9353=CARTESIAN_POINT('',(1.5934,1.925,7.223239));
#9354=CARTESIAN_POINT('Origin',(1.5934,1.925,7.223239));
#9355=CARTESIAN_POINT('',(1.5934,1.925,6.770872));
#9356=CARTESIAN_POINT('Origin',(1.5934,1.925,6.770872));
#9357=CARTESIAN_POINT('Origin',(1.119176436114E-17,8.881784197001E-16,6.6));
#9358=CARTESIAN_POINT('Origin',(9.550305588173E-17,0.,7.8));
#9359=CARTESIAN_POINT('',(-1.925,-1.925,7.8));
#9360=CARTESIAN_POINT('Origin',(-1.925,1.925,7.8));
#9361=CARTESIAN_POINT('',(-1.5934,1.925,7.223239));
#9362=CARTESIAN_POINT('Origin',(-1.5934,1.925,7.223239));
#9363=CARTESIAN_POINT('',(-1.5934,1.925,6.770872));
#9364=CARTESIAN_POINT('Origin',(-1.5934,1.925,6.770872));
#9365=CARTESIAN_POINT('Origin',(1.119176436114E-17,8.881784197001E-16,6.6));
#9366=CARTESIAN_POINT('',(0.,0.,0.));
#9367=CARTESIAN_POINT('',(0.,1.469576158977E-15,12.));
#9368=CARTESIAN_POINT('',(0.,0.,0.));
#9369=CARTESIAN_POINT('',(0.,0.,0.));
#9370=CARTESIAN_POINT('',(0.,0.,0.));
#9371=CARTESIAN_POINT('Origin',(-3.8,-3.8,3.));
#9372=CARTESIAN_POINT('',(-4.45,-3.8,3.));
#9373=CARTESIAN_POINT('Origin',(-3.8,-3.8,3.));
#9374=CARTESIAN_POINT('',(-4.45,-3.8,3.4));
#9375=CARTESIAN_POINT('',(-4.45,-3.8,3.));
#9376=CARTESIAN_POINT('',(-3.15,-3.8,3.4));
#9377=CARTESIAN_POINT('Origin',(-3.8,-3.8,3.4));
#9378=CARTESIAN_POINT('Origin',(-3.8,-3.8,3.4));
#9379=CARTESIAN_POINT('Ctrl Pts',(-3.15,-3.8,3.4));
#9380=CARTESIAN_POINT('Ctrl Pts',(-3.15,-4.45,3.4));
#9381=CARTESIAN_POINT('Ctrl Pts',(-3.8,-4.45,3.4));
#9382=CARTESIAN_POINT('Ctrl Pts',(-4.45,-4.45,3.4));
#9383=CARTESIAN_POINT('Ctrl Pts',(-4.45,-3.8,3.4));
#9384=CARTESIAN_POINT('Ctrl Pts',(-4.45,-3.15,3.4));
#9385=CARTESIAN_POINT('Ctrl Pts',(-3.8,-3.15,3.4));
#9386=CARTESIAN_POINT('Ctrl Pts',(-3.15,-3.15,3.4));
#9387=CARTESIAN_POINT('Ctrl Pts',(-3.15,-3.8,3.4));
#9388=CARTESIAN_POINT('Ctrl Pts',(-3.15,-3.8,3.50471975512));
#9389=CARTESIAN_POINT('Ctrl Pts',(-3.15,-4.45,3.50471975512));
#9390=CARTESIAN_POINT('Ctrl Pts',(-3.8,-4.45,3.50471975512));
#9391=CARTESIAN_POINT('Ctrl Pts',(-4.45,-4.45,3.50471975512));
#9392=CARTESIAN_POINT('Ctrl Pts',(-4.45,-3.8,3.50471975512));
#9393=CARTESIAN_POINT('Ctrl Pts',(-4.45,-3.15,3.50471975512));
#9394=CARTESIAN_POINT('Ctrl Pts',(-3.8,-3.15,3.50471975512));
#9395=CARTESIAN_POINT('Ctrl Pts',(-3.15,-3.15,3.50471975512));
#9396=CARTESIAN_POINT('Ctrl Pts',(-3.15,-3.8,3.50471975512));
#9397=CARTESIAN_POINT('Ctrl Pts',(-3.182891074408,-3.8,3.609430600282));
#9398=CARTESIAN_POINT('Ctrl Pts',(-3.182891074408,-4.417108925592,3.609430600282));
#9399=CARTESIAN_POINT('Ctrl Pts',(-3.8,-4.417108925592,3.609430600282));
#9400=CARTESIAN_POINT('Ctrl Pts',(-4.417108925592,-4.417108925592,3.609430600282));
#9401=CARTESIAN_POINT('Ctrl Pts',(-4.417108925592,-3.8,3.609430600282));
#9402=CARTESIAN_POINT('Ctrl Pts',(-4.417108925592,-3.182891074408,3.609430600282));
#9403=CARTESIAN_POINT('Ctrl Pts',(-3.8,-3.182891074408,3.609430600282));
#9404=CARTESIAN_POINT('Ctrl Pts',(-3.182891074408,-3.182891074408,3.609430600282));
#9405=CARTESIAN_POINT('Ctrl Pts',(-3.182891074408,-3.8,3.609430600282));
#9406=CARTESIAN_POINT('Ctrl Pts',(-3.248723940144,-3.8,3.701276059856));
#9407=CARTESIAN_POINT('Ctrl Pts',(-3.248723940144,-4.351276059856,3.701276059856));
#9408=CARTESIAN_POINT('Ctrl Pts',(-3.8,-4.351276059856,3.701276059856));
#9409=CARTESIAN_POINT('Ctrl Pts',(-4.351276059856,-4.351276059856,3.701276059856));
#9410=CARTESIAN_POINT('Ctrl Pts',(-4.351276059856,-3.8,3.701276059856));
#9411=CARTESIAN_POINT('Ctrl Pts',(-4.351276059856,-3.248723940144,3.701276059856));
#9412=CARTESIAN_POINT('Ctrl Pts',(-3.8,-3.248723940144,3.701276059856));
#9413=CARTESIAN_POINT('Ctrl Pts',(-3.248723940144,-3.248723940144,3.701276059856));
#9414=CARTESIAN_POINT('Ctrl Pts',(-3.248723940144,-3.8,3.701276059856));
#9415=CARTESIAN_POINT('Ctrl Pts',(-3.340569399718,-3.8,3.767108925592));
#9416=CARTESIAN_POINT('Ctrl Pts',(-3.340569399718,-4.259430600282,3.767108925592));
#9417=CARTESIAN_POINT('Ctrl Pts',(-3.8,-4.259430600282,3.767108925592));
#9418=CARTESIAN_POINT('Ctrl Pts',(-4.259430600282,-4.259430600282,3.767108925592));
#9419=CARTESIAN_POINT('Ctrl Pts',(-4.259430600282,-3.8,3.767108925592));
#9420=CARTESIAN_POINT('Ctrl Pts',(-4.259430600282,-3.340569399718,3.767108925592));
#9421=CARTESIAN_POINT('Ctrl Pts',(-3.8,-3.340569399718,3.767108925592));
#9422=CARTESIAN_POINT('Ctrl Pts',(-3.340569399718,-3.340569399718,3.767108925592));
#9423=CARTESIAN_POINT('Ctrl Pts',(-3.340569399718,-3.8,3.767108925592));
#9424=CARTESIAN_POINT('Ctrl Pts',(-3.44528024488,-3.8,3.8));
#9425=CARTESIAN_POINT('Ctrl Pts',(-3.44528024488,-4.15471975512,3.8));
#9426=CARTESIAN_POINT('Ctrl Pts',(-3.8,-4.15471975512,3.8));
#9427=CARTESIAN_POINT('Ctrl Pts',(-4.15471975512,-4.15471975512,3.8));
#9428=CARTESIAN_POINT('Ctrl Pts',(-4.15471975512,-3.8,3.8));
#9429=CARTESIAN_POINT('Ctrl Pts',(-4.15471975512,-3.44528024488,3.8));
#9430=CARTESIAN_POINT('Ctrl Pts',(-3.8,-3.44528024488,3.8));
#9431=CARTESIAN_POINT('Ctrl Pts',(-3.44528024488,-3.44528024488,3.8));
#9432=CARTESIAN_POINT('Ctrl Pts',(-3.44528024488,-3.8,3.8));
#9433=CARTESIAN_POINT('Ctrl Pts',(-3.55,-3.8,3.8));
#9434=CARTESIAN_POINT('Ctrl Pts',(-3.55,-4.05,3.8));
#9435=CARTESIAN_POINT('Ctrl Pts',(-3.8,-4.05,3.8));
#9436=CARTESIAN_POINT('Ctrl Pts',(-4.05,-4.05,3.8));
#9437=CARTESIAN_POINT('Ctrl Pts',(-4.05,-3.8,3.8));
#9438=CARTESIAN_POINT('Ctrl Pts',(-4.05,-3.55,3.8));
#9439=CARTESIAN_POINT('Ctrl Pts',(-3.8,-3.55,3.8));
#9440=CARTESIAN_POINT('Ctrl Pts',(-3.55,-3.55,3.8));
#9441=CARTESIAN_POINT('Ctrl Pts',(-3.55,-3.8,3.8));
#9442=CARTESIAN_POINT('',(-3.55,-3.8,3.8));
#9443=CARTESIAN_POINT('Origin',(-3.55,-3.8,3.4));
#9444=CARTESIAN_POINT('Origin',(-3.8,-3.8,3.8));
#9445=CARTESIAN_POINT('Origin',(1.7E-16,1.7E-16,3.));
#9446=CARTESIAN_POINT('',(-5.15,5.15,3.));
#9447=CARTESIAN_POINT('',(-5.15,-5.15,3.));
#9448=CARTESIAN_POINT('',(-5.15,5.15,3.));
#9449=CARTESIAN_POINT('',(5.15,-5.15,3.));
#9450=CARTESIAN_POINT('',(-5.15,-5.15,3.));
#9451=CARTESIAN_POINT('',(5.15,5.15,3.));
#9452=CARTESIAN_POINT('',(5.15,-5.15,3.));
#9453=CARTESIAN_POINT('',(5.15,5.15,3.));
#9454=CARTESIAN_POINT('',(3.15,-3.8,3.));
#9455=CARTESIAN_POINT('Origin',(3.8,-3.8,3.));
#9456=CARTESIAN_POINT('',(-4.45,3.8,3.));
#9457=CARTESIAN_POINT('Origin',(-3.8,3.8,3.));
#9458=CARTESIAN_POINT('',(3.15,3.8,3.));
#9459=CARTESIAN_POINT('Origin',(3.8,3.8,3.));
#9460=CARTESIAN_POINT('Origin',(5.6E-16,3.6E-16,3.8));
#9461=CARTESIAN_POINT('Origin',(-5.15,5.15,3.2));
#9462=CARTESIAN_POINT('',(-5.15,5.15,3.2));
#9463=CARTESIAN_POINT('',(-5.15,5.15,3.2));
#9464=CARTESIAN_POINT('',(-5.15,-5.15,3.2));
#9465=CARTESIAN_POINT('',(-5.15,5.15,3.2));
#9466=CARTESIAN_POINT('',(-5.15,-5.15,3.2));
#9467=CARTESIAN_POINT('Origin',(5.15,5.15,3.2));
#9468=CARTESIAN_POINT('',(5.15,5.15,3.2));
#9469=CARTESIAN_POINT('',(5.15,5.15,3.2));
#9470=CARTESIAN_POINT('',(5.15,5.15,3.2));
#9471=CARTESIAN_POINT('Origin',(-5.15,-5.15,3.2));
#9472=CARTESIAN_POINT('',(5.15,-5.15,3.2));
#9473=CARTESIAN_POINT('',(-5.15,-5.15,3.2));
#9474=CARTESIAN_POINT('',(5.15,-5.15,3.2));
#9475=CARTESIAN_POINT('Origin',(5.15,-5.15,3.2));
#9476=CARTESIAN_POINT('',(5.15,-5.15,3.2));
#9477=CARTESIAN_POINT('Origin',(3.8,-3.8,3.));
#9478=CARTESIAN_POINT('',(3.15,-3.8,3.4));
#9479=CARTESIAN_POINT('',(3.15,-3.8,3.));
#9480=CARTESIAN_POINT('',(4.45,-3.8,3.4));
#9481=CARTESIAN_POINT('Origin',(3.8,-3.8,3.4));
#9482=CARTESIAN_POINT('Origin',(3.8,-3.8,3.4));
#9483=CARTESIAN_POINT('Origin',(-3.8,3.8,3.));
#9484=CARTESIAN_POINT('',(-4.45,3.8,3.4));
#9485=CARTESIAN_POINT('',(-4.45,3.8,3.));
#9486=CARTESIAN_POINT('',(-3.15,3.8,3.4));
#9487=CARTESIAN_POINT('Origin',(-3.8,3.8,3.4));
#9488=CARTESIAN_POINT('Origin',(-3.8,3.8,3.4));
#9489=CARTESIAN_POINT('Origin',(3.8,3.8,3.));
#9490=CARTESIAN_POINT('',(3.15,3.8,3.4));
#9491=CARTESIAN_POINT('',(3.15,3.8,3.));
#9492=CARTESIAN_POINT('',(4.45,3.8,3.4));
#9493=CARTESIAN_POINT('Origin',(3.8,3.8,3.4));
#9494=CARTESIAN_POINT('Origin',(3.8,3.8,3.4));
#9495=CARTESIAN_POINT('Origin',(1.9E-16,-1.9E-16,3.2));
#9496=CARTESIAN_POINT('',(6.,-5.,3.2));
#9497=CARTESIAN_POINT('',(6.,5.,3.2));
#9498=CARTESIAN_POINT('',(6.,-5.,3.2));
#9499=CARTESIAN_POINT('',(5.,6.,3.2));
#9500=CARTESIAN_POINT('',(6.,5.,3.2));
#9501=CARTESIAN_POINT('',(-5.,6.,3.2));
#9502=CARTESIAN_POINT('',(5.,6.,3.2));
#9503=CARTESIAN_POINT('',(-6.,5.,3.2));
#9504=CARTESIAN_POINT('',(-5.,6.,3.2));
#9505=CARTESIAN_POINT('',(-6.,-5.,3.2));
#9506=CARTESIAN_POINT('',(-6.,5.,3.2));
#9507=CARTESIAN_POINT('',(-5.,-6.,3.2));
#9508=CARTESIAN_POINT('',(-6.,-5.,3.2));
#9509=CARTESIAN_POINT('',(5.,-6.,3.2));
#9510=CARTESIAN_POINT('',(-5.,-6.,3.2));
#9511=CARTESIAN_POINT('',(5.,-6.,3.2));
#9512=CARTESIAN_POINT('Ctrl Pts',(4.45,-3.8,3.4));
#9513=CARTESIAN_POINT('Ctrl Pts',(4.45,-4.45,3.4));
#9514=CARTESIAN_POINT('Ctrl Pts',(3.8,-4.45,3.4));
#9515=CARTESIAN_POINT('Ctrl Pts',(3.15,-4.45,3.4));
#9516=CARTESIAN_POINT('Ctrl Pts',(3.15,-3.8,3.4));
#9517=CARTESIAN_POINT('Ctrl Pts',(3.15,-3.15,3.4));
#9518=CARTESIAN_POINT('Ctrl Pts',(3.8,-3.15,3.4));
#9519=CARTESIAN_POINT('Ctrl Pts',(4.45,-3.15,3.4));
#9520=CARTESIAN_POINT('Ctrl Pts',(4.45,-3.8,3.4));
#9521=CARTESIAN_POINT('Ctrl Pts',(4.45,-3.8,3.50471975512));
#9522=CARTESIAN_POINT('Ctrl Pts',(4.45,-4.45,3.50471975512));
#9523=CARTESIAN_POINT('Ctrl Pts',(3.8,-4.45,3.50471975512));
#9524=CARTESIAN_POINT('Ctrl Pts',(3.15,-4.45,3.50471975512));
#9525=CARTESIAN_POINT('Ctrl Pts',(3.15,-3.8,3.50471975512));
#9526=CARTESIAN_POINT('Ctrl Pts',(3.15,-3.15,3.50471975512));
#9527=CARTESIAN_POINT('Ctrl Pts',(3.8,-3.15,3.50471975512));
#9528=CARTESIAN_POINT('Ctrl Pts',(4.45,-3.15,3.50471975512));
#9529=CARTESIAN_POINT('Ctrl Pts',(4.45,-3.8,3.50471975512));
#9530=CARTESIAN_POINT('Ctrl Pts',(4.417108925592,-3.8,3.609430600282));
#9531=CARTESIAN_POINT('Ctrl Pts',(4.417108925592,-4.417108925592,3.609430600282));
#9532=CARTESIAN_POINT('Ctrl Pts',(3.8,-4.417108925592,3.609430600282));
#9533=CARTESIAN_POINT('Ctrl Pts',(3.182891074408,-4.417108925592,3.609430600282));
#9534=CARTESIAN_POINT('Ctrl Pts',(3.182891074408,-3.8,3.609430600282));
#9535=CARTESIAN_POINT('Ctrl Pts',(3.182891074408,-3.182891074408,3.609430600282));
#9536=CARTESIAN_POINT('Ctrl Pts',(3.8,-3.182891074408,3.609430600282));
#9537=CARTESIAN_POINT('Ctrl Pts',(4.417108925592,-3.182891074408,3.609430600282));
#9538=CARTESIAN_POINT('Ctrl Pts',(4.417108925592,-3.8,3.609430600282));
#9539=CARTESIAN_POINT('Ctrl Pts',(4.351276059856,-3.8,3.701276059856));
#9540=CARTESIAN_POINT('Ctrl Pts',(4.351276059856,-4.351276059856,3.701276059856));
#9541=CARTESIAN_POINT('Ctrl Pts',(3.8,-4.351276059856,3.701276059856));
#9542=CARTESIAN_POINT('Ctrl Pts',(3.248723940144,-4.351276059856,3.701276059856));
#9543=CARTESIAN_POINT('Ctrl Pts',(3.248723940144,-3.8,3.701276059856));
#9544=CARTESIAN_POINT('Ctrl Pts',(3.248723940144,-3.248723940144,3.701276059856));
#9545=CARTESIAN_POINT('Ctrl Pts',(3.8,-3.248723940144,3.701276059856));
#9546=CARTESIAN_POINT('Ctrl Pts',(4.351276059856,-3.248723940144,3.701276059856));
#9547=CARTESIAN_POINT('Ctrl Pts',(4.351276059856,-3.8,3.701276059856));
#9548=CARTESIAN_POINT('Ctrl Pts',(4.259430600282,-3.8,3.767108925592));
#9549=CARTESIAN_POINT('Ctrl Pts',(4.259430600282,-4.259430600282,3.767108925592));
#9550=CARTESIAN_POINT('Ctrl Pts',(3.8,-4.259430600282,3.767108925592));
#9551=CARTESIAN_POINT('Ctrl Pts',(3.340569399718,-4.259430600282,3.767108925592));
#9552=CARTESIAN_POINT('Ctrl Pts',(3.340569399718,-3.8,3.767108925592));
#9553=CARTESIAN_POINT('Ctrl Pts',(3.340569399718,-3.340569399718,3.767108925592));
#9554=CARTESIAN_POINT('Ctrl Pts',(3.8,-3.340569399718,3.767108925592));
#9555=CARTESIAN_POINT('Ctrl Pts',(4.259430600282,-3.340569399718,3.767108925592));
#9556=CARTESIAN_POINT('Ctrl Pts',(4.259430600282,-3.8,3.767108925592));
#9557=CARTESIAN_POINT('Ctrl Pts',(4.15471975512,-3.8,3.8));
#9558=CARTESIAN_POINT('Ctrl Pts',(4.15471975512,-4.15471975512,3.8));
#9559=CARTESIAN_POINT('Ctrl Pts',(3.8,-4.15471975512,3.8));
#9560=CARTESIAN_POINT('Ctrl Pts',(3.44528024488,-4.15471975512,3.8));
#9561=CARTESIAN_POINT('Ctrl Pts',(3.44528024488,-3.8,3.8));
#9562=CARTESIAN_POINT('Ctrl Pts',(3.44528024488,-3.44528024488,3.8));
#9563=CARTESIAN_POINT('Ctrl Pts',(3.8,-3.44528024488,3.8));
#9564=CARTESIAN_POINT('Ctrl Pts',(4.15471975512,-3.44528024488,3.8));
#9565=CARTESIAN_POINT('Ctrl Pts',(4.15471975512,-3.8,3.8));
#9566=CARTESIAN_POINT('Ctrl Pts',(4.05,-3.8,3.8));
#9567=CARTESIAN_POINT('Ctrl Pts',(4.05,-4.05,3.8));
#9568=CARTESIAN_POINT('Ctrl Pts',(3.8,-4.05,3.8));
#9569=CARTESIAN_POINT('Ctrl Pts',(3.55,-4.05,3.8));
#9570=CARTESIAN_POINT('Ctrl Pts',(3.55,-3.8,3.8));
#9571=CARTESIAN_POINT('Ctrl Pts',(3.55,-3.55,3.8));
#9572=CARTESIAN_POINT('Ctrl Pts',(3.8,-3.55,3.8));
#9573=CARTESIAN_POINT('Ctrl Pts',(4.05,-3.55,3.8));
#9574=CARTESIAN_POINT('Ctrl Pts',(4.05,-3.8,3.8));
#9575=CARTESIAN_POINT('',(4.05,-3.8,3.8));
#9576=CARTESIAN_POINT('Origin',(4.05,-3.8,3.4));
#9577=CARTESIAN_POINT('Origin',(3.8,-3.8,3.8));
#9578=CARTESIAN_POINT('Ctrl Pts',(-3.15,3.8,3.4));
#9579=CARTESIAN_POINT('Ctrl Pts',(-3.15,3.15,3.4));
#9580=CARTESIAN_POINT('Ctrl Pts',(-3.8,3.15,3.4));
#9581=CARTESIAN_POINT('Ctrl Pts',(-4.45,3.15,3.4));
#9582=CARTESIAN_POINT('Ctrl Pts',(-4.45,3.8,3.4));
#9583=CARTESIAN_POINT('Ctrl Pts',(-4.45,4.45,3.4));
#9584=CARTESIAN_POINT('Ctrl Pts',(-3.8,4.45,3.4));
#9585=CARTESIAN_POINT('Ctrl Pts',(-3.15,4.45,3.4));
#9586=CARTESIAN_POINT('Ctrl Pts',(-3.15,3.8,3.4));
#9587=CARTESIAN_POINT('Ctrl Pts',(-3.15,3.8,3.50471975512));
#9588=CARTESIAN_POINT('Ctrl Pts',(-3.15,3.15,3.50471975512));
#9589=CARTESIAN_POINT('Ctrl Pts',(-3.8,3.15,3.50471975512));
#9590=CARTESIAN_POINT('Ctrl Pts',(-4.45,3.15,3.50471975512));
#9591=CARTESIAN_POINT('Ctrl Pts',(-4.45,3.8,3.50471975512));
#9592=CARTESIAN_POINT('Ctrl Pts',(-4.45,4.45,3.50471975512));
#9593=CARTESIAN_POINT('Ctrl Pts',(-3.8,4.45,3.50471975512));
#9594=CARTESIAN_POINT('Ctrl Pts',(-3.15,4.45,3.50471975512));
#9595=CARTESIAN_POINT('Ctrl Pts',(-3.15,3.8,3.50471975512));
#9596=CARTESIAN_POINT('Ctrl Pts',(-3.182891074408,3.8,3.609430600282));
#9597=CARTESIAN_POINT('Ctrl Pts',(-3.182891074408,3.182891074408,3.609430600282));
#9598=CARTESIAN_POINT('Ctrl Pts',(-3.8,3.182891074408,3.609430600282));
#9599=CARTESIAN_POINT('Ctrl Pts',(-4.417108925592,3.182891074408,3.609430600282));
#9600=CARTESIAN_POINT('Ctrl Pts',(-4.417108925592,3.8,3.609430600282));
#9601=CARTESIAN_POINT('Ctrl Pts',(-4.417108925592,4.417108925592,3.609430600282));
#9602=CARTESIAN_POINT('Ctrl Pts',(-3.8,4.417108925592,3.609430600282));
#9603=CARTESIAN_POINT('Ctrl Pts',(-3.182891074408,4.417108925592,3.609430600282));
#9604=CARTESIAN_POINT('Ctrl Pts',(-3.182891074408,3.8,3.609430600282));
#9605=CARTESIAN_POINT('Ctrl Pts',(-3.248723940144,3.8,3.701276059856));
#9606=CARTESIAN_POINT('Ctrl Pts',(-3.248723940144,3.248723940144,3.701276059856));
#9607=CARTESIAN_POINT('Ctrl Pts',(-3.8,3.248723940144,3.701276059856));
#9608=CARTESIAN_POINT('Ctrl Pts',(-4.351276059856,3.248723940144,3.701276059856));
#9609=CARTESIAN_POINT('Ctrl Pts',(-4.351276059856,3.8,3.701276059856));
#9610=CARTESIAN_POINT('Ctrl Pts',(-4.351276059856,4.351276059856,3.701276059856));
#9611=CARTESIAN_POINT('Ctrl Pts',(-3.8,4.351276059856,3.701276059856));
#9612=CARTESIAN_POINT('Ctrl Pts',(-3.248723940144,4.351276059856,3.701276059856));
#9613=CARTESIAN_POINT('Ctrl Pts',(-3.248723940144,3.8,3.701276059856));
#9614=CARTESIAN_POINT('Ctrl Pts',(-3.340569399718,3.8,3.767108925592));
#9615=CARTESIAN_POINT('Ctrl Pts',(-3.340569399718,3.340569399718,3.767108925592));
#9616=CARTESIAN_POINT('Ctrl Pts',(-3.8,3.340569399718,3.767108925592));
#9617=CARTESIAN_POINT('Ctrl Pts',(-4.259430600282,3.340569399718,3.767108925592));
#9618=CARTESIAN_POINT('Ctrl Pts',(-4.259430600282,3.8,3.767108925592));
#9619=CARTESIAN_POINT('Ctrl Pts',(-4.259430600282,4.259430600282,3.767108925592));
#9620=CARTESIAN_POINT('Ctrl Pts',(-3.8,4.259430600282,3.767108925592));
#9621=CARTESIAN_POINT('Ctrl Pts',(-3.340569399718,4.259430600282,3.767108925592));
#9622=CARTESIAN_POINT('Ctrl Pts',(-3.340569399718,3.8,3.767108925592));
#9623=CARTESIAN_POINT('Ctrl Pts',(-3.44528024488,3.8,3.8));
#9624=CARTESIAN_POINT('Ctrl Pts',(-3.44528024488,3.44528024488,3.8));
#9625=CARTESIAN_POINT('Ctrl Pts',(-3.8,3.44528024488,3.8));
#9626=CARTESIAN_POINT('Ctrl Pts',(-4.15471975512,3.44528024488,3.8));
#9627=CARTESIAN_POINT('Ctrl Pts',(-4.15471975512,3.8,3.8));
#9628=CARTESIAN_POINT('Ctrl Pts',(-4.15471975512,4.15471975512,3.8));
#9629=CARTESIAN_POINT('Ctrl Pts',(-3.8,4.15471975512,3.8));
#9630=CARTESIAN_POINT('Ctrl Pts',(-3.44528024488,4.15471975512,3.8));
#9631=CARTESIAN_POINT('Ctrl Pts',(-3.44528024488,3.8,3.8));
#9632=CARTESIAN_POINT('Ctrl Pts',(-3.55,3.8,3.8));
#9633=CARTESIAN_POINT('Ctrl Pts',(-3.55,3.55,3.8));
#9634=CARTESIAN_POINT('Ctrl Pts',(-3.8,3.55,3.8));
#9635=CARTESIAN_POINT('Ctrl Pts',(-4.05,3.55,3.8));
#9636=CARTESIAN_POINT('Ctrl Pts',(-4.05,3.8,3.8));
#9637=CARTESIAN_POINT('Ctrl Pts',(-4.05,4.05,3.8));
#9638=CARTESIAN_POINT('Ctrl Pts',(-3.8,4.05,3.8));
#9639=CARTESIAN_POINT('Ctrl Pts',(-3.55,4.05,3.8));
#9640=CARTESIAN_POINT('Ctrl Pts',(-3.55,3.8,3.8));
#9641=CARTESIAN_POINT('',(-3.55,3.8,3.8));
#9642=CARTESIAN_POINT('Origin',(-3.55,3.8,3.4));
#9643=CARTESIAN_POINT('Origin',(-3.8,3.8,3.8));
#9644=CARTESIAN_POINT('Ctrl Pts',(4.45,3.8,3.4));
#9645=CARTESIAN_POINT('Ctrl Pts',(4.45,3.15,3.4));
#9646=CARTESIAN_POINT('Ctrl Pts',(3.8,3.15,3.4));
#9647=CARTESIAN_POINT('Ctrl Pts',(3.15,3.15,3.4));
#9648=CARTESIAN_POINT('Ctrl Pts',(3.15,3.8,3.4));
#9649=CARTESIAN_POINT('Ctrl Pts',(3.15,4.45,3.4));
#9650=CARTESIAN_POINT('Ctrl Pts',(3.8,4.45,3.4));
#9651=CARTESIAN_POINT('Ctrl Pts',(4.45,4.45,3.4));
#9652=CARTESIAN_POINT('Ctrl Pts',(4.45,3.8,3.4));
#9653=CARTESIAN_POINT('Ctrl Pts',(4.45,3.8,3.50471975512));
#9654=CARTESIAN_POINT('Ctrl Pts',(4.45,3.15,3.50471975512));
#9655=CARTESIAN_POINT('Ctrl Pts',(3.8,3.15,3.50471975512));
#9656=CARTESIAN_POINT('Ctrl Pts',(3.15,3.15,3.50471975512));
#9657=CARTESIAN_POINT('Ctrl Pts',(3.15,3.8,3.50471975512));
#9658=CARTESIAN_POINT('Ctrl Pts',(3.15,4.45,3.50471975512));
#9659=CARTESIAN_POINT('Ctrl Pts',(3.8,4.45,3.50471975512));
#9660=CARTESIAN_POINT('Ctrl Pts',(4.45,4.45,3.50471975512));
#9661=CARTESIAN_POINT('Ctrl Pts',(4.45,3.8,3.50471975512));
#9662=CARTESIAN_POINT('Ctrl Pts',(4.417108925592,3.8,3.609430600282));
#9663=CARTESIAN_POINT('Ctrl Pts',(4.417108925592,3.182891074408,3.609430600282));
#9664=CARTESIAN_POINT('Ctrl Pts',(3.8,3.182891074408,3.609430600282));
#9665=CARTESIAN_POINT('Ctrl Pts',(3.182891074408,3.182891074408,3.609430600282));
#9666=CARTESIAN_POINT('Ctrl Pts',(3.182891074408,3.8,3.609430600282));
#9667=CARTESIAN_POINT('Ctrl Pts',(3.182891074408,4.417108925592,3.609430600282));
#9668=CARTESIAN_POINT('Ctrl Pts',(3.8,4.417108925592,3.609430600282));
#9669=CARTESIAN_POINT('Ctrl Pts',(4.417108925592,4.417108925592,3.609430600282));
#9670=CARTESIAN_POINT('Ctrl Pts',(4.417108925592,3.8,3.609430600282));
#9671=CARTESIAN_POINT('Ctrl Pts',(4.351276059856,3.8,3.701276059856));
#9672=CARTESIAN_POINT('Ctrl Pts',(4.351276059856,3.248723940144,3.701276059856));
#9673=CARTESIAN_POINT('Ctrl Pts',(3.8,3.248723940144,3.701276059856));
#9674=CARTESIAN_POINT('Ctrl Pts',(3.248723940144,3.248723940144,3.701276059856));
#9675=CARTESIAN_POINT('Ctrl Pts',(3.248723940144,3.8,3.701276059856));
#9676=CARTESIAN_POINT('Ctrl Pts',(3.248723940144,4.351276059856,3.701276059856));
#9677=CARTESIAN_POINT('Ctrl Pts',(3.8,4.351276059856,3.701276059856));
#9678=CARTESIAN_POINT('Ctrl Pts',(4.351276059856,4.351276059856,3.701276059856));
#9679=CARTESIAN_POINT('Ctrl Pts',(4.351276059856,3.8,3.701276059856));
#9680=CARTESIAN_POINT('Ctrl Pts',(4.259430600282,3.8,3.767108925592));
#9681=CARTESIAN_POINT('Ctrl Pts',(4.259430600282,3.340569399718,3.767108925592));
#9682=CARTESIAN_POINT('Ctrl Pts',(3.8,3.340569399718,3.767108925592));
#9683=CARTESIAN_POINT('Ctrl Pts',(3.340569399718,3.340569399718,3.767108925592));
#9684=CARTESIAN_POINT('Ctrl Pts',(3.340569399718,3.8,3.767108925592));
#9685=CARTESIAN_POINT('Ctrl Pts',(3.340569399718,4.259430600282,3.767108925592));
#9686=CARTESIAN_POINT('Ctrl Pts',(3.8,4.259430600282,3.767108925592));
#9687=CARTESIAN_POINT('Ctrl Pts',(4.259430600282,4.259430600282,3.767108925592));
#9688=CARTESIAN_POINT('Ctrl Pts',(4.259430600282,3.8,3.767108925592));
#9689=CARTESIAN_POINT('Ctrl Pts',(4.15471975512,3.8,3.8));
#9690=CARTESIAN_POINT('Ctrl Pts',(4.15471975512,3.44528024488,3.8));
#9691=CARTESIAN_POINT('Ctrl Pts',(3.8,3.44528024488,3.8));
#9692=CARTESIAN_POINT('Ctrl Pts',(3.44528024488,3.44528024488,3.8));
#9693=CARTESIAN_POINT('Ctrl Pts',(3.44528024488,3.8,3.8));
#9694=CARTESIAN_POINT('Ctrl Pts',(3.44528024488,4.15471975512,3.8));
#9695=CARTESIAN_POINT('Ctrl Pts',(3.8,4.15471975512,3.8));
#9696=CARTESIAN_POINT('Ctrl Pts',(4.15471975512,4.15471975512,3.8));
#9697=CARTESIAN_POINT('Ctrl Pts',(4.15471975512,3.8,3.8));
#9698=CARTESIAN_POINT('Ctrl Pts',(4.05,3.8,3.8));
#9699=CARTESIAN_POINT('Ctrl Pts',(4.05,3.55,3.8));
#9700=CARTESIAN_POINT('Ctrl Pts',(3.8,3.55,3.8));
#9701=CARTESIAN_POINT('Ctrl Pts',(3.55,3.55,3.8));
#9702=CARTESIAN_POINT('Ctrl Pts',(3.55,3.8,3.8));
#9703=CARTESIAN_POINT('Ctrl Pts',(3.55,4.05,3.8));
#9704=CARTESIAN_POINT('Ctrl Pts',(3.8,4.05,3.8));
#9705=CARTESIAN_POINT('Ctrl Pts',(4.05,4.05,3.8));
#9706=CARTESIAN_POINT('Ctrl Pts',(4.05,3.8,3.8));
#9707=CARTESIAN_POINT('',(4.05,3.8,3.8));
#9708=CARTESIAN_POINT('Origin',(4.05,3.8,3.4));
#9709=CARTESIAN_POINT('Origin',(3.8,3.8,3.8));
#9710=CARTESIAN_POINT('Origin',(6.,-5.,0.));
#9711=CARTESIAN_POINT('',(6.,-5.,0.));
#9712=CARTESIAN_POINT('',(6.,-5.,0.));
#9713=CARTESIAN_POINT('',(6.,5.,0.));
#9714=CARTESIAN_POINT('',(6.,-5.,0.));
#9715=CARTESIAN_POINT('',(6.,5.,0.));
#9716=CARTESIAN_POINT('Origin',(5.,-6.,0.));
#9717=CARTESIAN_POINT('',(5.,-6.,0.));
#9718=CARTESIAN_POINT('',(5.,-6.,0.));
#9719=CARTESIAN_POINT('',(5.,-6.,0.));
#9720=CARTESIAN_POINT('Origin',(6.,5.,0.));
#9721=CARTESIAN_POINT('',(5.,6.,0.));
#9722=CARTESIAN_POINT('',(6.,5.,0.));
#9723=CARTESIAN_POINT('',(5.,6.,0.));
#9724=CARTESIAN_POINT('Origin',(-5.,-6.,0.));
#9725=CARTESIAN_POINT('',(-5.,-6.,0.));
#9726=CARTESIAN_POINT('',(-5.,-6.,0.));
#9727=CARTESIAN_POINT('',(-5.,-6.,0.));
#9728=CARTESIAN_POINT('Origin',(5.,6.,0.));
#9729=CARTESIAN_POINT('',(-5.,6.,0.));
#9730=CARTESIAN_POINT('',(5.,6.,0.));
#9731=CARTESIAN_POINT('',(-5.,6.,0.));
#9732=CARTESIAN_POINT('Origin',(-6.,-5.,0.));
#9733=CARTESIAN_POINT('',(-6.,-5.,0.));
#9734=CARTESIAN_POINT('',(-6.,-5.,0.));
#9735=CARTESIAN_POINT('',(-6.,-5.,0.));
#9736=CARTESIAN_POINT('Origin',(-5.,6.,0.));
#9737=CARTESIAN_POINT('',(-6.,5.,0.));
#9738=CARTESIAN_POINT('',(-5.,6.,0.));
#9739=CARTESIAN_POINT('',(-6.,5.,0.));
#9740=CARTESIAN_POINT('Origin',(-6.,5.,0.));
#9741=CARTESIAN_POINT('',(-6.,5.,0.));
#9742=CARTESIAN_POINT('Origin',(5.6E-16,3.6E-16,3.8));
#9743=CARTESIAN_POINT('Origin',(5.6E-16,3.6E-16,3.8));
#9744=CARTESIAN_POINT('Origin',(5.6E-16,3.6E-16,3.8));
#9745=CARTESIAN_POINT('Origin',(1.9E-16,-1.9E-16,0.));
#9746=CARTESIAN_POINT('',(-5.5,-4.792893218813,0.));
#9747=CARTESIAN_POINT('',(-5.5,-3.5,0.));
#9748=CARTESIAN_POINT('',(-5.5,-4.792893218813,0.));
#9749=CARTESIAN_POINT('',(-4.792893218813,-5.5,0.));
#9750=CARTESIAN_POINT('',(-4.792893218813,-5.5,0.));
#9751=CARTESIAN_POINT('',(-3.5,-5.5,0.));
#9752=CARTESIAN_POINT('',(-3.5,-5.5,0.));
#9753=CARTESIAN_POINT('',(-3.5,-3.5,0.));
#9754=CARTESIAN_POINT('',(-3.5,-3.5,0.));
#9755=CARTESIAN_POINT('',(-5.5,-3.5,0.));
#9756=CARTESIAN_POINT('',(4.792893218813,-5.5,-1.064236081219E-15));
#9757=CARTESIAN_POINT('',(3.5,-5.5,-7.771561172376E-16));
#9758=CARTESIAN_POINT('',(4.792893218813,-5.5,-1.064236081219E-15));
#9759=CARTESIAN_POINT('',(5.5,-4.792893218813,-1.221245327088E-15));
#9760=CARTESIAN_POINT('',(5.5,-4.792893218813,-1.221245327088E-15));
#9761=CARTESIAN_POINT('',(5.5,-3.5,-1.221245327088E-15));
#9762=CARTESIAN_POINT('',(5.5,-3.5,-1.221245327088E-15));
#9763=CARTESIAN_POINT('',(3.5,-3.5,-7.771561172376E-16));
#9764=CARTESIAN_POINT('',(3.5,-3.5,-7.771561172376E-16));
#9765=CARTESIAN_POINT('',(3.5,-5.5,-7.771561172376E-16));
#9766=CARTESIAN_POINT('',(-4.792893218813,5.5,-1.221245327088E-15));
#9767=CARTESIAN_POINT('',(-3.5,5.5,-1.221245327088E-15));
#9768=CARTESIAN_POINT('',(-4.792893218813,5.5,-1.221245327088E-15));
#9769=CARTESIAN_POINT('',(-5.5,4.792893218813,-1.064236081219E-15));
#9770=CARTESIAN_POINT('',(-5.5,4.792893218813,-1.064236081219E-15));
#9771=CARTESIAN_POINT('',(-5.5,3.5,-7.771561172376E-16));
#9772=CARTESIAN_POINT('',(-5.5,3.5,-7.771561172376E-16));
#9773=CARTESIAN_POINT('',(-3.5,3.5,-7.771561172376E-16));
#9774=CARTESIAN_POINT('',(-3.5,3.5,-7.771561172376E-16));
#9775=CARTESIAN_POINT('',(-3.5,5.5,-1.221245327088E-15));
#9776=CARTESIAN_POINT('',(5.5,4.792893218813,-2.285481408307E-15));
#9777=CARTESIAN_POINT('',(5.5,3.5,-1.998401444325E-15));
#9778=CARTESIAN_POINT('',(5.5,4.792893218813,-2.285481408307E-15));
#9779=CARTESIAN_POINT('',(4.792893218813,5.5,-2.285481408307E-15));
#9780=CARTESIAN_POINT('',(4.792893218813,5.5,-2.285481408307E-15));
#9781=CARTESIAN_POINT('',(3.5,5.5,-1.998401444325E-15));
#9782=CARTESIAN_POINT('',(3.5,5.5,-1.998401444325E-15));
#9783=CARTESIAN_POINT('',(3.5,3.5,-1.554312234475E-15));
#9784=CARTESIAN_POINT('',(3.5,3.5,-1.554312234475E-15));
#9785=CARTESIAN_POINT('',(5.5,3.5,-1.998401444325E-15));
#9786=CARTESIAN_POINT('Origin',(-5.5,-4.792893218813,0.));
#9787=CARTESIAN_POINT('',(-5.5,-4.792893218813,-0.2));
#9788=CARTESIAN_POINT('',(-5.5,-4.792893218813,0.));
#9789=CARTESIAN_POINT('',(-5.5,-3.5,-0.2));
#9790=CARTESIAN_POINT('',(-5.5,-3.5,0.));
#9791=CARTESIAN_POINT('',(-5.5,-4.792893218813,-0.2));
#9792=CARTESIAN_POINT('Origin',(-4.792893218813,-5.5,0.));
#9793=CARTESIAN_POINT('',(-4.792893218813,-5.5,-0.2));
#9794=CARTESIAN_POINT('',(-4.792893218813,-5.5,0.));
#9795=CARTESIAN_POINT('',(-4.792893218813,-5.5,-0.2));
#9796=CARTESIAN_POINT('Origin',(-5.5,-3.5,0.));
#9797=CARTESIAN_POINT('',(-3.5,-3.5,-0.2));
#9798=CARTESIAN_POINT('',(-3.5,-3.5,0.));
#9799=CARTESIAN_POINT('',(-5.5,-3.5,-0.2));
#9800=CARTESIAN_POINT('Origin',(-3.5,-5.5,0.));
#9801=CARTESIAN_POINT('',(-3.5,-5.5,-0.2));
#9802=CARTESIAN_POINT('',(-3.5,-5.5,0.));
#9803=CARTESIAN_POINT('',(-3.5,-5.5,-0.2));
#9804=CARTESIAN_POINT('Origin',(-3.5,-3.5,0.));
#9805=CARTESIAN_POINT('',(-3.5,-3.5,-0.2));
#9806=CARTESIAN_POINT('Origin',(4.792893218813,-5.5,-1.064236081219E-15));
#9807=CARTESIAN_POINT('',(4.792893218813,-5.5,-0.2));
#9808=CARTESIAN_POINT('',(4.792893218813,-5.5,-1.064236081219E-15));
#9809=CARTESIAN_POINT('',(3.5,-5.5,-0.2));
#9810=CARTESIAN_POINT('',(3.5,-5.5,-7.771561172376E-16));
#9811=CARTESIAN_POINT('',(4.792893218813,-5.5,-0.2));
#9812=CARTESIAN_POINT('Origin',(5.5,-4.792893218813,-1.221245327088E-15));
#9813=CARTESIAN_POINT('',(5.5,-4.792893218813,-0.2));
#9814=CARTESIAN_POINT('',(5.5,-4.792893218813,-1.221245327088E-15));
#9815=CARTESIAN_POINT('',(5.5,-4.792893218813,-0.2));
#9816=CARTESIAN_POINT('Origin',(5.5,-3.5,-1.221245327088E-15));
#9817=CARTESIAN_POINT('',(5.5,-3.5,-0.2));
#9818=CARTESIAN_POINT('',(5.5,-3.5,-1.221245327088E-15));
#9819=CARTESIAN_POINT('',(5.5,-3.5,-0.2));
#9820=CARTESIAN_POINT('Origin',(3.5,-3.5,-7.771561172376E-16));
#9821=CARTESIAN_POINT('',(3.5,-3.5,-0.2));
#9822=CARTESIAN_POINT('',(3.5,-3.5,-7.771561172376E-16));
#9823=CARTESIAN_POINT('',(3.5,-3.5,-0.2));
#9824=CARTESIAN_POINT('Origin',(3.5,-5.5,-7.771561172376E-16));
#9825=CARTESIAN_POINT('',(3.5,-5.5,-0.2));
#9826=CARTESIAN_POINT('Origin',(-4.792893218813,5.5,-1.221245327088E-15));
#9827=CARTESIAN_POINT('',(-4.792893218813,5.5,-0.2));
#9828=CARTESIAN_POINT('',(-4.792893218813,5.5,-1.221245327088E-15));
#9829=CARTESIAN_POINT('',(-3.5,5.5,-0.2));
#9830=CARTESIAN_POINT('',(-3.5,5.5,-1.221245327088E-15));
#9831=CARTESIAN_POINT('',(-4.792893218813,5.5,-0.2));
#9832=CARTESIAN_POINT('Origin',(-5.5,4.792893218813,-1.064236081219E-15));
#9833=CARTESIAN_POINT('',(-5.5,4.792893218813,-0.2));
#9834=CARTESIAN_POINT('',(-5.5,4.792893218813,-1.064236081219E-15));
#9835=CARTESIAN_POINT('',(-5.5,4.792893218813,-0.2));
#9836=CARTESIAN_POINT('Origin',(-5.5,3.5,-7.771561172376E-16));
#9837=CARTESIAN_POINT('',(-5.5,3.5,-0.2));
#9838=CARTESIAN_POINT('',(-5.5,3.5,-7.771561172376E-16));
#9839=CARTESIAN_POINT('',(-5.5,3.5,-0.2));
#9840=CARTESIAN_POINT('Origin',(-3.5,3.5,-7.771561172376E-16));
#9841=CARTESIAN_POINT('',(-3.5,3.5,-0.2));
#9842=CARTESIAN_POINT('',(-3.5,3.5,-7.771561172376E-16));
#9843=CARTESIAN_POINT('',(-3.5,3.5,-0.2));
#9844=CARTESIAN_POINT('Origin',(-3.5,5.5,-1.221245327088E-15));
#9845=CARTESIAN_POINT('',(-3.5,5.5,-0.2));
#9846=CARTESIAN_POINT('Origin',(5.5,4.792893218813,-2.285481408307E-15));
#9847=CARTESIAN_POINT('',(5.5,4.792893218813,-0.2));
#9848=CARTESIAN_POINT('',(5.5,4.792893218813,-2.285481408307E-15));
#9849=CARTESIAN_POINT('',(5.5,3.5,-0.2));
#9850=CARTESIAN_POINT('',(5.5,3.5,-1.998401444325E-15));
#9851=CARTESIAN_POINT('',(5.5,4.792893218813,-0.2));
#9852=CARTESIAN_POINT('Origin',(4.792893218813,5.5,-2.285481408307E-15));
#9853=CARTESIAN_POINT('',(4.792893218813,5.5,-0.2));
#9854=CARTESIAN_POINT('',(4.792893218813,5.5,-2.285481408307E-15));
#9855=CARTESIAN_POINT('',(4.792893218813,5.5,-0.2));
#9856=CARTESIAN_POINT('Origin',(3.5,5.5,-1.998401444325E-15));
#9857=CARTESIAN_POINT('',(3.5,5.5,-0.2));
#9858=CARTESIAN_POINT('',(3.5,5.5,-1.998401444325E-15));
#9859=CARTESIAN_POINT('',(3.5,5.5,-0.2));
#9860=CARTESIAN_POINT('Origin',(3.5,3.5,-1.554312234475E-15));
#9861=CARTESIAN_POINT('',(3.5,3.5,-0.2));
#9862=CARTESIAN_POINT('',(3.5,3.5,-1.554312234475E-15));
#9863=CARTESIAN_POINT('',(3.5,3.5,-0.2));
#9864=CARTESIAN_POINT('Origin',(5.5,3.5,-1.998401444325E-15));
#9865=CARTESIAN_POINT('',(5.5,3.5,-0.2));
#9866=CARTESIAN_POINT('Origin',(-4.431745118687,-4.431745118687,-0.2));
#9867=CARTESIAN_POINT('Origin',(4.431745118687,-4.431745118687,-0.2));
#9868=CARTESIAN_POINT('Origin',(-4.431745118687,4.431745118687,-0.2));
#9869=CARTESIAN_POINT('Origin',(4.431745118687,4.431745118687,-0.2));
#9870=CARTESIAN_POINT('',(0.,0.,0.));
#9871=CARTESIAN_POINT('Origin',(-4.25,-5.05,0.));
#9872=CARTESIAN_POINT('',(-4.25,-5.05,0.));
#9873=CARTESIAN_POINT('',(-4.25,-5.05,0.2));
#9874=CARTESIAN_POINT('',(-4.25,-5.05,0.));
#9875=CARTESIAN_POINT('',(4.25,-5.05,0.));
#9876=CARTESIAN_POINT('',(-4.25,-5.05,0.));
#9877=CARTESIAN_POINT('',(4.25,-5.05,0.2));
#9878=CARTESIAN_POINT('',(4.25,-5.05,0.));
#9879=CARTESIAN_POINT('',(-4.25,-5.05,0.2));
#9880=CARTESIAN_POINT('Origin',(4.25,-4.25,0.));
#9881=CARTESIAN_POINT('',(5.05,-4.25,0.));
#9882=CARTESIAN_POINT('Origin',(4.25,-4.25,0.));
#9883=CARTESIAN_POINT('',(5.05,-4.25,0.2));
#9884=CARTESIAN_POINT('',(5.05,-4.25,0.));
#9885=CARTESIAN_POINT('Origin',(4.25,-4.25,0.2));
#9886=CARTESIAN_POINT('Origin',(5.05,-4.25,0.));
#9887=CARTESIAN_POINT('',(5.05,4.25,0.));
#9888=CARTESIAN_POINT('',(5.05,-4.25,0.));
#9889=CARTESIAN_POINT('',(5.05,4.25,0.2));
#9890=CARTESIAN_POINT('',(5.05,4.25,0.));
#9891=CARTESIAN_POINT('',(5.05,-4.25,0.2));
#9892=CARTESIAN_POINT('Origin',(4.25,4.25,0.));
#9893=CARTESIAN_POINT('',(4.25,5.05,0.));
#9894=CARTESIAN_POINT('Origin',(4.25,4.25,0.));
#9895=CARTESIAN_POINT('',(4.25,5.05,0.2));
#9896=CARTESIAN_POINT('',(4.25,5.05,0.));
#9897=CARTESIAN_POINT('Origin',(4.25,4.25,0.2));
#9898=CARTESIAN_POINT('Origin',(4.25,5.05,0.));
#9899=CARTESIAN_POINT('',(-4.25,5.05,0.));
#9900=CARTESIAN_POINT('',(4.25,5.05,0.));
#9901=CARTESIAN_POINT('',(-4.25,5.05,0.2));
#9902=CARTESIAN_POINT('',(-4.25,5.05,0.));
#9903=CARTESIAN_POINT('',(4.25,5.05,0.2));
#9904=CARTESIAN_POINT('Origin',(-4.25,4.25,0.));
#9905=CARTESIAN_POINT('',(-5.05,4.25,0.));
#9906=CARTESIAN_POINT('Origin',(-4.25,4.25,0.));
#9907=CARTESIAN_POINT('',(-5.05,4.25,0.2));
#9908=CARTESIAN_POINT('',(-5.05,4.25,0.));
#9909=CARTESIAN_POINT('Origin',(-4.25,4.25,0.2));
#9910=CARTESIAN_POINT('Origin',(-5.05,4.25,0.));
#9911=CARTESIAN_POINT('',(-5.05,-4.25,0.));
#9912=CARTESIAN_POINT('',(-5.05,4.25,0.));
#9913=CARTESIAN_POINT('',(-5.05,-4.25,0.2));
#9914=CARTESIAN_POINT('',(-5.05,-4.25,0.));
#9915=CARTESIAN_POINT('',(-5.05,4.25,0.2));
#9916=CARTESIAN_POINT('Origin',(-4.25,-4.25,0.));
#9917=CARTESIAN_POINT('Origin',(-4.25,-4.25,0.));
#9918=CARTESIAN_POINT('Origin',(-4.25,-4.25,0.2));
#9919=CARTESIAN_POINT('Origin',(-3.34332599403E-19,2.779666836668E-19,0.));
#9920=CARTESIAN_POINT('',(-3.5,4.2890434638524E-16,0.2));
#9921=CARTESIAN_POINT('Origin',(-3.34332599403E-19,2.779666836668E-19,0.2));
#9922=CARTESIAN_POINT('',(-3.5,4.2890434638524E-16,0.));
#9923=CARTESIAN_POINT('',(-3.5,4.2890434638524E-16,0.));
#9924=CARTESIAN_POINT('Origin',(-3.34332599403E-19,2.779666836668E-19,0.));
#9925=CARTESIAN_POINT('Origin',(-3.8,-3.8,0.));
#9926=CARTESIAN_POINT('',(-4.4,-3.8,0.2));
#9927=CARTESIAN_POINT('Origin',(-3.8,-3.8,0.2));
#9928=CARTESIAN_POINT('',(-4.4,-3.8,0.));
#9929=CARTESIAN_POINT('',(-4.4,-3.8,0.));
#9930=CARTESIAN_POINT('Origin',(-3.8,-3.8,0.));
#9931=CARTESIAN_POINT('Origin',(3.8,-3.8,0.));
#9932=CARTESIAN_POINT('',(3.2,-3.8,0.2));
#9933=CARTESIAN_POINT('Origin',(3.8,-3.8,0.2));
#9934=CARTESIAN_POINT('',(3.2,-3.8,0.));
#9935=CARTESIAN_POINT('',(3.2,-3.8,0.));
#9936=CARTESIAN_POINT('Origin',(3.8,-3.8,0.));
#9937=CARTESIAN_POINT('Origin',(3.8,3.8,0.));
#9938=CARTESIAN_POINT('',(3.2,3.8,0.2));
#9939=CARTESIAN_POINT('Origin',(3.8,3.8,0.2));
#9940=CARTESIAN_POINT('',(3.2,3.8,0.));
#9941=CARTESIAN_POINT('',(3.2,3.8,0.));
#9942=CARTESIAN_POINT('Origin',(3.8,3.8,0.));
#9943=CARTESIAN_POINT('Origin',(-3.8,3.8,0.));
#9944=CARTESIAN_POINT('',(-4.4,3.8,0.2));
#9945=CARTESIAN_POINT('Origin',(-3.8,3.8,0.2));
#9946=CARTESIAN_POINT('',(-4.4,3.8,0.));
#9947=CARTESIAN_POINT('',(-4.4,3.8,0.));
#9948=CARTESIAN_POINT('Origin',(-3.8,3.8,0.));
#9949=CARTESIAN_POINT('Origin',(1.179958153501E-16,-1.275630436218E-17,
0.));
#9950=CARTESIAN_POINT('Origin',(1.179958153501E-16,-1.275630436218E-17,
0.2));
#9951=CARTESIAN_POINT('',(0.,0.,0.));
#9952=CARTESIAN_POINT('Origin',(-6.E-17,-6.E-17,2.2));
#9953=CARTESIAN_POINT('',(-1.9,1.6,2.2));
#9954=CARTESIAN_POINT('',(-1.9,-1.6,2.2));
#9955=CARTESIAN_POINT('',(-1.9,1.9,2.2));
#9956=CARTESIAN_POINT('',(-1.6,1.9,2.2));
#9957=CARTESIAN_POINT('Origin',(-1.6,1.6,2.2));
#9958=CARTESIAN_POINT('',(1.6,1.9,2.2));
#9959=CARTESIAN_POINT('',(1.9,1.9,2.2));
#9960=CARTESIAN_POINT('',(1.9,1.6,2.2));
#9961=CARTESIAN_POINT('Origin',(1.6,1.6,2.2));
#9962=CARTESIAN_POINT('',(1.9,-1.6,2.2));
#9963=CARTESIAN_POINT('',(1.9,-1.9,2.2));
#9964=CARTESIAN_POINT('',(1.6,-1.9,2.2));
#9965=CARTESIAN_POINT('Origin',(1.6,-1.6,2.2));
#9966=CARTESIAN_POINT('',(-1.6,-1.9,2.2));
#9967=CARTESIAN_POINT('',(-1.9,-1.9,2.2));
#9968=CARTESIAN_POINT('Origin',(-1.6,-1.6,2.2));
#9969=CARTESIAN_POINT('',(-1.5,1.5,2.2));
#9970=CARTESIAN_POINT('',(-1.5,-1.5,2.2));
#9971=CARTESIAN_POINT('',(-1.5,1.5,2.2));
#9972=CARTESIAN_POINT('',(1.5,-1.5,2.2));
#9973=CARTESIAN_POINT('',(-1.5,-1.5,2.2));
#9974=CARTESIAN_POINT('',(1.5,1.5,2.2));
#9975=CARTESIAN_POINT('',(1.5,-1.5,2.2));
#9976=CARTESIAN_POINT('',(1.5,1.5,2.2));
#9977=CARTESIAN_POINT('Origin',(-1.9,1.9,2.2));
#9978=CARTESIAN_POINT('',(-1.9,-1.6,3.9));
#9979=CARTESIAN_POINT('',(-1.9,-1.6,2.2));
#9980=CARTESIAN_POINT('',(-1.9,1.6,3.9));
#9981=CARTESIAN_POINT('',(-1.9,1.9,3.9));
#9982=CARTESIAN_POINT('',(-1.9,1.6,2.2));
#9983=CARTESIAN_POINT('Origin',(-1.6,1.6,2.2));
#9984=CARTESIAN_POINT('',(-1.6,1.9,3.9));
#9985=CARTESIAN_POINT('Origin',(-1.6,1.6,3.9));
#9986=CARTESIAN_POINT('',(-1.6,1.9,2.2));
#9987=CARTESIAN_POINT('Origin',(-1.6,-1.6,2.2));
#9988=CARTESIAN_POINT('',(-1.6,-1.9,3.9));
#9989=CARTESIAN_POINT('',(-1.6,-1.9,2.2));
#9990=CARTESIAN_POINT('Origin',(-1.6,-1.6,3.9));
#9991=CARTESIAN_POINT('Origin',(1.9,1.9,2.2));
#9992=CARTESIAN_POINT('',(1.6,1.9,3.9));
#9993=CARTESIAN_POINT('',(1.9,1.9,3.9));
#9994=CARTESIAN_POINT('',(1.6,1.9,2.2));
#9995=CARTESIAN_POINT('Origin',(-1.9,-1.9,2.2));
#9996=CARTESIAN_POINT('',(1.6,-1.9,3.9));
#9997=CARTESIAN_POINT('',(1.6,-1.9,2.2));
#9998=CARTESIAN_POINT('',(-1.9,-1.9,3.9));
#9999=CARTESIAN_POINT('Origin',(1.6,1.6,2.2));
#10000=CARTESIAN_POINT('',(1.9,1.6,3.9));
#10001=CARTESIAN_POINT('Origin',(1.6,1.6,3.9));
#10002=CARTESIAN_POINT('',(1.9,1.6,2.2));
#10003=CARTESIAN_POINT('Origin',(1.6,-1.6,2.2));
#10004=CARTESIAN_POINT('',(1.9,-1.6,3.9));
#10005=CARTESIAN_POINT('',(1.9,-1.6,2.2));
#10006=CARTESIAN_POINT('Origin',(1.6,-1.6,3.9));
#10007=CARTESIAN_POINT('Origin',(1.9,-1.9,2.2));
#10008=CARTESIAN_POINT('',(1.9,-1.9,3.9));
#10009=CARTESIAN_POINT('Origin',(-1.5,1.5,1.));
#10010=CARTESIAN_POINT('',(-1.5,1.5,1.));
#10011=CARTESIAN_POINT('',(-1.5,1.5,1.));
#10012=CARTESIAN_POINT('',(-1.5,-1.5,1.));
#10013=CARTESIAN_POINT('',(-1.5,1.5,1.));
#10014=CARTESIAN_POINT('',(-1.5,-1.5,1.));
#10015=CARTESIAN_POINT('Origin',(-1.5,-1.5,1.));
#10016=CARTESIAN_POINT('',(1.5,-1.5,1.));
#10017=CARTESIAN_POINT('',(-1.5,-1.5,1.));
#10018=CARTESIAN_POINT('',(1.5,-1.5,1.));
#10019=CARTESIAN_POINT('Origin',(1.5,-1.5,1.));
#10020=CARTESIAN_POINT('',(1.5,1.5,1.));
#10021=CARTESIAN_POINT('',(1.5,-1.5,1.));
#10022=CARTESIAN_POINT('',(1.5,1.5,1.));
#10023=CARTESIAN_POINT('Origin',(1.5,1.5,1.));
#10024=CARTESIAN_POINT('',(1.5,1.5,1.));
#10025=CARTESIAN_POINT('Origin',(-1.6,1.9,3.9));
#10026=CARTESIAN_POINT('',(-1.6,-1.6,4.2));
#10027=CARTESIAN_POINT('Origin',(-1.6,-1.6,3.9));
#10028=CARTESIAN_POINT('',(-1.6,1.6,4.2));
#10029=CARTESIAN_POINT('',(-1.6,1.9,4.2));
#10030=CARTESIAN_POINT('Origin',(-1.6,1.6,3.9));
#10031=CARTESIAN_POINT('Origin',(-1.6,1.6,3.9));
#10032=CARTESIAN_POINT('Origin',(-1.6,1.6,3.9));
#10033=CARTESIAN_POINT('Origin',(-1.6,-1.6,3.9));
#10034=CARTESIAN_POINT('Origin',(-1.6,-1.6,3.9));
#10035=CARTESIAN_POINT('Origin',(1.9,1.6,3.9));
#10036=CARTESIAN_POINT('',(1.6,1.6,4.2));
#10037=CARTESIAN_POINT('',(1.9,1.6,4.2));
#10038=CARTESIAN_POINT('Origin',(1.6,1.6,3.9));
#10039=CARTESIAN_POINT('Origin',(-1.9,-1.6,3.9));
#10040=CARTESIAN_POINT('',(1.6,-1.6,4.2));
#10041=CARTESIAN_POINT('Origin',(1.6,-1.6,3.9));
#10042=CARTESIAN_POINT('',(-1.9,-1.6,4.2));
#10043=CARTESIAN_POINT('Origin',(1.6,1.6,3.9));
#10044=CARTESIAN_POINT('Origin',(1.6,1.6,3.9));
#10045=CARTESIAN_POINT('Origin',(1.6,-1.6,3.9));
#10046=CARTESIAN_POINT('Origin',(1.6,-1.6,3.9));
#10047=CARTESIAN_POINT('Origin',(1.6,-1.9,3.9));
#10048=CARTESIAN_POINT('',(1.6,-1.9,4.2));
#10049=CARTESIAN_POINT('Origin',(-2.E-16,-1.4E-16,1.));
#10050=CARTESIAN_POINT('',(-3.5,4.28626379701574E-16,1.));
#10051=CARTESIAN_POINT('Origin',(0.,0.,1.));
#10052=CARTESIAN_POINT('Origin',(-6.E-17,-6.E-17,4.2));
#10053=CARTESIAN_POINT('',(-0.9,-1.10218211923262E-16,4.2));
#10054=CARTESIAN_POINT('Origin',(0.,0.,4.2));
#10055=CARTESIAN_POINT('Origin',(0.,0.,0.));
#10056=CARTESIAN_POINT('',(-3.5,4.28626379701574E-16,0.));
#10057=CARTESIAN_POINT('Origin',(0.,0.,0.));
#10058=CARTESIAN_POINT('',(-3.5,4.28626379701574E-16,0.));
#10059=CARTESIAN_POINT('Origin',(0.,0.,4.2));
#10060=CARTESIAN_POINT('',(-0.9,-1.10218211923262E-16,1.2));
#10061=CARTESIAN_POINT('Origin',(0.,0.,1.2));
#10062=CARTESIAN_POINT('',(-0.9,-1.10218211923262E-16,4.2));
#10063=CARTESIAN_POINT('Origin',(-2.E-16,-1.4E-16,0.));
#10064=CARTESIAN_POINT('Origin',(-2.E-17,1.E-17,1.2));
#10065=CARTESIAN_POINT('',(0.,0.,0.));
#10066=CARTESIAN_POINT('Origin',(5.,-2.,0.));
#10067=CARTESIAN_POINT('',(5.,-2.,0.));
#10068=CARTESIAN_POINT('',(5.,-2.,0.25));
#10069=CARTESIAN_POINT('',(5.,-2.,0.));
#10070=CARTESIAN_POINT('',(5.,-3.,0.));
#10071=CARTESIAN_POINT('',(5.,-2.,0.));
#10072=CARTESIAN_POINT('',(5.,-3.,0.25));
#10073=CARTESIAN_POINT('',(5.,-3.,0.));
#10074=CARTESIAN_POINT('',(5.,-2.,0.25));
#10075=CARTESIAN_POINT('Origin',(5.5,-2.5,0.));
#10076=CARTESIAN_POINT('',(6.,-2.,0.));
#10077=CARTESIAN_POINT('',(6.,-2.,0.));
#10078=CARTESIAN_POINT('',(6.,-3.,0.));
#10079=CARTESIAN_POINT('',(6.,-3.,0.));
#10080=CARTESIAN_POINT('',(5.,-3.,0.));
#10081=CARTESIAN_POINT('Origin',(5.5,-2.5,0.25));
#10082=CARTESIAN_POINT('',(6.,-3.,0.25));
#10083=CARTESIAN_POINT('',(5.,-3.,0.25));
#10084=CARTESIAN_POINT('',(6.,-2.,0.25));
#10085=CARTESIAN_POINT('',(6.,-3.,0.25));
#10086=CARTESIAN_POINT('',(6.,-2.,0.25));
#10087=CARTESIAN_POINT('Origin',(6.,-2.,-0.1));
#10088=CARTESIAN_POINT('',(6.093969262079,-2.,-0.06579798566743));
#10089=CARTESIAN_POINT('Origin',(6.,-2.,-0.1));
#10090=CARTESIAN_POINT('',(6.093969262079,-3.,-0.06579798566743));
#10091=CARTESIAN_POINT('',(6.093969262079,-2.,-0.06579798566743));
#10092=CARTESIAN_POINT('Origin',(6.,-3.,-0.1));
#10093=CARTESIAN_POINT('Origin',(6.,-3.,-0.1));
#10094=CARTESIAN_POINT('',(6.328892417275,-3.,0.01970705016398));
#10095=CARTESIAN_POINT('Origin',(6.,-3.,-0.1));
#10096=CARTESIAN_POINT('',(6.328892417275,-2.,0.01970705016398));
#10097=CARTESIAN_POINT('',(6.328892417275,-3.,0.01970705016399));
#10098=CARTESIAN_POINT('Origin',(6.,-2.,-0.1));
#10099=CARTESIAN_POINT('Origin',(6.435989405404,-2.5,-1.005490606453));
#10100=CARTESIAN_POINT('',(6.77800954873,-2.,-1.945183227239));
#10101=CARTESIAN_POINT('',(6.77800954873,-2.,-1.945183227239));
#10102=CARTESIAN_POINT('',(6.77800954873,-3.,-1.945183227239));
#10103=CARTESIAN_POINT('',(6.77800954873,-3.,-1.945183227239));
#10104=CARTESIAN_POINT('',(6.093969262079,-3.,-0.06579798566743));
#10105=CARTESIAN_POINT('Origin',(6.670912560601,-2.5,-0.919985570622));
#10106=CARTESIAN_POINT('',(7.012932703926,-3.,-1.859678191408));
#10107=CARTESIAN_POINT('',(6.328892417275,-3.,0.01970705016399));
#10108=CARTESIAN_POINT('',(7.012932703926,-2.,-1.859678191408));
#10109=CARTESIAN_POINT('',(7.012932703926,-3.,-1.859678191408));
#10110=CARTESIAN_POINT('',(7.012932703926,-2.,-1.859678191408));
#10111=CARTESIAN_POINT('Origin',(6.684040286651,-2.,-1.979385241572));
#10112=CARTESIAN_POINT('',(6.77800954873,-2.,-2.013587255904));
#10113=CARTESIAN_POINT('Origin',(6.684040286651,-2.,-1.979385241572));
#10114=CARTESIAN_POINT('',(6.77800954873,-3.,-2.013587255904));
#10115=CARTESIAN_POINT('',(6.77800954873,-2.,-2.013587255904));
#10116=CARTESIAN_POINT('Origin',(6.684040286651,-3.,-1.979385241572));
#10117=CARTESIAN_POINT('Origin',(6.684040286651,-3.,-1.979385241572));
#10118=CARTESIAN_POINT('',(7.012932703926,-3.,-2.099092291736));
#10119=CARTESIAN_POINT('Origin',(6.684040286651,-3.,-1.979385241572));
#10120=CARTESIAN_POINT('',(7.012932703926,-2.,-2.099092291736));
#10121=CARTESIAN_POINT('',(7.012932703926,-3.,-2.099092291736));
#10122=CARTESIAN_POINT('Origin',(6.684040286651,-2.,-1.979385241572));
#10123=CARTESIAN_POINT('Origin',(6.555696455568,-2.5,-2.624387459415));
#10124=CARTESIAN_POINT('',(6.516307515102,-2.,-2.732607683922));
#10125=CARTESIAN_POINT('',(6.333383362407,-2.,-3.235187662926));
#10126=CARTESIAN_POINT('',(6.333383362407,-2.076635112275,-3.235187662926));
#10127=CARTESIAN_POINT('',(6.001198759694,-2.215802105532,-4.147857357971));
#10128=CARTESIAN_POINT('',(6.333383362407,-2.923364887725,-3.235187662926));
#10129=CARTESIAN_POINT('',(6.333383362407,-3.,-3.235187662926));
#10130=CARTESIAN_POINT('',(6.516307515102,-3.,-2.732607683922));
#10131=CARTESIAN_POINT('',(6.001198759694,-2.784197894468,-4.147857357971));
#10132=CARTESIAN_POINT('',(6.77800954873,-3.,-2.013587255904));
#10133=CARTESIAN_POINT('Origin',(6.790619610765,-2.5,-2.709892495247));
#10134=CARTESIAN_POINT('',(6.782351958221,-3.,-2.732607683922));
#10135=CARTESIAN_POINT('',(7.012932703926,-3.,-2.099092291736));
#10136=CARTESIAN_POINT('',(6.568306517603,-2.910326787732,-3.320692698757));
#10137=CARTESIAN_POINT('',(6.236748021207,-2.771422098425,-4.231642180835));
#10138=CARTESIAN_POINT('',(6.568306517603,-2.089673212268,-3.320692698757));
#10139=CARTESIAN_POINT('',(6.568306517603,-3.,-3.320692698757));
#10140=CARTESIAN_POINT('',(6.782351958221,-2.,-2.732607683922));
#10141=CARTESIAN_POINT('',(6.236748021207,-2.228577901575,-4.231642180835));
#10142=CARTESIAN_POINT('',(6.568306517603,-2.,-3.320692698757));
#10143=CARTESIAN_POINT('Origin',(0.,-2.140949692307,-3.656968480136));
#10144=CARTESIAN_POINT('',(6.312275779682,-2.094888452266,-3.35489471309));
#10145=CARTESIAN_POINT('',(6.312275779682,-2.140949692307,-3.656968480136));
#10146=CARTESIAN_POINT('',(6.312275779682,-2.148599966069,-3.707139665543));
#10147=CARTESIAN_POINT('Origin',(6.662275779682,-2.094888452266,-3.35489471309));
#10148=CARTESIAN_POINT('',(3.166691681203,-2.,-2.732607683922));
#10149=CARTESIAN_POINT('',(6.562275779682,-2.094888452266,-3.35489471309));
#10150=CARTESIAN_POINT('Origin',(6.662275779682,-2.094888452266,-3.35489471309));
#10151=CARTESIAN_POINT('',(6.562275779682,-2.140949692307,-3.656968480136));
#10152=CARTESIAN_POINT('',(6.562275779682,-2.148599966069,-3.707139665543));
#10153=CARTESIAN_POINT('',(0.,-2.140949692307,-3.656968480136));
#10154=CARTESIAN_POINT('Origin',(0.,-2.859050307693,-3.656968480136));
#10155=CARTESIAN_POINT('',(6.312275779682,-2.905111547734,-3.35489471309));
#10156=CARTESIAN_POINT('',(6.312275779682,-2.859050307693,-3.656968480136));
#10157=CARTESIAN_POINT('',(6.312275779682,-2.851400033931,-3.707139665543));
#10158=CARTESIAN_POINT('',(6.562275779682,-2.859050307693,-3.656968480136));
#10159=CARTESIAN_POINT('',(0.,-2.859050307693,-3.656968480136));
#10160=CARTESIAN_POINT('',(6.562275779682,-2.905111547734,-3.35489471309));
#10161=CARTESIAN_POINT('',(6.562275779682,-2.851400033931,-3.707139665543));
#10162=CARTESIAN_POINT('Origin',(6.662275779682,-2.905111547734,-3.35489471309));
#10163=CARTESIAN_POINT('',(3.389004774365,-3.,-2.732607683922));
#10164=CARTESIAN_POINT('Origin',(6.662275779682,-2.905111547734,-3.35489471309));
#10165=CARTESIAN_POINT('Origin',(6.662275779682,-3.,-3.35489471309));
#10166=CARTESIAN_POINT('',(6.312275779682,-3.,-3.35489471309));
#10167=CARTESIAN_POINT('Origin',(6.662275779682,-2.,-3.35489471309));
#10168=CARTESIAN_POINT('',(6.562275779682,-2.,-3.35489471309));
#10169=CARTESIAN_POINT('Origin',(6.312275779682,-2.5,-3.70489471309));
#10170=CARTESIAN_POINT('Origin',(6.312275779682,-2.5,-3.602219262515));
#10171=CARTESIAN_POINT('Origin',(6.562275779682,-2.5,-3.70489471309));
#10172=CARTESIAN_POINT('Origin',(6.562275779682,-2.5,-3.602219262515));
#10173=CARTESIAN_POINT('Origin',(0.,-2.5,-3.602219262515));
#10174=CARTESIAN_POINT('Origin',(6.297989121079,-2.,-0.940950724655));
#10175=CARTESIAN_POINT('Origin',(6.297989121079,-3.,-0.940950724655));
#10176=CARTESIAN_POINT('',(0.,0.,0.2));
#10177=CARTESIAN_POINT('',(0.,0.,3.2));
#10178=CARTESIAN_POINT('',(0.,0.,3.2));
#10179=CARTESIAN_POINT('',(0.,0.,0.5));
#10180=CARTESIAN_POINT('',(0.,5.,0.5));
#10181=CARTESIAN_POINT('',(0.,0.,0.5));
#10182=CARTESIAN_POINT('',(4.283714645226E-7,-5.,0.5));
#10183=CARTESIAN_POINT('',(0.,0.,0.));
#10184=CARTESIAN_POINT('Origin',(0.,0.,0.));
#10185=CARTESIAN_POINT('',(-5.136936183092,-6.29093245404784E-16,6.98433805684457E-32));
#10186=CARTESIAN_POINT('Origin',(0.,0.,0.));
#10187=CARTESIAN_POINT('Origin',(0.,1.33226762955E-16,0.6));
#10188=CARTESIAN_POINT('',(-5.736895624738,-5.70889367120994E-16,0.593023727423));
#10189=CARTESIAN_POINT('Origin',(0.,1.316777192667E-16,0.593023727423));
#10190=CARTESIAN_POINT('Origin',(-5.136936183092,-4.95866482449784E-16,
0.6));
#10191=CARTESIAN_POINT('Origin',(0.,1.316777192667E-16,0.593023727423));
#10192=CARTESIAN_POINT('',(-5.77999999999951,2.469459512703E-16,4.30000000000001));
#10193=CARTESIAN_POINT('Origin',(0.,9.547918011776E-16,4.3));
#10194=CARTESIAN_POINT('',(-5.736895624738,-5.70889367121085E-16,0.593023727423));
#10195=CARTESIAN_POINT('Origin',(0.,9.547918011776E-16,4.3));
#10196=CARTESIAN_POINT('',(-6.4,1.71017849723294E-16,4.3));
#10197=CARTESIAN_POINT('Origin',(0.,9.547918011776E-16,4.3));
#10198=CARTESIAN_POINT('Origin',(0.,9.547918011776E-16,4.3));
#10199=CARTESIAN_POINT('',(-6.4,4.37471375633294E-16,5.5));
#10200=CARTESIAN_POINT('Origin',(0.,1.221245327088E-15,5.5));
#10201=CARTESIAN_POINT('',(-6.4,1.71017849723294E-16,4.3));
#10202=CARTESIAN_POINT('Origin',(0.,1.221245327088E-15,5.5));
#10203=CARTESIAN_POINT('',(-4.85,6.27291629501534E-16,5.5));
#10204=CARTESIAN_POINT('Origin',(0.,1.221245327088E-15,5.5));
#10205=CARTESIAN_POINT('Origin',(0.,1.221245327088E-15,5.5));
#10206=CARTESIAN_POINT('',(4.834887636049,0.3,5.));
#10207=CARTESIAN_POINT('',(4.834887636049,-0.3,5.));
#10208=CARTESIAN_POINT('Origin',(0.,1.110223024625E-15,5.));
#10209=CARTESIAN_POINT('',(4.78828568769,-0.3,1.));
#10210=CARTESIAN_POINT('',(4.83488763604881,-0.3,5.));
#10211=CARTESIAN_POINT('',(0.3,-4.78828568769,1.));
#10212=CARTESIAN_POINT('Origin',(0.,2.22044604925E-16,1.));
#10213=CARTESIAN_POINT('',(0.3,-4.834887636049,5.));
#10214=CARTESIAN_POINT('',(0.3,-4.788285687693,1.000000000218));
#10215=CARTESIAN_POINT('',(-0.3,-4.834887636049,5.));
#10216=CARTESIAN_POINT('Origin',(0.,1.110223024625E-15,5.));
#10217=CARTESIAN_POINT('',(-0.3,-4.78828568769,1.));
#10218=CARTESIAN_POINT('',(-0.3,-4.83488763604881,5.));
#10219=CARTESIAN_POINT('',(-4.78828568769,-0.3,1.));
#10220=CARTESIAN_POINT('Origin',(0.,2.22044604925E-16,1.));
#10221=CARTESIAN_POINT('',(-4.834887636049,-0.3,5.));
#10222=CARTESIAN_POINT('',(-4.788285687693,-0.3,1.000000000218));
#10223=CARTESIAN_POINT('',(-4.844186046512,5.16981330991981E-16,5.));
#10224=CARTESIAN_POINT('Origin',(0.,1.110223024625E-15,5.));
#10225=CARTESIAN_POINT('',(-4.85,6.27291629501534E-16,5.5));
#10226=CARTESIAN_POINT('',(-4.834887636049,0.3,5.));
#10227=CARTESIAN_POINT('Origin',(0.,1.110223024625E-15,5.));
#10228=CARTESIAN_POINT('',(-4.78828568769,0.3,1.));
#10229=CARTESIAN_POINT('',(-4.83488763604881,0.3,5.));
#10230=CARTESIAN_POINT('',(-0.3,4.78828568769,1.));
#10231=CARTESIAN_POINT('Origin',(0.,2.22044604925E-16,1.));
#10232=CARTESIAN_POINT('',(-0.3,4.834887636049,5.));
#10233=CARTESIAN_POINT('',(-0.3,4.788285687693,1.000000000218));
#10234=CARTESIAN_POINT('',(0.3,4.834887636049,5.));
#10235=CARTESIAN_POINT('Origin',(0.,1.110223024625E-15,5.));
#10236=CARTESIAN_POINT('',(0.3,4.78828568769,1.));
#10237=CARTESIAN_POINT('',(0.3,4.83488763604881,5.));
#10238=CARTESIAN_POINT('',(4.78828568769,0.3,1.));
#10239=CARTESIAN_POINT('Origin',(0.,2.22044604925E-16,1.));
#10240=CARTESIAN_POINT('',(4.788285687693,0.3,1.000000000218));
#10241=CARTESIAN_POINT('Origin',(-0.01333465013321,-0.01259475683814,5.));
#10242=CARTESIAN_POINT('',(2.725,0.3,5.));
#10243=CARTESIAN_POINT('',(4.907142,0.3,5.));
#10244=CARTESIAN_POINT('',(2.725,-0.3,5.));
#10245=CARTESIAN_POINT('',(2.725,0.3,5.));
#10246=CARTESIAN_POINT('',(2.725,-0.3,5.));
#10247=CARTESIAN_POINT('Origin',(2.725,-0.3,1.));
#10248=CARTESIAN_POINT('',(2.725,-0.3,1.));
#10249=CARTESIAN_POINT('',(2.725,-0.3,1.));
#10250=CARTESIAN_POINT('',(2.725,-0.3,1.));
#10251=CARTESIAN_POINT('Origin',(0.,2.22044604925E-16,1.));
#10252=CARTESIAN_POINT('',(2.725,-1.925,1.));
#10253=CARTESIAN_POINT('',(2.725,-1.925,1.));
#10254=CARTESIAN_POINT('',(1.925,-1.925,1.));
#10255=CARTESIAN_POINT('',(1.925,-1.925,1.));
#10256=CARTESIAN_POINT('',(1.925,1.925,1.));
#10257=CARTESIAN_POINT('',(1.925,1.925,1.));
#10258=CARTESIAN_POINT('',(2.725,1.925,1.));
#10259=CARTESIAN_POINT('',(2.725,1.925,1.));
#10260=CARTESIAN_POINT('',(2.725,0.3,1.));
#10261=CARTESIAN_POINT('',(2.725,-1.925,1.));
#10262=CARTESIAN_POINT('',(4.907142,0.3,1.));
#10263=CARTESIAN_POINT('',(0.3,2.725,1.));
#10264=CARTESIAN_POINT('',(0.3,2.725,1.));
#10265=CARTESIAN_POINT('',(0.84,2.725,1.));
#10266=CARTESIAN_POINT('',(0.84,2.725,1.));
#10267=CARTESIAN_POINT('',(0.84,1.925,1.));
#10268=CARTESIAN_POINT('',(0.84,1.925,1.));
#10269=CARTESIAN_POINT('',(-0.84,1.925,1.));
#10270=CARTESIAN_POINT('',(-0.84,1.925,1.));
#10271=CARTESIAN_POINT('',(-0.84,2.725,1.));
#10272=CARTESIAN_POINT('',(-0.84,2.725,1.));
#10273=CARTESIAN_POINT('',(-0.3,2.725,1.));
#10274=CARTESIAN_POINT('',(0.84,2.725,1.));
#10275=CARTESIAN_POINT('',(-0.3,4.928068119397,1.));
#10276=CARTESIAN_POINT('',(-2.725,0.3,1.));
#10277=CARTESIAN_POINT('',(-2.725,0.3,1.));
#10278=CARTESIAN_POINT('',(-2.725,1.925,1.));
#10279=CARTESIAN_POINT('',(-2.725,1.925,1.));
#10280=CARTESIAN_POINT('',(-1.925,1.925,1.));
#10281=CARTESIAN_POINT('',(-1.925,1.925,1.));
#10282=CARTESIAN_POINT('',(-1.925,-1.925,1.));
#10283=CARTESIAN_POINT('',(-1.925,-1.925,1.));
#10284=CARTESIAN_POINT('',(-2.725,-1.925,1.));
#10285=CARTESIAN_POINT('',(-2.725,-1.925,1.));
#10286=CARTESIAN_POINT('',(-2.725,-0.3,1.));
#10287=CARTESIAN_POINT('',(-2.725,1.925,1.));
#10288=CARTESIAN_POINT('',(-4.935811215536,-0.3,1.));
#10289=CARTESIAN_POINT('',(-0.3,-2.725,1.));
#10290=CARTESIAN_POINT('',(-0.3,-2.725,1.));
#10291=CARTESIAN_POINT('',(-0.84,-2.725,1.));
#10292=CARTESIAN_POINT('',(-0.84,-2.725,1.));
#10293=CARTESIAN_POINT('',(-0.84,-1.925,1.));
#10294=CARTESIAN_POINT('',(-0.84,-1.925,1.));
#10295=CARTESIAN_POINT('',(0.84,-1.925,1.));
#10296=CARTESIAN_POINT('',(0.84,-1.925,1.));
#10297=CARTESIAN_POINT('',(0.84,-2.725,1.));
#10298=CARTESIAN_POINT('',(0.84,-2.725,1.));
#10299=CARTESIAN_POINT('',(0.3,-2.725,1.));
#10300=CARTESIAN_POINT('',(-0.84,-2.725,1.));
#10301=CARTESIAN_POINT('',(0.3,-4.955042850289,1.));
#10302=CARTESIAN_POINT('Origin',(0.3,-4.955042850289,1.));
#10303=CARTESIAN_POINT('',(0.3,-2.725,5.));
#10304=CARTESIAN_POINT('',(0.3,-2.725,1.));
#10305=CARTESIAN_POINT('',(0.3,-4.955042850289,5.));
#10306=CARTESIAN_POINT('Origin',(-0.01333465013321,-0.01259475683814,5.));
#10307=CARTESIAN_POINT('',(-0.3,-2.725,5.));
#10308=CARTESIAN_POINT('',(0.3,-2.725,5.));
#10309=CARTESIAN_POINT('',(-0.3,-2.725,5.));
#10310=CARTESIAN_POINT('Origin',(-0.3,-2.725,1.));
#10311=CARTESIAN_POINT('',(-0.3,-2.725,1.));
#10312=CARTESIAN_POINT('Origin',(-4.935811215536,-0.3,1.));
#10313=CARTESIAN_POINT('',(-2.725,-0.3,5.));
#10314=CARTESIAN_POINT('',(-2.725,-0.3,1.));
#10315=CARTESIAN_POINT('',(-4.935811215536,-0.3,5.));
#10316=CARTESIAN_POINT('Origin',(-0.01333465013321,-0.01259475683814,5.));
#10317=CARTESIAN_POINT('',(-2.725,0.3,5.));
#10318=CARTESIAN_POINT('',(-2.725,-0.3,5.));
#10319=CARTESIAN_POINT('',(-2.725,0.3,5.));
#10320=CARTESIAN_POINT('Origin',(-2.725,0.3,1.));
#10321=CARTESIAN_POINT('',(-2.725,0.3,1.));
#10322=CARTESIAN_POINT('Origin',(-0.3,4.928068119397,1.));
#10323=CARTESIAN_POINT('',(-0.3,2.725,5.));
#10324=CARTESIAN_POINT('',(-0.3,2.725,1.));
#10325=CARTESIAN_POINT('',(-0.3,4.928068119397,5.));
#10326=CARTESIAN_POINT('Origin',(-0.01333465013321,-0.01259475683814,5.));
#10327=CARTESIAN_POINT('',(0.3,2.725,5.));
#10328=CARTESIAN_POINT('',(-0.3,2.725,5.));
#10329=CARTESIAN_POINT('',(0.3,2.725,5.));
#10330=CARTESIAN_POINT('Origin',(0.3,2.725,1.));
#10331=CARTESIAN_POINT('',(0.3,2.725,1.));
#10332=CARTESIAN_POINT('Origin',(4.907142,0.3,1.));
#10333=CARTESIAN_POINT('',(2.725,0.3,1.));
#10334=CARTESIAN_POINT('Origin',(2.725,-1.925,1.));
#10335=CARTESIAN_POINT('',(2.725,1.925,7.8));
#10336=CARTESIAN_POINT('',(2.725,1.925,1.));
#10337=CARTESIAN_POINT('',(2.725,-1.925,7.8));
#10338=CARTESIAN_POINT('',(2.725,-1.925,7.8));
#10339=CARTESIAN_POINT('',(2.725,-1.925,1.));
#10340=CARTESIAN_POINT('Origin',(2.296674745266,-1.925,4.447838323591));
#10341=CARTESIAN_POINT('',(1.925,-1.925,6.602684));
#10342=CARTESIAN_POINT('',(1.925,-1.925,1.));
#10343=CARTESIAN_POINT('',(1.925,-1.925,7.8));
#10344=CARTESIAN_POINT('',(1.925,-1.925,7.8));
#10345=CARTESIAN_POINT('',(1.5934,-1.925,7.223239));
#10346=CARTESIAN_POINT('',(1.925,-1.925,7.8));
#10347=CARTESIAN_POINT('',(1.5934,-1.925,6.770872));
#10348=CARTESIAN_POINT('',(1.5934,-1.925,7.223239));
#10349=CARTESIAN_POINT('',(1.5934,-1.925,6.770872));
#10350=CARTESIAN_POINT('Origin',(1.925,1.925,1.));
#10351=CARTESIAN_POINT('',(1.925,1.925,6.602684));
#10352=CARTESIAN_POINT('',(1.925,1.925,6.602684));
#10353=CARTESIAN_POINT('',(1.925,1.925,1.));
#10354=CARTESIAN_POINT('Origin',(2.296674745266,1.925,4.447838323591));
#10355=CARTESIAN_POINT('',(1.5934,1.925,6.770872));
#10356=CARTESIAN_POINT('',(1.5934,1.925,6.770872));
#10357=CARTESIAN_POINT('',(1.5934,1.925,7.223239));
#10358=CARTESIAN_POINT('',(1.5934,1.925,7.223239));
#10359=CARTESIAN_POINT('',(1.925,1.925,7.8));
#10360=CARTESIAN_POINT('',(1.925,1.925,7.8));
#10361=CARTESIAN_POINT('',(2.725,1.925,7.8));
#10362=CARTESIAN_POINT('Origin',(0.84,2.725,1.));
#10363=CARTESIAN_POINT('',(-0.84,2.725,6.6));
#10364=CARTESIAN_POINT('',(-0.84,2.725,1.));
#10365=CARTESIAN_POINT('',(0.84,2.725,6.6));
#10366=CARTESIAN_POINT('',(0.84,2.725,6.6));
#10367=CARTESIAN_POINT('',(0.84,2.725,1.));
#10368=CARTESIAN_POINT('Origin',(0.84,1.925,1.));
#10369=CARTESIAN_POINT('',(0.84,1.925,6.6));
#10370=CARTESIAN_POINT('',(0.84,1.925,1.));
#10371=CARTESIAN_POINT('',(0.84,1.925,6.6));
#10372=CARTESIAN_POINT('Origin',(-0.84,1.925,1.));
#10373=CARTESIAN_POINT('',(-0.84,1.925,6.6));
#10374=CARTESIAN_POINT('',(-0.84,1.925,1.));
#10375=CARTESIAN_POINT('',(-0.84,1.925,6.6));
#10376=CARTESIAN_POINT('Origin',(-0.84,2.725,1.));
#10377=CARTESIAN_POINT('',(-0.84,2.725,6.6));
#10378=CARTESIAN_POINT('Origin',(-2.725,1.925,1.));
#10379=CARTESIAN_POINT('',(-2.725,-1.925,7.8));
#10380=CARTESIAN_POINT('',(-2.725,-1.925,1.));
#10381=CARTESIAN_POINT('',(-2.725,1.925,7.8));
#10382=CARTESIAN_POINT('',(-2.725,1.925,7.8));
#10383=CARTESIAN_POINT('',(-2.725,1.925,1.));
#10384=CARTESIAN_POINT('Origin',(-2.296674745266,1.925,4.447838323591));
#10385=CARTESIAN_POINT('',(-1.925,1.925,6.602684));
#10386=CARTESIAN_POINT('',(-1.925,1.925,1.));
#10387=CARTESIAN_POINT('',(-1.925,1.925,7.8));
#10388=CARTESIAN_POINT('',(-1.925,1.925,7.8));
#10389=CARTESIAN_POINT('',(-1.5934,1.925,7.223239));
#10390=CARTESIAN_POINT('',(-1.925,1.925,7.8));
#10391=CARTESIAN_POINT('',(-1.5934,1.925,6.770872));
#10392=CARTESIAN_POINT('',(-1.5934,1.925,7.223239));
#10393=CARTESIAN_POINT('',(-1.5934,1.925,6.770872));
#10394=CARTESIAN_POINT('Origin',(-1.925,-1.925,1.));
#10395=CARTESIAN_POINT('',(-1.925,-1.925,6.602684));
#10396=CARTESIAN_POINT('',(-1.925,1.925,6.602684));
#10397=CARTESIAN_POINT('',(-1.925,-1.925,1.));
#10398=CARTESIAN_POINT('Origin',(-2.296674745266,-1.925,4.447838323591));
#10399=CARTESIAN_POINT('',(-1.5934,-1.925,6.770872));
#10400=CARTESIAN_POINT('',(-1.5934,-1.925,6.770872));
#10401=CARTESIAN_POINT('',(-1.5934,-1.925,7.223239));
#10402=CARTESIAN_POINT('',(-1.5934,-1.925,7.223239));
#10403=CARTESIAN_POINT('',(-1.925,-1.925,7.8));
#10404=CARTESIAN_POINT('',(-1.925,-1.925,7.8));
#10405=CARTESIAN_POINT('',(-2.725,-1.925,7.8));
#10406=CARTESIAN_POINT('Origin',(-0.84,-2.725,1.));
#10407=CARTESIAN_POINT('',(0.84,-2.725,6.6));
#10408=CARTESIAN_POINT('',(0.84,-2.725,1.));
#10409=CARTESIAN_POINT('',(-0.84,-2.725,6.6));
#10410=CARTESIAN_POINT('',(-0.84,-2.725,6.6));
#10411=CARTESIAN_POINT('',(-0.84,-2.725,1.));
#10412=CARTESIAN_POINT('Origin',(-0.84,-1.925,1.));
#10413=CARTESIAN_POINT('',(-0.84,-1.925,6.6));
#10414=CARTESIAN_POINT('',(-0.84,-1.925,1.));
#10415=CARTESIAN_POINT('',(-0.84,-1.925,6.6));
#10416=CARTESIAN_POINT('Origin',(0.84,-1.925,1.));
#10417=CARTESIAN_POINT('',(0.84,-1.925,6.6));
#10418=CARTESIAN_POINT('',(0.84,-1.925,1.));
#10419=CARTESIAN_POINT('',(0.84,-1.925,6.6));
#10420=CARTESIAN_POINT('Origin',(0.84,-2.725,1.));
#10421=CARTESIAN_POINT('',(0.84,-2.725,6.6));
#10422=CARTESIAN_POINT('Origin',(9.550305588173E-17,0.,7.8));
#10423=CARTESIAN_POINT('',(1.925,1.925,7.8));
#10424=CARTESIAN_POINT('Origin',(1.925,1.925,7.8));
#10425=CARTESIAN_POINT('',(1.5934,1.925,7.223239));
#10426=CARTESIAN_POINT('Origin',(1.5934,1.925,7.223239));
#10427=CARTESIAN_POINT('',(1.5934,1.925,6.770872));
#10428=CARTESIAN_POINT('Origin',(1.5934,1.925,6.770872));
#10429=CARTESIAN_POINT('Origin',(1.119176436114E-17,8.881784197001E-16,
6.6));
#10430=CARTESIAN_POINT('Origin',(9.550305588173E-17,0.,7.8));
#10431=CARTESIAN_POINT('',(-1.925,-1.925,7.8));
#10432=CARTESIAN_POINT('Origin',(-1.925,1.925,7.8));
#10433=CARTESIAN_POINT('',(-1.5934,1.925,7.223239));
#10434=CARTESIAN_POINT('Origin',(-1.5934,1.925,7.223239));
#10435=CARTESIAN_POINT('',(-1.5934,1.925,6.770872));
#10436=CARTESIAN_POINT('Origin',(-1.5934,1.925,6.770872));
#10437=CARTESIAN_POINT('Origin',(1.119176436114E-17,8.881784197001E-16,
6.6));
#10438=CARTESIAN_POINT('',(0.,0.,0.));
#10439=CARTESIAN_POINT('',(0.,1.469576158977E-15,12.));
#10440=CARTESIAN_POINT('Origin',(-30.038005886386,72.788509367906,-118.830955431781));
#10441=CARTESIAN_POINT('',(-30.,72.788509367906,-119.730152582794));
#10442=CARTESIAN_POINT('',(-30.,72.788509367906,-117.931758280768));
#10443=CARTESIAN_POINT('',(-30.,72.788509367906,-131.915477715891));
#10444=CARTESIAN_POINT('Origin',(-30.038005886386,72.788509367906,-118.830955431781));
#10445=CARTESIAN_POINT('Origin',(-30.038005886386,72.788509367906,-118.830955431781));
#10446=CARTESIAN_POINT('',(-30.,73.,-119.730152582794));
#10447=CARTESIAN_POINT('',(-30.,72.788509367906,-119.730152582794));
#10448=CARTESIAN_POINT('',(-30.,73.,-117.931758280768));
#10449=CARTESIAN_POINT('Origin',(-30.038005886386,73.,-118.830955431781));
#10450=CARTESIAN_POINT('',(-30.,72.788509367906,-117.931758280768));
#10451=CARTESIAN_POINT('Origin',(-30.038005886386,72.788509367906,-95.2309559592821));
#10452=CARTESIAN_POINT('',(-30.,72.788509367906,-96.1301531102953));
#10453=CARTESIAN_POINT('',(-30.,72.788509367906,-94.3317588082689));
#10454=CARTESIAN_POINT('',(-30.,72.788509367906,-120.115477979641));
#10455=CARTESIAN_POINT('Origin',(-30.038005886386,72.788509367906,-95.2309559592821));
#10456=CARTESIAN_POINT('Origin',(-30.038005886386,72.788509367906,-95.2309559592821));
#10457=CARTESIAN_POINT('',(-30.,73.,-96.1301531102953));
#10458=CARTESIAN_POINT('',(-30.,72.788509367906,-96.1301531102953));
#10459=CARTESIAN_POINT('',(-30.,73.,-94.3317588082689));
#10460=CARTESIAN_POINT('Origin',(-30.038005886386,73.,-95.2309559592821));
#10461=CARTESIAN_POINT('',(-30.,72.788509367906,-94.3317588082689));
#10462=CARTESIAN_POINT('Origin',(-30.,73.,-145.));
#10463=CARTESIAN_POINT('',(-30.,73.,-85.));
#10464=CARTESIAN_POINT('',(-30.,73.,-65.));
#10465=CARTESIAN_POINT('',(-30.,73.,-85.));
#10466=CARTESIAN_POINT('',(-30.,71.5,-65.));
#10467=CARTESIAN_POINT('',(-30.,73.,-65.));
#10468=CARTESIAN_POINT('',(-30.0000004470348,71.5,-145.));
#10469=CARTESIAN_POINT('',(-30.,71.5,-85.));
#10470=CARTESIAN_POINT('',(-30.0000004470348,73.,-145.));
#10471=CARTESIAN_POINT('',(-30.0000004470348,73.,-145.));
#10472=CARTESIAN_POINT('',(-30.,73.,-85.));
#10473=CARTESIAN_POINT('Origin',(-40.,71.5,-105.));
#10474=CARTESIAN_POINT('',(-50.,71.5,-145.));
#10475=CARTESIAN_POINT('',(-35.0000002235174,71.5,-145.));
#10476=CARTESIAN_POINT('',(-50.,71.5,-65.));
#10477=CARTESIAN_POINT('',(-45.,71.5,-65.));
#10478=CARTESIAN_POINT('',(-50.,71.5,-125.));
#10479=CARTESIAN_POINT('Origin',(-50.,73.,-65.));
#10480=CARTESIAN_POINT('',(-50.,73.,-145.));
#10481=CARTESIAN_POINT('',(-50.,73.,-65.));
#10482=CARTESIAN_POINT('',(-50.,73.,-125.));
#10483=CARTESIAN_POINT('',(-50.,73.,-145.));
#10484=CARTESIAN_POINT('',(-50.,73.,-65.));
#10485=CARTESIAN_POINT('Origin',(-30.,73.,-65.));
#10486=CARTESIAN_POINT('',(-45.,73.,-65.));
#10487=CARTESIAN_POINT('Origin',(-50.,73.,-145.));
#10488=CARTESIAN_POINT('',(-35.0000002235174,73.,-145.));
#10489=CARTESIAN_POINT('Origin',(-40.,73.,-105.));
#10490=CARTESIAN_POINT('',(-40.,73.,-136.5));
#10491=CARTESIAN_POINT('',(-40.0000000000001,73.0000000000003,-113.5));
#10492=CARTESIAN_POINT('',(-40.0000000000001,73.0000000000002,-91.0000000000001));
#10493=UNCERTAINTY_MEASURE_WITH_UNIT(LENGTH_MEASURE(0.01),#10525,
'DISTANCE_ACCURACY_VALUE',
'Maximum model space distance between geometric entities at asserted c
onnectivities');
#10494=UNCERTAINTY_MEASURE_WITH_UNIT(LENGTH_MEASURE(0.01),#10525,
'DISTANCE_ACCURACY_VALUE',
'Maximum model space distance between geometric entities at asserted c
onnectivities');
#10495=UNCERTAINTY_MEASURE_WITH_UNIT(LENGTH_MEASURE(0.01),#10525,
'DISTANCE_ACCURACY_VALUE',
'Maximum model space distance between geometric entities at asserted c
onnectivities');
#10496=UNCERTAINTY_MEASURE_WITH_UNIT(LENGTH_MEASURE(0.01),#10525,
'DISTANCE_ACCURACY_VALUE',
'Maximum model space distance between geometric entities at asserted c
onnectivities');
#10497=UNCERTAINTY_MEASURE_WITH_UNIT(LENGTH_MEASURE(0.01),#10525,
'DISTANCE_ACCURACY_VALUE',
'Maximum model space distance between geometric entities at asserted c
onnectivities');
#10498=UNCERTAINTY_MEASURE_WITH_UNIT(LENGTH_MEASURE(0.01),#10525,
'DISTANCE_ACCURACY_VALUE',
'Maximum model space distance between geometric entities at asserted c
onnectivities');
#10499=UNCERTAINTY_MEASURE_WITH_UNIT(LENGTH_MEASURE(0.01),#10525,
'DISTANCE_ACCURACY_VALUE',
'Maximum model space distance between geometric entities at asserted c
onnectivities');
#10500=UNCERTAINTY_MEASURE_WITH_UNIT(LENGTH_MEASURE(0.01),#10525,
'DISTANCE_ACCURACY_VALUE',
'Maximum model space distance between geometric entities at asserted c
onnectivities');
#10501=UNCERTAINTY_MEASURE_WITH_UNIT(LENGTH_MEASURE(0.01),#10525,
'DISTANCE_ACCURACY_VALUE',
'Maximum model space distance between geometric entities at asserted c
onnectivities');
#10502=UNCERTAINTY_MEASURE_WITH_UNIT(LENGTH_MEASURE(0.01),#10525,
'DISTANCE_ACCURACY_VALUE',
'Maximum model space distance between geometric entities at asserted c
onnectivities');
#10503=UNCERTAINTY_MEASURE_WITH_UNIT(LENGTH_MEASURE(0.01),#10525,
'DISTANCE_ACCURACY_VALUE',
'Maximum model space distance between geometric entities at asserted c
onnectivities');
#10504=UNCERTAINTY_MEASURE_WITH_UNIT(LENGTH_MEASURE(0.01),#10525,
'DISTANCE_ACCURACY_VALUE',
'Maximum model space distance between geometric entities at asserted c
onnectivities');
#10505=UNCERTAINTY_MEASURE_WITH_UNIT(LENGTH_MEASURE(0.01),#10525,
'DISTANCE_ACCURACY_VALUE',
'Maximum model space distance between geometric entities at asserted c
onnectivities');
#10506=UNCERTAINTY_MEASURE_WITH_UNIT(LENGTH_MEASURE(0.01),#10525,
'DISTANCE_ACCURACY_VALUE',
'Maximum model space distance between geometric entities at asserted c
onnectivities');
#10507=UNCERTAINTY_MEASURE_WITH_UNIT(LENGTH_MEASURE(0.01),#10525,
'DISTANCE_ACCURACY_VALUE',
'Maximum model space distance between geometric entities at asserted c
onnectivities');
#10508=UNCERTAINTY_MEASURE_WITH_UNIT(LENGTH_MEASURE(0.01),#10525,
'DISTANCE_ACCURACY_VALUE',
'Maximum model space distance between geometric entities at asserted c
onnectivities');
#10509=(
GEOMETRIC_REPRESENTATION_CONTEXT(3)
GLOBAL_UNCERTAINTY_ASSIGNED_CONTEXT((#10493))
GLOBAL_UNIT_ASSIGNED_CONTEXT((#10525,#10527,#10528))
REPRESENTATION_CONTEXT('','3D')
);
#10510=(
GEOMETRIC_REPRESENTATION_CONTEXT(3)
GLOBAL_UNCERTAINTY_ASSIGNED_CONTEXT((#10494))
GLOBAL_UNIT_ASSIGNED_CONTEXT((#10525,#10527,#10528))
REPRESENTATION_CONTEXT('','3D')
);
#10511=(
GEOMETRIC_REPRESENTATION_CONTEXT(3)
GLOBAL_UNCERTAINTY_ASSIGNED_CONTEXT((#10495))
GLOBAL_UNIT_ASSIGNED_CONTEXT((#10525,#10527,#10528))
REPRESENTATION_CONTEXT('','3D')
);
#10512=(
GEOMETRIC_REPRESENTATION_CONTEXT(3)
GLOBAL_UNCERTAINTY_ASSIGNED_CONTEXT((#10496))
GLOBAL_UNIT_ASSIGNED_CONTEXT((#10525,#10527,#10528))
REPRESENTATION_CONTEXT('','3D')
);
#10513=(
GEOMETRIC_REPRESENTATION_CONTEXT(3)
GLOBAL_UNCERTAINTY_ASSIGNED_CONTEXT((#10497))
GLOBAL_UNIT_ASSIGNED_CONTEXT((#10525,#10527,#10528))
REPRESENTATION_CONTEXT('','3D')
);
#10514=(
GEOMETRIC_REPRESENTATION_CONTEXT(3)
GLOBAL_UNCERTAINTY_ASSIGNED_CONTEXT((#10498))
GLOBAL_UNIT_ASSIGNED_CONTEXT((#10525,#10527,#10528))
REPRESENTATION_CONTEXT('','3D')
);
#10515=(
GEOMETRIC_REPRESENTATION_CONTEXT(3)
GLOBAL_UNCERTAINTY_ASSIGNED_CONTEXT((#10499))
GLOBAL_UNIT_ASSIGNED_CONTEXT((#10525,#10527,#10528))
REPRESENTATION_CONTEXT('','3D')
);
#10516=(
GEOMETRIC_REPRESENTATION_CONTEXT(3)
GLOBAL_UNCERTAINTY_ASSIGNED_CONTEXT((#10500))
GLOBAL_UNIT_ASSIGNED_CONTEXT((#10525,#10527,#10528))
REPRESENTATION_CONTEXT('','3D')
);
#10517=(
GEOMETRIC_REPRESENTATION_CONTEXT(3)
GLOBAL_UNCERTAINTY_ASSIGNED_CONTEXT((#10501))
GLOBAL_UNIT_ASSIGNED_CONTEXT((#10525,#10527,#10528))
REPRESENTATION_CONTEXT('','3D')
);
#10518=(
GEOMETRIC_REPRESENTATION_CONTEXT(3)
GLOBAL_UNCERTAINTY_ASSIGNED_CONTEXT((#10502))
GLOBAL_UNIT_ASSIGNED_CONTEXT((#10525,#10527,#10528))
REPRESENTATION_CONTEXT('','3D')
);
#10519=(
GEOMETRIC_REPRESENTATION_CONTEXT(3)
GLOBAL_UNCERTAINTY_ASSIGNED_CONTEXT((#10503))
GLOBAL_UNIT_ASSIGNED_CONTEXT((#10525,#10527,#10528))
REPRESENTATION_CONTEXT('','3D')
);
#10520=(
GEOMETRIC_REPRESENTATION_CONTEXT(3)
GLOBAL_UNCERTAINTY_ASSIGNED_CONTEXT((#10504))
GLOBAL_UNIT_ASSIGNED_CONTEXT((#10525,#10527,#10528))
REPRESENTATION_CONTEXT('','3D')
);
#10521=(
GEOMETRIC_REPRESENTATION_CONTEXT(3)
GLOBAL_UNCERTAINTY_ASSIGNED_CONTEXT((#10505))
GLOBAL_UNIT_ASSIGNED_CONTEXT((#10525,#10527,#10528))
REPRESENTATION_CONTEXT('','3D')
);
#10522=(
GEOMETRIC_REPRESENTATION_CONTEXT(3)
GLOBAL_UNCERTAINTY_ASSIGNED_CONTEXT((#10506))
GLOBAL_UNIT_ASSIGNED_CONTEXT((#10525,#10527,#10528))
REPRESENTATION_CONTEXT('','3D')
);
#10523=(
GEOMETRIC_REPRESENTATION_CONTEXT(3)
GLOBAL_UNCERTAINTY_ASSIGNED_CONTEXT((#10507))
GLOBAL_UNIT_ASSIGNED_CONTEXT((#10525,#10527,#10528))
REPRESENTATION_CONTEXT('','3D')
);
#10524=(
GEOMETRIC_REPRESENTATION_CONTEXT(3)
GLOBAL_UNCERTAINTY_ASSIGNED_CONTEXT((#10508))
GLOBAL_UNIT_ASSIGNED_CONTEXT((#10525,#10527,#10528))
REPRESENTATION_CONTEXT('','3D')
);
#10525=(
LENGTH_UNIT()
NAMED_UNIT(*)
SI_UNIT(.MILLI.,.METRE.)
);
#10526=(
LENGTH_UNIT()
NAMED_UNIT(*)
SI_UNIT($,.METRE.)
);
#10527=(
NAMED_UNIT(*)
PLANE_ANGLE_UNIT()
SI_UNIT($,.RADIAN.)
);
#10528=(
NAMED_UNIT(*)
SI_UNIT($,.STERADIAN.)
SOLID_ANGLE_UNIT()
);
#10529=SHAPE_DEFINITION_REPRESENTATION(#10544,#10580);
#10530=SHAPE_DEFINITION_REPRESENTATION(#10545,#10581);
#10531=SHAPE_DEFINITION_REPRESENTATION(#10546,#10582);
#10532=SHAPE_DEFINITION_REPRESENTATION(#10547,#10583);
#10533=SHAPE_DEFINITION_REPRESENTATION(#10548,#10584);
#10534=SHAPE_DEFINITION_REPRESENTATION(#10549,#10585);
#10535=SHAPE_DEFINITION_REPRESENTATION(#10550,#10586);
#10536=SHAPE_DEFINITION_REPRESENTATION(#10558,#10587);
#10537=SHAPE_DEFINITION_REPRESENTATION(#10561,#10588);
#10538=SHAPE_DEFINITION_REPRESENTATION(#10562,#10589);
#10539=SHAPE_DEFINITION_REPRESENTATION(#10563,#10590);
#10540=SHAPE_DEFINITION_REPRESENTATION(#10564,#10591);
#10541=SHAPE_DEFINITION_REPRESENTATION(#10565,#10592);
#10542=SHAPE_DEFINITION_REPRESENTATION(#10566,#10593);
#10543=SHAPE_DEFINITION_REPRESENTATION(#10574,#10594);
#10544=PRODUCT_DEFINITION_SHAPE('',$,#10596);
#10545=PRODUCT_DEFINITION_SHAPE('',$,#10597);
#10546=PRODUCT_DEFINITION_SHAPE('',$,#10598);
#10547=PRODUCT_DEFINITION_SHAPE('',$,#10599);
#10548=PRODUCT_DEFINITION_SHAPE('',$,#10600);
#10549=PRODUCT_DEFINITION_SHAPE('',$,#10601);
#10550=PRODUCT_DEFINITION_SHAPE('',$,#10602);
#10551=PRODUCT_DEFINITION_SHAPE($,$,#80);
#10552=PRODUCT_DEFINITION_SHAPE($,$,#81);
#10553=PRODUCT_DEFINITION_SHAPE($,$,#82);
#10554=PRODUCT_DEFINITION_SHAPE($,$,#83);
#10555=PRODUCT_DEFINITION_SHAPE($,$,#84);
#10556=PRODUCT_DEFINITION_SHAPE($,$,#85);
#10557=PRODUCT_DEFINITION_SHAPE($,$,#86);
#10558=PRODUCT_DEFINITION_SHAPE('',$,#10603);
#10559=PRODUCT_DEFINITION_SHAPE($,$,#87);
#10560=PRODUCT_DEFINITION_SHAPE($,$,#88);
#10561=PRODUCT_DEFINITION_SHAPE('',$,#10604);
#10562=PRODUCT_DEFINITION_SHAPE('',$,#10605);
#10563=PRODUCT_DEFINITION_SHAPE('',$,#10606);
#10564=PRODUCT_DEFINITION_SHAPE('',$,#10607);
#10565=PRODUCT_DEFINITION_SHAPE('',$,#10608);
#10566=PRODUCT_DEFINITION_SHAPE('',$,#10609);
#10567=PRODUCT_DEFINITION_SHAPE($,$,#89);
#10568=PRODUCT_DEFINITION_SHAPE($,$,#90);
#10569=PRODUCT_DEFINITION_SHAPE($,$,#91);
#10570=PRODUCT_DEFINITION_SHAPE($,$,#92);
#10571=PRODUCT_DEFINITION_SHAPE($,$,#93);
#10572=PRODUCT_DEFINITION_SHAPE($,$,#94);
#10573=PRODUCT_DEFINITION_SHAPE($,$,#95);
#10574=PRODUCT_DEFINITION_SHAPE('',$,#10610);
#10575=PRODUCT_DEFINITION_SHAPE($,$,#96);
#10576=PRODUCT_DEFINITION_SHAPE($,$,#97);
#10577=PRODUCT_DEFINITION_SHAPE($,$,#98);
#10578=PRODUCT_DEFINITION_SHAPE($,$,#99);
#10579=PRODUCT_DEFINITION_SHAPE($,$,#100);
#10580=SHAPE_REPRESENTATION('',(#6059,#6592,#6593,#6594),#10509);
#10581=SHAPE_REPRESENTATION('',(#6060,#6317,#6318),#10510);
#10582=SHAPE_REPRESENTATION('',(#6061,#6247,#6248,#6249,#6250,#6251,#6252,
#6253),#10511);
#10583=SHAPE_REPRESENTATION('',(#6062),#10512);
#10584=SHAPE_REPRESENTATION('',(#6130),#10513);
#10585=SHAPE_REPRESENTATION('',(#6164),#10514);
#10586=SHAPE_REPRESENTATION('',(#6212),#10515);
#10587=SHAPE_REPRESENTATION('',(#6254),#10516);
#10588=SHAPE_REPRESENTATION('',(#6319,#6576,#6577),#10517);
#10589=SHAPE_REPRESENTATION('',(#6320,#6506,#6507,#6508,#6509,#6510,#6511,
#6512),#10518);
#10590=SHAPE_REPRESENTATION('',(#6321),#10519);
#10591=SHAPE_REPRESENTATION('',(#6389),#10520);
#10592=SHAPE_REPRESENTATION('',(#6423),#10521);
#10593=SHAPE_REPRESENTATION('',(#6471),#10522);
#10594=SHAPE_REPRESENTATION('',(#6513),#10523);
#10595=PRODUCT_DEFINITION_CONTEXT('part definition',#10642,'design');
#10596=PRODUCT_DEFINITION('Button PCB','Button PCB',#10611,#10595);
#10597=PRODUCT_DEFINITION('bouton_12x12mm','Tactile Button 12x12 A',#10612,
#10595);
#10598=PRODUCT_DEFINITION('Bouton12x12mm','Tactile Switch A',#10613,#10595);
#10599=PRODUCT_DEFINITION('base','Button Base A',#10614,#10595);
#10600=PRODUCT_DEFINITION('plaque','Button Plate A',#10615,#10595);
#10601=PRODUCT_DEFINITION('appui','Button Actuator A',#10616,#10595);
#10602=PRODUCT_DEFINITION('pin001','Button Pin A',#10617,#10595);
#10603=PRODUCT_DEFINITION('Capuchon','Button Cap A',#10618,#10595);
#10604=PRODUCT_DEFINITION('bouton_12x12mm_1','Tactile Button 12x12 B',#10619,
#10595);
#10605=PRODUCT_DEFINITION('Bouton12x12mm_1','Tactile Switch B',#10620,#10595);
#10606=PRODUCT_DEFINITION('base_1','Button Base B',#10621,#10595);
#10607=PRODUCT_DEFINITION('plaque_1','Button Plate B',#10622,#10595);
#10608=PRODUCT_DEFINITION('appui_1','Button Actuator B',#10623,#10595);
#10609=PRODUCT_DEFINITION('pin001_1','Button Pin B',#10624,#10595);
#10610=PRODUCT_DEFINITION('Capuchon_1','Button Cap B',#10625,#10595);
#10611=PRODUCT_DEFINITION_FORMATION('',$,#10644);
#10612=PRODUCT_DEFINITION_FORMATION('',$,#10645);
#10613=PRODUCT_DEFINITION_FORMATION('',$,#10646);
#10614=PRODUCT_DEFINITION_FORMATION('',$,#10647);
#10615=PRODUCT_DEFINITION_FORMATION('',$,#10648);
#10616=PRODUCT_DEFINITION_FORMATION('',$,#10649);
#10617=PRODUCT_DEFINITION_FORMATION('',$,#10650);
#10618=PRODUCT_DEFINITION_FORMATION('',$,#10651);
#10619=PRODUCT_DEFINITION_FORMATION('',$,#10652);
#10620=PRODUCT_DEFINITION_FORMATION('',$,#10653);
#10621=PRODUCT_DEFINITION_FORMATION('',$,#10654);
#10622=PRODUCT_DEFINITION_FORMATION('',$,#10655);
#10623=PRODUCT_DEFINITION_FORMATION('',$,#10656);
#10624=PRODUCT_DEFINITION_FORMATION('',$,#10657);
#10625=PRODUCT_DEFINITION_FORMATION('',$,#10658);
#10626=PRODUCT_RELATED_PRODUCT_CATEGORY('Button PCB','Button PCB',(#10644));
#10627=PRODUCT_RELATED_PRODUCT_CATEGORY('Tactile Button 12x12 A',
'Tactile Button 12x12 A',(#10645));
#10628=PRODUCT_RELATED_PRODUCT_CATEGORY('Tactile Switch A',
'Tactile Switch A',(#10646));
#10629=PRODUCT_RELATED_PRODUCT_CATEGORY('Button Base A','Button Base A',
(#10647));
#10630=PRODUCT_RELATED_PRODUCT_CATEGORY('Button Plate A',
'Button Plate A',(#10648));
#10631=PRODUCT_RELATED_PRODUCT_CATEGORY('Button Actuator A',
'Button Actuator A',(#10649));
#10632=PRODUCT_RELATED_PRODUCT_CATEGORY('Button Pin A','Button Pin A',(#10650));
#10633=PRODUCT_RELATED_PRODUCT_CATEGORY('Button Cap A','Button Cap A',(#10651));
#10634=PRODUCT_RELATED_PRODUCT_CATEGORY('Tactile Button 12x12 B',
'Tactile Button 12x12 B',(#10652));
#10635=PRODUCT_RELATED_PRODUCT_CATEGORY('Tactile Switch B',
'Tactile Switch B',(#10653));
#10636=PRODUCT_RELATED_PRODUCT_CATEGORY('Button Base B','Button Base B',
(#10654));
#10637=PRODUCT_RELATED_PRODUCT_CATEGORY('Button Plate B',
'Button Plate B',(#10655));
#10638=PRODUCT_RELATED_PRODUCT_CATEGORY('Button Actuator B',
'Button Actuator B',(#10656));
#10639=PRODUCT_RELATED_PRODUCT_CATEGORY('Button Pin B','Button Pin B',(#10657));
#10640=PRODUCT_RELATED_PRODUCT_CATEGORY('Button Cap B','Button Cap B',(#10658));
#10641=APPLICATION_PROTOCOL_DEFINITION('international standard',
'automotive_design',2009,#10642);
#10642=APPLICATION_CONTEXT(
'Core Data for Automotive Mechanical Design Process');
#10643=PRODUCT_CONTEXT('part definition',#10642,'mechanical');
#10644=PRODUCT('Button PCB','Button PCB',$,(#10643));
#10645=PRODUCT('bouton_12x12mm','Tactile Button 12x12 A',
'FreeCAD Model',(#10643));
#10646=PRODUCT('Bouton12x12mm','Tactile Switch A',$,(#10643));
#10647=PRODUCT('base','Button Base A',$,(#10643));
#10648=PRODUCT('plaque','Button Plate A',$,(#10643));
#10649=PRODUCT('appui','Button Actuator A',$,(#10643));
#10650=PRODUCT('pin001','Button Pin A',$,(#10643));
#10651=PRODUCT('Capuchon','Button Cap A',$,(#10643));
#10652=PRODUCT('bouton_12x12mm_1','Tactile Button 12x12 B',
'FreeCAD Model',(#10643));
#10653=PRODUCT('Bouton12x12mm_1','Tactile Switch B',$,(#10643));
#10654=PRODUCT('base_1','Button Base B',$,(#10643));
#10655=PRODUCT('plaque_1','Button Plate B',$,(#10643));
#10656=PRODUCT('appui_1','Button Actuator B',$,(#10643));
#10657=PRODUCT('pin001_1','Button Pin B',$,(#10643));
#10658=PRODUCT('Capuchon_1','Button Cap B',$,(#10643));
#10659=PRESENTATION_STYLE_ASSIGNMENT((#10665));
#10660=PRESENTATION_STYLE_ASSIGNMENT((#10666));
#10661=PRESENTATION_STYLE_ASSIGNMENT((#10667));
#10662=PRESENTATION_STYLE_ASSIGNMENT((#10668));
#10663=PRESENTATION_STYLE_ASSIGNMENT((#10669));
#10664=PRESENTATION_STYLE_ASSIGNMENT((#10670));
#10665=SURFACE_STYLE_USAGE(.BOTH.,#10671);
#10666=SURFACE_STYLE_USAGE(.BOTH.,#10672);
#10667=SURFACE_STYLE_USAGE(.BOTH.,#10673);
#10668=SURFACE_STYLE_USAGE(.BOTH.,#10674);
#10669=SURFACE_STYLE_USAGE(.BOTH.,#10675);
#10670=SURFACE_STYLE_USAGE(.BOTH.,#10676);
#10671=SURFACE_SIDE_STYLE('',(#10677));
#10672=SURFACE_SIDE_STYLE('',(#10678));
#10673=SURFACE_SIDE_STYLE('',(#10679));
#10674=SURFACE_SIDE_STYLE('',(#10680));
#10675=SURFACE_SIDE_STYLE('',(#10681));
#10676=SURFACE_SIDE_STYLE('',(#10682));
#10677=SURFACE_STYLE_FILL_AREA(#10683);
#10678=SURFACE_STYLE_FILL_AREA(#10684);
#10679=SURFACE_STYLE_FILL_AREA(#10685);
#10680=SURFACE_STYLE_FILL_AREA(#10686);
#10681=SURFACE_STYLE_FILL_AREA(#10687);
#10682=SURFACE_STYLE_FILL_AREA(#10688);
#10683=FILL_AREA_STYLE('Stahl - satiniert',(#10689));
#10684=FILL_AREA_STYLE('Opaque(98,102,107)',(#10690));
#10685=FILL_AREA_STYLE('Opaque(234,234,234)',(#10691));
#10686=FILL_AREA_STYLE('Opaque(99,103,108)',(#10692));
#10687=FILL_AREA_STYLE('Opaque(206,46,46)',(#10693));
#10688=FILL_AREA_STYLE('Opaque(0,255,0)',(#10694));
#10689=FILL_AREA_STYLE_COLOUR('Stahl - satiniert',#10695);
#10690=FILL_AREA_STYLE_COLOUR('Opaque(98,102,107)',#10696);
#10691=FILL_AREA_STYLE_COLOUR('Opaque(234,234,234)',#10697);
#10692=FILL_AREA_STYLE_COLOUR('Opaque(99,103,108)',#10698);
#10693=FILL_AREA_STYLE_COLOUR('Opaque(206,46,46)',#10699);
#10694=FILL_AREA_STYLE_COLOUR('Opaque(0,255,0)',#10700);
#10695=COLOUR_RGB('Stahl - satiniert',0.627450980392157,0.627450980392157,
0.627450980392157);
#10696=COLOUR_RGB('Opaque(98,102,107)',0.384313725490196,0.4,0.419607843137255);
#10697=COLOUR_RGB('Opaque(234,234,234)',0.917647058823529,0.917647058823529,
0.917647058823529);
#10698=COLOUR_RGB('Opaque(99,103,108)',0.388235294117647,0.403921568627451,
0.423529411764706);
#10699=COLOUR_RGB('Opaque(206,46,46)',0.807843137254902,0.180392156862745,
0.180392156862745);
#10700=COLOUR_RGB('Opaque(0,255,0)',0.,1.,0.);
ENDSEC;
END-ISO-10303-21;
