ISO-10303-21;
HEADER;
/* Generated by software containing ST-Developer
 * from STEP Tools, Inc. (www.steptools.com) 
 */

FILE_DESCRIPTION(
/* description */ (''),
/* implementation_level */ '2;1');

FILE_NAME(
/* name */ 'Hub.step',
/* time_stamp */ '2026-09-29T23:14:51+02:00',
/* author */ (''),
/* organization */ (''),
/* preprocessor_version */ 'ST-DEVELOPER v20.2',
/* originating_system */ 'Autodesk Translation Framework v15.15.0.0',
/* authorisation */ '');

FILE_SCHEMA (('AUTOMOTIVE_DESIGN { 1 0 10303 214 3 1 1 }'));
ENDSEC;

DATA;
#10=MECHANICAL_DESIGN_GEOMETRIC_PRESENTATION_REPRESENTATION('',(#13),#10727);
#11=SHAPE_REPRESENTATION_RELATIONSHIP('SRR','None',#10734,#12);
#12=ADVANCED_BREP_SHAPE_REPRESENTATION('',(#14),#10726);
#13=STYLED_ITEM('',(#10744),#14);
#14=MANIFOLD_SOLID_BREP('Hub',#6107);
#15=FACE_BOUND('',#528,.T.);
#16=FACE_BOUND('',#532,.T.);
#17=FACE_BOUND('',#767,.T.);
#18=FACE_BOUND('',#818,.T.);
#19=FACE_BOUND('',#837,.T.);
#20=FACE_BOUND('',#840,.T.);
#21=FACE_BOUND('',#843,.T.);
#22=FACE_BOUND('',#846,.T.);
#23=FACE_BOUND('',#848,.T.);
#24=FACE_BOUND('',#853,.T.);
#25=TOROIDAL_SURFACE('',#6131,46.0000006854534,11.5);
#26=TOROIDAL_SURFACE('',#6134,46.0000006854534,11.5);
#27=TOROIDAL_SURFACE('',#6273,9.5,2.);
#28=TOROIDAL_SURFACE('',#6278,9.5,2.);
#29=TOROIDAL_SURFACE('',#6283,9.5,2.);
#30=TOROIDAL_SURFACE('',#6646,7.,2.);
#31=TOROIDAL_SURFACE('',#6652,9.5,2.);
#32=TOROIDAL_SURFACE('',#6656,12.,2.);
#33=TOROIDAL_SURFACE('',#6660,7.,2.);
#34=TOROIDAL_SURFACE('',#6674,7.,2.);
#35=TOROIDAL_SURFACE('',#6679,9.5,2.);
#36=TOROIDAL_SURFACE('',#6682,12.,2.);
#37=TOROIDAL_SURFACE('',#6686,7.,2.);
#38=TOROIDAL_SURFACE('',#6701,7.,2.);
#39=TOROIDAL_SURFACE('',#6706,9.5,2.);
#40=TOROIDAL_SURFACE('',#6709,12.,2.);
#41=TOROIDAL_SURFACE('',#6713,7.,2.);
#42=TOROIDAL_SURFACE('',#6727,7.,2.);
#43=TOROIDAL_SURFACE('',#6732,9.5,2.);
#44=TOROIDAL_SURFACE('',#6735,12.,2.);
#45=TOROIDAL_SURFACE('',#6738,9.5,2.);
#46=TOROIDAL_SURFACE('',#6743,7.,2.);
#47=TOROIDAL_SURFACE('',#6759,7.,2.);
#48=TOROIDAL_SURFACE('',#6763,9.5,2.);
#49=TOROIDAL_SURFACE('',#6765,12.,2.);
#50=TOROIDAL_SURFACE('',#6767,9.5,2.);
#51=TOROIDAL_SURFACE('',#6771,7.,2.);
#52=TOROIDAL_SURFACE('',#6772,7.,2.);
#53=TOROIDAL_SURFACE('',#6776,9.5,2.);
#54=TOROIDAL_SURFACE('',#6778,12.,2.);
#55=TOROIDAL_SURFACE('',#6780,9.5,2.);
#56=TOROIDAL_SURFACE('',#6784,7.,2.);
#57=TOROIDAL_SURFACE('',#6810,27.194202885333,4.00000005960464);
#58=TOROIDAL_SURFACE('',#6815,27.194202885333,4.00000005960465);
#59=PLANE('',#6123);
#60=PLANE('',#6124);
#61=PLANE('',#6141);
#62=PLANE('',#6263);
#63=PLANE('',#6288);
#64=PLANE('',#6291);
#65=PLANE('',#6292);
#66=PLANE('',#6297);
#67=PLANE('',#6300);
#68=PLANE('',#6301);
#69=PLANE('',#6306);
#70=PLANE('',#6309);
#71=PLANE('',#6310);
#72=PLANE('',#6315);
#73=PLANE('',#6318);
#74=PLANE('',#6319);
#75=PLANE('',#6324);
#76=PLANE('',#6327);
#77=PLANE('',#6328);
#78=PLANE('',#6333);
#79=PLANE('',#6336);
#80=PLANE('',#6337);
#81=PLANE('',#6342);
#82=PLANE('',#6345);
#83=PLANE('',#6346);
#84=PLANE('',#6351);
#85=PLANE('',#6354);
#86=PLANE('',#6355);
#87=PLANE('',#6360);
#88=PLANE('',#6363);
#89=PLANE('',#6364);
#90=PLANE('',#6369);
#91=PLANE('',#6372);
#92=PLANE('',#6373);
#93=PLANE('',#6378);
#94=PLANE('',#6381);
#95=PLANE('',#6382);
#96=PLANE('',#6387);
#97=PLANE('',#6390);
#98=PLANE('',#6391);
#99=PLANE('',#6396);
#100=PLANE('',#6399);
#101=PLANE('',#6400);
#102=PLANE('',#6405);
#103=PLANE('',#6408);
#104=PLANE('',#6409);
#105=PLANE('',#6414);
#106=PLANE('',#6417);
#107=PLANE('',#6418);
#108=PLANE('',#6423);
#109=PLANE('',#6426);
#110=PLANE('',#6427);
#111=PLANE('',#6432);
#112=PLANE('',#6435);
#113=PLANE('',#6436);
#114=PLANE('',#6441);
#115=PLANE('',#6444);
#116=PLANE('',#6445);
#117=PLANE('',#6450);
#118=PLANE('',#6453);
#119=PLANE('',#6454);
#120=PLANE('',#6459);
#121=PLANE('',#6462);
#122=PLANE('',#6463);
#123=PLANE('',#6468);
#124=PLANE('',#6471);
#125=PLANE('',#6472);
#126=PLANE('',#6477);
#127=PLANE('',#6480);
#128=PLANE('',#6481);
#129=PLANE('',#6486);
#130=PLANE('',#6489);
#131=PLANE('',#6490);
#132=PLANE('',#6495);
#133=PLANE('',#6498);
#134=PLANE('',#6499);
#135=PLANE('',#6504);
#136=PLANE('',#6507);
#137=PLANE('',#6508);
#138=PLANE('',#6513);
#139=PLANE('',#6516);
#140=PLANE('',#6517);
#141=PLANE('',#6522);
#142=PLANE('',#6525);
#143=PLANE('',#6526);
#144=PLANE('',#6531);
#145=PLANE('',#6534);
#146=PLANE('',#6535);
#147=PLANE('',#6540);
#148=PLANE('',#6543);
#149=PLANE('',#6544);
#150=PLANE('',#6549);
#151=PLANE('',#6552);
#152=PLANE('',#6553);
#153=PLANE('',#6558);
#154=PLANE('',#6561);
#155=PLANE('',#6562);
#156=PLANE('',#6567);
#157=PLANE('',#6570);
#158=PLANE('',#6571);
#159=PLANE('',#6576);
#160=PLANE('',#6579);
#161=PLANE('',#6580);
#162=PLANE('',#6585);
#163=PLANE('',#6588);
#164=PLANE('',#6589);
#165=PLANE('',#6594);
#166=PLANE('',#6597);
#167=PLANE('',#6598);
#168=PLANE('',#6603);
#169=PLANE('',#6606);
#170=PLANE('',#6607);
#171=PLANE('',#6612);
#172=PLANE('',#6615);
#173=PLANE('',#6616);
#174=PLANE('',#6621);
#175=PLANE('',#6624);
#176=PLANE('',#6625);
#177=PLANE('',#6633);
#178=PLANE('',#6634);
#179=PLANE('',#6639);
#180=PLANE('',#6664);
#181=PLANE('',#6671);
#182=PLANE('',#6691);
#183=PLANE('',#6698);
#184=PLANE('',#6717);
#185=PLANE('',#6724);
#186=PLANE('',#6745);
#187=PLANE('',#6793);
#188=PLANE('',#6795);
#189=PLANE('',#6799);
#190=PLANE('',#6803);
#191=PLANE('',#6807);
#192=PLANE('',#6808);
#193=PLANE('',#6818);
#194=FACE_OUTER_BOUND('',#519,.T.);
#195=FACE_OUTER_BOUND('',#520,.T.);
#196=FACE_OUTER_BOUND('',#521,.T.);
#197=FACE_OUTER_BOUND('',#522,.T.);
#198=FACE_OUTER_BOUND('',#523,.T.);
#199=FACE_OUTER_BOUND('',#524,.T.);
#200=FACE_OUTER_BOUND('',#525,.T.);
#201=FACE_OUTER_BOUND('',#526,.T.);
#202=FACE_OUTER_BOUND('',#527,.T.);
#203=FACE_OUTER_BOUND('',#529,.T.);
#204=FACE_OUTER_BOUND('',#530,.T.);
#205=FACE_OUTER_BOUND('',#531,.T.);
#206=FACE_OUTER_BOUND('',#533,.T.);
#207=FACE_OUTER_BOUND('',#534,.T.);
#208=FACE_OUTER_BOUND('',#535,.T.);
#209=FACE_OUTER_BOUND('',#536,.T.);
#210=FACE_OUTER_BOUND('',#537,.T.);
#211=FACE_OUTER_BOUND('',#538,.T.);
#212=FACE_OUTER_BOUND('',#539,.T.);
#213=FACE_OUTER_BOUND('',#540,.T.);
#214=FACE_OUTER_BOUND('',#541,.T.);
#215=FACE_OUTER_BOUND('',#542,.T.);
#216=FACE_OUTER_BOUND('',#543,.T.);
#217=FACE_OUTER_BOUND('',#544,.T.);
#218=FACE_OUTER_BOUND('',#545,.T.);
#219=FACE_OUTER_BOUND('',#546,.T.);
#220=FACE_OUTER_BOUND('',#547,.T.);
#221=FACE_OUTER_BOUND('',#548,.T.);
#222=FACE_OUTER_BOUND('',#549,.T.);
#223=FACE_OUTER_BOUND('',#550,.T.);
#224=FACE_OUTER_BOUND('',#551,.T.);
#225=FACE_OUTER_BOUND('',#552,.T.);
#226=FACE_OUTER_BOUND('',#553,.T.);
#227=FACE_OUTER_BOUND('',#554,.T.);
#228=FACE_OUTER_BOUND('',#555,.T.);
#229=FACE_OUTER_BOUND('',#556,.T.);
#230=FACE_OUTER_BOUND('',#557,.T.);
#231=FACE_OUTER_BOUND('',#558,.T.);
#232=FACE_OUTER_BOUND('',#559,.T.);
#233=FACE_OUTER_BOUND('',#560,.T.);
#234=FACE_OUTER_BOUND('',#561,.T.);
#235=FACE_OUTER_BOUND('',#562,.T.);
#236=FACE_OUTER_BOUND('',#563,.T.);
#237=FACE_OUTER_BOUND('',#564,.T.);
#238=FACE_OUTER_BOUND('',#565,.T.);
#239=FACE_OUTER_BOUND('',#566,.T.);
#240=FACE_OUTER_BOUND('',#567,.T.);
#241=FACE_OUTER_BOUND('',#568,.T.);
#242=FACE_OUTER_BOUND('',#569,.T.);
#243=FACE_OUTER_BOUND('',#570,.T.);
#244=FACE_OUTER_BOUND('',#571,.T.);
#245=FACE_OUTER_BOUND('',#572,.T.);
#246=FACE_OUTER_BOUND('',#573,.T.);
#247=FACE_OUTER_BOUND('',#574,.T.);
#248=FACE_OUTER_BOUND('',#575,.T.);
#249=FACE_OUTER_BOUND('',#576,.T.);
#250=FACE_OUTER_BOUND('',#577,.T.);
#251=FACE_OUTER_BOUND('',#578,.T.);
#252=FACE_OUTER_BOUND('',#579,.T.);
#253=FACE_OUTER_BOUND('',#580,.T.);
#254=FACE_OUTER_BOUND('',#581,.T.);
#255=FACE_OUTER_BOUND('',#582,.T.);
#256=FACE_OUTER_BOUND('',#583,.T.);
#257=FACE_OUTER_BOUND('',#584,.T.);
#258=FACE_OUTER_BOUND('',#585,.T.);
#259=FACE_OUTER_BOUND('',#586,.T.);
#260=FACE_OUTER_BOUND('',#587,.T.);
#261=FACE_OUTER_BOUND('',#588,.T.);
#262=FACE_OUTER_BOUND('',#589,.T.);
#263=FACE_OUTER_BOUND('',#590,.T.);
#264=FACE_OUTER_BOUND('',#591,.T.);
#265=FACE_OUTER_BOUND('',#592,.T.);
#266=FACE_OUTER_BOUND('',#593,.T.);
#267=FACE_OUTER_BOUND('',#594,.T.);
#268=FACE_OUTER_BOUND('',#595,.T.);
#269=FACE_OUTER_BOUND('',#596,.T.);
#270=FACE_OUTER_BOUND('',#597,.T.);
#271=FACE_OUTER_BOUND('',#598,.T.);
#272=FACE_OUTER_BOUND('',#599,.T.);
#273=FACE_OUTER_BOUND('',#600,.T.);
#274=FACE_OUTER_BOUND('',#601,.T.);
#275=FACE_OUTER_BOUND('',#602,.T.);
#276=FACE_OUTER_BOUND('',#603,.T.);
#277=FACE_OUTER_BOUND('',#604,.T.);
#278=FACE_OUTER_BOUND('',#605,.T.);
#279=FACE_OUTER_BOUND('',#606,.T.);
#280=FACE_OUTER_BOUND('',#607,.T.);
#281=FACE_OUTER_BOUND('',#608,.T.);
#282=FACE_OUTER_BOUND('',#609,.T.);
#283=FACE_OUTER_BOUND('',#610,.T.);
#284=FACE_OUTER_BOUND('',#611,.T.);
#285=FACE_OUTER_BOUND('',#612,.T.);
#286=FACE_OUTER_BOUND('',#613,.T.);
#287=FACE_OUTER_BOUND('',#614,.T.);
#288=FACE_OUTER_BOUND('',#615,.T.);
#289=FACE_OUTER_BOUND('',#616,.T.);
#290=FACE_OUTER_BOUND('',#617,.T.);
#291=FACE_OUTER_BOUND('',#618,.T.);
#292=FACE_OUTER_BOUND('',#619,.T.);
#293=FACE_OUTER_BOUND('',#620,.T.);
#294=FACE_OUTER_BOUND('',#621,.T.);
#295=FACE_OUTER_BOUND('',#622,.T.);
#296=FACE_OUTER_BOUND('',#623,.T.);
#297=FACE_OUTER_BOUND('',#624,.T.);
#298=FACE_OUTER_BOUND('',#625,.T.);
#299=FACE_OUTER_BOUND('',#626,.T.);
#300=FACE_OUTER_BOUND('',#627,.T.);
#301=FACE_OUTER_BOUND('',#628,.T.);
#302=FACE_OUTER_BOUND('',#629,.T.);
#303=FACE_OUTER_BOUND('',#630,.T.);
#304=FACE_OUTER_BOUND('',#631,.T.);
#305=FACE_OUTER_BOUND('',#632,.T.);
#306=FACE_OUTER_BOUND('',#633,.T.);
#307=FACE_OUTER_BOUND('',#634,.T.);
#308=FACE_OUTER_BOUND('',#635,.T.);
#309=FACE_OUTER_BOUND('',#636,.T.);
#310=FACE_OUTER_BOUND('',#637,.T.);
#311=FACE_OUTER_BOUND('',#638,.T.);
#312=FACE_OUTER_BOUND('',#639,.T.);
#313=FACE_OUTER_BOUND('',#640,.T.);
#314=FACE_OUTER_BOUND('',#641,.T.);
#315=FACE_OUTER_BOUND('',#642,.T.);
#316=FACE_OUTER_BOUND('',#643,.T.);
#317=FACE_OUTER_BOUND('',#644,.T.);
#318=FACE_OUTER_BOUND('',#645,.T.);
#319=FACE_OUTER_BOUND('',#646,.T.);
#320=FACE_OUTER_BOUND('',#647,.T.);
#321=FACE_OUTER_BOUND('',#648,.T.);
#322=FACE_OUTER_BOUND('',#649,.T.);
#323=FACE_OUTER_BOUND('',#650,.T.);
#324=FACE_OUTER_BOUND('',#651,.T.);
#325=FACE_OUTER_BOUND('',#652,.T.);
#326=FACE_OUTER_BOUND('',#653,.T.);
#327=FACE_OUTER_BOUND('',#654,.T.);
#328=FACE_OUTER_BOUND('',#655,.T.);
#329=FACE_OUTER_BOUND('',#656,.T.);
#330=FACE_OUTER_BOUND('',#657,.T.);
#331=FACE_OUTER_BOUND('',#658,.T.);
#332=FACE_OUTER_BOUND('',#659,.T.);
#333=FACE_OUTER_BOUND('',#660,.T.);
#334=FACE_OUTER_BOUND('',#661,.T.);
#335=FACE_OUTER_BOUND('',#662,.T.);
#336=FACE_OUTER_BOUND('',#663,.T.);
#337=FACE_OUTER_BOUND('',#664,.T.);
#338=FACE_OUTER_BOUND('',#665,.T.);
#339=FACE_OUTER_BOUND('',#666,.T.);
#340=FACE_OUTER_BOUND('',#667,.T.);
#341=FACE_OUTER_BOUND('',#668,.T.);
#342=FACE_OUTER_BOUND('',#669,.T.);
#343=FACE_OUTER_BOUND('',#670,.T.);
#344=FACE_OUTER_BOUND('',#671,.T.);
#345=FACE_OUTER_BOUND('',#672,.T.);
#346=FACE_OUTER_BOUND('',#673,.T.);
#347=FACE_OUTER_BOUND('',#674,.T.);
#348=FACE_OUTER_BOUND('',#675,.T.);
#349=FACE_OUTER_BOUND('',#676,.T.);
#350=FACE_OUTER_BOUND('',#677,.T.);
#351=FACE_OUTER_BOUND('',#678,.T.);
#352=FACE_OUTER_BOUND('',#679,.T.);
#353=FACE_OUTER_BOUND('',#680,.T.);
#354=FACE_OUTER_BOUND('',#681,.T.);
#355=FACE_OUTER_BOUND('',#682,.T.);
#356=FACE_OUTER_BOUND('',#683,.T.);
#357=FACE_OUTER_BOUND('',#684,.T.);
#358=FACE_OUTER_BOUND('',#685,.T.);
#359=FACE_OUTER_BOUND('',#686,.T.);
#360=FACE_OUTER_BOUND('',#687,.T.);
#361=FACE_OUTER_BOUND('',#688,.T.);
#362=FACE_OUTER_BOUND('',#689,.T.);
#363=FACE_OUTER_BOUND('',#690,.T.);
#364=FACE_OUTER_BOUND('',#691,.T.);
#365=FACE_OUTER_BOUND('',#692,.T.);
#366=FACE_OUTER_BOUND('',#693,.T.);
#367=FACE_OUTER_BOUND('',#694,.T.);
#368=FACE_OUTER_BOUND('',#695,.T.);
#369=FACE_OUTER_BOUND('',#696,.T.);
#370=FACE_OUTER_BOUND('',#697,.T.);
#371=FACE_OUTER_BOUND('',#698,.T.);
#372=FACE_OUTER_BOUND('',#699,.T.);
#373=FACE_OUTER_BOUND('',#700,.T.);
#374=FACE_OUTER_BOUND('',#701,.T.);
#375=FACE_OUTER_BOUND('',#702,.T.);
#376=FACE_OUTER_BOUND('',#703,.T.);
#377=FACE_OUTER_BOUND('',#704,.T.);
#378=FACE_OUTER_BOUND('',#705,.T.);
#379=FACE_OUTER_BOUND('',#706,.T.);
#380=FACE_OUTER_BOUND('',#707,.T.);
#381=FACE_OUTER_BOUND('',#708,.T.);
#382=FACE_OUTER_BOUND('',#709,.T.);
#383=FACE_OUTER_BOUND('',#710,.T.);
#384=FACE_OUTER_BOUND('',#711,.T.);
#385=FACE_OUTER_BOUND('',#712,.T.);
#386=FACE_OUTER_BOUND('',#713,.T.);
#387=FACE_OUTER_BOUND('',#714,.T.);
#388=FACE_OUTER_BOUND('',#715,.T.);
#389=FACE_OUTER_BOUND('',#716,.T.);
#390=FACE_OUTER_BOUND('',#717,.T.);
#391=FACE_OUTER_BOUND('',#718,.T.);
#392=FACE_OUTER_BOUND('',#719,.T.);
#393=FACE_OUTER_BOUND('',#720,.T.);
#394=FACE_OUTER_BOUND('',#721,.T.);
#395=FACE_OUTER_BOUND('',#722,.T.);
#396=FACE_OUTER_BOUND('',#723,.T.);
#397=FACE_OUTER_BOUND('',#724,.T.);
#398=FACE_OUTER_BOUND('',#725,.T.);
#399=FACE_OUTER_BOUND('',#726,.T.);
#400=FACE_OUTER_BOUND('',#727,.T.);
#401=FACE_OUTER_BOUND('',#728,.T.);
#402=FACE_OUTER_BOUND('',#729,.T.);
#403=FACE_OUTER_BOUND('',#730,.T.);
#404=FACE_OUTER_BOUND('',#731,.T.);
#405=FACE_OUTER_BOUND('',#732,.T.);
#406=FACE_OUTER_BOUND('',#733,.T.);
#407=FACE_OUTER_BOUND('',#734,.T.);
#408=FACE_OUTER_BOUND('',#735,.T.);
#409=FACE_OUTER_BOUND('',#736,.T.);
#410=FACE_OUTER_BOUND('',#737,.T.);
#411=FACE_OUTER_BOUND('',#738,.T.);
#412=FACE_OUTER_BOUND('',#739,.T.);
#413=FACE_OUTER_BOUND('',#740,.T.);
#414=FACE_OUTER_BOUND('',#741,.T.);
#415=FACE_OUTER_BOUND('',#742,.T.);
#416=FACE_OUTER_BOUND('',#743,.T.);
#417=FACE_OUTER_BOUND('',#744,.T.);
#418=FACE_OUTER_BOUND('',#745,.T.);
#419=FACE_OUTER_BOUND('',#746,.T.);
#420=FACE_OUTER_BOUND('',#747,.T.);
#421=FACE_OUTER_BOUND('',#748,.T.);
#422=FACE_OUTER_BOUND('',#749,.T.);
#423=FACE_OUTER_BOUND('',#750,.T.);
#424=FACE_OUTER_BOUND('',#751,.T.);
#425=FACE_OUTER_BOUND('',#752,.T.);
#426=FACE_OUTER_BOUND('',#753,.T.);
#427=FACE_OUTER_BOUND('',#754,.T.);
#428=FACE_OUTER_BOUND('',#755,.T.);
#429=FACE_OUTER_BOUND('',#756,.T.);
#430=FACE_OUTER_BOUND('',#757,.T.);
#431=FACE_OUTER_BOUND('',#758,.T.);
#432=FACE_OUTER_BOUND('',#759,.T.);
#433=FACE_OUTER_BOUND('',#760,.T.);
#434=FACE_OUTER_BOUND('',#761,.T.);
#435=FACE_OUTER_BOUND('',#762,.T.);
#436=FACE_OUTER_BOUND('',#763,.T.);
#437=FACE_OUTER_BOUND('',#764,.T.);
#438=FACE_OUTER_BOUND('',#765,.T.);
#439=FACE_OUTER_BOUND('',#766,.T.);
#440=FACE_OUTER_BOUND('',#768,.T.);
#441=FACE_OUTER_BOUND('',#769,.T.);
#442=FACE_OUTER_BOUND('',#770,.T.);
#443=FACE_OUTER_BOUND('',#771,.T.);
#444=FACE_OUTER_BOUND('',#772,.T.);
#445=FACE_OUTER_BOUND('',#773,.T.);
#446=FACE_OUTER_BOUND('',#774,.T.);
#447=FACE_OUTER_BOUND('',#775,.T.);
#448=FACE_OUTER_BOUND('',#776,.T.);
#449=FACE_OUTER_BOUND('',#777,.T.);
#450=FACE_OUTER_BOUND('',#778,.T.);
#451=FACE_OUTER_BOUND('',#779,.T.);
#452=FACE_OUTER_BOUND('',#780,.T.);
#453=FACE_OUTER_BOUND('',#781,.T.);
#454=FACE_OUTER_BOUND('',#782,.T.);
#455=FACE_OUTER_BOUND('',#783,.T.);
#456=FACE_OUTER_BOUND('',#784,.T.);
#457=FACE_OUTER_BOUND('',#785,.T.);
#458=FACE_OUTER_BOUND('',#786,.T.);
#459=FACE_OUTER_BOUND('',#787,.T.);
#460=FACE_OUTER_BOUND('',#788,.T.);
#461=FACE_OUTER_BOUND('',#789,.T.);
#462=FACE_OUTER_BOUND('',#790,.T.);
#463=FACE_OUTER_BOUND('',#791,.T.);
#464=FACE_OUTER_BOUND('',#792,.T.);
#465=FACE_OUTER_BOUND('',#793,.T.);
#466=FACE_OUTER_BOUND('',#794,.T.);
#467=FACE_OUTER_BOUND('',#795,.T.);
#468=FACE_OUTER_BOUND('',#796,.T.);
#469=FACE_OUTER_BOUND('',#797,.T.);
#470=FACE_OUTER_BOUND('',#798,.T.);
#471=FACE_OUTER_BOUND('',#799,.T.);
#472=FACE_OUTER_BOUND('',#800,.T.);
#473=FACE_OUTER_BOUND('',#801,.T.);
#474=FACE_OUTER_BOUND('',#802,.T.);
#475=FACE_OUTER_BOUND('',#803,.T.);
#476=FACE_OUTER_BOUND('',#804,.T.);
#477=FACE_OUTER_BOUND('',#805,.T.);
#478=FACE_OUTER_BOUND('',#806,.T.);
#479=FACE_OUTER_BOUND('',#807,.T.);
#480=FACE_OUTER_BOUND('',#808,.T.);
#481=FACE_OUTER_BOUND('',#809,.T.);
#482=FACE_OUTER_BOUND('',#810,.T.);
#483=FACE_OUTER_BOUND('',#811,.T.);
#484=FACE_OUTER_BOUND('',#812,.T.);
#485=FACE_OUTER_BOUND('',#813,.T.);
#486=FACE_OUTER_BOUND('',#814,.T.);
#487=FACE_OUTER_BOUND('',#815,.T.);
#488=FACE_OUTER_BOUND('',#816,.T.);
#489=FACE_OUTER_BOUND('',#817,.T.);
#490=FACE_OUTER_BOUND('',#819,.T.);
#491=FACE_OUTER_BOUND('',#820,.T.);
#492=FACE_OUTER_BOUND('',#821,.T.);
#493=FACE_OUTER_BOUND('',#822,.T.);
#494=FACE_OUTER_BOUND('',#823,.T.);
#495=FACE_OUTER_BOUND('',#824,.T.);
#496=FACE_OUTER_BOUND('',#825,.T.);
#497=FACE_OUTER_BOUND('',#826,.T.);
#498=FACE_OUTER_BOUND('',#827,.T.);
#499=FACE_OUTER_BOUND('',#828,.T.);
#500=FACE_OUTER_BOUND('',#829,.T.);
#501=FACE_OUTER_BOUND('',#830,.T.);
#502=FACE_OUTER_BOUND('',#831,.T.);
#503=FACE_OUTER_BOUND('',#832,.T.);
#504=FACE_OUTER_BOUND('',#833,.T.);
#505=FACE_OUTER_BOUND('',#834,.T.);
#506=FACE_OUTER_BOUND('',#835,.T.);
#507=FACE_OUTER_BOUND('',#836,.T.);
#508=FACE_OUTER_BOUND('',#838,.T.);
#509=FACE_OUTER_BOUND('',#839,.T.);
#510=FACE_OUTER_BOUND('',#841,.T.);
#511=FACE_OUTER_BOUND('',#842,.T.);
#512=FACE_OUTER_BOUND('',#844,.T.);
#513=FACE_OUTER_BOUND('',#845,.T.);
#514=FACE_OUTER_BOUND('',#847,.T.);
#515=FACE_OUTER_BOUND('',#849,.T.);
#516=FACE_OUTER_BOUND('',#850,.T.);
#517=FACE_OUTER_BOUND('',#851,.T.);
#518=FACE_OUTER_BOUND('',#852,.T.);
#519=EDGE_LOOP('',(#3796,#3797,#3798,#3799));
#520=EDGE_LOOP('',(#3800,#3801,#3802,#3803));
#521=EDGE_LOOP('',(#3804,#3805,#3806,#3807));
#522=EDGE_LOOP('',(#3808,#3809,#3810,#3811));
#523=EDGE_LOOP('',(#3812,#3813,#3814,#3815,#3816));
#524=EDGE_LOOP('',(#3817,#3818,#3819,#3820,#3821,#3822,#3823));
#525=EDGE_LOOP('',(#3824,#3825,#3826,#3827,#3828,#3829,#3830));
#526=EDGE_LOOP('',(#3831,#3832,#3833,#3834,#3835));
#527=EDGE_LOOP('',(#3836));
#528=EDGE_LOOP('',(#3837,#3838,#3839,#3840,#3841,#3842,#3843,#3844,#3845,
#3846,#3847,#3848,#3849,#3850,#3851,#3852,#3853,#3854,#3855,#3856,#3857,
#3858,#3859,#3860,#3861,#3862,#3863,#3864,#3865,#3866,#3867,#3868,#3869,
#3870,#3871,#3872,#3873,#3874,#3875,#3876,#3877,#3878,#3879,#3880,#3881,
#3882,#3883,#3884,#3885,#3886,#3887,#3888,#3889,#3890,#3891,#3892,#3893,
#3894,#3895,#3896,#3897,#3898,#3899,#3900,#3901,#3902,#3903,#3904,#3905,
#3906,#3907,#3908,#3909,#3910,#3911,#3912,#3913,#3914,#3915,#3916,#3917,
#3918,#3919,#3920,#3921,#3922,#3923,#3924,#3925,#3926,#3927,#3928,#3929,
#3930,#3931,#3932,#3933,#3934,#3935,#3936,#3937,#3938,#3939,#3940,#3941,
#3942,#3943,#3944,#3945,#3946,#3947,#3948,#3949,#3950,#3951,#3952,#3953,
#3954,#3955,#3956,#3957,#3958,#3959,#3960,#3961,#3962,#3963,#3964,#3965,
#3966,#3967,#3968,#3969,#3970,#3971,#3972,#3973,#3974,#3975,#3976,#3977,
#3978,#3979,#3980,#3981,#3982,#3983,#3984,#3985,#3986,#3987,#3988,#3989,
#3990,#3991,#3992,#3993,#3994,#3995,#3996,#3997,#3998,#3999,#4000,#4001,
#4002,#4003,#4004,#4005,#4006,#4007,#4008,#4009,#4010,#4011,#4012,#4013,
#4014,#4015,#4016,#4017,#4018,#4019,#4020,#4021,#4022,#4023,#4024,#4025,
#4026,#4027,#4028,#4029,#4030,#4031,#4032,#4033,#4034,#4035,#4036,#4037,
#4038,#4039,#4040,#4041,#4042,#4043,#4044,#4045,#4046,#4047,#4048,#4049,
#4050,#4051,#4052,#4053,#4054,#4055,#4056,#4057,#4058,#4059,#4060,#4061,
#4062,#4063,#4064));
#529=EDGE_LOOP('',(#4065,#4066,#4067,#4068,#4069));
#530=EDGE_LOOP('',(#4070,#4071,#4072,#4073));
#531=EDGE_LOOP('',(#4074));
#532=EDGE_LOOP('',(#4075));
#533=EDGE_LOOP('',(#4076,#4077,#4078,#4079,#4080,#4081,#4082,#4083,#4084,
#4085,#4086,#4087,#4088,#4089,#4090,#4091));
#534=EDGE_LOOP('',(#4092,#4093,#4094,#4095,#4096));
#535=EDGE_LOOP('',(#4097,#4098,#4099,#4100,#4101));
#536=EDGE_LOOP('',(#4102,#4103,#4104,#4105,#4106));
#537=EDGE_LOOP('',(#4107,#4108,#4109,#4110));
#538=EDGE_LOOP('',(#4111,#4112,#4113,#4114));
#539=EDGE_LOOP('',(#4115,#4116,#4117,#4118));
#540=EDGE_LOOP('',(#4119,#4120,#4121,#4122));
#541=EDGE_LOOP('',(#4123,#4124,#4125,#4126));
#542=EDGE_LOOP('',(#4127,#4128,#4129,#4130));
#543=EDGE_LOOP('',(#4131,#4132,#4133,#4134));
#544=EDGE_LOOP('',(#4135,#4136,#4137,#4138));
#545=EDGE_LOOP('',(#4139,#4140,#4141,#4142));
#546=EDGE_LOOP('',(#4143,#4144,#4145,#4146));
#547=EDGE_LOOP('',(#4147,#4148,#4149,#4150));
#548=EDGE_LOOP('',(#4151,#4152,#4153,#4154));
#549=EDGE_LOOP('',(#4155,#4156,#4157,#4158));
#550=EDGE_LOOP('',(#4159,#4160,#4161,#4162));
#551=EDGE_LOOP('',(#4163,#4164,#4165,#4166));
#552=EDGE_LOOP('',(#4167,#4168,#4169,#4170));
#553=EDGE_LOOP('',(#4171,#4172,#4173,#4174));
#554=EDGE_LOOP('',(#4175,#4176,#4177,#4178));
#555=EDGE_LOOP('',(#4179,#4180,#4181,#4182));
#556=EDGE_LOOP('',(#4183,#4184,#4185,#4186));
#557=EDGE_LOOP('',(#4187,#4188,#4189,#4190));
#558=EDGE_LOOP('',(#4191,#4192,#4193,#4194));
#559=EDGE_LOOP('',(#4195,#4196,#4197,#4198));
#560=EDGE_LOOP('',(#4199,#4200,#4201,#4202));
#561=EDGE_LOOP('',(#4203,#4204,#4205,#4206));
#562=EDGE_LOOP('',(#4207,#4208,#4209,#4210));
#563=EDGE_LOOP('',(#4211,#4212,#4213,#4214));
#564=EDGE_LOOP('',(#4215,#4216,#4217,#4218));
#565=EDGE_LOOP('',(#4219,#4220,#4221,#4222));
#566=EDGE_LOOP('',(#4223,#4224,#4225,#4226));
#567=EDGE_LOOP('',(#4227,#4228,#4229,#4230));
#568=EDGE_LOOP('',(#4231,#4232,#4233,#4234));
#569=EDGE_LOOP('',(#4235,#4236,#4237,#4238));
#570=EDGE_LOOP('',(#4239,#4240,#4241,#4242));
#571=EDGE_LOOP('',(#4243,#4244,#4245,#4246));
#572=EDGE_LOOP('',(#4247,#4248,#4249,#4250));
#573=EDGE_LOOP('',(#4251,#4252,#4253,#4254));
#574=EDGE_LOOP('',(#4255,#4256,#4257,#4258));
#575=EDGE_LOOP('',(#4259,#4260,#4261,#4262));
#576=EDGE_LOOP('',(#4263,#4264,#4265,#4266));
#577=EDGE_LOOP('',(#4267,#4268,#4269,#4270));
#578=EDGE_LOOP('',(#4271,#4272,#4273,#4274));
#579=EDGE_LOOP('',(#4275,#4276,#4277,#4278));
#580=EDGE_LOOP('',(#4279,#4280,#4281,#4282));
#581=EDGE_LOOP('',(#4283,#4284,#4285,#4286));
#582=EDGE_LOOP('',(#4287,#4288,#4289,#4290));
#583=EDGE_LOOP('',(#4291,#4292,#4293,#4294));
#584=EDGE_LOOP('',(#4295,#4296,#4297,#4298));
#585=EDGE_LOOP('',(#4299,#4300,#4301,#4302));
#586=EDGE_LOOP('',(#4303,#4304,#4305,#4306));
#587=EDGE_LOOP('',(#4307,#4308,#4309,#4310));
#588=EDGE_LOOP('',(#4311,#4312,#4313,#4314));
#589=EDGE_LOOP('',(#4315,#4316,#4317,#4318));
#590=EDGE_LOOP('',(#4319,#4320,#4321,#4322));
#591=EDGE_LOOP('',(#4323,#4324,#4325,#4326));
#592=EDGE_LOOP('',(#4327,#4328,#4329,#4330));
#593=EDGE_LOOP('',(#4331,#4332,#4333,#4334));
#594=EDGE_LOOP('',(#4335,#4336,#4337,#4338));
#595=EDGE_LOOP('',(#4339,#4340,#4341,#4342));
#596=EDGE_LOOP('',(#4343,#4344,#4345,#4346));
#597=EDGE_LOOP('',(#4347,#4348,#4349,#4350));
#598=EDGE_LOOP('',(#4351,#4352,#4353,#4354));
#599=EDGE_LOOP('',(#4355,#4356,#4357,#4358));
#600=EDGE_LOOP('',(#4359,#4360,#4361,#4362));
#601=EDGE_LOOP('',(#4363,#4364,#4365,#4366));
#602=EDGE_LOOP('',(#4367,#4368,#4369,#4370));
#603=EDGE_LOOP('',(#4371,#4372,#4373,#4374));
#604=EDGE_LOOP('',(#4375,#4376,#4377,#4378));
#605=EDGE_LOOP('',(#4379,#4380,#4381,#4382));
#606=EDGE_LOOP('',(#4383,#4384,#4385,#4386));
#607=EDGE_LOOP('',(#4387,#4388,#4389,#4390));
#608=EDGE_LOOP('',(#4391,#4392,#4393,#4394));
#609=EDGE_LOOP('',(#4395,#4396,#4397,#4398));
#610=EDGE_LOOP('',(#4399,#4400,#4401,#4402));
#611=EDGE_LOOP('',(#4403,#4404,#4405,#4406));
#612=EDGE_LOOP('',(#4407,#4408,#4409,#4410));
#613=EDGE_LOOP('',(#4411,#4412,#4413,#4414));
#614=EDGE_LOOP('',(#4415,#4416,#4417,#4418));
#615=EDGE_LOOP('',(#4419,#4420,#4421,#4422));
#616=EDGE_LOOP('',(#4423,#4424,#4425,#4426));
#617=EDGE_LOOP('',(#4427,#4428,#4429,#4430));
#618=EDGE_LOOP('',(#4431,#4432,#4433,#4434));
#619=EDGE_LOOP('',(#4435,#4436,#4437,#4438));
#620=EDGE_LOOP('',(#4439,#4440,#4441,#4442));
#621=EDGE_LOOP('',(#4443,#4444,#4445,#4446));
#622=EDGE_LOOP('',(#4447,#4448,#4449,#4450));
#623=EDGE_LOOP('',(#4451,#4452,#4453,#4454));
#624=EDGE_LOOP('',(#4455,#4456,#4457,#4458));
#625=EDGE_LOOP('',(#4459,#4460,#4461,#4462));
#626=EDGE_LOOP('',(#4463,#4464,#4465,#4466));
#627=EDGE_LOOP('',(#4467,#4468,#4469,#4470));
#628=EDGE_LOOP('',(#4471,#4472,#4473,#4474));
#629=EDGE_LOOP('',(#4475,#4476,#4477,#4478));
#630=EDGE_LOOP('',(#4479,#4480,#4481,#4482));
#631=EDGE_LOOP('',(#4483,#4484,#4485,#4486));
#632=EDGE_LOOP('',(#4487,#4488,#4489,#4490));
#633=EDGE_LOOP('',(#4491,#4492,#4493,#4494));
#634=EDGE_LOOP('',(#4495,#4496,#4497,#4498));
#635=EDGE_LOOP('',(#4499,#4500,#4501,#4502));
#636=EDGE_LOOP('',(#4503,#4504,#4505,#4506));
#637=EDGE_LOOP('',(#4507,#4508,#4509,#4510));
#638=EDGE_LOOP('',(#4511,#4512,#4513,#4514));
#639=EDGE_LOOP('',(#4515,#4516,#4517,#4518));
#640=EDGE_LOOP('',(#4519,#4520,#4521,#4522));
#641=EDGE_LOOP('',(#4523,#4524,#4525,#4526));
#642=EDGE_LOOP('',(#4527,#4528,#4529,#4530));
#643=EDGE_LOOP('',(#4531,#4532,#4533,#4534));
#644=EDGE_LOOP('',(#4535,#4536,#4537,#4538));
#645=EDGE_LOOP('',(#4539,#4540,#4541,#4542));
#646=EDGE_LOOP('',(#4543,#4544,#4545,#4546));
#647=EDGE_LOOP('',(#4547,#4548,#4549,#4550));
#648=EDGE_LOOP('',(#4551,#4552,#4553,#4554));
#649=EDGE_LOOP('',(#4555,#4556,#4557,#4558));
#650=EDGE_LOOP('',(#4559,#4560,#4561,#4562));
#651=EDGE_LOOP('',(#4563,#4564,#4565,#4566));
#652=EDGE_LOOP('',(#4567,#4568,#4569,#4570));
#653=EDGE_LOOP('',(#4571,#4572,#4573,#4574));
#654=EDGE_LOOP('',(#4575,#4576,#4577,#4578));
#655=EDGE_LOOP('',(#4579,#4580,#4581,#4582));
#656=EDGE_LOOP('',(#4583,#4584,#4585,#4586));
#657=EDGE_LOOP('',(#4587,#4588,#4589,#4590));
#658=EDGE_LOOP('',(#4591,#4592,#4593,#4594));
#659=EDGE_LOOP('',(#4595,#4596,#4597,#4598));
#660=EDGE_LOOP('',(#4599,#4600,#4601,#4602));
#661=EDGE_LOOP('',(#4603,#4604,#4605,#4606));
#662=EDGE_LOOP('',(#4607,#4608,#4609,#4610));
#663=EDGE_LOOP('',(#4611,#4612,#4613,#4614));
#664=EDGE_LOOP('',(#4615,#4616,#4617,#4618));
#665=EDGE_LOOP('',(#4619,#4620,#4621,#4622));
#666=EDGE_LOOP('',(#4623,#4624,#4625,#4626));
#667=EDGE_LOOP('',(#4627,#4628,#4629,#4630));
#668=EDGE_LOOP('',(#4631,#4632,#4633,#4634));
#669=EDGE_LOOP('',(#4635,#4636,#4637,#4638));
#670=EDGE_LOOP('',(#4639,#4640,#4641,#4642));
#671=EDGE_LOOP('',(#4643,#4644,#4645,#4646));
#672=EDGE_LOOP('',(#4647,#4648,#4649,#4650));
#673=EDGE_LOOP('',(#4651,#4652,#4653,#4654));
#674=EDGE_LOOP('',(#4655,#4656,#4657,#4658));
#675=EDGE_LOOP('',(#4659,#4660,#4661,#4662));
#676=EDGE_LOOP('',(#4663,#4664,#4665,#4666));
#677=EDGE_LOOP('',(#4667,#4668,#4669,#4670));
#678=EDGE_LOOP('',(#4671,#4672,#4673,#4674));
#679=EDGE_LOOP('',(#4675,#4676,#4677,#4678));
#680=EDGE_LOOP('',(#4679,#4680,#4681,#4682));
#681=EDGE_LOOP('',(#4683,#4684,#4685,#4686));
#682=EDGE_LOOP('',(#4687,#4688,#4689,#4690));
#683=EDGE_LOOP('',(#4691,#4692,#4693,#4694));
#684=EDGE_LOOP('',(#4695,#4696,#4697,#4698));
#685=EDGE_LOOP('',(#4699,#4700,#4701,#4702));
#686=EDGE_LOOP('',(#4703,#4704,#4705,#4706));
#687=EDGE_LOOP('',(#4707,#4708,#4709,#4710));
#688=EDGE_LOOP('',(#4711,#4712,#4713,#4714));
#689=EDGE_LOOP('',(#4715,#4716,#4717,#4718));
#690=EDGE_LOOP('',(#4719,#4720,#4721,#4722));
#691=EDGE_LOOP('',(#4723,#4724,#4725,#4726));
#692=EDGE_LOOP('',(#4727,#4728,#4729,#4730));
#693=EDGE_LOOP('',(#4731,#4732,#4733,#4734));
#694=EDGE_LOOP('',(#4735,#4736,#4737,#4738));
#695=EDGE_LOOP('',(#4739,#4740,#4741,#4742));
#696=EDGE_LOOP('',(#4743,#4744,#4745,#4746));
#697=EDGE_LOOP('',(#4747,#4748,#4749,#4750));
#698=EDGE_LOOP('',(#4751,#4752,#4753,#4754));
#699=EDGE_LOOP('',(#4755,#4756,#4757,#4758));
#700=EDGE_LOOP('',(#4759,#4760,#4761,#4762));
#701=EDGE_LOOP('',(#4763,#4764,#4765,#4766));
#702=EDGE_LOOP('',(#4767,#4768,#4769,#4770));
#703=EDGE_LOOP('',(#4771,#4772,#4773,#4774));
#704=EDGE_LOOP('',(#4775,#4776,#4777,#4778));
#705=EDGE_LOOP('',(#4779,#4780,#4781,#4782));
#706=EDGE_LOOP('',(#4783,#4784,#4785,#4786));
#707=EDGE_LOOP('',(#4787,#4788,#4789,#4790));
#708=EDGE_LOOP('',(#4791,#4792,#4793,#4794));
#709=EDGE_LOOP('',(#4795,#4796,#4797,#4798));
#710=EDGE_LOOP('',(#4799,#4800,#4801,#4802));
#711=EDGE_LOOP('',(#4803,#4804,#4805,#4806));
#712=EDGE_LOOP('',(#4807,#4808,#4809,#4810));
#713=EDGE_LOOP('',(#4811,#4812,#4813,#4814));
#714=EDGE_LOOP('',(#4815,#4816,#4817,#4818));
#715=EDGE_LOOP('',(#4819,#4820,#4821,#4822));
#716=EDGE_LOOP('',(#4823,#4824,#4825,#4826));
#717=EDGE_LOOP('',(#4827,#4828,#4829,#4830));
#718=EDGE_LOOP('',(#4831,#4832,#4833,#4834));
#719=EDGE_LOOP('',(#4835,#4836,#4837,#4838));
#720=EDGE_LOOP('',(#4839,#4840,#4841,#4842));
#721=EDGE_LOOP('',(#4843,#4844,#4845,#4846));
#722=EDGE_LOOP('',(#4847,#4848,#4849,#4850));
#723=EDGE_LOOP('',(#4851,#4852,#4853,#4854));
#724=EDGE_LOOP('',(#4855,#4856,#4857,#4858));
#725=EDGE_LOOP('',(#4859,#4860,#4861,#4862));
#726=EDGE_LOOP('',(#4863,#4864,#4865,#4866));
#727=EDGE_LOOP('',(#4867,#4868,#4869,#4870));
#728=EDGE_LOOP('',(#4871,#4872,#4873,#4874));
#729=EDGE_LOOP('',(#4875,#4876,#4877,#4878));
#730=EDGE_LOOP('',(#4879,#4880,#4881,#4882));
#731=EDGE_LOOP('',(#4883,#4884,#4885,#4886));
#732=EDGE_LOOP('',(#4887,#4888,#4889,#4890));
#733=EDGE_LOOP('',(#4891,#4892,#4893,#4894));
#734=EDGE_LOOP('',(#4895,#4896,#4897,#4898));
#735=EDGE_LOOP('',(#4899,#4900,#4901,#4902));
#736=EDGE_LOOP('',(#4903,#4904,#4905,#4906));
#737=EDGE_LOOP('',(#4907,#4908,#4909,#4910));
#738=EDGE_LOOP('',(#4911,#4912,#4913,#4914));
#739=EDGE_LOOP('',(#4915,#4916,#4917,#4918));
#740=EDGE_LOOP('',(#4919,#4920,#4921,#4922));
#741=EDGE_LOOP('',(#4923,#4924,#4925,#4926));
#742=EDGE_LOOP('',(#4927,#4928,#4929,#4930));
#743=EDGE_LOOP('',(#4931,#4932,#4933,#4934));
#744=EDGE_LOOP('',(#4935,#4936,#4937,#4938));
#745=EDGE_LOOP('',(#4939,#4940,#4941,#4942));
#746=EDGE_LOOP('',(#4943,#4944,#4945,#4946));
#747=EDGE_LOOP('',(#4947,#4948,#4949,#4950));
#748=EDGE_LOOP('',(#4951,#4952,#4953,#4954));
#749=EDGE_LOOP('',(#4955,#4956,#4957,#4958));
#750=EDGE_LOOP('',(#4959,#4960,#4961,#4962));
#751=EDGE_LOOP('',(#4963,#4964,#4965,#4966));
#752=EDGE_LOOP('',(#4967,#4968,#4969,#4970));
#753=EDGE_LOOP('',(#4971,#4972,#4973,#4974));
#754=EDGE_LOOP('',(#4975,#4976,#4977,#4978));
#755=EDGE_LOOP('',(#4979,#4980,#4981,#4982));
#756=EDGE_LOOP('',(#4983,#4984,#4985,#4986));
#757=EDGE_LOOP('',(#4987,#4988,#4989,#4990));
#758=EDGE_LOOP('',(#4991,#4992,#4993,#4994));
#759=EDGE_LOOP('',(#4995,#4996,#4997,#4998));
#760=EDGE_LOOP('',(#4999,#5000,#5001,#5002));
#761=EDGE_LOOP('',(#5003,#5004,#5005,#5006));
#762=EDGE_LOOP('',(#5007,#5008,#5009,#5010));
#763=EDGE_LOOP('',(#5011,#5012,#5013,#5014));
#764=EDGE_LOOP('',(#5015,#5016,#5017,#5018,#5019,#5020));
#765=EDGE_LOOP('',(#5021,#5022,#5023,#5024));
#766=EDGE_LOOP('',(#5025));
#767=EDGE_LOOP('',(#5026,#5027,#5028,#5029,#5030,#5031,#5032,#5033,#5034,
#5035,#5036,#5037,#5038,#5039,#5040,#5041,#5042,#5043,#5044,#5045,#5046,
#5047,#5048,#5049,#5050,#5051,#5052,#5053,#5054,#5055,#5056,#5057,#5058,
#5059,#5060,#5061,#5062,#5063,#5064,#5065,#5066,#5067,#5068,#5069,#5070,
#5071,#5072,#5073,#5074,#5075,#5076,#5077,#5078,#5079,#5080,#5081,#5082,
#5083,#5084,#5085,#5086,#5087,#5088,#5089,#5090,#5091,#5092,#5093,#5094,
#5095,#5096,#5097,#5098,#5099,#5100,#5101,#5102,#5103,#5104,#5105,#5106,
#5107,#5108,#5109,#5110,#5111,#5112,#5113,#5114,#5115,#5116,#5117,#5118,
#5119,#5120,#5121,#5122,#5123,#5124,#5125,#5126,#5127,#5128,#5129,#5130,
#5131,#5132,#5133,#5134,#5135,#5136,#5137,#5138,#5139,#5140,#5141,#5142,
#5143,#5144,#5145,#5146,#5147,#5148,#5149,#5150,#5151,#5152,#5153,#5154,
#5155,#5156,#5157,#5158,#5159,#5160,#5161,#5162,#5163,#5164,#5165,#5166,
#5167,#5168,#5169,#5170,#5171,#5172,#5173,#5174,#5175,#5176,#5177,#5178,
#5179,#5180,#5181,#5182,#5183,#5184,#5185,#5186,#5187,#5188,#5189,#5190,
#5191,#5192,#5193,#5194,#5195,#5196,#5197,#5198,#5199,#5200,#5201,#5202,
#5203,#5204,#5205,#5206,#5207,#5208,#5209,#5210,#5211,#5212,#5213,#5214,
#5215,#5216,#5217,#5218,#5219,#5220,#5221,#5222,#5223,#5224,#5225,#5226,
#5227,#5228,#5229,#5230,#5231,#5232,#5233,#5234,#5235,#5236,#5237,#5238,
#5239,#5240,#5241,#5242,#5243,#5244,#5245,#5246,#5247,#5248,#5249,#5250,
#5251,#5252,#5253));
#768=EDGE_LOOP('',(#5254,#5255,#5256,#5257,#5258,#5259,#5260,#5261));
#769=EDGE_LOOP('',(#5262,#5263,#5264,#5265,#5266,#5267,#5268,#5269));
#770=EDGE_LOOP('',(#5270,#5271,#5272,#5273,#5274));
#771=EDGE_LOOP('',(#5275,#5276,#5277,#5278));
#772=EDGE_LOOP('',(#5279,#5280,#5281,#5282));
#773=EDGE_LOOP('',(#5283,#5284,#5285,#5286,#5287));
#774=EDGE_LOOP('',(#5288,#5289,#5290,#5291));
#775=EDGE_LOOP('',(#5292,#5293,#5294,#5295));
#776=EDGE_LOOP('',(#5296,#5297,#5298,#5299));
#777=EDGE_LOOP('',(#5300,#5301,#5302,#5303));
#778=EDGE_LOOP('',(#5304,#5305,#5306,#5307));
#779=EDGE_LOOP('',(#5308,#5309,#5310,#5311));
#780=EDGE_LOOP('',(#5312,#5313,#5314,#5315));
#781=EDGE_LOOP('',(#5316,#5317,#5318,#5319));
#782=EDGE_LOOP('',(#5320,#5321,#5322,#5323));
#783=EDGE_LOOP('',(#5324,#5325,#5326,#5327));
#784=EDGE_LOOP('',(#5328,#5329,#5330,#5331));
#785=EDGE_LOOP('',(#5332,#5333,#5334,#5335));
#786=EDGE_LOOP('',(#5336,#5337,#5338,#5339,#5340));
#787=EDGE_LOOP('',(#5341,#5342,#5343,#5344,#5345));
#788=EDGE_LOOP('',(#5346,#5347,#5348,#5349));
#789=EDGE_LOOP('',(#5350,#5351,#5352,#5353));
#790=EDGE_LOOP('',(#5354,#5355,#5356,#5357));
#791=EDGE_LOOP('',(#5358,#5359,#5360,#5361));
#792=EDGE_LOOP('',(#5362,#5363,#5364,#5365));
#793=EDGE_LOOP('',(#5366,#5367,#5368,#5369));
#794=EDGE_LOOP('',(#5370,#5371,#5372,#5373));
#795=EDGE_LOOP('',(#5374,#5375,#5376,#5377));
#796=EDGE_LOOP('',(#5378,#5379,#5380,#5381));
#797=EDGE_LOOP('',(#5382,#5383,#5384,#5385));
#798=EDGE_LOOP('',(#5386,#5387,#5388,#5389));
#799=EDGE_LOOP('',(#5390,#5391,#5392,#5393,#5394));
#800=EDGE_LOOP('',(#5395,#5396,#5397,#5398));
#801=EDGE_LOOP('',(#5399,#5400,#5401,#5402));
#802=EDGE_LOOP('',(#5403,#5404,#5405,#5406));
#803=EDGE_LOOP('',(#5407,#5408,#5409,#5410));
#804=EDGE_LOOP('',(#5411,#5412,#5413,#5414));
#805=EDGE_LOOP('',(#5415,#5416,#5417,#5418));
#806=EDGE_LOOP('',(#5419,#5420,#5421,#5422));
#807=EDGE_LOOP('',(#5423,#5424,#5425,#5426));
#808=EDGE_LOOP('',(#5427,#5428,#5429,#5430));
#809=EDGE_LOOP('',(#5431,#5432,#5433,#5434));
#810=EDGE_LOOP('',(#5435,#5436,#5437,#5438));
#811=EDGE_LOOP('',(#5439,#5440,#5441,#5442));
#812=EDGE_LOOP('',(#5443,#5444,#5445,#5446));
#813=EDGE_LOOP('',(#5447,#5448,#5449,#5450));
#814=EDGE_LOOP('',(#5451,#5452,#5453,#5454));
#815=EDGE_LOOP('',(#5455,#5456,#5457,#5458));
#816=EDGE_LOOP('',(#5459,#5460,#5461,#5462));
#817=EDGE_LOOP('',(#5463,#5464,#5465,#5466,#5467,#5468,#5469,#5470,#5471,
#5472,#5473,#5474,#5475,#5476,#5477,#5478,#5479,#5480,#5481,#5482,#5483,
#5484,#5485,#5486));
#818=EDGE_LOOP('',(#5487));
#819=EDGE_LOOP('',(#5488,#5489,#5490,#5491));
#820=EDGE_LOOP('',(#5492,#5493,#5494,#5495));
#821=EDGE_LOOP('',(#5496,#5497,#5498,#5499));
#822=EDGE_LOOP('',(#5500,#5501,#5502,#5503));
#823=EDGE_LOOP('',(#5504,#5505,#5506,#5507));
#824=EDGE_LOOP('',(#5508,#5509,#5510,#5511));
#825=EDGE_LOOP('',(#5512,#5513,#5514,#5515));
#826=EDGE_LOOP('',(#5516,#5517,#5518,#5519));
#827=EDGE_LOOP('',(#5520,#5521,#5522,#5523));
#828=EDGE_LOOP('',(#5524,#5525,#5526,#5527));
#829=EDGE_LOOP('',(#5528,#5529,#5530,#5531));
#830=EDGE_LOOP('',(#5532,#5533,#5534,#5535));
#831=EDGE_LOOP('',(#5536,#5537,#5538,#5539));
#832=EDGE_LOOP('',(#5540,#5541,#5542,#5543));
#833=EDGE_LOOP('',(#5544,#5545,#5546,#5547,#5548,#5549,#5550,#5551));
#834=EDGE_LOOP('',(#5552,#5553,#5554,#5555,#5556,#5557,#5558,#5559,#5560,
#5561));
#835=EDGE_LOOP('',(#5562,#5563,#5564,#5565,#5566,#5567,#5568,#5569));
#836=EDGE_LOOP('',(#5570));
#837=EDGE_LOOP('',(#5571));
#838=EDGE_LOOP('',(#5572,#5573,#5574,#5575));
#839=EDGE_LOOP('',(#5576));
#840=EDGE_LOOP('',(#5577));
#841=EDGE_LOOP('',(#5578,#5579,#5580,#5581));
#842=EDGE_LOOP('',(#5582));
#843=EDGE_LOOP('',(#5583));
#844=EDGE_LOOP('',(#5584,#5585,#5586,#5587));
#845=EDGE_LOOP('',(#5588));
#846=EDGE_LOOP('',(#5589));
#847=EDGE_LOOP('',(#5590,#5591,#5592));
#848=EDGE_LOOP('',(#5593));
#849=EDGE_LOOP('',(#5594,#5595,#5596,#5597,#5598,#5599,#5600,#5601,#5602,
#5603));
#850=EDGE_LOOP('',(#5604,#5605,#5606,#5607,#5608,#5609,#5610,#5611));
#851=EDGE_LOOP('',(#5612,#5613,#5614,#5615,#5616,#5617,#5618,#5619,#5620,
#5621));
#852=EDGE_LOOP('',(#5622,#5623,#5624));
#853=EDGE_LOOP('',(#5625));
#854=B_SPLINE_CURVE_WITH_KNOTS('',3,(#8743,#8744,#8745,#8746),
 .UNSPECIFIED.,.F.,.F.,(4,4),(-0.0320908111157278,0.),.UNSPECIFIED.);
#855=B_SPLINE_CURVE_WITH_KNOTS('',3,(#8747,#8748,#8749,#8750),
 .UNSPECIFIED.,.F.,.F.,(4,4),(6.98191052400801,7.16574529193899),
 .UNSPECIFIED.);
#856=B_SPLINE_CURVE_WITH_KNOTS('',3,(#8756,#8757,#8758,#8759,#8760,#8761),
 .UNSPECIFIED.,.F.,.F.,(4,2,4),(1.41172724054956,1.4563896800485,1.49092827614605),
 .UNSPECIFIED.);
#857=B_SPLINE_CURVE_WITH_KNOTS('',3,(#8769,#8770,#8771,#8772,#8773,#8774),
 .UNSPECIFIED.,.F.,.F.,(4,2,4),(7.35305093418434,7.38758953028189,7.43225196978083),
 .UNSPECIFIED.);
#858=B_SPLINE_CURVE_WITH_KNOTS('',3,(#8780,#8781,#8782,#8783),
 .UNSPECIFIED.,.F.,.F.,(4,4),(9.33774830363155,9.52158307156252),
 .UNSPECIFIED.);
#859=B_SPLINE_CURVE_WITH_KNOTS('',3,(#8784,#8785,#8786,#8787),
 .UNSPECIFIED.,.F.,.F.,(4,4),(-0.305588060930463,-0.273497499872039),
 .UNSPECIFIED.);
#860=B_SPLINE_CURVE_WITH_KNOTS('',3,(#9286,#9287,#9288,#9289,#9290,#9291,
#9292,#9293),.UNSPECIFIED.,.F.,.F.,(4,2,2,4),(-0.537520635037068,-0.530756207858567,
-0.470204543599818,-0.436282833051054),.UNSPECIFIED.);
#861=B_SPLINE_CURVE_WITH_KNOTS('',3,(#9297,#9298,#9299,#9300,#9301,#9302,
#9303,#9304,#9305,#9306),.UNSPECIFIED.,.F.,.F.,(4,2,2,2,4),(-0.425032170197462,
-0.41995596398147,-0.398197808539938,-0.364509907545476,-0.324713471336207),
 .UNSPECIFIED.);
#862=B_SPLINE_CURVE_WITH_KNOTS('',3,(#9310,#9311,#9312,#9313,#9314,#9315,
#9316,#9317),.UNSPECIFIED.,.F.,.F.,(4,2,2,4),(-0.54145177644203,-0.498783721931406,
-0.449492027257633,-0.432666698989768),.UNSPECIFIED.);
#863=B_SPLINE_CURVE_WITH_KNOTS('',3,(#9321,#9322,#9323,#9324,#9325,#9326,
#9327,#9328,#9329,#9330),.UNSPECIFIED.,.F.,.F.,(4,2,2,2,4),(-0.425032170197308,
-0.419955963981325,-0.398197808539809,-0.3645099075453,-0.324713471335992),
 .UNSPECIFIED.);
#864=B_SPLINE_CURVE_WITH_KNOTS('',3,(#9334,#9335,#9336,#9337,#9338,#9339,
#9340,#9341,#9342,#9343),.UNSPECIFIED.,.F.,.F.,(4,2,2,2,4),(-2.03042821670989,
-1.92045601949989,-1.84819760842143,-1.80080700471473,-1.79535970516217),
 .UNSPECIFIED.);
#865=B_SPLINE_CURVE_WITH_KNOTS('',3,(#9347,#9348,#9349,#9350,#9351,#9352,
#9353,#9354),.UNSPECIFIED.,.F.,.F.,(4,2,2,4),(-0.462298778414434,-0.441420911826915,
-0.379049330741318,-0.346836377387053),.UNSPECIFIED.);
#866=B_SPLINE_CURVE_WITH_KNOTS('',3,(#10330,#10331,#10332,#10333,#10334,
#10335,#10336,#10337),.UNSPECIFIED.,.F.,.F.,(4,2,2,4),(-0.00104286126350175,
0.,0.465219759214605,0.588509161860992),.UNSPECIFIED.);
#867=B_SPLINE_CURVE_WITH_KNOTS('',3,(#10362,#10363,#10364,#10365,#10366,
#10367,#10368,#10369),.UNSPECIFIED.,.F.,.F.,(4,2,2,4),(1.84514244933283,
1.96843185286735,2.43365161536174,2.43469447660992),.UNSPECIFIED.);
#868=B_SPLINE_CURVE_WITH_KNOTS('',3,(#10403,#10404,#10405,#10406,#10407,
#10408,#10409,#10410),.UNSPECIFIED.,.F.,.F.,(4,2,2,4),(-0.00104286123098254,
0.,0.465219767019157,0.588509171779099),.UNSPECIFIED.);
#869=B_SPLINE_CURVE_WITH_KNOTS('',3,(#10433,#10434,#10435,#10436,#10437,
#10438,#10439,#10440),.UNSPECIFIED.,.F.,.F.,(4,2,2,4),(1.84514246203006,
1.96843186641741,2.43365163206118,2.43469449329716),.UNSPECIFIED.);
#870=B_SPLINE_CURVE_WITH_KNOTS('',3,(#10475,#10476,#10477,#10478,#10479,
#10480,#10481,#10482),.UNSPECIFIED.,.F.,.F.,(4,2,2,4),(-0.00104286127769549,
0.,0.465219756226906,0.588509158064237),.UNSPECIFIED.);
#871=B_SPLINE_CURVE_WITH_KNOTS('',3,(#10502,#10503,#10504,#10505,#10506,
#10507,#10508,#10509),.UNSPECIFIED.,.F.,.F.,(4,2,2,4),(1.845142425634,1.96843182757632,
2.43365158419107,2.43469444546222),.UNSPECIFIED.);
#872=B_SPLINE_CURVE_WITH_KNOTS('',3,(#10543,#10544,#10545,#10546,#10547,
#10548,#10549,#10550),.UNSPECIFIED.,.F.,.F.,(4,2,2,4),(1.84514246757506,
1.96843187233498,2.43365163935404,2.43469450058502),.UNSPECIFIED.);
#873=B_SPLINE_CURVE_WITH_KNOTS('',3,(#10576,#10577,#10578,#10579,#10580,
#10581,#10582,#10583),.UNSPECIFIED.,.F.,.F.,(4,2,2,4),(-0.00104286123598045,
0.,0.465219765644286,0.58850917003175),.UNSPECIFIED.);
#874=B_SPLINE_CURVE_WITH_KNOTS('',3,(#10620,#10621,#10622,#10623,#10624,
#10625,#10626,#10627),.UNSPECIFIED.,.F.,.F.,(4,2,2,4),(-0.00104286127113732,
0.,0.465219756615087,0.588509158557486),.UNSPECIFIED.);
#875=B_SPLINE_CURVE_WITH_KNOTS('',3,(#10640,#10641,#10642,#10643,#10644,
#10645,#10646,#10647),.UNSPECIFIED.,.F.,.F.,(4,2,2,4),(1.8451424358312,
1.96843183845852,2.43365159760281,2.43469445887022),.UNSPECIFIED.);
#876=B_SPLINE_CURVE_WITH_KNOTS('',3,(#10649,#10650,#10651,#10652,#10653,
#10654,#10655,#10656),.UNSPECIFIED.,.F.,.F.,(4,2,2,4),(-0.00104286124817879,
0.,0.465219762493461,0.58850916602771),.UNSPECIFIED.);
#877=B_SPLINE_CURVE_WITH_KNOTS('',3,(#10669,#10670,#10671,#10672,#10673,
#10674,#10675,#10676),.UNSPECIFIED.,.F.,.F.,(4,2,2,4),(1.84514243611341,
1.96843183875982,2.43365159797466,2.43469445923816),.UNSPECIFIED.);
#878=CIRCLE('',#6122,62.000000923872);
#879=CIRCLE('',#6125,62.000000923872);
#880=CIRCLE('',#6128,43.0096799691258);
#881=CIRCLE('',#6129,43.0096799691258);
#882=CIRCLE('',#6130,43.0096799691258);
#883=CIRCLE('',#6132,38.7894709663396);
#884=CIRCLE('',#6133,11.5);
#885=CIRCLE('',#6135,43.0096799691258);
#886=CIRCLE('',#6136,11.5);
#887=CIRCLE('',#6137,38.7894709663395);
#888=CIRCLE('',#6138,43.0096799691258);
#889=CIRCLE('',#6140,43.0096799691258);
#890=CIRCLE('',#6142,12.0000001788139);
#891=CIRCLE('',#6143,0.649999999999997);
#892=CIRCLE('',#6144,11.84);
#893=CIRCLE('',#6145,0.649999999999997);
#894=CIRCLE('',#6146,0.649999999999997);
#895=CIRCLE('',#6147,11.84);
#896=CIRCLE('',#6148,0.649999999999997);
#897=CIRCLE('',#6149,0.649999999999997);
#898=CIRCLE('',#6150,11.84);
#899=CIRCLE('',#6151,0.649999999999997);
#900=CIRCLE('',#6152,0.649999999999997);
#901=CIRCLE('',#6153,11.84);
#902=CIRCLE('',#6154,0.649999999999997);
#903=CIRCLE('',#6155,0.649999999999997);
#904=CIRCLE('',#6156,11.84);
#905=CIRCLE('',#6157,0.649999999999997);
#906=CIRCLE('',#6158,0.649999999999997);
#907=CIRCLE('',#6159,11.84);
#908=CIRCLE('',#6160,0.649999999999997);
#909=CIRCLE('',#6161,0.649999999999997);
#910=CIRCLE('',#6162,11.84);
#911=CIRCLE('',#6163,0.649999999999997);
#912=CIRCLE('',#6164,0.649999999999997);
#913=CIRCLE('',#6165,11.84);
#914=CIRCLE('',#6166,0.649999999999997);
#915=CIRCLE('',#6167,0.649999999999997);
#916=CIRCLE('',#6168,11.84);
#917=CIRCLE('',#6169,0.649999999999997);
#918=CIRCLE('',#6170,0.649999999999997);
#919=CIRCLE('',#6171,11.84);
#920=CIRCLE('',#6172,0.649999999999997);
#921=CIRCLE('',#6173,0.649999999999997);
#922=CIRCLE('',#6174,11.84);
#923=CIRCLE('',#6175,0.649999999999997);
#924=CIRCLE('',#6176,0.649999999999997);
#925=CIRCLE('',#6177,11.84);
#926=CIRCLE('',#6178,0.649999999999997);
#927=CIRCLE('',#6179,0.649999999999997);
#928=CIRCLE('',#6180,11.84);
#929=CIRCLE('',#6181,0.649999999999997);
#930=CIRCLE('',#6182,0.649999999999997);
#931=CIRCLE('',#6183,11.84);
#932=CIRCLE('',#6184,0.649999999999997);
#933=CIRCLE('',#6185,0.649999999999997);
#934=CIRCLE('',#6186,11.84);
#935=CIRCLE('',#6187,0.649999999999997);
#936=CIRCLE('',#6188,0.649999999999997);
#937=CIRCLE('',#6189,11.84);
#938=CIRCLE('',#6190,0.649999999999997);
#939=CIRCLE('',#6191,0.649999999999997);
#940=CIRCLE('',#6192,11.84);
#941=CIRCLE('',#6193,0.649999999999997);
#942=CIRCLE('',#6194,0.649999999999997);
#943=CIRCLE('',#6195,11.84);
#944=CIRCLE('',#6196,0.649999999999997);
#945=CIRCLE('',#6197,0.649999999999997);
#946=CIRCLE('',#6198,11.84);
#947=CIRCLE('',#6199,0.649999999999997);
#948=CIRCLE('',#6200,0.649999999999997);
#949=CIRCLE('',#6201,11.84);
#950=CIRCLE('',#6202,0.649999999999997);
#951=CIRCLE('',#6203,0.649999999999997);
#952=CIRCLE('',#6204,11.84);
#953=CIRCLE('',#6205,0.649999999999997);
#954=CIRCLE('',#6206,0.649999999999997);
#955=CIRCLE('',#6207,11.84);
#956=CIRCLE('',#6208,0.649999999999997);
#957=CIRCLE('',#6209,0.649999999999997);
#958=CIRCLE('',#6210,11.84);
#959=CIRCLE('',#6211,0.649999999999997);
#960=CIRCLE('',#6212,0.649999999999997);
#961=CIRCLE('',#6213,11.84);
#962=CIRCLE('',#6214,0.649999999999997);
#963=CIRCLE('',#6215,0.649999999999997);
#964=CIRCLE('',#6216,11.84);
#965=CIRCLE('',#6217,0.649999999999997);
#966=CIRCLE('',#6218,0.649999999999997);
#967=CIRCLE('',#6219,11.84);
#968=CIRCLE('',#6220,0.649999999999997);
#969=CIRCLE('',#6221,0.649999999999997);
#970=CIRCLE('',#6222,11.84);
#971=CIRCLE('',#6223,0.649999999999997);
#972=CIRCLE('',#6224,0.649999999999997);
#973=CIRCLE('',#6225,11.84);
#974=CIRCLE('',#6226,0.649999999999997);
#975=CIRCLE('',#6227,0.649999999999997);
#976=CIRCLE('',#6228,11.84);
#977=CIRCLE('',#6229,0.649999999999997);
#978=CIRCLE('',#6230,0.649999999999997);
#979=CIRCLE('',#6231,11.84);
#980=CIRCLE('',#6232,0.649999999999997);
#981=CIRCLE('',#6233,0.649999999999997);
#982=CIRCLE('',#6234,11.84);
#983=CIRCLE('',#6235,0.649999999999997);
#984=CIRCLE('',#6236,0.649999999999997);
#985=CIRCLE('',#6237,11.84);
#986=CIRCLE('',#6238,0.649999999999997);
#987=CIRCLE('',#6239,0.649999999999997);
#988=CIRCLE('',#6240,11.84);
#989=CIRCLE('',#6241,0.649999999999997);
#990=CIRCLE('',#6242,0.649999999999997);
#991=CIRCLE('',#6243,11.84);
#992=CIRCLE('',#6244,0.649999999999997);
#993=CIRCLE('',#6245,0.649999999999997);
#994=CIRCLE('',#6246,11.84);
#995=CIRCLE('',#6247,0.649999999999997);
#996=CIRCLE('',#6248,0.649999999999997);
#997=CIRCLE('',#6249,11.84);
#998=CIRCLE('',#6250,0.649999999999997);
#999=CIRCLE('',#6251,0.649999999999997);
#1000=CIRCLE('',#6252,11.84);
#1001=CIRCLE('',#6253,0.649999999999997);
#1002=CIRCLE('',#6254,0.649999999999997);
#1003=CIRCLE('',#6255,11.84);
#1004=CIRCLE('',#6256,0.649999999999997);
#1005=CIRCLE('',#6258,8.25);
#1006=CIRCLE('',#6259,8.25);
#1007=CIRCLE('',#6260,8.25);
#1008=CIRCLE('',#6262,12.0000001788139);
#1009=CIRCLE('',#6265,12.5000001788139);
#1010=CIRCLE('',#6266,12.5000001788139);
#1011=CIRCLE('',#6267,12.5000001788139);
#1012=CIRCLE('',#6268,12.5000001788139);
#1013=CIRCLE('',#6269,12.5000001788139);
#1014=CIRCLE('',#6270,12.5000001788139);
#1015=CIRCLE('',#6271,12.5000001788139);
#1016=CIRCLE('',#6272,12.5000001788139);
#1017=CIRCLE('',#6274,1.99999999999999);
#1018=CIRCLE('',#6275,7.5);
#1019=CIRCLE('',#6276,2.);
#1020=CIRCLE('',#6277,9.5);
#1021=CIRCLE('',#6279,2.);
#1022=CIRCLE('',#6280,7.5);
#1023=CIRCLE('',#6281,2.);
#1024=CIRCLE('',#6282,9.5);
#1025=CIRCLE('',#6284,2.);
#1026=CIRCLE('',#6285,7.5);
#1027=CIRCLE('',#6286,2.);
#1028=CIRCLE('',#6287,9.5);
#1029=CIRCLE('',#6290,0.649999999999997);
#1030=CIRCLE('',#6294,0.649999999999997);
#1031=CIRCLE('',#6296,11.84);
#1032=CIRCLE('',#6299,0.649999999999997);
#1033=CIRCLE('',#6303,0.649999999999997);
#1034=CIRCLE('',#6305,11.84);
#1035=CIRCLE('',#6308,0.649999999999997);
#1036=CIRCLE('',#6312,0.649999999999997);
#1037=CIRCLE('',#6314,11.84);
#1038=CIRCLE('',#6317,0.649999999999997);
#1039=CIRCLE('',#6321,0.649999999999997);
#1040=CIRCLE('',#6323,11.84);
#1041=CIRCLE('',#6326,0.649999999999997);
#1042=CIRCLE('',#6330,0.649999999999997);
#1043=CIRCLE('',#6332,11.84);
#1044=CIRCLE('',#6335,0.649999999999997);
#1045=CIRCLE('',#6339,0.649999999999997);
#1046=CIRCLE('',#6341,11.84);
#1047=CIRCLE('',#6344,0.649999999999997);
#1048=CIRCLE('',#6348,0.649999999999997);
#1049=CIRCLE('',#6350,11.84);
#1050=CIRCLE('',#6353,0.649999999999997);
#1051=CIRCLE('',#6357,0.649999999999997);
#1052=CIRCLE('',#6359,11.84);
#1053=CIRCLE('',#6362,0.649999999999997);
#1054=CIRCLE('',#6366,0.649999999999997);
#1055=CIRCLE('',#6368,11.84);
#1056=CIRCLE('',#6371,0.649999999999997);
#1057=CIRCLE('',#6375,0.649999999999997);
#1058=CIRCLE('',#6377,11.84);
#1059=CIRCLE('',#6380,0.649999999999997);
#1060=CIRCLE('',#6384,0.649999999999997);
#1061=CIRCLE('',#6386,11.84);
#1062=CIRCLE('',#6389,0.649999999999997);
#1063=CIRCLE('',#6393,0.649999999999997);
#1064=CIRCLE('',#6395,11.84);
#1065=CIRCLE('',#6398,0.649999999999997);
#1066=CIRCLE('',#6402,0.649999999999997);
#1067=CIRCLE('',#6404,11.84);
#1068=CIRCLE('',#6407,0.649999999999997);
#1069=CIRCLE('',#6411,0.649999999999997);
#1070=CIRCLE('',#6413,11.84);
#1071=CIRCLE('',#6416,0.649999999999997);
#1072=CIRCLE('',#6420,0.649999999999997);
#1073=CIRCLE('',#6422,11.84);
#1074=CIRCLE('',#6425,0.649999999999997);
#1075=CIRCLE('',#6429,0.649999999999997);
#1076=CIRCLE('',#6431,11.84);
#1077=CIRCLE('',#6434,0.649999999999997);
#1078=CIRCLE('',#6438,0.649999999999997);
#1079=CIRCLE('',#6440,11.84);
#1080=CIRCLE('',#6443,0.649999999999997);
#1081=CIRCLE('',#6447,0.649999999999997);
#1082=CIRCLE('',#6449,11.84);
#1083=CIRCLE('',#6452,0.649999999999997);
#1084=CIRCLE('',#6456,0.649999999999997);
#1085=CIRCLE('',#6458,11.84);
#1086=CIRCLE('',#6461,0.649999999999997);
#1087=CIRCLE('',#6465,0.649999999999997);
#1088=CIRCLE('',#6467,11.84);
#1089=CIRCLE('',#6470,0.649999999999997);
#1090=CIRCLE('',#6474,0.649999999999997);
#1091=CIRCLE('',#6476,11.84);
#1092=CIRCLE('',#6479,0.649999999999997);
#1093=CIRCLE('',#6483,0.649999999999997);
#1094=CIRCLE('',#6485,11.84);
#1095=CIRCLE('',#6488,0.649999999999997);
#1096=CIRCLE('',#6492,0.649999999999997);
#1097=CIRCLE('',#6494,11.84);
#1098=CIRCLE('',#6497,0.649999999999997);
#1099=CIRCLE('',#6501,0.649999999999997);
#1100=CIRCLE('',#6503,11.84);
#1101=CIRCLE('',#6506,0.649999999999997);
#1102=CIRCLE('',#6510,0.649999999999997);
#1103=CIRCLE('',#6512,11.84);
#1104=CIRCLE('',#6515,0.649999999999997);
#1105=CIRCLE('',#6519,0.649999999999997);
#1106=CIRCLE('',#6521,11.84);
#1107=CIRCLE('',#6524,0.649999999999997);
#1108=CIRCLE('',#6528,0.649999999999997);
#1109=CIRCLE('',#6530,11.84);
#1110=CIRCLE('',#6533,0.649999999999997);
#1111=CIRCLE('',#6537,0.649999999999997);
#1112=CIRCLE('',#6539,11.84);
#1113=CIRCLE('',#6542,0.649999999999997);
#1114=CIRCLE('',#6546,0.649999999999997);
#1115=CIRCLE('',#6548,11.84);
#1116=CIRCLE('',#6551,0.649999999999997);
#1117=CIRCLE('',#6555,0.649999999999997);
#1118=CIRCLE('',#6557,11.84);
#1119=CIRCLE('',#6560,0.649999999999997);
#1120=CIRCLE('',#6564,0.649999999999997);
#1121=CIRCLE('',#6566,11.84);
#1122=CIRCLE('',#6569,0.649999999999997);
#1123=CIRCLE('',#6573,0.649999999999997);
#1124=CIRCLE('',#6575,11.84);
#1125=CIRCLE('',#6578,0.649999999999997);
#1126=CIRCLE('',#6582,0.649999999999997);
#1127=CIRCLE('',#6584,11.84);
#1128=CIRCLE('',#6587,0.649999999999997);
#1129=CIRCLE('',#6591,0.649999999999997);
#1130=CIRCLE('',#6593,11.84);
#1131=CIRCLE('',#6596,0.649999999999997);
#1132=CIRCLE('',#6600,0.649999999999997);
#1133=CIRCLE('',#6602,11.84);
#1134=CIRCLE('',#6605,0.649999999999997);
#1135=CIRCLE('',#6609,0.649999999999997);
#1136=CIRCLE('',#6611,11.84);
#1137=CIRCLE('',#6614,0.649999999999997);
#1138=CIRCLE('',#6618,0.649999999999997);
#1139=CIRCLE('',#6620,11.84);
#1140=CIRCLE('',#6623,0.649999999999997);
#1141=CIRCLE('',#6627,0.649999999999997);
#1142=CIRCLE('',#6629,8.25);
#1143=CIRCLE('',#6630,8.25);
#1144=CIRCLE('',#6632,11.84);
#1145=CIRCLE('',#6635,7.);
#1146=CIRCLE('',#6636,28.0444848810739);
#1147=CIRCLE('',#6637,7.);
#1148=CIRCLE('',#6638,9.5);
#1149=CIRCLE('',#6640,7.);
#1150=CIRCLE('',#6641,28.0444848810739);
#1151=CIRCLE('',#6642,7.);
#1152=CIRCLE('',#6643,9.5);
#1153=CIRCLE('',#6645,8.25);
#1154=CIRCLE('',#6647,5.);
#1155=CIRCLE('',#6648,2.);
#1156=CIRCLE('',#6649,7.);
#1157=CIRCLE('',#6651,2.);
#1158=CIRCLE('',#6653,9.5);
#1159=CIRCLE('',#6654,7.5);
#1160=CIRCLE('',#6655,2.);
#1161=CIRCLE('',#6657,14.);
#1162=CIRCLE('',#6659,2.);
#1163=CIRCLE('',#6661,5.);
#1164=CIRCLE('',#6663,5.);
#1165=CIRCLE('',#6666,7.5);
#1166=CIRCLE('',#6668,14.);
#1167=CIRCLE('',#6670,7.5);
#1168=CIRCLE('',#6673,5.);
#1169=CIRCLE('',#6675,5.);
#1170=CIRCLE('',#6676,2.00000000000001);
#1171=CIRCLE('',#6678,1.99999999999999);
#1172=CIRCLE('',#6680,7.5);
#1173=CIRCLE('',#6681,2.);
#1174=CIRCLE('',#6683,14.);
#1175=CIRCLE('',#6685,2.);
#1176=CIRCLE('',#6687,7.);
#1177=CIRCLE('',#6688,5.);
#1178=CIRCLE('',#6690,5.);
#1179=CIRCLE('',#6693,7.5);
#1180=CIRCLE('',#6695,14.);
#1181=CIRCLE('',#6697,7.5);
#1182=CIRCLE('',#6700,5.);
#1183=CIRCLE('',#6702,5.);
#1184=CIRCLE('',#6703,2.00000000000001);
#1185=CIRCLE('',#6705,2.);
#1186=CIRCLE('',#6707,7.5);
#1187=CIRCLE('',#6708,2.);
#1188=CIRCLE('',#6710,14.);
#1189=CIRCLE('',#6712,2.);
#1190=CIRCLE('',#6714,5.);
#1191=CIRCLE('',#6716,5.);
#1192=CIRCLE('',#6719,7.5);
#1193=CIRCLE('',#6721,14.);
#1194=CIRCLE('',#6723,7.5);
#1195=CIRCLE('',#6726,5.);
#1196=CIRCLE('',#6728,7.);
#1197=CIRCLE('',#6729,2.);
#1198=CIRCLE('',#6731,2.);
#1199=CIRCLE('',#6733,2.);
#1200=CIRCLE('',#6734,9.5);
#1201=CIRCLE('',#6736,2.);
#1202=CIRCLE('',#6737,12.);
#1203=CIRCLE('',#6739,2.);
#1204=CIRCLE('',#6740,9.5);
#1205=CIRCLE('',#6742,2.);
#1206=CIRCLE('',#6744,7.);
#1207=CIRCLE('',#6746,28.0444848810739);
#1208=CIRCLE('',#6747,7.);
#1209=CIRCLE('',#6748,9.5);
#1210=CIRCLE('',#6749,12.);
#1211=CIRCLE('',#6750,9.5);
#1212=CIRCLE('',#6751,7.);
#1213=CIRCLE('',#6752,28.0444848810739);
#1214=CIRCLE('',#6753,7.);
#1215=CIRCLE('',#6754,9.5);
#1216=CIRCLE('',#6755,12.);
#1217=CIRCLE('',#6756,9.5);
#1218=CIRCLE('',#6757,7.);
#1219=CIRCLE('',#6758,28.0444848810739);
#1220=CIRCLE('',#6760,2.);
#1221=CIRCLE('',#6762,2.);
#1222=CIRCLE('',#6764,1.99999999999999);
#1223=CIRCLE('',#6766,2.);
#1224=CIRCLE('',#6768,2.00000000000001);
#1225=CIRCLE('',#6770,2.00000000000001);
#1226=CIRCLE('',#6773,2.00000000000001);
#1227=CIRCLE('',#6775,2.);
#1228=CIRCLE('',#6777,2.);
#1229=CIRCLE('',#6779,2.);
#1230=CIRCLE('',#6781,2.);
#1231=CIRCLE('',#6783,2.);
#1232=CIRCLE('',#6786,28.0444848810739);
#1233=CIRCLE('',#6787,28.0444848810739);
#1234=CIRCLE('',#6789,28.0444848810739);
#1235=CIRCLE('',#6790,28.0444848810739);
#1236=CIRCLE('',#6791,28.0444848810739);
#1237=CIRCLE('',#6792,28.0444848810739);
#1238=CIRCLE('',#6794,28.0444848810739);
#1239=CIRCLE('',#6796,35.0000005215406);
#1240=CIRCLE('',#6798,35.0000005215406);
#1241=CIRCLE('',#6800,33.0000004917383);
#1242=CIRCLE('',#6802,33.0000004917383);
#1243=CIRCLE('',#6804,35.0000005215406);
#1244=CIRCLE('',#6806,35.0000005215406);
#1245=CIRCLE('',#6809,31.1942029449377);
#1246=CIRCLE('',#6811,4.00000005960464);
#1247=CIRCLE('',#6812,28.0444848810739);
#1248=CIRCLE('',#6814,28.0444848810739);
#1249=CIRCLE('',#6816,4.00000005960465);
#1250=CIRCLE('',#6817,31.1942029449377);
#1251=LINE('',#8739,#1769);
#1252=LINE('',#8753,#1770);
#1253=LINE('',#8755,#1771);
#1254=LINE('',#8765,#1772);
#1255=LINE('',#8775,#1773);
#1256=LINE('',#8778,#1774);
#1257=LINE('',#8811,#1775);
#1258=LINE('',#8815,#1776);
#1259=LINE('',#8819,#1777);
#1260=LINE('',#8823,#1778);
#1261=LINE('',#8827,#1779);
#1262=LINE('',#8831,#1780);
#1263=LINE('',#8835,#1781);
#1264=LINE('',#8839,#1782);
#1265=LINE('',#8843,#1783);
#1266=LINE('',#8847,#1784);
#1267=LINE('',#8851,#1785);
#1268=LINE('',#8855,#1786);
#1269=LINE('',#8859,#1787);
#1270=LINE('',#8863,#1788);
#1271=LINE('',#8867,#1789);
#1272=LINE('',#8871,#1790);
#1273=LINE('',#8875,#1791);
#1274=LINE('',#8879,#1792);
#1275=LINE('',#8883,#1793);
#1276=LINE('',#8887,#1794);
#1277=LINE('',#8891,#1795);
#1278=LINE('',#8895,#1796);
#1279=LINE('',#8899,#1797);
#1280=LINE('',#8903,#1798);
#1281=LINE('',#8907,#1799);
#1282=LINE('',#8911,#1800);
#1283=LINE('',#8915,#1801);
#1284=LINE('',#8919,#1802);
#1285=LINE('',#8923,#1803);
#1286=LINE('',#8927,#1804);
#1287=LINE('',#8931,#1805);
#1288=LINE('',#8935,#1806);
#1289=LINE('',#8939,#1807);
#1290=LINE('',#8943,#1808);
#1291=LINE('',#8947,#1809);
#1292=LINE('',#8951,#1810);
#1293=LINE('',#8955,#1811);
#1294=LINE('',#8959,#1812);
#1295=LINE('',#8963,#1813);
#1296=LINE('',#8967,#1814);
#1297=LINE('',#8971,#1815);
#1298=LINE('',#8975,#1816);
#1299=LINE('',#8979,#1817);
#1300=LINE('',#8983,#1818);
#1301=LINE('',#8987,#1819);
#1302=LINE('',#8991,#1820);
#1303=LINE('',#8995,#1821);
#1304=LINE('',#8999,#1822);
#1305=LINE('',#9003,#1823);
#1306=LINE('',#9007,#1824);
#1307=LINE('',#9011,#1825);
#1308=LINE('',#9015,#1826);
#1309=LINE('',#9019,#1827);
#1310=LINE('',#9023,#1828);
#1311=LINE('',#9027,#1829);
#1312=LINE('',#9031,#1830);
#1313=LINE('',#9035,#1831);
#1314=LINE('',#9039,#1832);
#1315=LINE('',#9043,#1833);
#1316=LINE('',#9047,#1834);
#1317=LINE('',#9051,#1835);
#1318=LINE('',#9055,#1836);
#1319=LINE('',#9059,#1837);
#1320=LINE('',#9063,#1838);
#1321=LINE('',#9067,#1839);
#1322=LINE('',#9071,#1840);
#1323=LINE('',#9075,#1841);
#1324=LINE('',#9079,#1842);
#1325=LINE('',#9083,#1843);
#1326=LINE('',#9087,#1844);
#1327=LINE('',#9091,#1845);
#1328=LINE('',#9095,#1846);
#1329=LINE('',#9099,#1847);
#1330=LINE('',#9103,#1848);
#1331=LINE('',#9107,#1849);
#1332=LINE('',#9111,#1850);
#1333=LINE('',#9115,#1851);
#1334=LINE('',#9119,#1852);
#1335=LINE('',#9123,#1853);
#1336=LINE('',#9127,#1854);
#1337=LINE('',#9131,#1855);
#1338=LINE('',#9135,#1856);
#1339=LINE('',#9139,#1857);
#1340=LINE('',#9143,#1858);
#1341=LINE('',#9147,#1859);
#1342=LINE('',#9151,#1860);
#1343=LINE('',#9155,#1861);
#1344=LINE('',#9159,#1862);
#1345=LINE('',#9163,#1863);
#1346=LINE('',#9167,#1864);
#1347=LINE('',#9171,#1865);
#1348=LINE('',#9175,#1866);
#1349=LINE('',#9179,#1867);
#1350=LINE('',#9183,#1868);
#1351=LINE('',#9187,#1869);
#1352=LINE('',#9191,#1870);
#1353=LINE('',#9195,#1871);
#1354=LINE('',#9199,#1872);
#1355=LINE('',#9203,#1873);
#1356=LINE('',#9207,#1874);
#1357=LINE('',#9211,#1875);
#1358=LINE('',#9215,#1876);
#1359=LINE('',#9219,#1877);
#1360=LINE('',#9223,#1878);
#1361=LINE('',#9227,#1879);
#1362=LINE('',#9231,#1880);
#1363=LINE('',#9235,#1881);
#1364=LINE('',#9239,#1882);
#1365=LINE('',#9243,#1883);
#1366=LINE('',#9247,#1884);
#1367=LINE('',#9251,#1885);
#1368=LINE('',#9255,#1886);
#1369=LINE('',#9259,#1887);
#1370=LINE('',#9263,#1888);
#1371=LINE('',#9269,#1889);
#1372=LINE('',#9276,#1890);
#1373=LINE('',#9282,#1891);
#1374=LINE('',#9383,#1892);
#1375=LINE('',#9384,#1893);
#1376=LINE('',#9385,#1894);
#1377=LINE('',#9389,#1895);
#1378=LINE('',#9392,#1896);
#1379=LINE('',#9393,#1897);
#1380=LINE('',#9397,#1898);
#1381=LINE('',#9398,#1899);
#1382=LINE('',#9399,#1900);
#1383=LINE('',#9405,#1901);
#1384=LINE('',#9409,#1902);
#1385=LINE('',#9410,#1903);
#1386=LINE('',#9411,#1904);
#1387=LINE('',#9415,#1905);
#1388=LINE('',#9418,#1906);
#1389=LINE('',#9419,#1907);
#1390=LINE('',#9422,#1908);
#1391=LINE('',#9423,#1909);
#1392=LINE('',#9429,#1910);
#1393=LINE('',#9433,#1911);
#1394=LINE('',#9434,#1912);
#1395=LINE('',#9435,#1913);
#1396=LINE('',#9439,#1914);
#1397=LINE('',#9442,#1915);
#1398=LINE('',#9443,#1916);
#1399=LINE('',#9447,#1917);
#1400=LINE('',#9448,#1918);
#1401=LINE('',#9449,#1919);
#1402=LINE('',#9455,#1920);
#1403=LINE('',#9459,#1921);
#1404=LINE('',#9460,#1922);
#1405=LINE('',#9461,#1923);
#1406=LINE('',#9465,#1924);
#1407=LINE('',#9468,#1925);
#1408=LINE('',#9469,#1926);
#1409=LINE('',#9473,#1927);
#1410=LINE('',#9474,#1928);
#1411=LINE('',#9475,#1929);
#1412=LINE('',#9481,#1930);
#1413=LINE('',#9485,#1931);
#1414=LINE('',#9486,#1932);
#1415=LINE('',#9487,#1933);
#1416=LINE('',#9491,#1934);
#1417=LINE('',#9494,#1935);
#1418=LINE('',#9495,#1936);
#1419=LINE('',#9499,#1937);
#1420=LINE('',#9500,#1938);
#1421=LINE('',#9501,#1939);
#1422=LINE('',#9509,#1940);
#1423=LINE('',#9510,#1941);
#1424=LINE('',#9511,#1942);
#1425=LINE('',#9515,#1943);
#1426=LINE('',#9518,#1944);
#1427=LINE('',#9519,#1945);
#1428=LINE('',#9523,#1946);
#1429=LINE('',#9524,#1947);
#1430=LINE('',#9525,#1948);
#1431=LINE('',#9533,#1949);
#1432=LINE('',#9534,#1950);
#1433=LINE('',#9535,#1951);
#1434=LINE('',#9539,#1952);
#1435=LINE('',#9542,#1953);
#1436=LINE('',#9543,#1954);
#1437=LINE('',#9546,#1955);
#1438=LINE('',#9547,#1956);
#1439=LINE('',#9555,#1957);
#1440=LINE('',#9556,#1958);
#1441=LINE('',#9557,#1959);
#1442=LINE('',#9561,#1960);
#1443=LINE('',#9564,#1961);
#1444=LINE('',#9565,#1962);
#1445=LINE('',#9569,#1963);
#1446=LINE('',#9570,#1964);
#1447=LINE('',#9571,#1965);
#1448=LINE('',#9577,#1966);
#1449=LINE('',#9581,#1967);
#1450=LINE('',#9582,#1968);
#1451=LINE('',#9583,#1969);
#1452=LINE('',#9587,#1970);
#1453=LINE('',#9590,#1971);
#1454=LINE('',#9591,#1972);
#1455=LINE('',#9594,#1973);
#1456=LINE('',#9595,#1974);
#1457=LINE('',#9603,#1975);
#1458=LINE('',#9604,#1976);
#1459=LINE('',#9605,#1977);
#1460=LINE('',#9609,#1978);
#1461=LINE('',#9612,#1979);
#1462=LINE('',#9613,#1980);
#1463=LINE('',#9616,#1981);
#1464=LINE('',#9617,#1982);
#1465=LINE('',#9625,#1983);
#1466=LINE('',#9626,#1984);
#1467=LINE('',#9627,#1985);
#1468=LINE('',#9631,#1986);
#1469=LINE('',#9634,#1987);
#1470=LINE('',#9635,#1988);
#1471=LINE('',#9639,#1989);
#1472=LINE('',#9640,#1990);
#1473=LINE('',#9641,#1991);
#1474=LINE('',#9647,#1992);
#1475=LINE('',#9651,#1993);
#1476=LINE('',#9652,#1994);
#1477=LINE('',#9653,#1995);
#1478=LINE('',#9657,#1996);
#1479=LINE('',#9660,#1997);
#1480=LINE('',#9661,#1998);
#1481=LINE('',#9665,#1999);
#1482=LINE('',#9666,#2000);
#1483=LINE('',#9667,#2001);
#1484=LINE('',#9675,#2002);
#1485=LINE('',#9676,#2003);
#1486=LINE('',#9677,#2004);
#1487=LINE('',#9681,#2005);
#1488=LINE('',#9684,#2006);
#1489=LINE('',#9685,#2007);
#1490=LINE('',#9688,#2008);
#1491=LINE('',#9689,#2009);
#1492=LINE('',#9695,#2010);
#1493=LINE('',#9699,#2011);
#1494=LINE('',#9700,#2012);
#1495=LINE('',#9701,#2013);
#1496=LINE('',#9705,#2014);
#1497=LINE('',#9708,#2015);
#1498=LINE('',#9709,#2016);
#1499=LINE('',#9713,#2017);
#1500=LINE('',#9714,#2018);
#1501=LINE('',#9715,#2019);
#1502=LINE('',#9721,#2020);
#1503=LINE('',#9725,#2021);
#1504=LINE('',#9726,#2022);
#1505=LINE('',#9727,#2023);
#1506=LINE('',#9731,#2024);
#1507=LINE('',#9734,#2025);
#1508=LINE('',#9735,#2026);
#1509=LINE('',#9738,#2027);
#1510=LINE('',#9739,#2028);
#1511=LINE('',#9745,#2029);
#1512=LINE('',#9749,#2030);
#1513=LINE('',#9750,#2031);
#1514=LINE('',#9751,#2032);
#1515=LINE('',#9755,#2033);
#1516=LINE('',#9758,#2034);
#1517=LINE('',#9759,#2035);
#1518=LINE('',#9763,#2036);
#1519=LINE('',#9764,#2037);
#1520=LINE('',#9765,#2038);
#1521=LINE('',#9771,#2039);
#1522=LINE('',#9775,#2040);
#1523=LINE('',#9776,#2041);
#1524=LINE('',#9777,#2042);
#1525=LINE('',#9781,#2043);
#1526=LINE('',#9784,#2044);
#1527=LINE('',#9785,#2045);
#1528=LINE('',#9789,#2046);
#1529=LINE('',#9790,#2047);
#1530=LINE('',#9791,#2048);
#1531=LINE('',#9799,#2049);
#1532=LINE('',#9800,#2050);
#1533=LINE('',#9801,#2051);
#1534=LINE('',#9805,#2052);
#1535=LINE('',#9808,#2053);
#1536=LINE('',#9809,#2054);
#1537=LINE('',#9813,#2055);
#1538=LINE('',#9814,#2056);
#1539=LINE('',#9815,#2057);
#1540=LINE('',#9823,#2058);
#1541=LINE('',#9824,#2059);
#1542=LINE('',#9825,#2060);
#1543=LINE('',#9829,#2061);
#1544=LINE('',#9832,#2062);
#1545=LINE('',#9833,#2063);
#1546=LINE('',#9836,#2064);
#1547=LINE('',#9837,#2065);
#1548=LINE('',#9845,#2066);
#1549=LINE('',#9846,#2067);
#1550=LINE('',#9847,#2068);
#1551=LINE('',#9851,#2069);
#1552=LINE('',#9854,#2070);
#1553=LINE('',#9855,#2071);
#1554=LINE('',#9858,#2072);
#1555=LINE('',#9859,#2073);
#1556=LINE('',#9865,#2074);
#1557=LINE('',#9869,#2075);
#1558=LINE('',#9870,#2076);
#1559=LINE('',#9871,#2077);
#1560=LINE('',#9875,#2078);
#1561=LINE('',#9878,#2079);
#1562=LINE('',#9879,#2080);
#1563=LINE('',#9882,#2081);
#1564=LINE('',#9883,#2082);
#1565=LINE('',#9889,#2083);
#1566=LINE('',#9893,#2084);
#1567=LINE('',#9894,#2085);
#1568=LINE('',#9895,#2086);
#1569=LINE('',#9899,#2087);
#1570=LINE('',#9902,#2088);
#1571=LINE('',#9903,#2089);
#1572=LINE('',#9907,#2090);
#1573=LINE('',#9908,#2091);
#1574=LINE('',#9909,#2092);
#1575=LINE('',#9915,#2093);
#1576=LINE('',#9919,#2094);
#1577=LINE('',#9920,#2095);
#1578=LINE('',#9921,#2096);
#1579=LINE('',#9925,#2097);
#1580=LINE('',#9928,#2098);
#1581=LINE('',#9929,#2099);
#1582=LINE('',#9933,#2100);
#1583=LINE('',#9934,#2101);
#1584=LINE('',#9935,#2102);
#1585=LINE('',#9943,#2103);
#1586=LINE('',#9944,#2104);
#1587=LINE('',#9945,#2105);
#1588=LINE('',#9949,#2106);
#1589=LINE('',#9952,#2107);
#1590=LINE('',#9953,#2108);
#1591=LINE('',#9956,#2109);
#1592=LINE('',#9957,#2110);
#1593=LINE('',#9963,#2111);
#1594=LINE('',#9967,#2112);
#1595=LINE('',#9968,#2113);
#1596=LINE('',#9969,#2114);
#1597=LINE('',#9973,#2115);
#1598=LINE('',#9976,#2116);
#1599=LINE('',#9977,#2117);
#1600=LINE('',#9981,#2118);
#1601=LINE('',#9982,#2119);
#1602=LINE('',#9983,#2120);
#1603=LINE('',#9991,#2121);
#1604=LINE('',#9992,#2122);
#1605=LINE('',#9993,#2123);
#1606=LINE('',#9997,#2124);
#1607=LINE('',#10000,#2125);
#1608=LINE('',#10001,#2126);
#1609=LINE('',#10005,#2127);
#1610=LINE('',#10006,#2128);
#1611=LINE('',#10007,#2129);
#1612=LINE('',#10015,#2130);
#1613=LINE('',#10016,#2131);
#1614=LINE('',#10017,#2132);
#1615=LINE('',#10021,#2133);
#1616=LINE('',#10024,#2134);
#1617=LINE('',#10025,#2135);
#1618=LINE('',#10028,#2136);
#1619=LINE('',#10029,#2137);
#1620=LINE('',#10037,#2138);
#1621=LINE('',#10038,#2139);
#1622=LINE('',#10039,#2140);
#1623=LINE('',#10043,#2141);
#1624=LINE('',#10046,#2142);
#1625=LINE('',#10047,#2143);
#1626=LINE('',#10051,#2144);
#1627=LINE('',#10052,#2145);
#1628=LINE('',#10053,#2146);
#1629=LINE('',#10061,#2147);
#1630=LINE('',#10062,#2148);
#1631=LINE('',#10063,#2149);
#1632=LINE('',#10067,#2150);
#1633=LINE('',#10070,#2151);
#1634=LINE('',#10071,#2152);
#1635=LINE('',#10074,#2153);
#1636=LINE('',#10075,#2154);
#1637=LINE('',#10083,#2155);
#1638=LINE('',#10084,#2156);
#1639=LINE('',#10085,#2157);
#1640=LINE('',#10089,#2158);
#1641=LINE('',#10092,#2159);
#1642=LINE('',#10093,#2160);
#1643=LINE('',#10097,#2161);
#1644=LINE('',#10098,#2162);
#1645=LINE('',#10099,#2163);
#1646=LINE('',#10105,#2164);
#1647=LINE('',#10109,#2165);
#1648=LINE('',#10110,#2166);
#1649=LINE('',#10111,#2167);
#1650=LINE('',#10115,#2168);
#1651=LINE('',#10118,#2169);
#1652=LINE('',#10119,#2170);
#1653=LINE('',#10123,#2171);
#1654=LINE('',#10124,#2172);
#1655=LINE('',#10125,#2173);
#1656=LINE('',#10133,#2174);
#1657=LINE('',#10134,#2175);
#1658=LINE('',#10135,#2176);
#1659=LINE('',#10139,#2177);
#1660=LINE('',#10142,#2178);
#1661=LINE('',#10143,#2179);
#1662=LINE('',#10147,#2180);
#1663=LINE('',#10148,#2181);
#1664=LINE('',#10149,#2182);
#1665=LINE('',#10157,#2183);
#1666=LINE('',#10158,#2184);
#1667=LINE('',#10159,#2185);
#1668=LINE('',#10163,#2186);
#1669=LINE('',#10166,#2187);
#1670=LINE('',#10167,#2188);
#1671=LINE('',#10171,#2189);
#1672=LINE('',#10172,#2190);
#1673=LINE('',#10173,#2191);
#1674=LINE('',#10181,#2192);
#1675=LINE('',#10182,#2193);
#1676=LINE('',#10183,#2194);
#1677=LINE('',#10187,#2195);
#1678=LINE('',#10190,#2196);
#1679=LINE('',#10191,#2197);
#1680=LINE('',#10195,#2198);
#1681=LINE('',#10196,#2199);
#1682=LINE('',#10197,#2200);
#1683=LINE('',#10205,#2201);
#1684=LINE('',#10206,#2202);
#1685=LINE('',#10207,#2203);
#1686=LINE('',#10211,#2204);
#1687=LINE('',#10214,#2205);
#1688=LINE('',#10215,#2206);
#1689=LINE('',#10218,#2207);
#1690=LINE('',#10219,#2208);
#1691=LINE('',#10227,#2209);
#1692=LINE('',#10228,#2210);
#1693=LINE('',#10229,#2211);
#1694=LINE('',#10233,#2212);
#1695=LINE('',#10236,#2213);
#1696=LINE('',#10237,#2214);
#1697=LINE('',#10241,#2215);
#1698=LINE('',#10242,#2216);
#1699=LINE('',#10243,#2217);
#1700=LINE('',#10251,#2218);
#1701=LINE('',#10252,#2219);
#1702=LINE('',#10253,#2220);
#1703=LINE('',#10257,#2221);
#1704=LINE('',#10260,#2222);
#1705=LINE('',#10261,#2223);
#1706=LINE('',#10264,#2224);
#1707=LINE('',#10265,#2225);
#1708=LINE('',#10273,#2226);
#1709=LINE('',#10274,#2227);
#1710=LINE('',#10275,#2228);
#1711=LINE('',#10279,#2229);
#1712=LINE('',#10282,#2230);
#1713=LINE('',#10283,#2231);
#1714=LINE('',#10286,#2232);
#1715=LINE('',#10287,#2233);
#1716=LINE('',#10292,#2234);
#1717=LINE('',#10301,#2235);
#1718=LINE('',#10309,#2236);
#1719=LINE('',#10313,#2237);
#1720=LINE('',#10321,#2238);
#1721=LINE('',#10326,#2239);
#1722=LINE('',#10347,#2240);
#1723=LINE('',#10348,#2241);
#1724=LINE('',#10359,#2242);
#1725=LINE('',#10373,#2243);
#1726=LINE('',#10376,#2244);
#1727=LINE('',#10379,#2245);
#1728=LINE('',#10380,#2246);
#1729=LINE('',#10383,#2247);
#1730=LINE('',#10387,#2248);
#1731=LINE('',#10391,#2249);
#1732=LINE('',#10395,#2250);
#1733=LINE('',#10396,#2251);
#1734=LINE('',#10399,#2252);
#1735=LINE('',#10417,#2253);
#1736=LINE('',#10428,#2254);
#1737=LINE('',#10429,#2255);
#1738=LINE('',#10445,#2256);
#1739=LINE('',#10448,#2257);
#1740=LINE('',#10451,#2258);
#1741=LINE('',#10452,#2259);
#1742=LINE('',#10455,#2260);
#1743=LINE('',#10459,#2261);
#1744=LINE('',#10463,#2262);
#1745=LINE('',#10467,#2263);
#1746=LINE('',#10468,#2264);
#1747=LINE('',#10471,#2265);
#1748=LINE('',#10489,#2266);
#1749=LINE('',#10499,#2267);
#1750=LINE('',#10513,#2268);
#1751=LINE('',#10516,#2269);
#1752=LINE('',#10519,#2270);
#1753=LINE('',#10520,#2271);
#1754=LINE('',#10523,#2272);
#1755=LINE('',#10527,#2273);
#1756=LINE('',#10531,#2274);
#1757=LINE('',#10535,#2275);
#1758=LINE('',#10536,#2276);
#1759=LINE('',#10539,#2277);
#1760=LINE('',#10557,#2278);
#1761=LINE('',#10573,#2279);
#1762=LINE('',#10591,#2280);
#1763=LINE('',#10599,#2281);
#1764=LINE('',#10607,#2282);
#1765=LINE('',#10615,#2283);
#1766=LINE('',#10694,#2284);
#1767=LINE('',#10702,#2285);
#1768=LINE('',#10708,#2286);
#1769=VECTOR('',#6823,10.);
#1770=VECTOR('',#6828,10.);
#1771=VECTOR('',#6829,10.);
#1772=VECTOR('',#6832,10.);
#1773=VECTOR('',#6835,10.);
#1774=VECTOR('',#6838,10.);
#1775=VECTOR('',#6871,10.);
#1776=VECTOR('',#6874,10.);
#1777=VECTOR('',#6877,10.);
#1778=VECTOR('',#6880,10.);
#1779=VECTOR('',#6883,10.);
#1780=VECTOR('',#6886,10.);
#1781=VECTOR('',#6889,10.);
#1782=VECTOR('',#6892,10.);
#1783=VECTOR('',#6895,10.);
#1784=VECTOR('',#6898,10.);
#1785=VECTOR('',#6901,10.);
#1786=VECTOR('',#6904,10.);
#1787=VECTOR('',#6907,10.);
#1788=VECTOR('',#6910,10.);
#1789=VECTOR('',#6913,10.);
#1790=VECTOR('',#6916,10.);
#1791=VECTOR('',#6919,10.);
#1792=VECTOR('',#6922,10.);
#1793=VECTOR('',#6925,10.);
#1794=VECTOR('',#6928,10.);
#1795=VECTOR('',#6931,10.);
#1796=VECTOR('',#6934,10.);
#1797=VECTOR('',#6937,10.);
#1798=VECTOR('',#6940,10.);
#1799=VECTOR('',#6943,10.);
#1800=VECTOR('',#6946,10.);
#1801=VECTOR('',#6949,10.);
#1802=VECTOR('',#6952,10.);
#1803=VECTOR('',#6955,10.);
#1804=VECTOR('',#6958,10.);
#1805=VECTOR('',#6961,10.);
#1806=VECTOR('',#6964,10.);
#1807=VECTOR('',#6967,10.);
#1808=VECTOR('',#6970,10.);
#1809=VECTOR('',#6973,10.);
#1810=VECTOR('',#6976,10.);
#1811=VECTOR('',#6979,10.);
#1812=VECTOR('',#6982,10.);
#1813=VECTOR('',#6985,10.);
#1814=VECTOR('',#6988,10.);
#1815=VECTOR('',#6991,10.);
#1816=VECTOR('',#6994,10.);
#1817=VECTOR('',#6997,10.);
#1818=VECTOR('',#7000,10.);
#1819=VECTOR('',#7003,10.);
#1820=VECTOR('',#7006,10.);
#1821=VECTOR('',#7009,10.);
#1822=VECTOR('',#7012,10.);
#1823=VECTOR('',#7015,10.);
#1824=VECTOR('',#7018,10.);
#1825=VECTOR('',#7021,10.);
#1826=VECTOR('',#7024,10.);
#1827=VECTOR('',#7027,10.);
#1828=VECTOR('',#7030,10.);
#1829=VECTOR('',#7033,10.);
#1830=VECTOR('',#7036,10.);
#1831=VECTOR('',#7039,10.);
#1832=VECTOR('',#7042,10.);
#1833=VECTOR('',#7045,10.);
#1834=VECTOR('',#7048,10.);
#1835=VECTOR('',#7051,10.);
#1836=VECTOR('',#7054,10.);
#1837=VECTOR('',#7057,10.);
#1838=VECTOR('',#7060,10.);
#1839=VECTOR('',#7063,10.);
#1840=VECTOR('',#7066,10.);
#1841=VECTOR('',#7069,10.);
#1842=VECTOR('',#7072,10.);
#1843=VECTOR('',#7075,10.);
#1844=VECTOR('',#7078,10.);
#1845=VECTOR('',#7081,10.);
#1846=VECTOR('',#7084,10.);
#1847=VECTOR('',#7087,10.);
#1848=VECTOR('',#7090,10.);
#1849=VECTOR('',#7093,10.);
#1850=VECTOR('',#7096,10.);
#1851=VECTOR('',#7099,10.);
#1852=VECTOR('',#7102,10.);
#1853=VECTOR('',#7105,10.);
#1854=VECTOR('',#7108,10.);
#1855=VECTOR('',#7111,10.);
#1856=VECTOR('',#7114,10.);
#1857=VECTOR('',#7117,10.);
#1858=VECTOR('',#7120,10.);
#1859=VECTOR('',#7123,10.);
#1860=VECTOR('',#7126,10.);
#1861=VECTOR('',#7129,10.);
#1862=VECTOR('',#7132,10.);
#1863=VECTOR('',#7135,10.);
#1864=VECTOR('',#7138,10.);
#1865=VECTOR('',#7141,10.);
#1866=VECTOR('',#7144,10.);
#1867=VECTOR('',#7147,10.);
#1868=VECTOR('',#7150,10.);
#1869=VECTOR('',#7153,10.);
#1870=VECTOR('',#7156,10.);
#1871=VECTOR('',#7159,10.);
#1872=VECTOR('',#7162,10.);
#1873=VECTOR('',#7165,10.);
#1874=VECTOR('',#7168,10.);
#1875=VECTOR('',#7171,10.);
#1876=VECTOR('',#7174,10.);
#1877=VECTOR('',#7177,10.);
#1878=VECTOR('',#7180,10.);
#1879=VECTOR('',#7183,10.);
#1880=VECTOR('',#7186,10.);
#1881=VECTOR('',#7189,10.);
#1882=VECTOR('',#7192,10.);
#1883=VECTOR('',#7195,10.);
#1884=VECTOR('',#7198,10.);
#1885=VECTOR('',#7201,10.);
#1886=VECTOR('',#7204,10.);
#1887=VECTOR('',#7207,10.);
#1888=VECTOR('',#7210,10.);
#1889=VECTOR('',#7217,8.25);
#1890=VECTOR('',#7226,12.0000001788139);
#1891=VECTOR('',#7233,12.0000001788139);
#1892=VECTOR('',#7280,10.);
#1893=VECTOR('',#7281,10.);
#1894=VECTOR('',#7282,10.);
#1895=VECTOR('',#7287,10.);
#1896=VECTOR('',#7290,10.);
#1897=VECTOR('',#7291,10.);
#1898=VECTOR('',#7294,10.);
#1899=VECTOR('',#7295,10.);
#1900=VECTOR('',#7296,10.);
#1901=VECTOR('',#7305,10.);
#1902=VECTOR('',#7308,10.);
#1903=VECTOR('',#7309,10.);
#1904=VECTOR('',#7310,10.);
#1905=VECTOR('',#7315,10.);
#1906=VECTOR('',#7318,10.);
#1907=VECTOR('',#7319,10.);
#1908=VECTOR('',#7322,10.);
#1909=VECTOR('',#7323,10.);
#1910=VECTOR('',#7332,10.);
#1911=VECTOR('',#7335,10.);
#1912=VECTOR('',#7336,10.);
#1913=VECTOR('',#7337,10.);
#1914=VECTOR('',#7342,10.);
#1915=VECTOR('',#7345,10.);
#1916=VECTOR('',#7346,10.);
#1917=VECTOR('',#7349,10.);
#1918=VECTOR('',#7350,10.);
#1919=VECTOR('',#7351,10.);
#1920=VECTOR('',#7360,10.);
#1921=VECTOR('',#7363,10.);
#1922=VECTOR('',#7364,10.);
#1923=VECTOR('',#7365,10.);
#1924=VECTOR('',#7370,10.);
#1925=VECTOR('',#7373,10.);
#1926=VECTOR('',#7374,10.);
#1927=VECTOR('',#7377,10.);
#1928=VECTOR('',#7378,10.);
#1929=VECTOR('',#7379,10.);
#1930=VECTOR('',#7388,10.);
#1931=VECTOR('',#7391,10.);
#1932=VECTOR('',#7392,10.);
#1933=VECTOR('',#7393,10.);
#1934=VECTOR('',#7398,10.);
#1935=VECTOR('',#7401,10.);
#1936=VECTOR('',#7402,10.);
#1937=VECTOR('',#7405,10.);
#1938=VECTOR('',#7406,10.);
#1939=VECTOR('',#7407,10.);
#1940=VECTOR('',#7418,10.);
#1941=VECTOR('',#7419,10.);
#1942=VECTOR('',#7420,10.);
#1943=VECTOR('',#7425,10.);
#1944=VECTOR('',#7428,10.);
#1945=VECTOR('',#7429,10.);
#1946=VECTOR('',#7432,10.);
#1947=VECTOR('',#7433,10.);
#1948=VECTOR('',#7434,10.);
#1949=VECTOR('',#7445,10.);
#1950=VECTOR('',#7446,10.);
#1951=VECTOR('',#7447,10.);
#1952=VECTOR('',#7452,10.);
#1953=VECTOR('',#7455,10.);
#1954=VECTOR('',#7456,10.);
#1955=VECTOR('',#7459,10.);
#1956=VECTOR('',#7460,10.);
#1957=VECTOR('',#7471,10.);
#1958=VECTOR('',#7472,10.);
#1959=VECTOR('',#7473,10.);
#1960=VECTOR('',#7478,10.);
#1961=VECTOR('',#7481,10.);
#1962=VECTOR('',#7482,10.);
#1963=VECTOR('',#7485,10.);
#1964=VECTOR('',#7486,10.);
#1965=VECTOR('',#7487,10.);
#1966=VECTOR('',#7496,10.);
#1967=VECTOR('',#7499,10.);
#1968=VECTOR('',#7500,10.);
#1969=VECTOR('',#7501,10.);
#1970=VECTOR('',#7506,10.);
#1971=VECTOR('',#7509,10.);
#1972=VECTOR('',#7510,10.);
#1973=VECTOR('',#7513,10.);
#1974=VECTOR('',#7514,10.);
#1975=VECTOR('',#7525,10.);
#1976=VECTOR('',#7526,10.);
#1977=VECTOR('',#7527,10.);
#1978=VECTOR('',#7532,10.);
#1979=VECTOR('',#7535,10.);
#1980=VECTOR('',#7536,10.);
#1981=VECTOR('',#7539,10.);
#1982=VECTOR('',#7540,10.);
#1983=VECTOR('',#7551,10.);
#1984=VECTOR('',#7552,10.);
#1985=VECTOR('',#7553,10.);
#1986=VECTOR('',#7558,10.);
#1987=VECTOR('',#7561,10.);
#1988=VECTOR('',#7562,10.);
#1989=VECTOR('',#7565,10.);
#1990=VECTOR('',#7566,10.);
#1991=VECTOR('',#7567,10.);
#1992=VECTOR('',#7576,10.);
#1993=VECTOR('',#7579,10.);
#1994=VECTOR('',#7580,10.);
#1995=VECTOR('',#7581,10.);
#1996=VECTOR('',#7586,10.);
#1997=VECTOR('',#7589,10.);
#1998=VECTOR('',#7590,10.);
#1999=VECTOR('',#7593,10.);
#2000=VECTOR('',#7594,10.);
#2001=VECTOR('',#7595,10.);
#2002=VECTOR('',#7606,10.);
#2003=VECTOR('',#7607,10.);
#2004=VECTOR('',#7608,10.);
#2005=VECTOR('',#7613,10.);
#2006=VECTOR('',#7616,10.);
#2007=VECTOR('',#7617,10.);
#2008=VECTOR('',#7620,10.);
#2009=VECTOR('',#7621,10.);
#2010=VECTOR('',#7630,10.);
#2011=VECTOR('',#7633,10.);
#2012=VECTOR('',#7634,10.);
#2013=VECTOR('',#7635,10.);
#2014=VECTOR('',#7640,10.);
#2015=VECTOR('',#7643,10.);
#2016=VECTOR('',#7644,10.);
#2017=VECTOR('',#7647,10.);
#2018=VECTOR('',#7648,10.);
#2019=VECTOR('',#7649,10.);
#2020=VECTOR('',#7658,10.);
#2021=VECTOR('',#7661,10.);
#2022=VECTOR('',#7662,10.);
#2023=VECTOR('',#7663,10.);
#2024=VECTOR('',#7668,10.);
#2025=VECTOR('',#7671,10.);
#2026=VECTOR('',#7672,10.);
#2027=VECTOR('',#7675,10.);
#2028=VECTOR('',#7676,10.);
#2029=VECTOR('',#7685,10.);
#2030=VECTOR('',#7688,10.);
#2031=VECTOR('',#7689,10.);
#2032=VECTOR('',#7690,10.);
#2033=VECTOR('',#7695,10.);
#2034=VECTOR('',#7698,10.);
#2035=VECTOR('',#7699,10.);
#2036=VECTOR('',#7702,10.);
#2037=VECTOR('',#7703,10.);
#2038=VECTOR('',#7704,10.);
#2039=VECTOR('',#7713,10.);
#2040=VECTOR('',#7716,10.);
#2041=VECTOR('',#7717,10.);
#2042=VECTOR('',#7718,10.);
#2043=VECTOR('',#7723,10.);
#2044=VECTOR('',#7726,10.);
#2045=VECTOR('',#7727,10.);
#2046=VECTOR('',#7730,10.);
#2047=VECTOR('',#7731,10.);
#2048=VECTOR('',#7732,10.);
#2049=VECTOR('',#7743,10.);
#2050=VECTOR('',#7744,10.);
#2051=VECTOR('',#7745,10.);
#2052=VECTOR('',#7750,10.);
#2053=VECTOR('',#7753,10.);
#2054=VECTOR('',#7754,10.);
#2055=VECTOR('',#7757,10.);
#2056=VECTOR('',#7758,10.);
#2057=VECTOR('',#7759,10.);
#2058=VECTOR('',#7770,10.);
#2059=VECTOR('',#7771,10.);
#2060=VECTOR('',#7772,10.);
#2061=VECTOR('',#7777,10.);
#2062=VECTOR('',#7780,10.);
#2063=VECTOR('',#7781,10.);
#2064=VECTOR('',#7784,10.);
#2065=VECTOR('',#7785,10.);
#2066=VECTOR('',#7796,10.);
#2067=VECTOR('',#7797,10.);
#2068=VECTOR('',#7798,10.);
#2069=VECTOR('',#7803,10.);
#2070=VECTOR('',#7806,10.);
#2071=VECTOR('',#7807,10.);
#2072=VECTOR('',#7810,10.);
#2073=VECTOR('',#7811,10.);
#2074=VECTOR('',#7820,10.);
#2075=VECTOR('',#7823,10.);
#2076=VECTOR('',#7824,10.);
#2077=VECTOR('',#7825,10.);
#2078=VECTOR('',#7830,10.);
#2079=VECTOR('',#7833,10.);
#2080=VECTOR('',#7834,10.);
#2081=VECTOR('',#7837,10.);
#2082=VECTOR('',#7838,10.);
#2083=VECTOR('',#7847,10.);
#2084=VECTOR('',#7850,10.);
#2085=VECTOR('',#7851,10.);
#2086=VECTOR('',#7852,10.);
#2087=VECTOR('',#7857,10.);
#2088=VECTOR('',#7860,10.);
#2089=VECTOR('',#7861,10.);
#2090=VECTOR('',#7864,10.);
#2091=VECTOR('',#7865,10.);
#2092=VECTOR('',#7866,10.);
#2093=VECTOR('',#7875,10.);
#2094=VECTOR('',#7878,10.);
#2095=VECTOR('',#7879,10.);
#2096=VECTOR('',#7880,10.);
#2097=VECTOR('',#7885,10.);
#2098=VECTOR('',#7888,10.);
#2099=VECTOR('',#7889,10.);
#2100=VECTOR('',#7892,10.);
#2101=VECTOR('',#7893,10.);
#2102=VECTOR('',#7894,10.);
#2103=VECTOR('',#7905,10.);
#2104=VECTOR('',#7906,10.);
#2105=VECTOR('',#7907,10.);
#2106=VECTOR('',#7912,10.);
#2107=VECTOR('',#7915,10.);
#2108=VECTOR('',#7916,10.);
#2109=VECTOR('',#7919,10.);
#2110=VECTOR('',#7920,10.);
#2111=VECTOR('',#7929,10.);
#2112=VECTOR('',#7932,10.);
#2113=VECTOR('',#7933,10.);
#2114=VECTOR('',#7934,10.);
#2115=VECTOR('',#7939,10.);
#2116=VECTOR('',#7942,10.);
#2117=VECTOR('',#7943,10.);
#2118=VECTOR('',#7946,10.);
#2119=VECTOR('',#7947,10.);
#2120=VECTOR('',#7948,10.);
#2121=VECTOR('',#7959,10.);
#2122=VECTOR('',#7960,10.);
#2123=VECTOR('',#7961,10.);
#2124=VECTOR('',#7966,10.);
#2125=VECTOR('',#7969,10.);
#2126=VECTOR('',#7970,10.);
#2127=VECTOR('',#7973,10.);
#2128=VECTOR('',#7974,10.);
#2129=VECTOR('',#7975,10.);
#2130=VECTOR('',#7986,10.);
#2131=VECTOR('',#7987,10.);
#2132=VECTOR('',#7988,10.);
#2133=VECTOR('',#7993,10.);
#2134=VECTOR('',#7996,10.);
#2135=VECTOR('',#7997,10.);
#2136=VECTOR('',#8000,10.);
#2137=VECTOR('',#8001,10.);
#2138=VECTOR('',#8012,10.);
#2139=VECTOR('',#8013,10.);
#2140=VECTOR('',#8014,10.);
#2141=VECTOR('',#8019,10.);
#2142=VECTOR('',#8022,10.);
#2143=VECTOR('',#8023,10.);
#2144=VECTOR('',#8026,10.);
#2145=VECTOR('',#8027,10.);
#2146=VECTOR('',#8028,10.);
#2147=VECTOR('',#8039,10.);
#2148=VECTOR('',#8040,10.);
#2149=VECTOR('',#8041,10.);
#2150=VECTOR('',#8046,10.);
#2151=VECTOR('',#8049,10.);
#2152=VECTOR('',#8050,10.);
#2153=VECTOR('',#8053,10.);
#2154=VECTOR('',#8054,10.);
#2155=VECTOR('',#8065,10.);
#2156=VECTOR('',#8066,10.);
#2157=VECTOR('',#8067,10.);
#2158=VECTOR('',#8072,10.);
#2159=VECTOR('',#8075,10.);
#2160=VECTOR('',#8076,10.);
#2161=VECTOR('',#8079,10.);
#2162=VECTOR('',#8080,10.);
#2163=VECTOR('',#8081,10.);
#2164=VECTOR('',#8090,10.);
#2165=VECTOR('',#8093,10.);
#2166=VECTOR('',#8094,10.);
#2167=VECTOR('',#8095,10.);
#2168=VECTOR('',#8100,10.);
#2169=VECTOR('',#8103,10.);
#2170=VECTOR('',#8104,10.);
#2171=VECTOR('',#8107,10.);
#2172=VECTOR('',#8108,10.);
#2173=VECTOR('',#8109,10.);
#2174=VECTOR('',#8120,10.);
#2175=VECTOR('',#8121,10.);
#2176=VECTOR('',#8122,10.);
#2177=VECTOR('',#8127,10.);
#2178=VECTOR('',#8130,10.);
#2179=VECTOR('',#8131,10.);
#2180=VECTOR('',#8134,10.);
#2181=VECTOR('',#8135,10.);
#2182=VECTOR('',#8136,10.);
#2183=VECTOR('',#8147,10.);
#2184=VECTOR('',#8148,10.);
#2185=VECTOR('',#8149,10.);
#2186=VECTOR('',#8154,10.);
#2187=VECTOR('',#8157,10.);
#2188=VECTOR('',#8158,10.);
#2189=VECTOR('',#8161,10.);
#2190=VECTOR('',#8162,10.);
#2191=VECTOR('',#8163,10.);
#2192=VECTOR('',#8174,10.);
#2193=VECTOR('',#8175,10.);
#2194=VECTOR('',#8176,10.);
#2195=VECTOR('',#8181,10.);
#2196=VECTOR('',#8184,10.);
#2197=VECTOR('',#8185,10.);
#2198=VECTOR('',#8188,10.);
#2199=VECTOR('',#8189,10.);
#2200=VECTOR('',#8190,10.);
#2201=VECTOR('',#8201,10.);
#2202=VECTOR('',#8202,10.);
#2203=VECTOR('',#8203,10.);
#2204=VECTOR('',#8208,10.);
#2205=VECTOR('',#8211,10.);
#2206=VECTOR('',#8212,10.);
#2207=VECTOR('',#8215,10.);
#2208=VECTOR('',#8216,10.);
#2209=VECTOR('',#8227,10.);
#2210=VECTOR('',#8228,10.);
#2211=VECTOR('',#8229,10.);
#2212=VECTOR('',#8234,10.);
#2213=VECTOR('',#8237,10.);
#2214=VECTOR('',#8238,10.);
#2215=VECTOR('',#8241,10.);
#2216=VECTOR('',#8242,10.);
#2217=VECTOR('',#8243,10.);
#2218=VECTOR('',#8254,10.);
#2219=VECTOR('',#8255,10.);
#2220=VECTOR('',#8256,10.);
#2221=VECTOR('',#8261,10.);
#2222=VECTOR('',#8264,10.);
#2223=VECTOR('',#8265,10.);
#2224=VECTOR('',#8268,10.);
#2225=VECTOR('',#8269,10.);
#2226=VECTOR('',#8280,10.);
#2227=VECTOR('',#8281,10.);
#2228=VECTOR('',#8282,10.);
#2229=VECTOR('',#8287,10.);
#2230=VECTOR('',#8290,10.);
#2231=VECTOR('',#8291,10.);
#2232=VECTOR('',#8294,10.);
#2233=VECTOR('',#8295,10.);
#2234=VECTOR('',#8302,8.25);
#2235=VECTOR('',#8315,10.);
#2236=VECTOR('',#8322,10.);
#2237=VECTOR('',#8327,10.);
#2238=VECTOR('',#8334,10.);
#2239=VECTOR('',#8341,8.25);
#2240=VECTOR('',#8354,10.);
#2241=VECTOR('',#8355,10.);
#2242=VECTOR('',#8372,10.);
#2243=VECTOR('',#8379,10.);
#2244=VECTOR('',#8382,10.);
#2245=VECTOR('',#8385,10.);
#2246=VECTOR('',#8386,10.);
#2247=VECTOR('',#8389,10.);
#2248=VECTOR('',#8394,10.);
#2249=VECTOR('',#8399,10.);
#2250=VECTOR('',#8404,10.);
#2251=VECTOR('',#8405,10.);
#2252=VECTOR('',#8408,10.);
#2253=VECTOR('',#8421,10.);
#2254=VECTOR('',#8436,10.);
#2255=VECTOR('',#8437,10.);
#2256=VECTOR('',#8446,10.);
#2257=VECTOR('',#8449,10.);
#2258=VECTOR('',#8452,10.);
#2259=VECTOR('',#8453,10.);
#2260=VECTOR('',#8456,10.);
#2261=VECTOR('',#8461,10.);
#2262=VECTOR('',#8466,10.);
#2263=VECTOR('',#8471,10.);
#2264=VECTOR('',#8472,10.);
#2265=VECTOR('',#8475,10.);
#2266=VECTOR('',#8488,10.);
#2267=VECTOR('',#8503,10.);
#2268=VECTOR('',#8510,10.);
#2269=VECTOR('',#8513,10.);
#2270=VECTOR('',#8516,10.);
#2271=VECTOR('',#8517,10.);
#2272=VECTOR('',#8520,10.);
#2273=VECTOR('',#8525,10.);
#2274=VECTOR('',#8530,10.);
#2275=VECTOR('',#8535,10.);
#2276=VECTOR('',#8536,10.);
#2277=VECTOR('',#8539,10.);
#2278=VECTOR('',#8552,10.);
#2279=VECTOR('',#8575,10.);
#2280=VECTOR('',#8586,10.);
#2281=VECTOR('',#8593,10.);
#2282=VECTOR('',#8600,10.);
#2283=VECTOR('',#8607,10.);
#2284=VECTOR('',#8690,35.0000005215406);
#2285=VECTOR('',#8701,33.0000004917383);
#2286=VECTOR('',#8708,35.0000005215406);
#2287=VERTEX_POINT('',#8737);
#2288=VERTEX_POINT('',#8738);
#2289=VERTEX_POINT('',#8740);
#2290=VERTEX_POINT('',#8742);
#2291=VERTEX_POINT('',#8752);
#2292=VERTEX_POINT('',#8754);
#2293=VERTEX_POINT('',#8763);
#2294=VERTEX_POINT('',#8764);
#2295=VERTEX_POINT('',#8766);
#2296=VERTEX_POINT('',#8768);
#2297=VERTEX_POINT('',#8777);
#2298=VERTEX_POINT('',#8779);
#2299=VERTEX_POINT('',#8789);
#2300=VERTEX_POINT('',#8794);
#2301=VERTEX_POINT('',#8798);
#2302=VERTEX_POINT('',#8800);
#2303=VERTEX_POINT('',#8807);
#2304=VERTEX_POINT('',#8809);
#2305=VERTEX_POINT('',#8810);
#2306=VERTEX_POINT('',#8812);
#2307=VERTEX_POINT('',#8814);
#2308=VERTEX_POINT('',#8816);
#2309=VERTEX_POINT('',#8818);
#2310=VERTEX_POINT('',#8820);
#2311=VERTEX_POINT('',#8822);
#2312=VERTEX_POINT('',#8824);
#2313=VERTEX_POINT('',#8826);
#2314=VERTEX_POINT('',#8828);
#2315=VERTEX_POINT('',#8830);
#2316=VERTEX_POINT('',#8832);
#2317=VERTEX_POINT('',#8834);
#2318=VERTEX_POINT('',#8836);
#2319=VERTEX_POINT('',#8838);
#2320=VERTEX_POINT('',#8840);
#2321=VERTEX_POINT('',#8842);
#2322=VERTEX_POINT('',#8844);
#2323=VERTEX_POINT('',#8846);
#2324=VERTEX_POINT('',#8848);
#2325=VERTEX_POINT('',#8850);
#2326=VERTEX_POINT('',#8852);
#2327=VERTEX_POINT('',#8854);
#2328=VERTEX_POINT('',#8856);
#2329=VERTEX_POINT('',#8858);
#2330=VERTEX_POINT('',#8860);
#2331=VERTEX_POINT('',#8862);
#2332=VERTEX_POINT('',#8864);
#2333=VERTEX_POINT('',#8866);
#2334=VERTEX_POINT('',#8868);
#2335=VERTEX_POINT('',#8870);
#2336=VERTEX_POINT('',#8872);
#2337=VERTEX_POINT('',#8874);
#2338=VERTEX_POINT('',#8876);
#2339=VERTEX_POINT('',#8878);
#2340=VERTEX_POINT('',#8880);
#2341=VERTEX_POINT('',#8882);
#2342=VERTEX_POINT('',#8884);
#2343=VERTEX_POINT('',#8886);
#2344=VERTEX_POINT('',#8888);
#2345=VERTEX_POINT('',#8890);
#2346=VERTEX_POINT('',#8892);
#2347=VERTEX_POINT('',#8894);
#2348=VERTEX_POINT('',#8896);
#2349=VERTEX_POINT('',#8898);
#2350=VERTEX_POINT('',#8900);
#2351=VERTEX_POINT('',#8902);
#2352=VERTEX_POINT('',#8904);
#2353=VERTEX_POINT('',#8906);
#2354=VERTEX_POINT('',#8908);
#2355=VERTEX_POINT('',#8910);
#2356=VERTEX_POINT('',#8912);
#2357=VERTEX_POINT('',#8914);
#2358=VERTEX_POINT('',#8916);
#2359=VERTEX_POINT('',#8918);
#2360=VERTEX_POINT('',#8920);
#2361=VERTEX_POINT('',#8922);
#2362=VERTEX_POINT('',#8924);
#2363=VERTEX_POINT('',#8926);
#2364=VERTEX_POINT('',#8928);
#2365=VERTEX_POINT('',#8930);
#2366=VERTEX_POINT('',#8932);
#2367=VERTEX_POINT('',#8934);
#2368=VERTEX_POINT('',#8936);
#2369=VERTEX_POINT('',#8938);
#2370=VERTEX_POINT('',#8940);
#2371=VERTEX_POINT('',#8942);
#2372=VERTEX_POINT('',#8944);
#2373=VERTEX_POINT('',#8946);
#2374=VERTEX_POINT('',#8948);
#2375=VERTEX_POINT('',#8950);
#2376=VERTEX_POINT('',#8952);
#2377=VERTEX_POINT('',#8954);
#2378=VERTEX_POINT('',#8956);
#2379=VERTEX_POINT('',#8958);
#2380=VERTEX_POINT('',#8960);
#2381=VERTEX_POINT('',#8962);
#2382=VERTEX_POINT('',#8964);
#2383=VERTEX_POINT('',#8966);
#2384=VERTEX_POINT('',#8968);
#2385=VERTEX_POINT('',#8970);
#2386=VERTEX_POINT('',#8972);
#2387=VERTEX_POINT('',#8974);
#2388=VERTEX_POINT('',#8976);
#2389=VERTEX_POINT('',#8978);
#2390=VERTEX_POINT('',#8980);
#2391=VERTEX_POINT('',#8982);
#2392=VERTEX_POINT('',#8984);
#2393=VERTEX_POINT('',#8986);
#2394=VERTEX_POINT('',#8988);
#2395=VERTEX_POINT('',#8990);
#2396=VERTEX_POINT('',#8992);
#2397=VERTEX_POINT('',#8994);
#2398=VERTEX_POINT('',#8996);
#2399=VERTEX_POINT('',#8998);
#2400=VERTEX_POINT('',#9000);
#2401=VERTEX_POINT('',#9002);
#2402=VERTEX_POINT('',#9004);
#2403=VERTEX_POINT('',#9006);
#2404=VERTEX_POINT('',#9008);
#2405=VERTEX_POINT('',#9010);
#2406=VERTEX_POINT('',#9012);
#2407=VERTEX_POINT('',#9014);
#2408=VERTEX_POINT('',#9016);
#2409=VERTEX_POINT('',#9018);
#2410=VERTEX_POINT('',#9020);
#2411=VERTEX_POINT('',#9022);
#2412=VERTEX_POINT('',#9024);
#2413=VERTEX_POINT('',#9026);
#2414=VERTEX_POINT('',#9028);
#2415=VERTEX_POINT('',#9030);
#2416=VERTEX_POINT('',#9032);
#2417=VERTEX_POINT('',#9034);
#2418=VERTEX_POINT('',#9036);
#2419=VERTEX_POINT('',#9038);
#2420=VERTEX_POINT('',#9040);
#2421=VERTEX_POINT('',#9042);
#2422=VERTEX_POINT('',#9044);
#2423=VERTEX_POINT('',#9046);
#2424=VERTEX_POINT('',#9048);
#2425=VERTEX_POINT('',#9050);
#2426=VERTEX_POINT('',#9052);
#2427=VERTEX_POINT('',#9054);
#2428=VERTEX_POINT('',#9056);
#2429=VERTEX_POINT('',#9058);
#2430=VERTEX_POINT('',#9060);
#2431=VERTEX_POINT('',#9062);
#2432=VERTEX_POINT('',#9064);
#2433=VERTEX_POINT('',#9066);
#2434=VERTEX_POINT('',#9068);
#2435=VERTEX_POINT('',#9070);
#2436=VERTEX_POINT('',#9072);
#2437=VERTEX_POINT('',#9074);
#2438=VERTEX_POINT('',#9076);
#2439=VERTEX_POINT('',#9078);
#2440=VERTEX_POINT('',#9080);
#2441=VERTEX_POINT('',#9082);
#2442=VERTEX_POINT('',#9084);
#2443=VERTEX_POINT('',#9086);
#2444=VERTEX_POINT('',#9088);
#2445=VERTEX_POINT('',#9090);
#2446=VERTEX_POINT('',#9092);
#2447=VERTEX_POINT('',#9094);
#2448=VERTEX_POINT('',#9096);
#2449=VERTEX_POINT('',#9098);
#2450=VERTEX_POINT('',#9100);
#2451=VERTEX_POINT('',#9102);
#2452=VERTEX_POINT('',#9104);
#2453=VERTEX_POINT('',#9106);
#2454=VERTEX_POINT('',#9108);
#2455=VERTEX_POINT('',#9110);
#2456=VERTEX_POINT('',#9112);
#2457=VERTEX_POINT('',#9114);
#2458=VERTEX_POINT('',#9116);
#2459=VERTEX_POINT('',#9118);
#2460=VERTEX_POINT('',#9120);
#2461=VERTEX_POINT('',#9122);
#2462=VERTEX_POINT('',#9124);
#2463=VERTEX_POINT('',#9126);
#2464=VERTEX_POINT('',#9128);
#2465=VERTEX_POINT('',#9130);
#2466=VERTEX_POINT('',#9132);
#2467=VERTEX_POINT('',#9134);
#2468=VERTEX_POINT('',#9136);
#2469=VERTEX_POINT('',#9138);
#2470=VERTEX_POINT('',#9140);
#2471=VERTEX_POINT('',#9142);
#2472=VERTEX_POINT('',#9144);
#2473=VERTEX_POINT('',#9146);
#2474=VERTEX_POINT('',#9148);
#2475=VERTEX_POINT('',#9150);
#2476=VERTEX_POINT('',#9152);
#2477=VERTEX_POINT('',#9154);
#2478=VERTEX_POINT('',#9156);
#2479=VERTEX_POINT('',#9158);
#2480=VERTEX_POINT('',#9160);
#2481=VERTEX_POINT('',#9162);
#2482=VERTEX_POINT('',#9164);
#2483=VERTEX_POINT('',#9166);
#2484=VERTEX_POINT('',#9168);
#2485=VERTEX_POINT('',#9170);
#2486=VERTEX_POINT('',#9172);
#2487=VERTEX_POINT('',#9174);
#2488=VERTEX_POINT('',#9176);
#2489=VERTEX_POINT('',#9178);
#2490=VERTEX_POINT('',#9180);
#2491=VERTEX_POINT('',#9182);
#2492=VERTEX_POINT('',#9184);
#2493=VERTEX_POINT('',#9186);
#2494=VERTEX_POINT('',#9188);
#2495=VERTEX_POINT('',#9190);
#2496=VERTEX_POINT('',#9192);
#2497=VERTEX_POINT('',#9194);
#2498=VERTEX_POINT('',#9196);
#2499=VERTEX_POINT('',#9198);
#2500=VERTEX_POINT('',#9200);
#2501=VERTEX_POINT('',#9202);
#2502=VERTEX_POINT('',#9204);
#2503=VERTEX_POINT('',#9206);
#2504=VERTEX_POINT('',#9208);
#2505=VERTEX_POINT('',#9210);
#2506=VERTEX_POINT('',#9212);
#2507=VERTEX_POINT('',#9214);
#2508=VERTEX_POINT('',#9216);
#2509=VERTEX_POINT('',#9218);
#2510=VERTEX_POINT('',#9220);
#2511=VERTEX_POINT('',#9222);
#2512=VERTEX_POINT('',#9224);
#2513=VERTEX_POINT('',#9226);
#2514=VERTEX_POINT('',#9228);
#2515=VERTEX_POINT('',#9230);
#2516=VERTEX_POINT('',#9232);
#2517=VERTEX_POINT('',#9234);
#2518=VERTEX_POINT('',#9236);
#2519=VERTEX_POINT('',#9238);
#2520=VERTEX_POINT('',#9240);
#2521=VERTEX_POINT('',#9242);
#2522=VERTEX_POINT('',#9244);
#2523=VERTEX_POINT('',#9246);
#2524=VERTEX_POINT('',#9248);
#2525=VERTEX_POINT('',#9250);
#2526=VERTEX_POINT('',#9252);
#2527=VERTEX_POINT('',#9254);
#2528=VERTEX_POINT('',#9256);
#2529=VERTEX_POINT('',#9258);
#2530=VERTEX_POINT('',#9260);
#2531=VERTEX_POINT('',#9262);
#2532=VERTEX_POINT('',#9266);
#2533=VERTEX_POINT('',#9268);
#2534=VERTEX_POINT('',#9270);
#2535=VERTEX_POINT('',#9274);
#2536=VERTEX_POINT('',#9279);
#2537=VERTEX_POINT('',#9281);
#2538=VERTEX_POINT('',#9283);
#2539=VERTEX_POINT('',#9285);
#2540=VERTEX_POINT('',#9294);
#2541=VERTEX_POINT('',#9296);
#2542=VERTEX_POINT('',#9307);
#2543=VERTEX_POINT('',#9309);
#2544=VERTEX_POINT('',#9318);
#2545=VERTEX_POINT('',#9320);
#2546=VERTEX_POINT('',#9331);
#2547=VERTEX_POINT('',#9333);
#2548=VERTEX_POINT('',#9344);
#2549=VERTEX_POINT('',#9346);
#2550=VERTEX_POINT('',#9357);
#2551=VERTEX_POINT('',#9359);
#2552=VERTEX_POINT('',#9361);
#2553=VERTEX_POINT('',#9365);
#2554=VERTEX_POINT('',#9367);
#2555=VERTEX_POINT('',#9369);
#2556=VERTEX_POINT('',#9373);
#2557=VERTEX_POINT('',#9375);
#2558=VERTEX_POINT('',#9377);
#2559=VERTEX_POINT('',#9381);
#2560=VERTEX_POINT('',#9382);
#2561=VERTEX_POINT('',#9387);
#2562=VERTEX_POINT('',#9391);
#2563=VERTEX_POINT('',#9395);
#2564=VERTEX_POINT('',#9396);
#2565=VERTEX_POINT('',#9403);
#2566=VERTEX_POINT('',#9407);
#2567=VERTEX_POINT('',#9408);
#2568=VERTEX_POINT('',#9413);
#2569=VERTEX_POINT('',#9417);
#2570=VERTEX_POINT('',#9421);
#2571=VERTEX_POINT('',#9427);
#2572=VERTEX_POINT('',#9431);
#2573=VERTEX_POINT('',#9432);
#2574=VERTEX_POINT('',#9437);
#2575=VERTEX_POINT('',#9441);
#2576=VERTEX_POINT('',#9445);
#2577=VERTEX_POINT('',#9446);
#2578=VERTEX_POINT('',#9453);
#2579=VERTEX_POINT('',#9457);
#2580=VERTEX_POINT('',#9458);
#2581=VERTEX_POINT('',#9463);
#2582=VERTEX_POINT('',#9467);
#2583=VERTEX_POINT('',#9471);
#2584=VERTEX_POINT('',#9472);
#2585=VERTEX_POINT('',#9479);
#2586=VERTEX_POINT('',#9483);
#2587=VERTEX_POINT('',#9484);
#2588=VERTEX_POINT('',#9489);
#2589=VERTEX_POINT('',#9493);
#2590=VERTEX_POINT('',#9497);
#2591=VERTEX_POINT('',#9498);
#2592=VERTEX_POINT('',#9507);
#2593=VERTEX_POINT('',#9508);
#2594=VERTEX_POINT('',#9513);
#2595=VERTEX_POINT('',#9517);
#2596=VERTEX_POINT('',#9521);
#2597=VERTEX_POINT('',#9522);
#2598=VERTEX_POINT('',#9531);
#2599=VERTEX_POINT('',#9532);
#2600=VERTEX_POINT('',#9537);
#2601=VERTEX_POINT('',#9541);
#2602=VERTEX_POINT('',#9545);
#2603=VERTEX_POINT('',#9553);
#2604=VERTEX_POINT('',#9554);
#2605=VERTEX_POINT('',#9559);
#2606=VERTEX_POINT('',#9563);
#2607=VERTEX_POINT('',#9567);
#2608=VERTEX_POINT('',#9568);
#2609=VERTEX_POINT('',#9575);
#2610=VERTEX_POINT('',#9579);
#2611=VERTEX_POINT('',#9580);
#2612=VERTEX_POINT('',#9585);
#2613=VERTEX_POINT('',#9589);
#2614=VERTEX_POINT('',#9593);
#2615=VERTEX_POINT('',#9601);
#2616=VERTEX_POINT('',#9602);
#2617=VERTEX_POINT('',#9607);
#2618=VERTEX_POINT('',#9611);
#2619=VERTEX_POINT('',#9615);
#2620=VERTEX_POINT('',#9623);
#2621=VERTEX_POINT('',#9624);
#2622=VERTEX_POINT('',#9629);
#2623=VERTEX_POINT('',#9633);
#2624=VERTEX_POINT('',#9637);
#2625=VERTEX_POINT('',#9638);
#2626=VERTEX_POINT('',#9645);
#2627=VERTEX_POINT('',#9649);
#2628=VERTEX_POINT('',#9650);
#2629=VERTEX_POINT('',#9655);
#2630=VERTEX_POINT('',#9659);
#2631=VERTEX_POINT('',#9663);
#2632=VERTEX_POINT('',#9664);
#2633=VERTEX_POINT('',#9673);
#2634=VERTEX_POINT('',#9674);
#2635=VERTEX_POINT('',#9679);
#2636=VERTEX_POINT('',#9683);
#2637=VERTEX_POINT('',#9687);
#2638=VERTEX_POINT('',#9693);
#2639=VERTEX_POINT('',#9697);
#2640=VERTEX_POINT('',#9698);
#2641=VERTEX_POINT('',#9703);
#2642=VERTEX_POINT('',#9707);
#2643=VERTEX_POINT('',#9711);
#2644=VERTEX_POINT('',#9712);
#2645=VERTEX_POINT('',#9719);
#2646=VERTEX_POINT('',#9723);
#2647=VERTEX_POINT('',#9724);
#2648=VERTEX_POINT('',#9729);
#2649=VERTEX_POINT('',#9733);
#2650=VERTEX_POINT('',#9737);
#2651=VERTEX_POINT('',#9743);
#2652=VERTEX_POINT('',#9747);
#2653=VERTEX_POINT('',#9748);
#2654=VERTEX_POINT('',#9753);
#2655=VERTEX_POINT('',#9757);
#2656=VERTEX_POINT('',#9761);
#2657=VERTEX_POINT('',#9762);
#2658=VERTEX_POINT('',#9769);
#2659=VERTEX_POINT('',#9773);
#2660=VERTEX_POINT('',#9774);
#2661=VERTEX_POINT('',#9779);
#2662=VERTEX_POINT('',#9783);
#2663=VERTEX_POINT('',#9787);
#2664=VERTEX_POINT('',#9788);
#2665=VERTEX_POINT('',#9797);
#2666=VERTEX_POINT('',#9798);
#2667=VERTEX_POINT('',#9803);
#2668=VERTEX_POINT('',#9807);
#2669=VERTEX_POINT('',#9811);
#2670=VERTEX_POINT('',#9812);
#2671=VERTEX_POINT('',#9821);
#2672=VERTEX_POINT('',#9822);
#2673=VERTEX_POINT('',#9827);
#2674=VERTEX_POINT('',#9831);
#2675=VERTEX_POINT('',#9835);
#2676=VERTEX_POINT('',#9843);
#2677=VERTEX_POINT('',#9844);
#2678=VERTEX_POINT('',#9849);
#2679=VERTEX_POINT('',#9853);
#2680=VERTEX_POINT('',#9857);
#2681=VERTEX_POINT('',#9863);
#2682=VERTEX_POINT('',#9867);
#2683=VERTEX_POINT('',#9868);
#2684=VERTEX_POINT('',#9873);
#2685=VERTEX_POINT('',#9877);
#2686=VERTEX_POINT('',#9881);
#2687=VERTEX_POINT('',#9887);
#2688=VERTEX_POINT('',#9891);
#2689=VERTEX_POINT('',#9892);
#2690=VERTEX_POINT('',#9897);
#2691=VERTEX_POINT('',#9901);
#2692=VERTEX_POINT('',#9905);
#2693=VERTEX_POINT('',#9906);
#2694=VERTEX_POINT('',#9913);
#2695=VERTEX_POINT('',#9917);
#2696=VERTEX_POINT('',#9918);
#2697=VERTEX_POINT('',#9923);
#2698=VERTEX_POINT('',#9927);
#2699=VERTEX_POINT('',#9931);
#2700=VERTEX_POINT('',#9932);
#2701=VERTEX_POINT('',#9941);
#2702=VERTEX_POINT('',#9942);
#2703=VERTEX_POINT('',#9947);
#2704=VERTEX_POINT('',#9951);
#2705=VERTEX_POINT('',#9955);
#2706=VERTEX_POINT('',#9961);
#2707=VERTEX_POINT('',#9965);
#2708=VERTEX_POINT('',#9966);
#2709=VERTEX_POINT('',#9971);
#2710=VERTEX_POINT('',#9975);
#2711=VERTEX_POINT('',#9979);
#2712=VERTEX_POINT('',#9980);
#2713=VERTEX_POINT('',#9989);
#2714=VERTEX_POINT('',#9990);
#2715=VERTEX_POINT('',#9995);
#2716=VERTEX_POINT('',#9999);
#2717=VERTEX_POINT('',#10003);
#2718=VERTEX_POINT('',#10004);
#2719=VERTEX_POINT('',#10013);
#2720=VERTEX_POINT('',#10014);
#2721=VERTEX_POINT('',#10019);
#2722=VERTEX_POINT('',#10023);
#2723=VERTEX_POINT('',#10027);
#2724=VERTEX_POINT('',#10035);
#2725=VERTEX_POINT('',#10036);
#2726=VERTEX_POINT('',#10041);
#2727=VERTEX_POINT('',#10045);
#2728=VERTEX_POINT('',#10049);
#2729=VERTEX_POINT('',#10050);
#2730=VERTEX_POINT('',#10059);
#2731=VERTEX_POINT('',#10060);
#2732=VERTEX_POINT('',#10065);
#2733=VERTEX_POINT('',#10069);
#2734=VERTEX_POINT('',#10073);
#2735=VERTEX_POINT('',#10081);
#2736=VERTEX_POINT('',#10082);
#2737=VERTEX_POINT('',#10087);
#2738=VERTEX_POINT('',#10091);
#2739=VERTEX_POINT('',#10095);
#2740=VERTEX_POINT('',#10096);
#2741=VERTEX_POINT('',#10103);
#2742=VERTEX_POINT('',#10107);
#2743=VERTEX_POINT('',#10108);
#2744=VERTEX_POINT('',#10113);
#2745=VERTEX_POINT('',#10117);
#2746=VERTEX_POINT('',#10121);
#2747=VERTEX_POINT('',#10122);
#2748=VERTEX_POINT('',#10131);
#2749=VERTEX_POINT('',#10132);
#2750=VERTEX_POINT('',#10137);
#2751=VERTEX_POINT('',#10141);
#2752=VERTEX_POINT('',#10145);
#2753=VERTEX_POINT('',#10146);
#2754=VERTEX_POINT('',#10155);
#2755=VERTEX_POINT('',#10156);
#2756=VERTEX_POINT('',#10161);
#2757=VERTEX_POINT('',#10165);
#2758=VERTEX_POINT('',#10169);
#2759=VERTEX_POINT('',#10170);
#2760=VERTEX_POINT('',#10179);
#2761=VERTEX_POINT('',#10180);
#2762=VERTEX_POINT('',#10185);
#2763=VERTEX_POINT('',#10189);
#2764=VERTEX_POINT('',#10193);
#2765=VERTEX_POINT('',#10194);
#2766=VERTEX_POINT('',#10203);
#2767=VERTEX_POINT('',#10204);
#2768=VERTEX_POINT('',#10209);
#2769=VERTEX_POINT('',#10213);
#2770=VERTEX_POINT('',#10217);
#2771=VERTEX_POINT('',#10225);
#2772=VERTEX_POINT('',#10226);
#2773=VERTEX_POINT('',#10231);
#2774=VERTEX_POINT('',#10235);
#2775=VERTEX_POINT('',#10239);
#2776=VERTEX_POINT('',#10240);
#2777=VERTEX_POINT('',#10249);
#2778=VERTEX_POINT('',#10250);
#2779=VERTEX_POINT('',#10255);
#2780=VERTEX_POINT('',#10259);
#2781=VERTEX_POINT('',#10263);
#2782=VERTEX_POINT('',#10271);
#2783=VERTEX_POINT('',#10272);
#2784=VERTEX_POINT('',#10277);
#2785=VERTEX_POINT('',#10281);
#2786=VERTEX_POINT('',#10285);
#2787=VERTEX_POINT('',#10291);
#2788=VERTEX_POINT('',#10293);
#2789=VERTEX_POINT('',#10300);
#2790=VERTEX_POINT('',#10302);
#2791=VERTEX_POINT('',#10304);
#2792=VERTEX_POINT('',#10306);
#2793=VERTEX_POINT('',#10308);
#2794=VERTEX_POINT('',#10312);
#2795=VERTEX_POINT('',#10314);
#2796=VERTEX_POINT('',#10316);
#2797=VERTEX_POINT('',#10318);
#2798=VERTEX_POINT('',#10320);
#2799=VERTEX_POINT('',#10324);
#2800=VERTEX_POINT('',#10328);
#2801=VERTEX_POINT('',#10329);
#2802=VERTEX_POINT('',#10338);
#2803=VERTEX_POINT('',#10340);
#2804=VERTEX_POINT('',#10344);
#2805=VERTEX_POINT('',#10345);
#2806=VERTEX_POINT('',#10351);
#2807=VERTEX_POINT('',#10357);
#2808=VERTEX_POINT('',#10361);
#2809=VERTEX_POINT('',#10372);
#2810=VERTEX_POINT('',#10374);
#2811=VERTEX_POINT('',#10378);
#2812=VERTEX_POINT('',#10382);
#2813=VERTEX_POINT('',#10386);
#2814=VERTEX_POINT('',#10390);
#2815=VERTEX_POINT('',#10394);
#2816=VERTEX_POINT('',#10398);
#2817=VERTEX_POINT('',#10402);
#2818=VERTEX_POINT('',#10411);
#2819=VERTEX_POINT('',#10415);
#2820=VERTEX_POINT('',#10419);
#2821=VERTEX_POINT('',#10425);
#2822=VERTEX_POINT('',#10426);
#2823=VERTEX_POINT('',#10431);
#2824=VERTEX_POINT('',#10432);
#2825=VERTEX_POINT('',#10444);
#2826=VERTEX_POINT('',#10446);
#2827=VERTEX_POINT('',#10450);
#2828=VERTEX_POINT('',#10454);
#2829=VERTEX_POINT('',#10458);
#2830=VERTEX_POINT('',#10462);
#2831=VERTEX_POINT('',#10466);
#2832=VERTEX_POINT('',#10470);
#2833=VERTEX_POINT('',#10474);
#2834=VERTEX_POINT('',#10483);
#2835=VERTEX_POINT('',#10487);
#2836=VERTEX_POINT('',#10491);
#2837=VERTEX_POINT('',#10497);
#2838=VERTEX_POINT('',#10501);
#2839=VERTEX_POINT('',#10512);
#2840=VERTEX_POINT('',#10514);
#2841=VERTEX_POINT('',#10518);
#2842=VERTEX_POINT('',#10522);
#2843=VERTEX_POINT('',#10526);
#2844=VERTEX_POINT('',#10530);
#2845=VERTEX_POINT('',#10534);
#2846=VERTEX_POINT('',#10538);
#2847=VERTEX_POINT('',#10542);
#2848=VERTEX_POINT('',#10551);
#2849=VERTEX_POINT('',#10555);
#2850=VERTEX_POINT('',#10559);
#2851=VERTEX_POINT('',#10563);
#2852=VERTEX_POINT('',#10567);
#2853=VERTEX_POINT('',#10571);
#2854=VERTEX_POINT('',#10575);
#2855=VERTEX_POINT('',#10586);
#2856=VERTEX_POINT('',#10588);
#2857=VERTEX_POINT('',#10590);
#2858=VERTEX_POINT('',#10592);
#2859=VERTEX_POINT('',#10594);
#2860=VERTEX_POINT('',#10596);
#2861=VERTEX_POINT('',#10598);
#2862=VERTEX_POINT('',#10600);
#2863=VERTEX_POINT('',#10602);
#2864=VERTEX_POINT('',#10604);
#2865=VERTEX_POINT('',#10606);
#2866=VERTEX_POINT('',#10608);
#2867=VERTEX_POINT('',#10610);
#2868=VERTEX_POINT('',#10612);
#2869=VERTEX_POINT('',#10614);
#2870=VERTEX_POINT('',#10616);
#2871=VERTEX_POINT('',#10681);
#2872=VERTEX_POINT('',#10684);
#2873=VERTEX_POINT('',#10690);
#2874=VERTEX_POINT('',#10693);
#2875=VERTEX_POINT('',#10697);
#2876=VERTEX_POINT('',#10700);
#2877=VERTEX_POINT('',#10704);
#2878=VERTEX_POINT('',#10707);
#2879=VERTEX_POINT('',#10712);
#2880=VERTEX_POINT('',#10720);
#2881=EDGE_CURVE('',#2287,#2288,#1251,.T.);
#2882=EDGE_CURVE('',#2287,#2289,#878,.T.);
#2883=EDGE_CURVE('',#2290,#2289,#854,.T.);
#2884=EDGE_CURVE('',#2288,#2290,#855,.T.);
#2885=EDGE_CURVE('',#2291,#2287,#1252,.T.);
#2886=EDGE_CURVE('',#2292,#2291,#1253,.T.);
#2887=EDGE_CURVE('',#2289,#2292,#856,.T.);
#2888=EDGE_CURVE('',#2293,#2294,#1254,.T.);
#2889=EDGE_CURVE('',#2295,#2293,#879,.T.);
#2890=EDGE_CURVE('',#2296,#2295,#857,.T.);
#2891=EDGE_CURVE('',#2294,#2296,#1255,.T.);
#2892=EDGE_CURVE('',#2297,#2293,#1256,.T.);
#2893=EDGE_CURVE('',#2298,#2297,#858,.T.);
#2894=EDGE_CURVE('',#2295,#2298,#859,.T.);
#2895=EDGE_CURVE('',#2296,#2299,#880,.T.);
#2896=EDGE_CURVE('',#2299,#2298,#881,.T.);
#2897=EDGE_CURVE('',#2294,#2297,#882,.T.);
#2898=EDGE_CURVE('',#2300,#2300,#883,.T.);
#2899=EDGE_CURVE('',#2300,#2299,#884,.T.);
#2900=EDGE_CURVE('',#2292,#2301,#885,.T.);
#2901=EDGE_CURVE('',#2301,#2302,#886,.T.);
#2902=EDGE_CURVE('',#2302,#2302,#887,.T.);
#2903=EDGE_CURVE('',#2301,#2290,#888,.T.);
#2904=EDGE_CURVE('',#2291,#2288,#889,.T.);
#2905=EDGE_CURVE('',#2303,#2303,#890,.T.);
#2906=EDGE_CURVE('',#2304,#2305,#1257,.T.);
#2907=EDGE_CURVE('',#2305,#2306,#891,.T.);
#2908=EDGE_CURVE('',#2306,#2307,#1258,.T.);
#2909=EDGE_CURVE('',#2307,#2308,#892,.T.);
#2910=EDGE_CURVE('',#2308,#2309,#1259,.T.);
#2911=EDGE_CURVE('',#2309,#2310,#893,.T.);
#2912=EDGE_CURVE('',#2310,#2311,#1260,.T.);
#2913=EDGE_CURVE('',#2311,#2312,#894,.T.);
#2914=EDGE_CURVE('',#2312,#2313,#1261,.T.);
#2915=EDGE_CURVE('',#2313,#2314,#895,.T.);
#2916=EDGE_CURVE('',#2314,#2315,#1262,.T.);
#2917=EDGE_CURVE('',#2315,#2316,#896,.T.);
#2918=EDGE_CURVE('',#2316,#2317,#1263,.T.);
#2919=EDGE_CURVE('',#2317,#2318,#897,.T.);
#2920=EDGE_CURVE('',#2318,#2319,#1264,.T.);
#2921=EDGE_CURVE('',#2319,#2320,#898,.T.);
#2922=EDGE_CURVE('',#2320,#2321,#1265,.T.);
#2923=EDGE_CURVE('',#2321,#2322,#899,.T.);
#2924=EDGE_CURVE('',#2322,#2323,#1266,.T.);
#2925=EDGE_CURVE('',#2323,#2324,#900,.T.);
#2926=EDGE_CURVE('',#2324,#2325,#1267,.T.);
#2927=EDGE_CURVE('',#2325,#2326,#901,.T.);
#2928=EDGE_CURVE('',#2326,#2327,#1268,.T.);
#2929=EDGE_CURVE('',#2327,#2328,#902,.T.);
#2930=EDGE_CURVE('',#2328,#2329,#1269,.T.);
#2931=EDGE_CURVE('',#2329,#2330,#903,.T.);
#2932=EDGE_CURVE('',#2330,#2331,#1270,.T.);
#2933=EDGE_CURVE('',#2331,#2332,#904,.T.);
#2934=EDGE_CURVE('',#2332,#2333,#1271,.T.);
#2935=EDGE_CURVE('',#2333,#2334,#905,.T.);
#2936=EDGE_CURVE('',#2334,#2335,#1272,.T.);
#2937=EDGE_CURVE('',#2335,#2336,#906,.T.);
#2938=EDGE_CURVE('',#2336,#2337,#1273,.T.);
#2939=EDGE_CURVE('',#2337,#2338,#907,.T.);
#2940=EDGE_CURVE('',#2338,#2339,#1274,.T.);
#2941=EDGE_CURVE('',#2339,#2340,#908,.T.);
#2942=EDGE_CURVE('',#2340,#2341,#1275,.T.);
#2943=EDGE_CURVE('',#2341,#2342,#909,.T.);
#2944=EDGE_CURVE('',#2342,#2343,#1276,.T.);
#2945=EDGE_CURVE('',#2343,#2344,#910,.T.);
#2946=EDGE_CURVE('',#2344,#2345,#1277,.T.);
#2947=EDGE_CURVE('',#2345,#2346,#911,.T.);
#2948=EDGE_CURVE('',#2346,#2347,#1278,.T.);
#2949=EDGE_CURVE('',#2347,#2348,#912,.T.);
#2950=EDGE_CURVE('',#2348,#2349,#1279,.T.);
#2951=EDGE_CURVE('',#2349,#2350,#913,.T.);
#2952=EDGE_CURVE('',#2350,#2351,#1280,.T.);
#2953=EDGE_CURVE('',#2351,#2352,#914,.T.);
#2954=EDGE_CURVE('',#2352,#2353,#1281,.T.);
#2955=EDGE_CURVE('',#2353,#2354,#915,.T.);
#2956=EDGE_CURVE('',#2354,#2355,#1282,.T.);
#2957=EDGE_CURVE('',#2355,#2356,#916,.T.);
#2958=EDGE_CURVE('',#2356,#2357,#1283,.T.);
#2959=EDGE_CURVE('',#2357,#2358,#917,.T.);
#2960=EDGE_CURVE('',#2358,#2359,#1284,.T.);
#2961=EDGE_CURVE('',#2359,#2360,#918,.T.);
#2962=EDGE_CURVE('',#2360,#2361,#1285,.T.);
#2963=EDGE_CURVE('',#2361,#2362,#919,.T.);
#2964=EDGE_CURVE('',#2362,#2363,#1286,.T.);
#2965=EDGE_CURVE('',#2363,#2364,#920,.T.);
#2966=EDGE_CURVE('',#2364,#2365,#1287,.T.);
#2967=EDGE_CURVE('',#2365,#2366,#921,.T.);
#2968=EDGE_CURVE('',#2366,#2367,#1288,.T.);
#2969=EDGE_CURVE('',#2367,#2368,#922,.T.);
#2970=EDGE_CURVE('',#2368,#2369,#1289,.T.);
#2971=EDGE_CURVE('',#2369,#2370,#923,.T.);
#2972=EDGE_CURVE('',#2370,#2371,#1290,.T.);
#2973=EDGE_CURVE('',#2371,#2372,#924,.T.);
#2974=EDGE_CURVE('',#2372,#2373,#1291,.T.);
#2975=EDGE_CURVE('',#2373,#2374,#925,.T.);
#2976=EDGE_CURVE('',#2374,#2375,#1292,.T.);
#2977=EDGE_CURVE('',#2375,#2376,#926,.T.);
#2978=EDGE_CURVE('',#2376,#2377,#1293,.T.);
#2979=EDGE_CURVE('',#2377,#2378,#927,.T.);
#2980=EDGE_CURVE('',#2378,#2379,#1294,.T.);
#2981=EDGE_CURVE('',#2379,#2380,#928,.T.);
#2982=EDGE_CURVE('',#2380,#2381,#1295,.T.);
#2983=EDGE_CURVE('',#2381,#2382,#929,.T.);
#2984=EDGE_CURVE('',#2382,#2383,#1296,.T.);
#2985=EDGE_CURVE('',#2383,#2384,#930,.T.);
#2986=EDGE_CURVE('',#2384,#2385,#1297,.T.);
#2987=EDGE_CURVE('',#2385,#2386,#931,.T.);
#2988=EDGE_CURVE('',#2386,#2387,#1298,.T.);
#2989=EDGE_CURVE('',#2387,#2388,#932,.T.);
#2990=EDGE_CURVE('',#2388,#2389,#1299,.T.);
#2991=EDGE_CURVE('',#2389,#2390,#933,.T.);
#2992=EDGE_CURVE('',#2390,#2391,#1300,.T.);
#2993=EDGE_CURVE('',#2391,#2392,#934,.T.);
#2994=EDGE_CURVE('',#2392,#2393,#1301,.T.);
#2995=EDGE_CURVE('',#2393,#2394,#935,.T.);
#2996=EDGE_CURVE('',#2394,#2395,#1302,.T.);
#2997=EDGE_CURVE('',#2395,#2396,#936,.T.);
#2998=EDGE_CURVE('',#2396,#2397,#1303,.T.);
#2999=EDGE_CURVE('',#2397,#2398,#937,.T.);
#3000=EDGE_CURVE('',#2398,#2399,#1304,.T.);
#3001=EDGE_CURVE('',#2399,#2400,#938,.T.);
#3002=EDGE_CURVE('',#2400,#2401,#1305,.T.);
#3003=EDGE_CURVE('',#2401,#2402,#939,.T.);
#3004=EDGE_CURVE('',#2402,#2403,#1306,.T.);
#3005=EDGE_CURVE('',#2403,#2404,#940,.T.);
#3006=EDGE_CURVE('',#2404,#2405,#1307,.T.);
#3007=EDGE_CURVE('',#2405,#2406,#941,.T.);
#3008=EDGE_CURVE('',#2406,#2407,#1308,.T.);
#3009=EDGE_CURVE('',#2407,#2408,#942,.T.);
#3010=EDGE_CURVE('',#2408,#2409,#1309,.T.);
#3011=EDGE_CURVE('',#2409,#2410,#943,.T.);
#3012=EDGE_CURVE('',#2410,#2411,#1310,.T.);
#3013=EDGE_CURVE('',#2411,#2412,#944,.T.);
#3014=EDGE_CURVE('',#2412,#2413,#1311,.T.);
#3015=EDGE_CURVE('',#2413,#2414,#945,.T.);
#3016=EDGE_CURVE('',#2414,#2415,#1312,.T.);
#3017=EDGE_CURVE('',#2415,#2416,#946,.T.);
#3018=EDGE_CURVE('',#2416,#2417,#1313,.T.);
#3019=EDGE_CURVE('',#2417,#2418,#947,.T.);
#3020=EDGE_CURVE('',#2418,#2419,#1314,.T.);
#3021=EDGE_CURVE('',#2419,#2420,#948,.T.);
#3022=EDGE_CURVE('',#2420,#2421,#1315,.T.);
#3023=EDGE_CURVE('',#2421,#2422,#949,.T.);
#3024=EDGE_CURVE('',#2422,#2423,#1316,.T.);
#3025=EDGE_CURVE('',#2423,#2424,#950,.T.);
#3026=EDGE_CURVE('',#2424,#2425,#1317,.T.);
#3027=EDGE_CURVE('',#2425,#2426,#951,.T.);
#3028=EDGE_CURVE('',#2426,#2427,#1318,.T.);
#3029=EDGE_CURVE('',#2427,#2428,#952,.T.);
#3030=EDGE_CURVE('',#2428,#2429,#1319,.T.);
#3031=EDGE_CURVE('',#2429,#2430,#953,.T.);
#3032=EDGE_CURVE('',#2430,#2431,#1320,.T.);
#3033=EDGE_CURVE('',#2431,#2432,#954,.T.);
#3034=EDGE_CURVE('',#2432,#2433,#1321,.T.);
#3035=EDGE_CURVE('',#2433,#2434,#955,.T.);
#3036=EDGE_CURVE('',#2434,#2435,#1322,.T.);
#3037=EDGE_CURVE('',#2435,#2436,#956,.T.);
#3038=EDGE_CURVE('',#2436,#2437,#1323,.T.);
#3039=EDGE_CURVE('',#2437,#2438,#957,.T.);
#3040=EDGE_CURVE('',#2438,#2439,#1324,.T.);
#3041=EDGE_CURVE('',#2439,#2440,#958,.T.);
#3042=EDGE_CURVE('',#2440,#2441,#1325,.T.);
#3043=EDGE_CURVE('',#2441,#2442,#959,.T.);
#3044=EDGE_CURVE('',#2442,#2443,#1326,.T.);
#3045=EDGE_CURVE('',#2443,#2444,#960,.T.);
#3046=EDGE_CURVE('',#2444,#2445,#1327,.T.);
#3047=EDGE_CURVE('',#2445,#2446,#961,.T.);
#3048=EDGE_CURVE('',#2446,#2447,#1328,.T.);
#3049=EDGE_CURVE('',#2447,#2448,#962,.T.);
#3050=EDGE_CURVE('',#2448,#2449,#1329,.T.);
#3051=EDGE_CURVE('',#2449,#2450,#963,.T.);
#3052=EDGE_CURVE('',#2450,#2451,#1330,.T.);
#3053=EDGE_CURVE('',#2451,#2452,#964,.T.);
#3054=EDGE_CURVE('',#2452,#2453,#1331,.T.);
#3055=EDGE_CURVE('',#2453,#2454,#965,.T.);
#3056=EDGE_CURVE('',#2454,#2455,#1332,.T.);
#3057=EDGE_CURVE('',#2455,#2456,#966,.T.);
#3058=EDGE_CURVE('',#2456,#2457,#1333,.T.);
#3059=EDGE_CURVE('',#2457,#2458,#967,.T.);
#3060=EDGE_CURVE('',#2458,#2459,#1334,.T.);
#3061=EDGE_CURVE('',#2459,#2460,#968,.T.);
#3062=EDGE_CURVE('',#2460,#2461,#1335,.T.);
#3063=EDGE_CURVE('',#2461,#2462,#969,.T.);
#3064=EDGE_CURVE('',#2462,#2463,#1336,.T.);
#3065=EDGE_CURVE('',#2463,#2464,#970,.T.);
#3066=EDGE_CURVE('',#2464,#2465,#1337,.T.);
#3067=EDGE_CURVE('',#2465,#2466,#971,.T.);
#3068=EDGE_CURVE('',#2466,#2467,#1338,.T.);
#3069=EDGE_CURVE('',#2467,#2468,#972,.T.);
#3070=EDGE_CURVE('',#2468,#2469,#1339,.T.);
#3071=EDGE_CURVE('',#2469,#2470,#973,.T.);
#3072=EDGE_CURVE('',#2470,#2471,#1340,.T.);
#3073=EDGE_CURVE('',#2471,#2472,#974,.T.);
#3074=EDGE_CURVE('',#2472,#2473,#1341,.T.);
#3075=EDGE_CURVE('',#2473,#2474,#975,.T.);
#3076=EDGE_CURVE('',#2474,#2475,#1342,.T.);
#3077=EDGE_CURVE('',#2475,#2476,#976,.T.);
#3078=EDGE_CURVE('',#2476,#2477,#1343,.T.);
#3079=EDGE_CURVE('',#2477,#2478,#977,.T.);
#3080=EDGE_CURVE('',#2478,#2479,#1344,.T.);
#3081=EDGE_CURVE('',#2479,#2480,#978,.T.);
#3082=EDGE_CURVE('',#2480,#2481,#1345,.T.);
#3083=EDGE_CURVE('',#2481,#2482,#979,.T.);
#3084=EDGE_CURVE('',#2482,#2483,#1346,.T.);
#3085=EDGE_CURVE('',#2483,#2484,#980,.T.);
#3086=EDGE_CURVE('',#2484,#2485,#1347,.T.);
#3087=EDGE_CURVE('',#2485,#2486,#981,.T.);
#3088=EDGE_CURVE('',#2486,#2487,#1348,.T.);
#3089=EDGE_CURVE('',#2487,#2488,#982,.T.);
#3090=EDGE_CURVE('',#2488,#2489,#1349,.T.);
#3091=EDGE_CURVE('',#2489,#2490,#983,.T.);
#3092=EDGE_CURVE('',#2490,#2491,#1350,.T.);
#3093=EDGE_CURVE('',#2491,#2492,#984,.T.);
#3094=EDGE_CURVE('',#2492,#2493,#1351,.T.);
#3095=EDGE_CURVE('',#2493,#2494,#985,.T.);
#3096=EDGE_CURVE('',#2494,#2495,#1352,.T.);
#3097=EDGE_CURVE('',#2495,#2496,#986,.T.);
#3098=EDGE_CURVE('',#2496,#2497,#1353,.T.);
#3099=EDGE_CURVE('',#2497,#2498,#987,.T.);
#3100=EDGE_CURVE('',#2498,#2499,#1354,.T.);
#3101=EDGE_CURVE('',#2499,#2500,#988,.T.);
#3102=EDGE_CURVE('',#2500,#2501,#1355,.T.);
#3103=EDGE_CURVE('',#2501,#2502,#989,.T.);
#3104=EDGE_CURVE('',#2502,#2503,#1356,.T.);
#3105=EDGE_CURVE('',#2503,#2504,#990,.T.);
#3106=EDGE_CURVE('',#2504,#2505,#1357,.T.);
#3107=EDGE_CURVE('',#2505,#2506,#991,.T.);
#3108=EDGE_CURVE('',#2506,#2507,#1358,.T.);
#3109=EDGE_CURVE('',#2507,#2508,#992,.T.);
#3110=EDGE_CURVE('',#2508,#2509,#1359,.T.);
#3111=EDGE_CURVE('',#2509,#2510,#993,.T.);
#3112=EDGE_CURVE('',#2510,#2511,#1360,.T.);
#3113=EDGE_CURVE('',#2511,#2512,#994,.T.);
#3114=EDGE_CURVE('',#2512,#2513,#1361,.T.);
#3115=EDGE_CURVE('',#2513,#2514,#995,.T.);
#3116=EDGE_CURVE('',#2514,#2515,#1362,.T.);
#3117=EDGE_CURVE('',#2515,#2516,#996,.T.);
#3118=EDGE_CURVE('',#2516,#2517,#1363,.T.);
#3119=EDGE_CURVE('',#2517,#2518,#997,.T.);
#3120=EDGE_CURVE('',#2518,#2519,#1364,.T.);
#3121=EDGE_CURVE('',#2519,#2520,#998,.T.);
#3122=EDGE_CURVE('',#2520,#2521,#1365,.T.);
#3123=EDGE_CURVE('',#2521,#2522,#999,.T.);
#3124=EDGE_CURVE('',#2522,#2523,#1366,.T.);
#3125=EDGE_CURVE('',#2523,#2524,#1000,.T.);
#3126=EDGE_CURVE('',#2524,#2525,#1367,.T.);
#3127=EDGE_CURVE('',#2525,#2526,#1001,.T.);
#3128=EDGE_CURVE('',#2526,#2527,#1368,.T.);
#3129=EDGE_CURVE('',#2527,#2528,#1002,.T.);
#3130=EDGE_CURVE('',#2528,#2529,#1369,.T.);
#3131=EDGE_CURVE('',#2529,#2530,#1003,.T.);
#3132=EDGE_CURVE('',#2530,#2531,#1370,.T.);
#3133=EDGE_CURVE('',#2531,#2304,#1004,.T.);
#3134=EDGE_CURVE('',#2532,#2532,#1005,.T.);
#3135=EDGE_CURVE('',#2532,#2533,#1371,.T.);
#3136=EDGE_CURVE('',#2533,#2534,#1006,.T.);
#3137=EDGE_CURVE('',#2534,#2533,#1007,.T.);
#3138=EDGE_CURVE('',#2535,#2535,#1008,.T.);
#3139=EDGE_CURVE('',#2535,#2303,#1372,.T.);
#3140=EDGE_CURVE('',#2536,#2536,#1009,.F.);
#3141=EDGE_CURVE('',#2536,#2537,#1373,.T.);
#3142=EDGE_CURVE('',#2538,#2537,#1010,.T.);
#3143=EDGE_CURVE('',#2539,#2538,#860,.T.);
#3144=EDGE_CURVE('',#2540,#2539,#1011,.T.);
#3145=EDGE_CURVE('',#2541,#2540,#861,.T.);
#3146=EDGE_CURVE('',#2542,#2541,#1012,.T.);
#3147=EDGE_CURVE('',#2543,#2542,#862,.T.);
#3148=EDGE_CURVE('',#2544,#2543,#1013,.T.);
#3149=EDGE_CURVE('',#2545,#2544,#863,.T.);
#3150=EDGE_CURVE('',#2546,#2545,#1014,.T.);
#3151=EDGE_CURVE('',#2547,#2546,#864,.T.);
#3152=EDGE_CURVE('',#2548,#2547,#1015,.T.);
#3153=EDGE_CURVE('',#2549,#2548,#865,.T.);
#3154=EDGE_CURVE('',#2537,#2549,#1016,.T.);
#3155=EDGE_CURVE('',#2550,#2546,#1017,.T.);
#3156=EDGE_CURVE('',#2550,#2551,#1018,.T.);
#3157=EDGE_CURVE('',#2551,#2552,#1019,.T.);
#3158=EDGE_CURVE('',#2552,#2547,#1020,.T.);
#3159=EDGE_CURVE('',#2553,#2542,#1021,.T.);
#3160=EDGE_CURVE('',#2553,#2554,#1022,.T.);
#3161=EDGE_CURVE('',#2554,#2555,#1023,.T.);
#3162=EDGE_CURVE('',#2555,#2543,#1024,.T.);
#3163=EDGE_CURVE('',#2556,#2538,#1025,.T.);
#3164=EDGE_CURVE('',#2556,#2557,#1026,.T.);
#3165=EDGE_CURVE('',#2557,#2558,#1027,.T.);
#3166=EDGE_CURVE('',#2558,#2539,#1028,.T.);
#3167=EDGE_CURVE('',#2559,#2560,#1374,.T.);
#3168=EDGE_CURVE('',#2559,#2311,#1375,.T.);
#3169=EDGE_CURVE('',#2560,#2310,#1376,.T.);
#3170=EDGE_CURVE('',#2561,#2559,#1029,.T.);
#3171=EDGE_CURVE('',#2561,#2312,#1377,.T.);
#3172=EDGE_CURVE('',#2562,#2561,#1378,.T.);
#3173=EDGE_CURVE('',#2313,#2562,#1379,.T.);
#3174=EDGE_CURVE('',#2563,#2564,#1380,.T.);
#3175=EDGE_CURVE('',#2563,#2309,#1381,.T.);
#3176=EDGE_CURVE('',#2564,#2308,#1382,.T.);
#3177=EDGE_CURVE('',#2560,#2563,#1030,.T.);
#3178=EDGE_CURVE('',#2565,#2562,#1031,.T.);
#3179=EDGE_CURVE('',#2565,#2314,#1383,.T.);
#3180=EDGE_CURVE('',#2566,#2567,#1384,.T.);
#3181=EDGE_CURVE('',#2566,#2317,#1385,.T.);
#3182=EDGE_CURVE('',#2567,#2316,#1386,.T.);
#3183=EDGE_CURVE('',#2568,#2566,#1032,.T.);
#3184=EDGE_CURVE('',#2568,#2318,#1387,.T.);
#3185=EDGE_CURVE('',#2569,#2568,#1388,.T.);
#3186=EDGE_CURVE('',#2319,#2569,#1389,.T.);
#3187=EDGE_CURVE('',#2570,#2565,#1390,.T.);
#3188=EDGE_CURVE('',#2570,#2315,#1391,.T.);
#3189=EDGE_CURVE('',#2567,#2570,#1033,.T.);
#3190=EDGE_CURVE('',#2571,#2569,#1034,.T.);
#3191=EDGE_CURVE('',#2571,#2320,#1392,.T.);
#3192=EDGE_CURVE('',#2572,#2573,#1393,.T.);
#3193=EDGE_CURVE('',#2572,#2341,#1394,.T.);
#3194=EDGE_CURVE('',#2573,#2340,#1395,.T.);
#3195=EDGE_CURVE('',#2574,#2572,#1035,.T.);
#3196=EDGE_CURVE('',#2574,#2342,#1396,.T.);
#3197=EDGE_CURVE('',#2575,#2574,#1397,.T.);
#3198=EDGE_CURVE('',#2343,#2575,#1398,.T.);
#3199=EDGE_CURVE('',#2576,#2577,#1399,.T.);
#3200=EDGE_CURVE('',#2576,#2339,#1400,.T.);
#3201=EDGE_CURVE('',#2577,#2338,#1401,.T.);
#3202=EDGE_CURVE('',#2573,#2576,#1036,.T.);
#3203=EDGE_CURVE('',#2578,#2575,#1037,.T.);
#3204=EDGE_CURVE('',#2578,#2344,#1402,.T.);
#3205=EDGE_CURVE('',#2579,#2580,#1403,.T.);
#3206=EDGE_CURVE('',#2579,#2365,#1404,.T.);
#3207=EDGE_CURVE('',#2580,#2364,#1405,.T.);
#3208=EDGE_CURVE('',#2581,#2579,#1038,.T.);
#3209=EDGE_CURVE('',#2581,#2366,#1406,.T.);
#3210=EDGE_CURVE('',#2582,#2581,#1407,.T.);
#3211=EDGE_CURVE('',#2367,#2582,#1408,.T.);
#3212=EDGE_CURVE('',#2583,#2584,#1409,.T.);
#3213=EDGE_CURVE('',#2583,#2363,#1410,.T.);
#3214=EDGE_CURVE('',#2584,#2362,#1411,.T.);
#3215=EDGE_CURVE('',#2580,#2583,#1039,.T.);
#3216=EDGE_CURVE('',#2585,#2582,#1040,.T.);
#3217=EDGE_CURVE('',#2585,#2368,#1412,.T.);
#3218=EDGE_CURVE('',#2586,#2587,#1413,.T.);
#3219=EDGE_CURVE('',#2586,#2359,#1414,.T.);
#3220=EDGE_CURVE('',#2587,#2358,#1415,.T.);
#3221=EDGE_CURVE('',#2588,#2586,#1041,.T.);
#3222=EDGE_CURVE('',#2588,#2360,#1416,.T.);
#3223=EDGE_CURVE('',#2589,#2588,#1417,.T.);
#3224=EDGE_CURVE('',#2361,#2589,#1418,.T.);
#3225=EDGE_CURVE('',#2590,#2591,#1419,.T.);
#3226=EDGE_CURVE('',#2590,#2357,#1420,.T.);
#3227=EDGE_CURVE('',#2591,#2356,#1421,.T.);
#3228=EDGE_CURVE('',#2587,#2590,#1042,.T.);
#3229=EDGE_CURVE('',#2584,#2589,#1043,.T.);
#3230=EDGE_CURVE('',#2592,#2593,#1422,.T.);
#3231=EDGE_CURVE('',#2592,#2353,#1423,.T.);
#3232=EDGE_CURVE('',#2593,#2352,#1424,.T.);
#3233=EDGE_CURVE('',#2594,#2592,#1044,.T.);
#3234=EDGE_CURVE('',#2594,#2354,#1425,.T.);
#3235=EDGE_CURVE('',#2595,#2594,#1426,.T.);
#3236=EDGE_CURVE('',#2355,#2595,#1427,.T.);
#3237=EDGE_CURVE('',#2596,#2597,#1428,.T.);
#3238=EDGE_CURVE('',#2596,#2351,#1429,.T.);
#3239=EDGE_CURVE('',#2597,#2350,#1430,.T.);
#3240=EDGE_CURVE('',#2593,#2596,#1045,.T.);
#3241=EDGE_CURVE('',#2591,#2595,#1046,.T.);
#3242=EDGE_CURVE('',#2598,#2599,#1431,.T.);
#3243=EDGE_CURVE('',#2598,#2347,#1432,.T.);
#3244=EDGE_CURVE('',#2599,#2346,#1433,.T.);
#3245=EDGE_CURVE('',#2600,#2598,#1047,.T.);
#3246=EDGE_CURVE('',#2600,#2348,#1434,.T.);
#3247=EDGE_CURVE('',#2601,#2600,#1435,.T.);
#3248=EDGE_CURVE('',#2349,#2601,#1436,.T.);
#3249=EDGE_CURVE('',#2602,#2578,#1437,.T.);
#3250=EDGE_CURVE('',#2602,#2345,#1438,.T.);
#3251=EDGE_CURVE('',#2599,#2602,#1048,.T.);
#3252=EDGE_CURVE('',#2597,#2601,#1049,.T.);
#3253=EDGE_CURVE('',#2603,#2604,#1439,.T.);
#3254=EDGE_CURVE('',#2603,#2329,#1440,.T.);
#3255=EDGE_CURVE('',#2604,#2328,#1441,.T.);
#3256=EDGE_CURVE('',#2605,#2603,#1050,.T.);
#3257=EDGE_CURVE('',#2605,#2330,#1442,.T.);
#3258=EDGE_CURVE('',#2606,#2605,#1443,.T.);
#3259=EDGE_CURVE('',#2331,#2606,#1444,.T.);
#3260=EDGE_CURVE('',#2607,#2608,#1445,.T.);
#3261=EDGE_CURVE('',#2607,#2327,#1446,.T.);
#3262=EDGE_CURVE('',#2608,#2326,#1447,.T.);
#3263=EDGE_CURVE('',#2604,#2607,#1051,.T.);
#3264=EDGE_CURVE('',#2609,#2606,#1052,.T.);
#3265=EDGE_CURVE('',#2609,#2332,#1448,.T.);
#3266=EDGE_CURVE('',#2610,#2611,#1449,.T.);
#3267=EDGE_CURVE('',#2610,#2335,#1450,.T.);
#3268=EDGE_CURVE('',#2611,#2334,#1451,.T.);
#3269=EDGE_CURVE('',#2612,#2610,#1053,.T.);
#3270=EDGE_CURVE('',#2612,#2336,#1452,.T.);
#3271=EDGE_CURVE('',#2613,#2612,#1453,.T.);
#3272=EDGE_CURVE('',#2337,#2613,#1454,.T.);
#3273=EDGE_CURVE('',#2614,#2609,#1455,.T.);
#3274=EDGE_CURVE('',#2614,#2333,#1456,.T.);
#3275=EDGE_CURVE('',#2611,#2614,#1054,.T.);
#3276=EDGE_CURVE('',#2577,#2613,#1055,.T.);
#3277=EDGE_CURVE('',#2615,#2616,#1457,.T.);
#3278=EDGE_CURVE('',#2615,#2323,#1458,.T.);
#3279=EDGE_CURVE('',#2616,#2322,#1459,.T.);
#3280=EDGE_CURVE('',#2617,#2615,#1056,.T.);
#3281=EDGE_CURVE('',#2617,#2324,#1460,.T.);
#3282=EDGE_CURVE('',#2618,#2617,#1461,.T.);
#3283=EDGE_CURVE('',#2325,#2618,#1462,.T.);
#3284=EDGE_CURVE('',#2619,#2571,#1463,.T.);
#3285=EDGE_CURVE('',#2619,#2321,#1464,.T.);
#3286=EDGE_CURVE('',#2616,#2619,#1057,.T.);
#3287=EDGE_CURVE('',#2608,#2618,#1058,.T.);
#3288=EDGE_CURVE('',#2620,#2621,#1465,.T.);
#3289=EDGE_CURVE('',#2620,#2521,#1466,.T.);
#3290=EDGE_CURVE('',#2621,#2520,#1467,.T.);
#3291=EDGE_CURVE('',#2622,#2620,#1059,.T.);
#3292=EDGE_CURVE('',#2622,#2522,#1468,.T.);
#3293=EDGE_CURVE('',#2623,#2622,#1469,.T.);
#3294=EDGE_CURVE('',#2523,#2623,#1470,.T.);
#3295=EDGE_CURVE('',#2624,#2625,#1471,.T.);
#3296=EDGE_CURVE('',#2624,#2519,#1472,.T.);
#3297=EDGE_CURVE('',#2625,#2518,#1473,.T.);
#3298=EDGE_CURVE('',#2621,#2624,#1060,.T.);
#3299=EDGE_CURVE('',#2626,#2623,#1061,.T.);
#3300=EDGE_CURVE('',#2626,#2524,#1474,.T.);
#3301=EDGE_CURVE('',#2627,#2628,#1475,.T.);
#3302=EDGE_CURVE('',#2627,#2515,#1476,.T.);
#3303=EDGE_CURVE('',#2628,#2514,#1477,.T.);
#3304=EDGE_CURVE('',#2629,#2627,#1062,.T.);
#3305=EDGE_CURVE('',#2629,#2516,#1478,.T.);
#3306=EDGE_CURVE('',#2630,#2629,#1479,.T.);
#3307=EDGE_CURVE('',#2517,#2630,#1480,.T.);
#3308=EDGE_CURVE('',#2631,#2632,#1481,.T.);
#3309=EDGE_CURVE('',#2631,#2513,#1482,.T.);
#3310=EDGE_CURVE('',#2632,#2512,#1483,.T.);
#3311=EDGE_CURVE('',#2628,#2631,#1063,.T.);
#3312=EDGE_CURVE('',#2625,#2630,#1064,.T.);
#3313=EDGE_CURVE('',#2633,#2634,#1484,.T.);
#3314=EDGE_CURVE('',#2633,#2527,#1485,.T.);
#3315=EDGE_CURVE('',#2634,#2526,#1486,.T.);
#3316=EDGE_CURVE('',#2635,#2633,#1065,.T.);
#3317=EDGE_CURVE('',#2635,#2528,#1487,.T.);
#3318=EDGE_CURVE('',#2636,#2635,#1488,.T.);
#3319=EDGE_CURVE('',#2529,#2636,#1489,.T.);
#3320=EDGE_CURVE('',#2637,#2626,#1490,.T.);
#3321=EDGE_CURVE('',#2637,#2525,#1491,.T.);
#3322=EDGE_CURVE('',#2634,#2637,#1066,.T.);
#3323=EDGE_CURVE('',#2638,#2636,#1067,.T.);
#3324=EDGE_CURVE('',#2638,#2530,#1492,.T.);
#3325=EDGE_CURVE('',#2639,#2640,#1493,.T.);
#3326=EDGE_CURVE('',#2639,#2431,#1494,.T.);
#3327=EDGE_CURVE('',#2640,#2430,#1495,.T.);
#3328=EDGE_CURVE('',#2641,#2639,#1068,.T.);
#3329=EDGE_CURVE('',#2641,#2432,#1496,.T.);
#3330=EDGE_CURVE('',#2642,#2641,#1497,.T.);
#3331=EDGE_CURVE('',#2433,#2642,#1498,.T.);
#3332=EDGE_CURVE('',#2643,#2644,#1499,.T.);
#3333=EDGE_CURVE('',#2643,#2429,#1500,.T.);
#3334=EDGE_CURVE('',#2644,#2428,#1501,.T.);
#3335=EDGE_CURVE('',#2640,#2643,#1069,.T.);
#3336=EDGE_CURVE('',#2645,#2642,#1070,.T.);
#3337=EDGE_CURVE('',#2645,#2434,#1502,.T.);
#3338=EDGE_CURVE('',#2646,#2647,#1503,.T.);
#3339=EDGE_CURVE('',#2646,#2437,#1504,.T.);
#3340=EDGE_CURVE('',#2647,#2436,#1505,.T.);
#3341=EDGE_CURVE('',#2648,#2646,#1071,.T.);
#3342=EDGE_CURVE('',#2648,#2438,#1506,.T.);
#3343=EDGE_CURVE('',#2649,#2648,#1507,.T.);
#3344=EDGE_CURVE('',#2439,#2649,#1508,.T.);
#3345=EDGE_CURVE('',#2650,#2645,#1509,.T.);
#3346=EDGE_CURVE('',#2650,#2435,#1510,.T.);
#3347=EDGE_CURVE('',#2647,#2650,#1072,.T.);
#3348=EDGE_CURVE('',#2651,#2649,#1073,.T.);
#3349=EDGE_CURVE('',#2651,#2440,#1511,.T.);
#3350=EDGE_CURVE('',#2652,#2653,#1512,.T.);
#3351=EDGE_CURVE('',#2652,#2449,#1513,.T.);
#3352=EDGE_CURVE('',#2653,#2448,#1514,.T.);
#3353=EDGE_CURVE('',#2654,#2652,#1074,.T.);
#3354=EDGE_CURVE('',#2654,#2450,#1515,.T.);
#3355=EDGE_CURVE('',#2655,#2654,#1516,.T.);
#3356=EDGE_CURVE('',#2451,#2655,#1517,.T.);
#3357=EDGE_CURVE('',#2656,#2657,#1518,.T.);
#3358=EDGE_CURVE('',#2656,#2447,#1519,.T.);
#3359=EDGE_CURVE('',#2657,#2446,#1520,.T.);
#3360=EDGE_CURVE('',#2653,#2656,#1075,.T.);
#3361=EDGE_CURVE('',#2658,#2655,#1076,.T.);
#3362=EDGE_CURVE('',#2658,#2452,#1521,.T.);
#3363=EDGE_CURVE('',#2659,#2660,#1522,.T.);
#3364=EDGE_CURVE('',#2659,#2425,#1523,.T.);
#3365=EDGE_CURVE('',#2660,#2424,#1524,.T.);
#3366=EDGE_CURVE('',#2661,#2659,#1077,.T.);
#3367=EDGE_CURVE('',#2661,#2426,#1525,.T.);
#3368=EDGE_CURVE('',#2662,#2661,#1526,.T.);
#3369=EDGE_CURVE('',#2427,#2662,#1527,.T.);
#3370=EDGE_CURVE('',#2663,#2664,#1528,.T.);
#3371=EDGE_CURVE('',#2663,#2423,#1529,.T.);
#3372=EDGE_CURVE('',#2664,#2422,#1530,.T.);
#3373=EDGE_CURVE('',#2660,#2663,#1078,.T.);
#3374=EDGE_CURVE('',#2644,#2662,#1079,.T.);
#3375=EDGE_CURVE('',#2665,#2666,#1531,.T.);
#3376=EDGE_CURVE('',#2665,#2419,#1532,.T.);
#3377=EDGE_CURVE('',#2666,#2418,#1533,.T.);
#3378=EDGE_CURVE('',#2667,#2665,#1080,.T.);
#3379=EDGE_CURVE('',#2667,#2420,#1534,.T.);
#3380=EDGE_CURVE('',#2668,#2667,#1535,.T.);
#3381=EDGE_CURVE('',#2421,#2668,#1536,.T.);
#3382=EDGE_CURVE('',#2669,#2670,#1537,.T.);
#3383=EDGE_CURVE('',#2669,#2417,#1538,.T.);
#3384=EDGE_CURVE('',#2670,#2416,#1539,.T.);
#3385=EDGE_CURVE('',#2666,#2669,#1081,.T.);
#3386=EDGE_CURVE('',#2664,#2668,#1082,.T.);
#3387=EDGE_CURVE('',#2671,#2672,#1540,.T.);
#3388=EDGE_CURVE('',#2671,#2443,#1541,.T.);
#3389=EDGE_CURVE('',#2672,#2442,#1542,.T.);
#3390=EDGE_CURVE('',#2673,#2671,#1083,.T.);
#3391=EDGE_CURVE('',#2673,#2444,#1543,.T.);
#3392=EDGE_CURVE('',#2674,#2673,#1544,.T.);
#3393=EDGE_CURVE('',#2445,#2674,#1545,.T.);
#3394=EDGE_CURVE('',#2675,#2651,#1546,.T.);
#3395=EDGE_CURVE('',#2675,#2441,#1547,.T.);
#3396=EDGE_CURVE('',#2672,#2675,#1084,.T.);
#3397=EDGE_CURVE('',#2657,#2674,#1085,.T.);
#3398=EDGE_CURVE('',#2676,#2677,#1548,.T.);
#3399=EDGE_CURVE('',#2676,#2455,#1549,.T.);
#3400=EDGE_CURVE('',#2677,#2454,#1550,.T.);
#3401=EDGE_CURVE('',#2678,#2676,#1086,.T.);
#3402=EDGE_CURVE('',#2678,#2456,#1551,.T.);
#3403=EDGE_CURVE('',#2679,#2678,#1552,.T.);
#3404=EDGE_CURVE('',#2457,#2679,#1553,.T.);
#3405=EDGE_CURVE('',#2680,#2658,#1554,.T.);
#3406=EDGE_CURVE('',#2680,#2453,#1555,.T.);
#3407=EDGE_CURVE('',#2677,#2680,#1087,.T.);
#3408=EDGE_CURVE('',#2681,#2679,#1088,.T.);
#3409=EDGE_CURVE('',#2681,#2458,#1556,.T.);
#3410=EDGE_CURVE('',#2682,#2683,#1557,.T.);
#3411=EDGE_CURVE('',#2682,#2461,#1558,.T.);
#3412=EDGE_CURVE('',#2683,#2460,#1559,.T.);
#3413=EDGE_CURVE('',#2684,#2682,#1089,.T.);
#3414=EDGE_CURVE('',#2684,#2462,#1560,.T.);
#3415=EDGE_CURVE('',#2685,#2684,#1561,.T.);
#3416=EDGE_CURVE('',#2463,#2685,#1562,.T.);
#3417=EDGE_CURVE('',#2686,#2681,#1563,.T.);
#3418=EDGE_CURVE('',#2686,#2459,#1564,.T.);
#3419=EDGE_CURVE('',#2683,#2686,#1090,.T.);
#3420=EDGE_CURVE('',#2687,#2685,#1091,.T.);
#3421=EDGE_CURVE('',#2687,#2464,#1565,.T.);
#3422=EDGE_CURVE('',#2688,#2689,#1566,.T.);
#3423=EDGE_CURVE('',#2688,#2497,#1567,.T.);
#3424=EDGE_CURVE('',#2689,#2496,#1568,.T.);
#3425=EDGE_CURVE('',#2690,#2688,#1092,.T.);
#3426=EDGE_CURVE('',#2690,#2498,#1569,.T.);
#3427=EDGE_CURVE('',#2691,#2690,#1570,.T.);
#3428=EDGE_CURVE('',#2499,#2691,#1571,.T.);
#3429=EDGE_CURVE('',#2692,#2693,#1572,.T.);
#3430=EDGE_CURVE('',#2692,#2495,#1573,.T.);
#3431=EDGE_CURVE('',#2693,#2494,#1574,.T.);
#3432=EDGE_CURVE('',#2689,#2692,#1093,.T.);
#3433=EDGE_CURVE('',#2694,#2691,#1094,.T.);
#3434=EDGE_CURVE('',#2694,#2500,#1575,.T.);
#3435=EDGE_CURVE('',#2695,#2696,#1576,.T.);
#3436=EDGE_CURVE('',#2695,#2491,#1577,.T.);
#3437=EDGE_CURVE('',#2696,#2490,#1578,.T.);
#3438=EDGE_CURVE('',#2697,#2695,#1095,.T.);
#3439=EDGE_CURVE('',#2697,#2492,#1579,.T.);
#3440=EDGE_CURVE('',#2698,#2697,#1580,.T.);
#3441=EDGE_CURVE('',#2493,#2698,#1581,.T.);
#3442=EDGE_CURVE('',#2699,#2700,#1582,.T.);
#3443=EDGE_CURVE('',#2699,#2489,#1583,.T.);
#3444=EDGE_CURVE('',#2700,#2488,#1584,.T.);
#3445=EDGE_CURVE('',#2696,#2699,#1096,.T.);
#3446=EDGE_CURVE('',#2693,#2698,#1097,.T.);
#3447=EDGE_CURVE('',#2701,#2702,#1585,.T.);
#3448=EDGE_CURVE('',#2701,#2467,#1586,.T.);
#3449=EDGE_CURVE('',#2702,#2466,#1587,.T.);
#3450=EDGE_CURVE('',#2703,#2701,#1098,.T.);
#3451=EDGE_CURVE('',#2703,#2468,#1588,.T.);
#3452=EDGE_CURVE('',#2704,#2703,#1589,.T.);
#3453=EDGE_CURVE('',#2469,#2704,#1590,.T.);
#3454=EDGE_CURVE('',#2705,#2687,#1591,.T.);
#3455=EDGE_CURVE('',#2705,#2465,#1592,.T.);
#3456=EDGE_CURVE('',#2702,#2705,#1099,.T.);
#3457=EDGE_CURVE('',#2706,#2704,#1100,.T.);
#3458=EDGE_CURVE('',#2706,#2470,#1593,.T.);
#3459=EDGE_CURVE('',#2707,#2708,#1594,.T.);
#3460=EDGE_CURVE('',#2707,#2485,#1595,.T.);
#3461=EDGE_CURVE('',#2708,#2484,#1596,.T.);
#3462=EDGE_CURVE('',#2709,#2707,#1101,.T.);
#3463=EDGE_CURVE('',#2709,#2486,#1597,.T.);
#3464=EDGE_CURVE('',#2710,#2709,#1598,.T.);
#3465=EDGE_CURVE('',#2487,#2710,#1599,.T.);
#3466=EDGE_CURVE('',#2711,#2712,#1600,.T.);
#3467=EDGE_CURVE('',#2711,#2483,#1601,.T.);
#3468=EDGE_CURVE('',#2712,#2482,#1602,.T.);
#3469=EDGE_CURVE('',#2708,#2711,#1102,.T.);
#3470=EDGE_CURVE('',#2700,#2710,#1103,.T.);
#3471=EDGE_CURVE('',#2713,#2714,#1603,.T.);
#3472=EDGE_CURVE('',#2713,#2509,#1604,.T.);
#3473=EDGE_CURVE('',#2714,#2508,#1605,.T.);
#3474=EDGE_CURVE('',#2715,#2713,#1104,.T.);
#3475=EDGE_CURVE('',#2715,#2510,#1606,.T.);
#3476=EDGE_CURVE('',#2716,#2715,#1607,.T.);
#3477=EDGE_CURVE('',#2511,#2716,#1608,.T.);
#3478=EDGE_CURVE('',#2717,#2718,#1609,.T.);
#3479=EDGE_CURVE('',#2717,#2507,#1610,.T.);
#3480=EDGE_CURVE('',#2718,#2506,#1611,.T.);
#3481=EDGE_CURVE('',#2714,#2717,#1105,.T.);
#3482=EDGE_CURVE('',#2632,#2716,#1106,.T.);
#3483=EDGE_CURVE('',#2719,#2720,#1612,.T.);
#3484=EDGE_CURVE('',#2719,#2503,#1613,.T.);
#3485=EDGE_CURVE('',#2720,#2502,#1614,.T.);
#3486=EDGE_CURVE('',#2721,#2719,#1107,.T.);
#3487=EDGE_CURVE('',#2721,#2504,#1615,.T.);
#3488=EDGE_CURVE('',#2722,#2721,#1616,.T.);
#3489=EDGE_CURVE('',#2505,#2722,#1617,.T.);
#3490=EDGE_CURVE('',#2723,#2694,#1618,.T.);
#3491=EDGE_CURVE('',#2723,#2501,#1619,.T.);
#3492=EDGE_CURVE('',#2720,#2723,#1108,.T.);
#3493=EDGE_CURVE('',#2718,#2722,#1109,.T.);
#3494=EDGE_CURVE('',#2724,#2725,#1620,.T.);
#3495=EDGE_CURVE('',#2724,#2479,#1621,.T.);
#3496=EDGE_CURVE('',#2725,#2478,#1622,.T.);
#3497=EDGE_CURVE('',#2726,#2724,#1110,.T.);
#3498=EDGE_CURVE('',#2726,#2480,#1623,.T.);
#3499=EDGE_CURVE('',#2727,#2726,#1624,.T.);
#3500=EDGE_CURVE('',#2481,#2727,#1625,.T.);
#3501=EDGE_CURVE('',#2728,#2729,#1626,.T.);
#3502=EDGE_CURVE('',#2728,#2477,#1627,.T.);
#3503=EDGE_CURVE('',#2729,#2476,#1628,.T.);
#3504=EDGE_CURVE('',#2725,#2728,#1111,.T.);
#3505=EDGE_CURVE('',#2712,#2727,#1112,.T.);
#3506=EDGE_CURVE('',#2730,#2731,#1629,.T.);
#3507=EDGE_CURVE('',#2730,#2473,#1630,.T.);
#3508=EDGE_CURVE('',#2731,#2472,#1631,.T.);
#3509=EDGE_CURVE('',#2732,#2730,#1113,.T.);
#3510=EDGE_CURVE('',#2732,#2474,#1632,.T.);
#3511=EDGE_CURVE('',#2733,#2732,#1633,.T.);
#3512=EDGE_CURVE('',#2475,#2733,#1634,.T.);
#3513=EDGE_CURVE('',#2734,#2706,#1635,.T.);
#3514=EDGE_CURVE('',#2734,#2471,#1636,.T.);
#3515=EDGE_CURVE('',#2731,#2734,#1114,.T.);
#3516=EDGE_CURVE('',#2729,#2733,#1115,.T.);
#3517=EDGE_CURVE('',#2735,#2736,#1637,.T.);
#3518=EDGE_CURVE('',#2735,#2401,#1638,.T.);
#3519=EDGE_CURVE('',#2736,#2400,#1639,.T.);
#3520=EDGE_CURVE('',#2737,#2735,#1116,.T.);
#3521=EDGE_CURVE('',#2737,#2402,#1640,.T.);
#3522=EDGE_CURVE('',#2738,#2737,#1641,.T.);
#3523=EDGE_CURVE('',#2403,#2738,#1642,.T.);
#3524=EDGE_CURVE('',#2739,#2740,#1643,.T.);
#3525=EDGE_CURVE('',#2739,#2399,#1644,.T.);
#3526=EDGE_CURVE('',#2740,#2398,#1645,.T.);
#3527=EDGE_CURVE('',#2736,#2739,#1117,.T.);
#3528=EDGE_CURVE('',#2741,#2738,#1118,.T.);
#3529=EDGE_CURVE('',#2741,#2404,#1646,.T.);
#3530=EDGE_CURVE('',#2742,#2743,#1647,.T.);
#3531=EDGE_CURVE('',#2742,#2395,#1648,.T.);
#3532=EDGE_CURVE('',#2743,#2394,#1649,.T.);
#3533=EDGE_CURVE('',#2744,#2742,#1119,.T.);
#3534=EDGE_CURVE('',#2744,#2396,#1650,.T.);
#3535=EDGE_CURVE('',#2745,#2744,#1651,.T.);
#3536=EDGE_CURVE('',#2397,#2745,#1652,.T.);
#3537=EDGE_CURVE('',#2746,#2747,#1653,.T.);
#3538=EDGE_CURVE('',#2746,#2393,#1654,.T.);
#3539=EDGE_CURVE('',#2747,#2392,#1655,.T.);
#3540=EDGE_CURVE('',#2743,#2746,#1120,.T.);
#3541=EDGE_CURVE('',#2740,#2745,#1121,.T.);
#3542=EDGE_CURVE('',#2748,#2749,#1656,.T.);
#3543=EDGE_CURVE('',#2748,#2389,#1657,.T.);
#3544=EDGE_CURVE('',#2749,#2388,#1658,.T.);
#3545=EDGE_CURVE('',#2750,#2748,#1122,.T.);
#3546=EDGE_CURVE('',#2750,#2390,#1659,.T.);
#3547=EDGE_CURVE('',#2751,#2750,#1660,.T.);
#3548=EDGE_CURVE('',#2391,#2751,#1661,.T.);
#3549=EDGE_CURVE('',#2752,#2753,#1662,.T.);
#3550=EDGE_CURVE('',#2752,#2387,#1663,.T.);
#3551=EDGE_CURVE('',#2753,#2386,#1664,.T.);
#3552=EDGE_CURVE('',#2749,#2752,#1123,.T.);
#3553=EDGE_CURVE('',#2747,#2751,#1124,.T.);
#3554=EDGE_CURVE('',#2754,#2755,#1665,.T.);
#3555=EDGE_CURVE('',#2754,#2383,#1666,.T.);
#3556=EDGE_CURVE('',#2755,#2382,#1667,.T.);
#3557=EDGE_CURVE('',#2756,#2754,#1125,.T.);
#3558=EDGE_CURVE('',#2756,#2384,#1668,.T.);
#3559=EDGE_CURVE('',#2757,#2756,#1669,.T.);
#3560=EDGE_CURVE('',#2385,#2757,#1670,.T.);
#3561=EDGE_CURVE('',#2758,#2759,#1671,.T.);
#3562=EDGE_CURVE('',#2758,#2381,#1672,.T.);
#3563=EDGE_CURVE('',#2759,#2380,#1673,.T.);
#3564=EDGE_CURVE('',#2755,#2758,#1126,.T.);
#3565=EDGE_CURVE('',#2753,#2757,#1127,.T.);
#3566=EDGE_CURVE('',#2760,#2761,#1674,.T.);
#3567=EDGE_CURVE('',#2760,#2377,#1675,.T.);
#3568=EDGE_CURVE('',#2761,#2376,#1676,.T.);
#3569=EDGE_CURVE('',#2762,#2760,#1128,.T.);
#3570=EDGE_CURVE('',#2762,#2378,#1677,.T.);
#3571=EDGE_CURVE('',#2763,#2762,#1678,.T.);
#3572=EDGE_CURVE('',#2379,#2763,#1679,.T.);
#3573=EDGE_CURVE('',#2764,#2765,#1680,.T.);
#3574=EDGE_CURVE('',#2764,#2375,#1681,.T.);
#3575=EDGE_CURVE('',#2765,#2374,#1682,.T.);
#3576=EDGE_CURVE('',#2761,#2764,#1129,.T.);
#3577=EDGE_CURVE('',#2759,#2763,#1130,.T.);
#3578=EDGE_CURVE('',#2766,#2767,#1683,.T.);
#3579=EDGE_CURVE('',#2766,#2371,#1684,.T.);
#3580=EDGE_CURVE('',#2767,#2370,#1685,.T.);
#3581=EDGE_CURVE('',#2768,#2766,#1131,.T.);
#3582=EDGE_CURVE('',#2768,#2372,#1686,.T.);
#3583=EDGE_CURVE('',#2769,#2768,#1687,.T.);
#3584=EDGE_CURVE('',#2373,#2769,#1688,.T.);
#3585=EDGE_CURVE('',#2770,#2585,#1689,.T.);
#3586=EDGE_CURVE('',#2770,#2369,#1690,.T.);
#3587=EDGE_CURVE('',#2767,#2770,#1132,.T.);
#3588=EDGE_CURVE('',#2765,#2769,#1133,.T.);
#3589=EDGE_CURVE('',#2771,#2772,#1691,.T.);
#3590=EDGE_CURVE('',#2771,#2413,#1692,.T.);
#3591=EDGE_CURVE('',#2772,#2412,#1693,.T.);
#3592=EDGE_CURVE('',#2773,#2771,#1134,.T.);
#3593=EDGE_CURVE('',#2773,#2414,#1694,.T.);
#3594=EDGE_CURVE('',#2774,#2773,#1695,.T.);
#3595=EDGE_CURVE('',#2415,#2774,#1696,.T.);
#3596=EDGE_CURVE('',#2775,#2776,#1697,.T.);
#3597=EDGE_CURVE('',#2775,#2411,#1698,.T.);
#3598=EDGE_CURVE('',#2776,#2410,#1699,.T.);
#3599=EDGE_CURVE('',#2772,#2775,#1135,.T.);
#3600=EDGE_CURVE('',#2670,#2774,#1136,.T.);
#3601=EDGE_CURVE('',#2777,#2778,#1700,.T.);
#3602=EDGE_CURVE('',#2777,#2407,#1701,.T.);
#3603=EDGE_CURVE('',#2778,#2406,#1702,.T.);
#3604=EDGE_CURVE('',#2779,#2777,#1137,.T.);
#3605=EDGE_CURVE('',#2779,#2408,#1703,.T.);
#3606=EDGE_CURVE('',#2780,#2779,#1704,.T.);
#3607=EDGE_CURVE('',#2409,#2780,#1705,.T.);
#3608=EDGE_CURVE('',#2781,#2741,#1706,.T.);
#3609=EDGE_CURVE('',#2781,#2405,#1707,.T.);
#3610=EDGE_CURVE('',#2778,#2781,#1138,.T.);
#3611=EDGE_CURVE('',#2776,#2780,#1139,.T.);
#3612=EDGE_CURVE('',#2782,#2783,#1708,.T.);
#3613=EDGE_CURVE('',#2782,#2305,#1709,.T.);
#3614=EDGE_CURVE('',#2783,#2304,#1710,.T.);
#3615=EDGE_CURVE('',#2784,#2782,#1140,.T.);
#3616=EDGE_CURVE('',#2784,#2306,#1711,.T.);
#3617=EDGE_CURVE('',#2785,#2784,#1712,.T.);
#3618=EDGE_CURVE('',#2307,#2785,#1713,.T.);
#3619=EDGE_CURVE('',#2786,#2638,#1714,.T.);
#3620=EDGE_CURVE('',#2786,#2531,#1715,.T.);
#3621=EDGE_CURVE('',#2783,#2786,#1141,.T.);
#3622=EDGE_CURVE('',#2534,#2787,#1716,.T.);
#3623=EDGE_CURVE('',#2787,#2788,#1142,.T.);
#3624=EDGE_CURVE('',#2788,#2787,#1143,.T.);
#3625=EDGE_CURVE('',#2564,#2785,#1144,.T.);
#3626=EDGE_CURVE('',#2789,#2555,#1717,.T.);
#3627=EDGE_CURVE('',#2790,#2789,#1145,.T.);
#3628=EDGE_CURVE('',#2791,#2790,#1146,.T.);
#3629=EDGE_CURVE('',#2792,#2791,#1147,.T.);
#3630=EDGE_CURVE('',#2793,#2792,#1718,.T.);
#3631=EDGE_CURVE('',#2544,#2793,#1148,.T.);
#3632=EDGE_CURVE('',#2794,#2552,#1719,.T.);
#3633=EDGE_CURVE('',#2795,#2794,#1149,.T.);
#3634=EDGE_CURVE('',#2796,#2795,#1150,.T.);
#3635=EDGE_CURVE('',#2797,#2796,#1151,.T.);
#3636=EDGE_CURVE('',#2798,#2797,#1720,.T.);
#3637=EDGE_CURVE('',#2548,#2798,#1152,.T.);
#3638=EDGE_CURVE('',#2799,#2799,#1153,.T.);
#3639=EDGE_CURVE('',#2799,#2788,#1721,.T.);
#3640=EDGE_CURVE('',#2800,#2801,#866,.T.);
#3641=EDGE_CURVE('',#2800,#2802,#1154,.T.);
#3642=EDGE_CURVE('',#2802,#2803,#1155,.T.);
#3643=EDGE_CURVE('',#2803,#2801,#1156,.T.);
#3644=EDGE_CURVE('',#2804,#2805,#1157,.T.);
#3645=EDGE_CURVE('',#2805,#2803,#1722,.T.);
#3646=EDGE_CURVE('',#2802,#2804,#1723,.T.);
#3647=EDGE_CURVE('',#2540,#2805,#1158,.T.);
#3648=EDGE_CURVE('',#2804,#2806,#1159,.T.);
#3649=EDGE_CURVE('',#2806,#2541,#1160,.T.);
#3650=EDGE_CURVE('',#2806,#2553,#1161,.T.);
#3651=EDGE_CURVE('',#2807,#2789,#1162,.T.);
#3652=EDGE_CURVE('',#2554,#2807,#1724,.T.);
#3653=EDGE_CURVE('',#2808,#2790,#867,.F.);
#3654=EDGE_CURVE('',#2807,#2808,#1163,.T.);
#3655=EDGE_CURVE('',#2807,#2809,#1725,.T.);
#3656=EDGE_CURVE('',#2810,#2809,#1164,.T.);
#3657=EDGE_CURVE('',#2810,#2808,#1726,.T.);
#3658=EDGE_CURVE('',#2811,#2554,#1727,.T.);
#3659=EDGE_CURVE('',#2809,#2811,#1728,.T.);
#3660=EDGE_CURVE('',#2553,#2812,#1729,.T.);
#3661=EDGE_CURVE('',#2811,#2812,#1165,.T.);
#3662=EDGE_CURVE('',#2813,#2806,#1730,.T.);
#3663=EDGE_CURVE('',#2812,#2813,#1166,.T.);
#3664=EDGE_CURVE('',#2804,#2814,#1731,.T.);
#3665=EDGE_CURVE('',#2813,#2814,#1167,.T.);
#3666=EDGE_CURVE('',#2815,#2802,#1732,.T.);
#3667=EDGE_CURVE('',#2814,#2815,#1733,.T.);
#3668=EDGE_CURVE('',#2800,#2816,#1734,.T.);
#3669=EDGE_CURVE('',#2815,#2816,#1168,.T.);
#3670=EDGE_CURVE('',#2796,#2817,#868,.F.);
#3671=EDGE_CURVE('',#2817,#2818,#1169,.T.);
#3672=EDGE_CURVE('',#2818,#2797,#1170,.T.);
#3673=EDGE_CURVE('',#2819,#2798,#1171,.T.);
#3674=EDGE_CURVE('',#2818,#2819,#1735,.T.);
#3675=EDGE_CURVE('',#2819,#2820,#1172,.T.);
#3676=EDGE_CURVE('',#2820,#2549,#1173,.T.);
#3677=EDGE_CURVE('',#2820,#2556,#1174,.T.);
#3678=EDGE_CURVE('',#2821,#2822,#1175,.T.);
#3679=EDGE_CURVE('',#2822,#2558,#1736,.T.);
#3680=EDGE_CURVE('',#2557,#2821,#1737,.T.);
#3681=EDGE_CURVE('',#2823,#2824,#869,.T.);
#3682=EDGE_CURVE('',#2823,#2822,#1176,.T.);
#3683=EDGE_CURVE('',#2821,#2824,#1177,.T.);
#3684=EDGE_CURVE('',#2821,#2825,#1738,.T.);
#3685=EDGE_CURVE('',#2826,#2825,#1178,.T.);
#3686=EDGE_CURVE('',#2826,#2824,#1739,.T.);
#3687=EDGE_CURVE('',#2827,#2557,#1740,.T.);
#3688=EDGE_CURVE('',#2825,#2827,#1741,.T.);
#3689=EDGE_CURVE('',#2556,#2828,#1742,.T.);
#3690=EDGE_CURVE('',#2827,#2828,#1179,.T.);
#3691=EDGE_CURVE('',#2829,#2820,#1743,.T.);
#3692=EDGE_CURVE('',#2828,#2829,#1180,.T.);
#3693=EDGE_CURVE('',#2819,#2830,#1744,.T.);
#3694=EDGE_CURVE('',#2829,#2830,#1181,.T.);
#3695=EDGE_CURVE('',#2831,#2818,#1745,.T.);
#3696=EDGE_CURVE('',#2830,#2831,#1746,.T.);
#3697=EDGE_CURVE('',#2817,#2832,#1747,.T.);
#3698=EDGE_CURVE('',#2831,#2832,#1182,.T.);
#3699=EDGE_CURVE('',#2791,#2833,#870,.F.);
#3700=EDGE_CURVE('',#2833,#2834,#1183,.T.);
#3701=EDGE_CURVE('',#2834,#2792,#1184,.T.);
#3702=EDGE_CURVE('',#2835,#2793,#1185,.T.);
#3703=EDGE_CURVE('',#2834,#2835,#1748,.T.);
#3704=EDGE_CURVE('',#2835,#2836,#1186,.T.);
#3705=EDGE_CURVE('',#2836,#2545,#1187,.T.);
#3706=EDGE_CURVE('',#2836,#2550,#1188,.T.);
#3707=EDGE_CURVE('',#2837,#2794,#1189,.T.);
#3708=EDGE_CURVE('',#2551,#2837,#1749,.T.);
#3709=EDGE_CURVE('',#2795,#2838,#871,.T.);
#3710=EDGE_CURVE('',#2837,#2838,#1190,.T.);
#3711=EDGE_CURVE('',#2837,#2839,#1750,.T.);
#3712=EDGE_CURVE('',#2840,#2839,#1191,.T.);
#3713=EDGE_CURVE('',#2840,#2838,#1751,.T.);
#3714=EDGE_CURVE('',#2841,#2551,#1752,.T.);
#3715=EDGE_CURVE('',#2839,#2841,#1753,.T.);
#3716=EDGE_CURVE('',#2550,#2842,#1754,.T.);
#3717=EDGE_CURVE('',#2841,#2842,#1192,.T.);
#3718=EDGE_CURVE('',#2843,#2836,#1755,.T.);
#3719=EDGE_CURVE('',#2842,#2843,#1193,.T.);
#3720=EDGE_CURVE('',#2835,#2844,#1756,.T.);
#3721=EDGE_CURVE('',#2843,#2844,#1194,.T.);
#3722=EDGE_CURVE('',#2845,#2834,#1757,.T.);
#3723=EDGE_CURVE('',#2844,#2845,#1758,.T.);
#3724=EDGE_CURVE('',#2833,#2846,#1759,.T.);
#3725=EDGE_CURVE('',#2845,#2846,#1195,.T.);
#3726=EDGE_CURVE('',#2832,#2847,#872,.F.);
#3727=EDGE_CURVE('',#2847,#2848,#1196,.T.);
#3728=EDGE_CURVE('',#2848,#2831,#1197,.T.);
#3729=EDGE_CURVE('',#2849,#2830,#1198,.T.);
#3730=EDGE_CURVE('',#2848,#2849,#1760,.T.);
#3731=EDGE_CURVE('',#2850,#2829,#1199,.T.);
#3732=EDGE_CURVE('',#2849,#2850,#1200,.T.);
#3733=EDGE_CURVE('',#2851,#2828,#1201,.T.);
#3734=EDGE_CURVE('',#2850,#2851,#1202,.T.);
#3735=EDGE_CURVE('',#2852,#2827,#1203,.T.);
#3736=EDGE_CURVE('',#2851,#2852,#1204,.T.);
#3737=EDGE_CURVE('',#2853,#2825,#1205,.T.);
#3738=EDGE_CURVE('',#2852,#2853,#1761,.T.);
#3739=EDGE_CURVE('',#2826,#2854,#873,.T.);
#3740=EDGE_CURVE('',#2853,#2854,#1206,.T.);
#3741=EDGE_CURVE('',#2847,#2855,#1207,.T.);
#3742=EDGE_CURVE('',#2856,#2855,#1208,.T.);
#3743=EDGE_CURVE('',#2857,#2856,#1762,.T.);
#3744=EDGE_CURVE('',#2858,#2857,#1209,.T.);
#3745=EDGE_CURVE('',#2859,#2858,#1210,.T.);
#3746=EDGE_CURVE('',#2860,#2859,#1211,.T.);
#3747=EDGE_CURVE('',#2861,#2860,#1763,.T.);
#3748=EDGE_CURVE('',#2862,#2861,#1212,.T.);
#3749=EDGE_CURVE('',#2862,#2863,#1213,.T.);
#3750=EDGE_CURVE('',#2864,#2863,#1214,.T.);
#3751=EDGE_CURVE('',#2865,#2864,#1764,.T.);
#3752=EDGE_CURVE('',#2866,#2865,#1215,.T.);
#3753=EDGE_CURVE('',#2867,#2866,#1216,.T.);
#3754=EDGE_CURVE('',#2868,#2867,#1217,.T.);
#3755=EDGE_CURVE('',#2869,#2868,#1765,.T.);
#3756=EDGE_CURVE('',#2870,#2869,#1218,.T.);
#3757=EDGE_CURVE('',#2870,#2854,#1219,.T.);
#3758=EDGE_CURVE('',#2840,#2855,#874,.T.);
#3759=EDGE_CURVE('',#2839,#2856,#1220,.T.);
#3760=EDGE_CURVE('',#2841,#2857,#1221,.T.);
#3761=EDGE_CURVE('',#2842,#2858,#1222,.T.);
#3762=EDGE_CURVE('',#2843,#2859,#1223,.T.);
#3763=EDGE_CURVE('',#2844,#2860,#1224,.T.);
#3764=EDGE_CURVE('',#2845,#2861,#1225,.T.);
#3765=EDGE_CURVE('',#2846,#2862,#875,.F.);
#3766=EDGE_CURVE('',#2810,#2863,#876,.T.);
#3767=EDGE_CURVE('',#2809,#2864,#1226,.T.);
#3768=EDGE_CURVE('',#2811,#2865,#1227,.T.);
#3769=EDGE_CURVE('',#2812,#2866,#1228,.T.);
#3770=EDGE_CURVE('',#2813,#2867,#1229,.T.);
#3771=EDGE_CURVE('',#2814,#2868,#1230,.T.);
#3772=EDGE_CURVE('',#2815,#2869,#1231,.T.);
#3773=EDGE_CURVE('',#2816,#2870,#877,.F.);
#3774=EDGE_CURVE('',#2790,#2801,#1232,.T.);
#3775=EDGE_CURVE('',#2863,#2870,#1233,.T.);
#3776=EDGE_CURVE('',#2855,#2871,#1234,.T.);
#3777=EDGE_CURVE('',#2871,#2862,#1235,.T.);
#3778=EDGE_CURVE('',#2872,#2791,#1236,.T.);
#3779=EDGE_CURVE('',#2795,#2872,#1237,.T.);
#3780=EDGE_CURVE('',#2801,#2823,#1238,.T.);
#3781=EDGE_CURVE('',#2873,#2873,#1239,.T.);
#3782=EDGE_CURVE('',#2873,#2874,#1766,.T.);
#3783=EDGE_CURVE('',#2874,#2874,#1240,.T.);
#3784=EDGE_CURVE('',#2875,#2875,#1241,.T.);
#3785=EDGE_CURVE('',#2876,#2876,#1242,.T.);
#3786=EDGE_CURVE('',#2876,#2875,#1767,.T.);
#3787=EDGE_CURVE('',#2877,#2877,#1243,.T.);
#3788=EDGE_CURVE('',#2877,#2878,#1768,.T.);
#3789=EDGE_CURVE('',#2878,#2878,#1244,.T.);
#3790=EDGE_CURVE('',#2879,#2879,#1245,.T.);
#3791=EDGE_CURVE('',#2879,#2871,#1246,.T.);
#3792=EDGE_CURVE('',#2854,#2847,#1247,.T.);
#3793=EDGE_CURVE('',#2823,#2796,#1248,.T.);
#3794=EDGE_CURVE('',#2872,#2880,#1249,.T.);
#3795=EDGE_CURVE('',#2880,#2880,#1250,.T.);
#3796=ORIENTED_EDGE('',*,*,#2881,.F.);
#3797=ORIENTED_EDGE('',*,*,#2882,.T.);
#3798=ORIENTED_EDGE('',*,*,#2883,.F.);
#3799=ORIENTED_EDGE('',*,*,#2884,.F.);
#3800=ORIENTED_EDGE('',*,*,#2885,.F.);
#3801=ORIENTED_EDGE('',*,*,#2886,.F.);
#3802=ORIENTED_EDGE('',*,*,#2887,.F.);
#3803=ORIENTED_EDGE('',*,*,#2882,.F.);
#3804=ORIENTED_EDGE('',*,*,#2888,.F.);
#3805=ORIENTED_EDGE('',*,*,#2889,.F.);
#3806=ORIENTED_EDGE('',*,*,#2890,.F.);
#3807=ORIENTED_EDGE('',*,*,#2891,.F.);
#3808=ORIENTED_EDGE('',*,*,#2892,.F.);
#3809=ORIENTED_EDGE('',*,*,#2893,.F.);
#3810=ORIENTED_EDGE('',*,*,#2894,.F.);
#3811=ORIENTED_EDGE('',*,*,#2889,.T.);
#3812=ORIENTED_EDGE('',*,*,#2891,.T.);
#3813=ORIENTED_EDGE('',*,*,#2895,.T.);
#3814=ORIENTED_EDGE('',*,*,#2896,.T.);
#3815=ORIENTED_EDGE('',*,*,#2893,.T.);
#3816=ORIENTED_EDGE('',*,*,#2897,.F.);
#3817=ORIENTED_EDGE('',*,*,#2898,.T.);
#3818=ORIENTED_EDGE('',*,*,#2899,.T.);
#3819=ORIENTED_EDGE('',*,*,#2895,.F.);
#3820=ORIENTED_EDGE('',*,*,#2890,.T.);
#3821=ORIENTED_EDGE('',*,*,#2894,.T.);
#3822=ORIENTED_EDGE('',*,*,#2896,.F.);
#3823=ORIENTED_EDGE('',*,*,#2899,.F.);
#3824=ORIENTED_EDGE('',*,*,#2883,.T.);
#3825=ORIENTED_EDGE('',*,*,#2887,.T.);
#3826=ORIENTED_EDGE('',*,*,#2900,.T.);
#3827=ORIENTED_EDGE('',*,*,#2901,.T.);
#3828=ORIENTED_EDGE('',*,*,#2902,.F.);
#3829=ORIENTED_EDGE('',*,*,#2901,.F.);
#3830=ORIENTED_EDGE('',*,*,#2903,.T.);
#3831=ORIENTED_EDGE('',*,*,#2884,.T.);
#3832=ORIENTED_EDGE('',*,*,#2903,.F.);
#3833=ORIENTED_EDGE('',*,*,#2900,.F.);
#3834=ORIENTED_EDGE('',*,*,#2886,.T.);
#3835=ORIENTED_EDGE('',*,*,#2904,.T.);
#3836=ORIENTED_EDGE('',*,*,#2905,.F.);
#3837=ORIENTED_EDGE('',*,*,#2906,.T.);
#3838=ORIENTED_EDGE('',*,*,#2907,.T.);
#3839=ORIENTED_EDGE('',*,*,#2908,.T.);
#3840=ORIENTED_EDGE('',*,*,#2909,.T.);
#3841=ORIENTED_EDGE('',*,*,#2910,.T.);
#3842=ORIENTED_EDGE('',*,*,#2911,.T.);
#3843=ORIENTED_EDGE('',*,*,#2912,.T.);
#3844=ORIENTED_EDGE('',*,*,#2913,.T.);
#3845=ORIENTED_EDGE('',*,*,#2914,.T.);
#3846=ORIENTED_EDGE('',*,*,#2915,.T.);
#3847=ORIENTED_EDGE('',*,*,#2916,.T.);
#3848=ORIENTED_EDGE('',*,*,#2917,.T.);
#3849=ORIENTED_EDGE('',*,*,#2918,.T.);
#3850=ORIENTED_EDGE('',*,*,#2919,.T.);
#3851=ORIENTED_EDGE('',*,*,#2920,.T.);
#3852=ORIENTED_EDGE('',*,*,#2921,.T.);
#3853=ORIENTED_EDGE('',*,*,#2922,.T.);
#3854=ORIENTED_EDGE('',*,*,#2923,.T.);
#3855=ORIENTED_EDGE('',*,*,#2924,.T.);
#3856=ORIENTED_EDGE('',*,*,#2925,.T.);
#3857=ORIENTED_EDGE('',*,*,#2926,.T.);
#3858=ORIENTED_EDGE('',*,*,#2927,.T.);
#3859=ORIENTED_EDGE('',*,*,#2928,.T.);
#3860=ORIENTED_EDGE('',*,*,#2929,.T.);
#3861=ORIENTED_EDGE('',*,*,#2930,.T.);
#3862=ORIENTED_EDGE('',*,*,#2931,.T.);
#3863=ORIENTED_EDGE('',*,*,#2932,.T.);
#3864=ORIENTED_EDGE('',*,*,#2933,.T.);
#3865=ORIENTED_EDGE('',*,*,#2934,.T.);
#3866=ORIENTED_EDGE('',*,*,#2935,.T.);
#3867=ORIENTED_EDGE('',*,*,#2936,.T.);
#3868=ORIENTED_EDGE('',*,*,#2937,.T.);
#3869=ORIENTED_EDGE('',*,*,#2938,.T.);
#3870=ORIENTED_EDGE('',*,*,#2939,.T.);
#3871=ORIENTED_EDGE('',*,*,#2940,.T.);
#3872=ORIENTED_EDGE('',*,*,#2941,.T.);
#3873=ORIENTED_EDGE('',*,*,#2942,.T.);
#3874=ORIENTED_EDGE('',*,*,#2943,.T.);
#3875=ORIENTED_EDGE('',*,*,#2944,.T.);
#3876=ORIENTED_EDGE('',*,*,#2945,.T.);
#3877=ORIENTED_EDGE('',*,*,#2946,.T.);
#3878=ORIENTED_EDGE('',*,*,#2947,.T.);
#3879=ORIENTED_EDGE('',*,*,#2948,.T.);
#3880=ORIENTED_EDGE('',*,*,#2949,.T.);
#3881=ORIENTED_EDGE('',*,*,#2950,.T.);
#3882=ORIENTED_EDGE('',*,*,#2951,.T.);
#3883=ORIENTED_EDGE('',*,*,#2952,.T.);
#3884=ORIENTED_EDGE('',*,*,#2953,.T.);
#3885=ORIENTED_EDGE('',*,*,#2954,.T.);
#3886=ORIENTED_EDGE('',*,*,#2955,.T.);
#3887=ORIENTED_EDGE('',*,*,#2956,.T.);
#3888=ORIENTED_EDGE('',*,*,#2957,.T.);
#3889=ORIENTED_EDGE('',*,*,#2958,.T.);
#3890=ORIENTED_EDGE('',*,*,#2959,.T.);
#3891=ORIENTED_EDGE('',*,*,#2960,.T.);
#3892=ORIENTED_EDGE('',*,*,#2961,.T.);
#3893=ORIENTED_EDGE('',*,*,#2962,.T.);
#3894=ORIENTED_EDGE('',*,*,#2963,.T.);
#3895=ORIENTED_EDGE('',*,*,#2964,.T.);
#3896=ORIENTED_EDGE('',*,*,#2965,.T.);
#3897=ORIENTED_EDGE('',*,*,#2966,.T.);
#3898=ORIENTED_EDGE('',*,*,#2967,.T.);
#3899=ORIENTED_EDGE('',*,*,#2968,.T.);
#3900=ORIENTED_EDGE('',*,*,#2969,.T.);
#3901=ORIENTED_EDGE('',*,*,#2970,.T.);
#3902=ORIENTED_EDGE('',*,*,#2971,.T.);
#3903=ORIENTED_EDGE('',*,*,#2972,.T.);
#3904=ORIENTED_EDGE('',*,*,#2973,.T.);
#3905=ORIENTED_EDGE('',*,*,#2974,.T.);
#3906=ORIENTED_EDGE('',*,*,#2975,.T.);
#3907=ORIENTED_EDGE('',*,*,#2976,.T.);
#3908=ORIENTED_EDGE('',*,*,#2977,.T.);
#3909=ORIENTED_EDGE('',*,*,#2978,.T.);
#3910=ORIENTED_EDGE('',*,*,#2979,.T.);
#3911=ORIENTED_EDGE('',*,*,#2980,.T.);
#3912=ORIENTED_EDGE('',*,*,#2981,.T.);
#3913=ORIENTED_EDGE('',*,*,#2982,.T.);
#3914=ORIENTED_EDGE('',*,*,#2983,.T.);
#3915=ORIENTED_EDGE('',*,*,#2984,.T.);
#3916=ORIENTED_EDGE('',*,*,#2985,.T.);
#3917=ORIENTED_EDGE('',*,*,#2986,.T.);
#3918=ORIENTED_EDGE('',*,*,#2987,.T.);
#3919=ORIENTED_EDGE('',*,*,#2988,.T.);
#3920=ORIENTED_EDGE('',*,*,#2989,.T.);
#3921=ORIENTED_EDGE('',*,*,#2990,.T.);
#3922=ORIENTED_EDGE('',*,*,#2991,.T.);
#3923=ORIENTED_EDGE('',*,*,#2992,.T.);
#3924=ORIENTED_EDGE('',*,*,#2993,.T.);
#3925=ORIENTED_EDGE('',*,*,#2994,.T.);
#3926=ORIENTED_EDGE('',*,*,#2995,.T.);
#3927=ORIENTED_EDGE('',*,*,#2996,.T.);
#3928=ORIENTED_EDGE('',*,*,#2997,.T.);
#3929=ORIENTED_EDGE('',*,*,#2998,.T.);
#3930=ORIENTED_EDGE('',*,*,#2999,.T.);
#3931=ORIENTED_EDGE('',*,*,#3000,.T.);
#3932=ORIENTED_EDGE('',*,*,#3001,.T.);
#3933=ORIENTED_EDGE('',*,*,#3002,.T.);
#3934=ORIENTED_EDGE('',*,*,#3003,.T.);
#3935=ORIENTED_EDGE('',*,*,#3004,.T.);
#3936=ORIENTED_EDGE('',*,*,#3005,.T.);
#3937=ORIENTED_EDGE('',*,*,#3006,.T.);
#3938=ORIENTED_EDGE('',*,*,#3007,.T.);
#3939=ORIENTED_EDGE('',*,*,#3008,.T.);
#3940=ORIENTED_EDGE('',*,*,#3009,.T.);
#3941=ORIENTED_EDGE('',*,*,#3010,.T.);
#3942=ORIENTED_EDGE('',*,*,#3011,.T.);
#3943=ORIENTED_EDGE('',*,*,#3012,.T.);
#3944=ORIENTED_EDGE('',*,*,#3013,.T.);
#3945=ORIENTED_EDGE('',*,*,#3014,.T.);
#3946=ORIENTED_EDGE('',*,*,#3015,.T.);
#3947=ORIENTED_EDGE('',*,*,#3016,.T.);
#3948=ORIENTED_EDGE('',*,*,#3017,.T.);
#3949=ORIENTED_EDGE('',*,*,#3018,.T.);
#3950=ORIENTED_EDGE('',*,*,#3019,.T.);
#3951=ORIENTED_EDGE('',*,*,#3020,.T.);
#3952=ORIENTED_EDGE('',*,*,#3021,.T.);
#3953=ORIENTED_EDGE('',*,*,#3022,.T.);
#3954=ORIENTED_EDGE('',*,*,#3023,.T.);
#3955=ORIENTED_EDGE('',*,*,#3024,.T.);
#3956=ORIENTED_EDGE('',*,*,#3025,.T.);
#3957=ORIENTED_EDGE('',*,*,#3026,.T.);
#3958=ORIENTED_EDGE('',*,*,#3027,.T.);
#3959=ORIENTED_EDGE('',*,*,#3028,.T.);
#3960=ORIENTED_EDGE('',*,*,#3029,.T.);
#3961=ORIENTED_EDGE('',*,*,#3030,.T.);
#3962=ORIENTED_EDGE('',*,*,#3031,.T.);
#3963=ORIENTED_EDGE('',*,*,#3032,.T.);
#3964=ORIENTED_EDGE('',*,*,#3033,.T.);
#3965=ORIENTED_EDGE('',*,*,#3034,.T.);
#3966=ORIENTED_EDGE('',*,*,#3035,.T.);
#3967=ORIENTED_EDGE('',*,*,#3036,.T.);
#3968=ORIENTED_EDGE('',*,*,#3037,.T.);
#3969=ORIENTED_EDGE('',*,*,#3038,.T.);
#3970=ORIENTED_EDGE('',*,*,#3039,.T.);
#3971=ORIENTED_EDGE('',*,*,#3040,.T.);
#3972=ORIENTED_EDGE('',*,*,#3041,.T.);
#3973=ORIENTED_EDGE('',*,*,#3042,.T.);
#3974=ORIENTED_EDGE('',*,*,#3043,.T.);
#3975=ORIENTED_EDGE('',*,*,#3044,.T.);
#3976=ORIENTED_EDGE('',*,*,#3045,.T.);
#3977=ORIENTED_EDGE('',*,*,#3046,.T.);
#3978=ORIENTED_EDGE('',*,*,#3047,.T.);
#3979=ORIENTED_EDGE('',*,*,#3048,.T.);
#3980=ORIENTED_EDGE('',*,*,#3049,.T.);
#3981=ORIENTED_EDGE('',*,*,#3050,.T.);
#3982=ORIENTED_EDGE('',*,*,#3051,.T.);
#3983=ORIENTED_EDGE('',*,*,#3052,.T.);
#3984=ORIENTED_EDGE('',*,*,#3053,.T.);
#3985=ORIENTED_EDGE('',*,*,#3054,.T.);
#3986=ORIENTED_EDGE('',*,*,#3055,.T.);
#3987=ORIENTED_EDGE('',*,*,#3056,.T.);
#3988=ORIENTED_EDGE('',*,*,#3057,.T.);
#3989=ORIENTED_EDGE('',*,*,#3058,.T.);
#3990=ORIENTED_EDGE('',*,*,#3059,.T.);
#3991=ORIENTED_EDGE('',*,*,#3060,.T.);
#3992=ORIENTED_EDGE('',*,*,#3061,.T.);
#3993=ORIENTED_EDGE('',*,*,#3062,.T.);
#3994=ORIENTED_EDGE('',*,*,#3063,.T.);
#3995=ORIENTED_EDGE('',*,*,#3064,.T.);
#3996=ORIENTED_EDGE('',*,*,#3065,.T.);
#3997=ORIENTED_EDGE('',*,*,#3066,.T.);
#3998=ORIENTED_EDGE('',*,*,#3067,.T.);
#3999=ORIENTED_EDGE('',*,*,#3068,.T.);
#4000=ORIENTED_EDGE('',*,*,#3069,.T.);
#4001=ORIENTED_EDGE('',*,*,#3070,.T.);
#4002=ORIENTED_EDGE('',*,*,#3071,.T.);
#4003=ORIENTED_EDGE('',*,*,#3072,.T.);
#4004=ORIENTED_EDGE('',*,*,#3073,.T.);
#4005=ORIENTED_EDGE('',*,*,#3074,.T.);
#4006=ORIENTED_EDGE('',*,*,#3075,.T.);
#4007=ORIENTED_EDGE('',*,*,#3076,.T.);
#4008=ORIENTED_EDGE('',*,*,#3077,.T.);
#4009=ORIENTED_EDGE('',*,*,#3078,.T.);
#4010=ORIENTED_EDGE('',*,*,#3079,.T.);
#4011=ORIENTED_EDGE('',*,*,#3080,.T.);
#4012=ORIENTED_EDGE('',*,*,#3081,.T.);
#4013=ORIENTED_EDGE('',*,*,#3082,.T.);
#4014=ORIENTED_EDGE('',*,*,#3083,.T.);
#4015=ORIENTED_EDGE('',*,*,#3084,.T.);
#4016=ORIENTED_EDGE('',*,*,#3085,.T.);
#4017=ORIENTED_EDGE('',*,*,#3086,.T.);
#4018=ORIENTED_EDGE('',*,*,#3087,.T.);
#4019=ORIENTED_EDGE('',*,*,#3088,.T.);
#4020=ORIENTED_EDGE('',*,*,#3089,.T.);
#4021=ORIENTED_EDGE('',*,*,#3090,.T.);
#4022=ORIENTED_EDGE('',*,*,#3091,.T.);
#4023=ORIENTED_EDGE('',*,*,#3092,.T.);
#4024=ORIENTED_EDGE('',*,*,#3093,.T.);
#4025=ORIENTED_EDGE('',*,*,#3094,.T.);
#4026=ORIENTED_EDGE('',*,*,#3095,.T.);
#4027=ORIENTED_EDGE('',*,*,#3096,.T.);
#4028=ORIENTED_EDGE('',*,*,#3097,.T.);
#4029=ORIENTED_EDGE('',*,*,#3098,.T.);
#4030=ORIENTED_EDGE('',*,*,#3099,.T.);
#4031=ORIENTED_EDGE('',*,*,#3100,.T.);
#4032=ORIENTED_EDGE('',*,*,#3101,.T.);
#4033=ORIENTED_EDGE('',*,*,#3102,.T.);
#4034=ORIENTED_EDGE('',*,*,#3103,.T.);
#4035=ORIENTED_EDGE('',*,*,#3104,.T.);
#4036=ORIENTED_EDGE('',*,*,#3105,.T.);
#4037=ORIENTED_EDGE('',*,*,#3106,.T.);
#4038=ORIENTED_EDGE('',*,*,#3107,.T.);
#4039=ORIENTED_EDGE('',*,*,#3108,.T.);
#4040=ORIENTED_EDGE('',*,*,#3109,.T.);
#4041=ORIENTED_EDGE('',*,*,#3110,.T.);
#4042=ORIENTED_EDGE('',*,*,#3111,.T.);
#4043=ORIENTED_EDGE('',*,*,#3112,.T.);
#4044=ORIENTED_EDGE('',*,*,#3113,.T.);
#4045=ORIENTED_EDGE('',*,*,#3114,.T.);
#4046=ORIENTED_EDGE('',*,*,#3115,.T.);
#4047=ORIENTED_EDGE('',*,*,#3116,.T.);
#4048=ORIENTED_EDGE('',*,*,#3117,.T.);
#4049=ORIENTED_EDGE('',*,*,#3118,.T.);
#4050=ORIENTED_EDGE('',*,*,#3119,.T.);
#4051=ORIENTED_EDGE('',*,*,#3120,.T.);
#4052=ORIENTED_EDGE('',*,*,#3121,.T.);
#4053=ORIENTED_EDGE('',*,*,#3122,.T.);
#4054=ORIENTED_EDGE('',*,*,#3123,.T.);
#4055=ORIENTED_EDGE('',*,*,#3124,.T.);
#4056=ORIENTED_EDGE('',*,*,#3125,.T.);
#4057=ORIENTED_EDGE('',*,*,#3126,.T.);
#4058=ORIENTED_EDGE('',*,*,#3127,.T.);
#4059=ORIENTED_EDGE('',*,*,#3128,.T.);
#4060=ORIENTED_EDGE('',*,*,#3129,.T.);
#4061=ORIENTED_EDGE('',*,*,#3130,.T.);
#4062=ORIENTED_EDGE('',*,*,#3131,.T.);
#4063=ORIENTED_EDGE('',*,*,#3132,.T.);
#4064=ORIENTED_EDGE('',*,*,#3133,.T.);
#4065=ORIENTED_EDGE('',*,*,#3134,.F.);
#4066=ORIENTED_EDGE('',*,*,#3135,.T.);
#4067=ORIENTED_EDGE('',*,*,#3136,.T.);
#4068=ORIENTED_EDGE('',*,*,#3137,.T.);
#4069=ORIENTED_EDGE('',*,*,#3135,.F.);
#4070=ORIENTED_EDGE('',*,*,#3138,.F.);
#4071=ORIENTED_EDGE('',*,*,#3139,.T.);
#4072=ORIENTED_EDGE('',*,*,#2905,.T.);
#4073=ORIENTED_EDGE('',*,*,#3139,.F.);
#4074=ORIENTED_EDGE('',*,*,#3138,.T.);
#4075=ORIENTED_EDGE('',*,*,#3134,.T.);
#4076=ORIENTED_EDGE('',*,*,#3140,.F.);
#4077=ORIENTED_EDGE('',*,*,#3141,.T.);
#4078=ORIENTED_EDGE('',*,*,#3142,.F.);
#4079=ORIENTED_EDGE('',*,*,#3143,.F.);
#4080=ORIENTED_EDGE('',*,*,#3144,.F.);
#4081=ORIENTED_EDGE('',*,*,#3145,.F.);
#4082=ORIENTED_EDGE('',*,*,#3146,.F.);
#4083=ORIENTED_EDGE('',*,*,#3147,.F.);
#4084=ORIENTED_EDGE('',*,*,#3148,.F.);
#4085=ORIENTED_EDGE('',*,*,#3149,.F.);
#4086=ORIENTED_EDGE('',*,*,#3150,.F.);
#4087=ORIENTED_EDGE('',*,*,#3151,.F.);
#4088=ORIENTED_EDGE('',*,*,#3152,.F.);
#4089=ORIENTED_EDGE('',*,*,#3153,.F.);
#4090=ORIENTED_EDGE('',*,*,#3154,.F.);
#4091=ORIENTED_EDGE('',*,*,#3141,.F.);
#4092=ORIENTED_EDGE('',*,*,#3151,.T.);
#4093=ORIENTED_EDGE('',*,*,#3155,.F.);
#4094=ORIENTED_EDGE('',*,*,#3156,.T.);
#4095=ORIENTED_EDGE('',*,*,#3157,.T.);
#4096=ORIENTED_EDGE('',*,*,#3158,.T.);
#4097=ORIENTED_EDGE('',*,*,#3147,.T.);
#4098=ORIENTED_EDGE('',*,*,#3159,.F.);
#4099=ORIENTED_EDGE('',*,*,#3160,.T.);
#4100=ORIENTED_EDGE('',*,*,#3161,.T.);
#4101=ORIENTED_EDGE('',*,*,#3162,.T.);
#4102=ORIENTED_EDGE('',*,*,#3143,.T.);
#4103=ORIENTED_EDGE('',*,*,#3163,.F.);
#4104=ORIENTED_EDGE('',*,*,#3164,.T.);
#4105=ORIENTED_EDGE('',*,*,#3165,.T.);
#4106=ORIENTED_EDGE('',*,*,#3166,.T.);
#4107=ORIENTED_EDGE('',*,*,#3167,.F.);
#4108=ORIENTED_EDGE('',*,*,#3168,.T.);
#4109=ORIENTED_EDGE('',*,*,#2912,.F.);
#4110=ORIENTED_EDGE('',*,*,#3169,.F.);
#4111=ORIENTED_EDGE('',*,*,#3170,.F.);
#4112=ORIENTED_EDGE('',*,*,#3171,.T.);
#4113=ORIENTED_EDGE('',*,*,#2913,.F.);
#4114=ORIENTED_EDGE('',*,*,#3168,.F.);
#4115=ORIENTED_EDGE('',*,*,#3172,.F.);
#4116=ORIENTED_EDGE('',*,*,#3173,.F.);
#4117=ORIENTED_EDGE('',*,*,#2914,.F.);
#4118=ORIENTED_EDGE('',*,*,#3171,.F.);
#4119=ORIENTED_EDGE('',*,*,#3174,.F.);
#4120=ORIENTED_EDGE('',*,*,#3175,.T.);
#4121=ORIENTED_EDGE('',*,*,#2910,.F.);
#4122=ORIENTED_EDGE('',*,*,#3176,.F.);
#4123=ORIENTED_EDGE('',*,*,#3177,.F.);
#4124=ORIENTED_EDGE('',*,*,#3169,.T.);
#4125=ORIENTED_EDGE('',*,*,#2911,.F.);
#4126=ORIENTED_EDGE('',*,*,#3175,.F.);
#4127=ORIENTED_EDGE('',*,*,#3173,.T.);
#4128=ORIENTED_EDGE('',*,*,#3178,.F.);
#4129=ORIENTED_EDGE('',*,*,#3179,.T.);
#4130=ORIENTED_EDGE('',*,*,#2915,.F.);
#4131=ORIENTED_EDGE('',*,*,#3180,.F.);
#4132=ORIENTED_EDGE('',*,*,#3181,.T.);
#4133=ORIENTED_EDGE('',*,*,#2918,.F.);
#4134=ORIENTED_EDGE('',*,*,#3182,.F.);
#4135=ORIENTED_EDGE('',*,*,#3183,.F.);
#4136=ORIENTED_EDGE('',*,*,#3184,.T.);
#4137=ORIENTED_EDGE('',*,*,#2919,.F.);
#4138=ORIENTED_EDGE('',*,*,#3181,.F.);
#4139=ORIENTED_EDGE('',*,*,#3185,.F.);
#4140=ORIENTED_EDGE('',*,*,#3186,.F.);
#4141=ORIENTED_EDGE('',*,*,#2920,.F.);
#4142=ORIENTED_EDGE('',*,*,#3184,.F.);
#4143=ORIENTED_EDGE('',*,*,#3187,.F.);
#4144=ORIENTED_EDGE('',*,*,#3188,.T.);
#4145=ORIENTED_EDGE('',*,*,#2916,.F.);
#4146=ORIENTED_EDGE('',*,*,#3179,.F.);
#4147=ORIENTED_EDGE('',*,*,#3189,.F.);
#4148=ORIENTED_EDGE('',*,*,#3182,.T.);
#4149=ORIENTED_EDGE('',*,*,#2917,.F.);
#4150=ORIENTED_EDGE('',*,*,#3188,.F.);
#4151=ORIENTED_EDGE('',*,*,#3186,.T.);
#4152=ORIENTED_EDGE('',*,*,#3190,.F.);
#4153=ORIENTED_EDGE('',*,*,#3191,.T.);
#4154=ORIENTED_EDGE('',*,*,#2921,.F.);
#4155=ORIENTED_EDGE('',*,*,#3192,.F.);
#4156=ORIENTED_EDGE('',*,*,#3193,.T.);
#4157=ORIENTED_EDGE('',*,*,#2942,.F.);
#4158=ORIENTED_EDGE('',*,*,#3194,.F.);
#4159=ORIENTED_EDGE('',*,*,#3195,.F.);
#4160=ORIENTED_EDGE('',*,*,#3196,.T.);
#4161=ORIENTED_EDGE('',*,*,#2943,.F.);
#4162=ORIENTED_EDGE('',*,*,#3193,.F.);
#4163=ORIENTED_EDGE('',*,*,#3197,.F.);
#4164=ORIENTED_EDGE('',*,*,#3198,.F.);
#4165=ORIENTED_EDGE('',*,*,#2944,.F.);
#4166=ORIENTED_EDGE('',*,*,#3196,.F.);
#4167=ORIENTED_EDGE('',*,*,#3199,.F.);
#4168=ORIENTED_EDGE('',*,*,#3200,.T.);
#4169=ORIENTED_EDGE('',*,*,#2940,.F.);
#4170=ORIENTED_EDGE('',*,*,#3201,.F.);
#4171=ORIENTED_EDGE('',*,*,#3202,.F.);
#4172=ORIENTED_EDGE('',*,*,#3194,.T.);
#4173=ORIENTED_EDGE('',*,*,#2941,.F.);
#4174=ORIENTED_EDGE('',*,*,#3200,.F.);
#4175=ORIENTED_EDGE('',*,*,#3198,.T.);
#4176=ORIENTED_EDGE('',*,*,#3203,.F.);
#4177=ORIENTED_EDGE('',*,*,#3204,.T.);
#4178=ORIENTED_EDGE('',*,*,#2945,.F.);
#4179=ORIENTED_EDGE('',*,*,#3205,.F.);
#4180=ORIENTED_EDGE('',*,*,#3206,.T.);
#4181=ORIENTED_EDGE('',*,*,#2966,.F.);
#4182=ORIENTED_EDGE('',*,*,#3207,.F.);
#4183=ORIENTED_EDGE('',*,*,#3208,.F.);
#4184=ORIENTED_EDGE('',*,*,#3209,.T.);
#4185=ORIENTED_EDGE('',*,*,#2967,.F.);
#4186=ORIENTED_EDGE('',*,*,#3206,.F.);
#4187=ORIENTED_EDGE('',*,*,#3210,.F.);
#4188=ORIENTED_EDGE('',*,*,#3211,.F.);
#4189=ORIENTED_EDGE('',*,*,#2968,.F.);
#4190=ORIENTED_EDGE('',*,*,#3209,.F.);
#4191=ORIENTED_EDGE('',*,*,#3212,.F.);
#4192=ORIENTED_EDGE('',*,*,#3213,.T.);
#4193=ORIENTED_EDGE('',*,*,#2964,.F.);
#4194=ORIENTED_EDGE('',*,*,#3214,.F.);
#4195=ORIENTED_EDGE('',*,*,#3215,.F.);
#4196=ORIENTED_EDGE('',*,*,#3207,.T.);
#4197=ORIENTED_EDGE('',*,*,#2965,.F.);
#4198=ORIENTED_EDGE('',*,*,#3213,.F.);
#4199=ORIENTED_EDGE('',*,*,#3211,.T.);
#4200=ORIENTED_EDGE('',*,*,#3216,.F.);
#4201=ORIENTED_EDGE('',*,*,#3217,.T.);
#4202=ORIENTED_EDGE('',*,*,#2969,.F.);
#4203=ORIENTED_EDGE('',*,*,#3218,.F.);
#4204=ORIENTED_EDGE('',*,*,#3219,.T.);
#4205=ORIENTED_EDGE('',*,*,#2960,.F.);
#4206=ORIENTED_EDGE('',*,*,#3220,.F.);
#4207=ORIENTED_EDGE('',*,*,#3221,.F.);
#4208=ORIENTED_EDGE('',*,*,#3222,.T.);
#4209=ORIENTED_EDGE('',*,*,#2961,.F.);
#4210=ORIENTED_EDGE('',*,*,#3219,.F.);
#4211=ORIENTED_EDGE('',*,*,#3223,.F.);
#4212=ORIENTED_EDGE('',*,*,#3224,.F.);
#4213=ORIENTED_EDGE('',*,*,#2962,.F.);
#4214=ORIENTED_EDGE('',*,*,#3222,.F.);
#4215=ORIENTED_EDGE('',*,*,#3225,.F.);
#4216=ORIENTED_EDGE('',*,*,#3226,.T.);
#4217=ORIENTED_EDGE('',*,*,#2958,.F.);
#4218=ORIENTED_EDGE('',*,*,#3227,.F.);
#4219=ORIENTED_EDGE('',*,*,#3228,.F.);
#4220=ORIENTED_EDGE('',*,*,#3220,.T.);
#4221=ORIENTED_EDGE('',*,*,#2959,.F.);
#4222=ORIENTED_EDGE('',*,*,#3226,.F.);
#4223=ORIENTED_EDGE('',*,*,#3214,.T.);
#4224=ORIENTED_EDGE('',*,*,#2963,.F.);
#4225=ORIENTED_EDGE('',*,*,#3224,.T.);
#4226=ORIENTED_EDGE('',*,*,#3229,.F.);
#4227=ORIENTED_EDGE('',*,*,#3230,.F.);
#4228=ORIENTED_EDGE('',*,*,#3231,.T.);
#4229=ORIENTED_EDGE('',*,*,#2954,.F.);
#4230=ORIENTED_EDGE('',*,*,#3232,.F.);
#4231=ORIENTED_EDGE('',*,*,#3233,.F.);
#4232=ORIENTED_EDGE('',*,*,#3234,.T.);
#4233=ORIENTED_EDGE('',*,*,#2955,.F.);
#4234=ORIENTED_EDGE('',*,*,#3231,.F.);
#4235=ORIENTED_EDGE('',*,*,#3235,.F.);
#4236=ORIENTED_EDGE('',*,*,#3236,.F.);
#4237=ORIENTED_EDGE('',*,*,#2956,.F.);
#4238=ORIENTED_EDGE('',*,*,#3234,.F.);
#4239=ORIENTED_EDGE('',*,*,#3237,.F.);
#4240=ORIENTED_EDGE('',*,*,#3238,.T.);
#4241=ORIENTED_EDGE('',*,*,#2952,.F.);
#4242=ORIENTED_EDGE('',*,*,#3239,.F.);
#4243=ORIENTED_EDGE('',*,*,#3240,.F.);
#4244=ORIENTED_EDGE('',*,*,#3232,.T.);
#4245=ORIENTED_EDGE('',*,*,#2953,.F.);
#4246=ORIENTED_EDGE('',*,*,#3238,.F.);
#4247=ORIENTED_EDGE('',*,*,#3227,.T.);
#4248=ORIENTED_EDGE('',*,*,#2957,.F.);
#4249=ORIENTED_EDGE('',*,*,#3236,.T.);
#4250=ORIENTED_EDGE('',*,*,#3241,.F.);
#4251=ORIENTED_EDGE('',*,*,#3242,.F.);
#4252=ORIENTED_EDGE('',*,*,#3243,.T.);
#4253=ORIENTED_EDGE('',*,*,#2948,.F.);
#4254=ORIENTED_EDGE('',*,*,#3244,.F.);
#4255=ORIENTED_EDGE('',*,*,#3245,.F.);
#4256=ORIENTED_EDGE('',*,*,#3246,.T.);
#4257=ORIENTED_EDGE('',*,*,#2949,.F.);
#4258=ORIENTED_EDGE('',*,*,#3243,.F.);
#4259=ORIENTED_EDGE('',*,*,#3247,.F.);
#4260=ORIENTED_EDGE('',*,*,#3248,.F.);
#4261=ORIENTED_EDGE('',*,*,#2950,.F.);
#4262=ORIENTED_EDGE('',*,*,#3246,.F.);
#4263=ORIENTED_EDGE('',*,*,#3249,.F.);
#4264=ORIENTED_EDGE('',*,*,#3250,.T.);
#4265=ORIENTED_EDGE('',*,*,#2946,.F.);
#4266=ORIENTED_EDGE('',*,*,#3204,.F.);
#4267=ORIENTED_EDGE('',*,*,#3251,.F.);
#4268=ORIENTED_EDGE('',*,*,#3244,.T.);
#4269=ORIENTED_EDGE('',*,*,#2947,.F.);
#4270=ORIENTED_EDGE('',*,*,#3250,.F.);
#4271=ORIENTED_EDGE('',*,*,#3239,.T.);
#4272=ORIENTED_EDGE('',*,*,#2951,.F.);
#4273=ORIENTED_EDGE('',*,*,#3248,.T.);
#4274=ORIENTED_EDGE('',*,*,#3252,.F.);
#4275=ORIENTED_EDGE('',*,*,#3253,.F.);
#4276=ORIENTED_EDGE('',*,*,#3254,.T.);
#4277=ORIENTED_EDGE('',*,*,#2930,.F.);
#4278=ORIENTED_EDGE('',*,*,#3255,.F.);
#4279=ORIENTED_EDGE('',*,*,#3256,.F.);
#4280=ORIENTED_EDGE('',*,*,#3257,.T.);
#4281=ORIENTED_EDGE('',*,*,#2931,.F.);
#4282=ORIENTED_EDGE('',*,*,#3254,.F.);
#4283=ORIENTED_EDGE('',*,*,#3258,.F.);
#4284=ORIENTED_EDGE('',*,*,#3259,.F.);
#4285=ORIENTED_EDGE('',*,*,#2932,.F.);
#4286=ORIENTED_EDGE('',*,*,#3257,.F.);
#4287=ORIENTED_EDGE('',*,*,#3260,.F.);
#4288=ORIENTED_EDGE('',*,*,#3261,.T.);
#4289=ORIENTED_EDGE('',*,*,#2928,.F.);
#4290=ORIENTED_EDGE('',*,*,#3262,.F.);
#4291=ORIENTED_EDGE('',*,*,#3263,.F.);
#4292=ORIENTED_EDGE('',*,*,#3255,.T.);
#4293=ORIENTED_EDGE('',*,*,#2929,.F.);
#4294=ORIENTED_EDGE('',*,*,#3261,.F.);
#4295=ORIENTED_EDGE('',*,*,#3259,.T.);
#4296=ORIENTED_EDGE('',*,*,#3264,.F.);
#4297=ORIENTED_EDGE('',*,*,#3265,.T.);
#4298=ORIENTED_EDGE('',*,*,#2933,.F.);
#4299=ORIENTED_EDGE('',*,*,#3266,.F.);
#4300=ORIENTED_EDGE('',*,*,#3267,.T.);
#4301=ORIENTED_EDGE('',*,*,#2936,.F.);
#4302=ORIENTED_EDGE('',*,*,#3268,.F.);
#4303=ORIENTED_EDGE('',*,*,#3269,.F.);
#4304=ORIENTED_EDGE('',*,*,#3270,.T.);
#4305=ORIENTED_EDGE('',*,*,#2937,.F.);
#4306=ORIENTED_EDGE('',*,*,#3267,.F.);
#4307=ORIENTED_EDGE('',*,*,#3271,.F.);
#4308=ORIENTED_EDGE('',*,*,#3272,.F.);
#4309=ORIENTED_EDGE('',*,*,#2938,.F.);
#4310=ORIENTED_EDGE('',*,*,#3270,.F.);
#4311=ORIENTED_EDGE('',*,*,#3273,.F.);
#4312=ORIENTED_EDGE('',*,*,#3274,.T.);
#4313=ORIENTED_EDGE('',*,*,#2934,.F.);
#4314=ORIENTED_EDGE('',*,*,#3265,.F.);
#4315=ORIENTED_EDGE('',*,*,#3275,.F.);
#4316=ORIENTED_EDGE('',*,*,#3268,.T.);
#4317=ORIENTED_EDGE('',*,*,#2935,.F.);
#4318=ORIENTED_EDGE('',*,*,#3274,.F.);
#4319=ORIENTED_EDGE('',*,*,#3201,.T.);
#4320=ORIENTED_EDGE('',*,*,#2939,.F.);
#4321=ORIENTED_EDGE('',*,*,#3272,.T.);
#4322=ORIENTED_EDGE('',*,*,#3276,.F.);
#4323=ORIENTED_EDGE('',*,*,#3277,.F.);
#4324=ORIENTED_EDGE('',*,*,#3278,.T.);
#4325=ORIENTED_EDGE('',*,*,#2924,.F.);
#4326=ORIENTED_EDGE('',*,*,#3279,.F.);
#4327=ORIENTED_EDGE('',*,*,#3280,.F.);
#4328=ORIENTED_EDGE('',*,*,#3281,.T.);
#4329=ORIENTED_EDGE('',*,*,#2925,.F.);
#4330=ORIENTED_EDGE('',*,*,#3278,.F.);
#4331=ORIENTED_EDGE('',*,*,#3282,.F.);
#4332=ORIENTED_EDGE('',*,*,#3283,.F.);
#4333=ORIENTED_EDGE('',*,*,#2926,.F.);
#4334=ORIENTED_EDGE('',*,*,#3281,.F.);
#4335=ORIENTED_EDGE('',*,*,#3284,.F.);
#4336=ORIENTED_EDGE('',*,*,#3285,.T.);
#4337=ORIENTED_EDGE('',*,*,#2922,.F.);
#4338=ORIENTED_EDGE('',*,*,#3191,.F.);
#4339=ORIENTED_EDGE('',*,*,#3286,.F.);
#4340=ORIENTED_EDGE('',*,*,#3279,.T.);
#4341=ORIENTED_EDGE('',*,*,#2923,.F.);
#4342=ORIENTED_EDGE('',*,*,#3285,.F.);
#4343=ORIENTED_EDGE('',*,*,#3262,.T.);
#4344=ORIENTED_EDGE('',*,*,#2927,.F.);
#4345=ORIENTED_EDGE('',*,*,#3283,.T.);
#4346=ORIENTED_EDGE('',*,*,#3287,.F.);
#4347=ORIENTED_EDGE('',*,*,#3288,.F.);
#4348=ORIENTED_EDGE('',*,*,#3289,.T.);
#4349=ORIENTED_EDGE('',*,*,#3122,.F.);
#4350=ORIENTED_EDGE('',*,*,#3290,.F.);
#4351=ORIENTED_EDGE('',*,*,#3291,.F.);
#4352=ORIENTED_EDGE('',*,*,#3292,.T.);
#4353=ORIENTED_EDGE('',*,*,#3123,.F.);
#4354=ORIENTED_EDGE('',*,*,#3289,.F.);
#4355=ORIENTED_EDGE('',*,*,#3293,.F.);
#4356=ORIENTED_EDGE('',*,*,#3294,.F.);
#4357=ORIENTED_EDGE('',*,*,#3124,.F.);
#4358=ORIENTED_EDGE('',*,*,#3292,.F.);
#4359=ORIENTED_EDGE('',*,*,#3295,.F.);
#4360=ORIENTED_EDGE('',*,*,#3296,.T.);
#4361=ORIENTED_EDGE('',*,*,#3120,.F.);
#4362=ORIENTED_EDGE('',*,*,#3297,.F.);
#4363=ORIENTED_EDGE('',*,*,#3298,.F.);
#4364=ORIENTED_EDGE('',*,*,#3290,.T.);
#4365=ORIENTED_EDGE('',*,*,#3121,.F.);
#4366=ORIENTED_EDGE('',*,*,#3296,.F.);
#4367=ORIENTED_EDGE('',*,*,#3294,.T.);
#4368=ORIENTED_EDGE('',*,*,#3299,.F.);
#4369=ORIENTED_EDGE('',*,*,#3300,.T.);
#4370=ORIENTED_EDGE('',*,*,#3125,.F.);
#4371=ORIENTED_EDGE('',*,*,#3301,.F.);
#4372=ORIENTED_EDGE('',*,*,#3302,.T.);
#4373=ORIENTED_EDGE('',*,*,#3116,.F.);
#4374=ORIENTED_EDGE('',*,*,#3303,.F.);
#4375=ORIENTED_EDGE('',*,*,#3304,.F.);
#4376=ORIENTED_EDGE('',*,*,#3305,.T.);
#4377=ORIENTED_EDGE('',*,*,#3117,.F.);
#4378=ORIENTED_EDGE('',*,*,#3302,.F.);
#4379=ORIENTED_EDGE('',*,*,#3306,.F.);
#4380=ORIENTED_EDGE('',*,*,#3307,.F.);
#4381=ORIENTED_EDGE('',*,*,#3118,.F.);
#4382=ORIENTED_EDGE('',*,*,#3305,.F.);
#4383=ORIENTED_EDGE('',*,*,#3308,.F.);
#4384=ORIENTED_EDGE('',*,*,#3309,.T.);
#4385=ORIENTED_EDGE('',*,*,#3114,.F.);
#4386=ORIENTED_EDGE('',*,*,#3310,.F.);
#4387=ORIENTED_EDGE('',*,*,#3311,.F.);
#4388=ORIENTED_EDGE('',*,*,#3303,.T.);
#4389=ORIENTED_EDGE('',*,*,#3115,.F.);
#4390=ORIENTED_EDGE('',*,*,#3309,.F.);
#4391=ORIENTED_EDGE('',*,*,#3297,.T.);
#4392=ORIENTED_EDGE('',*,*,#3119,.F.);
#4393=ORIENTED_EDGE('',*,*,#3307,.T.);
#4394=ORIENTED_EDGE('',*,*,#3312,.F.);
#4395=ORIENTED_EDGE('',*,*,#3313,.F.);
#4396=ORIENTED_EDGE('',*,*,#3314,.T.);
#4397=ORIENTED_EDGE('',*,*,#3128,.F.);
#4398=ORIENTED_EDGE('',*,*,#3315,.F.);
#4399=ORIENTED_EDGE('',*,*,#3316,.F.);
#4400=ORIENTED_EDGE('',*,*,#3317,.T.);
#4401=ORIENTED_EDGE('',*,*,#3129,.F.);
#4402=ORIENTED_EDGE('',*,*,#3314,.F.);
#4403=ORIENTED_EDGE('',*,*,#3318,.F.);
#4404=ORIENTED_EDGE('',*,*,#3319,.F.);
#4405=ORIENTED_EDGE('',*,*,#3130,.F.);
#4406=ORIENTED_EDGE('',*,*,#3317,.F.);
#4407=ORIENTED_EDGE('',*,*,#3320,.F.);
#4408=ORIENTED_EDGE('',*,*,#3321,.T.);
#4409=ORIENTED_EDGE('',*,*,#3126,.F.);
#4410=ORIENTED_EDGE('',*,*,#3300,.F.);
#4411=ORIENTED_EDGE('',*,*,#3322,.F.);
#4412=ORIENTED_EDGE('',*,*,#3315,.T.);
#4413=ORIENTED_EDGE('',*,*,#3127,.F.);
#4414=ORIENTED_EDGE('',*,*,#3321,.F.);
#4415=ORIENTED_EDGE('',*,*,#3319,.T.);
#4416=ORIENTED_EDGE('',*,*,#3323,.F.);
#4417=ORIENTED_EDGE('',*,*,#3324,.T.);
#4418=ORIENTED_EDGE('',*,*,#3131,.F.);
#4419=ORIENTED_EDGE('',*,*,#3325,.F.);
#4420=ORIENTED_EDGE('',*,*,#3326,.T.);
#4421=ORIENTED_EDGE('',*,*,#3032,.F.);
#4422=ORIENTED_EDGE('',*,*,#3327,.F.);
#4423=ORIENTED_EDGE('',*,*,#3328,.F.);
#4424=ORIENTED_EDGE('',*,*,#3329,.T.);
#4425=ORIENTED_EDGE('',*,*,#3033,.F.);
#4426=ORIENTED_EDGE('',*,*,#3326,.F.);
#4427=ORIENTED_EDGE('',*,*,#3330,.F.);
#4428=ORIENTED_EDGE('',*,*,#3331,.F.);
#4429=ORIENTED_EDGE('',*,*,#3034,.F.);
#4430=ORIENTED_EDGE('',*,*,#3329,.F.);
#4431=ORIENTED_EDGE('',*,*,#3332,.F.);
#4432=ORIENTED_EDGE('',*,*,#3333,.T.);
#4433=ORIENTED_EDGE('',*,*,#3030,.F.);
#4434=ORIENTED_EDGE('',*,*,#3334,.F.);
#4435=ORIENTED_EDGE('',*,*,#3335,.F.);
#4436=ORIENTED_EDGE('',*,*,#3327,.T.);
#4437=ORIENTED_EDGE('',*,*,#3031,.F.);
#4438=ORIENTED_EDGE('',*,*,#3333,.F.);
#4439=ORIENTED_EDGE('',*,*,#3331,.T.);
#4440=ORIENTED_EDGE('',*,*,#3336,.F.);
#4441=ORIENTED_EDGE('',*,*,#3337,.T.);
#4442=ORIENTED_EDGE('',*,*,#3035,.F.);
#4443=ORIENTED_EDGE('',*,*,#3338,.F.);
#4444=ORIENTED_EDGE('',*,*,#3339,.T.);
#4445=ORIENTED_EDGE('',*,*,#3038,.F.);
#4446=ORIENTED_EDGE('',*,*,#3340,.F.);
#4447=ORIENTED_EDGE('',*,*,#3341,.F.);
#4448=ORIENTED_EDGE('',*,*,#3342,.T.);
#4449=ORIENTED_EDGE('',*,*,#3039,.F.);
#4450=ORIENTED_EDGE('',*,*,#3339,.F.);
#4451=ORIENTED_EDGE('',*,*,#3343,.F.);
#4452=ORIENTED_EDGE('',*,*,#3344,.F.);
#4453=ORIENTED_EDGE('',*,*,#3040,.F.);
#4454=ORIENTED_EDGE('',*,*,#3342,.F.);
#4455=ORIENTED_EDGE('',*,*,#3345,.F.);
#4456=ORIENTED_EDGE('',*,*,#3346,.T.);
#4457=ORIENTED_EDGE('',*,*,#3036,.F.);
#4458=ORIENTED_EDGE('',*,*,#3337,.F.);
#4459=ORIENTED_EDGE('',*,*,#3347,.F.);
#4460=ORIENTED_EDGE('',*,*,#3340,.T.);
#4461=ORIENTED_EDGE('',*,*,#3037,.F.);
#4462=ORIENTED_EDGE('',*,*,#3346,.F.);
#4463=ORIENTED_EDGE('',*,*,#3344,.T.);
#4464=ORIENTED_EDGE('',*,*,#3348,.F.);
#4465=ORIENTED_EDGE('',*,*,#3349,.T.);
#4466=ORIENTED_EDGE('',*,*,#3041,.F.);
#4467=ORIENTED_EDGE('',*,*,#3350,.F.);
#4468=ORIENTED_EDGE('',*,*,#3351,.T.);
#4469=ORIENTED_EDGE('',*,*,#3050,.F.);
#4470=ORIENTED_EDGE('',*,*,#3352,.F.);
#4471=ORIENTED_EDGE('',*,*,#3353,.F.);
#4472=ORIENTED_EDGE('',*,*,#3354,.T.);
#4473=ORIENTED_EDGE('',*,*,#3051,.F.);
#4474=ORIENTED_EDGE('',*,*,#3351,.F.);
#4475=ORIENTED_EDGE('',*,*,#3355,.F.);
#4476=ORIENTED_EDGE('',*,*,#3356,.F.);
#4477=ORIENTED_EDGE('',*,*,#3052,.F.);
#4478=ORIENTED_EDGE('',*,*,#3354,.F.);
#4479=ORIENTED_EDGE('',*,*,#3357,.F.);
#4480=ORIENTED_EDGE('',*,*,#3358,.T.);
#4481=ORIENTED_EDGE('',*,*,#3048,.F.);
#4482=ORIENTED_EDGE('',*,*,#3359,.F.);
#4483=ORIENTED_EDGE('',*,*,#3360,.F.);
#4484=ORIENTED_EDGE('',*,*,#3352,.T.);
#4485=ORIENTED_EDGE('',*,*,#3049,.F.);
#4486=ORIENTED_EDGE('',*,*,#3358,.F.);
#4487=ORIENTED_EDGE('',*,*,#3356,.T.);
#4488=ORIENTED_EDGE('',*,*,#3361,.F.);
#4489=ORIENTED_EDGE('',*,*,#3362,.T.);
#4490=ORIENTED_EDGE('',*,*,#3053,.F.);
#4491=ORIENTED_EDGE('',*,*,#3363,.F.);
#4492=ORIENTED_EDGE('',*,*,#3364,.T.);
#4493=ORIENTED_EDGE('',*,*,#3026,.F.);
#4494=ORIENTED_EDGE('',*,*,#3365,.F.);
#4495=ORIENTED_EDGE('',*,*,#3366,.F.);
#4496=ORIENTED_EDGE('',*,*,#3367,.T.);
#4497=ORIENTED_EDGE('',*,*,#3027,.F.);
#4498=ORIENTED_EDGE('',*,*,#3364,.F.);
#4499=ORIENTED_EDGE('',*,*,#3368,.F.);
#4500=ORIENTED_EDGE('',*,*,#3369,.F.);
#4501=ORIENTED_EDGE('',*,*,#3028,.F.);
#4502=ORIENTED_EDGE('',*,*,#3367,.F.);
#4503=ORIENTED_EDGE('',*,*,#3370,.F.);
#4504=ORIENTED_EDGE('',*,*,#3371,.T.);
#4505=ORIENTED_EDGE('',*,*,#3024,.F.);
#4506=ORIENTED_EDGE('',*,*,#3372,.F.);
#4507=ORIENTED_EDGE('',*,*,#3373,.F.);
#4508=ORIENTED_EDGE('',*,*,#3365,.T.);
#4509=ORIENTED_EDGE('',*,*,#3025,.F.);
#4510=ORIENTED_EDGE('',*,*,#3371,.F.);
#4511=ORIENTED_EDGE('',*,*,#3334,.T.);
#4512=ORIENTED_EDGE('',*,*,#3029,.F.);
#4513=ORIENTED_EDGE('',*,*,#3369,.T.);
#4514=ORIENTED_EDGE('',*,*,#3374,.F.);
#4515=ORIENTED_EDGE('',*,*,#3375,.F.);
#4516=ORIENTED_EDGE('',*,*,#3376,.T.);
#4517=ORIENTED_EDGE('',*,*,#3020,.F.);
#4518=ORIENTED_EDGE('',*,*,#3377,.F.);
#4519=ORIENTED_EDGE('',*,*,#3378,.F.);
#4520=ORIENTED_EDGE('',*,*,#3379,.T.);
#4521=ORIENTED_EDGE('',*,*,#3021,.F.);
#4522=ORIENTED_EDGE('',*,*,#3376,.F.);
#4523=ORIENTED_EDGE('',*,*,#3380,.F.);
#4524=ORIENTED_EDGE('',*,*,#3381,.F.);
#4525=ORIENTED_EDGE('',*,*,#3022,.F.);
#4526=ORIENTED_EDGE('',*,*,#3379,.F.);
#4527=ORIENTED_EDGE('',*,*,#3382,.F.);
#4528=ORIENTED_EDGE('',*,*,#3383,.T.);
#4529=ORIENTED_EDGE('',*,*,#3018,.F.);
#4530=ORIENTED_EDGE('',*,*,#3384,.F.);
#4531=ORIENTED_EDGE('',*,*,#3385,.F.);
#4532=ORIENTED_EDGE('',*,*,#3377,.T.);
#4533=ORIENTED_EDGE('',*,*,#3019,.F.);
#4534=ORIENTED_EDGE('',*,*,#3383,.F.);
#4535=ORIENTED_EDGE('',*,*,#3372,.T.);
#4536=ORIENTED_EDGE('',*,*,#3023,.F.);
#4537=ORIENTED_EDGE('',*,*,#3381,.T.);
#4538=ORIENTED_EDGE('',*,*,#3386,.F.);
#4539=ORIENTED_EDGE('',*,*,#3387,.F.);
#4540=ORIENTED_EDGE('',*,*,#3388,.T.);
#4541=ORIENTED_EDGE('',*,*,#3044,.F.);
#4542=ORIENTED_EDGE('',*,*,#3389,.F.);
#4543=ORIENTED_EDGE('',*,*,#3390,.F.);
#4544=ORIENTED_EDGE('',*,*,#3391,.T.);
#4545=ORIENTED_EDGE('',*,*,#3045,.F.);
#4546=ORIENTED_EDGE('',*,*,#3388,.F.);
#4547=ORIENTED_EDGE('',*,*,#3392,.F.);
#4548=ORIENTED_EDGE('',*,*,#3393,.F.);
#4549=ORIENTED_EDGE('',*,*,#3046,.F.);
#4550=ORIENTED_EDGE('',*,*,#3391,.F.);
#4551=ORIENTED_EDGE('',*,*,#3394,.F.);
#4552=ORIENTED_EDGE('',*,*,#3395,.T.);
#4553=ORIENTED_EDGE('',*,*,#3042,.F.);
#4554=ORIENTED_EDGE('',*,*,#3349,.F.);
#4555=ORIENTED_EDGE('',*,*,#3396,.F.);
#4556=ORIENTED_EDGE('',*,*,#3389,.T.);
#4557=ORIENTED_EDGE('',*,*,#3043,.F.);
#4558=ORIENTED_EDGE('',*,*,#3395,.F.);
#4559=ORIENTED_EDGE('',*,*,#3359,.T.);
#4560=ORIENTED_EDGE('',*,*,#3047,.F.);
#4561=ORIENTED_EDGE('',*,*,#3393,.T.);
#4562=ORIENTED_EDGE('',*,*,#3397,.F.);
#4563=ORIENTED_EDGE('',*,*,#3398,.F.);
#4564=ORIENTED_EDGE('',*,*,#3399,.T.);
#4565=ORIENTED_EDGE('',*,*,#3056,.F.);
#4566=ORIENTED_EDGE('',*,*,#3400,.F.);
#4567=ORIENTED_EDGE('',*,*,#3401,.F.);
#4568=ORIENTED_EDGE('',*,*,#3402,.T.);
#4569=ORIENTED_EDGE('',*,*,#3057,.F.);
#4570=ORIENTED_EDGE('',*,*,#3399,.F.);
#4571=ORIENTED_EDGE('',*,*,#3403,.F.);
#4572=ORIENTED_EDGE('',*,*,#3404,.F.);
#4573=ORIENTED_EDGE('',*,*,#3058,.F.);
#4574=ORIENTED_EDGE('',*,*,#3402,.F.);
#4575=ORIENTED_EDGE('',*,*,#3405,.F.);
#4576=ORIENTED_EDGE('',*,*,#3406,.T.);
#4577=ORIENTED_EDGE('',*,*,#3054,.F.);
#4578=ORIENTED_EDGE('',*,*,#3362,.F.);
#4579=ORIENTED_EDGE('',*,*,#3407,.F.);
#4580=ORIENTED_EDGE('',*,*,#3400,.T.);
#4581=ORIENTED_EDGE('',*,*,#3055,.F.);
#4582=ORIENTED_EDGE('',*,*,#3406,.F.);
#4583=ORIENTED_EDGE('',*,*,#3404,.T.);
#4584=ORIENTED_EDGE('',*,*,#3408,.F.);
#4585=ORIENTED_EDGE('',*,*,#3409,.T.);
#4586=ORIENTED_EDGE('',*,*,#3059,.F.);
#4587=ORIENTED_EDGE('',*,*,#3410,.F.);
#4588=ORIENTED_EDGE('',*,*,#3411,.T.);
#4589=ORIENTED_EDGE('',*,*,#3062,.F.);
#4590=ORIENTED_EDGE('',*,*,#3412,.F.);
#4591=ORIENTED_EDGE('',*,*,#3413,.F.);
#4592=ORIENTED_EDGE('',*,*,#3414,.T.);
#4593=ORIENTED_EDGE('',*,*,#3063,.F.);
#4594=ORIENTED_EDGE('',*,*,#3411,.F.);
#4595=ORIENTED_EDGE('',*,*,#3415,.F.);
#4596=ORIENTED_EDGE('',*,*,#3416,.F.);
#4597=ORIENTED_EDGE('',*,*,#3064,.F.);
#4598=ORIENTED_EDGE('',*,*,#3414,.F.);
#4599=ORIENTED_EDGE('',*,*,#3417,.F.);
#4600=ORIENTED_EDGE('',*,*,#3418,.T.);
#4601=ORIENTED_EDGE('',*,*,#3060,.F.);
#4602=ORIENTED_EDGE('',*,*,#3409,.F.);
#4603=ORIENTED_EDGE('',*,*,#3419,.F.);
#4604=ORIENTED_EDGE('',*,*,#3412,.T.);
#4605=ORIENTED_EDGE('',*,*,#3061,.F.);
#4606=ORIENTED_EDGE('',*,*,#3418,.F.);
#4607=ORIENTED_EDGE('',*,*,#3416,.T.);
#4608=ORIENTED_EDGE('',*,*,#3420,.F.);
#4609=ORIENTED_EDGE('',*,*,#3421,.T.);
#4610=ORIENTED_EDGE('',*,*,#3065,.F.);
#4611=ORIENTED_EDGE('',*,*,#3422,.F.);
#4612=ORIENTED_EDGE('',*,*,#3423,.T.);
#4613=ORIENTED_EDGE('',*,*,#3098,.F.);
#4614=ORIENTED_EDGE('',*,*,#3424,.F.);
#4615=ORIENTED_EDGE('',*,*,#3425,.F.);
#4616=ORIENTED_EDGE('',*,*,#3426,.T.);
#4617=ORIENTED_EDGE('',*,*,#3099,.F.);
#4618=ORIENTED_EDGE('',*,*,#3423,.F.);
#4619=ORIENTED_EDGE('',*,*,#3427,.F.);
#4620=ORIENTED_EDGE('',*,*,#3428,.F.);
#4621=ORIENTED_EDGE('',*,*,#3100,.F.);
#4622=ORIENTED_EDGE('',*,*,#3426,.F.);
#4623=ORIENTED_EDGE('',*,*,#3429,.F.);
#4624=ORIENTED_EDGE('',*,*,#3430,.T.);
#4625=ORIENTED_EDGE('',*,*,#3096,.F.);
#4626=ORIENTED_EDGE('',*,*,#3431,.F.);
#4627=ORIENTED_EDGE('',*,*,#3432,.F.);
#4628=ORIENTED_EDGE('',*,*,#3424,.T.);
#4629=ORIENTED_EDGE('',*,*,#3097,.F.);
#4630=ORIENTED_EDGE('',*,*,#3430,.F.);
#4631=ORIENTED_EDGE('',*,*,#3428,.T.);
#4632=ORIENTED_EDGE('',*,*,#3433,.F.);
#4633=ORIENTED_EDGE('',*,*,#3434,.T.);
#4634=ORIENTED_EDGE('',*,*,#3101,.F.);
#4635=ORIENTED_EDGE('',*,*,#3435,.F.);
#4636=ORIENTED_EDGE('',*,*,#3436,.T.);
#4637=ORIENTED_EDGE('',*,*,#3092,.F.);
#4638=ORIENTED_EDGE('',*,*,#3437,.F.);
#4639=ORIENTED_EDGE('',*,*,#3438,.F.);
#4640=ORIENTED_EDGE('',*,*,#3439,.T.);
#4641=ORIENTED_EDGE('',*,*,#3093,.F.);
#4642=ORIENTED_EDGE('',*,*,#3436,.F.);
#4643=ORIENTED_EDGE('',*,*,#3440,.F.);
#4644=ORIENTED_EDGE('',*,*,#3441,.F.);
#4645=ORIENTED_EDGE('',*,*,#3094,.F.);
#4646=ORIENTED_EDGE('',*,*,#3439,.F.);
#4647=ORIENTED_EDGE('',*,*,#3442,.F.);
#4648=ORIENTED_EDGE('',*,*,#3443,.T.);
#4649=ORIENTED_EDGE('',*,*,#3090,.F.);
#4650=ORIENTED_EDGE('',*,*,#3444,.F.);
#4651=ORIENTED_EDGE('',*,*,#3445,.F.);
#4652=ORIENTED_EDGE('',*,*,#3437,.T.);
#4653=ORIENTED_EDGE('',*,*,#3091,.F.);
#4654=ORIENTED_EDGE('',*,*,#3443,.F.);
#4655=ORIENTED_EDGE('',*,*,#3431,.T.);
#4656=ORIENTED_EDGE('',*,*,#3095,.F.);
#4657=ORIENTED_EDGE('',*,*,#3441,.T.);
#4658=ORIENTED_EDGE('',*,*,#3446,.F.);
#4659=ORIENTED_EDGE('',*,*,#3447,.F.);
#4660=ORIENTED_EDGE('',*,*,#3448,.T.);
#4661=ORIENTED_EDGE('',*,*,#3068,.F.);
#4662=ORIENTED_EDGE('',*,*,#3449,.F.);
#4663=ORIENTED_EDGE('',*,*,#3450,.F.);
#4664=ORIENTED_EDGE('',*,*,#3451,.T.);
#4665=ORIENTED_EDGE('',*,*,#3069,.F.);
#4666=ORIENTED_EDGE('',*,*,#3448,.F.);
#4667=ORIENTED_EDGE('',*,*,#3452,.F.);
#4668=ORIENTED_EDGE('',*,*,#3453,.F.);
#4669=ORIENTED_EDGE('',*,*,#3070,.F.);
#4670=ORIENTED_EDGE('',*,*,#3451,.F.);
#4671=ORIENTED_EDGE('',*,*,#3454,.F.);
#4672=ORIENTED_EDGE('',*,*,#3455,.T.);
#4673=ORIENTED_EDGE('',*,*,#3066,.F.);
#4674=ORIENTED_EDGE('',*,*,#3421,.F.);
#4675=ORIENTED_EDGE('',*,*,#3456,.F.);
#4676=ORIENTED_EDGE('',*,*,#3449,.T.);
#4677=ORIENTED_EDGE('',*,*,#3067,.F.);
#4678=ORIENTED_EDGE('',*,*,#3455,.F.);
#4679=ORIENTED_EDGE('',*,*,#3453,.T.);
#4680=ORIENTED_EDGE('',*,*,#3457,.F.);
#4681=ORIENTED_EDGE('',*,*,#3458,.T.);
#4682=ORIENTED_EDGE('',*,*,#3071,.F.);
#4683=ORIENTED_EDGE('',*,*,#3459,.F.);
#4684=ORIENTED_EDGE('',*,*,#3460,.T.);
#4685=ORIENTED_EDGE('',*,*,#3086,.F.);
#4686=ORIENTED_EDGE('',*,*,#3461,.F.);
#4687=ORIENTED_EDGE('',*,*,#3462,.F.);
#4688=ORIENTED_EDGE('',*,*,#3463,.T.);
#4689=ORIENTED_EDGE('',*,*,#3087,.F.);
#4690=ORIENTED_EDGE('',*,*,#3460,.F.);
#4691=ORIENTED_EDGE('',*,*,#3464,.F.);
#4692=ORIENTED_EDGE('',*,*,#3465,.F.);
#4693=ORIENTED_EDGE('',*,*,#3088,.F.);
#4694=ORIENTED_EDGE('',*,*,#3463,.F.);
#4695=ORIENTED_EDGE('',*,*,#3466,.F.);
#4696=ORIENTED_EDGE('',*,*,#3467,.T.);
#4697=ORIENTED_EDGE('',*,*,#3084,.F.);
#4698=ORIENTED_EDGE('',*,*,#3468,.F.);
#4699=ORIENTED_EDGE('',*,*,#3469,.F.);
#4700=ORIENTED_EDGE('',*,*,#3461,.T.);
#4701=ORIENTED_EDGE('',*,*,#3085,.F.);
#4702=ORIENTED_EDGE('',*,*,#3467,.F.);
#4703=ORIENTED_EDGE('',*,*,#3444,.T.);
#4704=ORIENTED_EDGE('',*,*,#3089,.F.);
#4705=ORIENTED_EDGE('',*,*,#3465,.T.);
#4706=ORIENTED_EDGE('',*,*,#3470,.F.);
#4707=ORIENTED_EDGE('',*,*,#3471,.F.);
#4708=ORIENTED_EDGE('',*,*,#3472,.T.);
#4709=ORIENTED_EDGE('',*,*,#3110,.F.);
#4710=ORIENTED_EDGE('',*,*,#3473,.F.);
#4711=ORIENTED_EDGE('',*,*,#3474,.F.);
#4712=ORIENTED_EDGE('',*,*,#3475,.T.);
#4713=ORIENTED_EDGE('',*,*,#3111,.F.);
#4714=ORIENTED_EDGE('',*,*,#3472,.F.);
#4715=ORIENTED_EDGE('',*,*,#3476,.F.);
#4716=ORIENTED_EDGE('',*,*,#3477,.F.);
#4717=ORIENTED_EDGE('',*,*,#3112,.F.);
#4718=ORIENTED_EDGE('',*,*,#3475,.F.);
#4719=ORIENTED_EDGE('',*,*,#3478,.F.);
#4720=ORIENTED_EDGE('',*,*,#3479,.T.);
#4721=ORIENTED_EDGE('',*,*,#3108,.F.);
#4722=ORIENTED_EDGE('',*,*,#3480,.F.);
#4723=ORIENTED_EDGE('',*,*,#3481,.F.);
#4724=ORIENTED_EDGE('',*,*,#3473,.T.);
#4725=ORIENTED_EDGE('',*,*,#3109,.F.);
#4726=ORIENTED_EDGE('',*,*,#3479,.F.);
#4727=ORIENTED_EDGE('',*,*,#3310,.T.);
#4728=ORIENTED_EDGE('',*,*,#3113,.F.);
#4729=ORIENTED_EDGE('',*,*,#3477,.T.);
#4730=ORIENTED_EDGE('',*,*,#3482,.F.);
#4731=ORIENTED_EDGE('',*,*,#3483,.F.);
#4732=ORIENTED_EDGE('',*,*,#3484,.T.);
#4733=ORIENTED_EDGE('',*,*,#3104,.F.);
#4734=ORIENTED_EDGE('',*,*,#3485,.F.);
#4735=ORIENTED_EDGE('',*,*,#3486,.F.);
#4736=ORIENTED_EDGE('',*,*,#3487,.T.);
#4737=ORIENTED_EDGE('',*,*,#3105,.F.);
#4738=ORIENTED_EDGE('',*,*,#3484,.F.);
#4739=ORIENTED_EDGE('',*,*,#3488,.F.);
#4740=ORIENTED_EDGE('',*,*,#3489,.F.);
#4741=ORIENTED_EDGE('',*,*,#3106,.F.);
#4742=ORIENTED_EDGE('',*,*,#3487,.F.);
#4743=ORIENTED_EDGE('',*,*,#3490,.F.);
#4744=ORIENTED_EDGE('',*,*,#3491,.T.);
#4745=ORIENTED_EDGE('',*,*,#3102,.F.);
#4746=ORIENTED_EDGE('',*,*,#3434,.F.);
#4747=ORIENTED_EDGE('',*,*,#3492,.F.);
#4748=ORIENTED_EDGE('',*,*,#3485,.T.);
#4749=ORIENTED_EDGE('',*,*,#3103,.F.);
#4750=ORIENTED_EDGE('',*,*,#3491,.F.);
#4751=ORIENTED_EDGE('',*,*,#3480,.T.);
#4752=ORIENTED_EDGE('',*,*,#3107,.F.);
#4753=ORIENTED_EDGE('',*,*,#3489,.T.);
#4754=ORIENTED_EDGE('',*,*,#3493,.F.);
#4755=ORIENTED_EDGE('',*,*,#3494,.F.);
#4756=ORIENTED_EDGE('',*,*,#3495,.T.);
#4757=ORIENTED_EDGE('',*,*,#3080,.F.);
#4758=ORIENTED_EDGE('',*,*,#3496,.F.);
#4759=ORIENTED_EDGE('',*,*,#3497,.F.);
#4760=ORIENTED_EDGE('',*,*,#3498,.T.);
#4761=ORIENTED_EDGE('',*,*,#3081,.F.);
#4762=ORIENTED_EDGE('',*,*,#3495,.F.);
#4763=ORIENTED_EDGE('',*,*,#3499,.F.);
#4764=ORIENTED_EDGE('',*,*,#3500,.F.);
#4765=ORIENTED_EDGE('',*,*,#3082,.F.);
#4766=ORIENTED_EDGE('',*,*,#3498,.F.);
#4767=ORIENTED_EDGE('',*,*,#3501,.F.);
#4768=ORIENTED_EDGE('',*,*,#3502,.T.);
#4769=ORIENTED_EDGE('',*,*,#3078,.F.);
#4770=ORIENTED_EDGE('',*,*,#3503,.F.);
#4771=ORIENTED_EDGE('',*,*,#3504,.F.);
#4772=ORIENTED_EDGE('',*,*,#3496,.T.);
#4773=ORIENTED_EDGE('',*,*,#3079,.F.);
#4774=ORIENTED_EDGE('',*,*,#3502,.F.);
#4775=ORIENTED_EDGE('',*,*,#3468,.T.);
#4776=ORIENTED_EDGE('',*,*,#3083,.F.);
#4777=ORIENTED_EDGE('',*,*,#3500,.T.);
#4778=ORIENTED_EDGE('',*,*,#3505,.F.);
#4779=ORIENTED_EDGE('',*,*,#3506,.F.);
#4780=ORIENTED_EDGE('',*,*,#3507,.T.);
#4781=ORIENTED_EDGE('',*,*,#3074,.F.);
#4782=ORIENTED_EDGE('',*,*,#3508,.F.);
#4783=ORIENTED_EDGE('',*,*,#3509,.F.);
#4784=ORIENTED_EDGE('',*,*,#3510,.T.);
#4785=ORIENTED_EDGE('',*,*,#3075,.F.);
#4786=ORIENTED_EDGE('',*,*,#3507,.F.);
#4787=ORIENTED_EDGE('',*,*,#3511,.F.);
#4788=ORIENTED_EDGE('',*,*,#3512,.F.);
#4789=ORIENTED_EDGE('',*,*,#3076,.F.);
#4790=ORIENTED_EDGE('',*,*,#3510,.F.);
#4791=ORIENTED_EDGE('',*,*,#3513,.F.);
#4792=ORIENTED_EDGE('',*,*,#3514,.T.);
#4793=ORIENTED_EDGE('',*,*,#3072,.F.);
#4794=ORIENTED_EDGE('',*,*,#3458,.F.);
#4795=ORIENTED_EDGE('',*,*,#3515,.F.);
#4796=ORIENTED_EDGE('',*,*,#3508,.T.);
#4797=ORIENTED_EDGE('',*,*,#3073,.F.);
#4798=ORIENTED_EDGE('',*,*,#3514,.F.);
#4799=ORIENTED_EDGE('',*,*,#3503,.T.);
#4800=ORIENTED_EDGE('',*,*,#3077,.F.);
#4801=ORIENTED_EDGE('',*,*,#3512,.T.);
#4802=ORIENTED_EDGE('',*,*,#3516,.F.);
#4803=ORIENTED_EDGE('',*,*,#3517,.F.);
#4804=ORIENTED_EDGE('',*,*,#3518,.T.);
#4805=ORIENTED_EDGE('',*,*,#3002,.F.);
#4806=ORIENTED_EDGE('',*,*,#3519,.F.);
#4807=ORIENTED_EDGE('',*,*,#3520,.F.);
#4808=ORIENTED_EDGE('',*,*,#3521,.T.);
#4809=ORIENTED_EDGE('',*,*,#3003,.F.);
#4810=ORIENTED_EDGE('',*,*,#3518,.F.);
#4811=ORIENTED_EDGE('',*,*,#3522,.F.);
#4812=ORIENTED_EDGE('',*,*,#3523,.F.);
#4813=ORIENTED_EDGE('',*,*,#3004,.F.);
#4814=ORIENTED_EDGE('',*,*,#3521,.F.);
#4815=ORIENTED_EDGE('',*,*,#3524,.F.);
#4816=ORIENTED_EDGE('',*,*,#3525,.T.);
#4817=ORIENTED_EDGE('',*,*,#3000,.F.);
#4818=ORIENTED_EDGE('',*,*,#3526,.F.);
#4819=ORIENTED_EDGE('',*,*,#3527,.F.);
#4820=ORIENTED_EDGE('',*,*,#3519,.T.);
#4821=ORIENTED_EDGE('',*,*,#3001,.F.);
#4822=ORIENTED_EDGE('',*,*,#3525,.F.);
#4823=ORIENTED_EDGE('',*,*,#3523,.T.);
#4824=ORIENTED_EDGE('',*,*,#3528,.F.);
#4825=ORIENTED_EDGE('',*,*,#3529,.T.);
#4826=ORIENTED_EDGE('',*,*,#3005,.F.);
#4827=ORIENTED_EDGE('',*,*,#3530,.F.);
#4828=ORIENTED_EDGE('',*,*,#3531,.T.);
#4829=ORIENTED_EDGE('',*,*,#2996,.F.);
#4830=ORIENTED_EDGE('',*,*,#3532,.F.);
#4831=ORIENTED_EDGE('',*,*,#3533,.F.);
#4832=ORIENTED_EDGE('',*,*,#3534,.T.);
#4833=ORIENTED_EDGE('',*,*,#2997,.F.);
#4834=ORIENTED_EDGE('',*,*,#3531,.F.);
#4835=ORIENTED_EDGE('',*,*,#3535,.F.);
#4836=ORIENTED_EDGE('',*,*,#3536,.F.);
#4837=ORIENTED_EDGE('',*,*,#2998,.F.);
#4838=ORIENTED_EDGE('',*,*,#3534,.F.);
#4839=ORIENTED_EDGE('',*,*,#3537,.F.);
#4840=ORIENTED_EDGE('',*,*,#3538,.T.);
#4841=ORIENTED_EDGE('',*,*,#2994,.F.);
#4842=ORIENTED_EDGE('',*,*,#3539,.F.);
#4843=ORIENTED_EDGE('',*,*,#3540,.F.);
#4844=ORIENTED_EDGE('',*,*,#3532,.T.);
#4845=ORIENTED_EDGE('',*,*,#2995,.F.);
#4846=ORIENTED_EDGE('',*,*,#3538,.F.);
#4847=ORIENTED_EDGE('',*,*,#3526,.T.);
#4848=ORIENTED_EDGE('',*,*,#2999,.F.);
#4849=ORIENTED_EDGE('',*,*,#3536,.T.);
#4850=ORIENTED_EDGE('',*,*,#3541,.F.);
#4851=ORIENTED_EDGE('',*,*,#3542,.F.);
#4852=ORIENTED_EDGE('',*,*,#3543,.T.);
#4853=ORIENTED_EDGE('',*,*,#2990,.F.);
#4854=ORIENTED_EDGE('',*,*,#3544,.F.);
#4855=ORIENTED_EDGE('',*,*,#3545,.F.);
#4856=ORIENTED_EDGE('',*,*,#3546,.T.);
#4857=ORIENTED_EDGE('',*,*,#2991,.F.);
#4858=ORIENTED_EDGE('',*,*,#3543,.F.);
#4859=ORIENTED_EDGE('',*,*,#3547,.F.);
#4860=ORIENTED_EDGE('',*,*,#3548,.F.);
#4861=ORIENTED_EDGE('',*,*,#2992,.F.);
#4862=ORIENTED_EDGE('',*,*,#3546,.F.);
#4863=ORIENTED_EDGE('',*,*,#3549,.F.);
#4864=ORIENTED_EDGE('',*,*,#3550,.T.);
#4865=ORIENTED_EDGE('',*,*,#2988,.F.);
#4866=ORIENTED_EDGE('',*,*,#3551,.F.);
#4867=ORIENTED_EDGE('',*,*,#3552,.F.);
#4868=ORIENTED_EDGE('',*,*,#3544,.T.);
#4869=ORIENTED_EDGE('',*,*,#2989,.F.);
#4870=ORIENTED_EDGE('',*,*,#3550,.F.);
#4871=ORIENTED_EDGE('',*,*,#3539,.T.);
#4872=ORIENTED_EDGE('',*,*,#2993,.F.);
#4873=ORIENTED_EDGE('',*,*,#3548,.T.);
#4874=ORIENTED_EDGE('',*,*,#3553,.F.);
#4875=ORIENTED_EDGE('',*,*,#3554,.F.);
#4876=ORIENTED_EDGE('',*,*,#3555,.T.);
#4877=ORIENTED_EDGE('',*,*,#2984,.F.);
#4878=ORIENTED_EDGE('',*,*,#3556,.F.);
#4879=ORIENTED_EDGE('',*,*,#3557,.F.);
#4880=ORIENTED_EDGE('',*,*,#3558,.T.);
#4881=ORIENTED_EDGE('',*,*,#2985,.F.);
#4882=ORIENTED_EDGE('',*,*,#3555,.F.);
#4883=ORIENTED_EDGE('',*,*,#3559,.F.);
#4884=ORIENTED_EDGE('',*,*,#3560,.F.);
#4885=ORIENTED_EDGE('',*,*,#2986,.F.);
#4886=ORIENTED_EDGE('',*,*,#3558,.F.);
#4887=ORIENTED_EDGE('',*,*,#3561,.F.);
#4888=ORIENTED_EDGE('',*,*,#3562,.T.);
#4889=ORIENTED_EDGE('',*,*,#2982,.F.);
#4890=ORIENTED_EDGE('',*,*,#3563,.F.);
#4891=ORIENTED_EDGE('',*,*,#3564,.F.);
#4892=ORIENTED_EDGE('',*,*,#3556,.T.);
#4893=ORIENTED_EDGE('',*,*,#2983,.F.);
#4894=ORIENTED_EDGE('',*,*,#3562,.F.);
#4895=ORIENTED_EDGE('',*,*,#3551,.T.);
#4896=ORIENTED_EDGE('',*,*,#2987,.F.);
#4897=ORIENTED_EDGE('',*,*,#3560,.T.);
#4898=ORIENTED_EDGE('',*,*,#3565,.F.);
#4899=ORIENTED_EDGE('',*,*,#3566,.F.);
#4900=ORIENTED_EDGE('',*,*,#3567,.T.);
#4901=ORIENTED_EDGE('',*,*,#2978,.F.);
#4902=ORIENTED_EDGE('',*,*,#3568,.F.);
#4903=ORIENTED_EDGE('',*,*,#3569,.F.);
#4904=ORIENTED_EDGE('',*,*,#3570,.T.);
#4905=ORIENTED_EDGE('',*,*,#2979,.F.);
#4906=ORIENTED_EDGE('',*,*,#3567,.F.);
#4907=ORIENTED_EDGE('',*,*,#3571,.F.);
#4908=ORIENTED_EDGE('',*,*,#3572,.F.);
#4909=ORIENTED_EDGE('',*,*,#2980,.F.);
#4910=ORIENTED_EDGE('',*,*,#3570,.F.);
#4911=ORIENTED_EDGE('',*,*,#3573,.F.);
#4912=ORIENTED_EDGE('',*,*,#3574,.T.);
#4913=ORIENTED_EDGE('',*,*,#2976,.F.);
#4914=ORIENTED_EDGE('',*,*,#3575,.F.);
#4915=ORIENTED_EDGE('',*,*,#3576,.F.);
#4916=ORIENTED_EDGE('',*,*,#3568,.T.);
#4917=ORIENTED_EDGE('',*,*,#2977,.F.);
#4918=ORIENTED_EDGE('',*,*,#3574,.F.);
#4919=ORIENTED_EDGE('',*,*,#3563,.T.);
#4920=ORIENTED_EDGE('',*,*,#2981,.F.);
#4921=ORIENTED_EDGE('',*,*,#3572,.T.);
#4922=ORIENTED_EDGE('',*,*,#3577,.F.);
#4923=ORIENTED_EDGE('',*,*,#3578,.F.);
#4924=ORIENTED_EDGE('',*,*,#3579,.T.);
#4925=ORIENTED_EDGE('',*,*,#2972,.F.);
#4926=ORIENTED_EDGE('',*,*,#3580,.F.);
#4927=ORIENTED_EDGE('',*,*,#3581,.F.);
#4928=ORIENTED_EDGE('',*,*,#3582,.T.);
#4929=ORIENTED_EDGE('',*,*,#2973,.F.);
#4930=ORIENTED_EDGE('',*,*,#3579,.F.);
#4931=ORIENTED_EDGE('',*,*,#3583,.F.);
#4932=ORIENTED_EDGE('',*,*,#3584,.F.);
#4933=ORIENTED_EDGE('',*,*,#2974,.F.);
#4934=ORIENTED_EDGE('',*,*,#3582,.F.);
#4935=ORIENTED_EDGE('',*,*,#3585,.F.);
#4936=ORIENTED_EDGE('',*,*,#3586,.T.);
#4937=ORIENTED_EDGE('',*,*,#2970,.F.);
#4938=ORIENTED_EDGE('',*,*,#3217,.F.);
#4939=ORIENTED_EDGE('',*,*,#3587,.F.);
#4940=ORIENTED_EDGE('',*,*,#3580,.T.);
#4941=ORIENTED_EDGE('',*,*,#2971,.F.);
#4942=ORIENTED_EDGE('',*,*,#3586,.F.);
#4943=ORIENTED_EDGE('',*,*,#3575,.T.);
#4944=ORIENTED_EDGE('',*,*,#2975,.F.);
#4945=ORIENTED_EDGE('',*,*,#3584,.T.);
#4946=ORIENTED_EDGE('',*,*,#3588,.F.);
#4947=ORIENTED_EDGE('',*,*,#3589,.F.);
#4948=ORIENTED_EDGE('',*,*,#3590,.T.);
#4949=ORIENTED_EDGE('',*,*,#3014,.F.);
#4950=ORIENTED_EDGE('',*,*,#3591,.F.);
#4951=ORIENTED_EDGE('',*,*,#3592,.F.);
#4952=ORIENTED_EDGE('',*,*,#3593,.T.);
#4953=ORIENTED_EDGE('',*,*,#3015,.F.);
#4954=ORIENTED_EDGE('',*,*,#3590,.F.);
#4955=ORIENTED_EDGE('',*,*,#3594,.F.);
#4956=ORIENTED_EDGE('',*,*,#3595,.F.);
#4957=ORIENTED_EDGE('',*,*,#3016,.F.);
#4958=ORIENTED_EDGE('',*,*,#3593,.F.);
#4959=ORIENTED_EDGE('',*,*,#3596,.F.);
#4960=ORIENTED_EDGE('',*,*,#3597,.T.);
#4961=ORIENTED_EDGE('',*,*,#3012,.F.);
#4962=ORIENTED_EDGE('',*,*,#3598,.F.);
#4963=ORIENTED_EDGE('',*,*,#3599,.F.);
#4964=ORIENTED_EDGE('',*,*,#3591,.T.);
#4965=ORIENTED_EDGE('',*,*,#3013,.F.);
#4966=ORIENTED_EDGE('',*,*,#3597,.F.);
#4967=ORIENTED_EDGE('',*,*,#3384,.T.);
#4968=ORIENTED_EDGE('',*,*,#3017,.F.);
#4969=ORIENTED_EDGE('',*,*,#3595,.T.);
#4970=ORIENTED_EDGE('',*,*,#3600,.F.);
#4971=ORIENTED_EDGE('',*,*,#3601,.F.);
#4972=ORIENTED_EDGE('',*,*,#3602,.T.);
#4973=ORIENTED_EDGE('',*,*,#3008,.F.);
#4974=ORIENTED_EDGE('',*,*,#3603,.F.);
#4975=ORIENTED_EDGE('',*,*,#3604,.F.);
#4976=ORIENTED_EDGE('',*,*,#3605,.T.);
#4977=ORIENTED_EDGE('',*,*,#3009,.F.);
#4978=ORIENTED_EDGE('',*,*,#3602,.F.);
#4979=ORIENTED_EDGE('',*,*,#3606,.F.);
#4980=ORIENTED_EDGE('',*,*,#3607,.F.);
#4981=ORIENTED_EDGE('',*,*,#3010,.F.);
#4982=ORIENTED_EDGE('',*,*,#3605,.F.);
#4983=ORIENTED_EDGE('',*,*,#3608,.F.);
#4984=ORIENTED_EDGE('',*,*,#3609,.T.);
#4985=ORIENTED_EDGE('',*,*,#3006,.F.);
#4986=ORIENTED_EDGE('',*,*,#3529,.F.);
#4987=ORIENTED_EDGE('',*,*,#3610,.F.);
#4988=ORIENTED_EDGE('',*,*,#3603,.T.);
#4989=ORIENTED_EDGE('',*,*,#3007,.F.);
#4990=ORIENTED_EDGE('',*,*,#3609,.F.);
#4991=ORIENTED_EDGE('',*,*,#3598,.T.);
#4992=ORIENTED_EDGE('',*,*,#3011,.F.);
#4993=ORIENTED_EDGE('',*,*,#3607,.T.);
#4994=ORIENTED_EDGE('',*,*,#3611,.F.);
#4995=ORIENTED_EDGE('',*,*,#3612,.F.);
#4996=ORIENTED_EDGE('',*,*,#3613,.T.);
#4997=ORIENTED_EDGE('',*,*,#2906,.F.);
#4998=ORIENTED_EDGE('',*,*,#3614,.F.);
#4999=ORIENTED_EDGE('',*,*,#3615,.F.);
#5000=ORIENTED_EDGE('',*,*,#3616,.T.);
#5001=ORIENTED_EDGE('',*,*,#2907,.F.);
#5002=ORIENTED_EDGE('',*,*,#3613,.F.);
#5003=ORIENTED_EDGE('',*,*,#3617,.F.);
#5004=ORIENTED_EDGE('',*,*,#3618,.F.);
#5005=ORIENTED_EDGE('',*,*,#2908,.F.);
#5006=ORIENTED_EDGE('',*,*,#3616,.F.);
#5007=ORIENTED_EDGE('',*,*,#3619,.F.);
#5008=ORIENTED_EDGE('',*,*,#3620,.T.);
#5009=ORIENTED_EDGE('',*,*,#3132,.F.);
#5010=ORIENTED_EDGE('',*,*,#3324,.F.);
#5011=ORIENTED_EDGE('',*,*,#3621,.F.);
#5012=ORIENTED_EDGE('',*,*,#3614,.T.);
#5013=ORIENTED_EDGE('',*,*,#3133,.F.);
#5014=ORIENTED_EDGE('',*,*,#3620,.F.);
#5015=ORIENTED_EDGE('',*,*,#3136,.F.);
#5016=ORIENTED_EDGE('',*,*,#3137,.F.);
#5017=ORIENTED_EDGE('',*,*,#3622,.T.);
#5018=ORIENTED_EDGE('',*,*,#3623,.T.);
#5019=ORIENTED_EDGE('',*,*,#3624,.T.);
#5020=ORIENTED_EDGE('',*,*,#3622,.F.);
#5021=ORIENTED_EDGE('',*,*,#3176,.T.);
#5022=ORIENTED_EDGE('',*,*,#2909,.F.);
#5023=ORIENTED_EDGE('',*,*,#3618,.T.);
#5024=ORIENTED_EDGE('',*,*,#3625,.F.);
#5025=ORIENTED_EDGE('',*,*,#3140,.T.);
#5026=ORIENTED_EDGE('',*,*,#3612,.T.);
#5027=ORIENTED_EDGE('',*,*,#3621,.T.);
#5028=ORIENTED_EDGE('',*,*,#3619,.T.);
#5029=ORIENTED_EDGE('',*,*,#3323,.T.);
#5030=ORIENTED_EDGE('',*,*,#3318,.T.);
#5031=ORIENTED_EDGE('',*,*,#3316,.T.);
#5032=ORIENTED_EDGE('',*,*,#3313,.T.);
#5033=ORIENTED_EDGE('',*,*,#3322,.T.);
#5034=ORIENTED_EDGE('',*,*,#3320,.T.);
#5035=ORIENTED_EDGE('',*,*,#3299,.T.);
#5036=ORIENTED_EDGE('',*,*,#3293,.T.);
#5037=ORIENTED_EDGE('',*,*,#3291,.T.);
#5038=ORIENTED_EDGE('',*,*,#3288,.T.);
#5039=ORIENTED_EDGE('',*,*,#3298,.T.);
#5040=ORIENTED_EDGE('',*,*,#3295,.T.);
#5041=ORIENTED_EDGE('',*,*,#3312,.T.);
#5042=ORIENTED_EDGE('',*,*,#3306,.T.);
#5043=ORIENTED_EDGE('',*,*,#3304,.T.);
#5044=ORIENTED_EDGE('',*,*,#3301,.T.);
#5045=ORIENTED_EDGE('',*,*,#3311,.T.);
#5046=ORIENTED_EDGE('',*,*,#3308,.T.);
#5047=ORIENTED_EDGE('',*,*,#3482,.T.);
#5048=ORIENTED_EDGE('',*,*,#3476,.T.);
#5049=ORIENTED_EDGE('',*,*,#3474,.T.);
#5050=ORIENTED_EDGE('',*,*,#3471,.T.);
#5051=ORIENTED_EDGE('',*,*,#3481,.T.);
#5052=ORIENTED_EDGE('',*,*,#3478,.T.);
#5053=ORIENTED_EDGE('',*,*,#3493,.T.);
#5054=ORIENTED_EDGE('',*,*,#3488,.T.);
#5055=ORIENTED_EDGE('',*,*,#3486,.T.);
#5056=ORIENTED_EDGE('',*,*,#3483,.T.);
#5057=ORIENTED_EDGE('',*,*,#3492,.T.);
#5058=ORIENTED_EDGE('',*,*,#3490,.T.);
#5059=ORIENTED_EDGE('',*,*,#3433,.T.);
#5060=ORIENTED_EDGE('',*,*,#3427,.T.);
#5061=ORIENTED_EDGE('',*,*,#3425,.T.);
#5062=ORIENTED_EDGE('',*,*,#3422,.T.);
#5063=ORIENTED_EDGE('',*,*,#3432,.T.);
#5064=ORIENTED_EDGE('',*,*,#3429,.T.);
#5065=ORIENTED_EDGE('',*,*,#3446,.T.);
#5066=ORIENTED_EDGE('',*,*,#3440,.T.);
#5067=ORIENTED_EDGE('',*,*,#3438,.T.);
#5068=ORIENTED_EDGE('',*,*,#3435,.T.);
#5069=ORIENTED_EDGE('',*,*,#3445,.T.);
#5070=ORIENTED_EDGE('',*,*,#3442,.T.);
#5071=ORIENTED_EDGE('',*,*,#3470,.T.);
#5072=ORIENTED_EDGE('',*,*,#3464,.T.);
#5073=ORIENTED_EDGE('',*,*,#3462,.T.);
#5074=ORIENTED_EDGE('',*,*,#3459,.T.);
#5075=ORIENTED_EDGE('',*,*,#3469,.T.);
#5076=ORIENTED_EDGE('',*,*,#3466,.T.);
#5077=ORIENTED_EDGE('',*,*,#3505,.T.);
#5078=ORIENTED_EDGE('',*,*,#3499,.T.);
#5079=ORIENTED_EDGE('',*,*,#3497,.T.);
#5080=ORIENTED_EDGE('',*,*,#3494,.T.);
#5081=ORIENTED_EDGE('',*,*,#3504,.T.);
#5082=ORIENTED_EDGE('',*,*,#3501,.T.);
#5083=ORIENTED_EDGE('',*,*,#3516,.T.);
#5084=ORIENTED_EDGE('',*,*,#3511,.T.);
#5085=ORIENTED_EDGE('',*,*,#3509,.T.);
#5086=ORIENTED_EDGE('',*,*,#3506,.T.);
#5087=ORIENTED_EDGE('',*,*,#3515,.T.);
#5088=ORIENTED_EDGE('',*,*,#3513,.T.);
#5089=ORIENTED_EDGE('',*,*,#3457,.T.);
#5090=ORIENTED_EDGE('',*,*,#3452,.T.);
#5091=ORIENTED_EDGE('',*,*,#3450,.T.);
#5092=ORIENTED_EDGE('',*,*,#3447,.T.);
#5093=ORIENTED_EDGE('',*,*,#3456,.T.);
#5094=ORIENTED_EDGE('',*,*,#3454,.T.);
#5095=ORIENTED_EDGE('',*,*,#3420,.T.);
#5096=ORIENTED_EDGE('',*,*,#3415,.T.);
#5097=ORIENTED_EDGE('',*,*,#3413,.T.);
#5098=ORIENTED_EDGE('',*,*,#3410,.T.);
#5099=ORIENTED_EDGE('',*,*,#3419,.T.);
#5100=ORIENTED_EDGE('',*,*,#3417,.T.);
#5101=ORIENTED_EDGE('',*,*,#3408,.T.);
#5102=ORIENTED_EDGE('',*,*,#3403,.T.);
#5103=ORIENTED_EDGE('',*,*,#3401,.T.);
#5104=ORIENTED_EDGE('',*,*,#3398,.T.);
#5105=ORIENTED_EDGE('',*,*,#3407,.T.);
#5106=ORIENTED_EDGE('',*,*,#3405,.T.);
#5107=ORIENTED_EDGE('',*,*,#3361,.T.);
#5108=ORIENTED_EDGE('',*,*,#3355,.T.);
#5109=ORIENTED_EDGE('',*,*,#3353,.T.);
#5110=ORIENTED_EDGE('',*,*,#3350,.T.);
#5111=ORIENTED_EDGE('',*,*,#3360,.T.);
#5112=ORIENTED_EDGE('',*,*,#3357,.T.);
#5113=ORIENTED_EDGE('',*,*,#3397,.T.);
#5114=ORIENTED_EDGE('',*,*,#3392,.T.);
#5115=ORIENTED_EDGE('',*,*,#3390,.T.);
#5116=ORIENTED_EDGE('',*,*,#3387,.T.);
#5117=ORIENTED_EDGE('',*,*,#3396,.T.);
#5118=ORIENTED_EDGE('',*,*,#3394,.T.);
#5119=ORIENTED_EDGE('',*,*,#3348,.T.);
#5120=ORIENTED_EDGE('',*,*,#3343,.T.);
#5121=ORIENTED_EDGE('',*,*,#3341,.T.);
#5122=ORIENTED_EDGE('',*,*,#3338,.T.);
#5123=ORIENTED_EDGE('',*,*,#3347,.T.);
#5124=ORIENTED_EDGE('',*,*,#3345,.T.);
#5125=ORIENTED_EDGE('',*,*,#3336,.T.);
#5126=ORIENTED_EDGE('',*,*,#3330,.T.);
#5127=ORIENTED_EDGE('',*,*,#3328,.T.);
#5128=ORIENTED_EDGE('',*,*,#3325,.T.);
#5129=ORIENTED_EDGE('',*,*,#3335,.T.);
#5130=ORIENTED_EDGE('',*,*,#3332,.T.);
#5131=ORIENTED_EDGE('',*,*,#3374,.T.);
#5132=ORIENTED_EDGE('',*,*,#3368,.T.);
#5133=ORIENTED_EDGE('',*,*,#3366,.T.);
#5134=ORIENTED_EDGE('',*,*,#3363,.T.);
#5135=ORIENTED_EDGE('',*,*,#3373,.T.);
#5136=ORIENTED_EDGE('',*,*,#3370,.T.);
#5137=ORIENTED_EDGE('',*,*,#3386,.T.);
#5138=ORIENTED_EDGE('',*,*,#3380,.T.);
#5139=ORIENTED_EDGE('',*,*,#3378,.T.);
#5140=ORIENTED_EDGE('',*,*,#3375,.T.);
#5141=ORIENTED_EDGE('',*,*,#3385,.T.);
#5142=ORIENTED_EDGE('',*,*,#3382,.T.);
#5143=ORIENTED_EDGE('',*,*,#3600,.T.);
#5144=ORIENTED_EDGE('',*,*,#3594,.T.);
#5145=ORIENTED_EDGE('',*,*,#3592,.T.);
#5146=ORIENTED_EDGE('',*,*,#3589,.T.);
#5147=ORIENTED_EDGE('',*,*,#3599,.T.);
#5148=ORIENTED_EDGE('',*,*,#3596,.T.);
#5149=ORIENTED_EDGE('',*,*,#3611,.T.);
#5150=ORIENTED_EDGE('',*,*,#3606,.T.);
#5151=ORIENTED_EDGE('',*,*,#3604,.T.);
#5152=ORIENTED_EDGE('',*,*,#3601,.T.);
#5153=ORIENTED_EDGE('',*,*,#3610,.T.);
#5154=ORIENTED_EDGE('',*,*,#3608,.T.);
#5155=ORIENTED_EDGE('',*,*,#3528,.T.);
#5156=ORIENTED_EDGE('',*,*,#3522,.T.);
#5157=ORIENTED_EDGE('',*,*,#3520,.T.);
#5158=ORIENTED_EDGE('',*,*,#3517,.T.);
#5159=ORIENTED_EDGE('',*,*,#3527,.T.);
#5160=ORIENTED_EDGE('',*,*,#3524,.T.);
#5161=ORIENTED_EDGE('',*,*,#3541,.T.);
#5162=ORIENTED_EDGE('',*,*,#3535,.T.);
#5163=ORIENTED_EDGE('',*,*,#3533,.T.);
#5164=ORIENTED_EDGE('',*,*,#3530,.T.);
#5165=ORIENTED_EDGE('',*,*,#3540,.T.);
#5166=ORIENTED_EDGE('',*,*,#3537,.T.);
#5167=ORIENTED_EDGE('',*,*,#3553,.T.);
#5168=ORIENTED_EDGE('',*,*,#3547,.T.);
#5169=ORIENTED_EDGE('',*,*,#3545,.T.);
#5170=ORIENTED_EDGE('',*,*,#3542,.T.);
#5171=ORIENTED_EDGE('',*,*,#3552,.T.);
#5172=ORIENTED_EDGE('',*,*,#3549,.T.);
#5173=ORIENTED_EDGE('',*,*,#3565,.T.);
#5174=ORIENTED_EDGE('',*,*,#3559,.T.);
#5175=ORIENTED_EDGE('',*,*,#3557,.T.);
#5176=ORIENTED_EDGE('',*,*,#3554,.T.);
#5177=ORIENTED_EDGE('',*,*,#3564,.T.);
#5178=ORIENTED_EDGE('',*,*,#3561,.T.);
#5179=ORIENTED_EDGE('',*,*,#3577,.T.);
#5180=ORIENTED_EDGE('',*,*,#3571,.T.);
#5181=ORIENTED_EDGE('',*,*,#3569,.T.);
#5182=ORIENTED_EDGE('',*,*,#3566,.T.);
#5183=ORIENTED_EDGE('',*,*,#3576,.T.);
#5184=ORIENTED_EDGE('',*,*,#3573,.T.);
#5185=ORIENTED_EDGE('',*,*,#3588,.T.);
#5186=ORIENTED_EDGE('',*,*,#3583,.T.);
#5187=ORIENTED_EDGE('',*,*,#3581,.T.);
#5188=ORIENTED_EDGE('',*,*,#3578,.T.);
#5189=ORIENTED_EDGE('',*,*,#3587,.T.);
#5190=ORIENTED_EDGE('',*,*,#3585,.T.);
#5191=ORIENTED_EDGE('',*,*,#3216,.T.);
#5192=ORIENTED_EDGE('',*,*,#3210,.T.);
#5193=ORIENTED_EDGE('',*,*,#3208,.T.);
#5194=ORIENTED_EDGE('',*,*,#3205,.T.);
#5195=ORIENTED_EDGE('',*,*,#3215,.T.);
#5196=ORIENTED_EDGE('',*,*,#3212,.T.);
#5197=ORIENTED_EDGE('',*,*,#3229,.T.);
#5198=ORIENTED_EDGE('',*,*,#3223,.T.);
#5199=ORIENTED_EDGE('',*,*,#3221,.T.);
#5200=ORIENTED_EDGE('',*,*,#3218,.T.);
#5201=ORIENTED_EDGE('',*,*,#3228,.T.);
#5202=ORIENTED_EDGE('',*,*,#3225,.T.);
#5203=ORIENTED_EDGE('',*,*,#3241,.T.);
#5204=ORIENTED_EDGE('',*,*,#3235,.T.);
#5205=ORIENTED_EDGE('',*,*,#3233,.T.);
#5206=ORIENTED_EDGE('',*,*,#3230,.T.);
#5207=ORIENTED_EDGE('',*,*,#3240,.T.);
#5208=ORIENTED_EDGE('',*,*,#3237,.T.);
#5209=ORIENTED_EDGE('',*,*,#3252,.T.);
#5210=ORIENTED_EDGE('',*,*,#3247,.T.);
#5211=ORIENTED_EDGE('',*,*,#3245,.T.);
#5212=ORIENTED_EDGE('',*,*,#3242,.T.);
#5213=ORIENTED_EDGE('',*,*,#3251,.T.);
#5214=ORIENTED_EDGE('',*,*,#3249,.T.);
#5215=ORIENTED_EDGE('',*,*,#3203,.T.);
#5216=ORIENTED_EDGE('',*,*,#3197,.T.);
#5217=ORIENTED_EDGE('',*,*,#3195,.T.);
#5218=ORIENTED_EDGE('',*,*,#3192,.T.);
#5219=ORIENTED_EDGE('',*,*,#3202,.T.);
#5220=ORIENTED_EDGE('',*,*,#3199,.T.);
#5221=ORIENTED_EDGE('',*,*,#3276,.T.);
#5222=ORIENTED_EDGE('',*,*,#3271,.T.);
#5223=ORIENTED_EDGE('',*,*,#3269,.T.);
#5224=ORIENTED_EDGE('',*,*,#3266,.T.);
#5225=ORIENTED_EDGE('',*,*,#3275,.T.);
#5226=ORIENTED_EDGE('',*,*,#3273,.T.);
#5227=ORIENTED_EDGE('',*,*,#3264,.T.);
#5228=ORIENTED_EDGE('',*,*,#3258,.T.);
#5229=ORIENTED_EDGE('',*,*,#3256,.T.);
#5230=ORIENTED_EDGE('',*,*,#3253,.T.);
#5231=ORIENTED_EDGE('',*,*,#3263,.T.);
#5232=ORIENTED_EDGE('',*,*,#3260,.T.);
#5233=ORIENTED_EDGE('',*,*,#3287,.T.);
#5234=ORIENTED_EDGE('',*,*,#3282,.T.);
#5235=ORIENTED_EDGE('',*,*,#3280,.T.);
#5236=ORIENTED_EDGE('',*,*,#3277,.T.);
#5237=ORIENTED_EDGE('',*,*,#3286,.T.);
#5238=ORIENTED_EDGE('',*,*,#3284,.T.);
#5239=ORIENTED_EDGE('',*,*,#3190,.T.);
#5240=ORIENTED_EDGE('',*,*,#3185,.T.);
#5241=ORIENTED_EDGE('',*,*,#3183,.T.);
#5242=ORIENTED_EDGE('',*,*,#3180,.T.);
#5243=ORIENTED_EDGE('',*,*,#3189,.T.);
#5244=ORIENTED_EDGE('',*,*,#3187,.T.);
#5245=ORIENTED_EDGE('',*,*,#3178,.T.);
#5246=ORIENTED_EDGE('',*,*,#3172,.T.);
#5247=ORIENTED_EDGE('',*,*,#3170,.T.);
#5248=ORIENTED_EDGE('',*,*,#3167,.T.);
#5249=ORIENTED_EDGE('',*,*,#3177,.T.);
#5250=ORIENTED_EDGE('',*,*,#3174,.T.);
#5251=ORIENTED_EDGE('',*,*,#3625,.T.);
#5252=ORIENTED_EDGE('',*,*,#3617,.T.);
#5253=ORIENTED_EDGE('',*,*,#3615,.T.);
#5254=ORIENTED_EDGE('',*,*,#3148,.T.);
#5255=ORIENTED_EDGE('',*,*,#3162,.F.);
#5256=ORIENTED_EDGE('',*,*,#3626,.F.);
#5257=ORIENTED_EDGE('',*,*,#3627,.F.);
#5258=ORIENTED_EDGE('',*,*,#3628,.F.);
#5259=ORIENTED_EDGE('',*,*,#3629,.F.);
#5260=ORIENTED_EDGE('',*,*,#3630,.F.);
#5261=ORIENTED_EDGE('',*,*,#3631,.F.);
#5262=ORIENTED_EDGE('',*,*,#3152,.T.);
#5263=ORIENTED_EDGE('',*,*,#3158,.F.);
#5264=ORIENTED_EDGE('',*,*,#3632,.F.);
#5265=ORIENTED_EDGE('',*,*,#3633,.F.);
#5266=ORIENTED_EDGE('',*,*,#3634,.F.);
#5267=ORIENTED_EDGE('',*,*,#3635,.F.);
#5268=ORIENTED_EDGE('',*,*,#3636,.F.);
#5269=ORIENTED_EDGE('',*,*,#3637,.F.);
#5270=ORIENTED_EDGE('',*,*,#3638,.F.);
#5271=ORIENTED_EDGE('',*,*,#3639,.T.);
#5272=ORIENTED_EDGE('',*,*,#3623,.F.);
#5273=ORIENTED_EDGE('',*,*,#3624,.F.);
#5274=ORIENTED_EDGE('',*,*,#3639,.F.);
#5275=ORIENTED_EDGE('',*,*,#3640,.F.);
#5276=ORIENTED_EDGE('',*,*,#3641,.T.);
#5277=ORIENTED_EDGE('',*,*,#3642,.T.);
#5278=ORIENTED_EDGE('',*,*,#3643,.T.);
#5279=ORIENTED_EDGE('',*,*,#3644,.T.);
#5280=ORIENTED_EDGE('',*,*,#3645,.T.);
#5281=ORIENTED_EDGE('',*,*,#3642,.F.);
#5282=ORIENTED_EDGE('',*,*,#3646,.T.);
#5283=ORIENTED_EDGE('',*,*,#3145,.T.);
#5284=ORIENTED_EDGE('',*,*,#3647,.T.);
#5285=ORIENTED_EDGE('',*,*,#3644,.F.);
#5286=ORIENTED_EDGE('',*,*,#3648,.T.);
#5287=ORIENTED_EDGE('',*,*,#3649,.T.);
#5288=ORIENTED_EDGE('',*,*,#3146,.T.);
#5289=ORIENTED_EDGE('',*,*,#3649,.F.);
#5290=ORIENTED_EDGE('',*,*,#3650,.T.);
#5291=ORIENTED_EDGE('',*,*,#3159,.T.);
#5292=ORIENTED_EDGE('',*,*,#3651,.T.);
#5293=ORIENTED_EDGE('',*,*,#3626,.T.);
#5294=ORIENTED_EDGE('',*,*,#3161,.F.);
#5295=ORIENTED_EDGE('',*,*,#3652,.T.);
#5296=ORIENTED_EDGE('',*,*,#3653,.T.);
#5297=ORIENTED_EDGE('',*,*,#3627,.T.);
#5298=ORIENTED_EDGE('',*,*,#3651,.F.);
#5299=ORIENTED_EDGE('',*,*,#3654,.T.);
#5300=ORIENTED_EDGE('',*,*,#3654,.F.);
#5301=ORIENTED_EDGE('',*,*,#3655,.T.);
#5302=ORIENTED_EDGE('',*,*,#3656,.F.);
#5303=ORIENTED_EDGE('',*,*,#3657,.T.);
#5304=ORIENTED_EDGE('',*,*,#3652,.F.);
#5305=ORIENTED_EDGE('',*,*,#3658,.F.);
#5306=ORIENTED_EDGE('',*,*,#3659,.F.);
#5307=ORIENTED_EDGE('',*,*,#3655,.F.);
#5308=ORIENTED_EDGE('',*,*,#3160,.F.);
#5309=ORIENTED_EDGE('',*,*,#3660,.T.);
#5310=ORIENTED_EDGE('',*,*,#3661,.F.);
#5311=ORIENTED_EDGE('',*,*,#3658,.T.);
#5312=ORIENTED_EDGE('',*,*,#3650,.F.);
#5313=ORIENTED_EDGE('',*,*,#3662,.F.);
#5314=ORIENTED_EDGE('',*,*,#3663,.F.);
#5315=ORIENTED_EDGE('',*,*,#3660,.F.);
#5316=ORIENTED_EDGE('',*,*,#3648,.F.);
#5317=ORIENTED_EDGE('',*,*,#3664,.T.);
#5318=ORIENTED_EDGE('',*,*,#3665,.F.);
#5319=ORIENTED_EDGE('',*,*,#3662,.T.);
#5320=ORIENTED_EDGE('',*,*,#3646,.F.);
#5321=ORIENTED_EDGE('',*,*,#3666,.F.);
#5322=ORIENTED_EDGE('',*,*,#3667,.F.);
#5323=ORIENTED_EDGE('',*,*,#3664,.F.);
#5324=ORIENTED_EDGE('',*,*,#3641,.F.);
#5325=ORIENTED_EDGE('',*,*,#3668,.T.);
#5326=ORIENTED_EDGE('',*,*,#3669,.F.);
#5327=ORIENTED_EDGE('',*,*,#3666,.T.);
#5328=ORIENTED_EDGE('',*,*,#3670,.T.);
#5329=ORIENTED_EDGE('',*,*,#3671,.T.);
#5330=ORIENTED_EDGE('',*,*,#3672,.T.);
#5331=ORIENTED_EDGE('',*,*,#3635,.T.);
#5332=ORIENTED_EDGE('',*,*,#3673,.T.);
#5333=ORIENTED_EDGE('',*,*,#3636,.T.);
#5334=ORIENTED_EDGE('',*,*,#3672,.F.);
#5335=ORIENTED_EDGE('',*,*,#3674,.T.);
#5336=ORIENTED_EDGE('',*,*,#3153,.T.);
#5337=ORIENTED_EDGE('',*,*,#3637,.T.);
#5338=ORIENTED_EDGE('',*,*,#3673,.F.);
#5339=ORIENTED_EDGE('',*,*,#3675,.T.);
#5340=ORIENTED_EDGE('',*,*,#3676,.T.);
#5341=ORIENTED_EDGE('',*,*,#3676,.F.);
#5342=ORIENTED_EDGE('',*,*,#3677,.T.);
#5343=ORIENTED_EDGE('',*,*,#3163,.T.);
#5344=ORIENTED_EDGE('',*,*,#3142,.T.);
#5345=ORIENTED_EDGE('',*,*,#3154,.T.);
#5346=ORIENTED_EDGE('',*,*,#3678,.T.);
#5347=ORIENTED_EDGE('',*,*,#3679,.T.);
#5348=ORIENTED_EDGE('',*,*,#3165,.F.);
#5349=ORIENTED_EDGE('',*,*,#3680,.T.);
#5350=ORIENTED_EDGE('',*,*,#3681,.F.);
#5351=ORIENTED_EDGE('',*,*,#3682,.T.);
#5352=ORIENTED_EDGE('',*,*,#3678,.F.);
#5353=ORIENTED_EDGE('',*,*,#3683,.T.);
#5354=ORIENTED_EDGE('',*,*,#3683,.F.);
#5355=ORIENTED_EDGE('',*,*,#3684,.T.);
#5356=ORIENTED_EDGE('',*,*,#3685,.F.);
#5357=ORIENTED_EDGE('',*,*,#3686,.T.);
#5358=ORIENTED_EDGE('',*,*,#3680,.F.);
#5359=ORIENTED_EDGE('',*,*,#3687,.F.);
#5360=ORIENTED_EDGE('',*,*,#3688,.F.);
#5361=ORIENTED_EDGE('',*,*,#3684,.F.);
#5362=ORIENTED_EDGE('',*,*,#3164,.F.);
#5363=ORIENTED_EDGE('',*,*,#3689,.T.);
#5364=ORIENTED_EDGE('',*,*,#3690,.F.);
#5365=ORIENTED_EDGE('',*,*,#3687,.T.);
#5366=ORIENTED_EDGE('',*,*,#3677,.F.);
#5367=ORIENTED_EDGE('',*,*,#3691,.F.);
#5368=ORIENTED_EDGE('',*,*,#3692,.F.);
#5369=ORIENTED_EDGE('',*,*,#3689,.F.);
#5370=ORIENTED_EDGE('',*,*,#3675,.F.);
#5371=ORIENTED_EDGE('',*,*,#3693,.T.);
#5372=ORIENTED_EDGE('',*,*,#3694,.F.);
#5373=ORIENTED_EDGE('',*,*,#3691,.T.);
#5374=ORIENTED_EDGE('',*,*,#3674,.F.);
#5375=ORIENTED_EDGE('',*,*,#3695,.F.);
#5376=ORIENTED_EDGE('',*,*,#3696,.F.);
#5377=ORIENTED_EDGE('',*,*,#3693,.F.);
#5378=ORIENTED_EDGE('',*,*,#3671,.F.);
#5379=ORIENTED_EDGE('',*,*,#3697,.T.);
#5380=ORIENTED_EDGE('',*,*,#3698,.F.);
#5381=ORIENTED_EDGE('',*,*,#3695,.T.);
#5382=ORIENTED_EDGE('',*,*,#3699,.T.);
#5383=ORIENTED_EDGE('',*,*,#3700,.T.);
#5384=ORIENTED_EDGE('',*,*,#3701,.T.);
#5385=ORIENTED_EDGE('',*,*,#3629,.T.);
#5386=ORIENTED_EDGE('',*,*,#3702,.T.);
#5387=ORIENTED_EDGE('',*,*,#3630,.T.);
#5388=ORIENTED_EDGE('',*,*,#3701,.F.);
#5389=ORIENTED_EDGE('',*,*,#3703,.T.);
#5390=ORIENTED_EDGE('',*,*,#3149,.T.);
#5391=ORIENTED_EDGE('',*,*,#3631,.T.);
#5392=ORIENTED_EDGE('',*,*,#3702,.F.);
#5393=ORIENTED_EDGE('',*,*,#3704,.T.);
#5394=ORIENTED_EDGE('',*,*,#3705,.T.);
#5395=ORIENTED_EDGE('',*,*,#3150,.T.);
#5396=ORIENTED_EDGE('',*,*,#3705,.F.);
#5397=ORIENTED_EDGE('',*,*,#3706,.T.);
#5398=ORIENTED_EDGE('',*,*,#3155,.T.);
#5399=ORIENTED_EDGE('',*,*,#3707,.T.);
#5400=ORIENTED_EDGE('',*,*,#3632,.T.);
#5401=ORIENTED_EDGE('',*,*,#3157,.F.);
#5402=ORIENTED_EDGE('',*,*,#3708,.T.);
#5403=ORIENTED_EDGE('',*,*,#3709,.F.);
#5404=ORIENTED_EDGE('',*,*,#3633,.T.);
#5405=ORIENTED_EDGE('',*,*,#3707,.F.);
#5406=ORIENTED_EDGE('',*,*,#3710,.T.);
#5407=ORIENTED_EDGE('',*,*,#3710,.F.);
#5408=ORIENTED_EDGE('',*,*,#3711,.T.);
#5409=ORIENTED_EDGE('',*,*,#3712,.F.);
#5410=ORIENTED_EDGE('',*,*,#3713,.T.);
#5411=ORIENTED_EDGE('',*,*,#3708,.F.);
#5412=ORIENTED_EDGE('',*,*,#3714,.F.);
#5413=ORIENTED_EDGE('',*,*,#3715,.F.);
#5414=ORIENTED_EDGE('',*,*,#3711,.F.);
#5415=ORIENTED_EDGE('',*,*,#3156,.F.);
#5416=ORIENTED_EDGE('',*,*,#3716,.T.);
#5417=ORIENTED_EDGE('',*,*,#3717,.F.);
#5418=ORIENTED_EDGE('',*,*,#3714,.T.);
#5419=ORIENTED_EDGE('',*,*,#3706,.F.);
#5420=ORIENTED_EDGE('',*,*,#3718,.F.);
#5421=ORIENTED_EDGE('',*,*,#3719,.F.);
#5422=ORIENTED_EDGE('',*,*,#3716,.F.);
#5423=ORIENTED_EDGE('',*,*,#3704,.F.);
#5424=ORIENTED_EDGE('',*,*,#3720,.T.);
#5425=ORIENTED_EDGE('',*,*,#3721,.F.);
#5426=ORIENTED_EDGE('',*,*,#3718,.T.);
#5427=ORIENTED_EDGE('',*,*,#3703,.F.);
#5428=ORIENTED_EDGE('',*,*,#3722,.F.);
#5429=ORIENTED_EDGE('',*,*,#3723,.F.);
#5430=ORIENTED_EDGE('',*,*,#3720,.F.);
#5431=ORIENTED_EDGE('',*,*,#3700,.F.);
#5432=ORIENTED_EDGE('',*,*,#3724,.T.);
#5433=ORIENTED_EDGE('',*,*,#3725,.F.);
#5434=ORIENTED_EDGE('',*,*,#3722,.T.);
#5435=ORIENTED_EDGE('',*,*,#3726,.T.);
#5436=ORIENTED_EDGE('',*,*,#3727,.T.);
#5437=ORIENTED_EDGE('',*,*,#3728,.T.);
#5438=ORIENTED_EDGE('',*,*,#3698,.T.);
#5439=ORIENTED_EDGE('',*,*,#3729,.T.);
#5440=ORIENTED_EDGE('',*,*,#3696,.T.);
#5441=ORIENTED_EDGE('',*,*,#3728,.F.);
#5442=ORIENTED_EDGE('',*,*,#3730,.T.);
#5443=ORIENTED_EDGE('',*,*,#3731,.T.);
#5444=ORIENTED_EDGE('',*,*,#3694,.T.);
#5445=ORIENTED_EDGE('',*,*,#3729,.F.);
#5446=ORIENTED_EDGE('',*,*,#3732,.T.);
#5447=ORIENTED_EDGE('',*,*,#3733,.T.);
#5448=ORIENTED_EDGE('',*,*,#3692,.T.);
#5449=ORIENTED_EDGE('',*,*,#3731,.F.);
#5450=ORIENTED_EDGE('',*,*,#3734,.T.);
#5451=ORIENTED_EDGE('',*,*,#3735,.T.);
#5452=ORIENTED_EDGE('',*,*,#3690,.T.);
#5453=ORIENTED_EDGE('',*,*,#3733,.F.);
#5454=ORIENTED_EDGE('',*,*,#3736,.T.);
#5455=ORIENTED_EDGE('',*,*,#3737,.T.);
#5456=ORIENTED_EDGE('',*,*,#3688,.T.);
#5457=ORIENTED_EDGE('',*,*,#3735,.F.);
#5458=ORIENTED_EDGE('',*,*,#3738,.T.);
#5459=ORIENTED_EDGE('',*,*,#3739,.F.);
#5460=ORIENTED_EDGE('',*,*,#3685,.T.);
#5461=ORIENTED_EDGE('',*,*,#3737,.F.);
#5462=ORIENTED_EDGE('',*,*,#3740,.T.);
#5463=ORIENTED_EDGE('',*,*,#3740,.F.);
#5464=ORIENTED_EDGE('',*,*,#3738,.F.);
#5465=ORIENTED_EDGE('',*,*,#3736,.F.);
#5466=ORIENTED_EDGE('',*,*,#3734,.F.);
#5467=ORIENTED_EDGE('',*,*,#3732,.F.);
#5468=ORIENTED_EDGE('',*,*,#3730,.F.);
#5469=ORIENTED_EDGE('',*,*,#3727,.F.);
#5470=ORIENTED_EDGE('',*,*,#3741,.T.);
#5471=ORIENTED_EDGE('',*,*,#3742,.F.);
#5472=ORIENTED_EDGE('',*,*,#3743,.F.);
#5473=ORIENTED_EDGE('',*,*,#3744,.F.);
#5474=ORIENTED_EDGE('',*,*,#3745,.F.);
#5475=ORIENTED_EDGE('',*,*,#3746,.F.);
#5476=ORIENTED_EDGE('',*,*,#3747,.F.);
#5477=ORIENTED_EDGE('',*,*,#3748,.F.);
#5478=ORIENTED_EDGE('',*,*,#3749,.T.);
#5479=ORIENTED_EDGE('',*,*,#3750,.F.);
#5480=ORIENTED_EDGE('',*,*,#3751,.F.);
#5481=ORIENTED_EDGE('',*,*,#3752,.F.);
#5482=ORIENTED_EDGE('',*,*,#3753,.F.);
#5483=ORIENTED_EDGE('',*,*,#3754,.F.);
#5484=ORIENTED_EDGE('',*,*,#3755,.F.);
#5485=ORIENTED_EDGE('',*,*,#3756,.F.);
#5486=ORIENTED_EDGE('',*,*,#3757,.T.);
#5487=ORIENTED_EDGE('',*,*,#3638,.T.);
#5488=ORIENTED_EDGE('',*,*,#3758,.F.);
#5489=ORIENTED_EDGE('',*,*,#3712,.T.);
#5490=ORIENTED_EDGE('',*,*,#3759,.T.);
#5491=ORIENTED_EDGE('',*,*,#3742,.T.);
#5492=ORIENTED_EDGE('',*,*,#3760,.T.);
#5493=ORIENTED_EDGE('',*,*,#3743,.T.);
#5494=ORIENTED_EDGE('',*,*,#3759,.F.);
#5495=ORIENTED_EDGE('',*,*,#3715,.T.);
#5496=ORIENTED_EDGE('',*,*,#3761,.T.);
#5497=ORIENTED_EDGE('',*,*,#3744,.T.);
#5498=ORIENTED_EDGE('',*,*,#3760,.F.);
#5499=ORIENTED_EDGE('',*,*,#3717,.T.);
#5500=ORIENTED_EDGE('',*,*,#3762,.T.);
#5501=ORIENTED_EDGE('',*,*,#3745,.T.);
#5502=ORIENTED_EDGE('',*,*,#3761,.F.);
#5503=ORIENTED_EDGE('',*,*,#3719,.T.);
#5504=ORIENTED_EDGE('',*,*,#3763,.T.);
#5505=ORIENTED_EDGE('',*,*,#3746,.T.);
#5506=ORIENTED_EDGE('',*,*,#3762,.F.);
#5507=ORIENTED_EDGE('',*,*,#3721,.T.);
#5508=ORIENTED_EDGE('',*,*,#3764,.T.);
#5509=ORIENTED_EDGE('',*,*,#3747,.T.);
#5510=ORIENTED_EDGE('',*,*,#3763,.F.);
#5511=ORIENTED_EDGE('',*,*,#3723,.T.);
#5512=ORIENTED_EDGE('',*,*,#3765,.T.);
#5513=ORIENTED_EDGE('',*,*,#3748,.T.);
#5514=ORIENTED_EDGE('',*,*,#3764,.F.);
#5515=ORIENTED_EDGE('',*,*,#3725,.T.);
#5516=ORIENTED_EDGE('',*,*,#3766,.F.);
#5517=ORIENTED_EDGE('',*,*,#3656,.T.);
#5518=ORIENTED_EDGE('',*,*,#3767,.T.);
#5519=ORIENTED_EDGE('',*,*,#3750,.T.);
#5520=ORIENTED_EDGE('',*,*,#3768,.T.);
#5521=ORIENTED_EDGE('',*,*,#3751,.T.);
#5522=ORIENTED_EDGE('',*,*,#3767,.F.);
#5523=ORIENTED_EDGE('',*,*,#3659,.T.);
#5524=ORIENTED_EDGE('',*,*,#3769,.T.);
#5525=ORIENTED_EDGE('',*,*,#3752,.T.);
#5526=ORIENTED_EDGE('',*,*,#3768,.F.);
#5527=ORIENTED_EDGE('',*,*,#3661,.T.);
#5528=ORIENTED_EDGE('',*,*,#3770,.T.);
#5529=ORIENTED_EDGE('',*,*,#3753,.T.);
#5530=ORIENTED_EDGE('',*,*,#3769,.F.);
#5531=ORIENTED_EDGE('',*,*,#3663,.T.);
#5532=ORIENTED_EDGE('',*,*,#3771,.T.);
#5533=ORIENTED_EDGE('',*,*,#3754,.T.);
#5534=ORIENTED_EDGE('',*,*,#3770,.F.);
#5535=ORIENTED_EDGE('',*,*,#3665,.T.);
#5536=ORIENTED_EDGE('',*,*,#3772,.T.);
#5537=ORIENTED_EDGE('',*,*,#3755,.T.);
#5538=ORIENTED_EDGE('',*,*,#3771,.F.);
#5539=ORIENTED_EDGE('',*,*,#3667,.T.);
#5540=ORIENTED_EDGE('',*,*,#3773,.T.);
#5541=ORIENTED_EDGE('',*,*,#3756,.T.);
#5542=ORIENTED_EDGE('',*,*,#3772,.F.);
#5543=ORIENTED_EDGE('',*,*,#3669,.T.);
#5544=ORIENTED_EDGE('',*,*,#3774,.F.);
#5545=ORIENTED_EDGE('',*,*,#3653,.F.);
#5546=ORIENTED_EDGE('',*,*,#3657,.F.);
#5547=ORIENTED_EDGE('',*,*,#3766,.T.);
#5548=ORIENTED_EDGE('',*,*,#3775,.T.);
#5549=ORIENTED_EDGE('',*,*,#3773,.F.);
#5550=ORIENTED_EDGE('',*,*,#3668,.F.);
#5551=ORIENTED_EDGE('',*,*,#3640,.T.);
#5552=ORIENTED_EDGE('',*,*,#3776,.T.);
#5553=ORIENTED_EDGE('',*,*,#3777,.T.);
#5554=ORIENTED_EDGE('',*,*,#3765,.F.);
#5555=ORIENTED_EDGE('',*,*,#3724,.F.);
#5556=ORIENTED_EDGE('',*,*,#3699,.F.);
#5557=ORIENTED_EDGE('',*,*,#3778,.F.);
#5558=ORIENTED_EDGE('',*,*,#3779,.F.);
#5559=ORIENTED_EDGE('',*,*,#3709,.T.);
#5560=ORIENTED_EDGE('',*,*,#3713,.F.);
#5561=ORIENTED_EDGE('',*,*,#3758,.T.);
#5562=ORIENTED_EDGE('',*,*,#3166,.F.);
#5563=ORIENTED_EDGE('',*,*,#3679,.F.);
#5564=ORIENTED_EDGE('',*,*,#3682,.F.);
#5565=ORIENTED_EDGE('',*,*,#3780,.F.);
#5566=ORIENTED_EDGE('',*,*,#3643,.F.);
#5567=ORIENTED_EDGE('',*,*,#3645,.F.);
#5568=ORIENTED_EDGE('',*,*,#3647,.F.);
#5569=ORIENTED_EDGE('',*,*,#3144,.T.);
#5570=ORIENTED_EDGE('',*,*,#2902,.T.);
#5571=ORIENTED_EDGE('',*,*,#3781,.F.);
#5572=ORIENTED_EDGE('',*,*,#3781,.T.);
#5573=ORIENTED_EDGE('',*,*,#3782,.T.);
#5574=ORIENTED_EDGE('',*,*,#3783,.F.);
#5575=ORIENTED_EDGE('',*,*,#3782,.F.);
#5576=ORIENTED_EDGE('',*,*,#3783,.T.);
#5577=ORIENTED_EDGE('',*,*,#3784,.F.);
#5578=ORIENTED_EDGE('',*,*,#3785,.F.);
#5579=ORIENTED_EDGE('',*,*,#3786,.T.);
#5580=ORIENTED_EDGE('',*,*,#3784,.T.);
#5581=ORIENTED_EDGE('',*,*,#3786,.F.);
#5582=ORIENTED_EDGE('',*,*,#3787,.F.);
#5583=ORIENTED_EDGE('',*,*,#3785,.T.);
#5584=ORIENTED_EDGE('',*,*,#3787,.T.);
#5585=ORIENTED_EDGE('',*,*,#3788,.T.);
#5586=ORIENTED_EDGE('',*,*,#3789,.F.);
#5587=ORIENTED_EDGE('',*,*,#3788,.F.);
#5588=ORIENTED_EDGE('',*,*,#2898,.F.);
#5589=ORIENTED_EDGE('',*,*,#3789,.T.);
#5590=ORIENTED_EDGE('',*,*,#2888,.T.);
#5591=ORIENTED_EDGE('',*,*,#2897,.T.);
#5592=ORIENTED_EDGE('',*,*,#2892,.T.);
#5593=ORIENTED_EDGE('',*,*,#3790,.F.);
#5594=ORIENTED_EDGE('',*,*,#3790,.T.);
#5595=ORIENTED_EDGE('',*,*,#3791,.T.);
#5596=ORIENTED_EDGE('',*,*,#3776,.F.);
#5597=ORIENTED_EDGE('',*,*,#3741,.F.);
#5598=ORIENTED_EDGE('',*,*,#3792,.F.);
#5599=ORIENTED_EDGE('',*,*,#3757,.F.);
#5600=ORIENTED_EDGE('',*,*,#3775,.F.);
#5601=ORIENTED_EDGE('',*,*,#3749,.F.);
#5602=ORIENTED_EDGE('',*,*,#3777,.F.);
#5603=ORIENTED_EDGE('',*,*,#3791,.F.);
#5604=ORIENTED_EDGE('',*,*,#3793,.F.);
#5605=ORIENTED_EDGE('',*,*,#3681,.T.);
#5606=ORIENTED_EDGE('',*,*,#3686,.F.);
#5607=ORIENTED_EDGE('',*,*,#3739,.T.);
#5608=ORIENTED_EDGE('',*,*,#3792,.T.);
#5609=ORIENTED_EDGE('',*,*,#3726,.F.);
#5610=ORIENTED_EDGE('',*,*,#3697,.F.);
#5611=ORIENTED_EDGE('',*,*,#3670,.F.);
#5612=ORIENTED_EDGE('',*,*,#3793,.T.);
#5613=ORIENTED_EDGE('',*,*,#3634,.T.);
#5614=ORIENTED_EDGE('',*,*,#3779,.T.);
#5615=ORIENTED_EDGE('',*,*,#3794,.T.);
#5616=ORIENTED_EDGE('',*,*,#3795,.F.);
#5617=ORIENTED_EDGE('',*,*,#3794,.F.);
#5618=ORIENTED_EDGE('',*,*,#3778,.T.);
#5619=ORIENTED_EDGE('',*,*,#3628,.T.);
#5620=ORIENTED_EDGE('',*,*,#3774,.T.);
#5621=ORIENTED_EDGE('',*,*,#3780,.T.);
#5622=ORIENTED_EDGE('',*,*,#2881,.T.);
#5623=ORIENTED_EDGE('',*,*,#2904,.F.);
#5624=ORIENTED_EDGE('',*,*,#2885,.T.);
#5625=ORIENTED_EDGE('',*,*,#3795,.T.);
#5626=CYLINDRICAL_SURFACE('',#6121,62.000000923872);
#5627=CYLINDRICAL_SURFACE('',#6126,62.000000923872);
#5628=CYLINDRICAL_SURFACE('',#6127,43.0096799691258);
#5629=CYLINDRICAL_SURFACE('',#6139,43.0096799691258);
#5630=CYLINDRICAL_SURFACE('',#6257,8.25);
#5631=CYLINDRICAL_SURFACE('',#6261,12.0000001788139);
#5632=CYLINDRICAL_SURFACE('',#6264,12.5000001788139);
#5633=CYLINDRICAL_SURFACE('',#6289,0.649999999999997);
#5634=CYLINDRICAL_SURFACE('',#6293,0.649999999999997);
#5635=CYLINDRICAL_SURFACE('',#6295,11.84);
#5636=CYLINDRICAL_SURFACE('',#6298,0.649999999999997);
#5637=CYLINDRICAL_SURFACE('',#6302,0.649999999999997);
#5638=CYLINDRICAL_SURFACE('',#6304,11.84);
#5639=CYLINDRICAL_SURFACE('',#6307,0.649999999999997);
#5640=CYLINDRICAL_SURFACE('',#6311,0.649999999999997);
#5641=CYLINDRICAL_SURFACE('',#6313,11.84);
#5642=CYLINDRICAL_SURFACE('',#6316,0.649999999999997);
#5643=CYLINDRICAL_SURFACE('',#6320,0.649999999999997);
#5644=CYLINDRICAL_SURFACE('',#6322,11.84);
#5645=CYLINDRICAL_SURFACE('',#6325,0.649999999999997);
#5646=CYLINDRICAL_SURFACE('',#6329,0.649999999999997);
#5647=CYLINDRICAL_SURFACE('',#6331,11.84);
#5648=CYLINDRICAL_SURFACE('',#6334,0.649999999999997);
#5649=CYLINDRICAL_SURFACE('',#6338,0.649999999999997);
#5650=CYLINDRICAL_SURFACE('',#6340,11.84);
#5651=CYLINDRICAL_SURFACE('',#6343,0.649999999999997);
#5652=CYLINDRICAL_SURFACE('',#6347,0.649999999999997);
#5653=CYLINDRICAL_SURFACE('',#6349,11.84);
#5654=CYLINDRICAL_SURFACE('',#6352,0.649999999999997);
#5655=CYLINDRICAL_SURFACE('',#6356,0.649999999999997);
#5656=CYLINDRICAL_SURFACE('',#6358,11.84);
#5657=CYLINDRICAL_SURFACE('',#6361,0.649999999999997);
#5658=CYLINDRICAL_SURFACE('',#6365,0.649999999999997);
#5659=CYLINDRICAL_SURFACE('',#6367,11.84);
#5660=CYLINDRICAL_SURFACE('',#6370,0.649999999999997);
#5661=CYLINDRICAL_SURFACE('',#6374,0.649999999999997);
#5662=CYLINDRICAL_SURFACE('',#6376,11.84);
#5663=CYLINDRICAL_SURFACE('',#6379,0.649999999999997);
#5664=CYLINDRICAL_SURFACE('',#6383,0.649999999999997);
#5665=CYLINDRICAL_SURFACE('',#6385,11.84);
#5666=CYLINDRICAL_SURFACE('',#6388,0.649999999999997);
#5667=CYLINDRICAL_SURFACE('',#6392,0.649999999999997);
#5668=CYLINDRICAL_SURFACE('',#6394,11.84);
#5669=CYLINDRICAL_SURFACE('',#6397,0.649999999999997);
#5670=CYLINDRICAL_SURFACE('',#6401,0.649999999999997);
#5671=CYLINDRICAL_SURFACE('',#6403,11.84);
#5672=CYLINDRICAL_SURFACE('',#6406,0.649999999999997);
#5673=CYLINDRICAL_SURFACE('',#6410,0.649999999999997);
#5674=CYLINDRICAL_SURFACE('',#6412,11.84);
#5675=CYLINDRICAL_SURFACE('',#6415,0.649999999999997);
#5676=CYLINDRICAL_SURFACE('',#6419,0.649999999999997);
#5677=CYLINDRICAL_SURFACE('',#6421,11.84);
#5678=CYLINDRICAL_SURFACE('',#6424,0.649999999999997);
#5679=CYLINDRICAL_SURFACE('',#6428,0.649999999999997);
#5680=CYLINDRICAL_SURFACE('',#6430,11.84);
#5681=CYLINDRICAL_SURFACE('',#6433,0.649999999999997);
#5682=CYLINDRICAL_SURFACE('',#6437,0.649999999999997);
#5683=CYLINDRICAL_SURFACE('',#6439,11.84);
#5684=CYLINDRICAL_SURFACE('',#6442,0.649999999999997);
#5685=CYLINDRICAL_SURFACE('',#6446,0.649999999999997);
#5686=CYLINDRICAL_SURFACE('',#6448,11.84);
#5687=CYLINDRICAL_SURFACE('',#6451,0.649999999999997);
#5688=CYLINDRICAL_SURFACE('',#6455,0.649999999999997);
#5689=CYLINDRICAL_SURFACE('',#6457,11.84);
#5690=CYLINDRICAL_SURFACE('',#6460,0.649999999999997);
#5691=CYLINDRICAL_SURFACE('',#6464,0.649999999999997);
#5692=CYLINDRICAL_SURFACE('',#6466,11.84);
#5693=CYLINDRICAL_SURFACE('',#6469,0.649999999999997);
#5694=CYLINDRICAL_SURFACE('',#6473,0.649999999999997);
#5695=CYLINDRICAL_SURFACE('',#6475,11.84);
#5696=CYLINDRICAL_SURFACE('',#6478,0.649999999999997);
#5697=CYLINDRICAL_SURFACE('',#6482,0.649999999999997);
#5698=CYLINDRICAL_SURFACE('',#6484,11.84);
#5699=CYLINDRICAL_SURFACE('',#6487,0.649999999999997);
#5700=CYLINDRICAL_SURFACE('',#6491,0.649999999999997);
#5701=CYLINDRICAL_SURFACE('',#6493,11.84);
#5702=CYLINDRICAL_SURFACE('',#6496,0.649999999999997);
#5703=CYLINDRICAL_SURFACE('',#6500,0.649999999999997);
#5704=CYLINDRICAL_SURFACE('',#6502,11.84);
#5705=CYLINDRICAL_SURFACE('',#6505,0.649999999999997);
#5706=CYLINDRICAL_SURFACE('',#6509,0.649999999999997);
#5707=CYLINDRICAL_SURFACE('',#6511,11.84);
#5708=CYLINDRICAL_SURFACE('',#6514,0.649999999999997);
#5709=CYLINDRICAL_SURFACE('',#6518,0.649999999999997);
#5710=CYLINDRICAL_SURFACE('',#6520,11.84);
#5711=CYLINDRICAL_SURFACE('',#6523,0.649999999999997);
#5712=CYLINDRICAL_SURFACE('',#6527,0.649999999999997);
#5713=CYLINDRICAL_SURFACE('',#6529,11.84);
#5714=CYLINDRICAL_SURFACE('',#6532,0.649999999999997);
#5715=CYLINDRICAL_SURFACE('',#6536,0.649999999999997);
#5716=CYLINDRICAL_SURFACE('',#6538,11.84);
#5717=CYLINDRICAL_SURFACE('',#6541,0.649999999999997);
#5718=CYLINDRICAL_SURFACE('',#6545,0.649999999999997);
#5719=CYLINDRICAL_SURFACE('',#6547,11.84);
#5720=CYLINDRICAL_SURFACE('',#6550,0.649999999999997);
#5721=CYLINDRICAL_SURFACE('',#6554,0.649999999999997);
#5722=CYLINDRICAL_SURFACE('',#6556,11.84);
#5723=CYLINDRICAL_SURFACE('',#6559,0.649999999999997);
#5724=CYLINDRICAL_SURFACE('',#6563,0.649999999999997);
#5725=CYLINDRICAL_SURFACE('',#6565,11.84);
#5726=CYLINDRICAL_SURFACE('',#6568,0.649999999999997);
#5727=CYLINDRICAL_SURFACE('',#6572,0.649999999999997);
#5728=CYLINDRICAL_SURFACE('',#6574,11.84);
#5729=CYLINDRICAL_SURFACE('',#6577,0.649999999999997);
#5730=CYLINDRICAL_SURFACE('',#6581,0.649999999999997);
#5731=CYLINDRICAL_SURFACE('',#6583,11.84);
#5732=CYLINDRICAL_SURFACE('',#6586,0.649999999999997);
#5733=CYLINDRICAL_SURFACE('',#6590,0.649999999999997);
#5734=CYLINDRICAL_SURFACE('',#6592,11.84);
#5735=CYLINDRICAL_SURFACE('',#6595,0.649999999999997);
#5736=CYLINDRICAL_SURFACE('',#6599,0.649999999999997);
#5737=CYLINDRICAL_SURFACE('',#6601,11.84);
#5738=CYLINDRICAL_SURFACE('',#6604,0.649999999999997);
#5739=CYLINDRICAL_SURFACE('',#6608,0.649999999999997);
#5740=CYLINDRICAL_SURFACE('',#6610,11.84);
#5741=CYLINDRICAL_SURFACE('',#6613,0.649999999999997);
#5742=CYLINDRICAL_SURFACE('',#6617,0.649999999999997);
#5743=CYLINDRICAL_SURFACE('',#6619,11.84);
#5744=CYLINDRICAL_SURFACE('',#6622,0.649999999999997);
#5745=CYLINDRICAL_SURFACE('',#6626,0.649999999999997);
#5746=CYLINDRICAL_SURFACE('',#6628,8.25);
#5747=CYLINDRICAL_SURFACE('',#6631,11.84);
#5748=CYLINDRICAL_SURFACE('',#6644,8.25);
#5749=CYLINDRICAL_SURFACE('',#6650,2.);
#5750=CYLINDRICAL_SURFACE('',#6658,2.);
#5751=CYLINDRICAL_SURFACE('',#6662,5.);
#5752=CYLINDRICAL_SURFACE('',#6665,7.5);
#5753=CYLINDRICAL_SURFACE('',#6667,14.);
#5754=CYLINDRICAL_SURFACE('',#6669,7.5);
#5755=CYLINDRICAL_SURFACE('',#6672,5.);
#5756=CYLINDRICAL_SURFACE('',#6677,2.);
#5757=CYLINDRICAL_SURFACE('',#6684,2.);
#5758=CYLINDRICAL_SURFACE('',#6689,5.);
#5759=CYLINDRICAL_SURFACE('',#6692,7.5);
#5760=CYLINDRICAL_SURFACE('',#6694,14.);
#5761=CYLINDRICAL_SURFACE('',#6696,7.5);
#5762=CYLINDRICAL_SURFACE('',#6699,5.);
#5763=CYLINDRICAL_SURFACE('',#6704,2.);
#5764=CYLINDRICAL_SURFACE('',#6711,2.);
#5765=CYLINDRICAL_SURFACE('',#6715,5.);
#5766=CYLINDRICAL_SURFACE('',#6718,7.5);
#5767=CYLINDRICAL_SURFACE('',#6720,14.);
#5768=CYLINDRICAL_SURFACE('',#6722,7.5);
#5769=CYLINDRICAL_SURFACE('',#6725,5.);
#5770=CYLINDRICAL_SURFACE('',#6730,2.);
#5771=CYLINDRICAL_SURFACE('',#6741,2.);
#5772=CYLINDRICAL_SURFACE('',#6761,2.);
#5773=CYLINDRICAL_SURFACE('',#6769,2.);
#5774=CYLINDRICAL_SURFACE('',#6774,2.);
#5775=CYLINDRICAL_SURFACE('',#6782,2.);
#5776=CYLINDRICAL_SURFACE('',#6785,28.0444848810739);
#5777=CYLINDRICAL_SURFACE('',#6788,28.0444848810739);
#5778=CYLINDRICAL_SURFACE('',#6797,35.0000005215406);
#5779=CYLINDRICAL_SURFACE('',#6801,33.0000004917383);
#5780=CYLINDRICAL_SURFACE('',#6805,35.0000005215406);
#5781=CYLINDRICAL_SURFACE('',#6813,28.0444848810739);
#5782=ADVANCED_FACE('',(#194),#5626,.T.);
#5783=ADVANCED_FACE('',(#195),#59,.T.);
#5784=ADVANCED_FACE('',(#196),#60,.T.);
#5785=ADVANCED_FACE('',(#197),#5627,.T.);
#5786=ADVANCED_FACE('',(#198),#5628,.T.);
#5787=ADVANCED_FACE('',(#199),#25,.F.);
#5788=ADVANCED_FACE('',(#200),#26,.F.);
#5789=ADVANCED_FACE('',(#201),#5629,.T.);
#5790=ADVANCED_FACE('',(#202,#15),#61,.F.);
#5791=ADVANCED_FACE('',(#203),#5630,.F.);
#5792=ADVANCED_FACE('',(#204),#5631,.T.);
#5793=ADVANCED_FACE('',(#205,#16),#62,.T.);
#5794=ADVANCED_FACE('',(#206),#5632,.T.);
#5795=ADVANCED_FACE('',(#207),#27,.T.);
#5796=ADVANCED_FACE('',(#208),#28,.T.);
#5797=ADVANCED_FACE('',(#209),#29,.T.);
#5798=ADVANCED_FACE('',(#210),#63,.F.);
#5799=ADVANCED_FACE('',(#211),#5633,.F.);
#5800=ADVANCED_FACE('',(#212),#64,.F.);
#5801=ADVANCED_FACE('',(#213),#65,.F.);
#5802=ADVANCED_FACE('',(#214),#5634,.F.);
#5803=ADVANCED_FACE('',(#215),#5635,.T.);
#5804=ADVANCED_FACE('',(#216),#66,.F.);
#5805=ADVANCED_FACE('',(#217),#5636,.F.);
#5806=ADVANCED_FACE('',(#218),#67,.F.);
#5807=ADVANCED_FACE('',(#219),#68,.F.);
#5808=ADVANCED_FACE('',(#220),#5637,.F.);
#5809=ADVANCED_FACE('',(#221),#5638,.T.);
#5810=ADVANCED_FACE('',(#222),#69,.F.);
#5811=ADVANCED_FACE('',(#223),#5639,.F.);
#5812=ADVANCED_FACE('',(#224),#70,.F.);
#5813=ADVANCED_FACE('',(#225),#71,.F.);
#5814=ADVANCED_FACE('',(#226),#5640,.F.);
#5815=ADVANCED_FACE('',(#227),#5641,.T.);
#5816=ADVANCED_FACE('',(#228),#72,.F.);
#5817=ADVANCED_FACE('',(#229),#5642,.F.);
#5818=ADVANCED_FACE('',(#230),#73,.F.);
#5819=ADVANCED_FACE('',(#231),#74,.F.);
#5820=ADVANCED_FACE('',(#232),#5643,.F.);
#5821=ADVANCED_FACE('',(#233),#5644,.T.);
#5822=ADVANCED_FACE('',(#234),#75,.F.);
#5823=ADVANCED_FACE('',(#235),#5645,.F.);
#5824=ADVANCED_FACE('',(#236),#76,.F.);
#5825=ADVANCED_FACE('',(#237),#77,.F.);
#5826=ADVANCED_FACE('',(#238),#5646,.F.);
#5827=ADVANCED_FACE('',(#239),#5647,.T.);
#5828=ADVANCED_FACE('',(#240),#78,.F.);
#5829=ADVANCED_FACE('',(#241),#5648,.F.);
#5830=ADVANCED_FACE('',(#242),#79,.F.);
#5831=ADVANCED_FACE('',(#243),#80,.F.);
#5832=ADVANCED_FACE('',(#244),#5649,.F.);
#5833=ADVANCED_FACE('',(#245),#5650,.T.);
#5834=ADVANCED_FACE('',(#246),#81,.F.);
#5835=ADVANCED_FACE('',(#247),#5651,.F.);
#5836=ADVANCED_FACE('',(#248),#82,.F.);
#5837=ADVANCED_FACE('',(#249),#83,.F.);
#5838=ADVANCED_FACE('',(#250),#5652,.F.);
#5839=ADVANCED_FACE('',(#251),#5653,.T.);
#5840=ADVANCED_FACE('',(#252),#84,.F.);
#5841=ADVANCED_FACE('',(#253),#5654,.F.);
#5842=ADVANCED_FACE('',(#254),#85,.F.);
#5843=ADVANCED_FACE('',(#255),#86,.F.);
#5844=ADVANCED_FACE('',(#256),#5655,.F.);
#5845=ADVANCED_FACE('',(#257),#5656,.T.);
#5846=ADVANCED_FACE('',(#258),#87,.F.);
#5847=ADVANCED_FACE('',(#259),#5657,.F.);
#5848=ADVANCED_FACE('',(#260),#88,.F.);
#5849=ADVANCED_FACE('',(#261),#89,.F.);
#5850=ADVANCED_FACE('',(#262),#5658,.F.);
#5851=ADVANCED_FACE('',(#263),#5659,.T.);
#5852=ADVANCED_FACE('',(#264),#90,.F.);
#5853=ADVANCED_FACE('',(#265),#5660,.F.);
#5854=ADVANCED_FACE('',(#266),#91,.F.);
#5855=ADVANCED_FACE('',(#267),#92,.F.);
#5856=ADVANCED_FACE('',(#268),#5661,.F.);
#5857=ADVANCED_FACE('',(#269),#5662,.T.);
#5858=ADVANCED_FACE('',(#270),#93,.F.);
#5859=ADVANCED_FACE('',(#271),#5663,.F.);
#5860=ADVANCED_FACE('',(#272),#94,.F.);
#5861=ADVANCED_FACE('',(#273),#95,.F.);
#5862=ADVANCED_FACE('',(#274),#5664,.F.);
#5863=ADVANCED_FACE('',(#275),#5665,.T.);
#5864=ADVANCED_FACE('',(#276),#96,.F.);
#5865=ADVANCED_FACE('',(#277),#5666,.F.);
#5866=ADVANCED_FACE('',(#278),#97,.F.);
#5867=ADVANCED_FACE('',(#279),#98,.F.);
#5868=ADVANCED_FACE('',(#280),#5667,.F.);
#5869=ADVANCED_FACE('',(#281),#5668,.T.);
#5870=ADVANCED_FACE('',(#282),#99,.F.);
#5871=ADVANCED_FACE('',(#283),#5669,.F.);
#5872=ADVANCED_FACE('',(#284),#100,.F.);
#5873=ADVANCED_FACE('',(#285),#101,.F.);
#5874=ADVANCED_FACE('',(#286),#5670,.F.);
#5875=ADVANCED_FACE('',(#287),#5671,.T.);
#5876=ADVANCED_FACE('',(#288),#102,.F.);
#5877=ADVANCED_FACE('',(#289),#5672,.F.);
#5878=ADVANCED_FACE('',(#290),#103,.F.);
#5879=ADVANCED_FACE('',(#291),#104,.F.);
#5880=ADVANCED_FACE('',(#292),#5673,.F.);
#5881=ADVANCED_FACE('',(#293),#5674,.T.);
#5882=ADVANCED_FACE('',(#294),#105,.F.);
#5883=ADVANCED_FACE('',(#295),#5675,.F.);
#5884=ADVANCED_FACE('',(#296),#106,.F.);
#5885=ADVANCED_FACE('',(#297),#107,.F.);
#5886=ADVANCED_FACE('',(#298),#5676,.F.);
#5887=ADVANCED_FACE('',(#299),#5677,.T.);
#5888=ADVANCED_FACE('',(#300),#108,.F.);
#5889=ADVANCED_FACE('',(#301),#5678,.F.);
#5890=ADVANCED_FACE('',(#302),#109,.F.);
#5891=ADVANCED_FACE('',(#303),#110,.F.);
#5892=ADVANCED_FACE('',(#304),#5679,.F.);
#5893=ADVANCED_FACE('',(#305),#5680,.T.);
#5894=ADVANCED_FACE('',(#306),#111,.F.);
#5895=ADVANCED_FACE('',(#307),#5681,.F.);
#5896=ADVANCED_FACE('',(#308),#112,.F.);
#5897=ADVANCED_FACE('',(#309),#113,.F.);
#5898=ADVANCED_FACE('',(#310),#5682,.F.);
#5899=ADVANCED_FACE('',(#311),#5683,.T.);
#5900=ADVANCED_FACE('',(#312),#114,.F.);
#5901=ADVANCED_FACE('',(#313),#5684,.F.);
#5902=ADVANCED_FACE('',(#314),#115,.F.);
#5903=ADVANCED_FACE('',(#315),#116,.F.);
#5904=ADVANCED_FACE('',(#316),#5685,.F.);
#5905=ADVANCED_FACE('',(#317),#5686,.T.);
#5906=ADVANCED_FACE('',(#318),#117,.F.);
#5907=ADVANCED_FACE('',(#319),#5687,.F.);
#5908=ADVANCED_FACE('',(#320),#118,.F.);
#5909=ADVANCED_FACE('',(#321),#119,.F.);
#5910=ADVANCED_FACE('',(#322),#5688,.F.);
#5911=ADVANCED_FACE('',(#323),#5689,.T.);
#5912=ADVANCED_FACE('',(#324),#120,.F.);
#5913=ADVANCED_FACE('',(#325),#5690,.F.);
#5914=ADVANCED_FACE('',(#326),#121,.F.);
#5915=ADVANCED_FACE('',(#327),#122,.F.);
#5916=ADVANCED_FACE('',(#328),#5691,.F.);
#5917=ADVANCED_FACE('',(#329),#5692,.T.);
#5918=ADVANCED_FACE('',(#330),#123,.F.);
#5919=ADVANCED_FACE('',(#331),#5693,.F.);
#5920=ADVANCED_FACE('',(#332),#124,.F.);
#5921=ADVANCED_FACE('',(#333),#125,.F.);
#5922=ADVANCED_FACE('',(#334),#5694,.F.);
#5923=ADVANCED_FACE('',(#335),#5695,.T.);
#5924=ADVANCED_FACE('',(#336),#126,.F.);
#5925=ADVANCED_FACE('',(#337),#5696,.F.);
#5926=ADVANCED_FACE('',(#338),#127,.F.);
#5927=ADVANCED_FACE('',(#339),#128,.F.);
#5928=ADVANCED_FACE('',(#340),#5697,.F.);
#5929=ADVANCED_FACE('',(#341),#5698,.T.);
#5930=ADVANCED_FACE('',(#342),#129,.F.);
#5931=ADVANCED_FACE('',(#343),#5699,.F.);
#5932=ADVANCED_FACE('',(#344),#130,.F.);
#5933=ADVANCED_FACE('',(#345),#131,.F.);
#5934=ADVANCED_FACE('',(#346),#5700,.F.);
#5935=ADVANCED_FACE('',(#347),#5701,.T.);
#5936=ADVANCED_FACE('',(#348),#132,.F.);
#5937=ADVANCED_FACE('',(#349),#5702,.F.);
#5938=ADVANCED_FACE('',(#350),#133,.F.);
#5939=ADVANCED_FACE('',(#351),#134,.F.);
#5940=ADVANCED_FACE('',(#352),#5703,.F.);
#5941=ADVANCED_FACE('',(#353),#5704,.T.);
#5942=ADVANCED_FACE('',(#354),#135,.F.);
#5943=ADVANCED_FACE('',(#355),#5705,.F.);
#5944=ADVANCED_FACE('',(#356),#136,.F.);
#5945=ADVANCED_FACE('',(#357),#137,.F.);
#5946=ADVANCED_FACE('',(#358),#5706,.F.);
#5947=ADVANCED_FACE('',(#359),#5707,.T.);
#5948=ADVANCED_FACE('',(#360),#138,.F.);
#5949=ADVANCED_FACE('',(#361),#5708,.F.);
#5950=ADVANCED_FACE('',(#362),#139,.F.);
#5951=ADVANCED_FACE('',(#363),#140,.F.);
#5952=ADVANCED_FACE('',(#364),#5709,.F.);
#5953=ADVANCED_FACE('',(#365),#5710,.T.);
#5954=ADVANCED_FACE('',(#366),#141,.F.);
#5955=ADVANCED_FACE('',(#367),#5711,.F.);
#5956=ADVANCED_FACE('',(#368),#142,.F.);
#5957=ADVANCED_FACE('',(#369),#143,.F.);
#5958=ADVANCED_FACE('',(#370),#5712,.F.);
#5959=ADVANCED_FACE('',(#371),#5713,.T.);
#5960=ADVANCED_FACE('',(#372),#144,.F.);
#5961=ADVANCED_FACE('',(#373),#5714,.F.);
#5962=ADVANCED_FACE('',(#374),#145,.F.);
#5963=ADVANCED_FACE('',(#375),#146,.F.);
#5964=ADVANCED_FACE('',(#376),#5715,.F.);
#5965=ADVANCED_FACE('',(#377),#5716,.T.);
#5966=ADVANCED_FACE('',(#378),#147,.F.);
#5967=ADVANCED_FACE('',(#379),#5717,.F.);
#5968=ADVANCED_FACE('',(#380),#148,.F.);
#5969=ADVANCED_FACE('',(#381),#149,.F.);
#5970=ADVANCED_FACE('',(#382),#5718,.F.);
#5971=ADVANCED_FACE('',(#383),#5719,.T.);
#5972=ADVANCED_FACE('',(#384),#150,.F.);
#5973=ADVANCED_FACE('',(#385),#5720,.F.);
#5974=ADVANCED_FACE('',(#386),#151,.F.);
#5975=ADVANCED_FACE('',(#387),#152,.F.);
#5976=ADVANCED_FACE('',(#388),#5721,.F.);
#5977=ADVANCED_FACE('',(#389),#5722,.T.);
#5978=ADVANCED_FACE('',(#390),#153,.F.);
#5979=ADVANCED_FACE('',(#391),#5723,.F.);
#5980=ADVANCED_FACE('',(#392),#154,.F.);
#5981=ADVANCED_FACE('',(#393),#155,.F.);
#5982=ADVANCED_FACE('',(#394),#5724,.F.);
#5983=ADVANCED_FACE('',(#395),#5725,.T.);
#5984=ADVANCED_FACE('',(#396),#156,.F.);
#5985=ADVANCED_FACE('',(#397),#5726,.F.);
#5986=ADVANCED_FACE('',(#398),#157,.F.);
#5987=ADVANCED_FACE('',(#399),#158,.F.);
#5988=ADVANCED_FACE('',(#400),#5727,.F.);
#5989=ADVANCED_FACE('',(#401),#5728,.T.);
#5990=ADVANCED_FACE('',(#402),#159,.F.);
#5991=ADVANCED_FACE('',(#403),#5729,.F.);
#5992=ADVANCED_FACE('',(#404),#160,.F.);
#5993=ADVANCED_FACE('',(#405),#161,.F.);
#5994=ADVANCED_FACE('',(#406),#5730,.F.);
#5995=ADVANCED_FACE('',(#407),#5731,.T.);
#5996=ADVANCED_FACE('',(#408),#162,.F.);
#5997=ADVANCED_FACE('',(#409),#5732,.F.);
#5998=ADVANCED_FACE('',(#410),#163,.F.);
#5999=ADVANCED_FACE('',(#411),#164,.F.);
#6000=ADVANCED_FACE('',(#412),#5733,.F.);
#6001=ADVANCED_FACE('',(#413),#5734,.T.);
#6002=ADVANCED_FACE('',(#414),#165,.F.);
#6003=ADVANCED_FACE('',(#415),#5735,.F.);
#6004=ADVANCED_FACE('',(#416),#166,.F.);
#6005=ADVANCED_FACE('',(#417),#167,.F.);
#6006=ADVANCED_FACE('',(#418),#5736,.F.);
#6007=ADVANCED_FACE('',(#419),#5737,.T.);
#6008=ADVANCED_FACE('',(#420),#168,.F.);
#6009=ADVANCED_FACE('',(#421),#5738,.F.);
#6010=ADVANCED_FACE('',(#422),#169,.F.);
#6011=ADVANCED_FACE('',(#423),#170,.F.);
#6012=ADVANCED_FACE('',(#424),#5739,.F.);
#6013=ADVANCED_FACE('',(#425),#5740,.T.);
#6014=ADVANCED_FACE('',(#426),#171,.F.);
#6015=ADVANCED_FACE('',(#427),#5741,.F.);
#6016=ADVANCED_FACE('',(#428),#172,.F.);
#6017=ADVANCED_FACE('',(#429),#173,.F.);
#6018=ADVANCED_FACE('',(#430),#5742,.F.);
#6019=ADVANCED_FACE('',(#431),#5743,.T.);
#6020=ADVANCED_FACE('',(#432),#174,.F.);
#6021=ADVANCED_FACE('',(#433),#5744,.F.);
#6022=ADVANCED_FACE('',(#434),#175,.F.);
#6023=ADVANCED_FACE('',(#435),#176,.F.);
#6024=ADVANCED_FACE('',(#436),#5745,.F.);
#6025=ADVANCED_FACE('',(#437),#5746,.F.);
#6026=ADVANCED_FACE('',(#438),#5747,.T.);
#6027=ADVANCED_FACE('',(#439,#17),#177,.T.);
#6028=ADVANCED_FACE('',(#440),#178,.T.);
#6029=ADVANCED_FACE('',(#441),#179,.T.);
#6030=ADVANCED_FACE('',(#442),#5748,.F.);
#6031=ADVANCED_FACE('',(#443),#30,.T.);
#6032=ADVANCED_FACE('',(#444),#5749,.T.);
#6033=ADVANCED_FACE('',(#445),#31,.T.);
#6034=ADVANCED_FACE('',(#446),#32,.T.);
#6035=ADVANCED_FACE('',(#447),#5750,.T.);
#6036=ADVANCED_FACE('',(#448),#33,.T.);
#6037=ADVANCED_FACE('',(#449),#5751,.F.);
#6038=ADVANCED_FACE('',(#450),#180,.T.);
#6039=ADVANCED_FACE('',(#451),#5752,.F.);
#6040=ADVANCED_FACE('',(#452),#5753,.T.);
#6041=ADVANCED_FACE('',(#453),#5754,.F.);
#6042=ADVANCED_FACE('',(#454),#181,.F.);
#6043=ADVANCED_FACE('',(#455),#5755,.F.);
#6044=ADVANCED_FACE('',(#456),#34,.T.);
#6045=ADVANCED_FACE('',(#457),#5756,.T.);
#6046=ADVANCED_FACE('',(#458),#35,.T.);
#6047=ADVANCED_FACE('',(#459),#36,.T.);
#6048=ADVANCED_FACE('',(#460),#5757,.T.);
#6049=ADVANCED_FACE('',(#461),#37,.T.);
#6050=ADVANCED_FACE('',(#462),#5758,.F.);
#6051=ADVANCED_FACE('',(#463),#182,.T.);
#6052=ADVANCED_FACE('',(#464),#5759,.F.);
#6053=ADVANCED_FACE('',(#465),#5760,.T.);
#6054=ADVANCED_FACE('',(#466),#5761,.F.);
#6055=ADVANCED_FACE('',(#467),#183,.F.);
#6056=ADVANCED_FACE('',(#468),#5762,.F.);
#6057=ADVANCED_FACE('',(#469),#38,.T.);
#6058=ADVANCED_FACE('',(#470),#5763,.T.);
#6059=ADVANCED_FACE('',(#471),#39,.T.);
#6060=ADVANCED_FACE('',(#472),#40,.T.);
#6061=ADVANCED_FACE('',(#473),#5764,.T.);
#6062=ADVANCED_FACE('',(#474),#41,.T.);
#6063=ADVANCED_FACE('',(#475),#5765,.F.);
#6064=ADVANCED_FACE('',(#476),#184,.T.);
#6065=ADVANCED_FACE('',(#477),#5766,.F.);
#6066=ADVANCED_FACE('',(#478),#5767,.T.);
#6067=ADVANCED_FACE('',(#479),#5768,.F.);
#6068=ADVANCED_FACE('',(#480),#185,.F.);
#6069=ADVANCED_FACE('',(#481),#5769,.F.);
#6070=ADVANCED_FACE('',(#482),#42,.T.);
#6071=ADVANCED_FACE('',(#483),#5770,.T.);
#6072=ADVANCED_FACE('',(#484),#43,.T.);
#6073=ADVANCED_FACE('',(#485),#44,.T.);
#6074=ADVANCED_FACE('',(#486),#45,.T.);
#6075=ADVANCED_FACE('',(#487),#5771,.T.);
#6076=ADVANCED_FACE('',(#488),#46,.T.);
#6077=ADVANCED_FACE('',(#489,#18),#186,.T.);
#6078=ADVANCED_FACE('',(#490),#47,.T.);
#6079=ADVANCED_FACE('',(#491),#5772,.T.);
#6080=ADVANCED_FACE('',(#492),#48,.T.);
#6081=ADVANCED_FACE('',(#493),#49,.T.);
#6082=ADVANCED_FACE('',(#494),#50,.T.);
#6083=ADVANCED_FACE('',(#495),#5773,.T.);
#6084=ADVANCED_FACE('',(#496),#51,.T.);
#6085=ADVANCED_FACE('',(#497),#52,.T.);
#6086=ADVANCED_FACE('',(#498),#5774,.T.);
#6087=ADVANCED_FACE('',(#499),#53,.T.);
#6088=ADVANCED_FACE('',(#500),#54,.T.);
#6089=ADVANCED_FACE('',(#501),#55,.T.);
#6090=ADVANCED_FACE('',(#502),#5775,.T.);
#6091=ADVANCED_FACE('',(#503),#56,.T.);
#6092=ADVANCED_FACE('',(#504),#5776,.F.);
#6093=ADVANCED_FACE('',(#505),#5777,.F.);
#6094=ADVANCED_FACE('',(#506),#187,.T.);
#6095=ADVANCED_FACE('',(#507,#19),#188,.T.);
#6096=ADVANCED_FACE('',(#508),#5778,.F.);
#6097=ADVANCED_FACE('',(#509,#20),#189,.T.);
#6098=ADVANCED_FACE('',(#510),#5779,.T.);
#6099=ADVANCED_FACE('',(#511,#21),#190,.T.);
#6100=ADVANCED_FACE('',(#512),#5780,.F.);
#6101=ADVANCED_FACE('',(#513,#22),#191,.T.);
#6102=ADVANCED_FACE('',(#514,#23),#192,.T.);
#6103=ADVANCED_FACE('',(#515),#57,.F.);
#6104=ADVANCED_FACE('',(#516),#5781,.F.);
#6105=ADVANCED_FACE('',(#517),#58,.F.);
#6106=ADVANCED_FACE('',(#518,#24),#193,.T.);
#6107=CLOSED_SHELL('',(#5782,#5783,#5784,#5785,#5786,#5787,#5788,#5789,
#5790,#5791,#5792,#5793,#5794,#5795,#5796,#5797,#5798,#5799,#5800,#5801,
#5802,#5803,#5804,#5805,#5806,#5807,#5808,#5809,#5810,#5811,#5812,#5813,
#5814,#5815,#5816,#5817,#5818,#5819,#5820,#5821,#5822,#5823,#5824,#5825,
#5826,#5827,#5828,#5829,#5830,#5831,#5832,#5833,#5834,#5835,#5836,#5837,
#5838,#5839,#5840,#5841,#5842,#5843,#5844,#5845,#5846,#5847,#5848,#5849,
#5850,#5851,#5852,#5853,#5854,#5855,#5856,#5857,#5858,#5859,#5860,#5861,
#5862,#5863,#5864,#5865,#5866,#5867,#5868,#5869,#5870,#5871,#5872,#5873,
#5874,#5875,#5876,#5877,#5878,#5879,#5880,#5881,#5882,#5883,#5884,#5885,
#5886,#5887,#5888,#5889,#5890,#5891,#5892,#5893,#5894,#5895,#5896,#5897,
#5898,#5899,#5900,#5901,#5902,#5903,#5904,#5905,#5906,#5907,#5908,#5909,
#5910,#5911,#5912,#5913,#5914,#5915,#5916,#5917,#5918,#5919,#5920,#5921,
#5922,#5923,#5924,#5925,#5926,#5927,#5928,#5929,#5930,#5931,#5932,#5933,
#5934,#5935,#5936,#5937,#5938,#5939,#5940,#5941,#5942,#5943,#5944,#5945,
#5946,#5947,#5948,#5949,#5950,#5951,#5952,#5953,#5954,#5955,#5956,#5957,
#5958,#5959,#5960,#5961,#5962,#5963,#5964,#5965,#5966,#5967,#5968,#5969,
#5970,#5971,#5972,#5973,#5974,#5975,#5976,#5977,#5978,#5979,#5980,#5981,
#5982,#5983,#5984,#5985,#5986,#5987,#5988,#5989,#5990,#5991,#5992,#5993,
#5994,#5995,#5996,#5997,#5998,#5999,#6000,#6001,#6002,#6003,#6004,#6005,
#6006,#6007,#6008,#6009,#6010,#6011,#6012,#6013,#6014,#6015,#6016,#6017,
#6018,#6019,#6020,#6021,#6022,#6023,#6024,#6025,#6026,#6027,#6028,#6029,
#6030,#6031,#6032,#6033,#6034,#6035,#6036,#6037,#6038,#6039,#6040,#6041,
#6042,#6043,#6044,#6045,#6046,#6047,#6048,#6049,#6050,#6051,#6052,#6053,
#6054,#6055,#6056,#6057,#6058,#6059,#6060,#6061,#6062,#6063,#6064,#6065,
#6066,#6067,#6068,#6069,#6070,#6071,#6072,#6073,#6074,#6075,#6076,#6077,
#6078,#6079,#6080,#6081,#6082,#6083,#6084,#6085,#6086,#6087,#6088,#6089,
#6090,#6091,#6092,#6093,#6094,#6095,#6096,#6097,#6098,#6099,#6100,#6101,
#6102,#6103,#6104,#6105,#6106));
#6108=DERIVED_UNIT_ELEMENT(#6110,1.);
#6109=DERIVED_UNIT_ELEMENT(#10729,-3.);
#6110=(
MASS_UNIT()
NAMED_UNIT(*)
SI_UNIT(.KILO.,.GRAM.)
);
#6111=DERIVED_UNIT((#6108,#6109));
#6112=MEASURE_REPRESENTATION_ITEM('density measure',
POSITIVE_RATIO_MEASURE(7850.),#6111);
#6113=PROPERTY_DEFINITION_REPRESENTATION(#6118,#6115);
#6114=PROPERTY_DEFINITION_REPRESENTATION(#6119,#6116);
#6115=REPRESENTATION('material name',(#6117),#10726);
#6116=REPRESENTATION('density',(#6112),#10726);
#6117=DESCRIPTIVE_REPRESENTATION_ITEM('Stahl','Stahl');
#6118=PROPERTY_DEFINITION('material property','material name',#10736);
#6119=PROPERTY_DEFINITION('material property','density of part',#10736);
#6120=AXIS2_PLACEMENT_3D('',#8735,#6819,#6820);
#6121=AXIS2_PLACEMENT_3D('',#8736,#6821,#6822);
#6122=AXIS2_PLACEMENT_3D('',#8741,#6824,#6825);
#6123=AXIS2_PLACEMENT_3D('',#8751,#6826,#6827);
#6124=AXIS2_PLACEMENT_3D('',#8762,#6830,#6831);
#6125=AXIS2_PLACEMENT_3D('',#8767,#6833,#6834);
#6126=AXIS2_PLACEMENT_3D('',#8776,#6836,#6837);
#6127=AXIS2_PLACEMENT_3D('',#8788,#6839,#6840);
#6128=AXIS2_PLACEMENT_3D('',#8790,#6841,#6842);
#6129=AXIS2_PLACEMENT_3D('',#8791,#6843,#6844);
#6130=AXIS2_PLACEMENT_3D('',#8792,#6845,#6846);
#6131=AXIS2_PLACEMENT_3D('',#8793,#6847,#6848);
#6132=AXIS2_PLACEMENT_3D('',#8795,#6849,#6850);
#6133=AXIS2_PLACEMENT_3D('',#8796,#6851,#6852);
#6134=AXIS2_PLACEMENT_3D('',#8797,#6853,#6854);
#6135=AXIS2_PLACEMENT_3D('',#8799,#6855,#6856);
#6136=AXIS2_PLACEMENT_3D('',#8801,#6857,#6858);
#6137=AXIS2_PLACEMENT_3D('',#8802,#6859,#6860);
#6138=AXIS2_PLACEMENT_3D('',#8803,#6861,#6862);
#6139=AXIS2_PLACEMENT_3D('',#8804,#6863,#6864);
#6140=AXIS2_PLACEMENT_3D('',#8805,#6865,#6866);
#6141=AXIS2_PLACEMENT_3D('',#8806,#6867,#6868);
#6142=AXIS2_PLACEMENT_3D('',#8808,#6869,#6870);
#6143=AXIS2_PLACEMENT_3D('',#8813,#6872,#6873);
#6144=AXIS2_PLACEMENT_3D('',#8817,#6875,#6876);
#6145=AXIS2_PLACEMENT_3D('',#8821,#6878,#6879);
#6146=AXIS2_PLACEMENT_3D('',#8825,#6881,#6882);
#6147=AXIS2_PLACEMENT_3D('',#8829,#6884,#6885);
#6148=AXIS2_PLACEMENT_3D('',#8833,#6887,#6888);
#6149=AXIS2_PLACEMENT_3D('',#8837,#6890,#6891);
#6150=AXIS2_PLACEMENT_3D('',#8841,#6893,#6894);
#6151=AXIS2_PLACEMENT_3D('',#8845,#6896,#6897);
#6152=AXIS2_PLACEMENT_3D('',#8849,#6899,#6900);
#6153=AXIS2_PLACEMENT_3D('',#8853,#6902,#6903);
#6154=AXIS2_PLACEMENT_3D('',#8857,#6905,#6906);
#6155=AXIS2_PLACEMENT_3D('',#8861,#6908,#6909);
#6156=AXIS2_PLACEMENT_3D('',#8865,#6911,#6912);
#6157=AXIS2_PLACEMENT_3D('',#8869,#6914,#6915);
#6158=AXIS2_PLACEMENT_3D('',#8873,#6917,#6918);
#6159=AXIS2_PLACEMENT_3D('',#8877,#6920,#6921);
#6160=AXIS2_PLACEMENT_3D('',#8881,#6923,#6924);
#6161=AXIS2_PLACEMENT_3D('',#8885,#6926,#6927);
#6162=AXIS2_PLACEMENT_3D('',#8889,#6929,#6930);
#6163=AXIS2_PLACEMENT_3D('',#8893,#6932,#6933);
#6164=AXIS2_PLACEMENT_3D('',#8897,#6935,#6936);
#6165=AXIS2_PLACEMENT_3D('',#8901,#6938,#6939);
#6166=AXIS2_PLACEMENT_3D('',#8905,#6941,#6942);
#6167=AXIS2_PLACEMENT_3D('',#8909,#6944,#6945);
#6168=AXIS2_PLACEMENT_3D('',#8913,#6947,#6948);
#6169=AXIS2_PLACEMENT_3D('',#8917,#6950,#6951);
#6170=AXIS2_PLACEMENT_3D('',#8921,#6953,#6954);
#6171=AXIS2_PLACEMENT_3D('',#8925,#6956,#6957);
#6172=AXIS2_PLACEMENT_3D('',#8929,#6959,#6960);
#6173=AXIS2_PLACEMENT_3D('',#8933,#6962,#6963);
#6174=AXIS2_PLACEMENT_3D('',#8937,#6965,#6966);
#6175=AXIS2_PLACEMENT_3D('',#8941,#6968,#6969);
#6176=AXIS2_PLACEMENT_3D('',#8945,#6971,#6972);
#6177=AXIS2_PLACEMENT_3D('',#8949,#6974,#6975);
#6178=AXIS2_PLACEMENT_3D('',#8953,#6977,#6978);
#6179=AXIS2_PLACEMENT_3D('',#8957,#6980,#6981);
#6180=AXIS2_PLACEMENT_3D('',#8961,#6983,#6984);
#6181=AXIS2_PLACEMENT_3D('',#8965,#6986,#6987);
#6182=AXIS2_PLACEMENT_3D('',#8969,#6989,#6990);
#6183=AXIS2_PLACEMENT_3D('',#8973,#6992,#6993);
#6184=AXIS2_PLACEMENT_3D('',#8977,#6995,#6996);
#6185=AXIS2_PLACEMENT_3D('',#8981,#6998,#6999);
#6186=AXIS2_PLACEMENT_3D('',#8985,#7001,#7002);
#6187=AXIS2_PLACEMENT_3D('',#8989,#7004,#7005);
#6188=AXIS2_PLACEMENT_3D('',#8993,#7007,#7008);
#6189=AXIS2_PLACEMENT_3D('',#8997,#7010,#7011);
#6190=AXIS2_PLACEMENT_3D('',#9001,#7013,#7014);
#6191=AXIS2_PLACEMENT_3D('',#9005,#7016,#7017);
#6192=AXIS2_PLACEMENT_3D('',#9009,#7019,#7020);
#6193=AXIS2_PLACEMENT_3D('',#9013,#7022,#7023);
#6194=AXIS2_PLACEMENT_3D('',#9017,#7025,#7026);
#6195=AXIS2_PLACEMENT_3D('',#9021,#7028,#7029);
#6196=AXIS2_PLACEMENT_3D('',#9025,#7031,#7032);
#6197=AXIS2_PLACEMENT_3D('',#9029,#7034,#7035);
#6198=AXIS2_PLACEMENT_3D('',#9033,#7037,#7038);
#6199=AXIS2_PLACEMENT_3D('',#9037,#7040,#7041);
#6200=AXIS2_PLACEMENT_3D('',#9041,#7043,#7044);
#6201=AXIS2_PLACEMENT_3D('',#9045,#7046,#7047);
#6202=AXIS2_PLACEMENT_3D('',#9049,#7049,#7050);
#6203=AXIS2_PLACEMENT_3D('',#9053,#7052,#7053);
#6204=AXIS2_PLACEMENT_3D('',#9057,#7055,#7056);
#6205=AXIS2_PLACEMENT_3D('',#9061,#7058,#7059);
#6206=AXIS2_PLACEMENT_3D('',#9065,#7061,#7062);
#6207=AXIS2_PLACEMENT_3D('',#9069,#7064,#7065);
#6208=AXIS2_PLACEMENT_3D('',#9073,#7067,#7068);
#6209=AXIS2_PLACEMENT_3D('',#9077,#7070,#7071);
#6210=AXIS2_PLACEMENT_3D('',#9081,#7073,#7074);
#6211=AXIS2_PLACEMENT_3D('',#9085,#7076,#7077);
#6212=AXIS2_PLACEMENT_3D('',#9089,#7079,#7080);
#6213=AXIS2_PLACEMENT_3D('',#9093,#7082,#7083);
#6214=AXIS2_PLACEMENT_3D('',#9097,#7085,#7086);
#6215=AXIS2_PLACEMENT_3D('',#9101,#7088,#7089);
#6216=AXIS2_PLACEMENT_3D('',#9105,#7091,#7092);
#6217=AXIS2_PLACEMENT_3D('',#9109,#7094,#7095);
#6218=AXIS2_PLACEMENT_3D('',#9113,#7097,#7098);
#6219=AXIS2_PLACEMENT_3D('',#9117,#7100,#7101);
#6220=AXIS2_PLACEMENT_3D('',#9121,#7103,#7104);
#6221=AXIS2_PLACEMENT_3D('',#9125,#7106,#7107);
#6222=AXIS2_PLACEMENT_3D('',#9129,#7109,#7110);
#6223=AXIS2_PLACEMENT_3D('',#9133,#7112,#7113);
#6224=AXIS2_PLACEMENT_3D('',#9137,#7115,#7116);
#6225=AXIS2_PLACEMENT_3D('',#9141,#7118,#7119);
#6226=AXIS2_PLACEMENT_3D('',#9145,#7121,#7122);
#6227=AXIS2_PLACEMENT_3D('',#9149,#7124,#7125);
#6228=AXIS2_PLACEMENT_3D('',#9153,#7127,#7128);
#6229=AXIS2_PLACEMENT_3D('',#9157,#7130,#7131);
#6230=AXIS2_PLACEMENT_3D('',#9161,#7133,#7134);
#6231=AXIS2_PLACEMENT_3D('',#9165,#7136,#7137);
#6232=AXIS2_PLACEMENT_3D('',#9169,#7139,#7140);
#6233=AXIS2_PLACEMENT_3D('',#9173,#7142,#7143);
#6234=AXIS2_PLACEMENT_3D('',#9177,#7145,#7146);
#6235=AXIS2_PLACEMENT_3D('',#9181,#7148,#7149);
#6236=AXIS2_PLACEMENT_3D('',#9185,#7151,#7152);
#6237=AXIS2_PLACEMENT_3D('',#9189,#7154,#7155);
#6238=AXIS2_PLACEMENT_3D('',#9193,#7157,#7158);
#6239=AXIS2_PLACEMENT_3D('',#9197,#7160,#7161);
#6240=AXIS2_PLACEMENT_3D('',#9201,#7163,#7164);
#6241=AXIS2_PLACEMENT_3D('',#9205,#7166,#7167);
#6242=AXIS2_PLACEMENT_3D('',#9209,#7169,#7170);
#6243=AXIS2_PLACEMENT_3D('',#9213,#7172,#7173);
#6244=AXIS2_PLACEMENT_3D('',#9217,#7175,#7176);
#6245=AXIS2_PLACEMENT_3D('',#9221,#7178,#7179);
#6246=AXIS2_PLACEMENT_3D('',#9225,#7181,#7182);
#6247=AXIS2_PLACEMENT_3D('',#9229,#7184,#7185);
#6248=AXIS2_PLACEMENT_3D('',#9233,#7187,#7188);
#6249=AXIS2_PLACEMENT_3D('',#9237,#7190,#7191);
#6250=AXIS2_PLACEMENT_3D('',#9241,#7193,#7194);
#6251=AXIS2_PLACEMENT_3D('',#9245,#7196,#7197);
#6252=AXIS2_PLACEMENT_3D('',#9249,#7199,#7200);
#6253=AXIS2_PLACEMENT_3D('',#9253,#7202,#7203);
#6254=AXIS2_PLACEMENT_3D('',#9257,#7205,#7206);
#6255=AXIS2_PLACEMENT_3D('',#9261,#7208,#7209);
#6256=AXIS2_PLACEMENT_3D('',#9264,#7211,#7212);
#6257=AXIS2_PLACEMENT_3D('',#9265,#7213,#7214);
#6258=AXIS2_PLACEMENT_3D('',#9267,#7215,#7216);
#6259=AXIS2_PLACEMENT_3D('',#9271,#7218,#7219);
#6260=AXIS2_PLACEMENT_3D('',#9272,#7220,#7221);
#6261=AXIS2_PLACEMENT_3D('',#9273,#7222,#7223);
#6262=AXIS2_PLACEMENT_3D('',#9275,#7224,#7225);
#6263=AXIS2_PLACEMENT_3D('',#9277,#7227,#7228);
#6264=AXIS2_PLACEMENT_3D('',#9278,#7229,#7230);
#6265=AXIS2_PLACEMENT_3D('',#9280,#7231,#7232);
#6266=AXIS2_PLACEMENT_3D('',#9284,#7234,#7235);
#6267=AXIS2_PLACEMENT_3D('',#9295,#7236,#7237);
#6268=AXIS2_PLACEMENT_3D('',#9308,#7238,#7239);
#6269=AXIS2_PLACEMENT_3D('',#9319,#7240,#7241);
#6270=AXIS2_PLACEMENT_3D('',#9332,#7242,#7243);
#6271=AXIS2_PLACEMENT_3D('',#9345,#7244,#7245);
#6272=AXIS2_PLACEMENT_3D('',#9355,#7246,#7247);
#6273=AXIS2_PLACEMENT_3D('',#9356,#7248,#7249);
#6274=AXIS2_PLACEMENT_3D('',#9358,#7250,#7251);
#6275=AXIS2_PLACEMENT_3D('',#9360,#7252,#7253);
#6276=AXIS2_PLACEMENT_3D('',#9362,#7254,#7255);
#6277=AXIS2_PLACEMENT_3D('',#9363,#7256,#7257);
#6278=AXIS2_PLACEMENT_3D('',#9364,#7258,#7259);
#6279=AXIS2_PLACEMENT_3D('',#9366,#7260,#7261);
#6280=AXIS2_PLACEMENT_3D('',#9368,#7262,#7263);
#6281=AXIS2_PLACEMENT_3D('',#9370,#7264,#7265);
#6282=AXIS2_PLACEMENT_3D('',#9371,#7266,#7267);
#6283=AXIS2_PLACEMENT_3D('',#9372,#7268,#7269);
#6284=AXIS2_PLACEMENT_3D('',#9374,#7270,#7271);
#6285=AXIS2_PLACEMENT_3D('',#9376,#7272,#7273);
#6286=AXIS2_PLACEMENT_3D('',#9378,#7274,#7275);
#6287=AXIS2_PLACEMENT_3D('',#9379,#7276,#7277);
#6288=AXIS2_PLACEMENT_3D('',#9380,#7278,#7279);
#6289=AXIS2_PLACEMENT_3D('',#9386,#7283,#7284);
#6290=AXIS2_PLACEMENT_3D('',#9388,#7285,#7286);
#6291=AXIS2_PLACEMENT_3D('',#9390,#7288,#7289);
#6292=AXIS2_PLACEMENT_3D('',#9394,#7292,#7293);
#6293=AXIS2_PLACEMENT_3D('',#9400,#7297,#7298);
#6294=AXIS2_PLACEMENT_3D('',#9401,#7299,#7300);
#6295=AXIS2_PLACEMENT_3D('',#9402,#7301,#7302);
#6296=AXIS2_PLACEMENT_3D('',#9404,#7303,#7304);
#6297=AXIS2_PLACEMENT_3D('',#9406,#7306,#7307);
#6298=AXIS2_PLACEMENT_3D('',#9412,#7311,#7312);
#6299=AXIS2_PLACEMENT_3D('',#9414,#7313,#7314);
#6300=AXIS2_PLACEMENT_3D('',#9416,#7316,#7317);
#6301=AXIS2_PLACEMENT_3D('',#9420,#7320,#7321);
#6302=AXIS2_PLACEMENT_3D('',#9424,#7324,#7325);
#6303=AXIS2_PLACEMENT_3D('',#9425,#7326,#7327);
#6304=AXIS2_PLACEMENT_3D('',#9426,#7328,#7329);
#6305=AXIS2_PLACEMENT_3D('',#9428,#7330,#7331);
#6306=AXIS2_PLACEMENT_3D('',#9430,#7333,#7334);
#6307=AXIS2_PLACEMENT_3D('',#9436,#7338,#7339);
#6308=AXIS2_PLACEMENT_3D('',#9438,#7340,#7341);
#6309=AXIS2_PLACEMENT_3D('',#9440,#7343,#7344);
#6310=AXIS2_PLACEMENT_3D('',#9444,#7347,#7348);
#6311=AXIS2_PLACEMENT_3D('',#9450,#7352,#7353);
#6312=AXIS2_PLACEMENT_3D('',#9451,#7354,#7355);
#6313=AXIS2_PLACEMENT_3D('',#9452,#7356,#7357);
#6314=AXIS2_PLACEMENT_3D('',#9454,#7358,#7359);
#6315=AXIS2_PLACEMENT_3D('',#9456,#7361,#7362);
#6316=AXIS2_PLACEMENT_3D('',#9462,#7366,#7367);
#6317=AXIS2_PLACEMENT_3D('',#9464,#7368,#7369);
#6318=AXIS2_PLACEMENT_3D('',#9466,#7371,#7372);
#6319=AXIS2_PLACEMENT_3D('',#9470,#7375,#7376);
#6320=AXIS2_PLACEMENT_3D('',#9476,#7380,#7381);
#6321=AXIS2_PLACEMENT_3D('',#9477,#7382,#7383);
#6322=AXIS2_PLACEMENT_3D('',#9478,#7384,#7385);
#6323=AXIS2_PLACEMENT_3D('',#9480,#7386,#7387);
#6324=AXIS2_PLACEMENT_3D('',#9482,#7389,#7390);
#6325=AXIS2_PLACEMENT_3D('',#9488,#7394,#7395);
#6326=AXIS2_PLACEMENT_3D('',#9490,#7396,#7397);
#6327=AXIS2_PLACEMENT_3D('',#9492,#7399,#7400);
#6328=AXIS2_PLACEMENT_3D('',#9496,#7403,#7404);
#6329=AXIS2_PLACEMENT_3D('',#9502,#7408,#7409);
#6330=AXIS2_PLACEMENT_3D('',#9503,#7410,#7411);
#6331=AXIS2_PLACEMENT_3D('',#9504,#7412,#7413);
#6332=AXIS2_PLACEMENT_3D('',#9505,#7414,#7415);
#6333=AXIS2_PLACEMENT_3D('',#9506,#7416,#7417);
#6334=AXIS2_PLACEMENT_3D('',#9512,#7421,#7422);
#6335=AXIS2_PLACEMENT_3D('',#9514,#7423,#7424);
#6336=AXIS2_PLACEMENT_3D('',#9516,#7426,#7427);
#6337=AXIS2_PLACEMENT_3D('',#9520,#7430,#7431);
#6338=AXIS2_PLACEMENT_3D('',#9526,#7435,#7436);
#6339=AXIS2_PLACEMENT_3D('',#9527,#7437,#7438);
#6340=AXIS2_PLACEMENT_3D('',#9528,#7439,#7440);
#6341=AXIS2_PLACEMENT_3D('',#9529,#7441,#7442);
#6342=AXIS2_PLACEMENT_3D('',#9530,#7443,#7444);
#6343=AXIS2_PLACEMENT_3D('',#9536,#7448,#7449);
#6344=AXIS2_PLACEMENT_3D('',#9538,#7450,#7451);
#6345=AXIS2_PLACEMENT_3D('',#9540,#7453,#7454);
#6346=AXIS2_PLACEMENT_3D('',#9544,#7457,#7458);
#6347=AXIS2_PLACEMENT_3D('',#9548,#7461,#7462);
#6348=AXIS2_PLACEMENT_3D('',#9549,#7463,#7464);
#6349=AXIS2_PLACEMENT_3D('',#9550,#7465,#7466);
#6350=AXIS2_PLACEMENT_3D('',#9551,#7467,#7468);
#6351=AXIS2_PLACEMENT_3D('',#9552,#7469,#7470);
#6352=AXIS2_PLACEMENT_3D('',#9558,#7474,#7475);
#6353=AXIS2_PLACEMENT_3D('',#9560,#7476,#7477);
#6354=AXIS2_PLACEMENT_3D('',#9562,#7479,#7480);
#6355=AXIS2_PLACEMENT_3D('',#9566,#7483,#7484);
#6356=AXIS2_PLACEMENT_3D('',#9572,#7488,#7489);
#6357=AXIS2_PLACEMENT_3D('',#9573,#7490,#7491);
#6358=AXIS2_PLACEMENT_3D('',#9574,#7492,#7493);
#6359=AXIS2_PLACEMENT_3D('',#9576,#7494,#7495);
#6360=AXIS2_PLACEMENT_3D('',#9578,#7497,#7498);
#6361=AXIS2_PLACEMENT_3D('',#9584,#7502,#7503);
#6362=AXIS2_PLACEMENT_3D('',#9586,#7504,#7505);
#6363=AXIS2_PLACEMENT_3D('',#9588,#7507,#7508);
#6364=AXIS2_PLACEMENT_3D('',#9592,#7511,#7512);
#6365=AXIS2_PLACEMENT_3D('',#9596,#7515,#7516);
#6366=AXIS2_PLACEMENT_3D('',#9597,#7517,#7518);
#6367=AXIS2_PLACEMENT_3D('',#9598,#7519,#7520);
#6368=AXIS2_PLACEMENT_3D('',#9599,#7521,#7522);
#6369=AXIS2_PLACEMENT_3D('',#9600,#7523,#7524);
#6370=AXIS2_PLACEMENT_3D('',#9606,#7528,#7529);
#6371=AXIS2_PLACEMENT_3D('',#9608,#7530,#7531);
#6372=AXIS2_PLACEMENT_3D('',#9610,#7533,#7534);
#6373=AXIS2_PLACEMENT_3D('',#9614,#7537,#7538);
#6374=AXIS2_PLACEMENT_3D('',#9618,#7541,#7542);
#6375=AXIS2_PLACEMENT_3D('',#9619,#7543,#7544);
#6376=AXIS2_PLACEMENT_3D('',#9620,#7545,#7546);
#6377=AXIS2_PLACEMENT_3D('',#9621,#7547,#7548);
#6378=AXIS2_PLACEMENT_3D('',#9622,#7549,#7550);
#6379=AXIS2_PLACEMENT_3D('',#9628,#7554,#7555);
#6380=AXIS2_PLACEMENT_3D('',#9630,#7556,#7557);
#6381=AXIS2_PLACEMENT_3D('',#9632,#7559,#7560);
#6382=AXIS2_PLACEMENT_3D('',#9636,#7563,#7564);
#6383=AXIS2_PLACEMENT_3D('',#9642,#7568,#7569);
#6384=AXIS2_PLACEMENT_3D('',#9643,#7570,#7571);
#6385=AXIS2_PLACEMENT_3D('',#9644,#7572,#7573);
#6386=AXIS2_PLACEMENT_3D('',#9646,#7574,#7575);
#6387=AXIS2_PLACEMENT_3D('',#9648,#7577,#7578);
#6388=AXIS2_PLACEMENT_3D('',#9654,#7582,#7583);
#6389=AXIS2_PLACEMENT_3D('',#9656,#7584,#7585);
#6390=AXIS2_PLACEMENT_3D('',#9658,#7587,#7588);
#6391=AXIS2_PLACEMENT_3D('',#9662,#7591,#7592);
#6392=AXIS2_PLACEMENT_3D('',#9668,#7596,#7597);
#6393=AXIS2_PLACEMENT_3D('',#9669,#7598,#7599);
#6394=AXIS2_PLACEMENT_3D('',#9670,#7600,#7601);
#6395=AXIS2_PLACEMENT_3D('',#9671,#7602,#7603);
#6396=AXIS2_PLACEMENT_3D('',#9672,#7604,#7605);
#6397=AXIS2_PLACEMENT_3D('',#9678,#7609,#7610);
#6398=AXIS2_PLACEMENT_3D('',#9680,#7611,#7612);
#6399=AXIS2_PLACEMENT_3D('',#9682,#7614,#7615);
#6400=AXIS2_PLACEMENT_3D('',#9686,#7618,#7619);
#6401=AXIS2_PLACEMENT_3D('',#9690,#7622,#7623);
#6402=AXIS2_PLACEMENT_3D('',#9691,#7624,#7625);
#6403=AXIS2_PLACEMENT_3D('',#9692,#7626,#7627);
#6404=AXIS2_PLACEMENT_3D('',#9694,#7628,#7629);
#6405=AXIS2_PLACEMENT_3D('',#9696,#7631,#7632);
#6406=AXIS2_PLACEMENT_3D('',#9702,#7636,#7637);
#6407=AXIS2_PLACEMENT_3D('',#9704,#7638,#7639);
#6408=AXIS2_PLACEMENT_3D('',#9706,#7641,#7642);
#6409=AXIS2_PLACEMENT_3D('',#9710,#7645,#7646);
#6410=AXIS2_PLACEMENT_3D('',#9716,#7650,#7651);
#6411=AXIS2_PLACEMENT_3D('',#9717,#7652,#7653);
#6412=AXIS2_PLACEMENT_3D('',#9718,#7654,#7655);
#6413=AXIS2_PLACEMENT_3D('',#9720,#7656,#7657);
#6414=AXIS2_PLACEMENT_3D('',#9722,#7659,#7660);
#6415=AXIS2_PLACEMENT_3D('',#9728,#7664,#7665);
#6416=AXIS2_PLACEMENT_3D('',#9730,#7666,#7667);
#6417=AXIS2_PLACEMENT_3D('',#9732,#7669,#7670);
#6418=AXIS2_PLACEMENT_3D('',#9736,#7673,#7674);
#6419=AXIS2_PLACEMENT_3D('',#9740,#7677,#7678);
#6420=AXIS2_PLACEMENT_3D('',#9741,#7679,#7680);
#6421=AXIS2_PLACEMENT_3D('',#9742,#7681,#7682);
#6422=AXIS2_PLACEMENT_3D('',#9744,#7683,#7684);
#6423=AXIS2_PLACEMENT_3D('',#9746,#7686,#7687);
#6424=AXIS2_PLACEMENT_3D('',#9752,#7691,#7692);
#6425=AXIS2_PLACEMENT_3D('',#9754,#7693,#7694);
#6426=AXIS2_PLACEMENT_3D('',#9756,#7696,#7697);
#6427=AXIS2_PLACEMENT_3D('',#9760,#7700,#7701);
#6428=AXIS2_PLACEMENT_3D('',#9766,#7705,#7706);
#6429=AXIS2_PLACEMENT_3D('',#9767,#7707,#7708);
#6430=AXIS2_PLACEMENT_3D('',#9768,#7709,#7710);
#6431=AXIS2_PLACEMENT_3D('',#9770,#7711,#7712);
#6432=AXIS2_PLACEMENT_3D('',#9772,#7714,#7715);
#6433=AXIS2_PLACEMENT_3D('',#9778,#7719,#7720);
#6434=AXIS2_PLACEMENT_3D('',#9780,#7721,#7722);
#6435=AXIS2_PLACEMENT_3D('',#9782,#7724,#7725);
#6436=AXIS2_PLACEMENT_3D('',#9786,#7728,#7729);
#6437=AXIS2_PLACEMENT_3D('',#9792,#7733,#7734);
#6438=AXIS2_PLACEMENT_3D('',#9793,#7735,#7736);
#6439=AXIS2_PLACEMENT_3D('',#9794,#7737,#7738);
#6440=AXIS2_PLACEMENT_3D('',#9795,#7739,#7740);
#6441=AXIS2_PLACEMENT_3D('',#9796,#7741,#7742);
#6442=AXIS2_PLACEMENT_3D('',#9802,#7746,#7747);
#6443=AXIS2_PLACEMENT_3D('',#9804,#7748,#7749);
#6444=AXIS2_PLACEMENT_3D('',#9806,#7751,#7752);
#6445=AXIS2_PLACEMENT_3D('',#9810,#7755,#7756);
#6446=AXIS2_PLACEMENT_3D('',#9816,#7760,#7761);
#6447=AXIS2_PLACEMENT_3D('',#9817,#7762,#7763);
#6448=AXIS2_PLACEMENT_3D('',#9818,#7764,#7765);
#6449=AXIS2_PLACEMENT_3D('',#9819,#7766,#7767);
#6450=AXIS2_PLACEMENT_3D('',#9820,#7768,#7769);
#6451=AXIS2_PLACEMENT_3D('',#9826,#7773,#7774);
#6452=AXIS2_PLACEMENT_3D('',#9828,#7775,#7776);
#6453=AXIS2_PLACEMENT_3D('',#9830,#7778,#7779);
#6454=AXIS2_PLACEMENT_3D('',#9834,#7782,#7783);
#6455=AXIS2_PLACEMENT_3D('',#9838,#7786,#7787);
#6456=AXIS2_PLACEMENT_3D('',#9839,#7788,#7789);
#6457=AXIS2_PLACEMENT_3D('',#9840,#7790,#7791);
#6458=AXIS2_PLACEMENT_3D('',#9841,#7792,#7793);
#6459=AXIS2_PLACEMENT_3D('',#9842,#7794,#7795);
#6460=AXIS2_PLACEMENT_3D('',#9848,#7799,#7800);
#6461=AXIS2_PLACEMENT_3D('',#9850,#7801,#7802);
#6462=AXIS2_PLACEMENT_3D('',#9852,#7804,#7805);
#6463=AXIS2_PLACEMENT_3D('',#9856,#7808,#7809);
#6464=AXIS2_PLACEMENT_3D('',#9860,#7812,#7813);
#6465=AXIS2_PLACEMENT_3D('',#9861,#7814,#7815);
#6466=AXIS2_PLACEMENT_3D('',#9862,#7816,#7817);
#6467=AXIS2_PLACEMENT_3D('',#9864,#7818,#7819);
#6468=AXIS2_PLACEMENT_3D('',#9866,#7821,#7822);
#6469=AXIS2_PLACEMENT_3D('',#9872,#7826,#7827);
#6470=AXIS2_PLACEMENT_3D('',#9874,#7828,#7829);
#6471=AXIS2_PLACEMENT_3D('',#9876,#7831,#7832);
#6472=AXIS2_PLACEMENT_3D('',#9880,#7835,#7836);
#6473=AXIS2_PLACEMENT_3D('',#9884,#7839,#7840);
#6474=AXIS2_PLACEMENT_3D('',#9885,#7841,#7842);
#6475=AXIS2_PLACEMENT_3D('',#9886,#7843,#7844);
#6476=AXIS2_PLACEMENT_3D('',#9888,#7845,#7846);
#6477=AXIS2_PLACEMENT_3D('',#9890,#7848,#7849);
#6478=AXIS2_PLACEMENT_3D('',#9896,#7853,#7854);
#6479=AXIS2_PLACEMENT_3D('',#9898,#7855,#7856);
#6480=AXIS2_PLACEMENT_3D('',#9900,#7858,#7859);
#6481=AXIS2_PLACEMENT_3D('',#9904,#7862,#7863);
#6482=AXIS2_PLACEMENT_3D('',#9910,#7867,#7868);
#6483=AXIS2_PLACEMENT_3D('',#9911,#7869,#7870);
#6484=AXIS2_PLACEMENT_3D('',#9912,#7871,#7872);
#6485=AXIS2_PLACEMENT_3D('',#9914,#7873,#7874);
#6486=AXIS2_PLACEMENT_3D('',#9916,#7876,#7877);
#6487=AXIS2_PLACEMENT_3D('',#9922,#7881,#7882);
#6488=AXIS2_PLACEMENT_3D('',#9924,#7883,#7884);
#6489=AXIS2_PLACEMENT_3D('',#9926,#7886,#7887);
#6490=AXIS2_PLACEMENT_3D('',#9930,#7890,#7891);
#6491=AXIS2_PLACEMENT_3D('',#9936,#7895,#7896);
#6492=AXIS2_PLACEMENT_3D('',#9937,#7897,#7898);
#6493=AXIS2_PLACEMENT_3D('',#9938,#7899,#7900);
#6494=AXIS2_PLACEMENT_3D('',#9939,#7901,#7902);
#6495=AXIS2_PLACEMENT_3D('',#9940,#7903,#7904);
#6496=AXIS2_PLACEMENT_3D('',#9946,#7908,#7909);
#6497=AXIS2_PLACEMENT_3D('',#9948,#7910,#7911);
#6498=AXIS2_PLACEMENT_3D('',#9950,#7913,#7914);
#6499=AXIS2_PLACEMENT_3D('',#9954,#7917,#7918);
#6500=AXIS2_PLACEMENT_3D('',#9958,#7921,#7922);
#6501=AXIS2_PLACEMENT_3D('',#9959,#7923,#7924);
#6502=AXIS2_PLACEMENT_3D('',#9960,#7925,#7926);
#6503=AXIS2_PLACEMENT_3D('',#9962,#7927,#7928);
#6504=AXIS2_PLACEMENT_3D('',#9964,#7930,#7931);
#6505=AXIS2_PLACEMENT_3D('',#9970,#7935,#7936);
#6506=AXIS2_PLACEMENT_3D('',#9972,#7937,#7938);
#6507=AXIS2_PLACEMENT_3D('',#9974,#7940,#7941);
#6508=AXIS2_PLACEMENT_3D('',#9978,#7944,#7945);
#6509=AXIS2_PLACEMENT_3D('',#9984,#7949,#7950);
#6510=AXIS2_PLACEMENT_3D('',#9985,#7951,#7952);
#6511=AXIS2_PLACEMENT_3D('',#9986,#7953,#7954);
#6512=AXIS2_PLACEMENT_3D('',#9987,#7955,#7956);
#6513=AXIS2_PLACEMENT_3D('',#9988,#7957,#7958);
#6514=AXIS2_PLACEMENT_3D('',#9994,#7962,#7963);
#6515=AXIS2_PLACEMENT_3D('',#9996,#7964,#7965);
#6516=AXIS2_PLACEMENT_3D('',#9998,#7967,#7968);
#6517=AXIS2_PLACEMENT_3D('',#10002,#7971,#7972);
#6518=AXIS2_PLACEMENT_3D('',#10008,#7976,#7977);
#6519=AXIS2_PLACEMENT_3D('',#10009,#7978,#7979);
#6520=AXIS2_PLACEMENT_3D('',#10010,#7980,#7981);
#6521=AXIS2_PLACEMENT_3D('',#10011,#7982,#7983);
#6522=AXIS2_PLACEMENT_3D('',#10012,#7984,#7985);
#6523=AXIS2_PLACEMENT_3D('',#10018,#7989,#7990);
#6524=AXIS2_PLACEMENT_3D('',#10020,#7991,#7992);
#6525=AXIS2_PLACEMENT_3D('',#10022,#7994,#7995);
#6526=AXIS2_PLACEMENT_3D('',#10026,#7998,#7999);
#6527=AXIS2_PLACEMENT_3D('',#10030,#8002,#8003);
#6528=AXIS2_PLACEMENT_3D('',#10031,#8004,#8005);
#6529=AXIS2_PLACEMENT_3D('',#10032,#8006,#8007);
#6530=AXIS2_PLACEMENT_3D('',#10033,#8008,#8009);
#6531=AXIS2_PLACEMENT_3D('',#10034,#8010,#8011);
#6532=AXIS2_PLACEMENT_3D('',#10040,#8015,#8016);
#6533=AXIS2_PLACEMENT_3D('',#10042,#8017,#8018);
#6534=AXIS2_PLACEMENT_3D('',#10044,#8020,#8021);
#6535=AXIS2_PLACEMENT_3D('',#10048,#8024,#8025);
#6536=AXIS2_PLACEMENT_3D('',#10054,#8029,#8030);
#6537=AXIS2_PLACEMENT_3D('',#10055,#8031,#8032);
#6538=AXIS2_PLACEMENT_3D('',#10056,#8033,#8034);
#6539=AXIS2_PLACEMENT_3D('',#10057,#8035,#8036);
#6540=AXIS2_PLACEMENT_3D('',#10058,#8037,#8038);
#6541=AXIS2_PLACEMENT_3D('',#10064,#8042,#8043);
#6542=AXIS2_PLACEMENT_3D('',#10066,#8044,#8045);
#6543=AXIS2_PLACEMENT_3D('',#10068,#8047,#8048);
#6544=AXIS2_PLACEMENT_3D('',#10072,#8051,#8052);
#6545=AXIS2_PLACEMENT_3D('',#10076,#8055,#8056);
#6546=AXIS2_PLACEMENT_3D('',#10077,#8057,#8058);
#6547=AXIS2_PLACEMENT_3D('',#10078,#8059,#8060);
#6548=AXIS2_PLACEMENT_3D('',#10079,#8061,#8062);
#6549=AXIS2_PLACEMENT_3D('',#10080,#8063,#8064);
#6550=AXIS2_PLACEMENT_3D('',#10086,#8068,#8069);
#6551=AXIS2_PLACEMENT_3D('',#10088,#8070,#8071);
#6552=AXIS2_PLACEMENT_3D('',#10090,#8073,#8074);
#6553=AXIS2_PLACEMENT_3D('',#10094,#8077,#8078);
#6554=AXIS2_PLACEMENT_3D('',#10100,#8082,#8083);
#6555=AXIS2_PLACEMENT_3D('',#10101,#8084,#8085);
#6556=AXIS2_PLACEMENT_3D('',#10102,#8086,#8087);
#6557=AXIS2_PLACEMENT_3D('',#10104,#8088,#8089);
#6558=AXIS2_PLACEMENT_3D('',#10106,#8091,#8092);
#6559=AXIS2_PLACEMENT_3D('',#10112,#8096,#8097);
#6560=AXIS2_PLACEMENT_3D('',#10114,#8098,#8099);
#6561=AXIS2_PLACEMENT_3D('',#10116,#8101,#8102);
#6562=AXIS2_PLACEMENT_3D('',#10120,#8105,#8106);
#6563=AXIS2_PLACEMENT_3D('',#10126,#8110,#8111);
#6564=AXIS2_PLACEMENT_3D('',#10127,#8112,#8113);
#6565=AXIS2_PLACEMENT_3D('',#10128,#8114,#8115);
#6566=AXIS2_PLACEMENT_3D('',#10129,#8116,#8117);
#6567=AXIS2_PLACEMENT_3D('',#10130,#8118,#8119);
#6568=AXIS2_PLACEMENT_3D('',#10136,#8123,#8124);
#6569=AXIS2_PLACEMENT_3D('',#10138,#8125,#8126);
#6570=AXIS2_PLACEMENT_3D('',#10140,#8128,#8129);
#6571=AXIS2_PLACEMENT_3D('',#10144,#8132,#8133);
#6572=AXIS2_PLACEMENT_3D('',#10150,#8137,#8138);
#6573=AXIS2_PLACEMENT_3D('',#10151,#8139,#8140);
#6574=AXIS2_PLACEMENT_3D('',#10152,#8141,#8142);
#6575=AXIS2_PLACEMENT_3D('',#10153,#8143,#8144);
#6576=AXIS2_PLACEMENT_3D('',#10154,#8145,#8146);
#6577=AXIS2_PLACEMENT_3D('',#10160,#8150,#8151);
#6578=AXIS2_PLACEMENT_3D('',#10162,#8152,#8153);
#6579=AXIS2_PLACEMENT_3D('',#10164,#8155,#8156);
#6580=AXIS2_PLACEMENT_3D('',#10168,#8159,#8160);
#6581=AXIS2_PLACEMENT_3D('',#10174,#8164,#8165);
#6582=AXIS2_PLACEMENT_3D('',#10175,#8166,#8167);
#6583=AXIS2_PLACEMENT_3D('',#10176,#8168,#8169);
#6584=AXIS2_PLACEMENT_3D('',#10177,#8170,#8171);
#6585=AXIS2_PLACEMENT_3D('',#10178,#8172,#8173);
#6586=AXIS2_PLACEMENT_3D('',#10184,#8177,#8178);
#6587=AXIS2_PLACEMENT_3D('',#10186,#8179,#8180);
#6588=AXIS2_PLACEMENT_3D('',#10188,#8182,#8183);
#6589=AXIS2_PLACEMENT_3D('',#10192,#8186,#8187);
#6590=AXIS2_PLACEMENT_3D('',#10198,#8191,#8192);
#6591=AXIS2_PLACEMENT_3D('',#10199,#8193,#8194);
#6592=AXIS2_PLACEMENT_3D('',#10200,#8195,#8196);
#6593=AXIS2_PLACEMENT_3D('',#10201,#8197,#8198);
#6594=AXIS2_PLACEMENT_3D('',#10202,#8199,#8200);
#6595=AXIS2_PLACEMENT_3D('',#10208,#8204,#8205);
#6596=AXIS2_PLACEMENT_3D('',#10210,#8206,#8207);
#6597=AXIS2_PLACEMENT_3D('',#10212,#8209,#8210);
#6598=AXIS2_PLACEMENT_3D('',#10216,#8213,#8214);
#6599=AXIS2_PLACEMENT_3D('',#10220,#8217,#8218);
#6600=AXIS2_PLACEMENT_3D('',#10221,#8219,#8220);
#6601=AXIS2_PLACEMENT_3D('',#10222,#8221,#8222);
#6602=AXIS2_PLACEMENT_3D('',#10223,#8223,#8224);
#6603=AXIS2_PLACEMENT_3D('',#10224,#8225,#8226);
#6604=AXIS2_PLACEMENT_3D('',#10230,#8230,#8231);
#6605=AXIS2_PLACEMENT_3D('',#10232,#8232,#8233);
#6606=AXIS2_PLACEMENT_3D('',#10234,#8235,#8236);
#6607=AXIS2_PLACEMENT_3D('',#10238,#8239,#8240);
#6608=AXIS2_PLACEMENT_3D('',#10244,#8244,#8245);
#6609=AXIS2_PLACEMENT_3D('',#10245,#8246,#8247);
#6610=AXIS2_PLACEMENT_3D('',#10246,#8248,#8249);
#6611=AXIS2_PLACEMENT_3D('',#10247,#8250,#8251);
#6612=AXIS2_PLACEMENT_3D('',#10248,#8252,#8253);
#6613=AXIS2_PLACEMENT_3D('',#10254,#8257,#8258);
#6614=AXIS2_PLACEMENT_3D('',#10256,#8259,#8260);
#6615=AXIS2_PLACEMENT_3D('',#10258,#8262,#8263);
#6616=AXIS2_PLACEMENT_3D('',#10262,#8266,#8267);
#6617=AXIS2_PLACEMENT_3D('',#10266,#8270,#8271);
#6618=AXIS2_PLACEMENT_3D('',#10267,#8272,#8273);
#6619=AXIS2_PLACEMENT_3D('',#10268,#8274,#8275);
#6620=AXIS2_PLACEMENT_3D('',#10269,#8276,#8277);
#6621=AXIS2_PLACEMENT_3D('',#10270,#8278,#8279);
#6622=AXIS2_PLACEMENT_3D('',#10276,#8283,#8284);
#6623=AXIS2_PLACEMENT_3D('',#10278,#8285,#8286);
#6624=AXIS2_PLACEMENT_3D('',#10280,#8288,#8289);
#6625=AXIS2_PLACEMENT_3D('',#10284,#8292,#8293);
#6626=AXIS2_PLACEMENT_3D('',#10288,#8296,#8297);
#6627=AXIS2_PLACEMENT_3D('',#10289,#8298,#8299);
#6628=AXIS2_PLACEMENT_3D('',#10290,#8300,#8301);
#6629=AXIS2_PLACEMENT_3D('',#10294,#8303,#8304);
#6630=AXIS2_PLACEMENT_3D('',#10295,#8305,#8306);
#6631=AXIS2_PLACEMENT_3D('',#10296,#8307,#8308);
#6632=AXIS2_PLACEMENT_3D('',#10297,#8309,#8310);
#6633=AXIS2_PLACEMENT_3D('',#10298,#8311,#8312);
#6634=AXIS2_PLACEMENT_3D('',#10299,#8313,#8314);
#6635=AXIS2_PLACEMENT_3D('',#10303,#8316,#8317);
#6636=AXIS2_PLACEMENT_3D('',#10305,#8318,#8319);
#6637=AXIS2_PLACEMENT_3D('',#10307,#8320,#8321);
#6638=AXIS2_PLACEMENT_3D('',#10310,#8323,#8324);
#6639=AXIS2_PLACEMENT_3D('',#10311,#8325,#8326);
#6640=AXIS2_PLACEMENT_3D('',#10315,#8328,#8329);
#6641=AXIS2_PLACEMENT_3D('',#10317,#8330,#8331);
#6642=AXIS2_PLACEMENT_3D('',#10319,#8332,#8333);
#6643=AXIS2_PLACEMENT_3D('',#10322,#8335,#8336);
#6644=AXIS2_PLACEMENT_3D('',#10323,#8337,#8338);
#6645=AXIS2_PLACEMENT_3D('',#10325,#8339,#8340);
#6646=AXIS2_PLACEMENT_3D('',#10327,#8342,#8343);
#6647=AXIS2_PLACEMENT_3D('',#10339,#8344,#8345);
#6648=AXIS2_PLACEMENT_3D('',#10341,#8346,#8347);
#6649=AXIS2_PLACEMENT_3D('',#10342,#8348,#8349);
#6650=AXIS2_PLACEMENT_3D('',#10343,#8350,#8351);
#6651=AXIS2_PLACEMENT_3D('',#10346,#8352,#8353);
#6652=AXIS2_PLACEMENT_3D('',#10349,#8356,#8357);
#6653=AXIS2_PLACEMENT_3D('',#10350,#8358,#8359);
#6654=AXIS2_PLACEMENT_3D('',#10352,#8360,#8361);
#6655=AXIS2_PLACEMENT_3D('',#10353,#8362,#8363);
#6656=AXIS2_PLACEMENT_3D('',#10354,#8364,#8365);
#6657=AXIS2_PLACEMENT_3D('',#10355,#8366,#8367);
#6658=AXIS2_PLACEMENT_3D('',#10356,#8368,#8369);
#6659=AXIS2_PLACEMENT_3D('',#10358,#8370,#8371);
#6660=AXIS2_PLACEMENT_3D('',#10360,#8373,#8374);
#6661=AXIS2_PLACEMENT_3D('',#10370,#8375,#8376);
#6662=AXIS2_PLACEMENT_3D('',#10371,#8377,#8378);
#6663=AXIS2_PLACEMENT_3D('',#10375,#8380,#8381);
#6664=AXIS2_PLACEMENT_3D('',#10377,#8383,#8384);
#6665=AXIS2_PLACEMENT_3D('',#10381,#8387,#8388);
#6666=AXIS2_PLACEMENT_3D('',#10384,#8390,#8391);
#6667=AXIS2_PLACEMENT_3D('',#10385,#8392,#8393);
#6668=AXIS2_PLACEMENT_3D('',#10388,#8395,#8396);
#6669=AXIS2_PLACEMENT_3D('',#10389,#8397,#8398);
#6670=AXIS2_PLACEMENT_3D('',#10392,#8400,#8401);
#6671=AXIS2_PLACEMENT_3D('',#10393,#8402,#8403);
#6672=AXIS2_PLACEMENT_3D('',#10397,#8406,#8407);
#6673=AXIS2_PLACEMENT_3D('',#10400,#8409,#8410);
#6674=AXIS2_PLACEMENT_3D('',#10401,#8411,#8412);
#6675=AXIS2_PLACEMENT_3D('',#10412,#8413,#8414);
#6676=AXIS2_PLACEMENT_3D('',#10413,#8415,#8416);
#6677=AXIS2_PLACEMENT_3D('',#10414,#8417,#8418);
#6678=AXIS2_PLACEMENT_3D('',#10416,#8419,#8420);
#6679=AXIS2_PLACEMENT_3D('',#10418,#8422,#8423);
#6680=AXIS2_PLACEMENT_3D('',#10420,#8424,#8425);
#6681=AXIS2_PLACEMENT_3D('',#10421,#8426,#8427);
#6682=AXIS2_PLACEMENT_3D('',#10422,#8428,#8429);
#6683=AXIS2_PLACEMENT_3D('',#10423,#8430,#8431);
#6684=AXIS2_PLACEMENT_3D('',#10424,#8432,#8433);
#6685=AXIS2_PLACEMENT_3D('',#10427,#8434,#8435);
#6686=AXIS2_PLACEMENT_3D('',#10430,#8438,#8439);
#6687=AXIS2_PLACEMENT_3D('',#10441,#8440,#8441);
#6688=AXIS2_PLACEMENT_3D('',#10442,#8442,#8443);
#6689=AXIS2_PLACEMENT_3D('',#10443,#8444,#8445);
#6690=AXIS2_PLACEMENT_3D('',#10447,#8447,#8448);
#6691=AXIS2_PLACEMENT_3D('',#10449,#8450,#8451);
#6692=AXIS2_PLACEMENT_3D('',#10453,#8454,#8455);
#6693=AXIS2_PLACEMENT_3D('',#10456,#8457,#8458);
#6694=AXIS2_PLACEMENT_3D('',#10457,#8459,#8460);
#6695=AXIS2_PLACEMENT_3D('',#10460,#8462,#8463);
#6696=AXIS2_PLACEMENT_3D('',#10461,#8464,#8465);
#6697=AXIS2_PLACEMENT_3D('',#10464,#8467,#8468);
#6698=AXIS2_PLACEMENT_3D('',#10465,#8469,#8470);
#6699=AXIS2_PLACEMENT_3D('',#10469,#8473,#8474);
#6700=AXIS2_PLACEMENT_3D('',#10472,#8476,#8477);
#6701=AXIS2_PLACEMENT_3D('',#10473,#8478,#8479);
#6702=AXIS2_PLACEMENT_3D('',#10484,#8480,#8481);
#6703=AXIS2_PLACEMENT_3D('',#10485,#8482,#8483);
#6704=AXIS2_PLACEMENT_3D('',#10486,#8484,#8485);
#6705=AXIS2_PLACEMENT_3D('',#10488,#8486,#8487);
#6706=AXIS2_PLACEMENT_3D('',#10490,#8489,#8490);
#6707=AXIS2_PLACEMENT_3D('',#10492,#8491,#8492);
#6708=AXIS2_PLACEMENT_3D('',#10493,#8493,#8494);
#6709=AXIS2_PLACEMENT_3D('',#10494,#8495,#8496);
#6710=AXIS2_PLACEMENT_3D('',#10495,#8497,#8498);
#6711=AXIS2_PLACEMENT_3D('',#10496,#8499,#8500);
#6712=AXIS2_PLACEMENT_3D('',#10498,#8501,#8502);
#6713=AXIS2_PLACEMENT_3D('',#10500,#8504,#8505);
#6714=AXIS2_PLACEMENT_3D('',#10510,#8506,#8507);
#6715=AXIS2_PLACEMENT_3D('',#10511,#8508,#8509);
#6716=AXIS2_PLACEMENT_3D('',#10515,#8511,#8512);
#6717=AXIS2_PLACEMENT_3D('',#10517,#8514,#8515);
#6718=AXIS2_PLACEMENT_3D('',#10521,#8518,#8519);
#6719=AXIS2_PLACEMENT_3D('',#10524,#8521,#8522);
#6720=AXIS2_PLACEMENT_3D('',#10525,#8523,#8524);
#6721=AXIS2_PLACEMENT_3D('',#10528,#8526,#8527);
#6722=AXIS2_PLACEMENT_3D('',#10529,#8528,#8529);
#6723=AXIS2_PLACEMENT_3D('',#10532,#8531,#8532);
#6724=AXIS2_PLACEMENT_3D('',#10533,#8533,#8534);
#6725=AXIS2_PLACEMENT_3D('',#10537,#8537,#8538);
#6726=AXIS2_PLACEMENT_3D('',#10540,#8540,#8541);
#6727=AXIS2_PLACEMENT_3D('',#10541,#8542,#8543);
#6728=AXIS2_PLACEMENT_3D('',#10552,#8544,#8545);
#6729=AXIS2_PLACEMENT_3D('',#10553,#8546,#8547);
#6730=AXIS2_PLACEMENT_3D('',#10554,#8548,#8549);
#6731=AXIS2_PLACEMENT_3D('',#10556,#8550,#8551);
#6732=AXIS2_PLACEMENT_3D('',#10558,#8553,#8554);
#6733=AXIS2_PLACEMENT_3D('',#10560,#8555,#8556);
#6734=AXIS2_PLACEMENT_3D('',#10561,#8557,#8558);
#6735=AXIS2_PLACEMENT_3D('',#10562,#8559,#8560);
#6736=AXIS2_PLACEMENT_3D('',#10564,#8561,#8562);
#6737=AXIS2_PLACEMENT_3D('',#10565,#8563,#8564);
#6738=AXIS2_PLACEMENT_3D('',#10566,#8565,#8566);
#6739=AXIS2_PLACEMENT_3D('',#10568,#8567,#8568);
#6740=AXIS2_PLACEMENT_3D('',#10569,#8569,#8570);
#6741=AXIS2_PLACEMENT_3D('',#10570,#8571,#8572);
#6742=AXIS2_PLACEMENT_3D('',#10572,#8573,#8574);
#6743=AXIS2_PLACEMENT_3D('',#10574,#8576,#8577);
#6744=AXIS2_PLACEMENT_3D('',#10584,#8578,#8579);
#6745=AXIS2_PLACEMENT_3D('',#10585,#8580,#8581);
#6746=AXIS2_PLACEMENT_3D('',#10587,#8582,#8583);
#6747=AXIS2_PLACEMENT_3D('',#10589,#8584,#8585);
#6748=AXIS2_PLACEMENT_3D('',#10593,#8587,#8588);
#6749=AXIS2_PLACEMENT_3D('',#10595,#8589,#8590);
#6750=AXIS2_PLACEMENT_3D('',#10597,#8591,#8592);
#6751=AXIS2_PLACEMENT_3D('',#10601,#8594,#8595);
#6752=AXIS2_PLACEMENT_3D('',#10603,#8596,#8597);
#6753=AXIS2_PLACEMENT_3D('',#10605,#8598,#8599);
#6754=AXIS2_PLACEMENT_3D('',#10609,#8601,#8602);
#6755=AXIS2_PLACEMENT_3D('',#10611,#8603,#8604);
#6756=AXIS2_PLACEMENT_3D('',#10613,#8605,#8606);
#6757=AXIS2_PLACEMENT_3D('',#10617,#8608,#8609);
#6758=AXIS2_PLACEMENT_3D('',#10618,#8610,#8611);
#6759=AXIS2_PLACEMENT_3D('',#10619,#8612,#8613);
#6760=AXIS2_PLACEMENT_3D('',#10628,#8614,#8615);
#6761=AXIS2_PLACEMENT_3D('',#10629,#8616,#8617);
#6762=AXIS2_PLACEMENT_3D('',#10630,#8618,#8619);
#6763=AXIS2_PLACEMENT_3D('',#10631,#8620,#8621);
#6764=AXIS2_PLACEMENT_3D('',#10632,#8622,#8623);
#6765=AXIS2_PLACEMENT_3D('',#10633,#8624,#8625);
#6766=AXIS2_PLACEMENT_3D('',#10634,#8626,#8627);
#6767=AXIS2_PLACEMENT_3D('',#10635,#8628,#8629);
#6768=AXIS2_PLACEMENT_3D('',#10636,#8630,#8631);
#6769=AXIS2_PLACEMENT_3D('',#10637,#8632,#8633);
#6770=AXIS2_PLACEMENT_3D('',#10638,#8634,#8635);
#6771=AXIS2_PLACEMENT_3D('',#10639,#8636,#8637);
#6772=AXIS2_PLACEMENT_3D('',#10648,#8638,#8639);
#6773=AXIS2_PLACEMENT_3D('',#10657,#8640,#8641);
#6774=AXIS2_PLACEMENT_3D('',#10658,#8642,#8643);
#6775=AXIS2_PLACEMENT_3D('',#10659,#8644,#8645);
#6776=AXIS2_PLACEMENT_3D('',#10660,#8646,#8647);
#6777=AXIS2_PLACEMENT_3D('',#10661,#8648,#8649);
#6778=AXIS2_PLACEMENT_3D('',#10662,#8650,#8651);
#6779=AXIS2_PLACEMENT_3D('',#10663,#8652,#8653);
#6780=AXIS2_PLACEMENT_3D('',#10664,#8654,#8655);
#6781=AXIS2_PLACEMENT_3D('',#10665,#8656,#8657);
#6782=AXIS2_PLACEMENT_3D('',#10666,#8658,#8659);
#6783=AXIS2_PLACEMENT_3D('',#10667,#8660,#8661);
#6784=AXIS2_PLACEMENT_3D('',#10668,#8662,#8663);
#6785=AXIS2_PLACEMENT_3D('',#10677,#8664,#8665);
#6786=AXIS2_PLACEMENT_3D('',#10678,#8666,#8667);
#6787=AXIS2_PLACEMENT_3D('',#10679,#8668,#8669);
#6788=AXIS2_PLACEMENT_3D('',#10680,#8670,#8671);
#6789=AXIS2_PLACEMENT_3D('',#10682,#8672,#8673);
#6790=AXIS2_PLACEMENT_3D('',#10683,#8674,#8675);
#6791=AXIS2_PLACEMENT_3D('',#10685,#8676,#8677);
#6792=AXIS2_PLACEMENT_3D('',#10686,#8678,#8679);
#6793=AXIS2_PLACEMENT_3D('',#10687,#8680,#8681);
#6794=AXIS2_PLACEMENT_3D('',#10688,#8682,#8683);
#6795=AXIS2_PLACEMENT_3D('',#10689,#8684,#8685);
#6796=AXIS2_PLACEMENT_3D('',#10691,#8686,#8687);
#6797=AXIS2_PLACEMENT_3D('',#10692,#8688,#8689);
#6798=AXIS2_PLACEMENT_3D('',#10695,#8691,#8692);
#6799=AXIS2_PLACEMENT_3D('',#10696,#8693,#8694);
#6800=AXIS2_PLACEMENT_3D('',#10698,#8695,#8696);
#6801=AXIS2_PLACEMENT_3D('',#10699,#8697,#8698);
#6802=AXIS2_PLACEMENT_3D('',#10701,#8699,#8700);
#6803=AXIS2_PLACEMENT_3D('',#10703,#8702,#8703);
#6804=AXIS2_PLACEMENT_3D('',#10705,#8704,#8705);
#6805=AXIS2_PLACEMENT_3D('',#10706,#8706,#8707);
#6806=AXIS2_PLACEMENT_3D('',#10709,#8709,#8710);
#6807=AXIS2_PLACEMENT_3D('',#10710,#8711,#8712);
#6808=AXIS2_PLACEMENT_3D('',#10711,#8713,#8714);
#6809=AXIS2_PLACEMENT_3D('',#10713,#8715,#8716);
#6810=AXIS2_PLACEMENT_3D('',#10714,#8717,#8718);
#6811=AXIS2_PLACEMENT_3D('',#10715,#8719,#8720);
#6812=AXIS2_PLACEMENT_3D('',#10716,#8721,#8722);
#6813=AXIS2_PLACEMENT_3D('',#10717,#8723,#8724);
#6814=AXIS2_PLACEMENT_3D('',#10718,#8725,#8726);
#6815=AXIS2_PLACEMENT_3D('',#10719,#8727,#8728);
#6816=AXIS2_PLACEMENT_3D('',#10721,#8729,#8730);
#6817=AXIS2_PLACEMENT_3D('',#10722,#8731,#8732);
#6818=AXIS2_PLACEMENT_3D('',#10723,#8733,#8734);
#6819=DIRECTION('axis',(0.,0.,1.));
#6820=DIRECTION('refdir',(1.,0.,0.));
#6821=DIRECTION('center_axis',(-1.,0.,0.));
#6822=DIRECTION('ref_axis',(0.,1.,0.));
#6823=DIRECTION('',(1.,0.,0.));
#6824=DIRECTION('center_axis',(1.,0.,0.));
#6825=DIRECTION('ref_axis',(0.,1.,0.));
#6826=DIRECTION('center_axis',(1.,0.,0.));
#6827=DIRECTION('ref_axis',(0.,1.,0.));
#6828=DIRECTION('',(0.,0.,-1.));
#6829=DIRECTION('',(0.,1.,0.));
#6830=DIRECTION('center_axis',(1.,0.,0.));
#6831=DIRECTION('ref_axis',(0.,1.,0.));
#6832=DIRECTION('',(0.,0.,1.));
#6833=DIRECTION('center_axis',(1.,0.,0.));
#6834=DIRECTION('ref_axis',(0.,1.,0.));
#6835=DIRECTION('',(0.,1.,0.));
#6836=DIRECTION('center_axis',(-1.,0.,0.));
#6837=DIRECTION('ref_axis',(0.,1.,0.));
#6838=DIRECTION('',(-1.,0.,0.));
#6839=DIRECTION('center_axis',(0.,-1.,0.));
#6840=DIRECTION('ref_axis',(-0.933676117025868,0.,-0.358118567649735));
#6841=DIRECTION('center_axis',(0.,-1.,0.));
#6842=DIRECTION('ref_axis',(1.,0.,0.));
#6843=DIRECTION('center_axis',(0.,-1.,0.));
#6844=DIRECTION('ref_axis',(1.,0.,0.));
#6845=DIRECTION('center_axis',(0.,-1.,0.));
#6846=DIRECTION('ref_axis',(1.,0.,0.));
#6847=DIRECTION('center_axis',(0.,-1.,0.));
#6848=DIRECTION('ref_axis',(0.,0.,-1.));
#6849=DIRECTION('center_axis',(0.,-1.,0.));
#6850=DIRECTION('ref_axis',(1.,0.,0.));
#6851=DIRECTION('center_axis',(-1.,0.,-1.22464679914735E-16));
#6852=DIRECTION('ref_axis',(-1.22464679914735E-16,0.,1.));
#6853=DIRECTION('center_axis',(0.,-1.,0.));
#6854=DIRECTION('ref_axis',(0.,0.,-1.));
#6855=DIRECTION('center_axis',(0.,-1.,0.));
#6856=DIRECTION('ref_axis',(1.,0.,0.));
#6857=DIRECTION('center_axis',(-1.,0.,-1.22464679914735E-16));
#6858=DIRECTION('ref_axis',(-1.22464679914735E-16,0.,1.));
#6859=DIRECTION('center_axis',(0.,-1.,0.));
#6860=DIRECTION('ref_axis',(1.,0.,0.));
#6861=DIRECTION('center_axis',(0.,-1.,0.));
#6862=DIRECTION('ref_axis',(1.,0.,0.));
#6863=DIRECTION('center_axis',(0.,-1.,0.));
#6864=DIRECTION('ref_axis',(-0.933676117025868,0.,-0.358118567649736));
#6865=DIRECTION('center_axis',(0.,-1.,0.));
#6866=DIRECTION('ref_axis',(1.,0.,0.));
#6867=DIRECTION('center_axis',(0.,1.,0.));
#6868=DIRECTION('ref_axis',(-1.,0.,0.));
#6869=DIRECTION('center_axis',(0.,1.,0.));
#6870=DIRECTION('ref_axis',(-1.,0.,0.));
#6871=DIRECTION('',(-1.,0.,0.));
#6872=DIRECTION('center_axis',(0.,-1.,-9.02056207507939E-16));
#6873=DIRECTION('ref_axis',(-1.,3.08148791101959E-30,-3.4160708450005E-15));
#6874=DIRECTION('',(0.,9.02056207507939E-16,-1.));
#6875=DIRECTION('center_axis',(0.,1.,9.02056207507939E-16));
#6876=DIRECTION('ref_axis',(1.,0.,0.));
#6877=DIRECTION('',(0.164594590280735,-8.89753336580047E-16,0.986361303402722));
#6878=DIRECTION('center_axis',(0.,-1.,-9.02056207507939E-16));
#6879=DIRECTION('ref_axis',(0.16459459028073,-8.89753336580048E-16,0.986361303402723));
#6880=DIRECTION('',(-0.986361303402722,-1.48473571884962E-16,0.164594590280734));
#6881=DIRECTION('center_axis',(0.,-1.,-9.02056207507939E-16));
#6882=DIRECTION('ref_axis',(-0.986361303402723,-1.48473571884959E-16,0.164594590280731));
#6883=DIRECTION('',(-0.164594590280734,8.89753336580048E-16,-0.986361303402722));
#6884=DIRECTION('center_axis',(0.,1.,9.02056207507939E-16));
#6885=DIRECTION('ref_axis',(1.,0.,0.));
#6886=DIRECTION('',(0.324699469204685,-8.53180314044094E-16,0.945817241700634));
#6887=DIRECTION('center_axis',(0.,-1.,-9.02056207507939E-16));
#6888=DIRECTION('ref_axis',(0.324699469204679,-8.53180314044096E-16,0.945817241700636));
#6889=DIRECTION('',(-0.945817241700635,-2.92897171770618E-16,0.324699469204684));
#6890=DIRECTION('center_axis',(0.,-1.,-9.02056207507939E-16));
#6891=DIRECTION('ref_axis',(-0.945817241700636,-2.92897171770615E-16,0.32469946920468));
#6892=DIRECTION('',(-0.324699469204684,8.53180314044095E-16,-0.945817241700635));
#6893=DIRECTION('center_axis',(0.,1.,9.02056207507939E-16));
#6894=DIRECTION('ref_axis',(1.,0.,0.));
#6895=DIRECTION('',(0.475947393037075,-7.93334756616106E-16,0.879473751206488));
#6896=DIRECTION('center_axis',(0.,-1.,-9.02056207507939E-16));
#6897=DIRECTION('ref_axis',(0.47594739303707,-7.93334756616108E-16,0.879473751206491));
#6898=DIRECTION('',(-0.879473751206489,-4.29331300336313E-16,0.475947393037074));
#6899=DIRECTION('center_axis',(0.,-1.,-9.02056207507939E-16));
#6900=DIRECTION('ref_axis',(-0.879473751206491,-4.2933130033631E-16,0.475947393037071));
#6901=DIRECTION('',(-0.475947393037074,7.93334756616106E-16,-0.879473751206489));
#6902=DIRECTION('center_axis',(0.,1.,9.02056207507939E-16));
#6903=DIRECTION('ref_axis',(1.,0.,0.));
#6904=DIRECTION('',(0.614212712689669,-7.11849095096993E-16,0.789140509396393));
#6905=DIRECTION('center_axis',(0.,-1.,-9.02056207507939E-16));
#6906=DIRECTION('ref_axis',(0.614212712689664,-7.11849095096997E-16,0.789140509396396));
#6907=DIRECTION('',(-0.789140509396394,-5.54054390212005E-16,0.614212712689668));
#6908=DIRECTION('center_axis',(0.,-1.,-9.02056207507939E-16));
#6909=DIRECTION('ref_axis',(-0.789140509396396,-5.54054390212003E-16,0.614212712689665));
#6910=DIRECTION('',(-0.614212712689668,7.11849095096994E-16,-0.789140509396394));
#6911=DIRECTION('center_axis',(0.,1.,9.02056207507939E-16));
#6912=DIRECTION('ref_axis',(1.,0.,0.));
#6913=DIRECTION('',(0.735723910673132,-6.10946045915732E-16,0.67728157162574));
#6914=DIRECTION('center_axis',(0.,-1.,-9.02056207507939E-16));
#6915=DIRECTION('ref_axis',(0.735723910673129,-6.10946045915736E-16,0.677281571625744));
#6916=DIRECTION('',(-0.677281571625741,-6.63664320634715E-16,0.735723910673132));
#6917=DIRECTION('center_axis',(0.,-1.,-9.02056207507939E-16));
#6918=DIRECTION('ref_axis',(-0.677281571625744,-6.63664320634713E-16,0.735723910673129));
#6919=DIRECTION('',(-0.735723910673132,6.10946045915733E-16,-0.677281571625741));
#6920=DIRECTION('center_axis',(0.,1.,9.02056207507939E-16));
#6921=DIRECTION('ref_axis',(1.,0.,0.));
#6922=DIRECTION('',(0.837166478262529,-4.93377981219368E-16,0.546948158122426));
#6923=DIRECTION('center_axis',(0.,-1.,-9.02056207507939E-16));
#6924=DIRECTION('ref_axis',(0.837166478262526,-4.93377981219372E-16,0.546948158122431));
#6925=DIRECTION('',(-0.546948158122427,-7.55171218434274E-16,0.837166478262529));
#6926=DIRECTION('center_axis',(0.,-1.,-9.02056207507939E-16));
#6927=DIRECTION('ref_axis',(-0.54694815812243,-7.55171218434273E-16,0.837166478262527));
#6928=DIRECTION('',(-0.837166478262529,4.93377981219369E-16,-0.546948158122427));
#6929=DIRECTION('center_axis',(0.,1.,9.02056207507939E-16));
#6930=DIRECTION('ref_axis',(1.,0.,0.));
#6931=DIRECTION('',(0.915773326655058,-3.62351851335748E-16,0.401695424652968));
#6932=DIRECTION('center_axis',(0.,-1.,-9.02056207507939E-16));
#6933=DIRECTION('ref_axis',(0.915773326655056,-3.62351851335753E-16,0.401695424652974));
#6934=DIRECTION('',(-0.40169542465297,-8.2607901397939E-16,0.915773326655057));
#6935=DIRECTION('center_axis',(0.,-1.,-9.02056207507939E-16));
#6936=DIRECTION('ref_axis',(-0.401695424652973,-8.26079013979389E-16,0.915773326655056));
#6937=DIRECTION('',(-0.915773326655057,3.62351851335749E-16,-0.40169542465297));
#6938=DIRECTION('center_axis',(0.,1.,9.02056207507939E-16));
#6939=DIRECTION('ref_axis',(1.,0.,0.));
#6940=DIRECTION('',(0.969400265939331,-2.21441707528467E-16,0.245485487140798));
#6941=DIRECTION('center_axis',(0.,-1.,-9.02056207507939E-16));
#6942=DIRECTION('ref_axis',(0.969400265939329,-2.21441707528472E-16,0.245485487140803));
#6943=DIRECTION('',(-0.245485487140799,-8.7445352745042E-16,0.96940026593933));
#6944=DIRECTION('center_axis',(0.,-1.,-9.02056207507939E-16));
#6945=DIRECTION('ref_axis',(-0.245485487140803,-8.74453527450419E-16,0.96940026593933));
#6946=DIRECTION('',(-0.96940026593933,2.21441707528468E-16,-0.245485487140799));
#6947=DIRECTION('center_axis',(0.,1.,9.02056207507939E-16));
#6948=DIRECTION('ref_axis',(1.,0.,0.));
#6949=DIRECTION('',(0.99658449300667,-7.44912111952588E-17,0.082579345472331));
#6950=DIRECTION('center_axis',(0.,-1.,-9.02056207507939E-16));
#6951=DIRECTION('ref_axis',(0.99658449300667,-7.4491211195264E-17,0.0825793454723367));
#6952=DIRECTION('',(-0.0825793454723324,-8.98975228222819E-16,0.99658449300667));
#6953=DIRECTION('center_axis',(0.,-1.,-9.02056207507939E-16));
#6954=DIRECTION('ref_axis',(-0.0825793454723358,-8.98975228222819E-16,0.99658449300667));
#6955=DIRECTION('',(-0.99658449300667,7.44912111952601E-17,-0.0825793454723324));
#6956=DIRECTION('center_axis',(0.,1.,9.02056207507939E-16));
#6957=DIRECTION('ref_axis',(1.,0.,0.));
#6958=DIRECTION('',(0.99658449300667,7.44912111952612E-17,-0.0825793454723337));
#6959=DIRECTION('center_axis',(0.,-1.,-9.02056207507939E-16));
#6960=DIRECTION('ref_axis',(0.99658449300667,7.44912111952561E-17,-0.0825793454723279));
#6961=DIRECTION('',(0.0825793454723323,-8.98975228222819E-16,0.99658449300667));
#6962=DIRECTION('center_axis',(0.,-1.,-9.02056207507939E-16));
#6963=DIRECTION('ref_axis',(0.0825793454723289,-8.98975228222819E-16,0.99658449300667));
#6964=DIRECTION('',(-0.99658449300667,-7.449121119526E-17,0.0825793454723323));
#6965=DIRECTION('center_axis',(0.,1.,9.02056207507939E-16));
#6966=DIRECTION('ref_axis',(1.,0.,0.));
#6967=DIRECTION('',(0.96940026593933,2.2144170752847E-16,-0.2454854871408));
#6968=DIRECTION('center_axis',(0.,-1.,-9.02056207507939E-16));
#6969=DIRECTION('ref_axis',(0.969400265939331,2.21441707528464E-16,-0.245485487140795));
#6970=DIRECTION('',(0.245485487140799,-8.7445352745042E-16,0.96940026593933));
#6971=DIRECTION('center_axis',(0.,-1.,-9.02056207507939E-16));
#6972=DIRECTION('ref_axis',(0.245485487140796,-8.74453527450421E-16,0.969400265939331));
#6973=DIRECTION('',(-0.96940026593933,-2.21441707528468E-16,0.245485487140799));
#6974=DIRECTION('center_axis',(0.,1.,9.02056207507939E-16));
#6975=DIRECTION('ref_axis',(1.,0.,0.));
#6976=DIRECTION('',(0.915773326655057,3.6235185133575E-16,-0.401695424652971));
#6977=DIRECTION('center_axis',(0.,-1.,-9.02056207507939E-16));
#6978=DIRECTION('ref_axis',(0.915773326655059,3.62351851335745E-16,-0.401695424652965));
#6979=DIRECTION('',(0.401695424652969,-8.2607901397939E-16,0.915773326655058));
#6980=DIRECTION('center_axis',(0.,-1.,-9.02056207507939E-16));
#6981=DIRECTION('ref_axis',(0.401695424652966,-8.26079013979392E-16,0.915773326655059));
#6982=DIRECTION('',(-0.915773326655058,-3.62351851335749E-16,0.401695424652969));
#6983=DIRECTION('center_axis',(0.,1.,9.02056207507939E-16));
#6984=DIRECTION('ref_axis',(1.,0.,0.));
#6985=DIRECTION('',(0.837166478262528,4.9337798121937E-16,-0.546948158122428));
#6986=DIRECTION('center_axis',(0.,-1.,-9.02056207507939E-16));
#6987=DIRECTION('ref_axis',(0.837166478262531,4.93377981219366E-16,-0.546948158122423));
#6988=DIRECTION('',(0.546948158122427,-7.55171218434274E-16,0.837166478262529));
#6989=DIRECTION('center_axis',(0.,-1.,-9.02056207507939E-16));
#6990=DIRECTION('ref_axis',(0.546948158122424,-7.55171218434276E-16,0.837166478262531));
#6991=DIRECTION('',(-0.837166478262529,-4.93377981219369E-16,0.546948158122427));
#6992=DIRECTION('center_axis',(0.,1.,9.02056207507939E-16));
#6993=DIRECTION('ref_axis',(1.,0.,0.));
#6994=DIRECTION('',(0.735723910673131,6.10946045915733E-16,-0.677281571625742));
#6995=DIRECTION('center_axis',(0.,-1.,-9.02056207507939E-16));
#6996=DIRECTION('ref_axis',(0.735723910673135,6.1094604591573E-16,-0.677281571625738));
#6997=DIRECTION('',(0.677281571625741,-6.63664320634715E-16,0.735723910673132));
#6998=DIRECTION('center_axis',(0.,-1.,-9.02056207507939E-16));
#6999=DIRECTION('ref_axis',(0.677281571625738,-6.63664320634717E-16,0.735723910673134));
#7000=DIRECTION('',(-0.735723910673132,-6.10946045915733E-16,0.677281571625741));
#7001=DIRECTION('center_axis',(0.,1.,9.02056207507939E-16));
#7002=DIRECTION('ref_axis',(1.,0.,0.));
#7003=DIRECTION('',(0.614212712689667,7.11849095096995E-16,-0.789140509396394));
#7004=DIRECTION('center_axis',(0.,-1.,-9.02056207507939E-16));
#7005=DIRECTION('ref_axis',(0.614212712689671,7.11849095096992E-16,-0.789140509396391));
#7006=DIRECTION('',(0.789140509396393,-5.54054390212005E-16,0.614212712689668));
#7007=DIRECTION('center_axis',(0.,-1.,-9.02056207507939E-16));
#7008=DIRECTION('ref_axis',(0.789140509396391,-5.54054390212008E-16,0.61421271268967));
#7009=DIRECTION('',(-0.614212712689668,-7.11849095096994E-16,0.789140509396393));
#7010=DIRECTION('center_axis',(0.,1.,9.02056207507939E-16));
#7011=DIRECTION('ref_axis',(1.,0.,0.));
#7012=DIRECTION('',(0.475947393037073,7.93334756616107E-16,-0.87947375120649));
#7013=DIRECTION('center_axis',(0.,-1.,-9.02056207507939E-16));
#7014=DIRECTION('ref_axis',(0.475947393037077,7.93334756616105E-16,-0.879473751206487));
#7015=DIRECTION('',(0.879473751206489,-4.29331300336313E-16,0.475947393037074));
#7016=DIRECTION('center_axis',(0.,-1.,-9.02056207507939E-16));
#7017=DIRECTION('ref_axis',(0.879473751206487,-4.29331300336316E-16,0.475947393037077));
#7018=DIRECTION('',(-0.475947393037074,-7.93334756616106E-16,0.879473751206489));
#7019=DIRECTION('center_axis',(0.,1.,9.02056207507939E-16));
#7020=DIRECTION('ref_axis',(1.,0.,0.));
#7021=DIRECTION('',(0.324699469204682,8.53180314044095E-16,-0.945817241700635));
#7022=DIRECTION('center_axis',(0.,-1.,-9.02056207507939E-16));
#7023=DIRECTION('ref_axis',(0.324699469204688,8.53180314044093E-16,-0.945817241700633));
#7024=DIRECTION('',(0.945817241700635,-2.92897171770618E-16,0.324699469204684));
#7025=DIRECTION('center_axis',(0.,-1.,-9.02056207507939E-16));
#7026=DIRECTION('ref_axis',(0.945817241700634,-2.92897171770621E-16,0.324699469204687));
#7027=DIRECTION('',(-0.324699469204684,-8.53180314044094E-16,0.945817241700635));
#7028=DIRECTION('center_axis',(0.,1.,9.02056207507939E-16));
#7029=DIRECTION('ref_axis',(1.,0.,0.));
#7030=DIRECTION('',(0.164594590280733,8.89753336580048E-16,-0.986361303402723));
#7031=DIRECTION('center_axis',(0.,-1.,-9.02056207507939E-16));
#7032=DIRECTION('ref_axis',(0.164594590280738,8.89753336580047E-16,-0.986361303402722));
#7033=DIRECTION('',(0.986361303402722,-1.48473571884962E-16,0.164594590280734));
#7034=DIRECTION('center_axis',(0.,-1.,-9.02056207507939E-16));
#7035=DIRECTION('ref_axis',(0.986361303402722,-1.48473571884965E-16,0.164594590280737));
#7036=DIRECTION('',(-0.164594590280734,-8.89753336580047E-16,0.986361303402722));
#7037=DIRECTION('center_axis',(0.,1.,9.02056207507939E-16));
#7038=DIRECTION('ref_axis',(1.,0.,0.));
#7039=DIRECTION('',(-1.26531410086671E-15,9.02056207507939E-16,-1.));
#7040=DIRECTION('center_axis',(0.,-1.,-9.02056207507939E-16));
#7041=DIRECTION('ref_axis',(4.47261739659505E-15,9.02056207507939E-16,-1.));
#7042=DIRECTION('',(1.,-1.1047002471756E-31,1.22464679914735E-16));
#7043=DIRECTION('center_axis',(0.,-1.,-9.02056207507939E-16));
#7044=DIRECTION('ref_axis',(1.,-3.19195793573715E-30,3.53853552491523E-15));
#7045=DIRECTION('',(-1.22464679914735E-16,-9.02056207507939E-16,1.));
#7046=DIRECTION('center_axis',(0.,1.,9.02056207507939E-16));
#7047=DIRECTION('ref_axis',(1.,0.,0.));
#7048=DIRECTION('',(-0.164594590280735,8.89753336580047E-16,-0.986361303402722));
#7049=DIRECTION('center_axis',(0.,-1.,-9.02056207507939E-16));
#7050=DIRECTION('ref_axis',(-0.164594590280729,8.89753336580048E-16,-0.986361303402723));
#7051=DIRECTION('',(0.986361303402722,1.48473571884962E-16,-0.164594590280734));
#7052=DIRECTION('center_axis',(0.,-1.,-9.02056207507939E-16));
#7053=DIRECTION('ref_axis',(0.986361303402723,1.48473571884959E-16,-0.16459459028073));
#7054=DIRECTION('',(0.164594590280734,-8.89753336580048E-16,0.986361303402722));
#7055=DIRECTION('center_axis',(0.,1.,9.02056207507939E-16));
#7056=DIRECTION('ref_axis',(1.,0.,0.));
#7057=DIRECTION('',(-0.324699469204685,8.53180314044094E-16,-0.945817241700634));
#7058=DIRECTION('center_axis',(0.,-1.,-9.02056207507939E-16));
#7059=DIRECTION('ref_axis',(-0.324699469204679,8.53180314044096E-16,-0.945817241700636));
#7060=DIRECTION('',(0.945817241700635,2.92897171770618E-16,-0.324699469204683));
#7061=DIRECTION('center_axis',(0.,-1.,-9.02056207507939E-16));
#7062=DIRECTION('ref_axis',(0.945817241700636,2.92897171770615E-16,-0.32469946920468));
#7063=DIRECTION('',(0.324699469204683,-8.53180314044095E-16,0.945817241700635));
#7064=DIRECTION('center_axis',(0.,1.,9.02056207507939E-16));
#7065=DIRECTION('ref_axis',(1.,0.,0.));
#7066=DIRECTION('',(-0.475947393037075,7.93334756616106E-16,-0.879473751206488));
#7067=DIRECTION('center_axis',(0.,-1.,-9.02056207507939E-16));
#7068=DIRECTION('ref_axis',(-0.47594739303707,7.93334756616108E-16,-0.879473751206491));
#7069=DIRECTION('',(0.879473751206489,4.29331300336313E-16,-0.475947393037074));
#7070=DIRECTION('center_axis',(0.,-1.,-9.02056207507939E-16));
#7071=DIRECTION('ref_axis',(0.879473751206491,4.2933130033631E-16,-0.47594739303707));
#7072=DIRECTION('',(0.475947393037074,-7.93334756616106E-16,0.879473751206489));
#7073=DIRECTION('center_axis',(0.,1.,9.02056207507939E-16));
#7074=DIRECTION('ref_axis',(1.,0.,0.));
#7075=DIRECTION('',(-0.614212712689669,7.11849095096993E-16,-0.789140509396393));
#7076=DIRECTION('center_axis',(0.,-1.,-9.02056207507939E-16));
#7077=DIRECTION('ref_axis',(-0.614212712689664,7.11849095096997E-16,-0.789140509396396));
#7078=DIRECTION('',(0.789140509396394,5.54054390212005E-16,-0.614212712689668));
#7079=DIRECTION('center_axis',(0.,-1.,-9.02056207507939E-16));
#7080=DIRECTION('ref_axis',(0.789140509396396,5.54054390212003E-16,-0.614212712689665));
#7081=DIRECTION('',(0.614212712689668,-7.11849095096994E-16,0.789140509396394));
#7082=DIRECTION('center_axis',(0.,1.,9.02056207507939E-16));
#7083=DIRECTION('ref_axis',(1.,0.,0.));
#7084=DIRECTION('',(-0.735723910673132,6.10946045915732E-16,-0.677281571625741));
#7085=DIRECTION('center_axis',(0.,-1.,-9.02056207507939E-16));
#7086=DIRECTION('ref_axis',(-0.735723910673128,6.10946045915736E-16,-0.677281571625745));
#7087=DIRECTION('',(0.677281571625741,6.63664320634715E-16,-0.735723910673131));
#7088=DIRECTION('center_axis',(0.,-1.,-9.02056207507939E-16));
#7089=DIRECTION('ref_axis',(0.677281571625744,6.63664320634712E-16,-0.735723910673129));
#7090=DIRECTION('',(0.735723910673131,-6.10946045915733E-16,0.677281571625741));
#7091=DIRECTION('center_axis',(0.,1.,9.02056207507939E-16));
#7092=DIRECTION('ref_axis',(1.,0.,0.));
#7093=DIRECTION('',(-0.837166478262529,4.93377981219368E-16,-0.546948158122426));
#7094=DIRECTION('center_axis',(0.,-1.,-9.02056207507939E-16));
#7095=DIRECTION('ref_axis',(-0.837166478262526,4.93377981219372E-16,-0.546948158122431));
#7096=DIRECTION('',(0.546948158122427,7.55171218434274E-16,-0.837166478262529));
#7097=DIRECTION('center_axis',(0.,-1.,-9.02056207507939E-16));
#7098=DIRECTION('ref_axis',(0.54694815812243,7.55171218434273E-16,-0.837166478262527));
#7099=DIRECTION('',(0.837166478262529,-4.93377981219369E-16,0.546948158122427));
#7100=DIRECTION('center_axis',(0.,1.,9.02056207507939E-16));
#7101=DIRECTION('ref_axis',(1.,0.,0.));
#7102=DIRECTION('',(-0.915773326655058,3.62351851335748E-16,-0.401695424652968));
#7103=DIRECTION('center_axis',(0.,-1.,-9.02056207507939E-16));
#7104=DIRECTION('ref_axis',(-0.915773326655056,3.62351851335753E-16,-0.401695424652974));
#7105=DIRECTION('',(0.40169542465297,8.2607901397939E-16,-0.915773326655057));
#7106=DIRECTION('center_axis',(0.,-1.,-9.02056207507939E-16));
#7107=DIRECTION('ref_axis',(0.401695424652973,8.26079013979389E-16,-0.915773326655056));
#7108=DIRECTION('',(0.915773326655057,-3.62351851335749E-16,0.40169542465297));
#7109=DIRECTION('center_axis',(0.,1.,9.02056207507939E-16));
#7110=DIRECTION('ref_axis',(1.,0.,0.));
#7111=DIRECTION('',(-0.969400265939331,2.21441707528467E-16,-0.245485487140798));
#7112=DIRECTION('center_axis',(0.,-1.,-9.02056207507939E-16));
#7113=DIRECTION('ref_axis',(-0.969400265939329,2.21441707528472E-16,-0.245485487140803));
#7114=DIRECTION('',(0.245485487140799,8.7445352745042E-16,-0.96940026593933));
#7115=DIRECTION('center_axis',(0.,-1.,-9.02056207507939E-16));
#7116=DIRECTION('ref_axis',(0.245485487140802,8.74453527450419E-16,-0.96940026593933));
#7117=DIRECTION('',(0.96940026593933,-2.21441707528468E-16,0.245485487140799));
#7118=DIRECTION('center_axis',(0.,1.,9.02056207507939E-16));
#7119=DIRECTION('ref_axis',(1.,0.,0.));
#7120=DIRECTION('',(-0.99658449300667,7.44912111952591E-17,-0.0825793454723314));
#7121=DIRECTION('center_axis',(0.,-1.,-9.02056207507939E-16));
#7122=DIRECTION('ref_axis',(-0.99658449300667,7.44912111952643E-17,-0.0825793454723371));
#7123=DIRECTION('',(0.0825793454723327,8.98975228222819E-16,-0.99658449300667));
#7124=DIRECTION('center_axis',(0.,-1.,-9.02056207507939E-16));
#7125=DIRECTION('ref_axis',(0.0825793454723362,8.98975228222819E-16,-0.99658449300667));
#7126=DIRECTION('',(0.99658449300667,-7.44912111952604E-17,0.0825793454723327));
#7127=DIRECTION('center_axis',(0.,1.,9.02056207507939E-16));
#7128=DIRECTION('ref_axis',(1.,0.,0.));
#7129=DIRECTION('',(-0.99658449300667,-7.44912111952613E-17,0.0825793454723338));
#7130=DIRECTION('center_axis',(0.,-1.,-9.02056207507939E-16));
#7131=DIRECTION('ref_axis',(-0.99658449300667,-7.44912111952562E-17,0.082579345472328));
#7132=DIRECTION('',(-0.0825793454723324,8.98975228222819E-16,-0.99658449300667));
#7133=DIRECTION('center_axis',(0.,-1.,-9.02056207507939E-16));
#7134=DIRECTION('ref_axis',(-0.082579345472329,8.98975228222819E-16,-0.99658449300667));
#7135=DIRECTION('',(0.99658449300667,7.449121119526E-17,-0.0825793454723324));
#7136=DIRECTION('center_axis',(0.,1.,9.02056207507939E-16));
#7137=DIRECTION('ref_axis',(1.,0.,0.));
#7138=DIRECTION('',(-0.96940026593933,-2.21441707528469E-16,0.2454854871408));
#7139=DIRECTION('center_axis',(0.,-1.,-9.02056207507939E-16));
#7140=DIRECTION('ref_axis',(-0.969400265939331,-2.21441707528464E-16,0.245485487140795));
#7141=DIRECTION('',(-0.245485487140799,8.7445352745042E-16,-0.969400265939331));
#7142=DIRECTION('center_axis',(0.,-1.,-9.02056207507939E-16));
#7143=DIRECTION('ref_axis',(-0.245485487140795,8.74453527450421E-16,-0.969400265939331));
#7144=DIRECTION('',(0.969400265939331,2.21441707528468E-16,-0.245485487140799));
#7145=DIRECTION('center_axis',(0.,1.,9.02056207507939E-16));
#7146=DIRECTION('ref_axis',(1.,0.,0.));
#7147=DIRECTION('',(-0.915773326655057,-3.6235185133575E-16,0.401695424652971));
#7148=DIRECTION('center_axis',(0.,-1.,-9.02056207507939E-16));
#7149=DIRECTION('ref_axis',(-0.915773326655059,-3.62351851335745E-16,0.401695424652966));
#7150=DIRECTION('',(-0.40169542465297,8.2607901397939E-16,-0.915773326655057));
#7151=DIRECTION('center_axis',(0.,-1.,-9.02056207507939E-16));
#7152=DIRECTION('ref_axis',(-0.401695424652966,8.26079013979392E-16,-0.915773326655059));
#7153=DIRECTION('',(0.915773326655057,3.62351851335749E-16,-0.40169542465297));
#7154=DIRECTION('center_axis',(0.,1.,9.02056207507939E-16));
#7155=DIRECTION('ref_axis',(1.,0.,0.));
#7156=DIRECTION('',(-0.837166478262528,-4.9337798121937E-16,0.546948158122428));
#7157=DIRECTION('center_axis',(0.,-1.,-9.02056207507939E-16));
#7158=DIRECTION('ref_axis',(-0.837166478262531,-4.93377981219366E-16,0.546948158122423));
#7159=DIRECTION('',(-0.546948158122427,7.55171218434274E-16,-0.837166478262529));
#7160=DIRECTION('center_axis',(0.,-1.,-9.02056207507939E-16));
#7161=DIRECTION('ref_axis',(-0.546948158122424,7.55171218434276E-16,-0.837166478262531));
#7162=DIRECTION('',(0.837166478262529,4.93377981219369E-16,-0.546948158122427));
#7163=DIRECTION('center_axis',(0.,1.,9.02056207507939E-16));
#7164=DIRECTION('ref_axis',(1.,0.,0.));
#7165=DIRECTION('',(-0.735723910673131,-6.10946045915733E-16,0.677281571625742));
#7166=DIRECTION('center_axis',(0.,-1.,-9.02056207507939E-16));
#7167=DIRECTION('ref_axis',(-0.735723910673135,-6.10946045915729E-16,0.677281571625737));
#7168=DIRECTION('',(-0.677281571625741,6.63664320634715E-16,-0.735723910673132));
#7169=DIRECTION('center_axis',(0.,-1.,-9.02056207507939E-16));
#7170=DIRECTION('ref_axis',(-0.677281571625738,6.63664320634718E-16,-0.735723910673134));
#7171=DIRECTION('',(0.735723910673132,6.10946045915732E-16,-0.677281571625741));
#7172=DIRECTION('center_axis',(0.,1.,9.02056207507939E-16));
#7173=DIRECTION('ref_axis',(1.,0.,0.));
#7174=DIRECTION('',(-0.614212712689667,-7.11849095096995E-16,0.789140509396394));
#7175=DIRECTION('center_axis',(0.,-1.,-9.02056207507939E-16));
#7176=DIRECTION('ref_axis',(-0.614212712689671,-7.11849095096992E-16,0.789140509396391));
#7177=DIRECTION('',(-0.789140509396393,5.54054390212006E-16,-0.614212712689668));
#7178=DIRECTION('center_axis',(0.,-1.,-9.02056207507939E-16));
#7179=DIRECTION('ref_axis',(-0.789140509396391,5.54054390212008E-16,-0.614212712689671));
#7180=DIRECTION('',(0.614212712689668,7.11849095096994E-16,-0.789140509396393));
#7181=DIRECTION('center_axis',(0.,1.,9.02056207507939E-16));
#7182=DIRECTION('ref_axis',(1.,0.,0.));
#7183=DIRECTION('',(-0.475947393037073,-7.93334756616107E-16,0.87947375120649));
#7184=DIRECTION('center_axis',(0.,-1.,-9.02056207507939E-16));
#7185=DIRECTION('ref_axis',(-0.475947393037078,-7.93334756616104E-16,0.879473751206487));
#7186=DIRECTION('',(-0.879473751206489,4.29331300336314E-16,-0.475947393037074));
#7187=DIRECTION('center_axis',(0.,-1.,-9.02056207507939E-16));
#7188=DIRECTION('ref_axis',(-0.879473751206487,4.29331300336316E-16,-0.475947393037077));
#7189=DIRECTION('',(0.475947393037074,7.93334756616106E-16,-0.879473751206489));
#7190=DIRECTION('center_axis',(0.,1.,9.02056207507939E-16));
#7191=DIRECTION('ref_axis',(1.,0.,0.));
#7192=DIRECTION('',(-0.324699469204682,-8.53180314044095E-16,0.945817241700635));
#7193=DIRECTION('center_axis',(0.,-1.,-9.02056207507939E-16));
#7194=DIRECTION('ref_axis',(-0.324699469204688,-8.53180314044093E-16,0.945817241700633));
#7195=DIRECTION('',(-0.945817241700635,2.92897171770618E-16,-0.324699469204684));
#7196=DIRECTION('center_axis',(0.,-1.,-9.02056207507939E-16));
#7197=DIRECTION('ref_axis',(-0.945817241700634,2.92897171770621E-16,-0.324699469204687));
#7198=DIRECTION('',(0.324699469204684,8.53180314044094E-16,-0.945817241700635));
#7199=DIRECTION('center_axis',(0.,1.,9.02056207507939E-16));
#7200=DIRECTION('ref_axis',(1.,0.,0.));
#7201=DIRECTION('',(-0.164594590280733,-8.89753336580048E-16,0.986361303402722));
#7202=DIRECTION('center_axis',(0.,-1.,-9.02056207507939E-16));
#7203=DIRECTION('ref_axis',(-0.164594590280739,-8.89753336580047E-16,0.986361303402722));
#7204=DIRECTION('',(-0.986361303402722,1.48473571884963E-16,-0.164594590280735));
#7205=DIRECTION('center_axis',(0.,-1.,-9.02056207507939E-16));
#7206=DIRECTION('ref_axis',(-0.986361303402722,1.48473571884966E-16,-0.164594590280738));
#7207=DIRECTION('',(0.164594590280735,8.89753336580047E-16,-0.986361303402722));
#7208=DIRECTION('center_axis',(0.,1.,9.02056207507939E-16));
#7209=DIRECTION('ref_axis',(1.,0.,0.));
#7210=DIRECTION('',(1.38777878078144E-15,-9.02056207507939E-16,1.));
#7211=DIRECTION('center_axis',(0.,-1.,-9.02056207507939E-16));
#7212=DIRECTION('ref_axis',(-4.35015271668032E-15,-9.02056207507939E-16,
1.));
#7213=DIRECTION('center_axis',(0.,1.,0.));
#7214=DIRECTION('ref_axis',(-1.,0.,0.));
#7215=DIRECTION('center_axis',(0.,-1.,0.));
#7216=DIRECTION('ref_axis',(-1.,0.,0.));
#7217=DIRECTION('',(0.,-1.,0.));
#7218=DIRECTION('center_axis',(0.,-1.,-9.02056207507939E-16));
#7219=DIRECTION('ref_axis',(1.,0.,0.));
#7220=DIRECTION('center_axis',(0.,-1.,-9.02056207507939E-16));
#7221=DIRECTION('ref_axis',(1.,0.,0.));
#7222=DIRECTION('center_axis',(0.,1.,0.));
#7223=DIRECTION('ref_axis',(-1.,0.,0.));
#7224=DIRECTION('center_axis',(0.,1.,0.));
#7225=DIRECTION('ref_axis',(-1.,0.,0.));
#7226=DIRECTION('',(0.,-1.,0.));
#7227=DIRECTION('center_axis',(0.,1.,0.));
#7228=DIRECTION('ref_axis',(-1.,0.,0.));
#7229=DIRECTION('center_axis',(0.,1.,0.));
#7230=DIRECTION('ref_axis',(-1.,0.,0.));
#7231=DIRECTION('center_axis',(0.,-1.,0.));
#7232=DIRECTION('ref_axis',(-1.,0.,0.));
#7233=DIRECTION('',(0.,-1.,0.));
#7234=DIRECTION('center_axis',(0.,-1.,0.));
#7235=DIRECTION('ref_axis',(-1.,0.,0.));
#7236=DIRECTION('center_axis',(0.,-1.,0.));
#7237=DIRECTION('ref_axis',(-1.,0.,0.));
#7238=DIRECTION('center_axis',(0.,-1.,0.));
#7239=DIRECTION('ref_axis',(-1.,0.,0.));
#7240=DIRECTION('center_axis',(0.,-1.,0.));
#7241=DIRECTION('ref_axis',(-1.,0.,0.));
#7242=DIRECTION('center_axis',(0.,-1.,0.));
#7243=DIRECTION('ref_axis',(-1.,0.,0.));
#7244=DIRECTION('center_axis',(0.,-1.,0.));
#7245=DIRECTION('ref_axis',(-1.,0.,0.));
#7246=DIRECTION('center_axis',(0.,-1.,0.));
#7247=DIRECTION('ref_axis',(-1.,0.,0.));
#7248=DIRECTION('center_axis',(0.,1.,0.));
#7249=DIRECTION('ref_axis',(0.345430954823341,0.,-0.938444167465404));
#7250=DIRECTION('center_axis',(-0.967780447244982,0.,0.251795563762159));
#7251=DIRECTION('ref_axis',(0.251795563762159,0.,0.967780447244982));
#7252=DIRECTION('center_axis',(0.,-1.,0.));
#7253=DIRECTION('ref_axis',(0.345430954823342,0.,-0.938444167465404));
#7254=DIRECTION('center_axis',(-0.573576436351045,0.,-0.819152044288992));
#7255=DIRECTION('ref_axis',(-0.819152044288992,0.,0.573576436351045));
#7256=DIRECTION('center_axis',(0.,1.,0.));
#7257=DIRECTION('ref_axis',(0.345430954823342,0.,-0.938444167465404));
#7258=DIRECTION('center_axis',(0.,1.,0.));
#7259=DIRECTION('ref_axis',(0.,0.,1.));
#7260=DIRECTION('center_axis',(0.265828868844236,0.,-0.9640202344811));
#7261=DIRECTION('ref_axis',(-0.9640202344811,0.,-0.265828868844236));
#7262=DIRECTION('center_axis',(0.,-1.,0.));
#7263=DIRECTION('ref_axis',(0.640001011646708,0.,0.76837406586323));
#7264=DIRECTION('center_axis',(0.996194698091746,0.,-0.0871557427476575));
#7265=DIRECTION('ref_axis',(-0.0871557427476575,0.,-0.996194698091746));
#7266=DIRECTION('center_axis',(0.,1.,0.));
#7267=DIRECTION('ref_axis',(0.640001011646708,0.,0.76837406586323));
#7268=DIRECTION('center_axis',(0.,1.,0.));
#7269=DIRECTION('ref_axis',(0.,0.,1.));
#7270=DIRECTION('center_axis',(0.701951578400746,0.,0.71222467071894));
#7271=DIRECTION('ref_axis',(0.712224670718939,0.,-0.701951578400746));
#7272=DIRECTION('center_axis',(0.,-1.,0.));
#7273=DIRECTION('ref_axis',(-0.985431966470048,0.,0.170070101602174));
#7274=DIRECTION('center_axis',(-0.422618261740701,0.,0.906307787036649));
#7275=DIRECTION('ref_axis',(0.906307787036649,0.,0.422618261740701));
#7276=DIRECTION('center_axis',(0.,1.,0.));
#7277=DIRECTION('ref_axis',(-0.985431966470048,0.,0.170070101602174));
#7278=DIRECTION('center_axis',(0.164594590280734,-8.89753336580048E-16,
0.986361303402722));
#7279=DIRECTION('ref_axis',(0.986361303402722,1.48473571884962E-16,-0.164594590280734));
#7280=DIRECTION('',(0.986361303402722,0.,-0.164594590280734));
#7281=DIRECTION('',(0.,1.,9.02056207507939E-16));
#7282=DIRECTION('',(0.,1.,9.02056207507939E-16));
#7283=DIRECTION('center_axis',(0.,1.,9.02056207507939E-16));
#7284=DIRECTION('ref_axis',(-0.986361303402723,-1.48473571884959E-16,0.164594590280731));
#7285=DIRECTION('center_axis',(0.,1.,0.));
#7286=DIRECTION('ref_axis',(-0.986361303402723,-1.48473571884959E-16,0.164594590280731));
#7287=DIRECTION('',(0.,1.,9.02056207507939E-16));
#7288=DIRECTION('center_axis',(-0.986361303402722,-1.48473571884962E-16,
0.164594590280734));
#7289=DIRECTION('ref_axis',(0.164594590280734,-8.89753336580048E-16,0.986361303402722));
#7290=DIRECTION('',(0.164594590280734,0.,0.986361303402722));
#7291=DIRECTION('',(0.,-1.,-9.02056207507939E-16));
#7292=DIRECTION('center_axis',(0.986361303402722,1.48473571884963E-16,-0.164594590280735));
#7293=DIRECTION('ref_axis',(-0.164594590280735,8.89753336580047E-16,-0.986361303402722));
#7294=DIRECTION('',(-0.164594590280735,0.,-0.986361303402722));
#7295=DIRECTION('',(0.,1.,9.02056207507939E-16));
#7296=DIRECTION('',(0.,1.,9.02056207507939E-16));
#7297=DIRECTION('center_axis',(0.,1.,9.02056207507939E-16));
#7298=DIRECTION('ref_axis',(0.16459459028073,-8.89753336580048E-16,0.986361303402723));
#7299=DIRECTION('center_axis',(0.,1.,0.));
#7300=DIRECTION('ref_axis',(0.16459459028073,-8.89753336580048E-16,0.986361303402723));
#7301=DIRECTION('center_axis',(0.,1.,9.02056207507939E-16));
#7302=DIRECTION('ref_axis',(1.,0.,0.));
#7303=DIRECTION('center_axis',(0.,-1.,0.));
#7304=DIRECTION('ref_axis',(1.,0.,0.));
#7305=DIRECTION('',(0.,1.,9.02056207507939E-16));
#7306=DIRECTION('center_axis',(0.324699469204684,-8.53180314044095E-16,
0.945817241700635));
#7307=DIRECTION('ref_axis',(0.945817241700635,2.92897171770618E-16,-0.324699469204684));
#7308=DIRECTION('',(0.945817241700635,0.,-0.324699469204684));
#7309=DIRECTION('',(0.,1.,9.02056207507939E-16));
#7310=DIRECTION('',(0.,1.,9.02056207507939E-16));
#7311=DIRECTION('center_axis',(0.,1.,9.02056207507939E-16));
#7312=DIRECTION('ref_axis',(-0.945817241700636,-2.92897171770615E-16,0.32469946920468));
#7313=DIRECTION('center_axis',(0.,1.,0.));
#7314=DIRECTION('ref_axis',(-0.945817241700636,-2.92897171770615E-16,0.32469946920468));
#7315=DIRECTION('',(0.,1.,9.02056207507939E-16));
#7316=DIRECTION('center_axis',(-0.945817241700635,-2.92897171770618E-16,
0.324699469204684));
#7317=DIRECTION('ref_axis',(0.324699469204684,-8.53180314044095E-16,0.945817241700635));
#7318=DIRECTION('',(0.324699469204684,0.,0.945817241700635));
#7319=DIRECTION('',(0.,-1.,-9.02056207507939E-16));
#7320=DIRECTION('center_axis',(0.945817241700634,2.92897171770619E-16,-0.324699469204685));
#7321=DIRECTION('ref_axis',(-0.324699469204685,8.53180314044094E-16,-0.945817241700634));
#7322=DIRECTION('',(-0.324699469204685,0.,-0.945817241700634));
#7323=DIRECTION('',(0.,1.,9.02056207507939E-16));
#7324=DIRECTION('center_axis',(0.,1.,9.02056207507939E-16));
#7325=DIRECTION('ref_axis',(0.324699469204679,-8.53180314044096E-16,0.945817241700636));
#7326=DIRECTION('center_axis',(0.,1.,0.));
#7327=DIRECTION('ref_axis',(0.324699469204679,-8.53180314044096E-16,0.945817241700636));
#7328=DIRECTION('center_axis',(0.,1.,9.02056207507939E-16));
#7329=DIRECTION('ref_axis',(1.,0.,0.));
#7330=DIRECTION('center_axis',(0.,-1.,0.));
#7331=DIRECTION('ref_axis',(1.,0.,0.));
#7332=DIRECTION('',(0.,1.,9.02056207507939E-16));
#7333=DIRECTION('center_axis',(0.837166478262529,-4.93377981219369E-16,
0.546948158122427));
#7334=DIRECTION('ref_axis',(0.546948158122427,7.55171218434274E-16,-0.837166478262529));
#7335=DIRECTION('',(0.546948158122427,0.,-0.837166478262529));
#7336=DIRECTION('',(0.,1.,9.02056207507939E-16));
#7337=DIRECTION('',(0.,1.,9.02056207507939E-16));
#7338=DIRECTION('center_axis',(0.,1.,9.02056207507939E-16));
#7339=DIRECTION('ref_axis',(-0.54694815812243,-7.55171218434273E-16,0.837166478262527));
#7340=DIRECTION('center_axis',(0.,1.,0.));
#7341=DIRECTION('ref_axis',(-0.54694815812243,-7.55171218434273E-16,0.837166478262527));
#7342=DIRECTION('',(0.,1.,9.02056207507939E-16));
#7343=DIRECTION('center_axis',(-0.546948158122427,-7.55171218434274E-16,
0.837166478262529));
#7344=DIRECTION('ref_axis',(0.837166478262529,-4.93377981219369E-16,0.546948158122427));
#7345=DIRECTION('',(0.837166478262529,0.,0.546948158122427));
#7346=DIRECTION('',(0.,-1.,-9.02056207507939E-16));
#7347=DIRECTION('center_axis',(0.546948158122426,7.55171218434275E-16,-0.837166478262529));
#7348=DIRECTION('ref_axis',(-0.837166478262529,4.93377981219368E-16,-0.546948158122426));
#7349=DIRECTION('',(-0.837166478262529,0.,-0.546948158122426));
#7350=DIRECTION('',(0.,1.,9.02056207507939E-16));
#7351=DIRECTION('',(0.,1.,9.02056207507939E-16));
#7352=DIRECTION('center_axis',(0.,1.,9.02056207507939E-16));
#7353=DIRECTION('ref_axis',(0.837166478262526,-4.93377981219372E-16,0.546948158122431));
#7354=DIRECTION('center_axis',(0.,1.,0.));
#7355=DIRECTION('ref_axis',(0.837166478262526,-4.93377981219372E-16,0.546948158122431));
#7356=DIRECTION('center_axis',(0.,1.,9.02056207507939E-16));
#7357=DIRECTION('ref_axis',(1.,0.,0.));
#7358=DIRECTION('center_axis',(0.,-1.,0.));
#7359=DIRECTION('ref_axis',(1.,0.,0.));
#7360=DIRECTION('',(0.,1.,9.02056207507939E-16));
#7361=DIRECTION('center_axis',(0.99658449300667,7.449121119526E-17,-0.0825793454723323));
#7362=DIRECTION('ref_axis',(-0.0825793454723323,8.98975228222819E-16,-0.99658449300667));
#7363=DIRECTION('',(-0.0825793454723323,0.,-0.99658449300667));
#7364=DIRECTION('',(0.,1.,9.02056207507939E-16));
#7365=DIRECTION('',(0.,1.,9.02056207507939E-16));
#7366=DIRECTION('center_axis',(0.,1.,9.02056207507939E-16));
#7367=DIRECTION('ref_axis',(0.0825793454723289,-8.98975228222819E-16,0.99658449300667));
#7368=DIRECTION('center_axis',(0.,1.,0.));
#7369=DIRECTION('ref_axis',(0.0825793454723289,-8.98975228222819E-16,0.99658449300667));
#7370=DIRECTION('',(0.,1.,9.02056207507939E-16));
#7371=DIRECTION('center_axis',(0.0825793454723323,-8.98975228222819E-16,
0.99658449300667));
#7372=DIRECTION('ref_axis',(0.99658449300667,7.449121119526E-17,-0.0825793454723323));
#7373=DIRECTION('',(0.99658449300667,0.,-0.0825793454723323));
#7374=DIRECTION('',(0.,-1.,-9.02056207507939E-16));
#7375=DIRECTION('center_axis',(-0.0825793454723337,8.98975228222819E-16,
-0.99658449300667));
#7376=DIRECTION('ref_axis',(-0.99658449300667,-7.44912111952612E-17,0.0825793454723337));
#7377=DIRECTION('',(-0.99658449300667,0.,0.0825793454723337));
#7378=DIRECTION('',(0.,1.,9.02056207507939E-16));
#7379=DIRECTION('',(0.,1.,9.02056207507939E-16));
#7380=DIRECTION('center_axis',(0.,1.,9.02056207507939E-16));
#7381=DIRECTION('ref_axis',(0.99658449300667,7.44912111952561E-17,-0.0825793454723279));
#7382=DIRECTION('center_axis',(0.,1.,0.));
#7383=DIRECTION('ref_axis',(0.99658449300667,7.44912111952561E-17,-0.0825793454723279));
#7384=DIRECTION('center_axis',(0.,1.,9.02056207507939E-16));
#7385=DIRECTION('ref_axis',(1.,0.,0.));
#7386=DIRECTION('center_axis',(0.,-1.,0.));
#7387=DIRECTION('ref_axis',(1.,0.,0.));
#7388=DIRECTION('',(0.,1.,9.02056207507939E-16));
#7389=DIRECTION('center_axis',(0.99658449300667,-7.44912111952601E-17,0.0825793454723324));
#7390=DIRECTION('ref_axis',(0.0825793454723324,8.98975228222819E-16,-0.99658449300667));
#7391=DIRECTION('',(0.0825793454723324,0.,-0.99658449300667));
#7392=DIRECTION('',(0.,1.,9.02056207507939E-16));
#7393=DIRECTION('',(0.,1.,9.02056207507939E-16));
#7394=DIRECTION('center_axis',(0.,1.,9.02056207507939E-16));
#7395=DIRECTION('ref_axis',(-0.0825793454723358,-8.98975228222819E-16,0.99658449300667));
#7396=DIRECTION('center_axis',(0.,1.,0.));
#7397=DIRECTION('ref_axis',(-0.0825793454723358,-8.98975228222819E-16,0.99658449300667));
#7398=DIRECTION('',(0.,1.,9.02056207507939E-16));
#7399=DIRECTION('center_axis',(-0.0825793454723324,-8.98975228222819E-16,
0.99658449300667));
#7400=DIRECTION('ref_axis',(0.99658449300667,-7.44912111952601E-17,0.0825793454723324));
#7401=DIRECTION('',(0.99658449300667,0.,0.0825793454723324));
#7402=DIRECTION('',(0.,-1.,-9.02056207507939E-16));
#7403=DIRECTION('center_axis',(0.082579345472331,8.98975228222819E-16,-0.99658449300667));
#7404=DIRECTION('ref_axis',(-0.99658449300667,7.44912111952588E-17,-0.082579345472331));
#7405=DIRECTION('',(-0.99658449300667,0.,-0.082579345472331));
#7406=DIRECTION('',(0.,1.,9.02056207507939E-16));
#7407=DIRECTION('',(0.,1.,9.02056207507939E-16));
#7408=DIRECTION('center_axis',(0.,1.,9.02056207507939E-16));
#7409=DIRECTION('ref_axis',(0.99658449300667,-7.4491211195264E-17,0.0825793454723367));
#7410=DIRECTION('center_axis',(0.,1.,0.));
#7411=DIRECTION('ref_axis',(0.99658449300667,-7.4491211195264E-17,0.0825793454723367));
#7412=DIRECTION('center_axis',(0.,1.,9.02056207507939E-16));
#7413=DIRECTION('ref_axis',(-1.,-1.1047002471756E-31,1.22464679914735E-16));
#7414=DIRECTION('center_axis',(0.,-1.,0.));
#7415=DIRECTION('ref_axis',(1.,0.,0.));
#7416=DIRECTION('center_axis',(0.96940026593933,-2.21441707528468E-16,0.245485487140799));
#7417=DIRECTION('ref_axis',(0.245485487140799,8.7445352745042E-16,-0.96940026593933));
#7418=DIRECTION('',(0.245485487140799,0.,-0.96940026593933));
#7419=DIRECTION('',(0.,1.,9.02056207507939E-16));
#7420=DIRECTION('',(0.,1.,9.02056207507939E-16));
#7421=DIRECTION('center_axis',(0.,1.,9.02056207507939E-16));
#7422=DIRECTION('ref_axis',(-0.245485487140803,-8.74453527450419E-16,0.96940026593933));
#7423=DIRECTION('center_axis',(0.,1.,0.));
#7424=DIRECTION('ref_axis',(-0.245485487140803,-8.74453527450419E-16,0.96940026593933));
#7425=DIRECTION('',(0.,1.,9.02056207507939E-16));
#7426=DIRECTION('center_axis',(-0.245485487140799,-8.7445352745042E-16,
0.96940026593933));
#7427=DIRECTION('ref_axis',(0.96940026593933,-2.21441707528468E-16,0.245485487140799));
#7428=DIRECTION('',(0.96940026593933,0.,0.245485487140799));
#7429=DIRECTION('',(0.,-1.,-9.02056207507939E-16));
#7430=DIRECTION('center_axis',(0.245485487140798,8.7445352745042E-16,-0.969400265939331));
#7431=DIRECTION('ref_axis',(-0.969400265939331,2.21441707528467E-16,-0.245485487140798));
#7432=DIRECTION('',(-0.969400265939331,0.,-0.245485487140798));
#7433=DIRECTION('',(0.,1.,9.02056207507939E-16));
#7434=DIRECTION('',(0.,1.,9.02056207507939E-16));
#7435=DIRECTION('center_axis',(0.,1.,9.02056207507939E-16));
#7436=DIRECTION('ref_axis',(0.969400265939329,-2.21441707528472E-16,0.245485487140803));
#7437=DIRECTION('center_axis',(0.,1.,0.));
#7438=DIRECTION('ref_axis',(0.969400265939329,-2.21441707528472E-16,0.245485487140803));
#7439=DIRECTION('center_axis',(0.,1.,9.02056207507939E-16));
#7440=DIRECTION('ref_axis',(1.,0.,0.));
#7441=DIRECTION('center_axis',(0.,-1.,0.));
#7442=DIRECTION('ref_axis',(1.,0.,0.));
#7443=DIRECTION('center_axis',(0.915773326655057,-3.62351851335749E-16,
0.40169542465297));
#7444=DIRECTION('ref_axis',(0.40169542465297,8.2607901397939E-16,-0.915773326655057));
#7445=DIRECTION('',(0.40169542465297,0.,-0.915773326655057));
#7446=DIRECTION('',(0.,1.,9.02056207507939E-16));
#7447=DIRECTION('',(0.,1.,9.02056207507939E-16));
#7448=DIRECTION('center_axis',(0.,1.,9.02056207507939E-16));
#7449=DIRECTION('ref_axis',(-0.401695424652973,-8.26079013979389E-16,0.915773326655056));
#7450=DIRECTION('center_axis',(0.,1.,0.));
#7451=DIRECTION('ref_axis',(-0.401695424652973,-8.26079013979389E-16,0.915773326655056));
#7452=DIRECTION('',(0.,1.,9.02056207507939E-16));
#7453=DIRECTION('center_axis',(-0.40169542465297,-8.2607901397939E-16,0.915773326655057));
#7454=DIRECTION('ref_axis',(0.915773326655057,-3.62351851335749E-16,0.40169542465297));
#7455=DIRECTION('',(0.915773326655057,0.,0.40169542465297));
#7456=DIRECTION('',(0.,-1.,-9.02056207507939E-16));
#7457=DIRECTION('center_axis',(0.401695424652968,8.26079013979391E-16,-0.915773326655058));
#7458=DIRECTION('ref_axis',(-0.915773326655058,3.62351851335748E-16,-0.401695424652968));
#7459=DIRECTION('',(-0.915773326655058,0.,-0.401695424652968));
#7460=DIRECTION('',(0.,1.,9.02056207507939E-16));
#7461=DIRECTION('center_axis',(0.,1.,9.02056207507939E-16));
#7462=DIRECTION('ref_axis',(0.915773326655056,-3.62351851335753E-16,0.401695424652974));
#7463=DIRECTION('center_axis',(0.,1.,0.));
#7464=DIRECTION('ref_axis',(0.915773326655056,-3.62351851335753E-16,0.401695424652974));
#7465=DIRECTION('center_axis',(0.,1.,9.02056207507939E-16));
#7466=DIRECTION('ref_axis',(1.,0.,0.));
#7467=DIRECTION('center_axis',(0.,-1.,0.));
#7468=DIRECTION('ref_axis',(1.,0.,0.));
#7469=DIRECTION('center_axis',(0.614212712689668,-7.11849095096994E-16,
0.789140509396394));
#7470=DIRECTION('ref_axis',(0.789140509396394,5.54054390212005E-16,-0.614212712689668));
#7471=DIRECTION('',(0.789140509396394,0.,-0.614212712689668));
#7472=DIRECTION('',(0.,1.,9.02056207507939E-16));
#7473=DIRECTION('',(0.,1.,9.02056207507939E-16));
#7474=DIRECTION('center_axis',(0.,1.,9.02056207507939E-16));
#7475=DIRECTION('ref_axis',(-0.789140509396396,-5.54054390212003E-16,0.614212712689665));
#7476=DIRECTION('center_axis',(0.,1.,0.));
#7477=DIRECTION('ref_axis',(-0.789140509396396,-5.54054390212003E-16,0.614212712689665));
#7478=DIRECTION('',(0.,1.,9.02056207507939E-16));
#7479=DIRECTION('center_axis',(-0.789140509396394,-5.54054390212005E-16,
0.614212712689668));
#7480=DIRECTION('ref_axis',(0.614212712689668,-7.11849095096994E-16,0.789140509396394));
#7481=DIRECTION('',(0.614212712689668,0.,0.789140509396394));
#7482=DIRECTION('',(0.,-1.,-9.02056207507939E-16));
#7483=DIRECTION('center_axis',(0.789140509396393,5.54054390212006E-16,-0.614212712689669));
#7484=DIRECTION('ref_axis',(-0.614212712689669,7.11849095096993E-16,-0.789140509396393));
#7485=DIRECTION('',(-0.614212712689669,0.,-0.789140509396393));
#7486=DIRECTION('',(0.,1.,9.02056207507939E-16));
#7487=DIRECTION('',(0.,1.,9.02056207507939E-16));
#7488=DIRECTION('center_axis',(0.,1.,9.02056207507939E-16));
#7489=DIRECTION('ref_axis',(0.614212712689664,-7.11849095096997E-16,0.789140509396396));
#7490=DIRECTION('center_axis',(0.,1.,0.));
#7491=DIRECTION('ref_axis',(0.614212712689664,-7.11849095096997E-16,0.789140509396396));
#7492=DIRECTION('center_axis',(0.,1.,9.02056207507939E-16));
#7493=DIRECTION('ref_axis',(1.,0.,0.));
#7494=DIRECTION('center_axis',(0.,-1.,0.));
#7495=DIRECTION('ref_axis',(1.,0.,0.));
#7496=DIRECTION('',(0.,1.,9.02056207507939E-16));
#7497=DIRECTION('center_axis',(0.735723910673132,-6.10946045915733E-16,
0.677281571625741));
#7498=DIRECTION('ref_axis',(0.677281571625741,6.63664320634715E-16,-0.735723910673132));
#7499=DIRECTION('',(0.677281571625741,0.,-0.735723910673132));
#7500=DIRECTION('',(0.,1.,9.02056207507939E-16));
#7501=DIRECTION('',(0.,1.,9.02056207507939E-16));
#7502=DIRECTION('center_axis',(0.,1.,9.02056207507939E-16));
#7503=DIRECTION('ref_axis',(-0.677281571625744,-6.63664320634713E-16,0.735723910673129));
#7504=DIRECTION('center_axis',(0.,1.,0.));
#7505=DIRECTION('ref_axis',(-0.677281571625744,-6.63664320634713E-16,0.735723910673129));
#7506=DIRECTION('',(0.,1.,9.02056207507939E-16));
#7507=DIRECTION('center_axis',(-0.677281571625741,-6.63664320634715E-16,
0.735723910673132));
#7508=DIRECTION('ref_axis',(0.735723910673132,-6.10946045915733E-16,0.677281571625741));
#7509=DIRECTION('',(0.735723910673132,0.,0.677281571625741));
#7510=DIRECTION('',(0.,-1.,-9.02056207507939E-16));
#7511=DIRECTION('center_axis',(0.67728157162574,6.63664320634716E-16,-0.735723910673132));
#7512=DIRECTION('ref_axis',(-0.735723910673132,6.10946045915732E-16,-0.67728157162574));
#7513=DIRECTION('',(-0.735723910673132,0.,-0.67728157162574));
#7514=DIRECTION('',(0.,1.,9.02056207507939E-16));
#7515=DIRECTION('center_axis',(0.,1.,9.02056207507939E-16));
#7516=DIRECTION('ref_axis',(0.735723910673129,-6.10946045915736E-16,0.677281571625744));
#7517=DIRECTION('center_axis',(0.,1.,0.));
#7518=DIRECTION('ref_axis',(0.735723910673129,-6.10946045915736E-16,0.677281571625744));
#7519=DIRECTION('center_axis',(0.,1.,9.02056207507939E-16));
#7520=DIRECTION('ref_axis',(1.,0.,0.));
#7521=DIRECTION('center_axis',(0.,-1.,0.));
#7522=DIRECTION('ref_axis',(1.,0.,0.));
#7523=DIRECTION('center_axis',(0.475947393037074,-7.93334756616106E-16,
0.879473751206489));
#7524=DIRECTION('ref_axis',(0.879473751206489,4.29331300336313E-16,-0.475947393037074));
#7525=DIRECTION('',(0.879473751206489,0.,-0.475947393037074));
#7526=DIRECTION('',(0.,1.,9.02056207507939E-16));
#7527=DIRECTION('',(0.,1.,9.02056207507939E-16));
#7528=DIRECTION('center_axis',(0.,1.,9.02056207507939E-16));
#7529=DIRECTION('ref_axis',(-0.879473751206491,-4.2933130033631E-16,0.475947393037071));
#7530=DIRECTION('center_axis',(0.,1.,0.));
#7531=DIRECTION('ref_axis',(-0.879473751206491,-4.2933130033631E-16,0.475947393037071));
#7532=DIRECTION('',(0.,1.,9.02056207507939E-16));
#7533=DIRECTION('center_axis',(-0.879473751206489,-4.29331300336313E-16,
0.475947393037074));
#7534=DIRECTION('ref_axis',(0.475947393037074,-7.93334756616106E-16,0.879473751206489));
#7535=DIRECTION('',(0.475947393037074,0.,0.879473751206489));
#7536=DIRECTION('',(0.,-1.,-9.02056207507939E-16));
#7537=DIRECTION('center_axis',(0.879473751206489,4.29331300336314E-16,-0.475947393037075));
#7538=DIRECTION('ref_axis',(-0.475947393037075,7.93334756616106E-16,-0.879473751206488));
#7539=DIRECTION('',(-0.475947393037075,0.,-0.879473751206488));
#7540=DIRECTION('',(0.,1.,9.02056207507939E-16));
#7541=DIRECTION('center_axis',(0.,1.,9.02056207507939E-16));
#7542=DIRECTION('ref_axis',(0.47594739303707,-7.93334756616108E-16,0.879473751206491));
#7543=DIRECTION('center_axis',(0.,1.,0.));
#7544=DIRECTION('ref_axis',(0.47594739303707,-7.93334756616108E-16,0.879473751206491));
#7545=DIRECTION('center_axis',(0.,1.,9.02056207507939E-16));
#7546=DIRECTION('ref_axis',(1.,0.,0.));
#7547=DIRECTION('center_axis',(0.,-1.,0.));
#7548=DIRECTION('ref_axis',(1.,0.,0.));
#7549=DIRECTION('center_axis',(-0.324699469204684,-8.53180314044094E-16,
0.945817241700635));
#7550=DIRECTION('ref_axis',(0.945817241700635,-2.92897171770618E-16,0.324699469204684));
#7551=DIRECTION('',(0.945817241700635,0.,0.324699469204684));
#7552=DIRECTION('',(0.,1.,9.02056207507939E-16));
#7553=DIRECTION('',(0.,1.,9.02056207507939E-16));
#7554=DIRECTION('center_axis',(0.,1.,9.02056207507939E-16));
#7555=DIRECTION('ref_axis',(-0.945817241700634,2.92897171770621E-16,-0.324699469204687));
#7556=DIRECTION('center_axis',(0.,1.,0.));
#7557=DIRECTION('ref_axis',(-0.945817241700634,2.92897171770621E-16,-0.324699469204687));
#7558=DIRECTION('',(0.,1.,9.02056207507939E-16));
#7559=DIRECTION('center_axis',(-0.945817241700635,2.92897171770618E-16,
-0.324699469204684));
#7560=DIRECTION('ref_axis',(-0.324699469204684,-8.53180314044094E-16,0.945817241700635));
#7561=DIRECTION('',(-0.324699469204684,0.,0.945817241700635));
#7562=DIRECTION('',(0.,-1.,-9.02056207507939E-16));
#7563=DIRECTION('center_axis',(0.945817241700635,-2.92897171770617E-16,
0.324699469204682));
#7564=DIRECTION('ref_axis',(0.324699469204682,8.53180314044095E-16,-0.945817241700635));
#7565=DIRECTION('',(0.324699469204682,0.,-0.945817241700635));
#7566=DIRECTION('',(0.,1.,9.02056207507939E-16));
#7567=DIRECTION('',(0.,1.,9.02056207507939E-16));
#7568=DIRECTION('center_axis',(0.,1.,9.02056207507939E-16));
#7569=DIRECTION('ref_axis',(-0.324699469204688,-8.53180314044093E-16,0.945817241700633));
#7570=DIRECTION('center_axis',(0.,1.,0.));
#7571=DIRECTION('ref_axis',(-0.324699469204688,-8.53180314044093E-16,0.945817241700633));
#7572=DIRECTION('center_axis',(0.,1.,9.02056207507939E-16));
#7573=DIRECTION('ref_axis',(1.,0.,0.));
#7574=DIRECTION('center_axis',(0.,-1.,0.));
#7575=DIRECTION('ref_axis',(1.,0.,0.));
#7576=DIRECTION('',(0.,1.,9.02056207507939E-16));
#7577=DIRECTION('center_axis',(-0.475947393037074,-7.93334756616106E-16,
0.879473751206489));
#7578=DIRECTION('ref_axis',(0.879473751206489,-4.29331300336314E-16,0.475947393037074));
#7579=DIRECTION('',(0.879473751206489,0.,0.475947393037074));
#7580=DIRECTION('',(0.,1.,9.02056207507939E-16));
#7581=DIRECTION('',(0.,1.,9.02056207507939E-16));
#7582=DIRECTION('center_axis',(0.,1.,9.02056207507939E-16));
#7583=DIRECTION('ref_axis',(-0.879473751206487,4.29331300336316E-16,-0.475947393037077));
#7584=DIRECTION('center_axis',(0.,1.,0.));
#7585=DIRECTION('ref_axis',(-0.879473751206487,4.29331300336316E-16,-0.475947393037077));
#7586=DIRECTION('',(0.,1.,9.02056207507939E-16));
#7587=DIRECTION('center_axis',(-0.879473751206489,4.29331300336314E-16,
-0.475947393037074));
#7588=DIRECTION('ref_axis',(-0.475947393037074,-7.93334756616106E-16,0.879473751206489));
#7589=DIRECTION('',(-0.475947393037074,0.,0.879473751206489));
#7590=DIRECTION('',(0.,-1.,-9.02056207507939E-16));
#7591=DIRECTION('center_axis',(0.879473751206489,-4.29331300336313E-16,
0.475947393037073));
#7592=DIRECTION('ref_axis',(0.475947393037073,7.93334756616107E-16,-0.87947375120649));
#7593=DIRECTION('',(0.475947393037073,0.,-0.87947375120649));
#7594=DIRECTION('',(0.,1.,9.02056207507939E-16));
#7595=DIRECTION('',(0.,1.,9.02056207507939E-16));
#7596=DIRECTION('center_axis',(0.,1.,9.02056207507939E-16));
#7597=DIRECTION('ref_axis',(-0.475947393037078,-7.93334756616104E-16,0.879473751206487));
#7598=DIRECTION('center_axis',(0.,1.,0.));
#7599=DIRECTION('ref_axis',(-0.475947393037078,-7.93334756616104E-16,0.879473751206487));
#7600=DIRECTION('center_axis',(0.,1.,9.02056207507939E-16));
#7601=DIRECTION('ref_axis',(1.,0.,0.));
#7602=DIRECTION('center_axis',(0.,-1.,0.));
#7603=DIRECTION('ref_axis',(1.,0.,0.));
#7604=DIRECTION('center_axis',(-0.164594590280735,-8.89753336580047E-16,
0.986361303402722));
#7605=DIRECTION('ref_axis',(0.986361303402722,-1.48473571884963E-16,0.164594590280735));
#7606=DIRECTION('',(0.986361303402722,0.,0.164594590280735));
#7607=DIRECTION('',(0.,1.,9.02056207507939E-16));
#7608=DIRECTION('',(0.,1.,9.02056207507939E-16));
#7609=DIRECTION('center_axis',(0.,1.,9.02056207507939E-16));
#7610=DIRECTION('ref_axis',(-0.986361303402722,1.48473571884966E-16,-0.164594590280738));
#7611=DIRECTION('center_axis',(0.,1.,0.));
#7612=DIRECTION('ref_axis',(-0.986361303402722,1.48473571884966E-16,-0.164594590280738));
#7613=DIRECTION('',(0.,1.,9.02056207507939E-16));
#7614=DIRECTION('center_axis',(-0.986361303402722,1.48473571884963E-16,
-0.164594590280735));
#7615=DIRECTION('ref_axis',(-0.164594590280735,-8.89753336580047E-16,0.986361303402722));
#7616=DIRECTION('',(-0.164594590280735,0.,0.986361303402722));
#7617=DIRECTION('',(0.,-1.,-9.02056207507939E-16));
#7618=DIRECTION('center_axis',(0.986361303402723,-1.48473571884961E-16,
0.164594590280733));
#7619=DIRECTION('ref_axis',(0.164594590280733,8.89753336580048E-16,-0.986361303402722));
#7620=DIRECTION('',(0.164594590280733,0.,-0.986361303402722));
#7621=DIRECTION('',(0.,1.,9.02056207507939E-16));
#7622=DIRECTION('center_axis',(0.,1.,9.02056207507939E-16));
#7623=DIRECTION('ref_axis',(-0.164594590280739,-8.89753336580047E-16,0.986361303402722));
#7624=DIRECTION('center_axis',(0.,1.,0.));
#7625=DIRECTION('ref_axis',(-0.164594590280739,-8.89753336580047E-16,0.986361303402722));
#7626=DIRECTION('center_axis',(0.,1.,9.02056207507939E-16));
#7627=DIRECTION('ref_axis',(1.,0.,0.));
#7628=DIRECTION('center_axis',(0.,-1.,0.));
#7629=DIRECTION('ref_axis',(1.,0.,0.));
#7630=DIRECTION('',(0.,1.,9.02056207507939E-16));
#7631=DIRECTION('center_axis',(-0.324699469204683,8.53180314044095E-16,
-0.945817241700635));
#7632=DIRECTION('ref_axis',(-0.945817241700635,-2.92897171770618E-16,0.324699469204683));
#7633=DIRECTION('',(-0.945817241700635,0.,0.324699469204683));
#7634=DIRECTION('',(0.,1.,9.02056207507939E-16));
#7635=DIRECTION('',(0.,1.,9.02056207507939E-16));
#7636=DIRECTION('center_axis',(0.,1.,9.02056207507939E-16));
#7637=DIRECTION('ref_axis',(0.945817241700636,2.92897171770615E-16,-0.32469946920468));
#7638=DIRECTION('center_axis',(0.,1.,0.));
#7639=DIRECTION('ref_axis',(0.945817241700636,2.92897171770615E-16,-0.32469946920468));
#7640=DIRECTION('',(0.,1.,9.02056207507939E-16));
#7641=DIRECTION('center_axis',(0.945817241700635,2.92897171770618E-16,-0.324699469204683));
#7642=DIRECTION('ref_axis',(-0.324699469204683,8.53180314044095E-16,-0.945817241700635));
#7643=DIRECTION('',(-0.324699469204683,0.,-0.945817241700635));
#7644=DIRECTION('',(0.,-1.,-9.02056207507939E-16));
#7645=DIRECTION('center_axis',(-0.945817241700634,-2.92897171770619E-16,
0.324699469204685));
#7646=DIRECTION('ref_axis',(0.324699469204685,-8.53180314044094E-16,0.945817241700634));
#7647=DIRECTION('',(0.324699469204685,0.,0.945817241700634));
#7648=DIRECTION('',(0.,1.,9.02056207507939E-16));
#7649=DIRECTION('',(0.,1.,9.02056207507939E-16));
#7650=DIRECTION('center_axis',(0.,1.,9.02056207507939E-16));
#7651=DIRECTION('ref_axis',(-0.324699469204679,8.53180314044096E-16,-0.945817241700636));
#7652=DIRECTION('center_axis',(0.,1.,0.));
#7653=DIRECTION('ref_axis',(-0.324699469204679,8.53180314044096E-16,-0.945817241700636));
#7654=DIRECTION('center_axis',(0.,1.,9.02056207507939E-16));
#7655=DIRECTION('ref_axis',(1.,0.,0.));
#7656=DIRECTION('center_axis',(0.,-1.,0.));
#7657=DIRECTION('ref_axis',(1.,0.,0.));
#7658=DIRECTION('',(0.,1.,9.02056207507939E-16));
#7659=DIRECTION('center_axis',(-0.475947393037073,7.93334756616106E-16,
-0.879473751206489));
#7660=DIRECTION('ref_axis',(-0.879473751206489,-4.29331300336313E-16,0.475947393037074));
#7661=DIRECTION('',(-0.879473751206489,0.,0.475947393037074));
#7662=DIRECTION('',(0.,1.,9.02056207507939E-16));
#7663=DIRECTION('',(0.,1.,9.02056207507939E-16));
#7664=DIRECTION('center_axis',(0.,1.,9.02056207507939E-16));
#7665=DIRECTION('ref_axis',(0.879473751206491,4.2933130033631E-16,-0.47594739303707));
#7666=DIRECTION('center_axis',(0.,1.,0.));
#7667=DIRECTION('ref_axis',(0.879473751206491,4.2933130033631E-16,-0.47594739303707));
#7668=DIRECTION('',(0.,1.,9.02056207507939E-16));
#7669=DIRECTION('center_axis',(0.879473751206489,4.29331300336313E-16,-0.475947393037073));
#7670=DIRECTION('ref_axis',(-0.475947393037074,7.93334756616106E-16,-0.879473751206489));
#7671=DIRECTION('',(-0.475947393037074,0.,-0.879473751206489));
#7672=DIRECTION('',(0.,-1.,-9.02056207507939E-16));
#7673=DIRECTION('center_axis',(-0.879473751206489,-4.29331300336314E-16,
0.475947393037075));
#7674=DIRECTION('ref_axis',(0.475947393037075,-7.93334756616106E-16,0.879473751206488));
#7675=DIRECTION('',(0.475947393037075,0.,0.879473751206488));
#7676=DIRECTION('',(0.,1.,9.02056207507939E-16));
#7677=DIRECTION('center_axis',(0.,1.,9.02056207507939E-16));
#7678=DIRECTION('ref_axis',(-0.47594739303707,7.93334756616108E-16,-0.879473751206491));
#7679=DIRECTION('center_axis',(0.,1.,0.));
#7680=DIRECTION('ref_axis',(-0.47594739303707,7.93334756616108E-16,-0.879473751206491));
#7681=DIRECTION('center_axis',(0.,1.,9.02056207507939E-16));
#7682=DIRECTION('ref_axis',(1.,0.,0.));
#7683=DIRECTION('center_axis',(0.,-1.,0.));
#7684=DIRECTION('ref_axis',(1.,0.,0.));
#7685=DIRECTION('',(0.,1.,9.02056207507939E-16));
#7686=DIRECTION('center_axis',(-0.735723910673131,6.10946045915733E-16,
-0.677281571625742));
#7687=DIRECTION('ref_axis',(-0.677281571625741,-6.63664320634715E-16,0.735723910673131));
#7688=DIRECTION('',(-0.677281571625741,0.,0.735723910673131));
#7689=DIRECTION('',(0.,1.,9.02056207507939E-16));
#7690=DIRECTION('',(0.,1.,9.02056207507939E-16));
#7691=DIRECTION('center_axis',(0.,1.,9.02056207507939E-16));
#7692=DIRECTION('ref_axis',(0.677281571625744,6.63664320634712E-16,-0.735723910673129));
#7693=DIRECTION('center_axis',(0.,1.,0.));
#7694=DIRECTION('ref_axis',(0.677281571625744,6.63664320634712E-16,-0.735723910673129));
#7695=DIRECTION('',(0.,1.,9.02056207507939E-16));
#7696=DIRECTION('center_axis',(0.677281571625742,6.63664320634715E-16,-0.735723910673131));
#7697=DIRECTION('ref_axis',(-0.735723910673131,6.10946045915733E-16,-0.677281571625741));
#7698=DIRECTION('',(-0.735723910673131,0.,-0.677281571625741));
#7699=DIRECTION('',(0.,-1.,-9.02056207507939E-16));
#7700=DIRECTION('center_axis',(-0.677281571625741,-6.63664320634716E-16,
0.735723910673132));
#7701=DIRECTION('ref_axis',(0.735723910673132,-6.10946045915732E-16,0.677281571625741));
#7702=DIRECTION('',(0.735723910673132,0.,0.677281571625741));
#7703=DIRECTION('',(0.,1.,9.02056207507939E-16));
#7704=DIRECTION('',(0.,1.,9.02056207507939E-16));
#7705=DIRECTION('center_axis',(0.,1.,9.02056207507939E-16));
#7706=DIRECTION('ref_axis',(-0.735723910673128,6.10946045915736E-16,-0.677281571625745));
#7707=DIRECTION('center_axis',(0.,1.,0.));
#7708=DIRECTION('ref_axis',(-0.735723910673128,6.10946045915736E-16,-0.677281571625745));
#7709=DIRECTION('center_axis',(0.,1.,9.02056207507939E-16));
#7710=DIRECTION('ref_axis',(1.,0.,0.));
#7711=DIRECTION('center_axis',(0.,-1.,0.));
#7712=DIRECTION('ref_axis',(1.,0.,0.));
#7713=DIRECTION('',(0.,1.,9.02056207507939E-16));
#7714=DIRECTION('center_axis',(-0.164594590280734,8.89753336580048E-16,
-0.986361303402722));
#7715=DIRECTION('ref_axis',(-0.986361303402722,-1.48473571884962E-16,0.164594590280734));
#7716=DIRECTION('',(-0.986361303402722,0.,0.164594590280734));
#7717=DIRECTION('',(0.,1.,9.02056207507939E-16));
#7718=DIRECTION('',(0.,1.,9.02056207507939E-16));
#7719=DIRECTION('center_axis',(0.,1.,9.02056207507939E-16));
#7720=DIRECTION('ref_axis',(0.986361303402723,1.48473571884959E-16,-0.16459459028073));
#7721=DIRECTION('center_axis',(0.,1.,0.));
#7722=DIRECTION('ref_axis',(0.986361303402723,1.48473571884959E-16,-0.16459459028073));
#7723=DIRECTION('',(0.,1.,9.02056207507939E-16));
#7724=DIRECTION('center_axis',(0.986361303402722,1.48473571884962E-16,-0.164594590280734));
#7725=DIRECTION('ref_axis',(-0.164594590280734,8.89753336580048E-16,-0.986361303402722));
#7726=DIRECTION('',(-0.164594590280734,0.,-0.986361303402722));
#7727=DIRECTION('',(0.,-1.,-9.02056207507939E-16));
#7728=DIRECTION('center_axis',(-0.986361303402722,-1.48473571884963E-16,
0.164594590280735));
#7729=DIRECTION('ref_axis',(0.164594590280735,-8.89753336580047E-16,0.986361303402722));
#7730=DIRECTION('',(0.164594590280735,0.,0.986361303402722));
#7731=DIRECTION('',(0.,1.,9.02056207507939E-16));
#7732=DIRECTION('',(0.,1.,9.02056207507939E-16));
#7733=DIRECTION('center_axis',(0.,1.,9.02056207507939E-16));
#7734=DIRECTION('ref_axis',(-0.164594590280729,8.89753336580048E-16,-0.986361303402723));
#7735=DIRECTION('center_axis',(0.,1.,0.));
#7736=DIRECTION('ref_axis',(-0.164594590280729,8.89753336580048E-16,-0.986361303402723));
#7737=DIRECTION('center_axis',(0.,1.,9.02056207507939E-16));
#7738=DIRECTION('ref_axis',(1.,0.,0.));
#7739=DIRECTION('center_axis',(0.,-1.,0.));
#7740=DIRECTION('ref_axis',(1.,0.,0.));
#7741=DIRECTION('center_axis',(1.22464679914735E-16,9.02056207507939E-16,
-1.));
#7742=DIRECTION('ref_axis',(-1.,1.1047002471756E-31,-1.22464679914735E-16));
#7743=DIRECTION('',(-1.,0.,-1.22464679914735E-16));
#7744=DIRECTION('',(0.,1.,9.02056207507939E-16));
#7745=DIRECTION('',(0.,1.,9.02056207507939E-16));
#7746=DIRECTION('center_axis',(0.,1.,9.02056207507939E-16));
#7747=DIRECTION('ref_axis',(1.,-3.19195793573715E-30,3.53853552491523E-15));
#7748=DIRECTION('center_axis',(0.,1.,0.));
#7749=DIRECTION('ref_axis',(1.,-3.19195793573715E-30,3.53853552491523E-15));
#7750=DIRECTION('',(0.,1.,9.02056207507939E-16));
#7751=DIRECTION('center_axis',(1.,-1.1047002471756E-31,1.22464679914735E-16));
#7752=DIRECTION('ref_axis',(1.22464679914735E-16,9.02056207507939E-16,-1.));
#7753=DIRECTION('',(1.22464679914735E-16,0.,-1.));
#7754=DIRECTION('',(0.,-1.,-9.02056207507939E-16));
#7755=DIRECTION('center_axis',(-1.,-1.14138443913414E-30,1.26531410086671E-15));
#7756=DIRECTION('ref_axis',(1.26531410086671E-15,-9.02056207507939E-16,
1.));
#7757=DIRECTION('',(1.26531410086671E-15,0.,1.));
#7758=DIRECTION('',(0.,1.,9.02056207507939E-16));
#7759=DIRECTION('',(0.,1.,9.02056207507939E-16));
#7760=DIRECTION('center_axis',(0.,1.,9.02056207507939E-16));
#7761=DIRECTION('ref_axis',(4.47261739659505E-15,9.02056207507939E-16,-1.));
#7762=DIRECTION('center_axis',(0.,1.,0.));
#7763=DIRECTION('ref_axis',(4.47261739659505E-15,9.02056207507939E-16,-1.));
#7764=DIRECTION('center_axis',(0.,1.,9.02056207507939E-16));
#7765=DIRECTION('ref_axis',(1.,0.,0.));
#7766=DIRECTION('center_axis',(0.,-1.,0.));
#7767=DIRECTION('ref_axis',(1.,0.,0.));
#7768=DIRECTION('center_axis',(-0.614212712689668,7.11849095096994E-16,
-0.789140509396394));
#7769=DIRECTION('ref_axis',(-0.789140509396394,-5.54054390212005E-16,0.614212712689668));
#7770=DIRECTION('',(-0.789140509396394,0.,0.614212712689668));
#7771=DIRECTION('',(0.,1.,9.02056207507939E-16));
#7772=DIRECTION('',(0.,1.,9.02056207507939E-16));
#7773=DIRECTION('center_axis',(0.,1.,9.02056207507939E-16));
#7774=DIRECTION('ref_axis',(0.789140509396396,5.54054390212003E-16,-0.614212712689665));
#7775=DIRECTION('center_axis',(0.,1.,0.));
#7776=DIRECTION('ref_axis',(0.789140509396396,5.54054390212003E-16,-0.614212712689665));
#7777=DIRECTION('',(0.,1.,9.02056207507939E-16));
#7778=DIRECTION('center_axis',(0.789140509396394,5.54054390212005E-16,-0.614212712689668));
#7779=DIRECTION('ref_axis',(-0.614212712689668,7.11849095096994E-16,-0.789140509396394));
#7780=DIRECTION('',(-0.614212712689668,0.,-0.789140509396394));
#7781=DIRECTION('',(0.,-1.,-9.02056207507939E-16));
#7782=DIRECTION('center_axis',(-0.789140509396393,-5.54054390212006E-16,
0.614212712689669));
#7783=DIRECTION('ref_axis',(0.614212712689669,-7.11849095096993E-16,0.789140509396393));
#7784=DIRECTION('',(0.614212712689669,0.,0.789140509396393));
#7785=DIRECTION('',(0.,1.,9.02056207507939E-16));
#7786=DIRECTION('center_axis',(0.,1.,9.02056207507939E-16));
#7787=DIRECTION('ref_axis',(-0.614212712689664,7.11849095096997E-16,-0.789140509396396));
#7788=DIRECTION('center_axis',(0.,1.,0.));
#7789=DIRECTION('ref_axis',(-0.614212712689664,7.11849095096997E-16,-0.789140509396396));
#7790=DIRECTION('center_axis',(0.,1.,9.02056207507939E-16));
#7791=DIRECTION('ref_axis',(1.,0.,0.));
#7792=DIRECTION('center_axis',(0.,-1.,0.));
#7793=DIRECTION('ref_axis',(1.,0.,0.));
#7794=DIRECTION('center_axis',(-0.837166478262529,4.93377981219369E-16,
-0.546948158122427));
#7795=DIRECTION('ref_axis',(-0.546948158122427,-7.55171218434274E-16,0.837166478262529));
#7796=DIRECTION('',(-0.546948158122427,0.,0.837166478262529));
#7797=DIRECTION('',(0.,1.,9.02056207507939E-16));
#7798=DIRECTION('',(0.,1.,9.02056207507939E-16));
#7799=DIRECTION('center_axis',(0.,1.,9.02056207507939E-16));
#7800=DIRECTION('ref_axis',(0.54694815812243,7.55171218434273E-16,-0.837166478262527));
#7801=DIRECTION('center_axis',(0.,1.,0.));
#7802=DIRECTION('ref_axis',(0.54694815812243,7.55171218434273E-16,-0.837166478262527));
#7803=DIRECTION('',(0.,1.,9.02056207507939E-16));
#7804=DIRECTION('center_axis',(0.546948158122427,7.55171218434274E-16,-0.837166478262529));
#7805=DIRECTION('ref_axis',(-0.837166478262529,4.93377981219369E-16,-0.546948158122427));
#7806=DIRECTION('',(-0.837166478262529,0.,-0.546948158122427));
#7807=DIRECTION('',(0.,-1.,-9.02056207507939E-16));
#7808=DIRECTION('center_axis',(-0.546948158122426,-7.55171218434275E-16,
0.837166478262529));
#7809=DIRECTION('ref_axis',(0.837166478262529,-4.93377981219368E-16,0.546948158122426));
#7810=DIRECTION('',(0.837166478262529,0.,0.546948158122426));
#7811=DIRECTION('',(0.,1.,9.02056207507939E-16));
#7812=DIRECTION('center_axis',(0.,1.,9.02056207507939E-16));
#7813=DIRECTION('ref_axis',(-0.837166478262526,4.93377981219372E-16,-0.546948158122431));
#7814=DIRECTION('center_axis',(0.,1.,0.));
#7815=DIRECTION('ref_axis',(-0.837166478262526,4.93377981219372E-16,-0.546948158122431));
#7816=DIRECTION('center_axis',(0.,1.,9.02056207507939E-16));
#7817=DIRECTION('ref_axis',(1.,0.,0.));
#7818=DIRECTION('center_axis',(0.,-1.,0.));
#7819=DIRECTION('ref_axis',(1.,0.,0.));
#7820=DIRECTION('',(0.,1.,9.02056207507939E-16));
#7821=DIRECTION('center_axis',(-0.915773326655057,3.62351851335749E-16,
-0.40169542465297));
#7822=DIRECTION('ref_axis',(-0.40169542465297,-8.2607901397939E-16,0.915773326655057));
#7823=DIRECTION('',(-0.40169542465297,0.,0.915773326655057));
#7824=DIRECTION('',(0.,1.,9.02056207507939E-16));
#7825=DIRECTION('',(0.,1.,9.02056207507939E-16));
#7826=DIRECTION('center_axis',(0.,1.,9.02056207507939E-16));
#7827=DIRECTION('ref_axis',(0.401695424652973,8.26079013979389E-16,-0.915773326655056));
#7828=DIRECTION('center_axis',(0.,1.,0.));
#7829=DIRECTION('ref_axis',(0.401695424652973,8.26079013979389E-16,-0.915773326655056));
#7830=DIRECTION('',(0.,1.,9.02056207507939E-16));
#7831=DIRECTION('center_axis',(0.40169542465297,8.2607901397939E-16,-0.915773326655057));
#7832=DIRECTION('ref_axis',(-0.915773326655057,3.62351851335749E-16,-0.40169542465297));
#7833=DIRECTION('',(-0.915773326655057,0.,-0.40169542465297));
#7834=DIRECTION('',(0.,-1.,-9.02056207507939E-16));
#7835=DIRECTION('center_axis',(-0.401695424652969,-8.26079013979391E-16,
0.915773326655058));
#7836=DIRECTION('ref_axis',(0.915773326655058,-3.62351851335748E-16,0.401695424652968));
#7837=DIRECTION('',(0.915773326655058,0.,0.401695424652968));
#7838=DIRECTION('',(0.,1.,9.02056207507939E-16));
#7839=DIRECTION('center_axis',(0.,1.,9.02056207507939E-16));
#7840=DIRECTION('ref_axis',(-0.915773326655056,3.62351851335753E-16,-0.401695424652974));
#7841=DIRECTION('center_axis',(0.,1.,0.));
#7842=DIRECTION('ref_axis',(-0.915773326655056,3.62351851335753E-16,-0.401695424652974));
#7843=DIRECTION('center_axis',(0.,1.,9.02056207507939E-16));
#7844=DIRECTION('ref_axis',(1.,0.,0.));
#7845=DIRECTION('center_axis',(0.,-1.,0.));
#7846=DIRECTION('ref_axis',(1.,0.,0.));
#7847=DIRECTION('',(0.,1.,9.02056207507939E-16));
#7848=DIRECTION('center_axis',(-0.837166478262529,-4.93377981219369E-16,
0.546948158122427));
#7849=DIRECTION('ref_axis',(0.546948158122427,-7.55171218434274E-16,0.837166478262529));
#7850=DIRECTION('',(0.546948158122427,0.,0.837166478262529));
#7851=DIRECTION('',(0.,1.,9.02056207507939E-16));
#7852=DIRECTION('',(0.,1.,9.02056207507939E-16));
#7853=DIRECTION('center_axis',(0.,1.,9.02056207507939E-16));
#7854=DIRECTION('ref_axis',(-0.546948158122424,7.55171218434276E-16,-0.837166478262531));
#7855=DIRECTION('center_axis',(0.,1.,0.));
#7856=DIRECTION('ref_axis',(-0.546948158122424,7.55171218434276E-16,-0.837166478262531));
#7857=DIRECTION('',(0.,1.,9.02056207507939E-16));
#7858=DIRECTION('center_axis',(-0.546948158122427,7.55171218434274E-16,
-0.837166478262529));
#7859=DIRECTION('ref_axis',(-0.837166478262529,-4.93377981219369E-16,0.546948158122427));
#7860=DIRECTION('',(-0.837166478262529,0.,0.546948158122427));
#7861=DIRECTION('',(0.,-1.,-9.02056207507939E-16));
#7862=DIRECTION('center_axis',(0.546948158122428,-7.55171218434274E-16,
0.837166478262528));
#7863=DIRECTION('ref_axis',(0.837166478262528,4.9337798121937E-16,-0.546948158122428));
#7864=DIRECTION('',(0.837166478262528,0.,-0.546948158122428));
#7865=DIRECTION('',(0.,1.,9.02056207507939E-16));
#7866=DIRECTION('',(0.,1.,9.02056207507939E-16));
#7867=DIRECTION('center_axis',(0.,1.,9.02056207507939E-16));
#7868=DIRECTION('ref_axis',(-0.837166478262531,-4.93377981219366E-16,0.546948158122423));
#7869=DIRECTION('center_axis',(0.,1.,0.));
#7870=DIRECTION('ref_axis',(-0.837166478262531,-4.93377981219366E-16,0.546948158122423));
#7871=DIRECTION('center_axis',(0.,1.,9.02056207507939E-16));
#7872=DIRECTION('ref_axis',(1.,0.,0.));
#7873=DIRECTION('center_axis',(0.,-1.,0.));
#7874=DIRECTION('ref_axis',(1.,0.,0.));
#7875=DIRECTION('',(0.,1.,9.02056207507939E-16));
#7876=DIRECTION('center_axis',(-0.915773326655057,-3.62351851335749E-16,
0.40169542465297));
#7877=DIRECTION('ref_axis',(0.40169542465297,-8.2607901397939E-16,0.915773326655057));
#7878=DIRECTION('',(0.40169542465297,0.,0.915773326655057));
#7879=DIRECTION('',(0.,1.,9.02056207507939E-16));
#7880=DIRECTION('',(0.,1.,9.02056207507939E-16));
#7881=DIRECTION('center_axis',(0.,1.,9.02056207507939E-16));
#7882=DIRECTION('ref_axis',(-0.401695424652966,8.26079013979392E-16,-0.915773326655059));
#7883=DIRECTION('center_axis',(0.,1.,0.));
#7884=DIRECTION('ref_axis',(-0.401695424652966,8.26079013979392E-16,-0.915773326655059));
#7885=DIRECTION('',(0.,1.,9.02056207507939E-16));
#7886=DIRECTION('center_axis',(-0.40169542465297,8.2607901397939E-16,-0.915773326655057));
#7887=DIRECTION('ref_axis',(-0.915773326655057,-3.62351851335749E-16,0.40169542465297));
#7888=DIRECTION('',(-0.915773326655057,0.,0.40169542465297));
#7889=DIRECTION('',(0.,-1.,-9.02056207507939E-16));
#7890=DIRECTION('center_axis',(0.401695424652971,-8.2607901397939E-16,0.915773326655057));
#7891=DIRECTION('ref_axis',(0.915773326655057,3.6235185133575E-16,-0.401695424652971));
#7892=DIRECTION('',(0.915773326655057,0.,-0.401695424652971));
#7893=DIRECTION('',(0.,1.,9.02056207507939E-16));
#7894=DIRECTION('',(0.,1.,9.02056207507939E-16));
#7895=DIRECTION('center_axis',(0.,1.,9.02056207507939E-16));
#7896=DIRECTION('ref_axis',(-0.915773326655059,-3.62351851335745E-16,0.401695424652966));
#7897=DIRECTION('center_axis',(0.,1.,0.));
#7898=DIRECTION('ref_axis',(-0.915773326655059,-3.62351851335745E-16,0.401695424652966));
#7899=DIRECTION('center_axis',(0.,1.,9.02056207507939E-16));
#7900=DIRECTION('ref_axis',(1.,0.,0.));
#7901=DIRECTION('center_axis',(0.,-1.,0.));
#7902=DIRECTION('ref_axis',(1.,0.,0.));
#7903=DIRECTION('center_axis',(-0.96940026593933,2.21441707528468E-16,-0.245485487140799));
#7904=DIRECTION('ref_axis',(-0.245485487140799,-8.7445352745042E-16,0.96940026593933));
#7905=DIRECTION('',(-0.245485487140799,0.,0.96940026593933));
#7906=DIRECTION('',(0.,1.,9.02056207507939E-16));
#7907=DIRECTION('',(0.,1.,9.02056207507939E-16));
#7908=DIRECTION('center_axis',(0.,1.,9.02056207507939E-16));
#7909=DIRECTION('ref_axis',(0.245485487140802,8.74453527450419E-16,-0.96940026593933));
#7910=DIRECTION('center_axis',(0.,1.,0.));
#7911=DIRECTION('ref_axis',(0.245485487140802,8.74453527450419E-16,-0.96940026593933));
#7912=DIRECTION('',(0.,1.,9.02056207507939E-16));
#7913=DIRECTION('center_axis',(0.245485487140799,8.7445352745042E-16,-0.96940026593933));
#7914=DIRECTION('ref_axis',(-0.96940026593933,2.21441707528468E-16,-0.245485487140799));
#7915=DIRECTION('',(-0.96940026593933,0.,-0.245485487140799));
#7916=DIRECTION('',(0.,-1.,-9.02056207507939E-16));
#7917=DIRECTION('center_axis',(-0.245485487140798,-8.74453527450421E-16,
0.969400265939331));
#7918=DIRECTION('ref_axis',(0.969400265939331,-2.21441707528467E-16,0.245485487140798));
#7919=DIRECTION('',(0.969400265939331,0.,0.245485487140798));
#7920=DIRECTION('',(0.,1.,9.02056207507939E-16));
#7921=DIRECTION('center_axis',(0.,1.,9.02056207507939E-16));
#7922=DIRECTION('ref_axis',(-0.969400265939329,2.21441707528472E-16,-0.245485487140803));
#7923=DIRECTION('center_axis',(0.,1.,0.));
#7924=DIRECTION('ref_axis',(-0.969400265939329,2.21441707528472E-16,-0.245485487140803));
#7925=DIRECTION('center_axis',(0.,1.,9.02056207507939E-16));
#7926=DIRECTION('ref_axis',(1.,0.,0.));
#7927=DIRECTION('center_axis',(0.,-1.,0.));
#7928=DIRECTION('ref_axis',(1.,0.,0.));
#7929=DIRECTION('',(0.,1.,9.02056207507939E-16));
#7930=DIRECTION('center_axis',(-0.96940026593933,-2.21441707528468E-16,
0.245485487140799));
#7931=DIRECTION('ref_axis',(0.245485487140799,-8.7445352745042E-16,0.969400265939331));
#7932=DIRECTION('',(0.245485487140799,0.,0.969400265939331));
#7933=DIRECTION('',(0.,1.,9.02056207507939E-16));
#7934=DIRECTION('',(0.,1.,9.02056207507939E-16));
#7935=DIRECTION('center_axis',(0.,1.,9.02056207507939E-16));
#7936=DIRECTION('ref_axis',(-0.245485487140795,8.74453527450421E-16,-0.969400265939331));
#7937=DIRECTION('center_axis',(0.,1.,0.));
#7938=DIRECTION('ref_axis',(-0.245485487140795,8.74453527450421E-16,-0.969400265939331));
#7939=DIRECTION('',(0.,1.,9.02056207507939E-16));
#7940=DIRECTION('center_axis',(-0.245485487140799,8.7445352745042E-16,-0.96940026593933));
#7941=DIRECTION('ref_axis',(-0.969400265939331,-2.21441707528468E-16,0.245485487140799));
#7942=DIRECTION('',(-0.969400265939331,0.,0.245485487140799));
#7943=DIRECTION('',(0.,-1.,-9.02056207507939E-16));
#7944=DIRECTION('center_axis',(0.2454854871408,-8.7445352745042E-16,0.96940026593933));
#7945=DIRECTION('ref_axis',(0.96940026593933,2.21441707528469E-16,-0.2454854871408));
#7946=DIRECTION('',(0.96940026593933,0.,-0.2454854871408));
#7947=DIRECTION('',(0.,1.,9.02056207507939E-16));
#7948=DIRECTION('',(0.,1.,9.02056207507939E-16));
#7949=DIRECTION('center_axis',(0.,1.,9.02056207507939E-16));
#7950=DIRECTION('ref_axis',(-0.969400265939331,-2.21441707528464E-16,0.245485487140795));
#7951=DIRECTION('center_axis',(0.,1.,0.));
#7952=DIRECTION('ref_axis',(-0.969400265939331,-2.21441707528464E-16,0.245485487140795));
#7953=DIRECTION('center_axis',(0.,1.,9.02056207507939E-16));
#7954=DIRECTION('ref_axis',(1.,0.,0.));
#7955=DIRECTION('center_axis',(0.,-1.,0.));
#7956=DIRECTION('ref_axis',(1.,0.,0.));
#7957=DIRECTION('center_axis',(-0.614212712689668,-7.11849095096994E-16,
0.789140509396393));
#7958=DIRECTION('ref_axis',(0.789140509396393,-5.54054390212006E-16,0.614212712689668));
#7959=DIRECTION('',(0.789140509396393,0.,0.614212712689668));
#7960=DIRECTION('',(0.,1.,9.02056207507939E-16));
#7961=DIRECTION('',(0.,1.,9.02056207507939E-16));
#7962=DIRECTION('center_axis',(0.,1.,9.02056207507939E-16));
#7963=DIRECTION('ref_axis',(-0.789140509396391,5.54054390212008E-16,-0.614212712689671));
#7964=DIRECTION('center_axis',(0.,1.,0.));
#7965=DIRECTION('ref_axis',(-0.789140509396391,5.54054390212008E-16,-0.614212712689671));
#7966=DIRECTION('',(0.,1.,9.02056207507939E-16));
#7967=DIRECTION('center_axis',(-0.789140509396393,5.54054390212006E-16,
-0.614212712689668));
#7968=DIRECTION('ref_axis',(-0.614212712689668,-7.11849095096994E-16,0.789140509396393));
#7969=DIRECTION('',(-0.614212712689668,0.,0.789140509396393));
#7970=DIRECTION('',(0.,-1.,-9.02056207507939E-16));
#7971=DIRECTION('center_axis',(0.789140509396394,-5.54054390212005E-16,
0.614212712689667));
#7972=DIRECTION('ref_axis',(0.614212712689667,7.11849095096995E-16,-0.789140509396394));
#7973=DIRECTION('',(0.614212712689667,0.,-0.789140509396394));
#7974=DIRECTION('',(0.,1.,9.02056207507939E-16));
#7975=DIRECTION('',(0.,1.,9.02056207507939E-16));
#7976=DIRECTION('center_axis',(0.,1.,9.02056207507939E-16));
#7977=DIRECTION('ref_axis',(-0.614212712689671,-7.11849095096992E-16,0.789140509396391));
#7978=DIRECTION('center_axis',(0.,1.,0.));
#7979=DIRECTION('ref_axis',(-0.614212712689671,-7.11849095096992E-16,0.789140509396391));
#7980=DIRECTION('center_axis',(0.,1.,9.02056207507939E-16));
#7981=DIRECTION('ref_axis',(1.,0.,0.));
#7982=DIRECTION('center_axis',(0.,-1.,0.));
#7983=DIRECTION('ref_axis',(1.,0.,0.));
#7984=DIRECTION('center_axis',(-0.735723910673132,-6.10946045915732E-16,
0.677281571625741));
#7985=DIRECTION('ref_axis',(0.677281571625741,-6.63664320634715E-16,0.735723910673132));
#7986=DIRECTION('',(0.677281571625741,0.,0.735723910673132));
#7987=DIRECTION('',(0.,1.,9.02056207507939E-16));
#7988=DIRECTION('',(0.,1.,9.02056207507939E-16));
#7989=DIRECTION('center_axis',(0.,1.,9.02056207507939E-16));
#7990=DIRECTION('ref_axis',(-0.677281571625738,6.63664320634718E-16,-0.735723910673134));
#7991=DIRECTION('center_axis',(0.,1.,0.));
#7992=DIRECTION('ref_axis',(-0.677281571625738,6.63664320634718E-16,-0.735723910673134));
#7993=DIRECTION('',(0.,1.,9.02056207507939E-16));
#7994=DIRECTION('center_axis',(-0.677281571625741,6.63664320634715E-16,
-0.735723910673132));
#7995=DIRECTION('ref_axis',(-0.735723910673132,-6.10946045915732E-16,0.677281571625741));
#7996=DIRECTION('',(-0.735723910673132,0.,0.677281571625741));
#7997=DIRECTION('',(0.,-1.,-9.02056207507939E-16));
#7998=DIRECTION('center_axis',(0.677281571625742,-6.63664320634715E-16,
0.735723910673131));
#7999=DIRECTION('ref_axis',(0.735723910673131,6.10946045915733E-16,-0.677281571625742));
#8000=DIRECTION('',(0.735723910673131,0.,-0.677281571625742));
#8001=DIRECTION('',(0.,1.,9.02056207507939E-16));
#8002=DIRECTION('center_axis',(0.,1.,9.02056207507939E-16));
#8003=DIRECTION('ref_axis',(-0.735723910673135,-6.10946045915729E-16,0.677281571625737));
#8004=DIRECTION('center_axis',(0.,1.,0.));
#8005=DIRECTION('ref_axis',(-0.735723910673135,-6.10946045915729E-16,0.677281571625737));
#8006=DIRECTION('center_axis',(0.,1.,9.02056207507939E-16));
#8007=DIRECTION('ref_axis',(1.,0.,0.));
#8008=DIRECTION('center_axis',(0.,-1.,0.));
#8009=DIRECTION('ref_axis',(1.,0.,0.));
#8010=DIRECTION('center_axis',(-0.99658449300667,-7.449121119526E-17,0.0825793454723324));
#8011=DIRECTION('ref_axis',(0.0825793454723324,-8.98975228222819E-16,0.99658449300667));
#8012=DIRECTION('',(0.0825793454723324,0.,0.99658449300667));
#8013=DIRECTION('',(0.,1.,9.02056207507939E-16));
#8014=DIRECTION('',(0.,1.,9.02056207507939E-16));
#8015=DIRECTION('center_axis',(0.,1.,9.02056207507939E-16));
#8016=DIRECTION('ref_axis',(-0.082579345472329,8.98975228222819E-16,-0.99658449300667));
#8017=DIRECTION('center_axis',(0.,1.,0.));
#8018=DIRECTION('ref_axis',(-0.082579345472329,8.98975228222819E-16,-0.99658449300667));
#8019=DIRECTION('',(0.,1.,9.02056207507939E-16));
#8020=DIRECTION('center_axis',(-0.0825793454723324,8.98975228222819E-16,
-0.99658449300667));
#8021=DIRECTION('ref_axis',(-0.99658449300667,-7.449121119526E-17,0.0825793454723324));
#8022=DIRECTION('',(-0.99658449300667,0.,0.0825793454723324));
#8023=DIRECTION('',(0.,-1.,-9.02056207507939E-16));
#8024=DIRECTION('center_axis',(0.0825793454723338,-8.98975228222819E-16,
0.99658449300667));
#8025=DIRECTION('ref_axis',(0.99658449300667,7.44912111952613E-17,-0.0825793454723338));
#8026=DIRECTION('',(0.99658449300667,0.,-0.0825793454723338));
#8027=DIRECTION('',(0.,1.,9.02056207507939E-16));
#8028=DIRECTION('',(0.,1.,9.02056207507939E-16));
#8029=DIRECTION('center_axis',(0.,1.,9.02056207507939E-16));
#8030=DIRECTION('ref_axis',(-0.99658449300667,-7.44912111952562E-17,0.082579345472328));
#8031=DIRECTION('center_axis',(0.,1.,0.));
#8032=DIRECTION('ref_axis',(-0.99658449300667,-7.44912111952562E-17,0.082579345472328));
#8033=DIRECTION('center_axis',(0.,1.,9.02056207507939E-16));
#8034=DIRECTION('ref_axis',(1.,0.,0.));
#8035=DIRECTION('center_axis',(0.,-1.,0.));
#8036=DIRECTION('ref_axis',(1.,0.,0.));
#8037=DIRECTION('center_axis',(-0.99658449300667,7.44912111952604E-17,-0.0825793454723327));
#8038=DIRECTION('ref_axis',(-0.0825793454723327,-8.98975228222819E-16,0.99658449300667));
#8039=DIRECTION('',(-0.0825793454723327,0.,0.99658449300667));
#8040=DIRECTION('',(0.,1.,9.02056207507939E-16));
#8041=DIRECTION('',(0.,1.,9.02056207507939E-16));
#8042=DIRECTION('center_axis',(0.,1.,9.02056207507939E-16));
#8043=DIRECTION('ref_axis',(0.0825793454723362,8.98975228222819E-16,-0.99658449300667));
#8044=DIRECTION('center_axis',(0.,1.,0.));
#8045=DIRECTION('ref_axis',(0.0825793454723362,8.98975228222819E-16,-0.99658449300667));
#8046=DIRECTION('',(0.,1.,9.02056207507939E-16));
#8047=DIRECTION('center_axis',(0.0825793454723327,8.98975228222819E-16,
-0.99658449300667));
#8048=DIRECTION('ref_axis',(-0.99658449300667,7.44912111952604E-17,-0.0825793454723327));
#8049=DIRECTION('',(-0.99658449300667,0.,-0.0825793454723327));
#8050=DIRECTION('',(0.,-1.,-9.02056207507939E-16));
#8051=DIRECTION('center_axis',(-0.0825793454723314,-8.98975228222819E-16,
0.99658449300667));
#8052=DIRECTION('ref_axis',(0.99658449300667,-7.44912111952591E-17,0.0825793454723314));
#8053=DIRECTION('',(0.99658449300667,0.,0.0825793454723314));
#8054=DIRECTION('',(0.,1.,9.02056207507939E-16));
#8055=DIRECTION('center_axis',(0.,1.,9.02056207507939E-16));
#8056=DIRECTION('ref_axis',(-0.99658449300667,7.44912111952643E-17,-0.0825793454723371));
#8057=DIRECTION('center_axis',(0.,1.,0.));
#8058=DIRECTION('ref_axis',(-0.99658449300667,7.44912111952643E-17,-0.0825793454723371));
#8059=DIRECTION('center_axis',(0.,1.,9.02056207507939E-16));
#8060=DIRECTION('ref_axis',(1.,0.,0.));
#8061=DIRECTION('center_axis',(0.,-1.,0.));
#8062=DIRECTION('ref_axis',(1.,0.,0.));
#8063=DIRECTION('center_axis',(0.475947393037074,7.93334756616106E-16,-0.879473751206489));
#8064=DIRECTION('ref_axis',(-0.879473751206489,4.29331300336313E-16,-0.475947393037074));
#8065=DIRECTION('',(-0.879473751206489,0.,-0.475947393037074));
#8066=DIRECTION('',(0.,1.,9.02056207507939E-16));
#8067=DIRECTION('',(0.,1.,9.02056207507939E-16));
#8068=DIRECTION('center_axis',(0.,1.,9.02056207507939E-16));
#8069=DIRECTION('ref_axis',(0.879473751206487,-4.29331300336316E-16,0.475947393037077));
#8070=DIRECTION('center_axis',(0.,1.,0.));
#8071=DIRECTION('ref_axis',(0.879473751206487,-4.29331300336316E-16,0.475947393037077));
#8072=DIRECTION('',(0.,1.,9.02056207507939E-16));
#8073=DIRECTION('center_axis',(0.879473751206489,-4.29331300336313E-16,
0.475947393037074));
#8074=DIRECTION('ref_axis',(0.475947393037074,7.93334756616106E-16,-0.879473751206489));
#8075=DIRECTION('',(0.475947393037074,0.,-0.879473751206489));
#8076=DIRECTION('',(0.,-1.,-9.02056207507939E-16));
#8077=DIRECTION('center_axis',(-0.87947375120649,4.29331300336312E-16,-0.475947393037073));
#8078=DIRECTION('ref_axis',(-0.475947393037073,-7.93334756616107E-16,0.87947375120649));
#8079=DIRECTION('',(-0.475947393037073,0.,0.87947375120649));
#8080=DIRECTION('',(0.,1.,9.02056207507939E-16));
#8081=DIRECTION('',(0.,1.,9.02056207507939E-16));
#8082=DIRECTION('center_axis',(0.,1.,9.02056207507939E-16));
#8083=DIRECTION('ref_axis',(0.475947393037077,7.93334756616105E-16,-0.879473751206487));
#8084=DIRECTION('center_axis',(0.,1.,0.));
#8085=DIRECTION('ref_axis',(0.475947393037077,7.93334756616105E-16,-0.879473751206487));
#8086=DIRECTION('center_axis',(0.,1.,9.02056207507939E-16));
#8087=DIRECTION('ref_axis',(1.,0.,0.));
#8088=DIRECTION('center_axis',(0.,-1.,0.));
#8089=DIRECTION('ref_axis',(1.,0.,0.));
#8090=DIRECTION('',(0.,1.,9.02056207507939E-16));
#8091=DIRECTION('center_axis',(0.614212712689668,7.11849095096994E-16,-0.789140509396393));
#8092=DIRECTION('ref_axis',(-0.789140509396393,5.54054390212005E-16,-0.614212712689668));
#8093=DIRECTION('',(-0.789140509396393,0.,-0.614212712689668));
#8094=DIRECTION('',(0.,1.,9.02056207507939E-16));
#8095=DIRECTION('',(0.,1.,9.02056207507939E-16));
#8096=DIRECTION('center_axis',(0.,1.,9.02056207507939E-16));
#8097=DIRECTION('ref_axis',(0.789140509396391,-5.54054390212008E-16,0.61421271268967));
#8098=DIRECTION('center_axis',(0.,1.,0.));
#8099=DIRECTION('ref_axis',(0.789140509396391,-5.54054390212008E-16,0.61421271268967));
#8100=DIRECTION('',(0.,1.,9.02056207507939E-16));
#8101=DIRECTION('center_axis',(0.789140509396393,-5.54054390212005E-16,
0.614212712689668));
#8102=DIRECTION('ref_axis',(0.614212712689668,7.11849095096994E-16,-0.789140509396393));
#8103=DIRECTION('',(0.614212712689668,0.,-0.789140509396393));
#8104=DIRECTION('',(0.,-1.,-9.02056207507939E-16));
#8105=DIRECTION('center_axis',(-0.789140509396394,5.54054390212004E-16,
-0.614212712689667));
#8106=DIRECTION('ref_axis',(-0.614212712689667,-7.11849095096995E-16,0.789140509396394));
#8107=DIRECTION('',(-0.614212712689667,0.,0.789140509396394));
#8108=DIRECTION('',(0.,1.,9.02056207507939E-16));
#8109=DIRECTION('',(0.,1.,9.02056207507939E-16));
#8110=DIRECTION('center_axis',(0.,1.,9.02056207507939E-16));
#8111=DIRECTION('ref_axis',(0.614212712689671,7.11849095096992E-16,-0.789140509396391));
#8112=DIRECTION('center_axis',(0.,1.,0.));
#8113=DIRECTION('ref_axis',(0.614212712689671,7.11849095096992E-16,-0.789140509396391));
#8114=DIRECTION('center_axis',(0.,1.,9.02056207507939E-16));
#8115=DIRECTION('ref_axis',(1.,0.,0.));
#8116=DIRECTION('center_axis',(0.,-1.,0.));
#8117=DIRECTION('ref_axis',(1.,0.,0.));
#8118=DIRECTION('center_axis',(0.735723910673132,6.10946045915733E-16,-0.677281571625741));
#8119=DIRECTION('ref_axis',(-0.677281571625741,6.63664320634715E-16,-0.735723910673132));
#8120=DIRECTION('',(-0.677281571625741,0.,-0.735723910673132));
#8121=DIRECTION('',(0.,1.,9.02056207507939E-16));
#8122=DIRECTION('',(0.,1.,9.02056207507939E-16));
#8123=DIRECTION('center_axis',(0.,1.,9.02056207507939E-16));
#8124=DIRECTION('ref_axis',(0.677281571625738,-6.63664320634717E-16,0.735723910673134));
#8125=DIRECTION('center_axis',(0.,1.,0.));
#8126=DIRECTION('ref_axis',(0.677281571625738,-6.63664320634717E-16,0.735723910673134));
#8127=DIRECTION('',(0.,1.,9.02056207507939E-16));
#8128=DIRECTION('center_axis',(0.677281571625741,-6.63664320634715E-16,
0.735723910673132));
#8129=DIRECTION('ref_axis',(0.735723910673132,6.10946045915733E-16,-0.677281571625741));
#8130=DIRECTION('',(0.735723910673132,0.,-0.677281571625741));
#8131=DIRECTION('',(0.,-1.,-9.02056207507939E-16));
#8132=DIRECTION('center_axis',(-0.677281571625742,6.63664320634714E-16,
-0.735723910673131));
#8133=DIRECTION('ref_axis',(-0.735723910673131,-6.10946045915733E-16,0.677281571625742));
#8134=DIRECTION('',(-0.735723910673131,0.,0.677281571625742));
#8135=DIRECTION('',(0.,1.,9.02056207507939E-16));
#8136=DIRECTION('',(0.,1.,9.02056207507939E-16));
#8137=DIRECTION('center_axis',(0.,1.,9.02056207507939E-16));
#8138=DIRECTION('ref_axis',(0.735723910673135,6.1094604591573E-16,-0.677281571625738));
#8139=DIRECTION('center_axis',(0.,1.,0.));
#8140=DIRECTION('ref_axis',(0.735723910673135,6.1094604591573E-16,-0.677281571625738));
#8141=DIRECTION('center_axis',(0.,1.,9.02056207507939E-16));
#8142=DIRECTION('ref_axis',(1.,0.,0.));
#8143=DIRECTION('center_axis',(0.,-1.,0.));
#8144=DIRECTION('ref_axis',(1.,0.,0.));
#8145=DIRECTION('center_axis',(0.837166478262529,4.93377981219369E-16,-0.546948158122427));
#8146=DIRECTION('ref_axis',(-0.546948158122427,7.55171218434274E-16,-0.837166478262529));
#8147=DIRECTION('',(-0.546948158122427,0.,-0.837166478262529));
#8148=DIRECTION('',(0.,1.,9.02056207507939E-16));
#8149=DIRECTION('',(0.,1.,9.02056207507939E-16));
#8150=DIRECTION('center_axis',(0.,1.,9.02056207507939E-16));
#8151=DIRECTION('ref_axis',(0.546948158122424,-7.55171218434276E-16,0.837166478262531));
#8152=DIRECTION('center_axis',(0.,1.,0.));
#8153=DIRECTION('ref_axis',(0.546948158122424,-7.55171218434276E-16,0.837166478262531));
#8154=DIRECTION('',(0.,1.,9.02056207507939E-16));
#8155=DIRECTION('center_axis',(0.546948158122427,-7.55171218434274E-16,
0.837166478262529));
#8156=DIRECTION('ref_axis',(0.837166478262529,4.93377981219369E-16,-0.546948158122427));
#8157=DIRECTION('',(0.837166478262529,0.,-0.546948158122427));
#8158=DIRECTION('',(0.,-1.,-9.02056207507939E-16));
#8159=DIRECTION('center_axis',(-0.546948158122428,7.55171218434274E-16,
-0.837166478262528));
#8160=DIRECTION('ref_axis',(-0.837166478262528,-4.9337798121937E-16,0.546948158122428));
#8161=DIRECTION('',(-0.837166478262528,0.,0.546948158122428));
#8162=DIRECTION('',(0.,1.,9.02056207507939E-16));
#8163=DIRECTION('',(0.,1.,9.02056207507939E-16));
#8164=DIRECTION('center_axis',(0.,1.,9.02056207507939E-16));
#8165=DIRECTION('ref_axis',(0.837166478262531,4.93377981219366E-16,-0.546948158122423));
#8166=DIRECTION('center_axis',(0.,1.,0.));
#8167=DIRECTION('ref_axis',(0.837166478262531,4.93377981219366E-16,-0.546948158122423));
#8168=DIRECTION('center_axis',(0.,1.,9.02056207507939E-16));
#8169=DIRECTION('ref_axis',(1.,0.,0.));
#8170=DIRECTION('center_axis',(0.,-1.,0.));
#8171=DIRECTION('ref_axis',(1.,0.,0.));
#8172=DIRECTION('center_axis',(0.915773326655058,3.62351851335749E-16,-0.401695424652969));
#8173=DIRECTION('ref_axis',(-0.401695424652969,8.2607901397939E-16,-0.915773326655058));
#8174=DIRECTION('',(-0.401695424652969,0.,-0.915773326655058));
#8175=DIRECTION('',(0.,1.,9.02056207507939E-16));
#8176=DIRECTION('',(0.,1.,9.02056207507939E-16));
#8177=DIRECTION('center_axis',(0.,1.,9.02056207507939E-16));
#8178=DIRECTION('ref_axis',(0.401695424652966,-8.26079013979392E-16,0.915773326655059));
#8179=DIRECTION('center_axis',(0.,1.,0.));
#8180=DIRECTION('ref_axis',(0.401695424652966,-8.26079013979392E-16,0.915773326655059));
#8181=DIRECTION('',(0.,1.,9.02056207507939E-16));
#8182=DIRECTION('center_axis',(0.401695424652969,-8.2607901397939E-16,0.915773326655058));
#8183=DIRECTION('ref_axis',(0.915773326655058,3.62351851335749E-16,-0.401695424652969));
#8184=DIRECTION('',(0.915773326655058,0.,-0.401695424652969));
#8185=DIRECTION('',(0.,-1.,-9.02056207507939E-16));
#8186=DIRECTION('center_axis',(-0.401695424652971,8.2607901397939E-16,-0.915773326655057));
#8187=DIRECTION('ref_axis',(-0.915773326655057,-3.6235185133575E-16,0.401695424652971));
#8188=DIRECTION('',(-0.915773326655057,0.,0.401695424652971));
#8189=DIRECTION('',(0.,1.,9.02056207507939E-16));
#8190=DIRECTION('',(0.,1.,9.02056207507939E-16));
#8191=DIRECTION('center_axis',(0.,1.,9.02056207507939E-16));
#8192=DIRECTION('ref_axis',(0.915773326655059,3.62351851335745E-16,-0.401695424652965));
#8193=DIRECTION('center_axis',(0.,1.,0.));
#8194=DIRECTION('ref_axis',(0.915773326655059,3.62351851335745E-16,-0.401695424652965));
#8195=DIRECTION('center_axis',(0.,1.,9.02056207507939E-16));
#8196=DIRECTION('ref_axis',(1.,0.,0.));
#8197=DIRECTION('center_axis',(0.,-1.,0.));
#8198=DIRECTION('ref_axis',(1.,0.,0.));
#8199=DIRECTION('center_axis',(0.96940026593933,2.21441707528468E-16,-0.245485487140799));
#8200=DIRECTION('ref_axis',(-0.245485487140799,8.7445352745042E-16,-0.96940026593933));
#8201=DIRECTION('',(-0.245485487140799,0.,-0.96940026593933));
#8202=DIRECTION('',(0.,1.,9.02056207507939E-16));
#8203=DIRECTION('',(0.,1.,9.02056207507939E-16));
#8204=DIRECTION('center_axis',(0.,1.,9.02056207507939E-16));
#8205=DIRECTION('ref_axis',(0.245485487140796,-8.74453527450421E-16,0.969400265939331));
#8206=DIRECTION('center_axis',(0.,1.,0.));
#8207=DIRECTION('ref_axis',(0.245485487140796,-8.74453527450421E-16,0.969400265939331));
#8208=DIRECTION('',(0.,1.,9.02056207507939E-16));
#8209=DIRECTION('center_axis',(0.245485487140799,-8.7445352745042E-16,0.96940026593933));
#8210=DIRECTION('ref_axis',(0.96940026593933,2.21441707528468E-16,-0.245485487140799));
#8211=DIRECTION('',(0.96940026593933,0.,-0.245485487140799));
#8212=DIRECTION('',(0.,-1.,-9.02056207507939E-16));
#8213=DIRECTION('center_axis',(-0.2454854871408,8.7445352745042E-16,-0.96940026593933));
#8214=DIRECTION('ref_axis',(-0.96940026593933,-2.2144170752847E-16,0.2454854871408));
#8215=DIRECTION('',(-0.96940026593933,0.,0.2454854871408));
#8216=DIRECTION('',(0.,1.,9.02056207507939E-16));
#8217=DIRECTION('center_axis',(0.,1.,9.02056207507939E-16));
#8218=DIRECTION('ref_axis',(0.969400265939331,2.21441707528464E-16,-0.245485487140795));
#8219=DIRECTION('center_axis',(0.,1.,0.));
#8220=DIRECTION('ref_axis',(0.969400265939331,2.21441707528464E-16,-0.245485487140795));
#8221=DIRECTION('center_axis',(0.,1.,9.02056207507939E-16));
#8222=DIRECTION('ref_axis',(1.,0.,0.));
#8223=DIRECTION('center_axis',(0.,-1.,0.));
#8224=DIRECTION('ref_axis',(1.,0.,0.));
#8225=DIRECTION('center_axis',(0.164594590280734,8.89753336580047E-16,-0.986361303402722));
#8226=DIRECTION('ref_axis',(-0.986361303402722,1.48473571884962E-16,-0.164594590280734));
#8227=DIRECTION('',(-0.986361303402722,0.,-0.164594590280734));
#8228=DIRECTION('',(0.,1.,9.02056207507939E-16));
#8229=DIRECTION('',(0.,1.,9.02056207507939E-16));
#8230=DIRECTION('center_axis',(0.,1.,9.02056207507939E-16));
#8231=DIRECTION('ref_axis',(0.986361303402722,-1.48473571884965E-16,0.164594590280737));
#8232=DIRECTION('center_axis',(0.,1.,0.));
#8233=DIRECTION('ref_axis',(0.986361303402722,-1.48473571884965E-16,0.164594590280737));
#8234=DIRECTION('',(0.,1.,9.02056207507939E-16));
#8235=DIRECTION('center_axis',(0.986361303402722,-1.48473571884962E-16,
0.164594590280734));
#8236=DIRECTION('ref_axis',(0.164594590280734,8.89753336580047E-16,-0.986361303402722));
#8237=DIRECTION('',(0.164594590280734,0.,-0.986361303402722));
#8238=DIRECTION('',(0.,-1.,-9.02056207507939E-16));
#8239=DIRECTION('center_axis',(-0.986361303402723,1.48473571884961E-16,
-0.164594590280733));
#8240=DIRECTION('ref_axis',(-0.164594590280733,-8.89753336580048E-16,0.986361303402723));
#8241=DIRECTION('',(-0.164594590280733,0.,0.986361303402723));
#8242=DIRECTION('',(0.,1.,9.02056207507939E-16));
#8243=DIRECTION('',(0.,1.,9.02056207507939E-16));
#8244=DIRECTION('center_axis',(0.,1.,9.02056207507939E-16));
#8245=DIRECTION('ref_axis',(0.164594590280738,8.89753336580047E-16,-0.986361303402722));
#8246=DIRECTION('center_axis',(0.,1.,0.));
#8247=DIRECTION('ref_axis',(0.164594590280738,8.89753336580047E-16,-0.986361303402722));
#8248=DIRECTION('center_axis',(0.,1.,9.02056207507939E-16));
#8249=DIRECTION('ref_axis',(1.,0.,0.));
#8250=DIRECTION('center_axis',(0.,-1.,0.));
#8251=DIRECTION('ref_axis',(1.,0.,0.));
#8252=DIRECTION('center_axis',(0.324699469204684,8.53180314044094E-16,-0.945817241700635));
#8253=DIRECTION('ref_axis',(-0.945817241700635,2.92897171770618E-16,-0.324699469204684));
#8254=DIRECTION('',(-0.945817241700635,0.,-0.324699469204684));
#8255=DIRECTION('',(0.,1.,9.02056207507939E-16));
#8256=DIRECTION('',(0.,1.,9.02056207507939E-16));
#8257=DIRECTION('center_axis',(0.,1.,9.02056207507939E-16));
#8258=DIRECTION('ref_axis',(0.945817241700634,-2.92897171770621E-16,0.324699469204687));
#8259=DIRECTION('center_axis',(0.,1.,0.));
#8260=DIRECTION('ref_axis',(0.945817241700634,-2.92897171770621E-16,0.324699469204687));
#8261=DIRECTION('',(0.,1.,9.02056207507939E-16));
#8262=DIRECTION('center_axis',(0.945817241700635,-2.92897171770618E-16,
0.324699469204684));
#8263=DIRECTION('ref_axis',(0.324699469204684,8.53180314044094E-16,-0.945817241700635));
#8264=DIRECTION('',(0.324699469204684,0.,-0.945817241700635));
#8265=DIRECTION('',(0.,-1.,-9.02056207507939E-16));
#8266=DIRECTION('center_axis',(-0.945817241700635,2.92897171770617E-16,
-0.324699469204682));
#8267=DIRECTION('ref_axis',(-0.324699469204682,-8.53180314044095E-16,0.945817241700635));
#8268=DIRECTION('',(-0.324699469204682,0.,0.945817241700635));
#8269=DIRECTION('',(0.,1.,9.02056207507939E-16));
#8270=DIRECTION('center_axis',(0.,1.,9.02056207507939E-16));
#8271=DIRECTION('ref_axis',(0.324699469204688,8.53180314044093E-16,-0.945817241700633));
#8272=DIRECTION('center_axis',(0.,1.,0.));
#8273=DIRECTION('ref_axis',(0.324699469204688,8.53180314044093E-16,-0.945817241700633));
#8274=DIRECTION('center_axis',(0.,1.,9.02056207507939E-16));
#8275=DIRECTION('ref_axis',(1.,0.,0.));
#8276=DIRECTION('center_axis',(0.,-1.,0.));
#8277=DIRECTION('ref_axis',(1.,0.,0.));
#8278=DIRECTION('center_axis',(0.,-9.02056207507939E-16,1.));
#8279=DIRECTION('ref_axis',(1.,0.,0.));
#8280=DIRECTION('',(1.,0.,0.));
#8281=DIRECTION('',(0.,1.,9.02056207507939E-16));
#8282=DIRECTION('',(0.,1.,9.02056207507939E-16));
#8283=DIRECTION('center_axis',(0.,1.,9.02056207507939E-16));
#8284=DIRECTION('ref_axis',(-1.,3.08148791101959E-30,-3.4160708450005E-15));
#8285=DIRECTION('center_axis',(0.,1.,0.));
#8286=DIRECTION('ref_axis',(-1.,3.08148791101959E-30,-3.4160708450005E-15));
#8287=DIRECTION('',(0.,1.,9.02056207507939E-16));
#8288=DIRECTION('center_axis',(-1.,0.,0.));
#8289=DIRECTION('ref_axis',(0.,-9.02056207507939E-16,1.));
#8290=DIRECTION('',(0.,0.,1.));
#8291=DIRECTION('',(0.,-1.,-9.02056207507939E-16));
#8292=DIRECTION('center_axis',(1.,1.2518544638517E-30,-1.38777878078144E-15));
#8293=DIRECTION('ref_axis',(-1.38777878078144E-15,9.02056207507939E-16,
-1.));
#8294=DIRECTION('',(-1.38777878078144E-15,0.,-1.));
#8295=DIRECTION('',(0.,1.,9.02056207507939E-16));
#8296=DIRECTION('center_axis',(0.,1.,9.02056207507939E-16));
#8297=DIRECTION('ref_axis',(-4.35015271668032E-15,-9.02056207507939E-16,
1.));
#8298=DIRECTION('center_axis',(0.,1.,0.));
#8299=DIRECTION('ref_axis',(-4.35015271668032E-15,-9.02056207507939E-16,
1.));
#8300=DIRECTION('center_axis',(0.,1.,9.02056207507939E-16));
#8301=DIRECTION('ref_axis',(1.,0.,0.));
#8302=DIRECTION('',(0.,-1.,-9.02056207507939E-16));
#8303=DIRECTION('center_axis',(0.,-1.,0.));
#8304=DIRECTION('ref_axis',(-1.,0.,0.));
#8305=DIRECTION('center_axis',(0.,-1.,0.));
#8306=DIRECTION('ref_axis',(-1.,0.,0.));
#8307=DIRECTION('center_axis',(0.,1.,9.02056207507939E-16));
#8308=DIRECTION('ref_axis',(1.,0.,0.));
#8309=DIRECTION('center_axis',(0.,-1.,0.));
#8310=DIRECTION('ref_axis',(1.,0.,0.));
#8311=DIRECTION('center_axis',(0.,1.,0.));
#8312=DIRECTION('ref_axis',(-1.,0.,0.));
#8313=DIRECTION('center_axis',(0.,1.,0.));
#8314=DIRECTION('ref_axis',(-0.866025403784438,0.,-0.5));
#8315=DIRECTION('',(0.996194698091746,0.,-0.0871557427476579));
#8316=DIRECTION('center_axis',(0.,1.,0.));
#8317=DIRECTION('ref_axis',(-0.722552369322359,0.,0.691316189298823));
#8318=DIRECTION('center_axis',(0.,-1.,0.));
#8319=DIRECTION('ref_axis',(1.,0.,0.));
#8320=DIRECTION('center_axis',(0.,1.,0.));
#8321=DIRECTION('ref_axis',(-0.988402926686069,0.,-0.151854056641282));
#8322=DIRECTION('',(-0.866025403784439,0.,0.5));
#8323=DIRECTION('center_axis',(0.,1.,0.));
#8324=DIRECTION('ref_axis',(0.0835368785550283,0.,-0.996504686351892));
#8325=DIRECTION('center_axis',(0.,1.,0.));
#8326=DIRECTION('ref_axis',(-0.866025403784438,0.,-0.5));
#8327=DIRECTION('',(-0.573576436351046,0.,-0.819152044288992));
#8328=DIRECTION('center_axis',(0.,1.,0.));
#8329=DIRECTION('ref_axis',(0.959973566641411,0.,0.28009061274839));
#8330=DIRECTION('center_axis',(0.,-1.,0.));
#8331=DIRECTION('ref_axis',(1.,0.,0.));
#8332=DIRECTION('center_axis',(0.,1.,0.));
#8333=DIRECTION('ref_axis',(0.362691992623963,0.,0.931909072005665));
#8334=DIRECTION('',(0.866025403784438,0.,0.5));
#8335=DIRECTION('center_axis',(0.,1.,0.));
#8336=DIRECTION('ref_axis',(-0.904766812648497,0.,0.425907284194436));
#8337=DIRECTION('center_axis',(0.,1.,0.));
#8338=DIRECTION('ref_axis',(0.,0.,-1.));
#8339=DIRECTION('center_axis',(0.,1.,0.));
#8340=DIRECTION('ref_axis',(0.,0.,-1.));
#8341=DIRECTION('',(0.,1.,0.));
#8342=DIRECTION('center_axis',(0.,1.,0.));
#8343=DIRECTION('ref_axis',(0.625710934062106,0.,-0.780055015364383));
#8344=DIRECTION('center_axis',(0.,-1.,0.));
#8345=DIRECTION('ref_axis',(0.625710934062106,0.,-0.780055015364383));
#8346=DIRECTION('center_axis',(0.,0.,-1.));
#8347=DIRECTION('ref_axis',(-1.,0.,0.));
#8348=DIRECTION('center_axis',(0.,1.,0.));
#8349=DIRECTION('ref_axis',(0.625710934062106,0.,-0.780055015364383));
#8350=DIRECTION('center_axis',(0.,0.,-1.));
#8351=DIRECTION('ref_axis',(-0.707106781186548,0.707106781186548,0.));
#8352=DIRECTION('center_axis',(0.,0.,-1.));
#8353=DIRECTION('ref_axis',(-1.,0.,0.));
#8354=DIRECTION('',(0.,0.,-1.));
#8355=DIRECTION('',(0.,0.,1.));
#8356=DIRECTION('center_axis',(0.,1.,0.));
#8357=DIRECTION('ref_axis',(0.,0.,1.));
#8358=DIRECTION('center_axis',(0.,1.,0.));
#8359=DIRECTION('ref_axis',(0.821229934093468,0.,0.570597402157456));
#8360=DIRECTION('center_axis',(0.,-1.,0.));
#8361=DIRECTION('ref_axis',(0.821229934093469,0.,0.570597402157456));
#8362=DIRECTION('center_axis',(0.937183333935344,0.,-0.348837209302325));
#8363=DIRECTION('ref_axis',(-0.348837209302325,0.,-0.937183333935344));
#8364=DIRECTION('center_axis',(0.,-1.,0.));
#8365=DIRECTION('ref_axis',(0.,0.,-1.));
#8366=DIRECTION('center_axis',(0.,1.,0.));
#8367=DIRECTION('ref_axis',(-0.737277336810124,0.,-0.67559020761566));
#8368=DIRECTION('center_axis',(0.996194698091746,0.,-0.0871557427476579));
#8369=DIRECTION('ref_axis',(-0.0616284167162188,0.707106781186549,-0.704416026402758));
#8370=DIRECTION('center_axis',(0.996194698091746,0.,-0.0871557427476579));
#8371=DIRECTION('ref_axis',(-0.0871557427476579,0.,-0.996194698091746));
#8372=DIRECTION('',(-0.996194698091746,0.,0.0871557427476579));
#8373=DIRECTION('center_axis',(0.,-1.,0.));
#8374=DIRECTION('ref_axis',(-0.722552369322359,0.,0.691316189298823));
#8375=DIRECTION('center_axis',(0.,-1.,0.));
#8376=DIRECTION('ref_axis',(-0.722552369322359,0.,0.691316189298823));
#8377=DIRECTION('center_axis',(0.,-1.,0.));
#8378=DIRECTION('ref_axis',(-0.722552369322361,0.,0.691316189298821));
#8379=DIRECTION('',(0.,-1.,0.));
#8380=DIRECTION('center_axis',(0.,1.,0.));
#8381=DIRECTION('ref_axis',(-0.722552369322359,0.,0.691316189298823));
#8382=DIRECTION('',(0.,1.,0.));
#8383=DIRECTION('center_axis',(-0.0871557427476579,0.,-0.996194698091746));
#8384=DIRECTION('ref_axis',(0.,1.,0.));
#8385=DIRECTION('',(0.,1.,0.));
#8386=DIRECTION('',(0.996194698091746,0.,-0.0871557427476579));
#8387=DIRECTION('center_axis',(0.,1.,0.));
#8388=DIRECTION('ref_axis',(0.640001011646708,0.,0.768374065863229));
#8389=DIRECTION('',(0.,-1.,0.));
#8390=DIRECTION('center_axis',(0.,1.,0.));
#8391=DIRECTION('ref_axis',(0.640001011646707,0.,0.76837406586323));
#8392=DIRECTION('center_axis',(0.,-1.,0.));
#8393=DIRECTION('ref_axis',(0.,0.,-1.));
#8394=DIRECTION('',(0.,1.,0.));
#8395=DIRECTION('center_axis',(0.,-1.,0.));
#8396=DIRECTION('ref_axis',(-0.737277336810124,0.,-0.67559020761566));
#8397=DIRECTION('center_axis',(0.,-1.,0.));
#8398=DIRECTION('ref_axis',(0.821229934093469,0.,0.570597402157456));
#8399=DIRECTION('',(0.,-1.,0.));
#8400=DIRECTION('center_axis',(0.,1.,0.));
#8401=DIRECTION('ref_axis',(0.821229934093469,0.,0.570597402157456));
#8402=DIRECTION('center_axis',(1.,0.,0.));
#8403=DIRECTION('ref_axis',(0.,1.,0.));
#8404=DIRECTION('',(0.,1.,0.));
#8405=DIRECTION('',(0.,0.,-1.));
#8406=DIRECTION('center_axis',(0.,1.,0.));
#8407=DIRECTION('ref_axis',(0.625710934062106,0.,-0.780055015364383));
#8408=DIRECTION('',(0.,-1.,0.));
#8409=DIRECTION('center_axis',(0.,1.,0.));
#8410=DIRECTION('ref_axis',(0.625710934062106,0.,-0.780055015364383));
#8411=DIRECTION('center_axis',(0.,1.,0.));
#8412=DIRECTION('ref_axis',(0.,0.,1.));
#8413=DIRECTION('center_axis',(0.,-1.,0.));
#8414=DIRECTION('ref_axis',(0.362691992623963,0.,0.931909072005665));
#8415=DIRECTION('center_axis',(0.866025403784439,0.,0.499999999999999));
#8416=DIRECTION('ref_axis',(0.499999999999999,0.,-0.86602540378444));
#8417=DIRECTION('center_axis',(0.866025403784438,0.,0.5));
#8418=DIRECTION('ref_axis',(0.353553390593276,0.707106781186549,-0.612372435695792));
#8419=DIRECTION('center_axis',(0.866025403784438,0.,0.500000000000002));
#8420=DIRECTION('ref_axis',(0.500000000000002,0.,-0.866025403784438));
#8421=DIRECTION('',(-0.866025403784438,0.,-0.5));
#8422=DIRECTION('center_axis',(0.,1.,0.));
#8423=DIRECTION('ref_axis',(0.,0.,1.));
#8424=DIRECTION('center_axis',(0.,-1.,0.));
#8425=DIRECTION('ref_axis',(-0.904766812648497,0.,0.425907284194436));
#8426=DIRECTION('center_axis',(-0.166489781926589,0.,0.986043179842565));
#8427=DIRECTION('ref_axis',(0.986043179842565,0.,0.166489781926589));
#8428=DIRECTION('center_axis',(0.,-1.,0.));
#8429=DIRECTION('ref_axis',(0.,0.,-1.));
#8430=DIRECTION('center_axis',(0.,1.,0.));
#8431=DIRECTION('ref_axis',(0.953716950748227,0.,-0.300705799504273));
#8432=DIRECTION('center_axis',(-0.422618261740699,0.,0.90630778703665));
#8433=DIRECTION('ref_axis',(0.640856382055788,0.707106781186548,0.29883623873012));
#8434=DIRECTION('center_axis',(-0.422618261740698,0.,0.906307787036651));
#8435=DIRECTION('ref_axis',(0.906307787036651,0.,0.422618261740698));
#8436=DIRECTION('',(-0.422618261740699,0.,0.90630778703665));
#8437=DIRECTION('',(0.422618261740699,0.,-0.90630778703665));
#8438=DIRECTION('center_axis',(0.,-1.,0.));
#8439=DIRECTION('ref_axis',(0.,0.,-1.));
#8440=DIRECTION('center_axis',(0.,1.,0.));
#8441=DIRECTION('ref_axis',(-0.237421197319053,0.,-0.97140680204721));
#8442=DIRECTION('center_axis',(0.,-1.,0.));
#8443=DIRECTION('ref_axis',(-0.237421197319053,0.,-0.97140680204721));
#8444=DIRECTION('center_axis',(0.,-1.,0.));
#8445=DIRECTION('ref_axis',(-0.237421197319053,0.,-0.97140680204721));
#8446=DIRECTION('',(0.,-1.,0.));
#8447=DIRECTION('center_axis',(0.,1.,0.));
#8448=DIRECTION('ref_axis',(-0.237421197319053,0.,-0.97140680204721));
#8449=DIRECTION('',(0.,1.,0.));
#8450=DIRECTION('center_axis',(0.90630778703665,0.,0.422618261740699));
#8451=DIRECTION('ref_axis',(0.,1.,0.));
#8452=DIRECTION('',(0.,1.,0.));
#8453=DIRECTION('',(-0.422618261740699,0.,0.90630778703665));
#8454=DIRECTION('center_axis',(0.,1.,0.));
#8455=DIRECTION('ref_axis',(-0.985431966470048,0.,0.170070101602174));
#8456=DIRECTION('',(0.,-1.,0.));
#8457=DIRECTION('center_axis',(0.,1.,0.));
#8458=DIRECTION('ref_axis',(-0.985431966470048,0.,0.170070101602174));
#8459=DIRECTION('center_axis',(0.,-1.,0.));
#8460=DIRECTION('ref_axis',(0.,0.,-1.));
#8461=DIRECTION('',(0.,1.,0.));
#8462=DIRECTION('center_axis',(0.,-1.,0.));
#8463=DIRECTION('ref_axis',(0.953716950748227,0.,-0.300705799504273));
#8464=DIRECTION('center_axis',(0.,1.,0.));
#8465=DIRECTION('ref_axis',(-0.904766812648497,0.,0.425907284194436));
#8466=DIRECTION('',(0.,-1.,0.));
#8467=DIRECTION('center_axis',(0.,1.,0.));
#8468=DIRECTION('ref_axis',(-0.904766812648497,0.,0.425907284194436));
#8469=DIRECTION('center_axis',(-0.5,0.,0.866025403784438));
#8470=DIRECTION('ref_axis',(0.,1.,0.));
#8471=DIRECTION('',(0.,1.,0.));
#8472=DIRECTION('',(0.866025403784438,0.,0.5));
#8473=DIRECTION('center_axis',(0.,1.,0.));
#8474=DIRECTION('ref_axis',(0.362691992623962,0.,0.931909072005665));
#8475=DIRECTION('',(0.,-1.,0.));
#8476=DIRECTION('center_axis',(0.,1.,0.));
#8477=DIRECTION('ref_axis',(0.362691992623963,0.,0.931909072005665));
#8478=DIRECTION('center_axis',(0.,1.,0.));
#8479=DIRECTION('ref_axis',(0.,0.,1.));
#8480=DIRECTION('center_axis',(0.,-1.,0.));
#8481=DIRECTION('ref_axis',(-0.988402926686069,0.,-0.151854056641282));
#8482=DIRECTION('center_axis',(-0.866025403784439,0.,0.499999999999999));
#8483=DIRECTION('ref_axis',(0.499999999999999,0.,0.866025403784439));
#8484=DIRECTION('center_axis',(-0.866025403784439,0.,0.5));
#8485=DIRECTION('ref_axis',(0.353553390593274,0.707106781186546,0.612372435695796));
#8486=DIRECTION('center_axis',(-0.866025403784437,0.,0.500000000000002));
#8487=DIRECTION('ref_axis',(0.500000000000002,0.,0.866025403784437));
#8488=DIRECTION('',(0.866025403784439,0.,-0.5));
#8489=DIRECTION('center_axis',(0.,1.,0.));
#8490=DIRECTION('ref_axis',(0.0835368785550283,0.,-0.996504686351892));
#8491=DIRECTION('center_axis',(0.,-1.,0.));
#8492=DIRECTION('ref_axis',(0.0835368785550283,0.,-0.996504686351892));
#8493=DIRECTION('center_axis',(-0.770693552008756,0.,-0.637205970540238));
#8494=DIRECTION('ref_axis',(-0.637205970540238,0.,0.770693552008756));
#8495=DIRECTION('center_axis',(0.,-1.,0.));
#8496=DIRECTION('ref_axis',(-0.216439613938103,0.,0.976296007119933));
#8497=DIRECTION('center_axis',(0.,1.,0.));
#8498=DIRECTION('ref_axis',(-0.216439613938104,0.,0.976296007119933));
#8499=DIRECTION('center_axis',(-0.573576436351046,0.,-0.819152044288992));
#8500=DIRECTION('ref_axis',(-0.57922796533957,0.707106781186549,0.405579787672635));
#8501=DIRECTION('center_axis',(-0.573576436351044,0.,-0.819152044288994));
#8502=DIRECTION('ref_axis',(-0.819152044288993,0.,0.573576436351044));
#8503=DIRECTION('',(0.573576436351046,0.,0.819152044288992));
#8504=DIRECTION('center_axis',(0.,-1.,0.));
#8505=DIRECTION('ref_axis',(0.,0.,-1.));
#8506=DIRECTION('center_axis',(0.,-1.,0.));
#8507=DIRECTION('ref_axis',(0.959973566641411,0.,0.28009061274839));
#8508=DIRECTION('center_axis',(0.,-1.,0.));
#8509=DIRECTION('ref_axis',(0.959973566641411,0.,0.280090612748391));
#8510=DIRECTION('',(0.,-1.,0.));
#8511=DIRECTION('center_axis',(0.,1.,0.));
#8512=DIRECTION('ref_axis',(0.959973566641411,0.,0.28009061274839));
#8513=DIRECTION('',(0.,1.,0.));
#8514=DIRECTION('center_axis',(-0.819152044288992,0.,0.573576436351046));
#8515=DIRECTION('ref_axis',(0.,1.,0.));
#8516=DIRECTION('',(0.,1.,0.));
#8517=DIRECTION('',(-0.573576436351046,0.,-0.819152044288992));
#8518=DIRECTION('center_axis',(0.,-1.,0.));
#8519=DIRECTION('ref_axis',(0.345430954823341,0.,-0.938444167465404));
#8520=DIRECTION('',(0.,-1.,0.));
#8521=DIRECTION('center_axis',(0.,1.,0.));
#8522=DIRECTION('ref_axis',(0.345430954823342,0.,-0.938444167465404));
#8523=DIRECTION('center_axis',(0.,-1.,0.));
#8524=DIRECTION('ref_axis',(-0.216439613938103,0.,0.976296007119933));
#8525=DIRECTION('',(0.,1.,0.));
#8526=DIRECTION('center_axis',(0.,-1.,0.));
#8527=DIRECTION('ref_axis',(-0.216439613938104,0.,0.976296007119933));
#8528=DIRECTION('center_axis',(0.,-1.,0.));
#8529=DIRECTION('ref_axis',(0.0835368785550287,0.,-0.996504686351892));
#8530=DIRECTION('',(0.,-1.,0.));
#8531=DIRECTION('center_axis',(0.,1.,0.));
#8532=DIRECTION('ref_axis',(0.0835368785550283,0.,-0.996504686351892));
#8533=DIRECTION('center_axis',(-0.5,0.,-0.866025403784439));
#8534=DIRECTION('ref_axis',(0.,1.,0.));
#8535=DIRECTION('',(0.,1.,0.));
#8536=DIRECTION('',(-0.866025403784439,0.,0.5));
#8537=DIRECTION('center_axis',(0.,1.,0.));
#8538=DIRECTION('ref_axis',(-0.988402926686069,0.,-0.151854056641281));
#8539=DIRECTION('',(0.,-1.,0.));
#8540=DIRECTION('center_axis',(0.,1.,0.));
#8541=DIRECTION('ref_axis',(-0.988402926686069,0.,-0.151854056641282));
#8542=DIRECTION('center_axis',(0.,1.,0.));
#8543=DIRECTION('ref_axis',(0.,0.,1.));
#8544=DIRECTION('center_axis',(0.,-1.,0.));
#8545=DIRECTION('ref_axis',(0.362691992623963,0.,0.931909072005665));
#8546=DIRECTION('center_axis',(0.866025403784439,0.,0.499999999999999));
#8547=DIRECTION('ref_axis',(0.,-1.,0.));
#8548=DIRECTION('center_axis',(-0.866025403784438,0.,-0.5));
#8549=DIRECTION('ref_axis',(0.353553390593275,-0.707106781186549,-0.612372435695792));
#8550=DIRECTION('center_axis',(0.866025403784438,0.,0.5));
#8551=DIRECTION('ref_axis',(0.,-1.,0.));
#8552=DIRECTION('',(-0.866025403784438,0.,-0.5));
#8553=DIRECTION('center_axis',(0.,-1.,0.));
#8554=DIRECTION('ref_axis',(0.,0.,-1.));
#8555=DIRECTION('center_axis',(-0.166489781926589,0.,0.986043179842565));
#8556=DIRECTION('ref_axis',(0.,-1.,0.));
#8557=DIRECTION('center_axis',(0.,-1.,0.));
#8558=DIRECTION('ref_axis',(-0.904766812648497,0.,0.425907284194436));
#8559=DIRECTION('center_axis',(0.,-1.,0.));
#8560=DIRECTION('ref_axis',(0.,0.,-1.));
#8561=DIRECTION('center_axis',(0.701951578400746,0.,0.71222467071894));
#8562=DIRECTION('ref_axis',(0.,-1.,0.));
#8563=DIRECTION('center_axis',(0.,1.,0.));
#8564=DIRECTION('ref_axis',(0.953716950748227,0.,-0.300705799504273));
#8565=DIRECTION('center_axis',(0.,-1.,0.));
#8566=DIRECTION('ref_axis',(0.,0.,-1.));
#8567=DIRECTION('center_axis',(-0.422618261740701,0.,0.906307787036649));
#8568=DIRECTION('ref_axis',(0.,-1.,0.));
#8569=DIRECTION('center_axis',(0.,-1.,0.));
#8570=DIRECTION('ref_axis',(-0.985431966470048,0.,0.170070101602174));
#8571=DIRECTION('center_axis',(0.422618261740699,0.,-0.90630778703665));
#8572=DIRECTION('ref_axis',(0.640856382055788,-0.707106781186548,0.29883623873012));
#8573=DIRECTION('center_axis',(-0.4226182617407,0.,0.90630778703665));
#8574=DIRECTION('ref_axis',(0.,-1.,0.));
#8575=DIRECTION('',(0.422618261740699,0.,-0.90630778703665));
#8576=DIRECTION('center_axis',(0.,-1.,0.));
#8577=DIRECTION('ref_axis',(0.,0.,-1.));
#8578=DIRECTION('center_axis',(0.,-1.,0.));
#8579=DIRECTION('ref_axis',(-0.237421197319053,0.,-0.97140680204721));
#8580=DIRECTION('center_axis',(0.,-1.,0.));
#8581=DIRECTION('ref_axis',(0.866025403784438,0.,0.5));
#8582=DIRECTION('center_axis',(0.,-1.,0.));
#8583=DIRECTION('ref_axis',(1.,0.,0.));
#8584=DIRECTION('center_axis',(0.,-1.,0.));
#8585=DIRECTION('ref_axis',(0.959973566641411,0.,0.28009061274839));
#8586=DIRECTION('',(0.573576436351046,0.,0.819152044288992));
#8587=DIRECTION('center_axis',(0.,-1.,0.));
#8588=DIRECTION('ref_axis',(0.345430954823342,0.,-0.938444167465404));
#8589=DIRECTION('center_axis',(0.,1.,0.));
#8590=DIRECTION('ref_axis',(-0.216439613938104,0.,0.976296007119933));
#8591=DIRECTION('center_axis',(0.,-1.,0.));
#8592=DIRECTION('ref_axis',(0.0835368785550283,0.,-0.996504686351892));
#8593=DIRECTION('',(0.866025403784439,0.,-0.5));
#8594=DIRECTION('center_axis',(0.,-1.,0.));
#8595=DIRECTION('ref_axis',(-0.988402926686069,0.,-0.151854056641282));
#8596=DIRECTION('center_axis',(0.,-1.,0.));
#8597=DIRECTION('ref_axis',(1.,0.,0.));
#8598=DIRECTION('center_axis',(0.,-1.,0.));
#8599=DIRECTION('ref_axis',(-0.722552369322359,0.,0.691316189298823));
#8600=DIRECTION('',(-0.996194698091746,0.,0.0871557427476579));
#8601=DIRECTION('center_axis',(0.,-1.,0.));
#8602=DIRECTION('ref_axis',(0.640001011646707,0.,0.76837406586323));
#8603=DIRECTION('center_axis',(0.,1.,0.));
#8604=DIRECTION('ref_axis',(-0.737277336810124,0.,-0.67559020761566));
#8605=DIRECTION('center_axis',(0.,-1.,0.));
#8606=DIRECTION('ref_axis',(0.821229934093468,0.,0.570597402157456));
#8607=DIRECTION('',(0.,0.,1.));
#8608=DIRECTION('center_axis',(0.,-1.,0.));
#8609=DIRECTION('ref_axis',(0.625710934062106,0.,-0.780055015364383));
#8610=DIRECTION('center_axis',(0.,-1.,0.));
#8611=DIRECTION('ref_axis',(1.,0.,0.));
#8612=DIRECTION('center_axis',(0.,-1.,0.));
#8613=DIRECTION('ref_axis',(0.,0.,-1.));
#8614=DIRECTION('center_axis',(0.573576436351044,0.,0.819152044288993));
#8615=DIRECTION('ref_axis',(-0.819152044288993,0.,0.573576436351044));
#8616=DIRECTION('center_axis',(0.573576436351046,0.,0.819152044288992));
#8617=DIRECTION('ref_axis',(-0.579227965339568,-0.707106781186548,0.40557978767264));
#8618=DIRECTION('center_axis',(0.573576436351045,0.,0.819152044288992));
#8619=DIRECTION('ref_axis',(-0.819152044288992,0.,0.573576436351045));
#8620=DIRECTION('center_axis',(0.,-1.,0.));
#8621=DIRECTION('ref_axis',(0.,0.,-1.));
#8622=DIRECTION('center_axis',(0.967780447244982,0.,-0.251795563762159));
#8623=DIRECTION('ref_axis',(0.251795563762159,0.,0.967780447244982));
#8624=DIRECTION('center_axis',(0.,-1.,0.));
#8625=DIRECTION('ref_axis',(-0.216439613938104,0.,0.976296007119933));
#8626=DIRECTION('center_axis',(0.770693552008754,0.,0.637205970540241));
#8627=DIRECTION('ref_axis',(-0.637205970540241,0.,0.770693552008754));
#8628=DIRECTION('center_axis',(0.,-1.,0.));
#8629=DIRECTION('ref_axis',(0.,0.,-1.));
#8630=DIRECTION('center_axis',(0.866025403784439,0.,-0.5));
#8631=DIRECTION('ref_axis',(0.5,0.,0.866025403784439));
#8632=DIRECTION('center_axis',(0.866025403784439,0.,-0.5));
#8633=DIRECTION('ref_axis',(0.353553390593274,-0.707106781186546,0.612372435695796));
#8634=DIRECTION('center_axis',(0.866025403784439,0.,-0.499999999999999));
#8635=DIRECTION('ref_axis',(0.499999999999999,0.,0.866025403784439));
#8636=DIRECTION('center_axis',(0.,1.,0.));
#8637=DIRECTION('ref_axis',(0.,0.,1.));
#8638=DIRECTION('center_axis',(0.,-1.,0.));
#8639=DIRECTION('ref_axis',(-0.722552369322359,0.,0.691316189298823));
#8640=DIRECTION('center_axis',(-0.996194698091745,0.,0.0871557427476593));
#8641=DIRECTION('ref_axis',(-0.0871557427476593,0.,-0.996194698091746));
#8642=DIRECTION('center_axis',(-0.996194698091746,0.,0.0871557427476579));
#8643=DIRECTION('ref_axis',(-0.0616284167162191,-0.707106781186549,-0.704416026402758));
#8644=DIRECTION('center_axis',(-0.996194698091746,0.,0.0871557427476579));
#8645=DIRECTION('ref_axis',(-0.0871557427476579,0.,-0.996194698091746));
#8646=DIRECTION('center_axis',(0.,-1.,0.));
#8647=DIRECTION('ref_axis',(0.,0.,-1.));
#8648=DIRECTION('center_axis',(-0.265828868844236,0.,0.9640202344811));
#8649=DIRECTION('ref_axis',(-0.9640202344811,0.,-0.265828868844236));
#8650=DIRECTION('center_axis',(0.,-1.,0.));
#8651=DIRECTION('ref_axis',(0.,0.,-1.));
#8652=DIRECTION('center_axis',(-0.937183333935343,0.,0.348837209302326));
#8653=DIRECTION('ref_axis',(-0.348837209302326,0.,-0.937183333935344));
#8654=DIRECTION('center_axis',(0.,-1.,0.));
#8655=DIRECTION('ref_axis',(0.,0.,-1.));
#8656=DIRECTION('center_axis',(0.,0.,1.));
#8657=DIRECTION('ref_axis',(-1.,0.,0.));
#8658=DIRECTION('center_axis',(0.,0.,1.));
#8659=DIRECTION('ref_axis',(-0.707106781186547,-0.707106781186548,0.));
#8660=DIRECTION('center_axis',(0.,0.,1.));
#8661=DIRECTION('ref_axis',(-1.,0.,0.));
#8662=DIRECTION('center_axis',(0.,1.,0.));
#8663=DIRECTION('ref_axis',(0.625710934062106,0.,-0.780055015364382));
#8664=DIRECTION('center_axis',(0.,-1.,0.));
#8665=DIRECTION('ref_axis',(0.,0.,-1.));
#8666=DIRECTION('center_axis',(0.,-1.,0.));
#8667=DIRECTION('ref_axis',(1.,0.,0.));
#8668=DIRECTION('center_axis',(0.,-1.,0.));
#8669=DIRECTION('ref_axis',(1.,0.,0.));
#8670=DIRECTION('center_axis',(0.,-1.,0.));
#8671=DIRECTION('ref_axis',(-0.216439613938103,0.,0.976296007119933));
#8672=DIRECTION('center_axis',(0.,-1.,0.));
#8673=DIRECTION('ref_axis',(1.,0.,0.));
#8674=DIRECTION('center_axis',(0.,-1.,0.));
#8675=DIRECTION('ref_axis',(1.,0.,0.));
#8676=DIRECTION('center_axis',(0.,-1.,0.));
#8677=DIRECTION('ref_axis',(1.,0.,0.));
#8678=DIRECTION('center_axis',(0.,-1.,0.));
#8679=DIRECTION('ref_axis',(1.,0.,0.));
#8680=DIRECTION('center_axis',(0.,1.,0.));
#8681=DIRECTION('ref_axis',(-0.866025403784438,0.,-0.5));
#8682=DIRECTION('center_axis',(0.,-1.,0.));
#8683=DIRECTION('ref_axis',(1.,0.,0.));
#8684=DIRECTION('center_axis',(0.,-1.,0.));
#8685=DIRECTION('ref_axis',(0.,0.,-1.));
#8686=DIRECTION('center_axis',(0.,-1.,0.));
#8687=DIRECTION('ref_axis',(1.,0.,0.));
#8688=DIRECTION('center_axis',(0.,-1.,0.));
#8689=DIRECTION('ref_axis',(0.,0.,-1.));
#8690=DIRECTION('',(0.,1.,0.));
#8691=DIRECTION('center_axis',(0.,-1.,0.));
#8692=DIRECTION('ref_axis',(1.,0.,0.));
#8693=DIRECTION('center_axis',(0.,-1.,0.));
#8694=DIRECTION('ref_axis',(0.,0.,-1.));
#8695=DIRECTION('center_axis',(0.,-1.,0.));
#8696=DIRECTION('ref_axis',(1.,0.,0.));
#8697=DIRECTION('center_axis',(0.,-1.,0.));
#8698=DIRECTION('ref_axis',(0.,0.,-1.));
#8699=DIRECTION('center_axis',(0.,-1.,0.));
#8700=DIRECTION('ref_axis',(1.,0.,0.));
#8701=DIRECTION('',(0.,1.,0.));
#8702=DIRECTION('center_axis',(0.,1.,0.));
#8703=DIRECTION('ref_axis',(0.,0.,1.));
#8704=DIRECTION('center_axis',(0.,-1.,0.));
#8705=DIRECTION('ref_axis',(1.,0.,0.));
#8706=DIRECTION('center_axis',(0.,-1.,0.));
#8707=DIRECTION('ref_axis',(0.,0.,-1.));
#8708=DIRECTION('',(0.,1.,0.));
#8709=DIRECTION('center_axis',(0.,-1.,0.));
#8710=DIRECTION('ref_axis',(1.,0.,0.));
#8711=DIRECTION('center_axis',(0.,1.,0.));
#8712=DIRECTION('ref_axis',(0.,0.,1.));
#8713=DIRECTION('center_axis',(0.,-1.,0.));
#8714=DIRECTION('ref_axis',(0.,0.,-1.));
#8715=DIRECTION('center_axis',(0.,-1.,0.));
#8716=DIRECTION('ref_axis',(1.,0.,0.));
#8717=DIRECTION('center_axis',(0.,-1.,0.));
#8718=DIRECTION('ref_axis',(0.,0.,-1.));
#8719=DIRECTION('center_axis',(-1.,0.,-1.22464679914735E-16));
#8720=DIRECTION('ref_axis',(-1.22464679914735E-16,0.,1.));
#8721=DIRECTION('center_axis',(0.,-1.,0.));
#8722=DIRECTION('ref_axis',(1.,0.,0.));
#8723=DIRECTION('center_axis',(0.,-1.,0.));
#8724=DIRECTION('ref_axis',(0.,0.,-1.));
#8725=DIRECTION('center_axis',(0.,-1.,0.));
#8726=DIRECTION('ref_axis',(1.,0.,0.));
#8727=DIRECTION('center_axis',(0.,-1.,0.));
#8728=DIRECTION('ref_axis',(0.,0.,-1.));
#8729=DIRECTION('center_axis',(-1.,0.,-1.22464679914735E-16));
#8730=DIRECTION('ref_axis',(-1.22464679914735E-16,0.,1.));
#8731=DIRECTION('center_axis',(0.,-1.,0.));
#8732=DIRECTION('ref_axis',(1.,0.,0.));
#8733=DIRECTION('center_axis',(0.,1.,0.));
#8734=DIRECTION('ref_axis',(0.,0.,1.));
#8735=CARTESIAN_POINT('',(0.,0.,0.));
#8736=CARTESIAN_POINT('Origin',(100.,0.,0.));
#8737=CARTESIAN_POINT('',(40.,13.0000001937151,60.6217791682456));
#8738=CARTESIAN_POINT('',(40.447943891461,13.0000001937151,60.6217791682456));
#8739=CARTESIAN_POINT('',(100.,13.0000001937151,60.6217791682456));
#8740=CARTESIAN_POINT('',(40.,11.0235954545489,61.0121336933448));
#8741=CARTESIAN_POINT('Origin',(40.,0.,0.));
#8742=CARTESIAN_POINT('',(40.3101512266563,11.1044127270875,60.9974764440844));
#8743=CARTESIAN_POINT('Ctrl Pts',(40.3101512266563,11.1044127270875,60.9974764440843));
#8744=CARTESIAN_POINT('Ctrl Pts',(40.206466816307,11.0786837498565,61.0021603293674));
#8745=CARTESIAN_POINT('Ctrl Pts',(40.1030748849495,11.051740695008,61.0070484467551));
#8746=CARTESIAN_POINT('Ctrl Pts',(40.,11.0235954545489,61.0121336933448));
#8747=CARTESIAN_POINT('Ctrl Pts',(40.447943891461,13.0000001937151,60.6217791682456));
#8748=CARTESIAN_POINT('Ctrl Pts',(40.3990195416424,12.3688879118913,60.7571176538284));
#8749=CARTESIAN_POINT('Ctrl Pts',(40.3529841255648,11.7368100165294,60.8823503615178));
#8750=CARTESIAN_POINT('Ctrl Pts',(40.3101512266563,11.1044127270875,60.9974764440843));
#8751=CARTESIAN_POINT('Origin',(40.,0.,0.));
#8752=CARTESIAN_POINT('',(40.,13.0000001937151,61.806093531145));
#8753=CARTESIAN_POINT('',(40.,13.0000001937151,1.4951603581638));
#8754=CARTESIAN_POINT('',(40.,11.1044127270875,61.806093531145));
#8755=CARTESIAN_POINT('',(40.,12.0522064604013,61.806093531145));
#8756=CARTESIAN_POINT('Ctrl Pts',(40.,11.0235954545489,61.0121336933448));
#8757=CARTESIAN_POINT('Ctrl Pts',(40.,11.0392391172562,61.1619597179806));
#8758=CARTESIAN_POINT('Ctrl Pts',(40.,11.0545908701311,61.3109567672493));
#8759=CARTESIAN_POINT('Ctrl Pts',(40.,11.0812491470285,61.573610834293));
#8760=CARTESIAN_POINT('Ctrl Pts',(40.,11.0928566707619,61.6893241017537));
#8761=CARTESIAN_POINT('Ctrl Pts',(40.,11.1044127270875,61.806093531145));
#8762=CARTESIAN_POINT('Origin',(40.,0.,0.));
#8763=CARTESIAN_POINT('',(40.,-13.0000001937151,60.6217791682456));
#8764=CARTESIAN_POINT('',(40.,-13.0000001937151,61.806093531145));
#8765=CARTESIAN_POINT('',(40.,-13.0000001937151,7.40289887025788));
#8766=CARTESIAN_POINT('',(40.,-11.0235954545489,61.0121336933448));
#8767=CARTESIAN_POINT('Origin',(40.,0.,0.));
#8768=CARTESIAN_POINT('',(40.,-11.1044127270875,61.806093531145));
#8769=CARTESIAN_POINT('Ctrl Pts',(40.,-11.1044127270875,61.806093531145));
#8770=CARTESIAN_POINT('Ctrl Pts',(40.,-11.0928566707619,61.6893241017538));
#8771=CARTESIAN_POINT('Ctrl Pts',(40.,-11.0812491470285,61.573610834293));
#8772=CARTESIAN_POINT('Ctrl Pts',(40.,-11.0545908701311,61.3109567672493));
#8773=CARTESIAN_POINT('Ctrl Pts',(40.,-11.0392391172562,61.1619597179806));
#8774=CARTESIAN_POINT('Ctrl Pts',(40.,-11.0235954545489,61.0121336933448));
#8775=CARTESIAN_POINT('',(40.,-12.0522064604013,61.806093531145));
#8776=CARTESIAN_POINT('Origin',(100.,0.,0.));
#8777=CARTESIAN_POINT('',(40.447943891461,-13.0000001937151,60.6217791682456));
#8778=CARTESIAN_POINT('',(100.,-13.0000001937151,60.6217791682456));
#8779=CARTESIAN_POINT('',(40.3101512266563,-11.1044127270875,60.9974764440843));
#8780=CARTESIAN_POINT('Ctrl Pts',(40.3101512266563,-11.1044127270875,60.9974764440844));
#8781=CARTESIAN_POINT('Ctrl Pts',(40.3529839930386,-11.736808059874,60.8823507177212));
#8782=CARTESIAN_POINT('Ctrl Pts',(40.3990195959461,-12.3688886123954,60.7571175036092));
#8783=CARTESIAN_POINT('Ctrl Pts',(40.447943891461,-13.0000001937151,60.6217791682456));
#8784=CARTESIAN_POINT('Ctrl Pts',(40.,-11.0235954545489,61.0121336933448));
#8785=CARTESIAN_POINT('Ctrl Pts',(40.1030748849495,-11.051740695008,61.0070484467551));
#8786=CARTESIAN_POINT('Ctrl Pts',(40.206466816307,-11.0786837498565,61.0021603293674));
#8787=CARTESIAN_POINT('Ctrl Pts',(40.3101512266563,-11.1044127270875,60.9974764440843));
#8788=CARTESIAN_POINT('Origin',(0.,-12.0522064604013,46.0000006854534));
#8789=CARTESIAN_POINT('',(-5.2671666906542E-15,-11.1044127270875,89.0096806545792));
#8790=CARTESIAN_POINT('Origin',(0.,-11.1044127270875,46.0000006854534));
#8791=CARTESIAN_POINT('Origin',(0.,-11.1044127270875,46.0000006854534));
#8792=CARTESIAN_POINT('Origin',(0.,-13.0000001937151,46.0000006854534));
#8793=CARTESIAN_POINT('Origin',(0.,0.,46.0000006854534));
#8794=CARTESIAN_POINT('',(-4.75034014595469E-15,-8.95869751525163,84.789471651793));
#8795=CARTESIAN_POINT('Origin',(0.,-8.95869751525163,46.0000006854534));
#8796=CARTESIAN_POINT('Origin',(-5.63337536002166E-15,0.,92.0000013709068));
#8797=CARTESIAN_POINT('Origin',(0.,0.,46.0000006854534));
#8798=CARTESIAN_POINT('',(-5.2671666906542E-15,11.1044127270875,89.0096806545792));
#8799=CARTESIAN_POINT('Origin',(0.,11.1044127270875,46.0000006854534));
#8800=CARTESIAN_POINT('',(-4.75034014595469E-15,8.95869751525163,84.789471651793));
#8801=CARTESIAN_POINT('Origin',(-5.63337536002166E-15,0.,92.0000013709068));
#8802=CARTESIAN_POINT('Origin',(0.,8.95869751525163,46.0000006854534));
#8803=CARTESIAN_POINT('Origin',(0.,11.1044127270875,46.0000006854534));
#8804=CARTESIAN_POINT('Origin',(0.,12.0522064604013,46.0000006854534));
#8805=CARTESIAN_POINT('Origin',(0.,13.0000001937151,46.0000006854534));
#8806=CARTESIAN_POINT('Origin',(-4.44089209850063E-15,24.091417678654,46.0000006854534));
#8807=CARTESIAN_POINT('',(12.0000001788139,24.091417678654,46.0000006854534));
#8808=CARTESIAN_POINT('Origin',(-4.30072818774468E-15,24.091417678654,46.0000006854534));
#8809=CARTESIAN_POINT('',(0.095,24.0914172018169,34.9099994376302));
#8810=CARTESIAN_POINT('',(-0.0950000000000001,24.0914172018169,34.9099994376302));
#8811=CARTESIAN_POINT('',(-0.0475,24.0914172018169,34.9099994376302));
#8812=CARTESIAN_POINT('',(-0.745,24.0914172018169,34.2599994376302));
#8813=CARTESIAN_POINT('Origin',(-0.0950000000000027,24.0914172018169,34.2599994376302));
#8814=CARTESIAN_POINT('',(-0.745,24.0914172018169,34.1834618013566));
#8815=CARTESIAN_POINT('',(-0.745,24.0914172018169,40.0917309006783));
#8816=CARTESIAN_POINT('',(-1.21009909230733,24.0914172018169,34.2220010109189));
#8817=CARTESIAN_POINT('Origin',(0.,24.0914172018169,46.));
#8818=CARTESIAN_POINT('',(-1.19750141142382,24.0914172018169,34.2974947735931));
#8819=CARTESIAN_POINT('',(-0.231331120194387,24.0914172018169,40.087435901917));
#8820=CARTESIAN_POINT('',(-1.73164977495311,24.0914172018169,35.0456161044873));
#8821=CARTESIAN_POINT('Origin',(-1.83863625863559,24.0914172018169,34.4044812572756));
#8822=CARTESIAN_POINT('',(-1.91905842259963,24.0914172018169,35.0768890766407));
#8823=CARTESIAN_POINT('',(-1.872206260688,24.0914172018169,35.0690708336023));
#8824=CARTESIAN_POINT('',(-2.66717975349388,24.0914172018169,34.5427407131114));
#8825=CARTESIAN_POINT('Origin',(-2.02604490628211,24.0914172018169,34.4357542294289));
#8826=CARTESIAN_POINT('',(-2.67977743437739,24.0914172018169,34.4672469504372));
#8827=CARTESIAN_POINT('',(-1.70730830270621,24.0914172018169,40.2949349600982));
#8828=CARTESIAN_POINT('',(-3.13218983586943,24.0914172018169,34.5818133299514));
#8829=CARTESIAN_POINT('Origin',(0.,24.0914172018169,46.));
#8830=CARTESIAN_POINT('',(-3.10733810599719,24.0914172018169,34.654203945978));
#8831=CARTESIAN_POINT('',(-1.2013521304651,24.0914172018169,40.2061514207103));
#8832=CARTESIAN_POINT('',(-3.51106465811956,24.0914172018169,35.4800398080665));
#8833=CARTESIAN_POINT('Origin',(-3.7221193131026,24.0914172018169,34.8652586009611));
#8834=CARTESIAN_POINT('',(-3.69076993404268,24.0914172018169,35.5417327072154));
#8835=CARTESIAN_POINT('',(-3.6458436150619,24.0914172018169,35.5263094824281));
#8836=CARTESIAN_POINT('',(-4.51660579613114,24.0914172018169,35.138006155093));
#8837=CARTESIAN_POINT('Origin',(-3.90182458902573,24.0914172018169,34.92695150011));
#8838=CARTESIAN_POINT('',(-4.54145752600337,24.0914172018169,35.0656155390664));
#8839=CARTESIAN_POINT('',(-2.62304568553517,24.0914172018169,40.6537583218119));
#8840=CARTESIAN_POINT('',(-4.96884260571852,24.0914172018169,35.2530840163517));
#8841=CARTESIAN_POINT('Origin',(0.,24.0914172018169,46.));
#8842=CARTESIAN_POINT('',(-4.93241471726486,24.0914172018169,35.3203968584337));
#8843=CARTESIAN_POINT('',(-2.13860338630801,24.0914172018169,40.4829080253106));
#8844=CARTESIAN_POINT('',(-5.19470685007498,24.0914172018169,36.201420602192));
#8845=CARTESIAN_POINT('Origin',(-5.50407265554908,24.0914172018169,35.6297626639078));
#8846=CARTESIAN_POINT('',(-5.36180686280421,24.0914172018169,36.2918506068691));
#8847=CARTESIAN_POINT('',(-5.32003185962191,24.0914172018169,36.2692431056998));
#8848=CARTESIAN_POINT('',(-6.24283060656253,24.0914172018169,36.029558474059));
#8849=CARTESIAN_POINT('Origin',(-5.67117266827831,24.0914172018169,35.7201926685849));
#8850=CARTESIAN_POINT('',(-6.27925849501619,24.0914172018169,35.9622456319769));
#8851=CARTESIAN_POINT('',(-3.46723321983251,24.0914172018169,41.1584132198948));
#8852=CARTESIAN_POINT('',(-6.66995830208957,24.0914172018169,36.2175025556668));
#8853=CARTESIAN_POINT('Origin',(0.,24.0914172018169,46.));
#8854=CARTESIAN_POINT('',(-6.62294791289108,24.0914172018169,36.2779015049438));
#8855=CARTESIAN_POINT('',(-3.01751911669538,24.0914172018169,40.910156516995));
#8856=CARTESIAN_POINT('',(-6.73665098075045,24.0914172018169,37.1900810992997));
#8857=CARTESIAN_POINT('Origin',(-7.13588924399873,24.0914172018169,36.677139768192));
#8858=CARTESIAN_POINT('',(-6.88658767753577,24.0914172018169,37.3067815147107));
#8859=CARTESIAN_POINT('',(-6.84910350333944,24.0914172018169,37.277606410858));
#8860=CARTESIAN_POINT('',(-7.79876727189171,24.0914172018169,37.1930784468514));
#8861=CARTESIAN_POINT('Origin',(-7.28582594078405,24.0914172018169,36.7938401836031));
#8862=CARTESIAN_POINT('',(-7.84577766109019,24.0914172018169,37.1326794975744));
#8863=CARTESIAN_POINT('',(-4.21684367029525,24.0914172018169,41.7951339842641));
#8864=CARTESIAN_POINT('',(-8.18913492326323,24.0914172018169,37.4487621241957));
#8865=CARTESIAN_POINT('Origin',(0.,24.0914172018169,46.));
#8866=CARTESIAN_POINT('',(-8.13282435419031,24.0914172018169,37.5005996547796));
#8867=CARTESIAN_POINT('',(-3.81412479166456,24.0914172018169,41.4762426706641));
#8868=CARTESIAN_POINT('',(-8.09483683380951,24.0914172018169,38.4190532182739));
#8869=CARTESIAN_POINT('Origin',(-8.57305737574704,24.0914172018169,37.9788201967172));
#8870=CARTESIAN_POINT('',(-8.2235203324184,24.0914172018169,38.5588407613018));
#8871=CARTESIAN_POINT('',(-8.19134945776618,24.0914172018169,38.5238938755448));
#8872=CARTESIAN_POINT('',(-9.14197389591267,24.0914172018169,38.5968282816826));
#8873=CARTESIAN_POINT('Origin',(-8.70174087435594,24.0914172018169,38.1186077397451));
#8874=CARTESIAN_POINT('',(-9.19828446498558,24.0914172018169,38.5449907510987));
#8875=CARTESIAN_POINT('',(-4.85142961792338,24.0914172018169,42.5465525322751));
#8876=CARTESIAN_POINT('',(-9.48493329121178,24.0914172018169,38.9132771705631));
#8877=CARTESIAN_POINT('Origin',(0.,24.0914172018169,46.));
#8878=CARTESIAN_POINT('',(-9.42085854779804,24.0914172018169,38.95513928975));
#8879=CARTESIAN_POINT('',(-4.50669108499841,24.0914172018169,42.1657251317222));
#8880=CARTESIAN_POINT('',(-9.23221663970698,24.0914172018169,39.8548138034002));
#8881=CARTESIAN_POINT('Origin',(-9.77637485057762,24.0914172018169,39.4992975006207));
#8882=CARTESIAN_POINT('',(-9.33613678975024,24.0914172018169,40.0138754342701));
#8883=CARTESIAN_POINT('',(-9.31015675223942,24.0914172018169,39.9741100265527));
#8884=CARTESIAN_POINT('',(-10.2358113034005,24.0914172018169,40.2025173423612));
#8885=CARTESIAN_POINT('Origin',(-9.88029500062088,24.0914172018169,39.6583591314905));
#8886=CARTESIAN_POINT('',(-10.2998860468142,24.0914172018169,40.1606552231743));
#8887=CARTESIAN_POINT('',(-5.3536812123077,24.0914172018169,43.3921721247399));
#8888=CARTESIAN_POINT('',(-10.5220074043518,24.0914172018169,40.5710995420099));
#8889=CARTESIAN_POINT('Origin',(0.,24.0914172018169,46.));
#8890=CARTESIAN_POINT('',(-10.4519162785672,24.0914172018169,40.6018443603148));
#8891=CARTESIAN_POINT('',(-5.07632659360036,24.0914172018169,42.9597966159784));
#8892=CARTESIAN_POINT('',(-10.1177656422658,24.0914172018169,41.458199048665));
#8893=CARTESIAN_POINT('Origin',(-10.7130183045916,24.0914172018169,41.1970970226405));
#8894=CARTESIAN_POINT('',(-10.1940877729499,24.0914172018169,41.6321959807294));
#8895=CARTESIAN_POINT('',(-10.1750072402789,24.0914172018169,41.5886967477133));
#8896=CARTESIAN_POINT('',(-11.0504424613001,24.0914172018169,41.9663466170308));
#8897=CARTESIAN_POINT('Origin',(-10.7893404352757,24.0914172018169,41.371093954705));
#8898=CARTESIAN_POINT('',(-11.1205335870847,24.0914172018169,41.9356017987259));
#8899=CARTESIAN_POINT('',(-5.7098983392256,24.0914172018169,44.308926463542));
#8900=CARTESIAN_POINT('',(-11.2720685843273,24.0914172018169,42.3770081658634));
#8901=CARTESIAN_POINT('Origin',(0.,24.0914172018169,46.));
#8902=CARTESIAN_POINT('',(-11.1978729793693,24.0914172018169,42.3957970447886));
#8903=CARTESIAN_POINT('',(-5.5074931457247,24.0914172018169,43.8367969233319));
#8904=CARTESIAN_POINT('',(-10.7273283731503,24.0914172018169,43.1854727842907));
#8905=CARTESIAN_POINT('Origin',(-11.3574385460108,24.0914172018169,43.0259072176492));
#8906=CARTESIAN_POINT('',(-10.773970615707,24.0914172018169,43.3696588348192));
#8907=CARTESIAN_POINT('',(-10.7623100550678,24.0914172018169,43.3236123221871));
#8908=CARTESIAN_POINT('',(-11.5636463552091,24.0914172018169,43.8402034410382));
#8909=CARTESIAN_POINT('Origin',(-11.4040807885676,24.0914172018169,43.2100932681777));
#8910=CARTESIAN_POINT('',(-11.6378419601671,24.0914172018169,43.821414562113));
#8911=CARTESIAN_POINT('',(-5.91036432404351,24.0914172018169,45.2718088801189));
#8912=CARTESIAN_POINT('',(-11.7146571174122,24.0914172018169,44.2817425625173));
#8913=CARTESIAN_POINT('Origin',(0.,24.0914172018169,46.));
#8914=CARTESIAN_POINT('',(-11.6383808959705,24.0914172018169,44.2880629904247));
#8915=CARTESIAN_POINT('',(-5.78842964179679,24.0914172018169,44.7728037715674));
#8916=CARTESIAN_POINT('',(-11.0442775500731,24.0914172018169,44.9895194854361));
#8917=CARTESIAN_POINT('Origin',(-11.6920574705275,24.0914172018169,44.9358429108791));
#8918=CARTESIAN_POINT('',(-11.0599676257129,24.0914172018169,45.1788705391074));
#8919=CARTESIAN_POINT('',(-11.0560451068029,24.0914172018169,45.1315327756895));
#8920=CARTESIAN_POINT('',(-11.7614241207242,24.0914172018169,45.7729738850047));
#8921=CARTESIAN_POINT('Origin',(-11.7077475461672,24.0914172018169,45.1251939645503));
#8922=CARTESIAN_POINT('',(-11.8377003421659,24.0914172018169,45.7666534570972));
#8923=CARTESIAN_POINT('',(-5.94961097727141,24.0914172018169,46.2545544521936));
#8924=CARTESIAN_POINT('',(-11.8377003421659,24.0914172018169,46.2333465429029));
#8925=CARTESIAN_POINT('Origin',(0.,24.0914172018169,46.));
#8926=CARTESIAN_POINT('',(-11.7614241207242,24.0914172018169,46.2270261149954));
#8927=CARTESIAN_POINT('',(-5.91147286655056,24.0914172018169,45.7422853338527));
#8928=CARTESIAN_POINT('',(-11.0599676257129,24.0914172018169,46.8211294608927));
#8929=CARTESIAN_POINT('Origin',(-11.7077475461672,24.0914172018169,46.8748060354497));
#8930=CARTESIAN_POINT('',(-11.0442775500731,24.0914172018169,47.010480514564));
#8931=CARTESIAN_POINT('',(-11.0482000689831,24.0914172018169,46.9631427511462));
#8932=CARTESIAN_POINT('',(-11.6383808959705,24.0914172018169,47.7119370095753));
#8933=CARTESIAN_POINT('Origin',(-11.6920574705275,24.0914172018169,47.064157089121));
#8934=CARTESIAN_POINT('',(-11.7146571174122,24.0914172018169,47.7182574374828));
#8935=CARTESIAN_POINT('',(-5.82656775251763,24.0914172018169,47.2303564423864));
#8936=CARTESIAN_POINT('',(-11.6378419601671,24.0914172018169,48.1785854378871));
#8937=CARTESIAN_POINT('Origin',(0.,24.0914172018169,46.));
#8938=CARTESIAN_POINT('',(-11.5636463552091,24.0914172018169,48.1597965589618));
#8939=CARTESIAN_POINT('',(-5.8732665215645,24.0914172018169,46.7187966804185));
#8940=CARTESIAN_POINT('',(-10.773970615707,24.0914172018169,48.6303411651809));
#8941=CARTESIAN_POINT('Origin',(-11.4040807885676,24.0914172018169,48.7899067318224));
#8942=CARTESIAN_POINT('',(-10.7273283731503,24.0914172018169,48.8145272157094));
#8943=CARTESIAN_POINT('',(-10.7389889337894,24.0914172018169,48.7684807030772));
#8944=CARTESIAN_POINT('',(-11.1978729793693,24.0914172018169,49.6042029552114));
#8945=CARTESIAN_POINT('Origin',(-11.3574385460108,24.0914172018169,48.9740927823509));
#8946=CARTESIAN_POINT('',(-11.2720685843273,24.0914172018169,49.6229918341367));
#8947=CARTESIAN_POINT('',(-5.54459094820372,24.0914172018169,48.1725975161308));
#8948=CARTESIAN_POINT('',(-11.1205335870847,24.0914172018169,50.0643982012741));
#8949=CARTESIAN_POINT('Origin',(0.,24.0914172018169,46.));
#8950=CARTESIAN_POINT('',(-11.0504424613001,24.0914172018169,50.0336533829693));
#8951=CARTESIAN_POINT('',(-5.67485277633329,24.0914172018169,47.6757011273056));
#8952=CARTESIAN_POINT('',(-10.1940877729499,24.0914172018169,50.3678040192706));
#8953=CARTESIAN_POINT('Origin',(-10.7893404352757,24.0914172018169,50.628906045295));
#8954=CARTESIAN_POINT('',(-10.1177656422658,24.0914172018169,50.5418009513351));
#8955=CARTESIAN_POINT('',(-10.1368461749369,24.0914172018169,50.498301718319));
#8956=CARTESIAN_POINT('',(-10.4519162785672,24.0914172018169,51.3981556396853));
#8957=CARTESIAN_POINT('Origin',(-10.7130183045916,24.0914172018169,50.8029029773595));
#8958=CARTESIAN_POINT('',(-10.5220074043518,24.0914172018169,51.4289004579902));
#8959=CARTESIAN_POINT('',(-5.11137215649268,24.0914172018169,49.0555757931741));
#8960=CARTESIAN_POINT('',(-10.2998860468142,24.0914172018169,51.8393447768258));
#8961=CARTESIAN_POINT('Origin',(0.,24.0914172018169,46.));
#8962=CARTESIAN_POINT('',(-10.2358113034005,24.0914172018169,51.7974826576389));
#8963=CARTESIAN_POINT('',(-5.32164384060084,24.0914172018169,48.5868968156667));
#8964=CARTESIAN_POINT('',(-9.33613678975024,24.0914172018169,51.9861245657299));
#8965=CARTESIAN_POINT('Origin',(-9.88029500062088,24.0914172018169,52.3416408685095));
#8966=CARTESIAN_POINT('',(-9.23221663970698,24.0914172018169,52.1451861965998));
#8967=CARTESIAN_POINT('',(-9.25819667721779,24.0914172018169,52.1054207888824));
#8968=CARTESIAN_POINT('',(-9.42085854779804,24.0914172018169,53.04486071025));
#8969=CARTESIAN_POINT('Origin',(-9.77637485057762,24.0914172018169,52.5007024993794));
#8970=CARTESIAN_POINT('',(-9.48493329121178,24.0914172018169,53.086722829437));
#8971=CARTESIAN_POINT('',(-4.53872845670529,24.0914172018169,49.8552059278713));
#8972=CARTESIAN_POINT('',(-9.19828446498559,24.0914172018169,53.4550092489014));
#8973=CARTESIAN_POINT('Origin',(0.,24.0914172018169,46.));
#8974=CARTESIAN_POINT('',(-9.14197389591267,24.0914172018169,53.4031717183175));
#8975=CARTESIAN_POINT('',(-4.82327433338693,24.0914172018169,49.427528702433));
#8976=CARTESIAN_POINT('',(-8.2235203324184,24.0914172018169,53.4411592386983));
#8977=CARTESIAN_POINT('Origin',(-8.70174087435594,24.0914172018169,53.881392260255));
#8978=CARTESIAN_POINT('',(-8.09483683380951,24.0914172018169,53.5809467817262));
#8979=CARTESIAN_POINT('',(-8.12700770846174,24.0914172018169,53.5459998959692));
#8980=CARTESIAN_POINT('',(-8.13282435419032,24.0914172018169,54.4994003452204));
#8981=CARTESIAN_POINT('Origin',(-8.57305737574704,24.0914172018169,54.0211798032829));
#8982=CARTESIAN_POINT('',(-8.18913492326323,24.0914172018169,54.5512378758044));
#8983=CARTESIAN_POINT('',(-3.84228007620103,24.0914172018169,50.5496760946279));
#8984=CARTESIAN_POINT('',(-7.84577766109019,24.0914172018169,54.8673205024257));
#8985=CARTESIAN_POINT('Origin',(0.,24.0914172018169,46.));
#8986=CARTESIAN_POINT('',(-7.79876727189171,24.0914172018169,54.8069215531487));
#8987=CARTESIAN_POINT('',(-4.19333847569602,24.0914172018169,50.1746665410975));
#8988=CARTESIAN_POINT('',(-6.88658767753577,24.0914172018169,54.6932184852893));
#8989=CARTESIAN_POINT('Origin',(-7.28582594078406,24.0914172018169,55.206159816397));
#8990=CARTESIAN_POINT('',(-6.73665098075046,24.0914172018169,54.8099189007004));
#8991=CARTESIAN_POINT('',(-6.77413515494678,24.0914172018169,54.7807437968476));
#8992=CARTESIAN_POINT('',(-6.62294791289108,24.0914172018169,55.7220984950563));
#8993=CARTESIAN_POINT('Origin',(-7.13588924399874,24.0914172018169,55.322860231808));
#8994=CARTESIAN_POINT('',(-6.66995830208957,24.0914172018169,55.7824974443333));
#8995=CARTESIAN_POINT('',(-3.04102431129463,24.0914172018169,51.1200429576436));
#8996=CARTESIAN_POINT('',(-6.27925849501619,24.0914172018169,56.0377543680231));
#8997=CARTESIAN_POINT('Origin',(0.,24.0914172018169,46.));
#8998=CARTESIAN_POINT('',(-6.24283060656253,24.0914172018169,55.9704415259411));
#8999=CARTESIAN_POINT('',(-3.44901927560569,24.0914172018169,50.8079303590642));
#9000=CARTESIAN_POINT('',(-5.36180686280422,24.0914172018169,55.708149393131));
#9001=CARTESIAN_POINT('Origin',(-5.67117266827831,24.0914172018169,56.2798073314152));
#9002=CARTESIAN_POINT('',(-5.19470685007498,24.0914172018169,55.798579397808));
#9003=CARTESIAN_POINT('',(-5.23648185325729,24.0914172018169,55.7759718966388));
#9004=CARTESIAN_POINT('',(-4.93241471726486,24.0914172018169,56.6796031415663));
#9005=CARTESIAN_POINT('Origin',(-5.50407265554908,24.0914172018169,56.3702373360922));
#9006=CARTESIAN_POINT('',(-4.96884260571852,24.0914172018169,56.7469159836484));
#9007=CARTESIAN_POINT('',(-2.15681733053484,24.0914172018169,51.5507483957305));
#9008=CARTESIAN_POINT('',(-4.54145752600337,24.0914172018169,56.9343844609337));
#9009=CARTESIAN_POINT('Origin',(0.,24.0914172018169,46.));
#9010=CARTESIAN_POINT('',(-4.51660579613114,24.0914172018169,56.8619938449071));
#9011=CARTESIAN_POINT('',(-2.61061982059906,24.0914172018169,51.3100463701748));
#9012=CARTESIAN_POINT('',(-3.69076993404269,24.0914172018169,56.4582672927847));
#9013=CARTESIAN_POINT('Origin',(-3.90182458902573,24.0914172018169,57.0730484998901));
#9014=CARTESIAN_POINT('',(-3.51106465811956,24.0914172018169,56.5199601919336));
#9015=CARTESIAN_POINT('',(-3.55599097710034,24.0914172018169,56.5045369671464));
#9016=CARTESIAN_POINT('',(-3.1073381059972,24.0914172018169,57.345796054022));
#9017=CARTESIAN_POINT('Origin',(-3.72211931310261,24.0914172018169,57.134741399039));
#9018=CARTESIAN_POINT('',(-3.13218983586943,24.0914172018169,57.4181866700487));
#9019=CARTESIAN_POINT('',(-1.21377799540123,24.0914172018169,51.8300438873031));
#9020=CARTESIAN_POINT('',(-2.67977743437739,24.0914172018169,57.5327530495629));
#9021=CARTESIAN_POINT('Origin',(0.,24.0914172018169,46.));
#9022=CARTESIAN_POINT('',(-2.66717975349388,24.0914172018169,57.4572592868887));
#9023=CARTESIAN_POINT('',(-1.70100946226446,24.0914172018169,51.6673181585648));
#9024=CARTESIAN_POINT('',(-1.91905842259963,24.0914172018169,56.9231109233594));
#9025=CARTESIAN_POINT('Origin',(-2.02604490628211,24.0914172018169,57.5642457705711));
#9026=CARTESIAN_POINT('',(-1.73164977495311,24.0914172018169,56.9543838955127));
#9027=CARTESIAN_POINT('',(-1.77850193686474,24.0914172018169,56.9465656524744));
#9028=CARTESIAN_POINT('',(-1.19750141142382,24.0914172018169,57.702505226407));
#9029=CARTESIAN_POINT('Origin',(-1.83863625863559,24.0914172018169,57.5955187427245));
#9030=CARTESIAN_POINT('',(-1.21009909230733,24.0914172018169,57.7779989890812));
#9031=CARTESIAN_POINT('',(-0.237629960636153,24.0914172018169,51.9503109794202));
#9032=CARTESIAN_POINT('',(-0.745000000000001,24.0914172018169,57.8165381986435));
#9033=CARTESIAN_POINT('Origin',(0.,24.0914172018169,46.));
#9034=CARTESIAN_POINT('',(-0.745000000000001,24.0914172018169,57.7400005623699));
#9035=CARTESIAN_POINT('',(-0.745000000000009,24.0914172018169,51.8700002811849));
#9036=CARTESIAN_POINT('',(-0.0950000000000013,24.0914172018169,57.0900005623699));
#9037=CARTESIAN_POINT('Origin',(-0.0950000000000042,24.0914172018169,57.7400005623699));
#9038=CARTESIAN_POINT('',(0.0949999999999987,24.0914172018169,57.0900005623699));
#9039=CARTESIAN_POINT('',(0.0474999999999987,24.0914172018169,57.0900005623699));
#9040=CARTESIAN_POINT('',(0.744999999999999,24.0914172018169,57.7400005623699));
#9041=CARTESIAN_POINT('Origin',(0.0950000000000013,24.0914172018169,57.7400005623699));
#9042=CARTESIAN_POINT('',(0.744999999999999,24.0914172018169,57.8165381986435));
#9043=CARTESIAN_POINT('',(0.744999999999999,24.0914172018169,51.9082690993218));
#9044=CARTESIAN_POINT('',(1.21009909230733,24.0914172018169,57.7779989890812));
#9045=CARTESIAN_POINT('Origin',(0.,24.0914172018169,46.));
#9046=CARTESIAN_POINT('',(1.19750141142382,24.0914172018169,57.702505226407));
#9047=CARTESIAN_POINT('',(0.231331120194386,24.0914172018169,51.9125640980831));
#9048=CARTESIAN_POINT('',(1.73164977495311,24.0914172018169,56.9543838955127));
#9049=CARTESIAN_POINT('Origin',(1.83863625863558,24.0914172018169,57.5955187427245));
#9050=CARTESIAN_POINT('',(1.91905842259963,24.0914172018169,56.9231109233594));
#9051=CARTESIAN_POINT('',(1.872206260688,24.0914172018169,56.9309291663977));
#9052=CARTESIAN_POINT('',(2.66717975349387,24.0914172018169,57.4572592868887));
#9053=CARTESIAN_POINT('Origin',(2.02604490628211,24.0914172018169,57.5642457705711));
#9054=CARTESIAN_POINT('',(2.67977743437739,24.0914172018169,57.5327530495629));
#9055=CARTESIAN_POINT('',(1.70730830270621,24.0914172018169,51.7050650399019));
#9056=CARTESIAN_POINT('',(3.13218983586942,24.0914172018169,57.4181866700487));
#9057=CARTESIAN_POINT('Origin',(0.,24.0914172018169,46.));
#9058=CARTESIAN_POINT('',(3.10733810599719,24.0914172018169,57.345796054022));
#9059=CARTESIAN_POINT('',(1.2013521304651,24.0914172018169,51.7938485792898));
#9060=CARTESIAN_POINT('',(3.51106465811956,24.0914172018169,56.5199601919336));
#9061=CARTESIAN_POINT('Origin',(3.7221193131026,24.0914172018169,57.134741399039));
#9062=CARTESIAN_POINT('',(3.69076993404268,24.0914172018169,56.4582672927847));
#9063=CARTESIAN_POINT('',(3.6458436150619,24.0914172018169,56.4736905175719));
#9064=CARTESIAN_POINT('',(4.51660579613114,24.0914172018169,56.8619938449071));
#9065=CARTESIAN_POINT('Origin',(3.90182458902573,24.0914172018169,57.0730484998901));
#9066=CARTESIAN_POINT('',(4.54145752600337,24.0914172018169,56.9343844609337));
#9067=CARTESIAN_POINT('',(2.62304568553517,24.0914172018169,51.3462416781881));
#9068=CARTESIAN_POINT('',(4.96884260571852,24.0914172018169,56.7469159836484));
#9069=CARTESIAN_POINT('Origin',(0.,24.0914172018169,46.));
#9070=CARTESIAN_POINT('',(4.93241471726486,24.0914172018169,56.6796031415663));
#9071=CARTESIAN_POINT('',(2.13860338630801,24.0914172018169,51.5170919746895));
#9072=CARTESIAN_POINT('',(5.19470685007498,24.0914172018169,55.798579397808));
#9073=CARTESIAN_POINT('Origin',(5.50407265554907,24.0914172018169,56.3702373360922));
#9074=CARTESIAN_POINT('',(5.36180686280421,24.0914172018169,55.708149393131));
#9075=CARTESIAN_POINT('',(5.3200318596219,24.0914172018169,55.7307568943002));
#9076=CARTESIAN_POINT('',(6.24283060656253,24.0914172018169,55.9704415259411));
#9077=CARTESIAN_POINT('Origin',(5.67117266827831,24.0914172018169,56.2798073314152));
#9078=CARTESIAN_POINT('',(6.27925849501618,24.0914172018169,56.0377543680231));
#9079=CARTESIAN_POINT('',(3.46723321983251,24.0914172018169,50.8415867801053));
#9080=CARTESIAN_POINT('',(6.66995830208957,24.0914172018169,55.7824974443333));
#9081=CARTESIAN_POINT('Origin',(0.,24.0914172018169,46.));
#9082=CARTESIAN_POINT('',(6.62294791289108,24.0914172018169,55.7220984950563));
#9083=CARTESIAN_POINT('',(3.01751911669538,24.0914172018169,51.0898434830051));
#9084=CARTESIAN_POINT('',(6.73665098075045,24.0914172018169,54.8099189007004));
#9085=CARTESIAN_POINT('Origin',(7.13588924399873,24.0914172018169,55.322860231808));
#9086=CARTESIAN_POINT('',(6.88658767753577,24.0914172018169,54.6932184852893));
#9087=CARTESIAN_POINT('',(6.84910350333944,24.0914172018169,54.7223935891421));
#9088=CARTESIAN_POINT('',(7.79876727189171,24.0914172018169,54.8069215531487));
#9089=CARTESIAN_POINT('Origin',(7.28582594078405,24.0914172018169,55.206159816397));
#9090=CARTESIAN_POINT('',(7.84577766109019,24.0914172018169,54.8673205024257));
#9091=CARTESIAN_POINT('',(4.21684367029525,24.0914172018169,50.204866015736));
#9092=CARTESIAN_POINT('',(8.18913492326323,24.0914172018169,54.5512378758044));
#9093=CARTESIAN_POINT('Origin',(0.,24.0914172018169,46.));
#9094=CARTESIAN_POINT('',(8.13282435419031,24.0914172018169,54.4994003452204));
#9095=CARTESIAN_POINT('',(3.81412479166456,24.0914172018169,50.523757329336));
#9096=CARTESIAN_POINT('',(8.09483683380951,24.0914172018169,53.5809467817262));
#9097=CARTESIAN_POINT('Origin',(8.57305737574704,24.0914172018169,54.0211798032829));
#9098=CARTESIAN_POINT('',(8.2235203324184,24.0914172018169,53.4411592386983));
#9099=CARTESIAN_POINT('',(8.19134945776618,24.0914172018169,53.4761061244552));
#9100=CARTESIAN_POINT('',(9.14197389591267,24.0914172018169,53.4031717183175));
#9101=CARTESIAN_POINT('Origin',(8.70174087435593,24.0914172018169,53.881392260255));
#9102=CARTESIAN_POINT('',(9.19828446498558,24.0914172018169,53.4550092489014));
#9103=CARTESIAN_POINT('',(4.85142961792338,24.0914172018169,49.453447467725));
#9104=CARTESIAN_POINT('',(9.48493329121178,24.0914172018169,53.086722829437));
#9105=CARTESIAN_POINT('Origin',(0.,24.0914172018169,46.));
#9106=CARTESIAN_POINT('',(9.42085854779804,24.0914172018169,53.04486071025));
#9107=CARTESIAN_POINT('',(4.50669108499841,24.0914172018169,49.8342748682778));
#9108=CARTESIAN_POINT('',(9.23221663970698,24.0914172018169,52.1451861965998));
#9109=CARTESIAN_POINT('Origin',(9.77637485057762,24.0914172018169,52.5007024993794));
#9110=CARTESIAN_POINT('',(9.33613678975024,24.0914172018169,51.9861245657299));
#9111=CARTESIAN_POINT('',(9.31015675223942,24.0914172018169,52.0258899734474));
#9112=CARTESIAN_POINT('',(10.2358113034005,24.0914172018169,51.7974826576389));
#9113=CARTESIAN_POINT('Origin',(9.88029500062088,24.0914172018169,52.3416408685095));
#9114=CARTESIAN_POINT('',(10.2998860468142,24.0914172018169,51.8393447768258));
#9115=CARTESIAN_POINT('',(5.3536812123077,24.0914172018169,48.6078278752601));
#9116=CARTESIAN_POINT('',(10.5220074043518,24.0914172018169,51.4289004579902));
#9117=CARTESIAN_POINT('Origin',(0.,24.0914172018169,46.));
#9118=CARTESIAN_POINT('',(10.4519162785672,24.0914172018169,51.3981556396853));
#9119=CARTESIAN_POINT('',(5.07632659360036,24.0914172018169,49.0402033840217));
#9120=CARTESIAN_POINT('',(10.1177656422658,24.0914172018169,50.5418009513351));
#9121=CARTESIAN_POINT('Origin',(10.7130183045916,24.0914172018169,50.8029029773595));
#9122=CARTESIAN_POINT('',(10.1940877729499,24.0914172018169,50.3678040192706));
#9123=CARTESIAN_POINT('',(10.1750072402789,24.0914172018169,50.4113032522867));
#9124=CARTESIAN_POINT('',(11.0504424613001,24.0914172018169,50.0336533829693));
#9125=CARTESIAN_POINT('Origin',(10.7893404352757,24.0914172018169,50.6289060452951));
#9126=CARTESIAN_POINT('',(11.1205335870847,24.0914172018169,50.0643982012741));
#9127=CARTESIAN_POINT('',(5.7098983392256,24.0914172018169,47.6910735364581));
#9128=CARTESIAN_POINT('',(11.2720685843273,24.0914172018169,49.6229918341367));
#9129=CARTESIAN_POINT('Origin',(0.,24.0914172018169,46.));
#9130=CARTESIAN_POINT('',(11.1978729793693,24.0914172018169,49.6042029552114));
#9131=CARTESIAN_POINT('',(5.5074931457247,24.0914172018169,48.1632030766681));
#9132=CARTESIAN_POINT('',(10.7273283731503,24.0914172018169,48.8145272157094));
#9133=CARTESIAN_POINT('Origin',(11.3574385460108,24.0914172018169,48.9740927823509));
#9134=CARTESIAN_POINT('',(10.773970615707,24.0914172018169,48.6303411651809));
#9135=CARTESIAN_POINT('',(10.7623100550678,24.0914172018169,48.676387677813));
#9136=CARTESIAN_POINT('',(11.5636463552091,24.0914172018169,48.1597965589618));
#9137=CARTESIAN_POINT('Origin',(11.4040807885676,24.0914172018169,48.7899067318224));
#9138=CARTESIAN_POINT('',(11.6378419601671,24.0914172018169,48.1785854378871));
#9139=CARTESIAN_POINT('',(5.91036432404351,24.0914172018169,46.7281911198812));
#9140=CARTESIAN_POINT('',(11.7146571174122,24.0914172018169,47.7182574374828));
#9141=CARTESIAN_POINT('Origin',(0.,24.0914172018169,46.));
#9142=CARTESIAN_POINT('',(11.6383808959705,24.0914172018169,47.7119370095753));
#9143=CARTESIAN_POINT('',(5.78842964179679,24.0914172018169,47.2271962284327));
#9144=CARTESIAN_POINT('',(11.0442775500731,24.0914172018169,47.010480514564));
#9145=CARTESIAN_POINT('Origin',(11.6920574705275,24.0914172018169,47.064157089121));
#9146=CARTESIAN_POINT('',(11.0599676257129,24.0914172018169,46.8211294608927));
#9147=CARTESIAN_POINT('',(11.0560451068029,24.0914172018169,46.8684672243105));
#9148=CARTESIAN_POINT('',(11.7614241207242,24.0914172018169,46.2270261149954));
#9149=CARTESIAN_POINT('Origin',(11.7077475461672,24.0914172018169,46.8748060354497));
#9150=CARTESIAN_POINT('',(11.8377003421659,24.0914172018169,46.2333465429029));
#9151=CARTESIAN_POINT('',(5.94961097727141,24.0914172018169,45.7454455478065));
#9152=CARTESIAN_POINT('',(11.8377003421659,24.0914172018169,45.7666534570972));
#9153=CARTESIAN_POINT('Origin',(0.,24.0914172018169,46.));
#9154=CARTESIAN_POINT('',(11.7614241207242,24.0914172018169,45.7729738850047));
#9155=CARTESIAN_POINT('',(5.91147286655056,24.0914172018169,46.2577146661474));
#9156=CARTESIAN_POINT('',(11.0599676257129,24.0914172018169,45.1788705391074));
#9157=CARTESIAN_POINT('Origin',(11.7077475461672,24.0914172018169,45.1251939645503));
#9158=CARTESIAN_POINT('',(11.0442775500731,24.0914172018169,44.9895194854361));
#9159=CARTESIAN_POINT('',(11.0482000689831,24.0914172018169,45.0368572488539));
#9160=CARTESIAN_POINT('',(11.6383808959705,24.0914172018169,44.2880629904247));
#9161=CARTESIAN_POINT('Origin',(11.6920574705275,24.0914172018169,44.9358429108791));
#9162=CARTESIAN_POINT('',(11.7146571174122,24.0914172018169,44.2817425625173));
#9163=CARTESIAN_POINT('',(5.82656775251763,24.0914172018169,44.7696435576137));
#9164=CARTESIAN_POINT('',(11.6378419601671,24.0914172018169,43.821414562113));
#9165=CARTESIAN_POINT('Origin',(0.,24.0914172018169,46.));
#9166=CARTESIAN_POINT('',(11.5636463552091,24.0914172018169,43.8402034410382));
#9167=CARTESIAN_POINT('',(5.8732665215645,24.0914172018169,45.2812033195815));
#9168=CARTESIAN_POINT('',(10.773970615707,24.0914172018169,43.3696588348192));
#9169=CARTESIAN_POINT('Origin',(11.4040807885676,24.0914172018169,43.2100932681777));
#9170=CARTESIAN_POINT('',(10.7273283731503,24.0914172018169,43.1854727842907));
#9171=CARTESIAN_POINT('',(10.7389889337894,24.0914172018169,43.2315192969228));
#9172=CARTESIAN_POINT('',(11.1978729793693,24.0914172018169,42.3957970447886));
#9173=CARTESIAN_POINT('Origin',(11.3574385460108,24.0914172018169,43.0259072176492));
#9174=CARTESIAN_POINT('',(11.2720685843273,24.0914172018169,42.3770081658634));
#9175=CARTESIAN_POINT('',(5.54459094820372,24.0914172018169,43.8274024838693));
#9176=CARTESIAN_POINT('',(11.1205335870847,24.0914172018169,41.9356017987259));
#9177=CARTESIAN_POINT('Origin',(0.,24.0914172018169,46.));
#9178=CARTESIAN_POINT('',(11.0504424613001,24.0914172018169,41.9663466170308));
#9179=CARTESIAN_POINT('',(5.6748527763333,24.0914172018169,44.3242988726944));
#9180=CARTESIAN_POINT('',(10.1940877729499,24.0914172018169,41.6321959807294));
#9181=CARTESIAN_POINT('Origin',(10.7893404352757,24.0914172018169,41.371093954705));
#9182=CARTESIAN_POINT('',(10.1177656422658,24.0914172018169,41.458199048665));
#9183=CARTESIAN_POINT('',(10.1368461749369,24.0914172018169,41.5016982816811));
#9184=CARTESIAN_POINT('',(10.4519162785672,24.0914172018169,40.6018443603148));
#9185=CARTESIAN_POINT('Origin',(10.7130183045916,24.0914172018169,41.1970970226405));
#9186=CARTESIAN_POINT('',(10.5220074043518,24.0914172018169,40.5710995420099));
#9187=CARTESIAN_POINT('',(5.11137215649268,24.0914172018169,42.944424206826));
#9188=CARTESIAN_POINT('',(10.2998860468142,24.0914172018169,40.1606552231743));
#9189=CARTESIAN_POINT('Origin',(0.,24.0914172018169,46.));
#9190=CARTESIAN_POINT('',(10.2358113034005,24.0914172018169,40.2025173423612));
#9191=CARTESIAN_POINT('',(5.32164384060084,24.0914172018169,43.4131031843334));
#9192=CARTESIAN_POINT('',(9.33613678975024,24.0914172018169,40.0138754342701));
#9193=CARTESIAN_POINT('Origin',(9.88029500062088,24.0914172018169,39.6583591314905));
#9194=CARTESIAN_POINT('',(9.23221663970698,24.0914172018169,39.8548138034002));
#9195=CARTESIAN_POINT('',(9.25819667721779,24.0914172018169,39.8945792111177));
#9196=CARTESIAN_POINT('',(9.42085854779804,24.0914172018169,38.95513928975));
#9197=CARTESIAN_POINT('Origin',(9.77637485057762,24.0914172018169,39.4992975006207));
#9198=CARTESIAN_POINT('',(9.48493329121178,24.0914172018169,38.9132771705631));
#9199=CARTESIAN_POINT('',(4.53872845670529,24.0914172018169,42.1447940721288));
#9200=CARTESIAN_POINT('',(9.19828446498559,24.0914172018169,38.5449907510987));
#9201=CARTESIAN_POINT('Origin',(0.,24.0914172018169,46.));
#9202=CARTESIAN_POINT('',(9.14197389591267,24.0914172018169,38.5968282816826));
#9203=CARTESIAN_POINT('',(4.82327433338693,24.0914172018169,42.5724712975671));
#9204=CARTESIAN_POINT('',(8.22352033241841,24.0914172018169,38.5588407613018));
#9205=CARTESIAN_POINT('Origin',(8.70174087435594,24.0914172018169,38.1186077397451));
#9206=CARTESIAN_POINT('',(8.09483683380952,24.0914172018169,38.4190532182739));
#9207=CARTESIAN_POINT('',(8.12700770846174,24.0914172018169,38.4540001040309));
#9208=CARTESIAN_POINT('',(8.13282435419032,24.0914172018169,37.5005996547796));
#9209=CARTESIAN_POINT('Origin',(8.57305737574705,24.0914172018169,37.9788201967172));
#9210=CARTESIAN_POINT('',(8.18913492326324,24.0914172018169,37.4487621241957));
#9211=CARTESIAN_POINT('',(3.84228007620103,24.0914172018169,41.4503239053721));
#9212=CARTESIAN_POINT('',(7.8457776610902,24.0914172018169,37.1326794975744));
#9213=CARTESIAN_POINT('Origin',(0.,24.0914172018169,46.));
#9214=CARTESIAN_POINT('',(7.79876727189171,24.0914172018169,37.1930784468514));
#9215=CARTESIAN_POINT('',(4.19333847569602,24.0914172018169,41.8253334589026));
#9216=CARTESIAN_POINT('',(6.88658767753577,24.0914172018169,37.3067815147107));
#9217=CARTESIAN_POINT('Origin',(7.28582594078406,24.0914172018169,36.7938401836031));
#9218=CARTESIAN_POINT('',(6.73665098075046,24.0914172018169,37.1900810992997));
#9219=CARTESIAN_POINT('',(6.77413515494679,24.0914172018169,37.2192562031525));
#9220=CARTESIAN_POINT('',(6.62294791289109,24.0914172018169,36.2779015049438));
#9221=CARTESIAN_POINT('Origin',(7.13588924399874,24.0914172018169,36.677139768192));
#9222=CARTESIAN_POINT('',(6.66995830208957,24.0914172018169,36.2175025556668));
#9223=CARTESIAN_POINT('',(3.04102431129463,24.0914172018169,40.8799570423565));
#9224=CARTESIAN_POINT('',(6.27925849501619,24.0914172018169,35.9622456319769));
#9225=CARTESIAN_POINT('Origin',(0.,24.0914172018169,46.));
#9226=CARTESIAN_POINT('',(6.24283060656254,24.0914172018169,36.029558474059));
#9227=CARTESIAN_POINT('',(3.44901927560569,24.0914172018169,41.1920696409358));
#9228=CARTESIAN_POINT('',(5.36180686280422,24.0914172018169,36.2918506068691));
#9229=CARTESIAN_POINT('Origin',(5.67117266827832,24.0914172018169,35.7201926685849));
#9230=CARTESIAN_POINT('',(5.19470685007499,24.0914172018169,36.2014206021921));
#9231=CARTESIAN_POINT('',(5.2364818532573,24.0914172018169,36.2240281033613));
#9232=CARTESIAN_POINT('',(4.93241471726487,24.0914172018169,35.3203968584337));
#9233=CARTESIAN_POINT('Origin',(5.50407265554908,24.0914172018169,35.6297626639078));
#9234=CARTESIAN_POINT('',(4.96884260571852,24.0914172018169,35.2530840163517));
#9235=CARTESIAN_POINT('',(2.15681733053485,24.0914172018169,40.4492516042695));
#9236=CARTESIAN_POINT('',(4.54145752600337,24.0914172018169,35.0656155390664));
#9237=CARTESIAN_POINT('Origin',(0.,24.0914172018169,46.));
#9238=CARTESIAN_POINT('',(4.51660579613114,24.0914172018169,35.138006155093));
#9239=CARTESIAN_POINT('',(2.61061982059907,24.0914172018169,40.6899536298253));
#9240=CARTESIAN_POINT('',(3.69076993404269,24.0914172018169,35.5417327072154));
#9241=CARTESIAN_POINT('Origin',(3.90182458902573,24.0914172018169,34.92695150011));
#9242=CARTESIAN_POINT('',(3.51106465811957,24.0914172018169,35.4800398080665));
#9243=CARTESIAN_POINT('',(3.55599097710035,24.0914172018169,35.4954630328537));
#9244=CARTESIAN_POINT('',(3.1073381059972,24.0914172018169,34.654203945978));
#9245=CARTESIAN_POINT('Origin',(3.72211931310261,24.0914172018169,34.8652586009611));
#9246=CARTESIAN_POINT('',(3.13218983586943,24.0914172018169,34.5818133299514));
#9247=CARTESIAN_POINT('',(1.21377799540123,24.0914172018169,40.169956112697));
#9248=CARTESIAN_POINT('',(2.6797774343774,24.0914172018169,34.4672469504372));
#9249=CARTESIAN_POINT('Origin',(0.,24.0914172018169,46.));
#9250=CARTESIAN_POINT('',(2.66717975349388,24.0914172018169,34.5427407131114));
#9251=CARTESIAN_POINT('',(1.70100946226446,24.0914172018169,40.3326818414353));
#9252=CARTESIAN_POINT('',(1.91905842259964,24.0914172018169,35.0768890766407));
#9253=CARTESIAN_POINT('Origin',(2.02604490628212,24.0914172018169,34.4357542294289));
#9254=CARTESIAN_POINT('',(1.73164977495312,24.0914172018169,35.0456161044873));
#9255=CARTESIAN_POINT('',(1.77850193686475,24.0914172018169,35.0534343475257));
#9256=CARTESIAN_POINT('',(1.19750141142383,24.0914172018169,34.2974947735931));
#9257=CARTESIAN_POINT('Origin',(1.83863625863559,24.0914172018169,34.4044812572756));
#9258=CARTESIAN_POINT('',(1.21009909230734,24.0914172018169,34.2220010109189));
#9259=CARTESIAN_POINT('',(0.237629960636157,24.0914172018169,40.0496890205799));
#9260=CARTESIAN_POINT('',(0.745,24.0914172018169,34.1834618013566));
#9261=CARTESIAN_POINT('Origin',(0.,24.0914172018169,46.));
#9262=CARTESIAN_POINT('',(0.745,24.0914172018169,34.2599994376302));
#9263=CARTESIAN_POINT('',(0.745000000000008,24.0914172018169,40.1299997188151));
#9264=CARTESIAN_POINT('Origin',(0.0950000000000028,24.0914172018169,34.2599994376302));
#9265=CARTESIAN_POINT('Origin',(-4.30072818774468E-15,24.091417678654,46.0000006854534));
#9266=CARTESIAN_POINT('',(8.25,25.091417678654,46.0000006854534));
#9267=CARTESIAN_POINT('Origin',(-4.30072818774468E-15,25.091417678654,46.0000006854534));
#9268=CARTESIAN_POINT('',(8.25,24.091417678654,46.0000006854534));
#9269=CARTESIAN_POINT('',(8.25,24.091417678654,46.0000006854534));
#9270=CARTESIAN_POINT('',(-8.25,24.0914172018169,46.));
#9271=CARTESIAN_POINT('Origin',(0.,24.0914172018169,46.));
#9272=CARTESIAN_POINT('Origin',(0.,24.0914172018169,46.));
#9273=CARTESIAN_POINT('Origin',(-4.30072818774468E-15,24.091417678654,46.0000006854534));
#9274=CARTESIAN_POINT('',(12.0000001788139,25.091417678654,46.0000006854534));
#9275=CARTESIAN_POINT('Origin',(-4.30072818774468E-15,25.091417678654,46.0000006854534));
#9276=CARTESIAN_POINT('',(12.0000001788139,24.091417678654,46.0000006854534));
#9277=CARTESIAN_POINT('Origin',(-4.44089209850063E-15,25.091417678654,46.0000006854534));
#9278=CARTESIAN_POINT('Origin',(-4.30072818774468E-15,9.09141720181686,
46.0000006854534));
#9279=CARTESIAN_POINT('',(12.5000001788139,14.0914172018169,46.0000006854534));
#9280=CARTESIAN_POINT('Origin',(-4.30072818774468E-15,14.0914172018169,
46.0000006854534));
#9281=CARTESIAN_POINT('',(12.5000001788139,9.02790882875099,46.0000006854534));
#9282=CARTESIAN_POINT('',(12.5000001788139,9.09141720181686,46.0000006854534));
#9283=CARTESIAN_POINT('',(8.90280851134245,9.02790882875099,37.2256058299254));
#9284=CARTESIAN_POINT('Origin',(0.,9.027908828751,46.0000006854534));
#9285=CARTESIAN_POINT('',(7.12876790448006,9.09141720181686,35.732056751325));
#9286=CARTESIAN_POINT('Ctrl Pts',(7.12876790447969,9.09141720181686,35.7320567513248));
#9287=CARTESIAN_POINT('Ctrl Pts',(7.1694476700539,9.09141720181686,35.7602996604259));
#9288=CARTESIAN_POINT('Ctrl Pts',(7.21068806405702,9.09109517439443,35.7892897901198));
#9289=CARTESIAN_POINT('Ctrl Pts',(7.62673759434743,9.08491911616832,36.0856672220925));
#9290=CARTESIAN_POINT('Ctrl Pts',(7.98556016920265,9.05787216544795,36.3718038652291));
#9291=CARTESIAN_POINT('Ctrl Pts',(8.53252705536385,9.03318225622603,36.8613218254415));
#9292=CARTESIAN_POINT('Ctrl Pts',(8.72027797756533,9.02790882875099,37.0404039537336));
#9293=CARTESIAN_POINT('Ctrl Pts',(8.90280851134245,9.02790882875099,37.2256058299254));
#9294=CARTESIAN_POINT('',(-2.12143724671493,9.09141720181686,33.6813356409529));
#9295=CARTESIAN_POINT('Origin',(-4.30072818774468E-15,9.09141720181686,
46.0000006854534));
#9296=CARTESIAN_POINT('',(-4.36046517865603,9.027908828751,34.2852088436802));
#9297=CARTESIAN_POINT('Ctrl Pts',(-4.36046517865603,9.02790882875099,34.2852088436802));
#9298=CARTESIAN_POINT('Ctrl Pts',(-4.3244154541405,9.02790882875099,34.2717904602745));
#9299=CARTESIAN_POINT('Ctrl Pts',(-4.28819365790715,9.02801846465391,34.2584974118443));
#9300=CARTESIAN_POINT('Ctrl Pts',(-4.09569572636892,9.02918451518797,34.1888690540965));
#9301=CARTESIAN_POINT('Ctrl Pts',(-3.93778459240648,9.03220104215851,34.1352449596703));
#9302=CARTESIAN_POINT('Ctrl Pts',(-3.52717517634843,9.04426171549758,34.0051046390329));
#9303=CARTESIAN_POINT('Ctrl Pts',(-3.27373680451258,9.0557588535856,33.9334212044695));
#9304=CARTESIAN_POINT('Ctrl Pts',(-2.71492784236832,9.07974385910092,33.7944108163492));
#9305=CARTESIAN_POINT('Ctrl Pts',(-2.41583164579782,9.09141720181686,33.7320342549003));
#9306=CARTESIAN_POINT('Ctrl Pts',(-2.12143724671493,9.09141720181686,33.6813356409529));
#9307=CARTESIAN_POINT('',(-12.050253103394,9.02790882875099,42.6771397773666));
#9308=CARTESIAN_POINT('Origin',(0.,9.02790882875099,46.0000006854534));
#9309=CARTESIAN_POINT('',(-12.4566842438295,9.09141720181686,44.9602785495547));
#9310=CARTESIAN_POINT('Ctrl Pts',(-12.4566842438295,9.09141720181686,44.9602785495547));
#9311=CARTESIAN_POINT('Ctrl Pts',(-12.4330541920392,9.09141720181686,44.6771720505633));
#9312=CARTESIAN_POINT('Ctrl Pts',(-12.3990824495632,9.08077820628683,44.3864338666079));
#9313=CARTESIAN_POINT('Ctrl Pts',(-12.2997533226839,9.0539417217481,43.7444954642082));
#9314=CARTESIAN_POINT('Ctrl Pts',(-12.2305935136135,9.03782123057346,43.3931260084764));
#9315=CARTESIAN_POINT('Ctrl Pts',(-12.1146084440836,9.02907055852558,42.9175037331959));
#9316=CARTESIAN_POINT('Ctrl Pts',(-12.0833698401024,9.02790882875099,42.7972366066749));
#9317=CARTESIAN_POINT('Ctrl Pts',(-12.050253103394,9.02790882875099,42.6771397773666));
#9318=CARTESIAN_POINT('',(-9.60755824589134,9.09141720181686,53.9965517558933));
#9319=CARTESIAN_POINT('Origin',(-4.30072818774468E-15,9.09141720181686,
46.0000006854534));
#9320=CARTESIAN_POINT('',(-7.96507474569431,9.027908828751,55.6336702233736));
#9321=CARTESIAN_POINT('Ctrl Pts',(-7.96507474569431,9.027908828751,55.6336702233736));
#9322=CARTESIAN_POINT('Ctrl Pts',(-7.99472026885907,9.027908828751,55.6091594378465));
#9323=CARTESIAN_POINT('Ctrl Pts',(-8.02434328461004,9.02801846465392,55.5844369663529));
#9324=CARTESIAN_POINT('Ctrl Pts',(-8.18089217701274,9.02918451518798,55.4525430463386));
#9325=CARTESIAN_POINT('Ctrl Pts',(-8.30628757202214,9.03220104215852,55.3426000399997));
#9326=CARTESIAN_POINT('Ctrl Pts',(-8.62429710377939,9.04426171549758,55.0520720149793));
#9327=CARTESIAN_POINT('Ctrl Pts',(-8.81309596505972,9.0557588535856,54.8684296639575));
#9328=CARTESIAN_POINT('Ctrl Pts',(-9.2128869736341,9.07974385910092,54.4539921009381));
#9329=CARTESIAN_POINT('Ctrl Pts',(-9.4164547587348,9.09141720181686,54.2261554772572));
#9330=CARTESIAN_POINT('Ctrl Pts',(-9.60755824589134,9.09141720181686,53.9965517558933));
#9331=CARTESIAN_POINT('',(3.14744459205155,9.02790882875099,58.0972564490683));
#9332=CARTESIAN_POINT('Origin',(0.,9.02790882875099,46.0000006854534));
#9333=CARTESIAN_POINT('',(5.32791633934939,9.09141720181686,57.3076667554805));
#9334=CARTESIAN_POINT('Ctrl Pts',(5.32791633934939,9.09141720181686,57.3076667554805));
#9335=CARTESIAN_POINT('Ctrl Pts',(5.02083089179783,9.09141720181685,57.4523584684701));
#9336=CARTESIAN_POINT('Ctrl Pts',(4.69744765813167,9.0762368887711,57.5894695975779));
#9337=CARTESIAN_POINT('Ctrl Pts',(4.13359508914061,9.05096493147023,57.7991658183122));
#9338=CARTESIAN_POINT('Ctrl Pts',(3.90470273544494,9.0411282085108,57.8770141573214));
#9339=CARTESIAN_POINT('Ctrl Pts',(3.51650436066884,9.03092391449469,57.9962531619769));
#9340=CARTESIAN_POINT('Ctrl Pts',(3.3609619244328,9.02844673770972,58.0408021595863));
#9341=CARTESIAN_POINT('Ctrl Pts',(3.18400031895802,9.02793527205998,58.0877011554427));
#9342=CARTESIAN_POINT('Ctrl Pts',(3.16573461836742,9.027908828751,58.0924977793715));
#9343=CARTESIAN_POINT('Ctrl Pts',(3.14744459205154,9.027908828751,58.0972564490683));
#9344=CARTESIAN_POINT('',(11.7289954926063,9.09141720181686,50.322114659514));
#9345=CARTESIAN_POINT('Origin',(-4.30072818774468E-15,9.09141720181686,
46.0000006854534));
#9346=CARTESIAN_POINT('',(12.3255399243503,9.027908828751,48.0811229893065));
#9347=CARTESIAN_POINT('Ctrl Pts',(12.3255399243503,9.027908828751,48.0811229893065));
#9348=CARTESIAN_POINT('Ctrl Pts',(12.3018476932126,9.027908828751,48.2214412878729));
#9349=CARTESIAN_POINT('Ctrl Pts',(12.275674860147,9.02943216267385,48.3619148856793));
#9350=CARTESIAN_POINT('Ctrl Pts',(12.1604309527989,9.04114617878975,48.925715280651));
#9351=CARTESIAN_POINT('Ctrl Pts',(12.056107939971,9.06289025445311,49.3277196593212));
#9352=CARTESIAN_POINT('Ctrl Pts',(11.8678883349892,9.08586715178241,49.9305854172065));
#9353=CARTESIAN_POINT('Ctrl Pts',(11.8000054157118,9.09141720181686,50.1294138022406));
#9354=CARTESIAN_POINT('Ctrl Pts',(11.7289954926063,9.09141720181686,50.322114659514));
#9355=CARTESIAN_POINT('Origin',(0.,9.027908828751,46.0000006854534));
#9356=CARTESIAN_POINT('Origin',(5.41360462088642,7.09141720181686,66.8072803012205));
#9357=CARTESIAN_POINT('',(3.52513789267023,7.09141720181686,59.5489269468832));
#9358=CARTESIAN_POINT('Origin',(3.02154676514591,7.09141720181686,57.6133660523932));
#9359=CARTESIAN_POINT('',(11.5572449530539,7.09141720181686,62.5054570285877));
#9360=CARTESIAN_POINT('Origin',(5.41360462088642,7.09141720181686,66.8072803012205));
#9361=CARTESIAN_POINT('',(13.1955490416318,9.09141720181686,61.3583041558856));
#9362=CARTESIAN_POINT('Origin',(13.1955490416318,7.09141720181686,61.3583041558856));
#9363=CARTESIAN_POINT('Origin',(5.41360462088642,9.09141720181686,66.8072803012205));
#9364=CARTESIAN_POINT('Origin',(-20.7264350413436,7.09141720181686,40.2846800053023));
#9365=CARTESIAN_POINT('',(-13.4962832827354,7.09141720181686,42.2783965216341));
#9366=CARTESIAN_POINT('Origin',(-11.5682428137732,7.09141720181686,42.8100542593226));
#9367=CARTESIAN_POINT('',(-20.0727669707362,7.09141720181686,47.7561402409904));
#9368=CARTESIAN_POINT('Origin',(-20.7264350413436,7.09141720181686,40.2846800053023));
#9369=CARTESIAN_POINT('',(-19.8984554852409,9.09141720181686,49.7485296371739));
#9370=CARTESIAN_POINT('Origin',(-19.8984554852409,7.09141720181686,49.7485296371739));
#9371=CARTESIAN_POINT('Origin',(-20.7264350413436,9.09141720181686,40.2846800053023));
#9372=CARTESIAN_POINT('Origin',(15.3128304204572,7.09141720181686,30.9080417498374));
#9373=CARTESIAN_POINT('',(9.97114539006516,7.09141720181686,36.172678587843));
#9374=CARTESIAN_POINT('Origin',(8.54669604862728,7.09141720181686,37.5765817446445));
#9375=CARTESIAN_POINT('',(8.51552201768233,7.09141720181686,27.7384047867821));
#9376=CARTESIAN_POINT('Origin',(15.3128304204572,7.09141720181686,30.9080417498374));
#9377=CARTESIAN_POINT('',(6.70290644360903,9.09141720181686,26.8931682633007));
#9378=CARTESIAN_POINT('Origin',(6.70290644360903,7.09141720181686,26.8931682633007));
#9379=CARTESIAN_POINT('Origin',(15.3128304204572,9.09141720181686,30.9080417498374));
#9380=CARTESIAN_POINT('Origin',(-1.91905842259963,14.0914172018169,35.0768890766407));
#9381=CARTESIAN_POINT('',(-1.91905842259963,14.0914172018169,35.0768890766407));
#9382=CARTESIAN_POINT('',(-1.73164977495311,14.0914172018169,35.0456161044873));
#9383=CARTESIAN_POINT('',(-1.87220631632959,14.0914172018169,35.0690708428873));
#9384=CARTESIAN_POINT('',(-1.91905842259963,14.0914172018169,35.0768890766407));
#9385=CARTESIAN_POINT('',(-1.73164977495311,14.0914172018169,35.0456161044873));
#9386=CARTESIAN_POINT('Origin',(-2.02604490628211,14.0914172018169,34.4357542294289));
#9387=CARTESIAN_POINT('',(-2.66717975349388,14.0914172018169,34.5427407131114));
#9388=CARTESIAN_POINT('Origin',(-2.02604490628211,14.0914172018169,34.4357542294289));
#9389=CARTESIAN_POINT('',(-2.66717975349388,14.0914172018169,34.5427407131114));
#9390=CARTESIAN_POINT('Origin',(-2.67977743437739,14.0914172018169,34.4672469504372));
#9391=CARTESIAN_POINT('',(-2.67977743437739,14.0914172018169,34.4672469504372));
#9392=CARTESIAN_POINT('',(-1.70730824706462,14.0914172018169,40.2949352935399));
#9393=CARTESIAN_POINT('',(-2.67977743437739,14.0914172018169,34.4672469504372));
#9394=CARTESIAN_POINT('Origin',(-1.19750141142382,14.0914172018169,34.2974947735931));
#9395=CARTESIAN_POINT('',(-1.19750141142382,14.0914172018169,34.2974947735931));
#9396=CARTESIAN_POINT('',(-1.21009909230733,14.0914172018169,34.2220010109189));
#9397=CARTESIAN_POINT('',(-0.2313310645528,14.0914172018169,40.0874362353587));
#9398=CARTESIAN_POINT('',(-1.19750141142382,14.0914172018169,34.2974947735931));
#9399=CARTESIAN_POINT('',(-1.21009909230733,14.0914172018169,34.2220010109189));
#9400=CARTESIAN_POINT('Origin',(-1.83863625863559,14.0914172018169,34.4044812572756));
#9401=CARTESIAN_POINT('Origin',(-1.83863625863559,14.0914172018169,34.4044812572756));
#9402=CARTESIAN_POINT('Origin',(0.,14.0914172018169,46.));
#9403=CARTESIAN_POINT('',(-3.13218983586943,14.0914172018169,34.5818133299514));
#9404=CARTESIAN_POINT('Origin',(0.,14.0914172018169,46.));
#9405=CARTESIAN_POINT('',(-3.13218983586943,14.0914172018169,34.5818133299514));
#9406=CARTESIAN_POINT('Origin',(-3.69076993404268,14.0914172018169,35.5417327072154));
#9407=CARTESIAN_POINT('',(-3.69076993404268,14.0914172018169,35.5417327072154));
#9408=CARTESIAN_POINT('',(-3.51106465811956,14.0914172018169,35.4800398080665));
#9409=CARTESIAN_POINT('',(-3.64584372031545,14.0914172018169,35.5263095185617));
#9410=CARTESIAN_POINT('',(-3.69076993404268,14.0914172018169,35.5417327072154));
#9411=CARTESIAN_POINT('',(-3.51106465811956,14.0914172018169,35.4800398080665));
#9412=CARTESIAN_POINT('Origin',(-3.90182458902573,14.0914172018169,34.9269515001099));
#9413=CARTESIAN_POINT('',(-4.51660579613114,14.0914172018169,35.138006155093));
#9414=CARTESIAN_POINT('Origin',(-3.90182458902573,14.0914172018169,34.9269515001099));
#9415=CARTESIAN_POINT('',(-4.51660579613114,14.0914172018169,35.138006155093));
#9416=CARTESIAN_POINT('Origin',(-4.54145752600337,14.0914172018169,35.0656155390664));
#9417=CARTESIAN_POINT('',(-4.54145752600337,14.0914172018169,35.0656155390664));
#9418=CARTESIAN_POINT('',(-2.62304558028163,14.0914172018169,40.653758628405));
#9419=CARTESIAN_POINT('',(-4.54145752600337,14.0914172018169,35.0656155390664));
#9420=CARTESIAN_POINT('Origin',(-3.10733810599719,14.0914172018169,34.654203945978));
#9421=CARTESIAN_POINT('',(-3.10733810599719,14.0914172018169,34.654203945978));
#9422=CARTESIAN_POINT('',(-1.20135202521156,14.0914172018169,40.2061517273034));
#9423=CARTESIAN_POINT('',(-3.10733810599719,14.0914172018169,34.654203945978));
#9424=CARTESIAN_POINT('Origin',(-3.7221193131026,14.0914172018169,34.865258600961));
#9425=CARTESIAN_POINT('Origin',(-3.7221193131026,14.0914172018169,34.865258600961));
#9426=CARTESIAN_POINT('Origin',(0.,14.0914172018169,46.));
#9427=CARTESIAN_POINT('',(-4.96884260571852,14.0914172018169,35.2530840163517));
#9428=CARTESIAN_POINT('Origin',(0.,14.0914172018169,46.));
#9429=CARTESIAN_POINT('',(-4.96884260571852,14.0914172018169,35.2530840163517));
#9430=CARTESIAN_POINT('Origin',(-9.33613678975024,14.0914172018169,40.0138754342701));
#9431=CARTESIAN_POINT('',(-9.33613678975024,14.0914172018169,40.0138754342701));
#9432=CARTESIAN_POINT('',(-9.23221663970698,14.0914172018169,39.8548138034002));
#9433=CARTESIAN_POINT('',(-9.3101569091694,14.0914172018169,39.9741102667519));
#9434=CARTESIAN_POINT('',(-9.33613678975024,14.0914172018169,40.0138754342701));
#9435=CARTESIAN_POINT('',(-9.23221663970698,14.0914172018169,39.8548138034002));
#9436=CARTESIAN_POINT('Origin',(-9.88029500062088,14.0914172018169,39.6583591314905));
#9437=CARTESIAN_POINT('',(-10.2358113034005,14.0914172018169,40.2025173423612));
#9438=CARTESIAN_POINT('Origin',(-9.88029500062088,14.0914172018169,39.6583591314905));
#9439=CARTESIAN_POINT('',(-10.2358113034005,14.0914172018169,40.2025173423612));
#9440=CARTESIAN_POINT('Origin',(-10.2998860468142,14.0914172018169,40.1606552231743));
#9441=CARTESIAN_POINT('',(-10.2998860468142,14.0914172018169,40.1606552231743));
#9442=CARTESIAN_POINT('',(-5.35368105537772,14.0914172018169,43.3921722272674));
#9443=CARTESIAN_POINT('',(-10.2998860468142,14.0914172018169,40.1606552231743));
#9444=CARTESIAN_POINT('Origin',(-9.42085854779804,14.0914172018169,38.95513928975));
#9445=CARTESIAN_POINT('',(-9.42085854779804,14.0914172018169,38.95513928975));
#9446=CARTESIAN_POINT('',(-9.48493329121178,14.0914172018169,38.9132771705631));
#9447=CARTESIAN_POINT('',(-4.50669092806843,14.0914172018169,42.1657252342497));
#9448=CARTESIAN_POINT('',(-9.42085854779804,14.0914172018169,38.95513928975));
#9449=CARTESIAN_POINT('',(-9.48493329121178,14.0914172018169,38.9132771705631));
#9450=CARTESIAN_POINT('Origin',(-9.77637485057762,14.0914172018169,39.4992975006206));
#9451=CARTESIAN_POINT('Origin',(-9.77637485057762,14.0914172018169,39.4992975006206));
#9452=CARTESIAN_POINT('Origin',(0.,14.0914172018169,46.));
#9453=CARTESIAN_POINT('',(-10.5220074043518,14.0914172018169,40.5710995420099));
#9454=CARTESIAN_POINT('Origin',(0.,14.0914172018169,46.));
#9455=CARTESIAN_POINT('',(-10.5220074043518,14.0914172018169,40.5710995420099));
#9456=CARTESIAN_POINT('Origin',(-11.0442775500731,14.0914172018169,47.010480514564));
#9457=CARTESIAN_POINT('',(-11.0442775500731,14.0914172018169,47.010480514564));
#9458=CARTESIAN_POINT('',(-11.0599676257129,14.0914172018169,46.8211294608927));
#9459=CARTESIAN_POINT('',(-11.0482000407776,14.0914172018169,46.9631430915357));
#9460=CARTESIAN_POINT('',(-11.0442775500731,14.0914172018169,47.010480514564));
#9461=CARTESIAN_POINT('',(-11.0599676257129,14.0914172018169,46.8211294608927));
#9462=CARTESIAN_POINT('Origin',(-11.6920574705275,14.0914172018169,47.064157089121));
#9463=CARTESIAN_POINT('',(-11.6383808959705,14.0914172018169,47.7119370095753));
#9464=CARTESIAN_POINT('Origin',(-11.6920574705275,14.0914172018169,47.064157089121));
#9465=CARTESIAN_POINT('',(-11.6383808959705,14.0914172018169,47.7119370095753));
#9466=CARTESIAN_POINT('Origin',(-11.7146571174122,14.0914172018169,47.7182574374828));
#9467=CARTESIAN_POINT('',(-11.7146571174122,14.0914172018169,47.7182574374828));
#9468=CARTESIAN_POINT('',(-5.82656778072311,14.0914172018169,47.2303564447236));
#9469=CARTESIAN_POINT('',(-11.7146571174122,14.0914172018169,47.7182574374828));
#9470=CARTESIAN_POINT('Origin',(-11.7614241207242,14.0914172018169,46.2270261149954));
#9471=CARTESIAN_POINT('',(-11.7614241207242,14.0914172018169,46.2270261149954));
#9472=CARTESIAN_POINT('',(-11.8377003421659,14.0914172018169,46.2333465429028));
#9473=CARTESIAN_POINT('',(-5.91147289475605,14.0914172018169,45.7422853361899));
#9474=CARTESIAN_POINT('',(-11.7614241207242,14.0914172018169,46.2270261149954));
#9475=CARTESIAN_POINT('',(-11.8377003421659,14.0914172018169,46.2333465429028));
#9476=CARTESIAN_POINT('Origin',(-11.7077475461672,14.0914172018169,46.8748060354497));
#9477=CARTESIAN_POINT('Origin',(-11.7077475461672,14.0914172018169,46.8748060354497));
#9478=CARTESIAN_POINT('Origin',(0.,14.0914172018169,46.));
#9479=CARTESIAN_POINT('',(-11.6378419601671,14.0914172018169,48.1785854378871));
#9480=CARTESIAN_POINT('Origin',(0.,14.0914172018169,46.));
#9481=CARTESIAN_POINT('',(-11.6378419601671,14.0914172018169,48.1785854378871));
#9482=CARTESIAN_POINT('Origin',(-11.0599676257129,14.0914172018169,45.1788705391074));
#9483=CARTESIAN_POINT('',(-11.0599676257129,14.0914172018169,45.1788705391074));
#9484=CARTESIAN_POINT('',(-11.0442775500731,14.0914172018169,44.9895194854361));
#9485=CARTESIAN_POINT('',(-11.0560451350084,14.0914172018169,45.1315331160791));
#9486=CARTESIAN_POINT('',(-11.0599676257129,14.0914172018169,45.1788705391074));
#9487=CARTESIAN_POINT('',(-11.0442775500731,14.0914172018169,44.9895194854361));
#9488=CARTESIAN_POINT('Origin',(-11.7077475461672,14.0914172018169,45.1251939645503));
#9489=CARTESIAN_POINT('',(-11.7614241207242,14.0914172018169,45.7729738850047));
#9490=CARTESIAN_POINT('Origin',(-11.7077475461672,14.0914172018169,45.1251939645503));
#9491=CARTESIAN_POINT('',(-11.7614241207242,14.0914172018169,45.7729738850047));
#9492=CARTESIAN_POINT('Origin',(-11.8377003421659,14.0914172018169,45.7666534570972));
#9493=CARTESIAN_POINT('',(-11.8377003421659,14.0914172018169,45.7666534570972));
#9494=CARTESIAN_POINT('',(-5.94961094906593,14.0914172018169,46.2545544545308));
#9495=CARTESIAN_POINT('',(-11.8377003421659,14.0914172018169,45.7666534570972));
#9496=CARTESIAN_POINT('Origin',(-11.6383808959705,14.0914172018169,44.2880629904247));
#9497=CARTESIAN_POINT('',(-11.6383808959705,14.0914172018169,44.2880629904247));
#9498=CARTESIAN_POINT('',(-11.7146571174122,14.0914172018169,44.2817425625173));
#9499=CARTESIAN_POINT('',(-5.78842961359131,14.0914172018169,44.7728037739046));
#9500=CARTESIAN_POINT('',(-11.6383808959705,14.0914172018169,44.2880629904247));
#9501=CARTESIAN_POINT('',(-11.7146571174122,14.0914172018169,44.2817425625173));
#9502=CARTESIAN_POINT('Origin',(-11.6920574705275,14.0914172018169,44.9358429108791));
#9503=CARTESIAN_POINT('Origin',(-11.6920574705275,14.0914172018169,44.9358429108791));
#9504=CARTESIAN_POINT('Origin',(0.,14.0914172018169,46.));
#9505=CARTESIAN_POINT('Origin',(0.,14.0914172018169,46.));
#9506=CARTESIAN_POINT('Origin',(-10.773970615707,14.0914172018169,43.3696588348192));
#9507=CARTESIAN_POINT('',(-10.773970615707,14.0914172018169,43.3696588348192));
#9508=CARTESIAN_POINT('',(-10.7273283731503,14.0914172018169,43.1854727842907));
#9509=CARTESIAN_POINT('',(-10.7623101366278,14.0914172018169,43.32361264426));
#9510=CARTESIAN_POINT('',(-10.773970615707,14.0914172018169,43.3696588348192));
#9511=CARTESIAN_POINT('',(-10.7273283731503,14.0914172018169,43.1854727842907));
#9512=CARTESIAN_POINT('Origin',(-11.4040807885676,14.0914172018169,43.2100932681777));
#9513=CARTESIAN_POINT('',(-11.5636463552091,14.0914172018169,43.8402034410382));
#9514=CARTESIAN_POINT('Origin',(-11.4040807885676,14.0914172018169,43.2100932681777));
#9515=CARTESIAN_POINT('',(-11.5636463552091,14.0914172018169,43.8402034410382));
#9516=CARTESIAN_POINT('Origin',(-11.6378419601671,14.0914172018169,43.821414562113));
#9517=CARTESIAN_POINT('',(-11.6378419601671,14.0914172018169,43.821414562113));
#9518=CARTESIAN_POINT('',(-5.91036424248357,14.0914172018169,45.2718089007727));
#9519=CARTESIAN_POINT('',(-11.6378419601671,14.0914172018169,43.821414562113));
#9520=CARTESIAN_POINT('Origin',(-11.1978729793693,14.0914172018169,42.3957970447886));
#9521=CARTESIAN_POINT('',(-11.1978729793693,14.0914172018169,42.3957970447886));
#9522=CARTESIAN_POINT('',(-11.2720685843273,14.0914172018169,42.3770081658634));
#9523=CARTESIAN_POINT('',(-5.50749306416476,14.0914172018169,43.8367969439857));
#9524=CARTESIAN_POINT('',(-11.1978729793693,14.0914172018169,42.3957970447886));
#9525=CARTESIAN_POINT('',(-11.2720685843273,14.0914172018169,42.3770081658634));
#9526=CARTESIAN_POINT('Origin',(-11.3574385460108,14.0914172018169,43.0259072176492));
#9527=CARTESIAN_POINT('Origin',(-11.3574385460108,14.0914172018169,43.0259072176492));
#9528=CARTESIAN_POINT('Origin',(0.,14.0914172018169,46.));
#9529=CARTESIAN_POINT('Origin',(0.,14.0914172018169,46.));
#9530=CARTESIAN_POINT('Origin',(-10.1940877729499,14.0914172018169,41.6321959807294));
#9531=CARTESIAN_POINT('',(-10.1940877729499,14.0914172018169,41.6321959807294));
#9532=CARTESIAN_POINT('',(-10.1177656422658,14.0914172018169,41.458199048665));
#9533=CARTESIAN_POINT('',(-10.175007366355,14.0914172018169,41.5886970351379));
#9534=CARTESIAN_POINT('',(-10.1940877729499,14.0914172018169,41.6321959807294));
#9535=CARTESIAN_POINT('',(-10.1177656422658,14.0914172018169,41.458199048665));
#9536=CARTESIAN_POINT('Origin',(-10.7893404352757,14.0914172018169,41.371093954705));
#9537=CARTESIAN_POINT('',(-11.0504424613001,14.0914172018169,41.9663466170308));
#9538=CARTESIAN_POINT('Origin',(-10.7893404352757,14.0914172018169,41.371093954705));
#9539=CARTESIAN_POINT('',(-11.0504424613001,14.0914172018169,41.9663466170308));
#9540=CARTESIAN_POINT('Origin',(-11.1205335870847,14.0914172018169,41.9356017987259));
#9541=CARTESIAN_POINT('',(-11.1205335870847,14.0914172018169,41.9356017987259));
#9542=CARTESIAN_POINT('',(-5.70989821314949,14.0914172018169,44.3089265188441));
#9543=CARTESIAN_POINT('',(-11.1205335870847,14.0914172018169,41.9356017987259));
#9544=CARTESIAN_POINT('Origin',(-10.4519162785672,14.0914172018169,40.6018443603148));
#9545=CARTESIAN_POINT('',(-10.4519162785672,14.0914172018169,40.6018443603148));
#9546=CARTESIAN_POINT('',(-5.07632646752425,14.0914172018169,42.9597966712805));
#9547=CARTESIAN_POINT('',(-10.4519162785672,14.0914172018169,40.6018443603148));
#9548=CARTESIAN_POINT('Origin',(-10.7130183045916,14.0914172018169,41.1970970226405));
#9549=CARTESIAN_POINT('Origin',(-10.7130183045916,14.0914172018169,41.1970970226405));
#9550=CARTESIAN_POINT('Origin',(0.,14.0914172018169,46.));
#9551=CARTESIAN_POINT('Origin',(0.,14.0914172018169,46.));
#9552=CARTESIAN_POINT('Origin',(-6.88658767753577,14.0914172018169,37.3067815147107));
#9553=CARTESIAN_POINT('',(-6.88658767753577,14.0914172018169,37.3067815147107));
#9554=CARTESIAN_POINT('',(-6.73665098075045,14.0914172018169,37.1900810992997));
#9555=CARTESIAN_POINT('',(-6.84910366945911,14.0914172018169,37.2776065401541));
#9556=CARTESIAN_POINT('',(-6.88658767753577,14.0914172018169,37.3067815147107));
#9557=CARTESIAN_POINT('',(-6.73665098075045,14.0914172018169,37.1900810992997));
#9558=CARTESIAN_POINT('Origin',(-7.28582594078405,14.0914172018169,36.7938401836031));
#9559=CARTESIAN_POINT('',(-7.79876727189171,14.0914172018169,37.1930784468514));
#9560=CARTESIAN_POINT('Origin',(-7.28582594078405,14.0914172018169,36.7938401836031));
#9561=CARTESIAN_POINT('',(-7.79876727189171,14.0914172018169,37.1930784468514));
#9562=CARTESIAN_POINT('Origin',(-7.84577766109019,14.0914172018169,37.1326794975744));
#9563=CARTESIAN_POINT('',(-7.84577766109019,14.0914172018169,37.1326794975744));
#9564=CARTESIAN_POINT('',(-4.21684350417558,14.0914172018169,41.7951341976947));
#9565=CARTESIAN_POINT('',(-7.84577766109019,14.0914172018169,37.1326794975744));
#9566=CARTESIAN_POINT('Origin',(-6.62294791289108,14.0914172018169,36.2779015049438));
#9567=CARTESIAN_POINT('',(-6.62294791289108,14.0914172018169,36.2779015049438));
#9568=CARTESIAN_POINT('',(-6.66995830208957,14.0914172018169,36.2175025556668));
#9569=CARTESIAN_POINT('',(-3.01751895057571,14.0914172018169,40.9101567304255));
#9570=CARTESIAN_POINT('',(-6.62294791289108,14.0914172018169,36.2779015049438));
#9571=CARTESIAN_POINT('',(-6.66995830208957,14.0914172018169,36.2175025556668));
#9572=CARTESIAN_POINT('Origin',(-7.13588924399873,14.0914172018169,36.677139768192));
#9573=CARTESIAN_POINT('Origin',(-7.13588924399873,14.0914172018169,36.677139768192));
#9574=CARTESIAN_POINT('Origin',(0.,14.0914172018169,46.));
#9575=CARTESIAN_POINT('',(-8.18913492326323,14.0914172018169,37.4487621241957));
#9576=CARTESIAN_POINT('Origin',(0.,14.0914172018169,46.));
#9577=CARTESIAN_POINT('',(-8.18913492326323,14.0914172018169,37.4487621241957));
#9578=CARTESIAN_POINT('Origin',(-8.2235203324184,14.0914172018169,38.5588407613018));
#9579=CARTESIAN_POINT('',(-8.2235203324184,14.0914172018169,38.5588407613018));
#9580=CARTESIAN_POINT('',(-8.09483683380951,14.0914172018169,38.4190532182739));
#9581=CARTESIAN_POINT('',(-8.19134962854423,14.0914172018169,38.5238940610592));
#9582=CARTESIAN_POINT('',(-8.2235203324184,14.0914172018169,38.5588407613018));
#9583=CARTESIAN_POINT('',(-8.09483683380951,14.0914172018169,38.4190532182739));
#9584=CARTESIAN_POINT('Origin',(-8.70174087435594,14.0914172018169,38.1186077397451));
#9585=CARTESIAN_POINT('',(-9.14197389591267,14.0914172018169,38.5968282816826));
#9586=CARTESIAN_POINT('Origin',(-8.70174087435594,14.0914172018169,38.1186077397451));
#9587=CARTESIAN_POINT('',(-9.14197389591267,14.0914172018169,38.5968282816826));
#9588=CARTESIAN_POINT('Origin',(-9.19828446498558,14.0914172018169,38.5449907510987));
#9589=CARTESIAN_POINT('',(-9.19828446498558,14.0914172018169,38.5449907510987));
#9590=CARTESIAN_POINT('',(-4.85142944714533,14.0914172018169,42.5465526894874));
#9591=CARTESIAN_POINT('',(-9.19828446498558,14.0914172018169,38.5449907510987));
#9592=CARTESIAN_POINT('Origin',(-8.13282435419031,14.0914172018169,37.5005996547796));
#9593=CARTESIAN_POINT('',(-8.13282435419031,14.0914172018169,37.5005996547796));
#9594=CARTESIAN_POINT('',(-3.81412462088651,14.0914172018169,41.4762428278763));
#9595=CARTESIAN_POINT('',(-8.13282435419031,14.0914172018169,37.5005996547796));
#9596=CARTESIAN_POINT('Origin',(-8.57305737574704,14.0914172018169,37.9788201967172));
#9597=CARTESIAN_POINT('Origin',(-8.57305737574704,14.0914172018169,37.9788201967172));
#9598=CARTESIAN_POINT('Origin',(0.,14.0914172018169,46.));
#9599=CARTESIAN_POINT('Origin',(0.,14.0914172018169,46.));
#9600=CARTESIAN_POINT('Origin',(-5.36180686280421,14.0914172018169,36.2918506068691));
#9601=CARTESIAN_POINT('',(-5.36180686280421,14.0914172018169,36.2918506068691));
#9602=CARTESIAN_POINT('',(-5.19470685007498,14.0914172018169,36.201420602192));
#9603=CARTESIAN_POINT('',(-5.32003200308155,14.0914172018169,36.2692431833363));
#9604=CARTESIAN_POINT('',(-5.36180686280421,14.0914172018169,36.2918506068691));
#9605=CARTESIAN_POINT('',(-5.19470685007498,14.0914172018169,36.201420602192));
#9606=CARTESIAN_POINT('Origin',(-5.67117266827831,14.0914172018169,35.7201926685849));
#9607=CARTESIAN_POINT('',(-6.24283060656253,14.0914172018169,36.029558474059));
#9608=CARTESIAN_POINT('Origin',(-5.67117266827831,14.0914172018169,35.7201926685849));
#9609=CARTESIAN_POINT('',(-6.24283060656253,14.0914172018169,36.029558474059));
#9610=CARTESIAN_POINT('Origin',(-6.27925849501619,14.0914172018169,35.9622456319769));
#9611=CARTESIAN_POINT('',(-6.27925849501619,14.0914172018169,35.9622456319769));
#9612=CARTESIAN_POINT('',(-3.46723307637286,14.0914172018169,41.158413484985));
#9613=CARTESIAN_POINT('',(-6.27925849501618,14.0914172018169,35.9622456319769));
#9614=CARTESIAN_POINT('Origin',(-4.93241471726486,14.0914172018169,35.3203968584337));
#9615=CARTESIAN_POINT('',(-4.93241471726486,14.0914172018169,35.3203968584337));
#9616=CARTESIAN_POINT('',(-2.13860324284836,14.0914172018169,40.4829082904008));
#9617=CARTESIAN_POINT('',(-4.93241471726486,14.0914172018169,35.3203968584337));
#9618=CARTESIAN_POINT('Origin',(-5.50407265554908,14.0914172018169,35.6297626639078));
#9619=CARTESIAN_POINT('Origin',(-5.50407265554908,14.0914172018169,35.6297626639078));
#9620=CARTESIAN_POINT('Origin',(0.,14.0914172018169,46.));
#9621=CARTESIAN_POINT('Origin',(0.,14.0914172018169,46.));
#9622=CARTESIAN_POINT('Origin',(3.51106465811957,14.0914172018169,35.4800398080665));
#9623=CARTESIAN_POINT('',(3.51106465811957,14.0914172018169,35.4800398080665));
#9624=CARTESIAN_POINT('',(3.69076993404269,14.0914172018169,35.5417327072154));
#9625=CARTESIAN_POINT('',(3.55599108235389,14.0914172018169,35.4954630689873));
#9626=CARTESIAN_POINT('',(3.51106465811957,14.0914172018169,35.4800398080665));
#9627=CARTESIAN_POINT('',(3.69076993404269,14.0914172018169,35.5417327072154));
#9628=CARTESIAN_POINT('Origin',(3.72211931310261,14.0914172018169,34.8652586009611));
#9629=CARTESIAN_POINT('',(3.1073381059972,14.0914172018169,34.654203945978));
#9630=CARTESIAN_POINT('Origin',(3.72211931310261,14.0914172018169,34.8652586009611));
#9631=CARTESIAN_POINT('',(3.1073381059972,14.0914172018169,34.654203945978));
#9632=CARTESIAN_POINT('Origin',(3.13218983586943,14.0914172018169,34.5818133299514));
#9633=CARTESIAN_POINT('',(3.13218983586943,14.0914172018169,34.5818133299514));
#9634=CARTESIAN_POINT('',(1.21377789014768,14.0914172018169,40.1699564192901));
#9635=CARTESIAN_POINT('',(3.13218983586943,14.0914172018169,34.5818133299514));
#9636=CARTESIAN_POINT('Origin',(4.51660579613114,14.0914172018169,35.138006155093));
#9637=CARTESIAN_POINT('',(4.51660579613114,14.0914172018169,35.138006155093));
#9638=CARTESIAN_POINT('',(4.54145752600337,14.0914172018169,35.0656155390664));
#9639=CARTESIAN_POINT('',(2.61061971534552,14.0914172018169,40.6899539364183));
#9640=CARTESIAN_POINT('',(4.51660579613114,14.0914172018169,35.138006155093));
#9641=CARTESIAN_POINT('',(4.54145752600337,14.0914172018169,35.0656155390664));
#9642=CARTESIAN_POINT('Origin',(3.90182458902573,14.0914172018169,34.9269515001099));
#9643=CARTESIAN_POINT('Origin',(3.90182458902573,14.0914172018169,34.9269515001099));
#9644=CARTESIAN_POINT('Origin',(0.,14.0914172018169,46.));
#9645=CARTESIAN_POINT('',(2.6797774343774,14.0914172018169,34.4672469504372));
#9646=CARTESIAN_POINT('Origin',(0.,14.0914172018169,46.));
#9647=CARTESIAN_POINT('',(2.6797774343774,14.0914172018169,34.4672469504372));
#9648=CARTESIAN_POINT('Origin',(5.19470685007499,14.0914172018169,36.201420602192));
#9649=CARTESIAN_POINT('',(5.19470685007499,14.0914172018169,36.201420602192));
#9650=CARTESIAN_POINT('',(5.36180686280422,14.0914172018169,36.2918506068691));
#9651=CARTESIAN_POINT('',(5.23648199671694,14.0914172018169,36.2240281809978));
#9652=CARTESIAN_POINT('',(5.19470685007499,14.0914172018169,36.201420602192));
#9653=CARTESIAN_POINT('',(5.36180686280422,14.0914172018169,36.2918506068691));
#9654=CARTESIAN_POINT('Origin',(5.50407265554908,14.0914172018169,35.6297626639078));
#9655=CARTESIAN_POINT('',(4.93241471726487,14.0914172018169,35.3203968584337));
#9656=CARTESIAN_POINT('Origin',(5.50407265554908,14.0914172018169,35.6297626639078));
#9657=CARTESIAN_POINT('',(4.93241471726487,14.0914172018169,35.3203968584337));
#9658=CARTESIAN_POINT('Origin',(4.96884260571852,14.0914172018169,35.2530840163517));
#9659=CARTESIAN_POINT('',(4.96884260571852,14.0914172018169,35.2530840163517));
#9660=CARTESIAN_POINT('',(2.1568171870752,14.0914172018169,40.4492518693598));
#9661=CARTESIAN_POINT('',(4.96884260571852,14.0914172018169,35.2530840163517));
#9662=CARTESIAN_POINT('Origin',(6.24283060656254,14.0914172018169,36.029558474059));
#9663=CARTESIAN_POINT('',(6.24283060656254,14.0914172018169,36.029558474059));
#9664=CARTESIAN_POINT('',(6.27925849501619,14.0914172018169,35.9622456319769));
#9665=CARTESIAN_POINT('',(3.44901913214604,14.0914172018169,41.192069906026));
#9666=CARTESIAN_POINT('',(6.24283060656254,14.0914172018169,36.029558474059));
#9667=CARTESIAN_POINT('',(6.27925849501619,14.0914172018169,35.9622456319769));
#9668=CARTESIAN_POINT('Origin',(5.67117266827832,14.0914172018169,35.7201926685849));
#9669=CARTESIAN_POINT('Origin',(5.67117266827832,14.0914172018169,35.7201926685849));
#9670=CARTESIAN_POINT('Origin',(0.,14.0914172018169,46.));
#9671=CARTESIAN_POINT('Origin',(0.,14.0914172018169,46.));
#9672=CARTESIAN_POINT('Origin',(1.73164977495312,14.0914172018169,35.0456161044873));
#9673=CARTESIAN_POINT('',(1.73164977495312,14.0914172018169,35.0456161044873));
#9674=CARTESIAN_POINT('',(1.91905842259964,14.0914172018169,35.0768890766407));
#9675=CARTESIAN_POINT('',(1.77850199250633,14.0914172018169,35.0534343568106));
#9676=CARTESIAN_POINT('',(1.73164977495312,14.0914172018169,35.0456161044873));
#9677=CARTESIAN_POINT('',(1.91905842259964,14.0914172018169,35.0768890766407));
#9678=CARTESIAN_POINT('Origin',(1.83863625863559,14.0914172018169,34.4044812572756));
#9679=CARTESIAN_POINT('',(1.19750141142383,14.0914172018169,34.2974947735931));
#9680=CARTESIAN_POINT('Origin',(1.83863625863559,14.0914172018169,34.4044812572756));
#9681=CARTESIAN_POINT('',(1.19750141142383,14.0914172018169,34.2974947735931));
#9682=CARTESIAN_POINT('Origin',(1.21009909230734,14.0914172018169,34.2220010109189));
#9683=CARTESIAN_POINT('',(1.21009909230734,14.0914172018169,34.2220010109189));
#9684=CARTESIAN_POINT('',(0.237629904994569,14.0914172018169,40.0496893540216));
#9685=CARTESIAN_POINT('',(1.21009909230734,14.0914172018169,34.2220010109189));
#9686=CARTESIAN_POINT('Origin',(2.66717975349388,14.0914172018169,34.5427407131114));
#9687=CARTESIAN_POINT('',(2.66717975349388,14.0914172018169,34.5427407131114));
#9688=CARTESIAN_POINT('',(1.70100940662288,14.0914172018169,40.332682174877));
#9689=CARTESIAN_POINT('',(2.66717975349388,14.0914172018169,34.5427407131114));
#9690=CARTESIAN_POINT('Origin',(2.02604490628212,14.0914172018169,34.4357542294289));
#9691=CARTESIAN_POINT('Origin',(2.02604490628212,14.0914172018169,34.4357542294289));
#9692=CARTESIAN_POINT('Origin',(0.,14.0914172018169,46.));
#9693=CARTESIAN_POINT('',(0.745,14.0914172018169,34.1834618013566));
#9694=CARTESIAN_POINT('Origin',(0.,14.0914172018169,46.));
#9695=CARTESIAN_POINT('',(0.745,14.0914172018169,34.1834618013566));
#9696=CARTESIAN_POINT('Origin',(3.69076993404268,14.0914172018169,56.4582672927847));
#9697=CARTESIAN_POINT('',(3.69076993404268,14.0914172018169,56.4582672927847));
#9698=CARTESIAN_POINT('',(3.51106465811956,14.0914172018169,56.5199601919336));
#9699=CARTESIAN_POINT('',(3.64584350980835,14.0914172018169,56.4736905537055));
#9700=CARTESIAN_POINT('',(3.69076993404268,14.0914172018169,56.4582672927847));
#9701=CARTESIAN_POINT('',(3.51106465811956,14.0914172018169,56.5199601919336));
#9702=CARTESIAN_POINT('Origin',(3.90182458902573,14.0914172018169,57.0730484998901));
#9703=CARTESIAN_POINT('',(4.51660579613114,14.0914172018169,56.8619938449071));
#9704=CARTESIAN_POINT('Origin',(3.90182458902573,14.0914172018168,57.0730484998901));
#9705=CARTESIAN_POINT('',(4.51660579613114,14.0914172018169,56.8619938449071));
#9706=CARTESIAN_POINT('Origin',(4.54145752600337,14.0914172018169,56.9343844609337));
#9707=CARTESIAN_POINT('',(4.54145752600337,14.0914172018169,56.9343844609337));
#9708=CARTESIAN_POINT('',(2.62304579078872,14.0914172018169,51.3462419847812));
#9709=CARTESIAN_POINT('',(4.54145752600337,14.0914172018169,56.9343844609337));
#9710=CARTESIAN_POINT('Origin',(3.10733810599719,14.0914172018169,57.345796054022));
#9711=CARTESIAN_POINT('',(3.10733810599719,14.0914172018169,57.345796054022));
#9712=CARTESIAN_POINT('',(3.13218983586942,14.0914172018169,57.4181866700487));
#9713=CARTESIAN_POINT('',(1.20135223571865,14.0914172018169,51.7938488858829));
#9714=CARTESIAN_POINT('',(3.10733810599719,14.0914172018169,57.345796054022));
#9715=CARTESIAN_POINT('',(3.13218983586942,14.0914172018169,57.4181866700487));
#9716=CARTESIAN_POINT('Origin',(3.7221193131026,14.0914172018169,57.134741399039));
#9717=CARTESIAN_POINT('Origin',(3.7221193131026,14.0914172018168,57.134741399039));
#9718=CARTESIAN_POINT('Origin',(0.,14.0914172018169,46.));
#9719=CARTESIAN_POINT('',(4.96884260571852,14.0914172018169,56.7469159836484));
#9720=CARTESIAN_POINT('Origin',(0.,14.0914172018169,46.));
#9721=CARTESIAN_POINT('',(4.96884260571852,14.0914172018169,56.7469159836484));
#9722=CARTESIAN_POINT('Origin',(5.36180686280421,14.0914172018169,55.708149393131));
#9723=CARTESIAN_POINT('',(5.36180686280421,14.0914172018169,55.708149393131));
#9724=CARTESIAN_POINT('',(5.19470685007498,14.0914172018169,55.798579397808));
#9725=CARTESIAN_POINT('',(5.32003171616225,14.0914172018169,55.7307569719367));
#9726=CARTESIAN_POINT('',(5.36180686280421,14.0914172018169,55.708149393131));
#9727=CARTESIAN_POINT('',(5.19470685007498,14.0914172018169,55.798579397808));
#9728=CARTESIAN_POINT('Origin',(5.67117266827831,14.0914172018169,56.2798073314152));
#9729=CARTESIAN_POINT('',(6.24283060656253,14.0914172018169,55.9704415259411));
#9730=CARTESIAN_POINT('Origin',(5.67117266827831,14.0914172018168,56.2798073314152));
#9731=CARTESIAN_POINT('',(6.24283060656253,14.0914172018169,55.9704415259411));
#9732=CARTESIAN_POINT('Origin',(6.27925849501618,14.0914172018169,56.0377543680231));
#9733=CARTESIAN_POINT('',(6.27925849501618,14.0914172018169,56.0377543680231));
#9734=CARTESIAN_POINT('',(3.46723336329216,14.0914172018169,50.8415870451955));
#9735=CARTESIAN_POINT('',(6.27925849501618,14.0914172018169,56.0377543680231));
#9736=CARTESIAN_POINT('Origin',(4.93241471726486,14.0914172018169,56.6796031415663));
#9737=CARTESIAN_POINT('',(4.93241471726486,14.0914172018169,56.6796031415663));
#9738=CARTESIAN_POINT('',(2.13860352976765,14.0914172018169,51.5170922397797));
#9739=CARTESIAN_POINT('',(4.93241471726486,14.0914172018169,56.6796031415663));
#9740=CARTESIAN_POINT('Origin',(5.50407265554907,14.0914172018169,56.3702373360922));
#9741=CARTESIAN_POINT('Origin',(5.50407265554907,14.0914172018168,56.3702373360922));
#9742=CARTESIAN_POINT('Origin',(0.,14.0914172018169,46.));
#9743=CARTESIAN_POINT('',(6.66995830208957,14.0914172018169,55.7824974443333));
#9744=CARTESIAN_POINT('Origin',(0.,14.0914172018169,46.));
#9745=CARTESIAN_POINT('',(6.66995830208957,14.0914172018169,55.7824974443333));
#9746=CARTESIAN_POINT('Origin',(8.2235203324184,14.0914172018169,53.4411592386983));
#9747=CARTESIAN_POINT('',(8.2235203324184,14.0914172018169,53.4411592386983));
#9748=CARTESIAN_POINT('',(8.09483683380951,14.0914172018169,53.5809467817262));
#9749=CARTESIAN_POINT('',(8.19134928698812,14.0914172018169,53.4761063099697));
#9750=CARTESIAN_POINT('',(8.2235203324184,14.0914172018169,53.4411592386983));
#9751=CARTESIAN_POINT('',(8.09483683380951,14.0914172018169,53.5809467817262));
#9752=CARTESIAN_POINT('Origin',(8.70174087435593,14.0914172018169,53.881392260255));
#9753=CARTESIAN_POINT('',(9.14197389591267,14.0914172018169,53.4031717183175));
#9754=CARTESIAN_POINT('Origin',(8.70174087435593,14.0914172018169,53.881392260255));
#9755=CARTESIAN_POINT('',(9.14197389591267,14.0914172018169,53.4031717183175));
#9756=CARTESIAN_POINT('Origin',(9.19828446498558,14.0914172018169,53.4550092489014));
#9757=CARTESIAN_POINT('',(9.19828446498558,14.0914172018169,53.4550092489014));
#9758=CARTESIAN_POINT('',(4.85142978870143,14.0914172018169,49.4534476249372));
#9759=CARTESIAN_POINT('',(9.19828446498558,14.0914172018169,53.4550092489014));
#9760=CARTESIAN_POINT('Origin',(8.13282435419031,14.0914172018169,54.4994003452204));
#9761=CARTESIAN_POINT('',(8.13282435419031,14.0914172018169,54.4994003452204));
#9762=CARTESIAN_POINT('',(8.18913492326323,14.0914172018169,54.5512378758044));
#9763=CARTESIAN_POINT('',(3.81412496244261,14.0914172018169,50.5237574865482));
#9764=CARTESIAN_POINT('',(8.13282435419031,14.0914172018169,54.4994003452204));
#9765=CARTESIAN_POINT('',(8.18913492326323,14.0914172018169,54.5512378758044));
#9766=CARTESIAN_POINT('Origin',(8.57305737574704,14.0914172018169,54.0211798032829));
#9767=CARTESIAN_POINT('Origin',(8.57305737574704,14.0914172018169,54.0211798032829));
#9768=CARTESIAN_POINT('Origin',(0.,14.0914172018169,46.));
#9769=CARTESIAN_POINT('',(9.48493329121178,14.0914172018169,53.086722829437));
#9770=CARTESIAN_POINT('Origin',(0.,14.0914172018169,46.));
#9771=CARTESIAN_POINT('',(9.48493329121178,14.0914172018169,53.086722829437));
#9772=CARTESIAN_POINT('Origin',(1.91905842259963,14.0914172018169,56.9231109233594));
#9773=CARTESIAN_POINT('',(1.91905842259963,14.0914172018169,56.9231109233594));
#9774=CARTESIAN_POINT('',(1.73164977495311,14.0914172018169,56.9543838955127));
#9775=CARTESIAN_POINT('',(1.87220620504641,14.0914172018169,56.9309291756827));
#9776=CARTESIAN_POINT('',(1.91905842259963,14.0914172018169,56.9231109233594));
#9777=CARTESIAN_POINT('',(1.73164977495311,14.0914172018169,56.9543838955127));
#9778=CARTESIAN_POINT('Origin',(2.02604490628211,14.0914172018169,57.5642457705711));
#9779=CARTESIAN_POINT('',(2.66717975349387,14.0914172018169,57.4572592868887));
#9780=CARTESIAN_POINT('Origin',(2.02604490628211,14.0914172018168,57.5642457705711));
#9781=CARTESIAN_POINT('',(2.66717975349387,14.0914172018169,57.4572592868887));
#9782=CARTESIAN_POINT('Origin',(2.67977743437739,14.0914172018169,57.5327530495629));
#9783=CARTESIAN_POINT('',(2.67977743437739,14.0914172018169,57.5327530495629));
#9784=CARTESIAN_POINT('',(1.7073083583478,14.0914172018169,51.7050653733436));
#9785=CARTESIAN_POINT('',(2.67977743437739,14.0914172018169,57.5327530495629));
#9786=CARTESIAN_POINT('Origin',(1.19750141142382,14.0914172018169,57.702505226407));
#9787=CARTESIAN_POINT('',(1.19750141142382,14.0914172018169,57.702505226407));
#9788=CARTESIAN_POINT('',(1.21009909230733,14.0914172018169,57.7779989890812));
#9789=CARTESIAN_POINT('',(0.231331175835974,14.0914172018169,51.9125644315248));
#9790=CARTESIAN_POINT('',(1.19750141142382,14.0914172018169,57.702505226407));
#9791=CARTESIAN_POINT('',(1.21009909230733,14.0914172018169,57.7779989890812));
#9792=CARTESIAN_POINT('Origin',(1.83863625863558,14.0914172018169,57.5955187427245));
#9793=CARTESIAN_POINT('Origin',(1.83863625863558,14.0914172018168,57.5955187427245));
#9794=CARTESIAN_POINT('Origin',(0.,14.0914172018169,46.));
#9795=CARTESIAN_POINT('Origin',(0.,14.0914172018169,46.));
#9796=CARTESIAN_POINT('Origin',(0.0949999999999987,14.0914172018169,57.0900005623698));
#9797=CARTESIAN_POINT('',(0.0949999999999987,14.0914172018169,57.0900005623698));
#9798=CARTESIAN_POINT('',(-0.0950000000000013,14.0914172018169,57.0900005623698));
#9799=CARTESIAN_POINT('',(0.0474999999999965,14.0914172018169,57.0900005623698));
#9800=CARTESIAN_POINT('',(0.0949999999999987,14.0914172018169,57.0900005623698));
#9801=CARTESIAN_POINT('',(-0.0950000000000013,14.0914172018169,57.0900005623698));
#9802=CARTESIAN_POINT('Origin',(0.0950000000000013,14.0914172018169,57.7400005623698));
#9803=CARTESIAN_POINT('',(0.744999999999999,14.0914172018169,57.7400005623699));
#9804=CARTESIAN_POINT('Origin',(0.0950000000000013,14.0914172018168,57.7400005623698));
#9805=CARTESIAN_POINT('',(0.744999999999999,14.0914172018169,57.7400005623699));
#9806=CARTESIAN_POINT('Origin',(0.744999999999999,14.0914172018169,57.8165381986435));
#9807=CARTESIAN_POINT('',(0.744999999999999,14.0914172018169,57.8165381986435));
#9808=CARTESIAN_POINT('',(0.744999999999999,14.0914172018169,51.9082694420484));
#9809=CARTESIAN_POINT('',(0.744999999999999,14.0914172018169,57.8165381986435));
#9810=CARTESIAN_POINT('Origin',(-0.745000000000001,14.0914172018169,57.7400005623699));
#9811=CARTESIAN_POINT('',(-0.745000000000001,14.0914172018169,57.7400005623699));
#9812=CARTESIAN_POINT('',(-0.745000000000001,14.0914172018169,57.8165381986435));
#9813=CARTESIAN_POINT('',(-0.745000000000009,14.0914172018169,51.8700006239116));
#9814=CARTESIAN_POINT('',(-0.745000000000001,14.0914172018169,57.7400005623699));
#9815=CARTESIAN_POINT('',(-0.745000000000001,14.0914172018169,57.8165381986435));
#9816=CARTESIAN_POINT('Origin',(-0.0950000000000042,14.0914172018169,57.7400005623698));
#9817=CARTESIAN_POINT('Origin',(-0.0950000000000042,14.0914172018168,57.7400005623698));
#9818=CARTESIAN_POINT('Origin',(0.,14.0914172018169,46.));
#9819=CARTESIAN_POINT('Origin',(0.,14.0914172018169,46.));
#9820=CARTESIAN_POINT('Origin',(6.88658767753577,14.0914172018169,54.6932184852893));
#9821=CARTESIAN_POINT('',(6.88658767753577,14.0914172018169,54.6932184852893));
#9822=CARTESIAN_POINT('',(6.73665098075045,14.0914172018169,54.8099189007004));
#9823=CARTESIAN_POINT('',(6.84910333721977,14.0914172018169,54.7223937184382));
#9824=CARTESIAN_POINT('',(6.88658767753577,14.0914172018169,54.6932184852893));
#9825=CARTESIAN_POINT('',(6.73665098075045,14.0914172018169,54.8099189007004));
#9826=CARTESIAN_POINT('Origin',(7.28582594078405,14.0914172018169,55.206159816397));
#9827=CARTESIAN_POINT('',(7.79876727189171,14.0914172018169,54.8069215531487));
#9828=CARTESIAN_POINT('Origin',(7.28582594078405,14.0914172018168,55.206159816397));
#9829=CARTESIAN_POINT('',(7.79876727189171,14.0914172018169,54.8069215531487));
#9830=CARTESIAN_POINT('Origin',(7.84577766109019,14.0914172018169,54.8673205024257));
#9831=CARTESIAN_POINT('',(7.84577766109019,14.0914172018169,54.8673205024257));
#9832=CARTESIAN_POINT('',(4.21684383641493,14.0914172018169,50.2048662291665));
#9833=CARTESIAN_POINT('',(7.84577766109019,14.0914172018169,54.8673205024257));
#9834=CARTESIAN_POINT('Origin',(6.62294791289108,14.0914172018169,55.7220984950563));
#9835=CARTESIAN_POINT('',(6.62294791289108,14.0914172018169,55.7220984950563));
#9836=CARTESIAN_POINT('',(3.01751928281505,14.0914172018169,51.0898436964356));
#9837=CARTESIAN_POINT('',(6.62294791289108,14.0914172018169,55.7220984950563));
#9838=CARTESIAN_POINT('Origin',(7.13588924399873,14.0914172018169,55.322860231808));
#9839=CARTESIAN_POINT('Origin',(7.13588924399873,14.0914172018168,55.322860231808));
#9840=CARTESIAN_POINT('Origin',(0.,14.0914172018169,46.));
#9841=CARTESIAN_POINT('Origin',(0.,14.0914172018169,46.));
#9842=CARTESIAN_POINT('Origin',(9.33613678975024,14.0914172018169,51.9861245657299));
#9843=CARTESIAN_POINT('',(9.33613678975024,14.0914172018169,51.9861245657299));
#9844=CARTESIAN_POINT('',(9.23221663970698,14.0914172018169,52.1451861965998));
#9845=CARTESIAN_POINT('',(9.31015659530944,14.0914172018169,52.0258902136466));
#9846=CARTESIAN_POINT('',(9.33613678975024,14.0914172018169,51.9861245657299));
#9847=CARTESIAN_POINT('',(9.23221663970698,14.0914172018169,52.1451861965998));
#9848=CARTESIAN_POINT('Origin',(9.88029500062088,14.0914172018169,52.3416408685095));
#9849=CARTESIAN_POINT('',(10.2358113034005,14.0914172018169,51.7974826576389));
#9850=CARTESIAN_POINT('Origin',(9.88029500062088,14.0914172018169,52.3416408685095));
#9851=CARTESIAN_POINT('',(10.2358113034005,14.0914172018169,51.7974826576389));
#9852=CARTESIAN_POINT('Origin',(10.2998860468142,14.0914172018169,51.8393447768258));
#9853=CARTESIAN_POINT('',(10.2998860468142,14.0914172018169,51.8393447768258));
#9854=CARTESIAN_POINT('',(5.35368136923768,14.0914172018169,48.6078279777876));
#9855=CARTESIAN_POINT('',(10.2998860468142,14.0914172018169,51.8393447768258));
#9856=CARTESIAN_POINT('Origin',(9.42085854779804,14.0914172018169,53.04486071025));
#9857=CARTESIAN_POINT('',(9.42085854779804,14.0914172018169,53.04486071025));
#9858=CARTESIAN_POINT('',(4.50669124192839,14.0914172018169,49.8342749708053));
#9859=CARTESIAN_POINT('',(9.42085854779804,14.0914172018169,53.04486071025));
#9860=CARTESIAN_POINT('Origin',(9.77637485057762,14.0914172018169,52.5007024993794));
#9861=CARTESIAN_POINT('Origin',(9.77637485057762,14.0914172018169,52.5007024993794));
#9862=CARTESIAN_POINT('Origin',(0.,14.0914172018169,46.));
#9863=CARTESIAN_POINT('',(10.5220074043518,14.0914172018169,51.4289004579902));
#9864=CARTESIAN_POINT('Origin',(0.,14.0914172018169,46.));
#9865=CARTESIAN_POINT('',(10.5220074043518,14.0914172018169,51.4289004579902));
#9866=CARTESIAN_POINT('Origin',(10.1940877729499,14.0914172018169,50.3678040192706));
#9867=CARTESIAN_POINT('',(10.1940877729499,14.0914172018169,50.3678040192706));
#9868=CARTESIAN_POINT('',(10.1177656422658,14.0914172018169,50.5418009513351));
#9869=CARTESIAN_POINT('',(10.1750071142028,14.0914172018169,50.4113035397113));
#9870=CARTESIAN_POINT('',(10.1940877729499,14.0914172018169,50.3678040192706));
#9871=CARTESIAN_POINT('',(10.1177656422658,14.0914172018169,50.5418009513351));
#9872=CARTESIAN_POINT('Origin',(10.7893404352757,14.0914172018169,50.628906045295));
#9873=CARTESIAN_POINT('',(11.0504424613001,14.0914172018169,50.0336533829692));
#9874=CARTESIAN_POINT('Origin',(10.7893404352757,14.0914172018169,50.628906045295));
#9875=CARTESIAN_POINT('',(11.0504424613001,14.0914172018169,50.0336533829692));
#9876=CARTESIAN_POINT('Origin',(11.1205335870847,14.0914172018169,50.0643982012741));
#9877=CARTESIAN_POINT('',(11.1205335870847,14.0914172018169,50.0643982012741));
#9878=CARTESIAN_POINT('',(5.70989846530171,14.0914172018169,47.6910735917602));
#9879=CARTESIAN_POINT('',(11.1205335870847,14.0914172018169,50.0643982012741));
#9880=CARTESIAN_POINT('Origin',(10.4519162785672,14.0914172018169,51.3981556396853));
#9881=CARTESIAN_POINT('',(10.4519162785672,14.0914172018169,51.3981556396853));
#9882=CARTESIAN_POINT('',(5.07632671967647,14.0914172018169,49.0402034393238));
#9883=CARTESIAN_POINT('',(10.4519162785672,14.0914172018169,51.3981556396853));
#9884=CARTESIAN_POINT('Origin',(10.7130183045916,14.0914172018169,50.8029029773595));
#9885=CARTESIAN_POINT('Origin',(10.7130183045916,14.0914172018169,50.8029029773595));
#9886=CARTESIAN_POINT('Origin',(0.,14.0914172018169,46.));
#9887=CARTESIAN_POINT('',(11.2720685843273,14.0914172018169,49.6229918341367));
#9888=CARTESIAN_POINT('Origin',(0.,14.0914172018169,46.));
#9889=CARTESIAN_POINT('',(11.2720685843273,14.0914172018169,49.6229918341367));
#9890=CARTESIAN_POINT('Origin',(9.23221663970698,14.0914172018169,39.8548138034002));
#9891=CARTESIAN_POINT('',(9.23221663970698,14.0914172018169,39.8548138034002));
#9892=CARTESIAN_POINT('',(9.33613678975024,14.0914172018169,40.0138754342701));
#9893=CARTESIAN_POINT('',(9.25819683414777,14.0914172018169,39.8945794513169));
#9894=CARTESIAN_POINT('',(9.23221663970698,14.0914172018169,39.8548138034002));
#9895=CARTESIAN_POINT('',(9.33613678975024,14.0914172018169,40.0138754342701));
#9896=CARTESIAN_POINT('Origin',(9.77637485057762,14.0914172018169,39.4992975006207));
#9897=CARTESIAN_POINT('',(9.42085854779804,14.0914172018169,38.95513928975));
#9898=CARTESIAN_POINT('Origin',(9.77637485057762,14.0914172018169,39.4992975006207));
#9899=CARTESIAN_POINT('',(9.42085854779804,14.0914172018169,38.95513928975));
#9900=CARTESIAN_POINT('Origin',(9.48493329121178,14.0914172018169,38.9132771705631));
#9901=CARTESIAN_POINT('',(9.48493329121178,14.0914172018169,38.9132771705631));
#9902=CARTESIAN_POINT('',(4.5387282997753,14.0914172018169,42.1447941746562));
#9903=CARTESIAN_POINT('',(9.48493329121178,14.0914172018169,38.9132771705631));
#9904=CARTESIAN_POINT('Origin',(10.2358113034005,14.0914172018169,40.2025173423612));
#9905=CARTESIAN_POINT('',(10.2358113034005,14.0914172018169,40.2025173423612));
#9906=CARTESIAN_POINT('',(10.2998860468142,14.0914172018169,40.1606552231743));
#9907=CARTESIAN_POINT('',(5.32164368367086,14.0914172018169,43.4131032868609));
#9908=CARTESIAN_POINT('',(10.2358113034005,14.0914172018169,40.2025173423612));
#9909=CARTESIAN_POINT('',(10.2998860468142,14.0914172018169,40.1606552231743));
#9910=CARTESIAN_POINT('Origin',(9.88029500062088,14.0914172018169,39.6583591314905));
#9911=CARTESIAN_POINT('Origin',(9.88029500062088,14.0914172018169,39.6583591314905));
#9912=CARTESIAN_POINT('Origin',(0.,14.0914172018169,46.));
#9913=CARTESIAN_POINT('',(9.19828446498559,14.0914172018169,38.5449907510987));
#9914=CARTESIAN_POINT('Origin',(0.,14.0914172018169,46.));
#9915=CARTESIAN_POINT('',(9.19828446498559,14.0914172018169,38.5449907510987));
#9916=CARTESIAN_POINT('Origin',(10.1177656422658,14.0914172018169,41.458199048665));
#9917=CARTESIAN_POINT('',(10.1177656422658,14.0914172018169,41.458199048665));
#9918=CARTESIAN_POINT('',(10.1940877729499,14.0914172018169,41.6321959807294));
#9919=CARTESIAN_POINT('',(10.136846301013,14.0914172018169,41.5016985691057));
#9920=CARTESIAN_POINT('',(10.1177656422658,14.0914172018169,41.458199048665));
#9921=CARTESIAN_POINT('',(10.1940877729499,14.0914172018169,41.6321959807294));
#9922=CARTESIAN_POINT('Origin',(10.7130183045916,14.0914172018169,41.1970970226405));
#9923=CARTESIAN_POINT('',(10.4519162785672,14.0914172018169,40.6018443603148));
#9924=CARTESIAN_POINT('Origin',(10.7130183045916,14.0914172018169,41.1970970226405));
#9925=CARTESIAN_POINT('',(10.4519162785672,14.0914172018169,40.6018443603148));
#9926=CARTESIAN_POINT('Origin',(10.5220074043518,14.0914172018169,40.5710995420099));
#9927=CARTESIAN_POINT('',(10.5220074043518,14.0914172018169,40.5710995420099));
#9928=CARTESIAN_POINT('',(5.11137203041657,14.0914172018169,42.9444242621281));
#9929=CARTESIAN_POINT('',(10.5220074043518,14.0914172018169,40.5710995420099));
#9930=CARTESIAN_POINT('Origin',(11.0504424613001,14.0914172018169,41.9663466170308));
#9931=CARTESIAN_POINT('',(11.0504424613001,14.0914172018169,41.9663466170308));
#9932=CARTESIAN_POINT('',(11.1205335870847,14.0914172018169,41.9356017987259));
#9933=CARTESIAN_POINT('',(5.67485265025718,14.0914172018169,44.3242989279965));
#9934=CARTESIAN_POINT('',(11.0504424613001,14.0914172018169,41.9663466170308));
#9935=CARTESIAN_POINT('',(11.1205335870847,14.0914172018169,41.9356017987259));
#9936=CARTESIAN_POINT('Origin',(10.7893404352757,14.0914172018169,41.371093954705));
#9937=CARTESIAN_POINT('Origin',(10.7893404352757,14.0914172018169,41.371093954705));
#9938=CARTESIAN_POINT('Origin',(0.,14.0914172018169,46.));
#9939=CARTESIAN_POINT('Origin',(0.,14.0914172018169,46.));
#9940=CARTESIAN_POINT('Origin',(10.773970615707,14.0914172018169,48.6303411651809));
#9941=CARTESIAN_POINT('',(10.773970615707,14.0914172018169,48.6303411651809));
#9942=CARTESIAN_POINT('',(10.7273283731503,14.0914172018169,48.8145272157093));
#9943=CARTESIAN_POINT('',(10.7623099735079,14.0914172018169,48.6763879998859));
#9944=CARTESIAN_POINT('',(10.773970615707,14.0914172018169,48.6303411651809));
#9945=CARTESIAN_POINT('',(10.7273283731503,14.0914172018169,48.8145272157093));
#9946=CARTESIAN_POINT('Origin',(11.4040807885676,14.0914172018169,48.7899067318224));
#9947=CARTESIAN_POINT('',(11.5636463552091,14.0914172018169,48.1597965589618));
#9948=CARTESIAN_POINT('Origin',(11.4040807885676,14.0914172018169,48.7899067318224));
#9949=CARTESIAN_POINT('',(11.5636463552091,14.0914172018169,48.1597965589618));
#9950=CARTESIAN_POINT('Origin',(11.6378419601671,14.0914172018169,48.1785854378871));
#9951=CARTESIAN_POINT('',(11.6378419601671,14.0914172018169,48.1785854378871));
#9952=CARTESIAN_POINT('',(5.91036440560344,14.0914172018169,46.7281911405349));
#9953=CARTESIAN_POINT('',(11.6378419601671,14.0914172018169,48.1785854378871));
#9954=CARTESIAN_POINT('Origin',(11.1978729793693,14.0914172018169,49.6042029552114));
#9955=CARTESIAN_POINT('',(11.1978729793693,14.0914172018169,49.6042029552114));
#9956=CARTESIAN_POINT('',(5.50749322728464,14.0914172018169,48.1632030973219));
#9957=CARTESIAN_POINT('',(11.1978729793693,14.0914172018169,49.6042029552114));
#9958=CARTESIAN_POINT('Origin',(11.3574385460108,14.0914172018169,48.9740927823509));
#9959=CARTESIAN_POINT('Origin',(11.3574385460108,14.0914172018169,48.9740927823509));
#9960=CARTESIAN_POINT('Origin',(0.,14.0914172018169,46.));
#9961=CARTESIAN_POINT('',(11.7146571174122,14.0914172018169,47.7182574374828));
#9962=CARTESIAN_POINT('Origin',(0.,14.0914172018169,46.));
#9963=CARTESIAN_POINT('',(11.7146571174122,14.0914172018169,47.7182574374828));
#9964=CARTESIAN_POINT('Origin',(10.7273283731503,14.0914172018169,43.1854727842907));
#9965=CARTESIAN_POINT('',(10.7273283731503,14.0914172018169,43.1854727842907));
#9966=CARTESIAN_POINT('',(10.773970615707,14.0914172018169,43.3696588348192));
#9967=CARTESIAN_POINT('',(10.7389890153494,14.0914172018169,43.2315196189957));
#9968=CARTESIAN_POINT('',(10.7273283731503,14.0914172018169,43.1854727842907));
#9969=CARTESIAN_POINT('',(10.773970615707,14.0914172018169,43.3696588348192));
#9970=CARTESIAN_POINT('Origin',(11.3574385460108,14.0914172018169,43.0259072176492));
#9971=CARTESIAN_POINT('',(11.1978729793693,14.0914172018169,42.3957970447886));
#9972=CARTESIAN_POINT('Origin',(11.3574385460108,14.0914172018169,43.0259072176492));
#9973=CARTESIAN_POINT('',(11.1978729793693,14.0914172018169,42.3957970447886));
#9974=CARTESIAN_POINT('Origin',(11.2720685843273,14.0914172018169,42.3770081658634));
#9975=CARTESIAN_POINT('',(11.2720685843273,14.0914172018169,42.3770081658634));
#9976=CARTESIAN_POINT('',(5.54459086664378,14.0914172018169,43.8274025045231));
#9977=CARTESIAN_POINT('',(11.2720685843273,14.0914172018169,42.3770081658634));
#9978=CARTESIAN_POINT('Origin',(11.5636463552091,14.0914172018169,43.8402034410382));
#9979=CARTESIAN_POINT('',(11.5636463552091,14.0914172018169,43.8402034410382));
#9980=CARTESIAN_POINT('',(11.6378419601671,14.0914172018169,43.821414562113));
#9981=CARTESIAN_POINT('',(5.87326644000456,14.0914172018169,45.2812033402353));
#9982=CARTESIAN_POINT('',(11.5636463552091,14.0914172018169,43.8402034410382));
#9983=CARTESIAN_POINT('',(11.6378419601671,14.0914172018169,43.821414562113));
#9984=CARTESIAN_POINT('Origin',(11.4040807885676,14.0914172018169,43.2100932681777));
#9985=CARTESIAN_POINT('Origin',(11.4040807885676,14.0914172018169,43.2100932681777));
#9986=CARTESIAN_POINT('Origin',(0.,14.0914172018169,46.));
#9987=CARTESIAN_POINT('Origin',(0.,14.0914172018169,46.));
#9988=CARTESIAN_POINT('Origin',(6.73665098075046,14.0914172018169,37.1900810992997));
#9989=CARTESIAN_POINT('',(6.73665098075046,14.0914172018169,37.1900810992997));
#9990=CARTESIAN_POINT('',(6.88658767753577,14.0914172018169,37.3067815147107));
#9991=CARTESIAN_POINT('',(6.77413532106646,14.0914172018169,37.2192563324486));
#9992=CARTESIAN_POINT('',(6.73665098075046,14.0914172018169,37.1900810992997));
#9993=CARTESIAN_POINT('',(6.88658767753577,14.0914172018169,37.3067815147107));
#9994=CARTESIAN_POINT('Origin',(7.13588924399874,14.0914172018169,36.677139768192));
#9995=CARTESIAN_POINT('',(6.62294791289109,14.0914172018169,36.2779015049438));
#9996=CARTESIAN_POINT('Origin',(7.13588924399874,14.0914172018169,36.677139768192));
#9997=CARTESIAN_POINT('',(6.62294791289109,14.0914172018169,36.2779015049438));
#9998=CARTESIAN_POINT('Origin',(6.66995830208957,14.0914172018169,36.2175025556668));
#9999=CARTESIAN_POINT('',(6.66995830208957,14.0914172018169,36.2175025556668));
#10000=CARTESIAN_POINT('',(3.04102414517495,14.0914172018169,40.8799572557871));
#10001=CARTESIAN_POINT('',(6.66995830208957,14.0914172018169,36.2175025556668));
#10002=CARTESIAN_POINT('Origin',(7.79876727189171,14.0914172018169,37.1930784468514));
#10003=CARTESIAN_POINT('',(7.79876727189171,14.0914172018169,37.1930784468514));
#10004=CARTESIAN_POINT('',(7.8457776610902,14.0914172018169,37.1326794975744));
#10005=CARTESIAN_POINT('',(4.19333830957635,14.0914172018169,41.8253336723332));
#10006=CARTESIAN_POINT('',(7.79876727189171,14.0914172018169,37.1930784468514));
#10007=CARTESIAN_POINT('',(7.8457776610902,14.0914172018169,37.1326794975744));
#10008=CARTESIAN_POINT('Origin',(7.28582594078406,14.0914172018169,36.7938401836031));
#10009=CARTESIAN_POINT('Origin',(7.28582594078406,14.0914172018169,36.7938401836031));
#10010=CARTESIAN_POINT('Origin',(0.,14.0914172018169,46.));
#10011=CARTESIAN_POINT('Origin',(0.,14.0914172018169,46.));
#10012=CARTESIAN_POINT('Origin',(8.09483683380952,14.0914172018169,38.4190532182739));
#10013=CARTESIAN_POINT('',(8.09483683380952,14.0914172018169,38.4190532182739));
#10014=CARTESIAN_POINT('',(8.22352033241841,14.0914172018169,38.5588407613018));
#10015=CARTESIAN_POINT('',(8.12700787923979,14.0914172018169,38.4540002895453));
#10016=CARTESIAN_POINT('',(8.09483683380952,14.0914172018169,38.4190532182739));
#10017=CARTESIAN_POINT('',(8.22352033241841,14.0914172018169,38.5588407613018));
#10018=CARTESIAN_POINT('Origin',(8.57305737574705,14.0914172018169,37.9788201967172));
#10019=CARTESIAN_POINT('',(8.13282435419032,14.0914172018169,37.5005996547796));
#10020=CARTESIAN_POINT('Origin',(8.57305737574705,14.0914172018169,37.9788201967172));
#10021=CARTESIAN_POINT('',(8.13282435419032,14.0914172018169,37.5005996547796));
#10022=CARTESIAN_POINT('Origin',(8.18913492326324,14.0914172018169,37.4487621241957));
#10023=CARTESIAN_POINT('',(8.18913492326324,14.0914172018169,37.4487621241957));
#10024=CARTESIAN_POINT('',(3.84227990542298,14.0914172018169,41.4503240625844));
#10025=CARTESIAN_POINT('',(8.18913492326324,14.0914172018169,37.4487621241957));
#10026=CARTESIAN_POINT('Origin',(9.14197389591267,14.0914172018169,38.5968282816826));
#10027=CARTESIAN_POINT('',(9.14197389591267,14.0914172018169,38.5968282816826));
#10028=CARTESIAN_POINT('',(4.82327416260888,14.0914172018169,42.5724714547793));
#10029=CARTESIAN_POINT('',(9.14197389591267,14.0914172018169,38.5968282816826));
#10030=CARTESIAN_POINT('Origin',(8.70174087435594,14.0914172018169,38.1186077397451));
#10031=CARTESIAN_POINT('Origin',(8.70174087435594,14.0914172018169,38.1186077397451));
#10032=CARTESIAN_POINT('Origin',(0.,14.0914172018169,46.));
#10033=CARTESIAN_POINT('Origin',(0.,14.0914172018169,46.));
#10034=CARTESIAN_POINT('Origin',(11.0442775500731,14.0914172018169,44.9895194854361));
#10035=CARTESIAN_POINT('',(11.0442775500731,14.0914172018169,44.9895194854361));
#10036=CARTESIAN_POINT('',(11.0599676257129,14.0914172018169,45.1788705391074));
#10037=CARTESIAN_POINT('',(11.0482000971886,14.0914172018169,45.0368575892434));
#10038=CARTESIAN_POINT('',(11.0442775500731,14.0914172018169,44.9895194854361));
#10039=CARTESIAN_POINT('',(11.0599676257129,14.0914172018169,45.1788705391074));
#10040=CARTESIAN_POINT('Origin',(11.6920574705275,14.0914172018169,44.9358429108791));
#10041=CARTESIAN_POINT('',(11.6383808959705,14.0914172018169,44.2880629904247));
#10042=CARTESIAN_POINT('Origin',(11.6920574705275,14.0914172018169,44.9358429108791));
#10043=CARTESIAN_POINT('',(11.6383808959705,14.0914172018169,44.2880629904247));
#10044=CARTESIAN_POINT('Origin',(11.7146571174122,14.0914172018169,44.2817425625173));
#10045=CARTESIAN_POINT('',(11.7146571174122,14.0914172018169,44.2817425625173));
#10046=CARTESIAN_POINT('',(5.82656772431215,14.0914172018169,44.7696435599508));
#10047=CARTESIAN_POINT('',(11.7146571174122,14.0914172018169,44.2817425625173));
#10048=CARTESIAN_POINT('Origin',(11.7614241207242,14.0914172018169,45.7729738850047));
#10049=CARTESIAN_POINT('',(11.7614241207242,14.0914172018169,45.7729738850047));
#10050=CARTESIAN_POINT('',(11.8377003421659,14.0914172018169,45.7666534570972));
#10051=CARTESIAN_POINT('',(5.91147283834508,14.0914172018169,46.2577146684845));
#10052=CARTESIAN_POINT('',(11.7614241207242,14.0914172018169,45.7729738850047));
#10053=CARTESIAN_POINT('',(11.8377003421659,14.0914172018169,45.7666534570972));
#10054=CARTESIAN_POINT('Origin',(11.7077475461672,14.0914172018169,45.1251939645503));
#10055=CARTESIAN_POINT('Origin',(11.7077475461672,14.0914172018169,45.1251939645503));
#10056=CARTESIAN_POINT('Origin',(0.,14.0914172018169,46.));
#10057=CARTESIAN_POINT('Origin',(0.,14.0914172018169,46.));
#10058=CARTESIAN_POINT('Origin',(11.0599676257129,14.0914172018169,46.8211294608927));
#10059=CARTESIAN_POINT('',(11.0599676257129,14.0914172018169,46.8211294608927));
#10060=CARTESIAN_POINT('',(11.0442775500731,14.0914172018169,47.010480514564));
#10061=CARTESIAN_POINT('',(11.0560450785975,14.0914172018169,46.8684675647));
#10062=CARTESIAN_POINT('',(11.0599676257129,14.0914172018169,46.8211294608927));
#10063=CARTESIAN_POINT('',(11.0442775500731,14.0914172018169,47.010480514564));
#10064=CARTESIAN_POINT('Origin',(11.7077475461672,14.0914172018169,46.8748060354497));
#10065=CARTESIAN_POINT('',(11.7614241207242,14.0914172018169,46.2270261149954));
#10066=CARTESIAN_POINT('Origin',(11.7077475461672,14.0914172018169,46.8748060354497));
#10067=CARTESIAN_POINT('',(11.7614241207242,14.0914172018169,46.2270261149954));
#10068=CARTESIAN_POINT('Origin',(11.8377003421659,14.0914172018169,46.2333465429029));
#10069=CARTESIAN_POINT('',(11.8377003421659,14.0914172018169,46.2333465429029));
#10070=CARTESIAN_POINT('',(5.94961100547688,14.0914172018169,45.7454455501436));
#10071=CARTESIAN_POINT('',(11.8377003421659,14.0914172018169,46.2333465429029));
#10072=CARTESIAN_POINT('Origin',(11.6383808959705,14.0914172018169,47.7119370095753));
#10073=CARTESIAN_POINT('',(11.6383808959705,14.0914172018169,47.7119370095753));
#10074=CARTESIAN_POINT('',(5.78842967000226,14.0914172018169,47.2271962307698));
#10075=CARTESIAN_POINT('',(11.6383808959705,14.0914172018169,47.7119370095753));
#10076=CARTESIAN_POINT('Origin',(11.6920574705275,14.0914172018169,47.064157089121));
#10077=CARTESIAN_POINT('Origin',(11.6920574705275,14.0914172018169,47.064157089121));
#10078=CARTESIAN_POINT('Origin',(0.,14.0914172018169,46.));
#10079=CARTESIAN_POINT('Origin',(0.,14.0914172018169,46.));
#10080=CARTESIAN_POINT('Origin',(-5.19470685007498,14.0914172018169,55.798579397808));
#10081=CARTESIAN_POINT('',(-5.19470685007498,14.0914172018169,55.798579397808));
#10082=CARTESIAN_POINT('',(-5.36180686280422,14.0914172018169,55.708149393131));
#10083=CARTESIAN_POINT('',(-5.23648170979765,14.0914172018169,55.7759719742752));
#10084=CARTESIAN_POINT('',(-5.19470685007498,14.0914172018169,55.798579397808));
#10085=CARTESIAN_POINT('',(-5.36180686280422,14.0914172018169,55.708149393131));
#10086=CARTESIAN_POINT('Origin',(-5.50407265554908,14.0914172018169,56.3702373360922));
#10087=CARTESIAN_POINT('',(-4.93241471726486,14.0914172018169,56.6796031415663));
#10088=CARTESIAN_POINT('Origin',(-5.50407265554908,14.0914172018168,56.3702373360922));
#10089=CARTESIAN_POINT('',(-4.93241471726486,14.0914172018169,56.6796031415663));
#10090=CARTESIAN_POINT('Origin',(-4.96884260571852,14.0914172018169,56.7469159836484));
#10091=CARTESIAN_POINT('',(-4.96884260571852,14.0914172018169,56.7469159836484));
#10092=CARTESIAN_POINT('',(-2.15681747399449,14.0914172018169,51.5507486608207));
#10093=CARTESIAN_POINT('',(-4.96884260571852,14.0914172018169,56.7469159836484));
#10094=CARTESIAN_POINT('Origin',(-6.24283060656253,14.0914172018169,55.9704415259411));
#10095=CARTESIAN_POINT('',(-6.24283060656253,14.0914172018169,55.9704415259411));
#10096=CARTESIAN_POINT('',(-6.27925849501619,14.0914172018169,56.0377543680231));
#10097=CARTESIAN_POINT('',(-3.44901941906534,14.0914172018169,50.8079306241545));
#10098=CARTESIAN_POINT('',(-6.24283060656253,14.0914172018169,55.9704415259411));
#10099=CARTESIAN_POINT('',(-6.27925849501619,14.0914172018169,56.0377543680231));
#10100=CARTESIAN_POINT('Origin',(-5.67117266827831,14.0914172018169,56.2798073314152));
#10101=CARTESIAN_POINT('Origin',(-5.67117266827831,14.0914172018168,56.2798073314152));
#10102=CARTESIAN_POINT('Origin',(0.,14.0914172018169,46.));
#10103=CARTESIAN_POINT('',(-4.54145752600337,14.0914172018169,56.9343844609337));
#10104=CARTESIAN_POINT('Origin',(0.,14.0914172018169,46.));
#10105=CARTESIAN_POINT('',(-4.54145752600337,14.0914172018169,56.9343844609337));
#10106=CARTESIAN_POINT('Origin',(-6.73665098075046,14.0914172018169,54.8099189007004));
#10107=CARTESIAN_POINT('',(-6.73665098075046,14.0914172018169,54.8099189007004));
#10108=CARTESIAN_POINT('',(-6.88658767753577,14.0914172018169,54.6932184852893));
#10109=CARTESIAN_POINT('',(-6.77413498882711,14.0914172018169,54.7807439261437));
#10110=CARTESIAN_POINT('',(-6.73665098075046,14.0914172018169,54.8099189007004));
#10111=CARTESIAN_POINT('',(-6.88658767753577,14.0914172018169,54.6932184852893));
#10112=CARTESIAN_POINT('Origin',(-7.13588924399874,14.0914172018169,55.322860231808));
#10113=CARTESIAN_POINT('',(-6.62294791289108,14.0914172018169,55.7220984950563));
#10114=CARTESIAN_POINT('Origin',(-7.13588924399874,14.0914172018168,55.322860231808));
#10115=CARTESIAN_POINT('',(-6.62294791289108,14.0914172018169,55.7220984950563));
#10116=CARTESIAN_POINT('Origin',(-6.66995830208957,14.0914172018169,55.7824974443333));
#10117=CARTESIAN_POINT('',(-6.66995830208957,14.0914172018169,55.7824974443333));
#10118=CARTESIAN_POINT('',(-3.0410244774143,14.0914172018169,51.1200431710741));
#10119=CARTESIAN_POINT('',(-6.66995830208957,14.0914172018169,55.7824974443333));
#10120=CARTESIAN_POINT('Origin',(-7.79876727189171,14.0914172018169,54.8069215531487));
#10121=CARTESIAN_POINT('',(-7.79876727189171,14.0914172018169,54.8069215531487));
#10122=CARTESIAN_POINT('',(-7.84577766109019,14.0914172018169,54.8673205024257));
#10123=CARTESIAN_POINT('',(-4.19333864181569,14.0914172018169,50.174666754528));
#10124=CARTESIAN_POINT('',(-7.79876727189171,14.0914172018169,54.8069215531487));
#10125=CARTESIAN_POINT('',(-7.84577766109019,14.0914172018169,54.8673205024257));
#10126=CARTESIAN_POINT('Origin',(-7.28582594078406,14.0914172018169,55.206159816397));
#10127=CARTESIAN_POINT('Origin',(-7.28582594078406,14.0914172018168,55.206159816397));
#10128=CARTESIAN_POINT('Origin',(0.,14.0914172018169,46.));
#10129=CARTESIAN_POINT('Origin',(0.,14.0914172018169,46.));
#10130=CARTESIAN_POINT('Origin',(-8.09483683380951,14.0914172018169,53.5809467817262));
#10131=CARTESIAN_POINT('',(-8.09483683380951,14.0914172018169,53.5809467817262));
#10132=CARTESIAN_POINT('',(-8.2235203324184,14.0914172018169,53.4411592386983));
#10133=CARTESIAN_POINT('',(-8.12700753768368,14.0914172018169,53.5460000814836));
#10134=CARTESIAN_POINT('',(-8.09483683380951,14.0914172018169,53.5809467817262));
#10135=CARTESIAN_POINT('',(-8.2235203324184,14.0914172018169,53.4411592386983));
#10136=CARTESIAN_POINT('Origin',(-8.57305737574704,14.0914172018169,54.0211798032829));
#10137=CARTESIAN_POINT('',(-8.13282435419032,14.0914172018169,54.4994003452204));
#10138=CARTESIAN_POINT('Origin',(-8.57305737574704,14.0914172018169,54.0211798032829));
#10139=CARTESIAN_POINT('',(-8.13282435419032,14.0914172018169,54.4994003452204));
#10140=CARTESIAN_POINT('Origin',(-8.18913492326323,14.0914172018169,54.5512378758043));
#10141=CARTESIAN_POINT('',(-8.18913492326323,14.0914172018169,54.5512378758043));
#10142=CARTESIAN_POINT('',(-3.84228024697908,14.0914172018169,50.5496762518402));
#10143=CARTESIAN_POINT('',(-8.18913492326323,14.0914172018169,54.5512378758043));
#10144=CARTESIAN_POINT('Origin',(-9.14197389591267,14.0914172018169,53.4031717183175));
#10145=CARTESIAN_POINT('',(-9.14197389591267,14.0914172018169,53.4031717183175));
#10146=CARTESIAN_POINT('',(-9.19828446498559,14.0914172018169,53.4550092489014));
#10147=CARTESIAN_POINT('',(-4.82327450416498,14.0914172018169,49.4275288596453));
#10148=CARTESIAN_POINT('',(-9.14197389591267,14.0914172018169,53.4031717183175));
#10149=CARTESIAN_POINT('',(-9.19828446498559,14.0914172018169,53.4550092489014));
#10150=CARTESIAN_POINT('Origin',(-8.70174087435594,14.0914172018169,53.881392260255));
#10151=CARTESIAN_POINT('Origin',(-8.70174087435594,14.0914172018169,53.881392260255));
#10152=CARTESIAN_POINT('Origin',(0.,14.0914172018169,46.));
#10153=CARTESIAN_POINT('Origin',(0.,14.0914172018169,46.));
#10154=CARTESIAN_POINT('Origin',(-9.23221663970698,14.0914172018169,52.1451861965998));
#10155=CARTESIAN_POINT('',(-9.23221663970698,14.0914172018169,52.1451861965998));
#10156=CARTESIAN_POINT('',(-9.33613678975024,14.0914172018169,51.9861245657299));
#10157=CARTESIAN_POINT('',(-9.25819652028781,14.0914172018169,52.1054210290816));
#10158=CARTESIAN_POINT('',(-9.23221663970698,14.0914172018169,52.1451861965998));
#10159=CARTESIAN_POINT('',(-9.33613678975024,14.0914172018169,51.9861245657299));
#10160=CARTESIAN_POINT('Origin',(-9.77637485057762,14.0914172018169,52.5007024993794));
#10161=CARTESIAN_POINT('',(-9.42085854779804,14.0914172018169,53.04486071025));
#10162=CARTESIAN_POINT('Origin',(-9.77637485057762,14.0914172018169,52.5007024993794));
#10163=CARTESIAN_POINT('',(-9.42085854779804,14.0914172018169,53.04486071025));
#10164=CARTESIAN_POINT('Origin',(-9.48493329121178,14.0914172018169,53.086722829437));
#10165=CARTESIAN_POINT('',(-9.48493329121178,14.0914172018169,53.086722829437));
#10166=CARTESIAN_POINT('',(-4.53872861363527,14.0914172018169,49.8552060303987));
#10167=CARTESIAN_POINT('',(-9.48493329121178,14.0914172018169,53.086722829437));
#10168=CARTESIAN_POINT('Origin',(-10.2358113034005,14.0914172018169,51.7974826576389));
#10169=CARTESIAN_POINT('',(-10.2358113034005,14.0914172018169,51.7974826576389));
#10170=CARTESIAN_POINT('',(-10.2998860468142,14.0914172018169,51.8393447768258));
#10171=CARTESIAN_POINT('',(-5.32164399753082,14.0914172018169,48.5868969181941));
#10172=CARTESIAN_POINT('',(-10.2358113034005,14.0914172018169,51.7974826576389));
#10173=CARTESIAN_POINT('',(-10.2998860468142,14.0914172018169,51.8393447768258));
#10174=CARTESIAN_POINT('Origin',(-9.88029500062088,14.0914172018169,52.3416408685095));
#10175=CARTESIAN_POINT('Origin',(-9.88029500062088,14.0914172018169,52.3416408685095));
#10176=CARTESIAN_POINT('Origin',(0.,14.0914172018169,46.));
#10177=CARTESIAN_POINT('Origin',(0.,14.0914172018169,46.));
#10178=CARTESIAN_POINT('Origin',(-10.1177656422658,14.0914172018169,50.5418009513351));
#10179=CARTESIAN_POINT('',(-10.1177656422658,14.0914172018169,50.5418009513351));
#10180=CARTESIAN_POINT('',(-10.1940877729499,14.0914172018169,50.3678040192706));
#10181=CARTESIAN_POINT('',(-10.1368460488607,14.0914172018169,50.4983020057435));
#10182=CARTESIAN_POINT('',(-10.1177656422658,14.0914172018169,50.5418009513351));
#10183=CARTESIAN_POINT('',(-10.1940877729499,14.0914172018169,50.3678040192706));
#10184=CARTESIAN_POINT('Origin',(-10.7130183045916,14.0914172018169,50.8029029773595));
#10185=CARTESIAN_POINT('',(-10.4519162785672,14.0914172018169,51.3981556396853));
#10186=CARTESIAN_POINT('Origin',(-10.7130183045916,14.0914172018169,50.8029029773595));
#10187=CARTESIAN_POINT('',(-10.4519162785672,14.0914172018169,51.3981556396853));
#10188=CARTESIAN_POINT('Origin',(-10.5220074043518,14.0914172018169,51.4289004579902));
#10189=CARTESIAN_POINT('',(-10.5220074043518,14.0914172018169,51.4289004579902));
#10190=CARTESIAN_POINT('',(-5.11137228256879,14.0914172018169,49.0555758484762));
#10191=CARTESIAN_POINT('',(-10.5220074043518,14.0914172018169,51.4289004579902));
#10192=CARTESIAN_POINT('Origin',(-11.0504424613001,14.0914172018169,50.0336533829692));
#10193=CARTESIAN_POINT('',(-11.0504424613001,14.0914172018169,50.0336533829692));
#10194=CARTESIAN_POINT('',(-11.1205335870847,14.0914172018169,50.0643982012741));
#10195=CARTESIAN_POINT('',(-5.67485290240941,14.0914172018169,47.6757011826077));
#10196=CARTESIAN_POINT('',(-11.0504424613001,14.0914172018169,50.0336533829692));
#10197=CARTESIAN_POINT('',(-11.1205335870847,14.0914172018169,50.0643982012741));
#10198=CARTESIAN_POINT('Origin',(-10.7893404352757,14.0914172018169,50.628906045295));
#10199=CARTESIAN_POINT('Origin',(-10.7893404352757,14.0914172018169,50.628906045295));
#10200=CARTESIAN_POINT('Origin',(0.,14.0914172018169,46.));
#10201=CARTESIAN_POINT('Origin',(0.,14.0914172018169,46.));
#10202=CARTESIAN_POINT('Origin',(-10.7273283731503,14.0914172018169,48.8145272157093));
#10203=CARTESIAN_POINT('',(-10.7273283731503,14.0914172018169,48.8145272157093));
#10204=CARTESIAN_POINT('',(-10.773970615707,14.0914172018169,48.6303411651809));
#10205=CARTESIAN_POINT('',(-10.7389888522295,14.0914172018169,48.7684810251501));
#10206=CARTESIAN_POINT('',(-10.7273283731503,14.0914172018169,48.8145272157093));
#10207=CARTESIAN_POINT('',(-10.773970615707,14.0914172018169,48.6303411651809));
#10208=CARTESIAN_POINT('Origin',(-11.3574385460108,14.0914172018169,48.9740927823509));
#10209=CARTESIAN_POINT('',(-11.1978729793693,14.0914172018169,49.6042029552114));
#10210=CARTESIAN_POINT('Origin',(-11.3574385460108,14.0914172018169,48.9740927823509));
#10211=CARTESIAN_POINT('',(-11.1978729793693,14.0914172018169,49.6042029552114));
#10212=CARTESIAN_POINT('Origin',(-11.2720685843273,14.0914172018169,49.6229918341367));
#10213=CARTESIAN_POINT('',(-11.2720685843273,14.0914172018169,49.6229918341367));
#10214=CARTESIAN_POINT('',(-5.54459102976366,14.0914172018169,48.1725975367845));
#10215=CARTESIAN_POINT('',(-11.2720685843273,14.0914172018169,49.6229918341367));
#10216=CARTESIAN_POINT('Origin',(-11.5636463552091,14.0914172018169,48.1597965589618));
#10217=CARTESIAN_POINT('',(-11.5636463552091,14.0914172018169,48.1597965589618));
#10218=CARTESIAN_POINT('',(-5.87326660312444,14.0914172018169,46.7187967010723));
#10219=CARTESIAN_POINT('',(-11.5636463552091,14.0914172018169,48.1597965589618));
#10220=CARTESIAN_POINT('Origin',(-11.4040807885676,14.0914172018169,48.7899067318224));
#10221=CARTESIAN_POINT('Origin',(-11.4040807885676,14.0914172018169,48.7899067318224));
#10222=CARTESIAN_POINT('Origin',(0.,14.0914172018169,46.));
#10223=CARTESIAN_POINT('Origin',(0.,14.0914172018169,46.));
#10224=CARTESIAN_POINT('Origin',(-1.73164977495311,14.0914172018169,56.9543838955127));
#10225=CARTESIAN_POINT('',(-1.73164977495311,14.0914172018169,56.9543838955127));
#10226=CARTESIAN_POINT('',(-1.91905842259963,14.0914172018169,56.9231109233594));
#10227=CARTESIAN_POINT('',(-1.77850188122316,14.0914172018169,56.9465656617593));
#10228=CARTESIAN_POINT('',(-1.73164977495311,14.0914172018169,56.9543838955127));
#10229=CARTESIAN_POINT('',(-1.91905842259963,14.0914172018169,56.9231109233594));
#10230=CARTESIAN_POINT('Origin',(-1.83863625863559,14.0914172018169,57.5955187427245));
#10231=CARTESIAN_POINT('',(-1.19750141142382,14.0914172018169,57.702505226407));
#10232=CARTESIAN_POINT('Origin',(-1.83863625863559,14.0914172018168,57.5955187427245));
#10233=CARTESIAN_POINT('',(-1.19750141142382,14.0914172018169,57.702505226407));
#10234=CARTESIAN_POINT('Origin',(-1.21009909230733,14.0914172018169,57.7779989890812));
#10235=CARTESIAN_POINT('',(-1.21009909230733,14.0914172018169,57.7779989890812));
#10236=CARTESIAN_POINT('',(-0.237630016277741,14.0914172018169,51.9503113128619));
#10237=CARTESIAN_POINT('',(-1.21009909230733,14.0914172018169,57.7779989890812));
#10238=CARTESIAN_POINT('Origin',(-2.66717975349388,14.0914172018169,57.4572592868887));
#10239=CARTESIAN_POINT('',(-2.66717975349388,14.0914172018169,57.4572592868887));
#10240=CARTESIAN_POINT('',(-2.67977743437739,14.0914172018169,57.5327530495629));
#10241=CARTESIAN_POINT('',(-1.70100951790605,14.0914172018169,51.6673184920065));
#10242=CARTESIAN_POINT('',(-2.66717975349388,14.0914172018169,57.4572592868887));
#10243=CARTESIAN_POINT('',(-2.67977743437739,14.0914172018169,57.5327530495629));
#10244=CARTESIAN_POINT('Origin',(-2.02604490628211,14.0914172018169,57.5642457705711));
#10245=CARTESIAN_POINT('Origin',(-2.02604490628211,14.0914172018168,57.5642457705711));
#10246=CARTESIAN_POINT('Origin',(0.,14.0914172018169,46.));
#10247=CARTESIAN_POINT('Origin',(0.,14.0914172018169,46.));
#10248=CARTESIAN_POINT('Origin',(-3.51106465811956,14.0914172018169,56.5199601919336));
#10249=CARTESIAN_POINT('',(-3.51106465811956,14.0914172018169,56.5199601919336));
#10250=CARTESIAN_POINT('',(-3.69076993404269,14.0914172018169,56.4582672927847));
#10251=CARTESIAN_POINT('',(-3.5559908718468,14.0914172018169,56.5045370032799));
#10252=CARTESIAN_POINT('',(-3.51106465811956,14.0914172018169,56.5199601919336));
#10253=CARTESIAN_POINT('',(-3.69076993404269,14.0914172018169,56.4582672927847));
#10254=CARTESIAN_POINT('Origin',(-3.72211931310261,14.0914172018169,57.134741399039));
#10255=CARTESIAN_POINT('',(-3.1073381059972,14.0914172018169,57.345796054022));
#10256=CARTESIAN_POINT('Origin',(-3.72211931310261,14.0914172018168,57.134741399039));
#10257=CARTESIAN_POINT('',(-3.1073381059972,14.0914172018169,57.345796054022));
#10258=CARTESIAN_POINT('Origin',(-3.13218983586943,14.0914172018169,57.4181866700487));
#10259=CARTESIAN_POINT('',(-3.13218983586943,14.0914172018169,57.4181866700487));
#10260=CARTESIAN_POINT('',(-1.21377810065477,14.0914172018169,51.8300441938962));
#10261=CARTESIAN_POINT('',(-3.13218983586943,14.0914172018169,57.4181866700487));
#10262=CARTESIAN_POINT('Origin',(-4.51660579613114,14.0914172018169,56.8619938449071));
#10263=CARTESIAN_POINT('',(-4.51660579613114,14.0914172018169,56.8619938449071));
#10264=CARTESIAN_POINT('',(-2.61061992585261,14.0914172018169,51.3100466767679));
#10265=CARTESIAN_POINT('',(-4.51660579613114,14.0914172018169,56.8619938449071));
#10266=CARTESIAN_POINT('Origin',(-3.90182458902573,14.0914172018169,57.0730484998901));
#10267=CARTESIAN_POINT('Origin',(-3.90182458902573,14.0914172018168,57.0730484998901));
#10268=CARTESIAN_POINT('Origin',(0.,14.0914172018169,46.));
#10269=CARTESIAN_POINT('Origin',(0.,14.0914172018169,46.));
#10270=CARTESIAN_POINT('Origin',(-0.0950000000000001,14.0914172018169,34.9099994376302));
#10271=CARTESIAN_POINT('',(-0.0950000000000001,14.0914172018169,34.9099994376302));
#10272=CARTESIAN_POINT('',(0.095,14.0914172018169,34.9099994376302));
#10273=CARTESIAN_POINT('',(-0.0475000000000023,14.0914172018169,34.9099994376302));
#10274=CARTESIAN_POINT('',(-0.0950000000000001,14.0914172018169,34.9099994376302));
#10275=CARTESIAN_POINT('',(0.095,14.0914172018169,34.9099994376302));
#10276=CARTESIAN_POINT('Origin',(-0.0950000000000027,14.0914172018169,34.2599994376302));
#10277=CARTESIAN_POINT('',(-0.745,14.0914172018169,34.2599994376302));
#10278=CARTESIAN_POINT('Origin',(-0.0950000000000027,14.0914172018169,34.2599994376302));
#10279=CARTESIAN_POINT('',(-0.745,14.0914172018169,34.2599994376302));
#10280=CARTESIAN_POINT('Origin',(-0.745,14.0914172018169,34.1834618013566));
#10281=CARTESIAN_POINT('',(-0.745,14.0914172018169,34.1834618013566));
#10282=CARTESIAN_POINT('',(-0.745,14.0914172018169,40.091731243405));
#10283=CARTESIAN_POINT('',(-0.745,14.0914172018169,34.1834618013566));
#10284=CARTESIAN_POINT('Origin',(0.745,14.0914172018169,34.2599994376302));
#10285=CARTESIAN_POINT('',(0.745,14.0914172018169,34.2599994376302));
#10286=CARTESIAN_POINT('',(0.745000000000008,14.0914172018169,40.1300000615418));
#10287=CARTESIAN_POINT('',(0.745,14.0914172018169,34.2599994376302));
#10288=CARTESIAN_POINT('Origin',(0.0950000000000028,14.0914172018169,34.2599994376302));
#10289=CARTESIAN_POINT('Origin',(0.0950000000000028,14.0914172018169,34.2599994376302));
#10290=CARTESIAN_POINT('Origin',(0.,14.0914172018169,46.));
#10291=CARTESIAN_POINT('',(-8.25,14.0914172018169,46.));
#10292=CARTESIAN_POINT('',(-8.25,14.0914172018169,46.));
#10293=CARTESIAN_POINT('',(-3.29039457844811E-15,14.0914172018169,54.2500006854534));
#10294=CARTESIAN_POINT('Origin',(-4.30072818774468E-15,14.0914172018169,
46.0000006854534));
#10295=CARTESIAN_POINT('Origin',(-4.30072818774468E-15,14.0914172018169,
46.0000006854534));
#10296=CARTESIAN_POINT('Origin',(0.,14.0914172018169,46.));
#10297=CARTESIAN_POINT('Origin',(0.,14.0914172018169,46.));
#10298=CARTESIAN_POINT('Origin',(-4.44089209850063E-15,14.0914172018169,
46.0000006854534));
#10299=CARTESIAN_POINT('Origin',(24.2872363430586,9.09141720181686,60.0222431259904));
#10300=CARTESIAN_POINT('',(-22.2356032439097,9.09141720181686,49.9530035710425));
#10301=CARTESIAN_POINT('',(1.14582779144907,9.09141720181686,47.9073934184354));
#10302=CARTESIAN_POINT('',(-27.9913587921396,9.09141720181686,47.7253891096898));
#10303=CARTESIAN_POINT('Origin',(-22.8456934431433,9.09141720181686,42.9796406844002));
#10304=CARTESIAN_POINT('',(-23.9188209207027,9.09141720181686,60.6418290551665));
#10305=CARTESIAN_POINT('Origin',(0.,9.09141720181686,46.0000006854534));
#10306=CARTESIAN_POINT('',(-20.4816891612491,9.09141720181686,55.5157083594003));
#10307=CARTESIAN_POINT('Origin',(-16.9816891612491,9.09141720181686,61.5778861858914));
#10308=CARTESIAN_POINT('',(-18.4499283666152,9.09141720181686,54.3426707176895));
#10309=CARTESIAN_POINT('',(-4.03108891324554,9.09141720181686,46.0179498778845));
#10310=CARTESIAN_POINT('Origin',(-13.6999283666152,9.09141720181686,62.5699120536416));
#10311=CARTESIAN_POINT('Origin',(24.2872363430586,9.09141720181686,60.0222431259904));
#10312=CARTESIAN_POINT('',(14.5412025421081,9.09141720181686,63.2800965203563));
#10313=CARTESIAN_POINT('',(14.9565130492196,9.09141720181686,63.8732213932667));
#10314=CARTESIAN_POINT('',(15.4899096028541,9.09141720181686,69.378534273773));
#10315=CARTESIAN_POINT('Origin',(8.80713823208519,9.09141720181686,67.2951315748137));
#10316=CARTESIAN_POINT('',(24.6396057863746,9.09141720181686,59.3933930464961));
#10317=CARTESIAN_POINT('Origin',(0.,9.09141720181686,46.0000006854534));
#10318=CARTESIAN_POINT('',(18.4816891612491,9.09141720181686,58.9798099745381));
#10319=CARTESIAN_POINT('Origin',(21.9816891612491,9.09141720181686,52.917632148047));
#10320=CARTESIAN_POINT('',(16.4499283666151,9.09141720181686,57.8067723328272));
#10321=CARTESIAN_POINT('',(20.2465161705395,9.09141720181686,59.998733323425));
#10322=CARTESIAN_POINT('Origin',(21.1999283666152,9.09141720181686,49.5795309968751));
#10323=CARTESIAN_POINT('Origin',(-4.30072818774468E-15,0.908582798183135,
46.0000006854534));
#10324=CARTESIAN_POINT('',(-3.29039457844811E-15,-9.09141720181686,54.2500006854534));
#10325=CARTESIAN_POINT('Origin',(-4.30072818774468E-15,-9.09141720181686,
46.0000006854534));
#10326=CARTESIAN_POINT('',(-3.29039457844811E-15,0.908582798183135,54.2500006854534));
#10327=CARTESIAN_POINT('Origin',(-5.,7.09141720181686,23.5044837224218));
#10328=CARTESIAN_POINT('',(-6.08485826995127,7.09141720181686,18.6235941995871));
#10329=CARTESIAN_POINT('',(-0.720784865671942,9.09141720181686,17.9647799546976));
#10330=CARTESIAN_POINT('Ctrl Pts',(-6.08485826995127,7.09141720181686,18.6235941995871));
#10331=CARTESIAN_POINT('Ctrl Pts',(-6.08191436839776,7.09314615834492,18.622939868869));
#10332=CARTESIAN_POINT('Ctrl Pts',(-6.0789703602064,7.09487511551752,18.6222860127633));
#10333=CARTESIAN_POINT('Ctrl Pts',(-4.76265834832716,7.86788843873268,18.3301595311877));
#10334=CARTESIAN_POINT('Ctrl Pts',(-3.34021639852446,8.68633527795873,18.1136071722218));
#10335=CARTESIAN_POINT('Ctrl Pts',(-1.41960872268186,9.05847719973214,17.9885669417137));
#10336=CARTESIAN_POINT('Ctrl Pts',(-1.05271282727212,9.09141720181686,17.9733138147843));
#10337=CARTESIAN_POINT('Ctrl Pts',(-0.720784865671941,9.09141720181686,
17.9647799546976));
#10338=CARTESIAN_POINT('',(0.,7.09141720181686,23.5044837224218));
#10339=CARTESIAN_POINT('Origin',(-5.,7.09141720181686,23.5044837224218));
#10340=CARTESIAN_POINT('',(2.,9.09141720181686,23.5044837224218));
#10341=CARTESIAN_POINT('Origin',(2.,7.09141720181686,23.5044837224218));
#10342=CARTESIAN_POINT('Origin',(-5.,9.09141720181686,23.5044837224218));
#10343=CARTESIAN_POINT('Origin',(2.,7.09141720181686,42.5000006854534));
#10344=CARTESIAN_POINT('',(0.,7.09141720181686,25.8505590058435));
#10345=CARTESIAN_POINT('',(2.,9.09141720181686,25.8505590058435));
#10346=CARTESIAN_POINT('Origin',(2.,7.09141720181686,25.8505590058435));
#10347=CARTESIAN_POINT('',(2.,9.09141720181686,42.5000006854534));
#10348=CARTESIAN_POINT('',(0.,7.09141720181686,42.5000006854534));
#10349=CARTESIAN_POINT('Origin',(-7.5,7.09141720181686,25.8505590058435));
#10350=CARTESIAN_POINT('Origin',(-7.5,9.09141720181686,25.8505590058435));
#10351=CARTESIAN_POINT('',(-4.88372093023256,7.09141720181686,32.8794340103586));
#10352=CARTESIAN_POINT('Origin',(-7.5,7.09141720181686,25.8505590058435));
#10353=CARTESIAN_POINT('Origin',(-4.18604651162791,7.09141720181686,34.7538006782293));
#10354=CARTESIAN_POINT('Origin',(0.,7.09141720181686,46.0000006854534));
#10355=CARTESIAN_POINT('Origin',(0.,7.09141720181686,46.0000006854534));
#10356=CARTESIAN_POINT('Origin',(1.14582779144907,7.09141720181686,47.9073934184354));
#10357=CARTESIAN_POINT('',(-22.409914729405,7.09141720181686,47.960614174859));
#10358=CARTESIAN_POINT('Origin',(-22.2356032439097,7.09141720181686,49.9530035710425));
#10359=CARTESIAN_POINT('',(0.97151630595376,7.09141720181686,45.9150040222519));
#10360=CARTESIAN_POINT('Origin',(-22.8456934431433,7.09141720181686,42.9796406844002));
#10361=CARTESIAN_POINT('',(-27.8025613360564,7.09141720181686,42.3243081793257));
#10362=CARTESIAN_POINT('Ctrl Pts',(-27.9913587921396,9.09141720181686,47.7253891096898));
#10363=CARTESIAN_POINT('Ctrl Pts',(-28.011786833999,9.09141720181686,47.3939804592811));
#10364=CARTESIAN_POINT('Ctrl Pts',(-28.0285688340981,9.05847719973216,47.0271513159155));
#10365=CARTESIAN_POINT('Ctrl Pts',(-28.0713964079275,8.68633527800386,45.1029541581968));
#10366=CARTESIAN_POINT('Ctrl Pts',(-27.9796420819519,7.86788844430013,43.6670512568628));
#10367=CARTESIAN_POINT('Ctrl Pts',(-27.8033513796932,7.09487511554168,42.3302876998352));
#10368=CARTESIAN_POINT('Ctrl Pts',(-27.8029565989162,7.09314615831951,42.3272979070808));
#10369=CARTESIAN_POINT('Ctrl Pts',(-27.8025613360564,7.09141720181686,42.3243081793257));
#10370=CARTESIAN_POINT('Origin',(-22.8456934431433,7.09141720181686,42.9796406844002));
#10371=CARTESIAN_POINT('Origin',(-22.8456934431433,-4.44089209850063E-15,
42.9796406844002));
#10372=CARTESIAN_POINT('',(-22.409914729405,-7.09141720181686,47.960614174859));
#10373=CARTESIAN_POINT('',(-22.409914729405,-4.44089209850063E-15,47.960614174859));
#10374=CARTESIAN_POINT('',(-27.8025613360564,-7.09141720181686,42.3243081793257));
#10375=CARTESIAN_POINT('Origin',(-22.8456934431433,-7.09141720181686,42.9796406844002));
#10376=CARTESIAN_POINT('',(-27.8025613360564,-4.44089209850063E-15,42.3243081793257));
#10377=CARTESIAN_POINT('Origin',(-20.9422464612622,-3.33066907387547E-15,
47.8322098395797));
#10378=CARTESIAN_POINT('',(-20.0727669707362,-7.09141720181686,47.7561402409904));
#10379=CARTESIAN_POINT('',(-20.0727669707362,-3.33066907387547E-15,47.7561402409904));
#10380=CARTESIAN_POINT('',(-4.75887876646913,-7.09141720181686,46.4163486286137));
#10381=CARTESIAN_POINT('Origin',(-20.7264350413436,-3.33066907387547E-15,
40.2846800053023));
#10382=CARTESIAN_POINT('',(-13.4962832827354,-7.09141720181686,42.2783965216341));
#10383=CARTESIAN_POINT('',(-13.4962832827354,-3.33066907387547E-15,42.2783965216341));
#10384=CARTESIAN_POINT('Origin',(-20.7264350413436,-7.09141720181686,40.2846800053023));
#10385=CARTESIAN_POINT('Origin',(0.,-3.33066907387547E-15,46.0000006854534));
#10386=CARTESIAN_POINT('',(-4.88372093023256,-7.09141720181686,32.8794340103586));
#10387=CARTESIAN_POINT('',(-4.88372093023256,-3.33066907387547E-15,32.8794340103586));
#10388=CARTESIAN_POINT('Origin',(0.,-7.09141720181686,46.0000006854534));
#10389=CARTESIAN_POINT('Origin',(-7.5,-3.33066907387547E-15,25.8505590058435));
#10390=CARTESIAN_POINT('',(0.,-7.09141720181686,25.8505590058435));
#10391=CARTESIAN_POINT('',(0.,-3.33066907387547E-15,25.8505590058435));
#10392=CARTESIAN_POINT('Origin',(-7.5,-7.09141720181686,25.8505590058435));
#10393=CARTESIAN_POINT('Origin',(0.,-3.33066907387547E-15,24.9777582449165));
#10394=CARTESIAN_POINT('',(0.,-7.09141720181686,23.5044837224218));
#10395=CARTESIAN_POINT('',(0.,-4.44089209850063E-15,23.5044837224218));
#10396=CARTESIAN_POINT('',(0.,-7.09141720181686,38.988879465185));
#10397=CARTESIAN_POINT('Origin',(-5.,-4.44089209850063E-15,23.5044837224218));
#10398=CARTESIAN_POINT('',(-6.08485826995127,-7.09141720181686,18.6235941995871));
#10399=CARTESIAN_POINT('',(-6.08485826995127,-4.44089209850063E-15,18.6235941995871));
#10400=CARTESIAN_POINT('Origin',(-5.,-7.09141720181686,23.5044837224218));
#10401=CARTESIAN_POINT('Origin',(21.9816891612491,7.09141720181686,52.917632148047));
#10402=CARTESIAN_POINT('',(26.751092616065,7.09141720181686,54.418562088181));
#10403=CARTESIAN_POINT('Ctrl Pts',(26.751092616065,7.09141720181686,54.418562088181));
#10404=CARTESIAN_POINT('Ctrl Pts',(26.7501873323408,7.093146158291,54.4214387469819));
#10405=CARTESIAN_POINT('Ctrl Pts',(26.7492815841857,7.09487511556923,54.4243152610994));
#10406=CARTESIAN_POINT('Ctrl Pts',(26.3441145257098,7.8678884519874,55.7103381647439));
#10407=CARTESIAN_POINT('Ctrl Pts',(25.8204334014034,8.68633527806661,57.05048518731));
#10408=CARTESIAN_POINT('Ctrl Pts',(24.9684175798441,9.05847719973217,58.7763003400469));
#10409=CARTESIAN_POINT('Ctrl Pts',(24.7981792275472,9.09141720181686,59.1016680694807));
#10410=CARTESIAN_POINT('Ctrl Pts',(24.6396057863746,9.09141720181686,59.3933930464961));
#10411=CARTESIAN_POINT('',(19.4816891612491,7.09141720181686,57.2477591669692));
#10412=CARTESIAN_POINT('Origin',(21.9816891612491,7.09141720181686,52.917632148047));
#10413=CARTESIAN_POINT('Origin',(18.4816891612491,7.09141720181686,58.9798099745381));
#10414=CARTESIAN_POINT('Origin',(20.2465161705395,7.09141720181686,59.998733323425));
#10415=CARTESIAN_POINT('',(17.4499283666151,7.09141720181686,56.0747215252584));
#10416=CARTESIAN_POINT('Origin',(16.4499283666151,7.09141720181686,57.8067723328272));
#10417=CARTESIAN_POINT('',(21.2465161705395,7.09141720181686,58.2666825158561));
#10418=CARTESIAN_POINT('Origin',(21.1999283666152,7.09141720181686,49.5795309968751));
#10419=CARTESIAN_POINT('',(13.8046045177959,7.09141720181686,48.3308576324257));
#10420=CARTESIAN_POINT('Origin',(21.1999283666152,7.09141720181686,49.5795309968751));
#10421=CARTESIAN_POINT('Origin',(11.8325181581108,7.09141720181686,47.9978780685725));
#10422=CARTESIAN_POINT('Origin',(0.,7.09141720181686,46.0000006854534));
#10423=CARTESIAN_POINT('Origin',(0.,7.09141720181686,46.0000006854534));
#10424=CARTESIAN_POINT('Origin',(2.11308641662521,7.09141720181686,36.7360690750609));
#10425=CARTESIAN_POINT('',(9.50701627587483,7.09141720181686,25.6121384884428));
#10426=CARTESIAN_POINT('',(7.69440070180153,9.09141720181686,24.7669019649615));
#10427=CARTESIAN_POINT('Origin',(7.69440070180153,7.09141720181686,24.7669019649615));
#10428=CARTESIAN_POINT('',(2.11308641662521,9.09141720181686,36.7360690750609));
#10429=CARTESIAN_POINT('',(3.92570199069851,7.09141720181686,37.5813055985423));
#10430=CARTESIAN_POINT('Origin',(14.0385552110581,7.09141720181686,27.7252297971463));
#10431=CARTESIAN_POINT('',(12.5014491892855,9.09141720181686,20.8960786728974));
#10432=CARTESIAN_POINT('',(17.0845237548349,7.09141720181686,23.7601225312174));
#10433=CARTESIAN_POINT('Ctrl Pts',(12.5014491892855,9.09141720181686,20.8960786728974));
#10434=CARTESIAN_POINT('Ctrl Pts',(12.7986715205031,9.09141720181686,21.044091794902));
#10435=CARTESIAN_POINT('Ctrl Pts',(13.1247458775557,9.05847719973215,21.2129727281727));
#10436=CARTESIAN_POINT('Ctrl Pts',(14.8125632847473,8.68633527804735,22.1379815400052));
#10437=CARTESIAN_POINT('Ctrl Pts',(16.010214504712,7.86788844965055,22.9353945624795));
#10438=CARTESIAN_POINT('Ctrl Pts',(17.0797403599626,7.09487511555962,23.7564485730824));
#10439=CARTESIAN_POINT('Ctrl Pts',(17.0821322061064,7.09314615829929,23.7582853596835));
#10440=CARTESIAN_POINT('Ctrl Pts',(17.0845237548349,7.09141720181686,23.7601225312174));
#10441=CARTESIAN_POINT('Origin',(14.0385552110581,9.09141720181686,27.7252297971463));
#10442=CARTESIAN_POINT('Origin',(14.0385552110581,7.09141720181686,27.7252297971463));
#10443=CARTESIAN_POINT('Origin',(14.0385552110581,-4.44089209850063E-15,
27.7252297971463));
#10444=CARTESIAN_POINT('',(9.50701627587483,-7.09141720181686,25.6121384884428));
#10445=CARTESIAN_POINT('',(9.50701627587483,-4.44089209850063E-15,25.6121384884428));
#10446=CARTESIAN_POINT('',(17.0845237548349,-7.09141720181686,23.7601225312174));
#10447=CARTESIAN_POINT('Origin',(14.0385552110581,-7.09141720181686,27.7252297971463));
#10448=CARTESIAN_POINT('',(17.0845237548349,-4.44089209850063E-15,23.7601225312174));
#10449=CARTESIAN_POINT('Origin',(8.88438355811128,-3.33066907387547E-15,
26.9473786606224));
#10450=CARTESIAN_POINT('',(8.51552201768233,-7.09141720181686,27.7384047867821));
#10451=CARTESIAN_POINT('',(8.51552201768233,-3.33066907387547E-15,27.7384047867821));
#10452=CARTESIAN_POINT('',(4.18435651955049,-7.09141720181686,37.0266191713981));
#10453=CARTESIAN_POINT('Origin',(15.3128304204572,-3.33066907387547E-15,
30.9080417498374));
#10454=CARTESIAN_POINT('',(9.97114539006516,-7.09141720181686,36.172678587843));
#10455=CARTESIAN_POINT('',(9.97114539006516,-3.33066907387547E-15,36.172678587843));
#10456=CARTESIAN_POINT('Origin',(15.3128304204572,-7.09141720181686,30.9080417498374));
#10457=CARTESIAN_POINT('Origin',(0.,-3.33066907387547E-15,46.0000006854534));
#10458=CARTESIAN_POINT('',(13.8046045177959,-7.09141720181686,48.3308576324257));
#10459=CARTESIAN_POINT('',(13.8046045177959,-3.33066907387547E-15,48.3308576324257));
#10460=CARTESIAN_POINT('Origin',(0.,-7.09141720181686,46.0000006854534));
#10461=CARTESIAN_POINT('Origin',(21.1999283666152,-3.33066907387547E-15,
49.5795309968751));
#10462=CARTESIAN_POINT('',(17.4499283666151,-7.09141720181686,56.0747215252584));
#10463=CARTESIAN_POINT('',(17.4499283666151,-3.33066907387547E-15,56.0747215252584));
#10464=CARTESIAN_POINT('Origin',(21.1999283666152,-7.09141720181686,49.5795309968751));
#10465=CARTESIAN_POINT('Origin',(18.2057959980203,-3.33066907387547E-15,
56.5111219057219));
#10466=CARTESIAN_POINT('',(19.4816891612491,-7.09141720181686,57.2477591669692));
#10467=CARTESIAN_POINT('',(19.4816891612491,-4.44089209850063E-15,57.2477591669692));
#10468=CARTESIAN_POINT('',(15.1650758255012,-7.09141720181686,54.7555612955877));
#10469=CARTESIAN_POINT('Origin',(21.9816891612491,-4.44089209850063E-15,
52.917632148047));
#10470=CARTESIAN_POINT('',(26.751092616065,-7.09141720181686,54.418562088181));
#10471=CARTESIAN_POINT('',(26.751092616065,-4.44089209850063E-15,54.418562088181));
#10472=CARTESIAN_POINT('Origin',(21.9816891612491,-7.09141720181686,52.917632148047));
#10473=CARTESIAN_POINT('Origin',(-16.9816891612491,7.09141720181686,61.5778861858914));
#10474=CARTESIAN_POINT('',(-20.6662343461137,7.09141720181686,64.9578457685922));
#10475=CARTESIAN_POINT('Ctrl Pts',(-20.6662343461137,7.09141720181686,64.9578457685922));
#10476=CARTESIAN_POINT('Ctrl Pts',(-20.6682729639425,7.09314615836845,64.9556234403894));
#10477=CARTESIAN_POINT('Ctrl Pts',(-20.6703112239791,7.09487511549405,64.9534007826219));
#10478=CARTESIAN_POINT('Ctrl Pts',(-21.5814561783176,7.86788843365854,63.959504388103));
#10479=CARTESIAN_POINT('Ctrl Pts',(-22.4802170030074,8.68633527791748,62.8359096975062));
#10480=CARTESIAN_POINT('Ctrl Pts',(-23.5488088571623,9.05847719973215,61.2351347745997));
#10481=CARTESIAN_POINT('Ctrl Pts',(-23.7454664002752,9.09141720181686,60.9250201720953));
#10482=CARTESIAN_POINT('Ctrl Pts',(-23.9188209207027,9.09141720181686,60.6418290551666));
#10483=CARTESIAN_POINT('',(-19.4816891612491,7.09141720181686,57.2477591669692));
#10484=CARTESIAN_POINT('Origin',(-16.9816891612491,7.09141720181686,61.5778861858914));
#10485=CARTESIAN_POINT('Origin',(-20.4816891612491,7.09141720181686,55.5157083594003));
#10486=CARTESIAN_POINT('Origin',(-4.03108891324554,7.09141720181686,46.0179498778845));
#10487=CARTESIAN_POINT('',(-17.4499283666152,7.09141720181686,56.0747215252584));
#10488=CARTESIAN_POINT('Origin',(-18.4499283666152,7.09141720181686,54.3426707176895));
#10489=CARTESIAN_POINT('',(-3.03108891324554,7.09141720181686,47.7500006854534));
#10490=CARTESIAN_POINT('Origin',(-13.6999283666152,7.09141720181686,62.5699120536416));
#10491=CARTESIAN_POINT('',(-8.92088358756336,7.09141720181686,56.789710413576));
#10492=CARTESIAN_POINT('Origin',(-13.6999283666152,7.09141720181686,62.5699120536416));
#10493=CARTESIAN_POINT('Origin',(-7.64647164648288,7.09141720181686,55.2483233095585));
#10494=CARTESIAN_POINT('Origin',(0.,7.09141720181686,46.0000006854534));
#10495=CARTESIAN_POINT('Origin',(0.,7.09141720181686,46.0000006854534));
#10496=CARTESIAN_POINT('Origin',(14.9565130492196,7.09141720181686,63.8732213932667));
#10497=CARTESIAN_POINT('',(12.9028984535301,7.09141720181686,64.4272493930584));
#10498=CARTESIAN_POINT('Origin',(14.5412025421081,7.09141720181686,63.2800965203563));
#10499=CARTESIAN_POINT('',(13.3182089606416,7.09141720181686,65.0203742659688));
#10500=CARTESIAN_POINT('Origin',(8.80713823208519,7.09141720181686,67.2951315748137));
#10501=CARTESIAN_POINT('',(10.7180375812215,7.09141720181686,71.9155713458171));
#10502=CARTESIAN_POINT('Ctrl Pts',(15.4899096028541,9.09141720181686,69.378534273773));
#10503=CARTESIAN_POINT('Ctrl Pts',(15.2131153134959,9.09141720181686,69.5619298021772));
#10504=CARTESIAN_POINT('Ctrl Pts',(14.9038229565424,9.05847719973216,69.7598780122721));
#10505=CARTESIAN_POINT('Ctrl Pts',(13.2588331226243,8.68633527792274,70.759066358268));
#10506=CARTESIAN_POINT('Ctrl Pts',(11.9694275544824,7.8678884343129,71.3975562379687));
#10507=CARTESIAN_POINT('Ctrl Pts',(10.72361101964,7.09487511550504,71.9132657834483));
#10508=CARTESIAN_POINT('Ctrl Pts',(10.7208243928991,7.09314615835759,71.914418789592));
#10509=CARTESIAN_POINT('Ctrl Pts',(10.7180375812215,7.09141720181686,71.9155713458171));
#10510=CARTESIAN_POINT('Origin',(8.80713823208519,7.09141720181686,67.2951315748137));
#10511=CARTESIAN_POINT('Origin',(8.80713823208519,-4.44089209850063E-15,
67.2951315748137));
#10512=CARTESIAN_POINT('',(12.9028984535301,-7.09141720181686,64.4272493930584));
#10513=CARTESIAN_POINT('',(12.9028984535301,-4.44089209850063E-15,64.4272493930584));
#10514=CARTESIAN_POINT('',(10.7180375812215,-7.09141720181686,71.9155713458171));
#10515=CARTESIAN_POINT('Origin',(8.80713823208519,-7.09141720181686,67.2951315748137));
#10516=CARTESIAN_POINT('',(10.7180375812215,-4.44089209850063E-15,71.9155713458171));
#10517=CARTESIAN_POINT('Origin',(12.0578629031509,-3.33066907387547E-15,
63.2204135561581));
#10518=CARTESIAN_POINT('',(11.5572449530539,-7.09141720181686,62.5054570285877));
#10519=CARTESIAN_POINT('',(11.5572449530539,-3.33066907387547E-15,62.5054570285877));
#10520=CARTESIAN_POINT('',(9.66778898665522,-7.09141720181686,59.8070342563485));
#10521=CARTESIAN_POINT('Origin',(5.41360462088642,-3.33066907387547E-15,
66.8072803012205));
#10522=CARTESIAN_POINT('',(3.52513789267023,-7.09141720181686,59.5489269468832));
#10523=CARTESIAN_POINT('',(3.52513789267023,-3.33066907387547E-15,59.5489269468832));
#10524=CARTESIAN_POINT('Origin',(5.41360462088642,-7.09141720181686,66.8072803012205));
#10525=CARTESIAN_POINT('Origin',(0.,-3.33066907387547E-15,46.0000006854534));
#10526=CARTESIAN_POINT('',(-8.92088358756336,-7.09141720181686,56.789710413576));
#10527=CARTESIAN_POINT('',(-8.92088358756336,-3.33066907387547E-15,56.789710413576));
#10528=CARTESIAN_POINT('Origin',(0.,-7.09141720181686,46.0000006854534));
#10529=CARTESIAN_POINT('Origin',(-13.6999283666152,-3.33066907387547E-15,
62.5699120536416));
#10530=CARTESIAN_POINT('',(-17.4499283666152,-7.09141720181686,56.0747215252584));
#10531=CARTESIAN_POINT('',(-17.4499283666152,-3.33066907387547E-15,56.0747215252584));
#10532=CARTESIAN_POINT('Origin',(-13.6999283666152,-7.09141720181686,62.5699120536416));
#10533=CARTESIAN_POINT('Origin',(-18.2057959980204,-3.33066907387547E-15,
56.5111219057219));
#10534=CARTESIAN_POINT('',(-19.4816891612491,-7.09141720181686,57.2477591669692));
#10535=CARTESIAN_POINT('',(-19.4816891612491,-4.44089209850063E-15,57.2477591669692));
#10536=CARTESIAN_POINT('',(-6.07180908576464,-7.09141720181686,49.5055612955877));
#10537=CARTESIAN_POINT('Origin',(-16.9816891612491,-4.44089209850063E-15,
61.5778861858914));
#10538=CARTESIAN_POINT('',(-20.6662343461137,-7.09141720181686,64.9578457685922));
#10539=CARTESIAN_POINT('',(-20.6662343461137,-4.44089209850063E-15,64.9578457685922));
#10540=CARTESIAN_POINT('Origin',(-16.9816891612491,-7.09141720181686,61.5778861858914));
#10541=CARTESIAN_POINT('Origin',(21.9816891612491,-7.09141720181686,52.917632148047));
#10542=CARTESIAN_POINT('',(24.6396057863746,-9.09141720181686,59.3933930464961));
#10543=CARTESIAN_POINT('Ctrl Pts',(24.6396057863746,-9.09141720181686,59.3933930464961));
#10544=CARTESIAN_POINT('Ctrl Pts',(24.7981792275472,-9.09141720181686,59.1016680694807));
#10545=CARTESIAN_POINT('Ctrl Pts',(24.9684175798441,-9.05847719973218,58.7763003400469));
#10546=CARTESIAN_POINT('Ctrl Pts',(25.8204334014034,-8.68633527806662,57.05048518731));
#10547=CARTESIAN_POINT('Ctrl Pts',(26.3441145257098,-7.86788845198741,55.7103381647439));
#10548=CARTESIAN_POINT('Ctrl Pts',(26.7492815841857,-7.09487511556924,54.4243152610994));
#10549=CARTESIAN_POINT('Ctrl Pts',(26.7501873323408,-7.09314615829101,54.4214387469819));
#10550=CARTESIAN_POINT('Ctrl Pts',(26.751092616065,-7.09141720181686,54.418562088181));
#10551=CARTESIAN_POINT('',(18.4816891612491,-9.09141720181686,58.9798099745381));
#10552=CARTESIAN_POINT('Origin',(21.9816891612491,-9.09141720181686,52.917632148047));
#10553=CARTESIAN_POINT('Origin',(18.4816891612491,-7.09141720181686,58.9798099745381));
#10554=CARTESIAN_POINT('Origin',(14.1650758255012,-7.09141720181686,56.4876121031565));
#10555=CARTESIAN_POINT('',(16.4499283666151,-9.09141720181686,57.8067723328272));
#10556=CARTESIAN_POINT('Origin',(16.4499283666151,-7.09141720181686,57.8067723328272));
#10557=CARTESIAN_POINT('',(14.1650758255012,-9.09141720181686,56.4876121031565));
#10558=CARTESIAN_POINT('Origin',(21.1999283666152,-7.09141720181686,49.5795309968751));
#10559=CARTESIAN_POINT('',(11.8325181581108,-9.09141720181686,47.9978780685725));
#10560=CARTESIAN_POINT('Origin',(11.8325181581108,-7.09141720181686,47.9978780685725));
#10561=CARTESIAN_POINT('Origin',(21.1999283666152,-9.09141720181686,49.5795309968751));
#10562=CARTESIAN_POINT('Origin',(0.,-7.09141720181686,46.0000006854534));
#10563=CARTESIAN_POINT('',(8.54669604862728,-9.09141720181686,37.5765817446445));
#10564=CARTESIAN_POINT('Origin',(8.54669604862728,-7.09141720181686,37.5765817446445));
#10565=CARTESIAN_POINT('Origin',(0.,-9.09141720181686,46.0000006854534));
#10566=CARTESIAN_POINT('Origin',(15.3128304204572,-7.09141720181686,30.9080417498374));
#10567=CARTESIAN_POINT('',(6.70290644360903,-9.09141720181686,26.8931682633007));
#10568=CARTESIAN_POINT('Origin',(6.70290644360903,-7.09141720181686,26.8931682633007));
#10569=CARTESIAN_POINT('Origin',(15.3128304204572,-9.09141720181686,30.9080417498374));
#10570=CARTESIAN_POINT('Origin',(2.3717409454772,-7.09141720181686,36.1813826479167));
#10571=CARTESIAN_POINT('',(7.69440070180153,-9.09141720181686,24.7669019649614));
#10572=CARTESIAN_POINT('Origin',(7.69440070180153,-7.09141720181686,24.7669019649614));
#10573=CARTESIAN_POINT('',(2.3717409454772,-9.09141720181686,36.1813826479167));
#10574=CARTESIAN_POINT('Origin',(14.0385552110581,-7.09141720181686,27.7252297971463));
#10575=CARTESIAN_POINT('',(12.5014491892855,-9.09141720181686,20.8960786728974));
#10576=CARTESIAN_POINT('Ctrl Pts',(17.0845237548349,-7.09141720181686,23.7601225312174));
#10577=CARTESIAN_POINT('Ctrl Pts',(17.0821322061064,-7.09314615829929,23.7582853596835));
#10578=CARTESIAN_POINT('Ctrl Pts',(17.0797403599626,-7.09487511555963,23.7564485730824));
#10579=CARTESIAN_POINT('Ctrl Pts',(16.010214504712,-7.8678884496504,22.9353945624796));
#10580=CARTESIAN_POINT('Ctrl Pts',(14.8125632847474,-8.68633527804734,22.1379815400053));
#10581=CARTESIAN_POINT('Ctrl Pts',(13.1247458775558,-9.05847719973215,21.2129727281727));
#10582=CARTESIAN_POINT('Ctrl Pts',(12.7986715205032,-9.09141720181686,21.044091794902));
#10583=CARTESIAN_POINT('Ctrl Pts',(12.5014491892855,-9.09141720181686,20.8960786728974));
#10584=CARTESIAN_POINT('Origin',(14.0385552110581,-9.09141720181686,27.7252297971463));
#10585=CARTESIAN_POINT('Origin',(12.1243556529821,-9.09141720181686,53.0000006854534));
#10586=CARTESIAN_POINT('',(15.4899096028541,-9.09141720181686,69.378534273773));
#10587=CARTESIAN_POINT('Origin',(0.,-9.09141720181686,46.0000006854534));
#10588=CARTESIAN_POINT('',(14.5412025421081,-9.09141720181686,63.2800965203563));
#10589=CARTESIAN_POINT('Origin',(8.80713823208519,-9.09141720181686,67.2951315748137));
#10590=CARTESIAN_POINT('',(13.1955490416318,-9.09141720181686,61.3583041558856));
#10591=CARTESIAN_POINT('',(11.3060930752332,-9.09141720181686,58.6598813836464));
#10592=CARTESIAN_POINT('',(3.02154676514591,-9.09141720181686,57.6133660523932));
#10593=CARTESIAN_POINT('Origin',(5.41360462088642,-9.09141720181686,66.8072803012205));
#10594=CARTESIAN_POINT('',(-7.64647164648288,-9.09141720181686,55.2483233095585));
#10595=CARTESIAN_POINT('Origin',(0.,-9.09141720181686,46.0000006854534));
#10596=CARTESIAN_POINT('',(-18.4499283666152,-9.09141720181686,54.3426707176895));
#10597=CARTESIAN_POINT('Origin',(-13.6999283666152,-9.09141720181686,62.5699120536416));
#10598=CARTESIAN_POINT('',(-20.4816891612491,-9.09141720181686,55.5157083594003));
#10599=CARTESIAN_POINT('',(-7.07180908576465,-9.09141720181686,47.7735104880188));
#10600=CARTESIAN_POINT('',(-23.9188209207027,-9.09141720181686,60.6418290551665));
#10601=CARTESIAN_POINT('Origin',(-16.9816891612491,-9.09141720181686,61.5778861858914));
#10602=CARTESIAN_POINT('',(-27.9913587921396,-9.09141720181686,47.7253891096898));
#10603=CARTESIAN_POINT('Origin',(0.,-9.09141720181686,46.0000006854534));
#10604=CARTESIAN_POINT('',(-22.2356032439097,-9.09141720181686,49.9530035710425));
#10605=CARTESIAN_POINT('Origin',(-22.8456934431433,-9.09141720181686,42.9796406844002));
#10606=CARTESIAN_POINT('',(-19.8984554852409,-9.09141720181686,49.7485296371739));
#10607=CARTESIAN_POINT('',(-4.58456728097381,-9.09141720181686,48.4087380247972));
#10608=CARTESIAN_POINT('',(-11.5682428137732,-9.09141720181686,42.8100542593226));
#10609=CARTESIAN_POINT('Origin',(-20.7264350413436,-9.09141720181686,40.2846800053023));
#10610=CARTESIAN_POINT('',(-4.18604651162791,-9.09141720181686,34.7538006782293));
#10611=CARTESIAN_POINT('Origin',(0.,-9.09141720181686,46.0000006854534));
#10612=CARTESIAN_POINT('',(2.,-9.09141720181686,25.8505590058435));
#10613=CARTESIAN_POINT('Origin',(-7.5,-9.09141720181686,25.8505590058435));
#10614=CARTESIAN_POINT('',(2.,-9.09141720181686,23.5044837224218));
#10615=CARTESIAN_POINT('',(2.,-9.09141720181686,38.988879465185));
#10616=CARTESIAN_POINT('',(-0.720784865671942,-9.09141720181686,17.9647799546976));
#10617=CARTESIAN_POINT('Origin',(-5.,-9.09141720181686,23.5044837224218));
#10618=CARTESIAN_POINT('Origin',(0.,-9.09141720181686,46.0000006854534));
#10619=CARTESIAN_POINT('Origin',(8.80713823208519,-7.09141720181686,67.2951315748137));
#10620=CARTESIAN_POINT('Ctrl Pts',(10.7180375812215,-7.09141720181686,71.9155713458171));
#10621=CARTESIAN_POINT('Ctrl Pts',(10.7208243928991,-7.09314615835758,71.914418789592));
#10622=CARTESIAN_POINT('Ctrl Pts',(10.72361101964,-7.09487511550507,71.9132657834483));
#10623=CARTESIAN_POINT('Ctrl Pts',(11.9694275544896,-7.86788843431753,71.3975562379657));
#10624=CARTESIAN_POINT('Ctrl Pts',(13.2588331226244,-8.68633527792278,70.7590663582679));
#10625=CARTESIAN_POINT('Ctrl Pts',(14.9038229565423,-9.05847719973214,69.7598780122722));
#10626=CARTESIAN_POINT('Ctrl Pts',(15.2131153134958,-9.09141720181686,69.5619298021773));
#10627=CARTESIAN_POINT('Ctrl Pts',(15.4899096028541,-9.09141720181686,69.378534273773));
#10628=CARTESIAN_POINT('Origin',(14.5412025421081,-7.09141720181686,63.2800965203563));
#10629=CARTESIAN_POINT('Origin',(11.3060930752332,-7.09141720181686,58.6598813836464));
#10630=CARTESIAN_POINT('Origin',(13.1955490416318,-7.09141720181686,61.3583041558856));
#10631=CARTESIAN_POINT('Origin',(5.41360462088642,-7.09141720181686,66.8072803012205));
#10632=CARTESIAN_POINT('Origin',(3.02154676514591,-7.09141720181686,57.6133660523932));
#10633=CARTESIAN_POINT('Origin',(0.,-7.09141720181686,46.0000006854534));
#10634=CARTESIAN_POINT('Origin',(-7.64647164648288,-7.09141720181686,55.2483233095585));
#10635=CARTESIAN_POINT('Origin',(-13.6999283666152,-7.09141720181686,62.5699120536416));
#10636=CARTESIAN_POINT('Origin',(-18.4499283666152,-7.09141720181686,54.3426707176895));
#10637=CARTESIAN_POINT('Origin',(-7.07180908576465,-7.09141720181686,47.7735104880188));
#10638=CARTESIAN_POINT('Origin',(-20.4816891612491,-7.09141720181686,55.5157083594003));
#10639=CARTESIAN_POINT('Origin',(-16.9816891612491,-7.09141720181686,61.5778861858914));
#10640=CARTESIAN_POINT('Ctrl Pts',(-23.9188209207027,-9.09141720181686,
60.6418290551665));
#10641=CARTESIAN_POINT('Ctrl Pts',(-23.7454664002752,-9.09141720181686,
60.9250201720953));
#10642=CARTESIAN_POINT('Ctrl Pts',(-23.5488088571623,-9.05847719973216,
61.2351347745997));
#10643=CARTESIAN_POINT('Ctrl Pts',(-22.4802170031229,-8.68633527795768,
62.8359096973333));
#10644=CARTESIAN_POINT('Ctrl Pts',(-21.5814561839748,-7.86788843861344,
63.9595043819319));
#10645=CARTESIAN_POINT('Ctrl Pts',(-20.6703112240001,-7.0948751155105,64.9534007825989));
#10646=CARTESIAN_POINT('Ctrl Pts',(-20.6682729639224,-7.0931461583514,64.9556234404113));
#10647=CARTESIAN_POINT('Ctrl Pts',(-20.6662343461137,-7.09141720181686,
64.9578457685922));
#10648=CARTESIAN_POINT('Origin',(-22.8456934431433,-7.09141720181686,42.9796406844002));
#10649=CARTESIAN_POINT('Ctrl Pts',(-27.8025613360564,-7.09141720181686,
42.3243081793257));
#10650=CARTESIAN_POINT('Ctrl Pts',(-27.8029565989162,-7.09314615831952,
42.3272979070808));
#10651=CARTESIAN_POINT('Ctrl Pts',(-27.8033513796932,-7.09487511554168,
42.3302876998352));
#10652=CARTESIAN_POINT('Ctrl Pts',(-27.9796420819519,-7.86788844430014,
43.6670512568628));
#10653=CARTESIAN_POINT('Ctrl Pts',(-28.0713964079275,-8.68633527800386,
45.1029541581968));
#10654=CARTESIAN_POINT('Ctrl Pts',(-28.0285688340981,-9.05847719973216,
47.0271513159154));
#10655=CARTESIAN_POINT('Ctrl Pts',(-28.011786833999,-9.09141720181686,47.393980459281));
#10656=CARTESIAN_POINT('Ctrl Pts',(-27.9913587921396,-9.09141720181686,
47.7253891096898));
#10657=CARTESIAN_POINT('Origin',(-22.2356032439097,-7.09141720181686,49.9530035710425));
#10658=CARTESIAN_POINT('Origin',(-4.58456728097381,-7.09141720181686,48.4087380247972));
#10659=CARTESIAN_POINT('Origin',(-19.8984554852409,-7.09141720181686,49.7485296371739));
#10660=CARTESIAN_POINT('Origin',(-20.7264350413436,-7.09141720181686,40.2846800053023));
#10661=CARTESIAN_POINT('Origin',(-11.5682428137732,-7.09141720181686,42.8100542593226));
#10662=CARTESIAN_POINT('Origin',(0.,-7.09141720181686,46.0000006854534));
#10663=CARTESIAN_POINT('Origin',(-4.18604651162791,-7.09141720181686,34.7538006782293));
#10664=CARTESIAN_POINT('Origin',(-7.5,-7.09141720181686,25.8505590058435));
#10665=CARTESIAN_POINT('Origin',(2.,-7.09141720181686,25.8505590058435));
#10666=CARTESIAN_POINT('Origin',(2.,-7.09141720181686,38.988879465185));
#10667=CARTESIAN_POINT('Origin',(2.,-7.09141720181686,23.5044837224218));
#10668=CARTESIAN_POINT('Origin',(-5.,-7.09141720181686,23.5044837224218));
#10669=CARTESIAN_POINT('Ctrl Pts',(-0.720784865671942,-9.09141720181686,
17.9647799546976));
#10670=CARTESIAN_POINT('Ctrl Pts',(-1.05271282727221,-9.09141720181686,
17.9733138147843));
#10671=CARTESIAN_POINT('Ctrl Pts',(-1.41960872268194,-9.05847719973213,
17.9885669417137));
#10672=CARTESIAN_POINT('Ctrl Pts',(-3.34021639852444,-8.68633527795874,
18.1136071722218));
#10673=CARTESIAN_POINT('Ctrl Pts',(-4.76265834832712,-7.86788843873271,
18.3301595311877));
#10674=CARTESIAN_POINT('Ctrl Pts',(-6.0789703602064,-7.09487511551753,18.6222860127633));
#10675=CARTESIAN_POINT('Ctrl Pts',(-6.08191436839777,-7.09314615834492,
18.622939868869));
#10676=CARTESIAN_POINT('Ctrl Pts',(-6.08485826995127,-7.09141720181686,
18.6235941995871));
#10677=CARTESIAN_POINT('Origin',(0.,-4.44089209850063E-15,46.0000006854534));
#10678=CARTESIAN_POINT('Origin',(0.,9.09141720181686,46.0000006854534));
#10679=CARTESIAN_POINT('Origin',(0.,-9.09141720181686,46.0000006854534));
#10680=CARTESIAN_POINT('Origin',(0.,-4.44089209850063E-15,46.0000006854534));
#10681=CARTESIAN_POINT('',(-3.43445886433434E-15,-9.09141720181686,74.0444855665273));
#10682=CARTESIAN_POINT('Origin',(0.,-9.09141720181686,46.0000006854534));
#10683=CARTESIAN_POINT('Origin',(0.,-9.09141720181686,46.0000006854534));
#10684=CARTESIAN_POINT('',(-3.43445886433434E-15,9.09141720181686,74.0444855665273));
#10685=CARTESIAN_POINT('Origin',(0.,9.09141720181686,46.0000006854534));
#10686=CARTESIAN_POINT('Origin',(0.,9.09141720181686,46.0000006854534));
#10687=CARTESIAN_POINT('Origin',(24.2872363430586,9.09141720181686,60.0222431259904));
#10688=CARTESIAN_POINT('Origin',(0.,9.09141720181686,46.0000006854534));
#10689=CARTESIAN_POINT('Origin',(0.,8.95869751525163,11.0000001639128));
#10690=CARTESIAN_POINT('',(-4.28626386088604E-15,8.95869751525163,81.0000012069941));
#10691=CARTESIAN_POINT('Origin',(0.,8.95869751525163,46.0000006854534));
#10692=CARTESIAN_POINT('Origin',(0.,10.2293488433075,46.0000006854534));
#10693=CARTESIAN_POINT('',(-4.28626386088604E-15,11.5000001713634,81.0000012069941));
#10694=CARTESIAN_POINT('',(-4.28626386088604E-15,10.2293488433075,81.0000012069941));
#10695=CARTESIAN_POINT('Origin',(0.,11.5000001713634,46.0000006854534));
#10696=CARTESIAN_POINT('Origin',(0.,11.5000001713634,13.0000001937151));
#10697=CARTESIAN_POINT('',(-4.04133449740684E-15,11.5000001713634,79.0000011771917));
#10698=CARTESIAN_POINT('Origin',(0.,11.5000001713634,46.0000006854534));
#10699=CARTESIAN_POINT('Origin',(0.,0.,46.0000006854534));
#10700=CARTESIAN_POINT('',(-4.04133449740684E-15,-11.5000001713634,79.0000011771917));
#10701=CARTESIAN_POINT('Origin',(0.,-11.5000001713634,46.0000006854534));
#10702=CARTESIAN_POINT('',(-4.04133449740684E-15,0.,79.0000011771917));
#10703=CARTESIAN_POINT('Origin',(0.,-11.5000001713634,11.0000001639128));
#10704=CARTESIAN_POINT('',(-4.28626386088604E-15,-11.5000001713634,81.0000012069941));
#10705=CARTESIAN_POINT('Origin',(0.,-11.5000001713634,46.0000006854534));
#10706=CARTESIAN_POINT('Origin',(0.,-10.2293488433075,46.0000006854534));
#10707=CARTESIAN_POINT('',(-4.28626386088604E-15,-8.95869751525162,81.0000012069941));
#10708=CARTESIAN_POINT('',(-4.28626386088604E-15,-10.2293488433075,81.0000012069941));
#10709=CARTESIAN_POINT('Origin',(0.,-8.95869751525162,46.0000006854534));
#10710=CARTESIAN_POINT('Origin',(0.,-8.95869751525163,7.21052971911387));
#10711=CARTESIAN_POINT('Origin',(0.,-13.0000001937151,14.8057977405158));
#10712=CARTESIAN_POINT('',(-3.82018807884708E-15,-13.0000001937151,77.1942036303911));
#10713=CARTESIAN_POINT('Origin',(0.,-13.0000001937151,46.0000006854534));
#10714=CARTESIAN_POINT('Origin',(0.,-13.0000001937151,46.0000006854534));
#10715=CARTESIAN_POINT('Origin',(-3.33032935188868E-15,-13.0000001937151,
73.1942035707864));
#10716=CARTESIAN_POINT('Origin',(0.,-9.09141720181686,46.0000006854534));
#10717=CARTESIAN_POINT('Origin',(0.,-4.44089209850063E-15,46.0000006854534));
#10718=CARTESIAN_POINT('Origin',(0.,9.09141720181686,46.0000006854534));
#10719=CARTESIAN_POINT('Origin',(0.,13.0000001937151,46.0000006854534));
#10720=CARTESIAN_POINT('',(-3.82018807884708E-15,13.0000001937151,77.1942036303911));
#10721=CARTESIAN_POINT('Origin',(-3.33032935188868E-15,13.0000001937151,
73.1942035707864));
#10722=CARTESIAN_POINT('Origin',(0.,13.0000001937151,46.0000006854534));
#10723=CARTESIAN_POINT('Origin',(0.,13.0000001937151,2.99032071632759));
#10724=UNCERTAINTY_MEASURE_WITH_UNIT(LENGTH_MEASURE(0.01),#10728,
'DISTANCE_ACCURACY_VALUE',
'Maximum model space distance between geometric entities at asserted c
onnectivities');
#10725=UNCERTAINTY_MEASURE_WITH_UNIT(LENGTH_MEASURE(0.01),#10728,
'DISTANCE_ACCURACY_VALUE',
'Maximum model space distance between geometric entities at asserted c
onnectivities');
#10726=(
GEOMETRIC_REPRESENTATION_CONTEXT(3)
GLOBAL_UNCERTAINTY_ASSIGNED_CONTEXT((#10724))
GLOBAL_UNIT_ASSIGNED_CONTEXT((#10728,#10730,#10731))
REPRESENTATION_CONTEXT('','3D')
);
#10727=(
GEOMETRIC_REPRESENTATION_CONTEXT(3)
GLOBAL_UNCERTAINTY_ASSIGNED_CONTEXT((#10725))
GLOBAL_UNIT_ASSIGNED_CONTEXT((#10728,#10730,#10731))
REPRESENTATION_CONTEXT('','3D')
);
#10728=(
LENGTH_UNIT()
NAMED_UNIT(*)
SI_UNIT(.MILLI.,.METRE.)
);
#10729=(
LENGTH_UNIT()
NAMED_UNIT(*)
SI_UNIT($,.METRE.)
);
#10730=(
NAMED_UNIT(*)
PLANE_ANGLE_UNIT()
SI_UNIT($,.RADIAN.)
);
#10731=(
NAMED_UNIT(*)
SI_UNIT($,.STERADIAN.)
SOLID_ANGLE_UNIT()
);
#10732=SHAPE_DEFINITION_REPRESENTATION(#10733,#10734);
#10733=PRODUCT_DEFINITION_SHAPE('',$,#10736);
#10734=SHAPE_REPRESENTATION('',(#6120),#10726);
#10735=PRODUCT_DEFINITION_CONTEXT('part definition',#10740,'design');
#10736=PRODUCT_DEFINITION('Hub','Hub',#10737,#10735);
#10737=PRODUCT_DEFINITION_FORMATION('',$,#10742);
#10738=PRODUCT_RELATED_PRODUCT_CATEGORY('Hub','Hub',(#10742));
#10739=APPLICATION_PROTOCOL_DEFINITION('international standard',
'automotive_design',2009,#10740);
#10740=APPLICATION_CONTEXT(
'Core Data for Automotive Mechanical Design Process');
#10741=PRODUCT_CONTEXT('part definition',#10740,'mechanical');
#10742=PRODUCT('Hub','Hub',$,(#10741));
#10743=PRESENTATION_STYLE_ASSIGNMENT((#10745));
#10744=PRESENTATION_STYLE_ASSIGNMENT((#10746));
#10745=SURFACE_STYLE_USAGE(.BOTH.,#10747);
#10746=SURFACE_STYLE_USAGE(.BOTH.,#10748);
#10747=SURFACE_SIDE_STYLE('',(#10749));
#10748=SURFACE_SIDE_STYLE('',(#10750));
#10749=SURFACE_STYLE_FILL_AREA(#10751);
#10750=SURFACE_STYLE_FILL_AREA(#10752);
#10751=FILL_AREA_STYLE('Stahl - satiniert',(#10753));
#10752=FILL_AREA_STYLE('ABS (Wei\X\DF)',(#10754));
#10753=FILL_AREA_STYLE_COLOUR('Stahl - satiniert',#10755);
#10754=FILL_AREA_STYLE_COLOUR('ABS (Wei\X\DF)',#10756);
#10755=COLOUR_RGB('Stahl - satiniert',0.627450980392157,0.627450980392157,
0.627450980392157);
#10756=COLOUR_RGB('ABS (Wei\X\DF)',1.,0.682352941176471,0.235294117647059);
ENDSEC;
END-ISO-10303-21;
